event_type,horizon,symbol,orientation,year,count,event_count,available_count,session_count,mean_reversal_return,median_reversal_return,std_reversal_return,favorable_percentage,mean_continuation_return,median_continuation_return,mean_mfe,median_mfe,mean_mae,median_mae,bootstrap_reversal_mean_ci_low,bootstrap_reversal_mean_ci_high,bootstrap_grouped_by,bootstrap_seed
EVENT-01,15min,QQQ,long_reversal,2022,178,178,176,178,0.00021102476522028897,0.00036066965148617847,0.0032067857390409645,0.5227272727272727,-0.00021102476522028897,-0.00036066965148617847,0.0026409675864457675,0.00214395157085967,-0.0025294343303457743,-0.0021719584809590797,-0.00026581716831180883,0.0006832774780751362,session_date,17
EVENT-01,15min,QQQ,long_reversal,2023,169,169,167,169,8.57774371182941e-05,0.00015115786927877295,0.002258090055014016,0.5449101796407185,-8.57774371182941e-05,-0.00015115786927877295,0.001696943778018649,0.0012323027630967154,-0.0017344201368556847,-0.0014525031470901117,-0.00024533027652993766,0.00041170918913672474,session_date,17
EVENT-01,15min,QQQ,long_reversal,2024,168,168,166,168,2.024482786916939e-06,0.0001875329324760866,0.0019953237830358027,0.536144578313253,-2.024482786916939e-06,-0.0001875329324760866,0.0015230367108063545,0.0012783354534916525,-0.001722237848449581,-0.0013337539539664545,-0.00033386769997086,0.0003038955520043904,session_date,17
EVENT-01,15min,SPY,long_reversal,2022,185,185,184,185,-1.3108011929186706e-05,-0.00019391877196905938,0.00256344069750063,0.4673913043478261,1.3108011929186706e-05,0.00019391877196905938,0.0019212704580925653,0.0015576873767867427,-0.0019485413927311911,-0.0016866293703005075,-0.0003791659395310833,0.0003525861238932925,session_date,17
EVENT-01,15min,SPY,long_reversal,2023,181,181,178,181,8.795283426081999e-05,0.0001562520597778727,0.0015524427639461416,0.5337078651685393,-8.795283426081999e-05,-0.0001562520597778727,0.0012325952135655784,0.0009658693147895914,-0.001229266060751387,-0.0008609801507157289,-0.00011962402966988481,0.000297755685977991,session_date,17
EVENT-01,15min,SPY,long_reversal,2024,184,184,183,184,-2.370914690652537e-05,0.00013204152706025596,0.0013320619079543535,0.5519125683060109,2.370914690652537e-05,-0.00013204152706025596,0.0009692034416534016,0.0007690764395105187,-0.0011096663955589108,-0.0007861326205730323,-0.00020756417834102975,0.00015010452623034887,session_date,17
EVENT-01,30min,QQQ,long_reversal,2022,178,178,176,178,-6.191640116296736e-05,-9.667163485926888e-05,0.004690841242774176,0.48295454545454547,6.191640116296736e-05,9.667163485926888e-05,0.00369368980489212,0.002906135199794546,-0.0035102815735445006,-0.0027502052719728387,-0.0008011549322585399,0.0006358120535740865,session_date,17
EVENT-01,30min,QQQ,long_reversal,2023,169,169,165,169,-4.991528388431508e-05,2.5801790644264244e-05,0.0029979381331189975,0.503030303030303,4.991528388431508e-05,-2.5801790644264244e-05,0.0023531451952313906,0.0017082867436948312,-0.002323425515771542,-0.001886637683537029,-0.000505349364226907,0.0004375893573697122,session_date,17
EVENT-01,30min,QQQ,long_reversal,2024,168,168,166,168,-0.00013577007391526506,1.4823575106903686e-05,0.002914343418990647,0.5,0.00013577007391526506,-1.4823575106903686e-05,0.002046907416071897,0.0016015170114318522,-0.0024034938316878185,-0.0018822613671641286,-0.0006141942830111042,0.00026590589626010176,session_date,17
EVENT-01,30min,SPY,long_reversal,2022,185,185,183,185,3.0656539959940034e-05,0.0001995609658749231,0.0036932019304905905,0.5300546448087432,-3.0656539959940034e-05,-0.0001995609658749231,0.0027104912062346177,0.002086204979477202,-0.0026330087309329683,-0.001925854597977783,-0.000530525985664868,0.000533849768123343,session_date,17
EVENT-01,30min,SPY,long_reversal,2023,181,181,177,181,-8.949518133594e-05,-7.34773587208748e-05,0.0021275615851150337,0.4689265536723164,8.949518133594e-05,7.34773587208748e-05,0.0016349483085634868,0.0012286053211321146,-0.001692688959104518,-0.001302552693674519,-0.0004614955893496211,0.000184093890356582,session_date,17
EVENT-01,30min,SPY,long_reversal,2024,184,184,182,184,-0.00018571594201107316,4.075451989271617e-05,0.0019842708155998873,0.521978021978022,0.00018571594201107316,-4.075451989271617e-05,0.001300584329034139,0.0009813375884076825,-0.0015376618666137999,-0.0011153357059591196,-0.000449355387910866,0.000102075259958622,session_date,17
EVENT-01,5min,QQQ,long_reversal,2022,178,178,177,178,-0.00012134425144504715,-0.0002024906348081501,0.002108538905693549,0.4463276836158192,0.00012134425144504715,0.0002024906348081501,0.0014848136929798289,0.001189187238342715,-0.0015938874931591006,-0.0013203613620569321,-0.00041988800926241916,0.00016756526903173257,session_date,17
EVENT-01,5min,QQQ,long_reversal,2023,169,169,169,169,3.731791469230766e-05,-9.714632665458467e-05,0.0012957071740772998,0.47928994082840237,-3.731791469230766e-05,9.714632665458467e-05,0.000988005082052644,0.000782797029702964,-0.001033863752998263,-0.0008609623994240145,-0.0001636120897802249,0.0002537042113039931,session_date,17
EVENT-01,5min,QQQ,long_reversal,2024,168,168,167,168,-3.0191203821912215e-05,0.00016945897398246146,0.0013838837151972448,0.5389221556886228,3.0191203821912215e-05,-0.00016945897398246146,0.0009382016963261203,0.0007842905130444056,-0.001052098715950687,-0.0006981034207066417,-0.00023064475539262541,0.0001665704761340003,session_date,17
EVENT-01,5min,SPY,long_reversal,2022,185,185,185,185,-5.258055858742853e-05,5.6362796045483776e-05,0.0015020624532686567,0.518918918918919,5.258055858742853e-05,-5.6362796045483776e-05,0.0010715344820222755,0.0008989640981977853,-0.0011274196924212871,-0.000857835252739747,-0.0002492447495958377,0.00018819549328792228,session_date,17
EVENT-01,5min,SPY,long_reversal,2023,181,181,179,181,-2.6771388933601573e-06,8.890963447028e-06,0.0009631453343547399,0.5027932960893855,2.6771388933601573e-06,-8.890963447028e-06,0.0007149711043577524,0.0005519779208831288,-0.0007937335126348065,-0.0006309301366206332,-0.00013841000799545935,0.0001533416078122634,session_date,17
EVENT-01,5min,SPY,long_reversal,2024,184,184,184,184,1.058697909959873e-05,6.0292183123200616e-05,0.0008700757331638816,0.5543478260869565,-1.058697909959873e-05,-6.0292183123200616e-05,0.0006084365485819434,0.0005125018671722215,-0.0006368720513540813,-0.0004092732607531291,-0.00010665720838397341,0.00013934361200604276,session_date,17
EVENT-01,60min,QQQ,long_reversal,2022,178,178,175,178,0.0003269524649544949,2.7959514622866166e-05,0.00645968777184564,0.5028571428571429,-0.0003269524649544949,-2.7959514622866166e-05,0.005253103072040037,0.003983777769802188,-0.004781702154539753,-0.0039543901408992665,-0.0007373908855231475,0.0012441252695482047,session_date,17
EVENT-01,60min,QQQ,long_reversal,2023,169,169,162,169,-0.00014117503668054362,0.0001281846299517886,0.004005462499513547,0.5061728395061729,0.00014117503668054362,-0.0001281846299517886,0.0030662671964858993,0.002581383007771665,-0.0031855574844118057,-0.0025179463045794104,-0.0007458129073996682,0.0004295958709470041,session_date,17
EVENT-01,60min,QQQ,long_reversal,2024,168,168,165,168,-0.00026649659536858735,0.00041799880248993837,0.004064038885708705,0.5333333333333333,0.00026649659536858735,-0.00041799880248993837,0.002660530125700328,0.0021159630743698976,-0.0032547509070104544,-0.002398192132085142,-0.0008913339211320389,0.0002951352523562967,session_date,17
EVENT-01,60min,SPY,long_reversal,2022,185,185,182,185,0.0001303757218239041,-0.0003082715040130246,0.004727862259361923,0.45604395604395603,-0.0001303757218239041,0.0003082715040130246,0.0036597584214439994,0.0028614972647643677,-0.00358078990747747,-0.0029817971565983536,-0.0005873253178307405,0.000808142993396601,session_date,17
EVENT-01,60min,SPY,long_reversal,2023,181,181,173,181,-0.00021890302205681227,-0.0002707253681616395,0.0030469367195018423,0.4624277456647399,0.00021890302205681227,0.0002707253681616395,0.0021717673789146833,0.0016856812933025989,-0.002414247721797626,-0.0017737235525148165,-0.000670593039045016,0.0001969699579535058,session_date,17
EVENT-01,60min,SPY,long_reversal,2024,184,184,181,184,-0.0002382455042250528,0.00010589423013596111,0.0027494436523041407,0.5193370165745856,0.0002382455042250528,-0.00010589423013596111,0.0016888487320919675,0.0012768616370997243,-0.002115361562167476,-0.0013936578468995986,-0.0006554656716480364,0.0001985831774761433,session_date,17
EVENT-01,session_close,QQQ,long_reversal,2022,178,178,177,178,-0.0006162026558734247,-0.0009631031848826854,0.014187153391649984,0.4576271186440678,0.0006162026558734247,0.0009631031848826854,0.009961318182911467,0.006850812622986702,-0.010047132826623789,-0.007489106753812647,-0.0027444951980352726,0.0016683631580096288,session_date,17
EVENT-01,session_close,QQQ,long_reversal,2023,169,169,169,169,0.0004529259874556588,0.0009251169245001467,0.007669230108176503,0.5384615384615384,-0.0004529259874556588,-0.0009251169245001467,0.005778464350774684,0.004874926137482749,-0.00547315677423883,-0.004422857763065058,-0.0006449131866648793,0.0015892804323437927,session_date,17
EVENT-01,session_close,QQQ,long_reversal,2024,168,168,167,168,-0.00037586882763469007,0.0005490318192618027,0.0077670517889084235,0.5389221556886228,0.00037586882763469007,-0.0005490318192618027,0.004965991227805273,0.003898517351432096,-0.005923722388786998,-0.0042560953365355925,-0.0016292698425012901,0.0008400891959014719,session_date,17
EVENT-01,session_close,SPY,long_reversal,2022,185,185,185,185,-0.00037213594718991494,-0.0006312467122567833,0.011189939640660469,0.4540540540540541,0.00037213594718991494,0.0006312467122567833,0.0077237967841147295,0.0058905723444477864,-0.008033782712948035,-0.005734040492105019,-0.0020277642725038464,0.0012553033226875095,session_date,17
EVENT-01,session_close,SPY,long_reversal,2023,181,181,179,181,0.00026653328253978384,0.0004370428301974094,0.006205166569726033,0.5642458100558659,-0.00026653328253978384,-0.0004370428301974094,0.004462076661613473,0.0036684113989173817,-0.0044940924674786555,-0.0033753936071404533,-0.0006630343115547826,0.001116251129137606,session_date,17
EVENT-01,session_close,SPY,long_reversal,2024,184,184,184,184,-0.00010465121231368383,0.0002276690584619434,0.005493353059974404,0.5271739130434783,0.00010465121231368383,-0.0002276690584619434,0.0035513170610163122,0.00266446788998953,-0.0042886747707405835,-0.003072592807612462,-0.000967774660060605,0.000666597048192002,session_date,17
EVENT-02,15min,QQQ,long_reversal,2022,178,178,176,178,0.0002145791630022595,0.00036066965148617847,0.003209240552022287,0.5227272727272727,-0.0002145791630022595,-0.00036066965148617847,0.002648271957175745,0.00214395157085967,-0.0025230550165346683,-0.0021719584809590797,-0.00026208505064073977,0.0006866541559680083,session_date,17
EVENT-02,15min,QQQ,long_reversal,2023,169,169,167,169,6.894809221224764e-05,0.00014315079684945609,0.0022421876617303984,0.5389221556886228,-6.894809221224764e-05,-0.00014315079684945609,0.0016855470743884424,0.0012323027630967154,-0.001730404173636791,-0.0014525031470901117,-0.00026941033131521044,0.0004215599854085193,session_date,17
EVENT-02,15min,QQQ,long_reversal,2024,168,168,166,168,1.6536582016650463e-05,0.00021287379007861595,0.0020081721963830365,0.536144578313253,-1.6536582016650463e-05,-0.00021287379007861595,0.001532838084639047,0.0012925393599350077,-0.0017167682272249067,-0.0013337539539664545,-0.0003219437741397208,0.00032994852636940314,session_date,17
EVENT-02,15min,SPY,long_reversal,2022,185,185,184,185,-1.3108011929186706e-05,-0.00019391877196905938,0.00256344069750063,0.4673913043478261,1.3108011929186706e-05,0.00019391877196905938,0.0019212704580925653,0.0015576873767867427,-0.0019485413927311911,-0.0016866293703005075,-0.0003791659395310833,0.0003525861238932925,session_date,17
EVENT-02,15min,SPY,long_reversal,2023,180,180,177,180,8.735441358465423e-05,0.0001121252214473234,0.0015577675852592515,0.5310734463276836,-8.735441358465423e-05,-0.0001121252214473234,0.0012402375190364936,0.0009733453129678882,-0.0012328365827329265,-0.0008729292488297569,-0.00013540535054557765,0.0003135882462448898,session_date,17
EVENT-02,15min,SPY,long_reversal,2024,183,183,182,183,-3.955797334321209e-05,0.00014511122324345482,0.001344042216108339,0.554945054945055,3.955797334321209e-05,-0.00014511122324345482,0.0009511381235741488,0.0007462819171141222,-0.001124475159082774,-0.000798656952308574,-0.0002333720627508132,0.00015324493731927731,session_date,17
EVENT-02,30min,QQQ,long_reversal,2022,178,178,176,178,-4.985130708351178e-05,-9.667163485926888e-05,0.004698520489108908,0.48295454545454547,4.985130708351178e-05,9.667163485926888e-05,0.0037018071458557998,0.002911677839336768,-0.0035039022597333947,-0.0027502052719728387,-0.0008011549322585399,0.00065214763608027,session_date,17
EVENT-02,30min,QQQ,long_reversal,2023,169,169,165,169,-3.0974835779196467e-05,5.4561326931379384e-05,0.0030036120278253923,0.509090909090909,3.0974835779196467e-05,-5.4561326931379384e-05,0.0023425569881569464,0.0017082867436948312,-0.0023134062784915693,-0.001886637683537029,-0.0005035390587042875,0.0004484705211414158,session_date,17
EVENT-02,30min,QQQ,long_reversal,2024,168,168,166,168,-0.00013932966568761275,1.4823575106903686e-05,0.002909437206291951,0.5,0.00013932966568761275,-1.4823575106903686e-05,0.0020455008220736353,0.0016015170114318522,-0.002398024210463144,-0.0018822613671641286,-0.0006176180295478899,0.0002614535391561733,session_date,17
EVENT-02,30min,SPY,long_reversal,2022,185,185,183,185,3.0656539959940034e-05,0.0001995609658749231,0.0036932019304905905,0.5300546448087432,-3.0656539959940034e-05,-0.0001995609658749231,0.0027104912062346177,0.002086204979477202,-0.0026330087309329683,-0.001925854597977783,-0.000530525985664868,0.000533849768123343,session_date,17
EVENT-02,30min,SPY,long_reversal,2023,180,180,176,180,-8.442491674456624e-05,-8.88739065542099e-05,0.002135142574399505,0.4715909090909091,8.442491674456624e-05,8.88739065542099e-05,0.0016420784499545636,0.0012590319364673697,-0.0016989128527925045,-0.001314267483692566,-0.0003711871819646734,0.0002116706383831064,session_date,17
EVENT-02,30min,SPY,long_reversal,2024,183,183,181,183,-0.000211745344153556,3.3927632360208904e-05,0.0019956413287383207,0.5193370165745856,0.000211745344153556,-3.3927632360208904e-05,0.0012896259004738007,0.0009764994065319943,-0.0015549305163233486,-0.001110328187389209,-0.0005341458972009422,7.478612682267874e-05,session_date,17
EVENT-02,5min,QQQ,long_reversal,2022,178,178,177,178,-0.0001087476995359744,-0.0002024906348081501,0.002119113552203772,0.4463276836158192,0.0001087476995359744,0.0002024906348081501,0.0014951958615447877,0.00119081986143188,-0.001593988382510058,-0.0013203613620569321,-0.0004100256407196446,0.00017762593742846802,session_date,17
EVENT-02,5min,QQQ,long_reversal,2023,169,169,169,169,4.1560852337796644e-05,-9.714632665458467e-05,0.0012910905084261724,0.47928994082840237,-4.1560852337796644e-05,9.714632665458467e-05,0.0009758661593984239,0.0007823792284946673,-0.0010374678436487852,-0.0008609623994240145,-0.00015604047947221202,0.00025778662679164764,session_date,17
EVENT-02,5min,QQQ,long_reversal,2024,168,168,167,168,-1.8916587430520286e-05,0.00017507002801120386,0.0013870552757023738,0.5449101796407185,1.8916587430520286e-05,-0.00017507002801120386,0.0009439061289859935,0.0007998400319937371,-0.0010473599627859832,-0.0006852287521984524,-0.00021777783569701224,0.00017476492284157372,session_date,17
EVENT-02,5min,SPY,long_reversal,2022,185,185,185,185,-5.258055858742853e-05,5.6362796045483776e-05,0.0015020624532686567,0.518918918918919,5.258055858742853e-05,-5.6362796045483776e-05,0.0010715344820222755,0.0008989640981977853,-0.0011274196924212871,-0.000857835252739747,-0.0002492447495958377,0.00018819549328792228,session_date,17
EVENT-02,5min,SPY,long_reversal,2023,180,180,178,180,1.4455612856035568e-06,4.445481723514e-06,0.0009677277899568182,0.5,-1.4455612856035568e-06,-4.445481723514e-06,0.0007220464998087654,0.0005600967507463084,-0.0007923375460990305,-0.0006212754658638242,-0.00014179555452109,0.0001420522222976657,session_date,17
EVENT-02,5min,SPY,long_reversal,2024,183,183,183,183,-1.2554102432609226e-05,5.4917897742923216e-05,0.0008689577686987321,0.546448087431694,1.2554102432609226e-05,-5.4917897742923216e-05,0.0005951997517944677,0.0005023412691291806,-0.0006453281913710061,-0.00041329633347120254,-0.00013761371491461327,9.927977517983685e-05,session_date,17
EVENT-02,60min,QQQ,long_reversal,2022,178,178,175,178,0.00033318365607232957,2.7959514622866166e-05,0.006463180423937415,0.5028571428571429,-0.00033318365607232957,-2.7959514622866166e-05,0.005256890870217778,0.003983777769802188,-0.00477528638750687,-0.0039543901408992665,-0.000731159694405313,0.0012503564606660392,session_date,17
EVENT-02,60min,QQQ,long_reversal,2023,169,169,162,169,-9.920248151876781e-05,0.00023078734010484325,0.004021448517397005,0.5123456790123457,9.920248151876781e-05,-0.00023078734010484325,0.0030685746730422098,0.0025887334754044478,-0.0031615264488617737,-0.0025020325896966678,-0.0007177587878854731,0.00048581035379209673,session_date,17
EVENT-02,60min,QQQ,long_reversal,2024,168,168,165,168,-0.00026569111419008623,0.00041799880248993837,0.004061830127916866,0.5333333333333333,0.00026569111419008623,-0.00041799880248993837,0.0026612186783199856,0.0021159630743698976,-0.0032492481365662368,-0.002398192132085142,-0.0008945060907895722,0.000295733503178108,session_date,17
EVENT-02,60min,SPY,long_reversal,2022,185,185,182,185,0.0001303757218239041,-0.0003082715040130246,0.004727862259361923,0.45604395604395603,-0.0001303757218239041,0.0003082715040130246,0.0036597584214439994,0.0028614972647643677,-0.00358078990747747,-0.0029817971565983536,-0.0005873253178307405,0.000808142993396601,session_date,17
EVENT-02,60min,SPY,long_reversal,2023,180,180,172,180,-0.00021559513563831965,-0.00019438427474077757,0.0030565608463325074,0.46511627906976744,0.00021559513563831965,0.00019438427474077757,0.0021867094873816145,0.0016930390262732686,-0.002424300405655034,-0.0017778662923076394,-0.0006750188089993682,0.00021886577328755232,session_date,17
EVENT-02,60min,SPY,long_reversal,2024,183,183,180,183,-0.0002656111840264276,0.00010532531251417065,0.002718739225894754,0.5166666666666667,0.0002656111840264276,-0.00010532531251417065,0.0016719249388972772,0.0012708752061981743,-0.002130644304675088,-0.0014376275126298799,-0.0006410385510350074,0.00013657184854788218,session_date,17
EVENT-02,session_close,QQQ,long_reversal,2022,178,178,177,178,-0.0006123036480624937,-0.0009631031848826854,0.014200091714503904,0.4576271186440678,0.0006123036480624937,0.0009631031848826854,0.009965217589366778,0.006850812622986702,-0.01004341254437709,-0.007489106753812647,-0.0027444951980352726,0.0016742743824675003,session_date,17
EVENT-02,session_close,QQQ,long_reversal,2023,169,169,169,169,0.0004760037024246782,0.0009251169245001467,0.0076641827147691825,0.5384615384615384,-0.0004760037024246782,-0.0009251169245001467,0.005783416296851902,0.004874926137482749,-0.005450212658231408,-0.004422857763065058,-0.0006292904482396749,0.0016160106815937493,session_date,17
EVENT-02,session_close,QQQ,long_reversal,2024,168,168,167,168,-0.0003662710682875049,0.0005621261860861981,0.0077692314340407275,0.5389221556886228,0.0003662710682875049,-0.0005621261860861981,0.004966671534285773,0.003898517351432096,-0.005914150303272329,-0.0042560953365355925,-0.0016247233373023905,0.0008468196893544101,session_date,17
EVENT-02,session_close,SPY,long_reversal,2022,185,185,185,185,-0.00037213594718991494,-0.0006312467122567833,0.011189939640660469,0.4540540540540541,0.00037213594718991494,0.0006312467122567833,0.0077237967841147295,0.0058905723444477864,-0.008033782712948035,-0.005734040492105019,-0.0020277642725038464,0.0012553033226875095,session_date,17
EVENT-02,session_close,SPY,long_reversal,2023,180,180,178,180,0.00026565819144873024,0.00043520613882563897,0.006223910588611073,0.5617977528089888,-0.00026565819144873024,-0.00043520613882563897,0.004483899526874609,0.003685768077142604,-0.0045162890330010695,-0.0034218301166509257,-0.0006354008453683467,0.001209490478493228,session_date,17
EVENT-02,session_close,SPY,long_reversal,2024,183,183,183,183,-7.85376637020899e-05,0.00030567952558535616,0.005514183559829535,0.5300546448087432,7.85376637020899e-05,-0.00030567952558535616,0.0035630412400005605,0.0027411536011927584,-0.004273773766892285,-0.002979125144235706,-0.0009020842246723294,0.0006285628970437793,session_date,17
EVENT-03,15min,QQQ,short_reversal,2022,173,173,172,173,-7.638124146926323e-05,1.6956620101982178e-05,0.003626045470991883,0.5,7.638124146926323e-05,-1.6956620101982178e-05,0.00247672068824373,0.0018422410696857794,0.00263673724653156,0.0019904203327872905,-0.0005610325559677663,0.00044975006535593313,session_date,17
EVENT-03,15min,QQQ,short_reversal,2023,176,176,173,176,1.8662146932368062e-05,-0.00015823889271948666,0.00210108938389594,0.4508670520231214,-1.8662146932368062e-05,0.00015823889271948666,0.00174101694649572,0.001303954441428612,0.001633264376521992,0.001249873323649453,-0.0002949154836789382,0.00031421608056739946,session_date,17
EVENT-03,15min,QQQ,short_reversal,2024,182,182,177,182,-6.605514273259776e-05,-2.073097414845293e-05,0.001697443619356955,0.4858757062146893,6.605514273259776e-05,2.073097414845293e-05,0.0014104941361290017,0.0009604572713644011,0.001268503473845788,0.0009481741865360327,-0.00033087540570962085,0.00017721469839780552,session_date,17
EVENT-03,15min,SPY,short_reversal,2022,180,180,179,180,0.00010394353123746049,-7.933138170690412e-05,0.0025646975062703936,0.4860335195530726,-0.00010394353123746049,7.933138170690412e-05,0.001985157458433556,0.00147906359973482,0.0017427641318668327,0.0012357827768497698,-0.0002754142660549501,0.000496988425770056,session_date,17
EVENT-03,15min,SPY,short_reversal,2023,197,197,194,197,4.012210415057287e-05,-6.656600570942306e-05,0.0015039940449300955,0.4896907216494845,-4.012210415057287e-05,6.656600570942306e-05,0.0011594302168725843,0.0008134751327207868,0.001055440744309578,0.0007985045525607526,-0.00016297342120954802,0.00024334694718687215,session_date,17
EVENT-03,15min,SPY,short_reversal,2024,199,199,193,199,-2.8903101347678477e-05,-5.7317695610459296e-05,0.0010907016034316294,0.47150259067357514,2.8903101347678477e-05,5.7317695610459296e-05,0.0009224787197031736,0.0006313023597057654,0.0008033416798197063,0.0006422396047756074,-0.0001799328772823727,0.0001116765421131417,session_date,17
EVENT-03,30min,QQQ,short_reversal,2022,173,173,171,173,9.854220937580554e-05,-0.0001564210855624637,0.005086904759111552,0.49122807017543857,-9.854220937580554e-05,0.0001564210855624637,0.00368648488786061,0.0027762730227518517,0.0035663605488001748,0.002850030664886982,-0.0006136208490131863,0.0008243743217227573,session_date,17
EVENT-03,30min,QQQ,short_reversal,2023,176,176,173,176,0.0002030454380927175,-0.0002581444576386094,0.00309500753836488,0.4508670520231214,-0.0002030454380927175,0.0002581444576386094,0.0025465100379302896,0.0018968740177887078,0.0021797006479024536,0.0018453279651066135,-0.00029256258857596407,0.000648652318220008,session_date,17
EVENT-03,30min,QQQ,short_reversal,2024,182,182,176,182,-0.00021031269051984244,-0.0002676946485734577,0.0024560521328180814,0.45454545454545453,0.00021031269051984244,0.0002676946485734577,0.00192328270520519,0.0013133990272297114,0.0018099588835348802,0.0012944946659106393,-0.0005884207975101749,0.00010066172699910008,session_date,17
EVENT-03,30min,SPY,short_reversal,2022,180,180,176,180,-1.5343373933379573e-05,-7.177942062763787e-05,0.003692885580061795,0.48863636363636365,1.5343373933379573e-05,7.177942062763787e-05,0.0026983335692679065,0.0019477234530219656,0.002537041257321902,0.0020123258053824644,-0.0005177619624526412,0.0005218048875976055,session_date,17
EVENT-03,30min,SPY,short_reversal,2023,197,197,193,197,9.562900500636327e-05,3.744710596276235e-05,0.0022745617505197818,0.5025906735751295,-9.562900500636327e-05,-3.744710596276235e-05,0.0016702453267523583,0.001232332377647083,0.0014750823004358274,0.0010406979318896559,-0.00021292892523365207,0.00040334035971556216,session_date,17
EVENT-03,30min,SPY,short_reversal,2024,199,199,191,199,-0.00016971400847109495,-0.00018255188316684823,0.0015798716975369926,0.4031413612565445,0.00016971400847109495,0.00018255188316684823,0.0012418699011134638,0.0008655263428511972,0.0012780993589862888,0.0009746942968332784,-0.00039197624233957526,4.0804826930462586e-05,session_date,17
EVENT-03,5min,QQQ,short_reversal,2022,173,173,173,173,-0.00013826140332114028,-0.00012643461900263553,0.0020368705195626877,0.48554913294797686,0.00013826140332114028,0.00012643461900263553,0.0014576623820324007,0.0011042751222589686,0.0016008560415751564,0.0012574549112595035,-0.0004529060120917609,0.0001789297060248225,session_date,17
EVENT-03,5min,QQQ,short_reversal,2023,176,176,176,176,7.873795795251762e-05,1.3488723427212967e-05,0.0012699290073512305,0.5,-7.873795795251762e-05,-1.3488723427212967e-05,0.0009947887193226244,0.0007341573819508174,0.0009429181590646191,0.0008068994572955623,-0.00010935353408098741,0.00028096625183045125,session_date,17
EVENT-03,5min,QQQ,short_reversal,2024,182,182,180,182,2.9849549015180543e-07,9.70459221300013e-06,0.0011234663094212883,0.5,-2.9849549015180543e-07,-9.70459221300013e-06,0.0008184486483605462,0.0006140479353712314,0.0008183888692358938,0.0006250805596603182,-0.00014937265681209318,0.00017368623721689515,session_date,17
EVENT-03,5min,SPY,short_reversal,2022,180,180,180,180,1.795285811777816e-05,6.133703064198359e-05,0.001564757141503673,0.5111111111111111,-1.795285811777816e-05,-6.133703064198359e-05,0.0011052108930664976,0.0008674526964094209,0.0010816910801516471,0.0008162928350504139,-0.00022484386649765964,0.0002506177084462833,session_date,17
EVENT-03,5min,SPY,short_reversal,2023,197,197,196,197,4.522754450168156e-05,-1.1627753214393799e-05,0.0008728632433133384,0.47959183673469385,-4.522754450168156e-05,1.1627753214393799e-05,0.0006703078085715859,0.00042875033817046937,0.0006541903196540975,0.0004921554481715495,-5.9173883349715685e-05,0.0001742043002597725,session_date,17
EVENT-03,5min,SPY,short_reversal,2024,199,199,197,199,2.5954496564810198e-05,9.358564021955118e-06,0.0007592086336809867,0.5126903553299492,-2.5954496564810198e-05,-9.358564021955118e-06,0.0005649563330260241,0.0003958922178255442,0.0005013957842188837,0.00037916828923367785,-7.433329542924453e-05,0.00013271984941492382,session_date,17
EVENT-03,60min,QQQ,short_reversal,2022,173,173,167,173,7.334097807209596e-05,-0.00027671873078327636,0.0067297260595807415,0.46706586826347307,-7.334097807209596e-05,0.00027671873078327636,0.00494962168177505,0.0033234316637746897,0.0045372648774038545,0.003688776555775597,-0.0009633799605200697,0.0009723749403170512,session_date,17
EVENT-03,60min,QQQ,short_reversal,2023,176,176,170,176,-0.00024318361422690112,-0.0005780474604590857,0.004050072089850047,0.4470588235294118,0.00024318361422690112,0.0005780474604590857,0.003311004947716741,0.0024106301484562165,0.0030109684546003857,0.0024380942365047065,-0.0009224012540075467,0.00038659107694074207,session_date,17
EVENT-03,60min,QQQ,short_reversal,2024,182,182,176,182,-0.0004340378725159662,-0.0006045841395306839,0.0034231837681133006,0.42045454545454547,0.0004340378725159662,0.0006045841395306839,0.0024963488413391574,0.001802437755701547,0.002536454330766018,0.0021107072232960933,-0.0009096602415804109,0.00010959001265931178,session_date,17
EVENT-03,60min,SPY,short_reversal,2022,180,180,175,180,-9.652729816473027e-05,-0.00023857338004207307,0.00479950361405278,0.4857142857142857,9.652729816473027e-05,0.00023857338004207307,0.0036486545190314397,0.002567613830879889,0.0033095658160386047,0.0026826685492410407,-0.0007649503645254117,0.00065930696828365,session_date,17
EVENT-03,60min,SPY,short_reversal,2023,197,197,191,197,-2.7652598571850782e-05,-7.15910451334345e-05,0.00301198142171945,0.4869109947643979,2.7652598571850782e-05,7.15910451334345e-05,0.002337872856544934,0.0016379291263639573,0.0020435841302859237,0.001494396014944055,-0.0004375105153625335,0.00040307661075522546,session_date,17
EVENT-03,60min,SPY,short_reversal,2024,199,199,187,199,-0.00025547084472928093,-0.0002824592787875613,0.0024102262819554743,0.4385026737967914,0.00025547084472928093,0.0002824592787875613,0.0016848142718574536,0.0011767834157265789,0.0018183668959264494,0.0013623462630085736,-0.0005682170800633369,5.695467388331646e-05,session_date,17
EVENT-03,session_close,QQQ,short_reversal,2022,173,173,173,173,-0.0005636072154732016,-0.0018090121697182937,0.013853333112056616,0.4393063583815029,0.0005636072154732016,0.0018090121697182937,0.009986339299288834,0.007422449408304832,0.008827393282103826,0.007210663198959799,-0.002561500677517235,0.0015004548962665395,session_date,17
EVENT-03,session_close,QQQ,short_reversal,2023,176,176,176,176,-0.001237585706621691,-0.0015527807655973946,0.008014586243432488,0.375,0.001237585706621691,0.0015527807655973946,0.005746476770312048,0.004357503876529889,0.0062384221909697534,0.004586025230899515,-0.002382586719100402,0.00013925751677970014,session_date,17
EVENT-03,session_close,QQQ,short_reversal,2024,182,182,180,182,-0.0005362400889088002,-0.0005831183915946392,0.006462026437900233,0.42777777777777776,0.0005362400889088002,0.0005831183915946392,0.00448628104932358,0.0031838589222834557,0.004808168055644547,0.003945137208562377,-0.0014371748444204418,0.00028558085618114076,session_date,17
EVENT-03,session_close,SPY,short_reversal,2022,180,180,180,180,-0.0005200441807267876,-0.001138160707691127,0.010752587743493818,0.4388888888888889,0.0005200441807267876,0.001138160707691127,0.007779025107672039,0.005601372559627005,0.00680341520693775,0.005581631426200162,-0.001965773933970297,0.0009612356935399311,session_date,17
EVENT-03,session_close,SPY,short_reversal,2023,197,197,196,197,-0.0005821889666972035,-0.0006721181974631563,0.006028344559997688,0.41836734693877553,0.0005821889666972035,0.0006721181974631563,0.004201408662051942,0.0029139796442495536,0.004305528121077477,0.003352990707366943,-0.001425366700914886,0.00025602762101178055,session_date,17
EVENT-03,session_close,SPY,short_reversal,2024,199,199,197,199,-0.00016199317766151452,-0.0005445379332151834,0.005248852007153811,0.4416243654822335,0.00016199317766151452,0.0005445379332151834,0.0036209753735651127,0.002478810171117951,0.003601739573572546,0.0028492253973584347,-0.0008490276603582213,0.0005440037259467662,session_date,17
EVENT-04,15min,QQQ,short_reversal,2022,173,173,172,173,-6.432829412016472e-05,1.6956620101982178e-05,0.0035936234673625365,0.5,6.432829412016472e-05,-1.6956620101982178e-05,0.002469703257770713,0.0018422410696857794,0.002639141298757376,0.0019904203327872905,-0.0005535435561348824,0.0004584543112913688,session_date,17
EVENT-04,15min,QQQ,short_reversal,2023,176,176,173,176,1.4619514575849413e-05,-0.00015823889271948666,0.0021009657835049703,0.44508670520231214,-1.4619514575849413e-05,0.00015823889271948666,0.0017302314550578818,0.001296124851210223,0.0016373418153154949,0.001249873323649453,-0.00029683573404828457,0.0003074119062201885,session_date,17
EVENT-04,15min,QQQ,short_reversal,2024,182,182,177,182,-6.824767129666006e-05,-2.099076406381073e-05,0.0016975815099619475,0.480225988700565,6.824767129666006e-05,2.099076406381073e-05,0.00141312408952736,0.0009604572713644011,0.001269577922592097,0.0009481741865360327,-0.00033472722603178974,0.0001768584850793684,session_date,17
EVENT-04,15min,SPY,short_reversal,2022,178,178,177,178,6.537150533947322e-05,-0.00012654063219708078,0.002563866910994744,0.4689265536723164,-6.537150533947322e-05,0.00012654063219708078,0.0019650721770037016,0.0014469944700679083,0.0017629187916936467,0.0012583846717804104,-0.0003409634300350538,0.00045194574577961307,session_date,17
EVENT-04,15min,SPY,short_reversal,2023,196,196,193,196,3.1885627708334134e-05,-0.00013155298296396722,0.0015057392801948101,0.48186528497409326,-3.1885627708334134e-05,0.00013155298296396722,0.001159023175016425,0.0008037228818855713,0.0010566308235060733,0.0007840629374005204,-0.00018475511202028017,0.00024363345441931862,session_date,17
EVENT-04,15min,SPY,short_reversal,2024,199,199,193,199,-2.3845511649614616e-05,-9.17751142615053e-06,0.0010903729299321055,0.48186528497409326,2.3845511649614616e-05,9.17751142615053e-06,0.0009257869705597171,0.0006313023597057654,0.0007991467614917147,0.0006405364127183288,-0.00017540762457155345,0.00011348658409626679,session_date,17
EVENT-04,30min,QQQ,short_reversal,2022,173,173,171,173,8.735166626323332e-05,-0.0001564210855624637,0.005097533299549455,0.49122807017543857,-8.735166626323332e-05,0.0001564210855624637,0.0036767978002725417,0.0027762730227518517,0.0035648802945541422,0.002850030664886982,-0.000621453239772641,0.0008097791617736642,session_date,17
EVENT-04,30min,QQQ,short_reversal,2023,176,176,173,176,0.00019630747580190967,-0.0002780499430659056,0.003096657202444074,0.44508670520231214,-0.00019630747580190967,0.0002780499430659056,0.002538724883639242,0.0017547280171574808,0.0021863781227964793,0.0018453279651066135,-0.0002927505852960428,0.0006423687153215324,session_date,17
EVENT-04,30min,QQQ,short_reversal,2024,182,182,176,182,-0.00020594444406523492,-0.0002676946485734577,0.002453084363917467,0.45454545454545453,0.00020594444406523492,0.0002676946485734577,0.0019259276015205842,0.0013133990272297114,0.0018097057029570283,0.0012944946659106393,-0.0005863458804442362,0.00010705278389783337,session_date,17
EVENT-04,30min,SPY,short_reversal,2022,178,178,174,178,-6.978334557307987e-05,-0.00012169898431735326,0.0036968742200122473,0.4827586206896552,6.978334557307987e-05,0.00012169898431735326,0.0026688382300399547,0.001872884912563988,0.0025792514352680944,0.0020797138222677924,-0.0005751335820630559,0.0005036440901395294,session_date,17
EVENT-04,30min,SPY,short_reversal,2023,196,196,192,196,7.527493960829354e-05,-7.72417728784891e-05,0.0022795466962435965,0.4895833333333333,-7.527493960829354e-05,7.72417728784891e-05,0.0016658581093093629,0.001219636138870328,0.0014888011242682308,0.0010498534482618616,-0.0002551914706806182,0.00039621948610780186,session_date,17
EVENT-04,30min,SPY,short_reversal,2024,199,199,191,199,-0.00016995463051932677,-0.00018255188316684823,0.0015790093362155718,0.4083769633507853,0.00016995463051932677,0.00018255188316684823,0.001245648026186208,0.0008754182553887269,0.0012741865540955417,0.0009746942968332784,-0.00039126886931144776,4.1273036706287596e-05,session_date,17
EVENT-04,5min,QQQ,short_reversal,2022,173,173,173,173,-0.00017471953245041014,-0.00012643461900263553,0.0020988144226656387,0.4797687861271676,0.00017471953245041014,0.00012643461900263553,0.0014489435198020764,0.0010803413878786028,0.0016314555749275606,0.0012574549112595035,-0.0005155924422446095,0.00014595157645557727,session_date,17
EVENT-04,5min,QQQ,short_reversal,2023,176,176,176,176,6.852245368511615e-05,1.3488723427212967e-05,0.0012647657421418046,0.5,-6.852245368511615e-05,-1.3488723427212967e-05,0.0009857001560691888,0.0007187632798271171,0.000946695879988341,0.0008279026045324711,-0.00011837712065082684,0.0002631801673068701,session_date,17
EVENT-04,5min,QQQ,short_reversal,2024,182,182,180,182,4.466095733838641e-06,2.1067706800992347e-05,0.0011232843095373018,0.5055555555555555,-4.466095733838641e-06,-2.1067706800992347e-05,0.0008202718071643763,0.0006156754874085957,0.0008140108624108053,0.0006050589664106654,-0.00014466261389644336,0.00018247202692700485,session_date,17
EVENT-04,5min,SPY,short_reversal,2022,178,178,178,178,-1.6099069131567267e-06,-3.164587751636194e-05,0.0015694856885464892,0.4943820224719101,1.6099069131567267e-06,3.164587751636194e-05,0.0010970217020082444,0.0008324855371971696,0.0010918355669641128,0.0008214851736411122,-0.00023873678978244975,0.00021575944837805934,session_date,17
EVENT-04,5min,SPY,short_reversal,2023,196,196,195,196,5.110696465990884e-05,-1.1077018509775272e-05,0.0008734075232106648,0.48205128205128206,-5.110696465990884e-05,1.1077018509775272e-05,0.0006727315357410586,0.00042804985521849304,0.0006553039111526328,0.0004967709885743687,-5.192425959187887e-05,0.00019266943407576158,session_date,17
EVENT-04,5min,SPY,short_reversal,2024,199,199,197,199,3.143217729260546e-05,1.6564244421979346e-05,0.000760111966090453,0.5228426395939086,-3.143217729260546e-05,-1.6564244421979346e-05,0.0005718632379562753,0.00040356605642588583,0.0004961980399141948,0.00037623830136712666,-6.97572618245737e-05,0.00013742061813784134,session_date,17
EVENT-04,60min,QQQ,short_reversal,2022,173,173,167,173,8.777978587737057e-05,-0.00027671873078327636,0.006718186077856863,0.46706586826347307,-8.777978587737057e-05,0.00027671873078327636,0.004939702568136969,0.0033234316637746897,0.004525951404529341,0.003688776555775597,-0.0009541945263234846,0.0009891341056250148,session_date,17
EVENT-04,60min,QQQ,short_reversal,2023,176,176,170,176,-0.00024375620411796586,-0.0005490084872934453,0.0040506878844945885,0.4470588235294118,0.00024375620411796586,0.0005490084872934453,0.0033030824083499686,0.0024106301484562165,0.0030171542334783757,0.0024692920433198595,-0.0009221918132137373,0.00038466643139758034,session_date,17
EVENT-04,60min,QQQ,short_reversal,2024,182,182,176,182,-0.00042912430677181354,-0.0006045841395306839,0.0034188709399399567,0.42045454545454547,0.00042912430677181354,0.0006045841395306839,0.0024989937376545517,0.001802437755701547,0.0025367942754955398,0.0021107072232960933,-0.0009094279097447501,0.00012355642293178278,session_date,17
EVENT-04,60min,SPY,short_reversal,2022,178,178,172,178,-0.00014179379309954264,-0.0002789194160617292,0.004815982445682734,0.47674418604651164,0.00014179379309954264,0.0002789194160617292,0.0036175960963870965,0.002531925349923636,0.003363031995649689,0.0027355921869444133,-0.0008384915101442616,0.0005848738807119761,session_date,17
EVENT-04,60min,SPY,short_reversal,2023,196,196,190,196,-5.098789614688068e-05,-7.038961850769354e-05,0.002986607533042647,0.48947368421052634,5.098789614688068e-05,7.038961850769354e-05,0.0023199130765229445,0.0016409298811010942,0.002051350020596942,0.0015031588297715892,-0.00045192099077652676,0.0003752231223045136,session_date,17
EVENT-04,60min,SPY,short_reversal,2024,199,199,187,199,-0.0002305950919485131,-0.0002824592787875613,0.002432573488799912,0.4385026737967914,0.0002305950919485131,0.0002824592787875613,0.0017128894416743132,0.0012099743976432542,0.0018115289780946094,0.0013623462630085736,-0.0005503816510068413,8.815641443543474e-05,session_date,17
EVENT-04,session_close,QQQ,short_reversal,2022,173,173,173,173,-0.0005413634300788344,-0.0018090121697182937,0.013843656966761264,0.4393063583815029,0.0005413634300788344,0.0018090121697182937,0.009983980126330743,0.007422449408304832,0.008805591045439293,0.007210663198959799,-0.0025289216699403046,0.0015275734987053044,session_date,17
EVENT-04,session_close,QQQ,short_reversal,2023,176,176,176,176,-0.0012346553441002835,-0.0015527807655973946,0.008013764298198346,0.375,0.0012346553441002835,0.0015527807655973946,0.005738824317514598,0.004357503876529889,0.0062355189696856545,0.004586025230899515,-0.0023805293368134063,0.0001443243564299996,session_date,17
EVENT-04,session_close,QQQ,short_reversal,2024,182,182,180,182,-0.0005331892303596171,-0.0005831183915946392,0.0064592391648167005,0.42777777777777776,0.0005331892303596171,0.0005831183915946392,0.004489318084134197,0.0031838589222834557,0.004805162756921605,0.003945137208562377,-0.0014317942777974748,0.00028718255691946186,session_date,17
EVENT-04,session_close,SPY,short_reversal,2022,178,178,178,178,-0.0006194496731254509,-0.0012898751925218832,0.010759875564912149,0.43258426966292135,0.0006194496731254509,0.0012898751925218832,0.0076954540718065815,0.005462945903975558,0.006868204490158442,0.005581631426200162,-0.0022872303941938424,0.0010004811628202992,session_date,17
EVENT-04,session_close,SPY,short_reversal,2023,196,196,195,196,-0.0005946662949635924,-0.0006244006868407759,0.0060227204246371185,0.4153846153846154,0.0005946662949635924,0.0006244006868407759,0.004194572108512438,0.00295027877123899,0.004313529074559094,0.0033558589619822055,-0.0013867896755291305,0.00033135280474919847,session_date,17
EVENT-04,session_close,SPY,short_reversal,2024,199,199,197,199,-0.00015612627261508768,-0.0005445379332151834,0.005254775266895849,0.4416243654822335,0.00015612627261508768,0.0005445379332151834,0.0036269124728209798,0.002478810171117951,0.0035952508743927677,0.0028492253973584347,-0.0008419522046405615,0.0005550258356415819,session_date,17
EVENT-05,15min,QQQ,long_reversal,2022,100,100,100,100,-0.00014176386184477585,0.00010628876590612624,0.003213579912763355,0.52,0.00014176386184477585,-0.00010628876590612624,0.0023626195315457053,0.0017436189296313742,-0.002336067747124215,-0.0017709813118658713,-0.000672850727045519,0.0004620863875718566,session_date,17
EVENT-05,15min,QQQ,long_reversal,2023,107,107,103,107,5.289212408192776e-05,0.00038328861632819233,0.002119360772635873,0.6116504854368932,-5.289212408192776e-05,-0.00038328861632819233,0.0014072734950847958,0.0010924421467257694,-0.0013440936682387941,-0.0008514187530135331,-0.00038450204347417435,0.000422457733584125,session_date,17
EVENT-05,15min,QQQ,long_reversal,2024,105,105,102,105,-0.00022761031546304032,-9.74430932332293e-06,0.0017077149824621263,0.49019607843137253,0.00022761031546304032,9.74430932332293e-06,0.000995826642213065,0.0007910836327089665,-0.0014373507194990393,-0.0010031639674694115,-0.0005609617177011264,9.29644321352018e-05,session_date,17
EVENT-05,15min,SPY,long_reversal,2022,109,109,108,109,0.00016208255358848226,0.00019792552788200357,0.0022975499768005106,0.5370370370370371,-0.00016208255358848226,-0.00019792552788200357,0.0018304885898600398,0.0015730180007661465,-0.0015543583930649136,-0.0011738349752413724,-0.0002717189769332056,0.0005657383569356748,session_date,17
EVENT-05,15min,SPY,long_reversal,2023,115,115,111,115,0.0001298495268591161,0.000285355200969617,0.0011974035927115496,0.6306306306306306,-0.0001298495268591161,-0.000285355200969617,0.0010042444148595216,0.0007643117372806429,-0.000808277876544157,-0.0005308111759879663,-0.00010271582741924455,0.0003518231601685056,session_date,17
EVENT-05,15min,SPY,long_reversal,2024,112,112,110,112,-0.00012076337802706066,0.00010162585378259426,0.0011952823355330323,0.5545454545454546,0.00012076337802706066,-0.00010162585378259426,0.0007213212140701041,0.0006070925475722966,-0.0009585050828659427,-0.0005465825079505326,-0.0003588616969227164,9.349436087533037e-05,session_date,17
EVENT-05,30min,QQQ,long_reversal,2022,100,100,100,100,0.0003096785177568651,0.0003449722400399313,0.0042275730735780405,0.54,-0.0003096785177568651,-0.0003449722400399313,0.003390598093945779,0.0027477199354023485,-0.003174113770070789,-0.0024127828959997766,-0.0004803026886024605,0.0012090433227516942,session_date,17
EVENT-05,30min,QQQ,long_reversal,2023,107,107,102,107,-0.00022607634702585892,6.280136387126767e-05,0.002634068264028057,0.5196078431372549,0.00022607634702585892,-6.280136387126767e-05,0.0017866276242007393,0.0014526973804563914,-0.0019546539483944613,-0.0014054817314989587,-0.0007096154743892294,0.0003118351202323011,session_date,17
EVENT-05,30min,QQQ,long_reversal,2024,105,105,100,105,1.325156707634778e-05,-0.0001175843933204912,0.0021789921460047294,0.48,-1.325156707634778e-05,0.0001175843933204912,0.0014966418443990003,0.0012002262298610455,-0.0018741430515681302,-0.0015179873105528596,-0.00040788743607629205,0.00043169929740913537,session_date,17
EVENT-05,30min,SPY,long_reversal,2022,109,109,107,109,0.00037228208840722857,0.00020978104103841488,0.003313455430188596,0.5420560747663551,-0.00037228208840722857,-0.00020978104103841488,0.002751145954662609,0.0022673113056228544,-0.0021971779341150594,-0.0016656912618736586,-0.00026078484963322143,0.0009575373611946542,session_date,17
EVENT-05,30min,SPY,long_reversal,2023,115,115,109,115,0.0001989552060577872,0.0003910922977823361,0.001742615741390395,0.6422018348623854,-0.0001989552060577872,-0.0003910922977823361,0.0013759329181321893,0.0011078542248483814,-0.0011641774556054862,-0.0006969118806338104,-0.00012471953202231322,0.0005175732843041538,session_date,17
EVENT-05,30min,SPY,long_reversal,2024,112,112,107,112,3.7437393686728055e-05,0.00015905539805949331,0.0015963090145014224,0.5420560747663551,-3.7437393686728055e-05,-0.00015905539805949331,0.0010956148490421425,0.000862606545034561,-0.0012816563158497428,-0.0007488532805268733,-0.0002851499438219856,0.0003320787790899011,session_date,17
EVENT-05,5min,QQQ,long_reversal,2022,100,100,100,100,-0.00011097445613793,-0.00020925760039053332,0.0016505310938351894,0.44,0.00011097445613793,0.00020925760039053332,0.0012597933952543405,0.000956608308239848,-0.0013816307829087892,-0.0011291911677063227,-0.00039232004444885024,0.00023183009537031875,session_date,17
EVENT-05,5min,QQQ,long_reversal,2023,107,107,105,107,-6.652131639267113e-05,2.5959866047253755e-05,0.001077681577639348,0.5047619047619047,6.652131639267113e-05,-2.5959866047253755e-05,0.000768387342551955,0.0005391335506512718,-0.0007694582028283236,-0.0005085661612791448,-0.00027592556598610157,0.00012736491466016817,session_date,17
EVENT-05,5min,QQQ,long_reversal,2024,105,105,103,105,-0.00032210499578032384,-0.0002103668798384417,0.0010171331479779792,0.39805825242718446,0.00032210499578032384,0.0002103668798384417,0.000542278733594828,0.0003750468808600971,-0.0008910094812672987,-0.0006088239238299931,-0.0005161054784574782,-0.0001212098825004259,session_date,17
EVENT-05,5min,SPY,long_reversal,2022,109,109,109,109,0.00012777318627918652,-6.725100316073984e-05,0.0013361654392814338,0.46788990825688076,-0.00012777318627918652,6.725100316073984e-05,0.001107005686282308,0.0008222039510232815,-0.000927038231168112,-0.0007637913617660752,-0.00012169897760555165,0.00037571809370825,session_date,17
EVENT-05,5min,SPY,long_reversal,2023,115,115,111,115,1.0872924195782575e-05,2.215409403194535e-05,0.0006945963015308417,0.5315315315315315,-1.0872924195782575e-05,-2.215409403194535e-05,0.0005612203328698867,0.0004245383145828896,-0.00047418305896058103,-0.0003264115409159496,-0.00011468065232339726,0.00012639880222386224,session_date,17
EVENT-05,5min,SPY,long_reversal,2024,112,112,112,112,-5.297443893861886e-05,5.4523906399150945e-05,0.000730564046364477,0.5267857142857143,5.297443893861886e-05,-5.4523906399150945e-05,0.000458918401676296,0.0003354171056442201,-0.0005232204003471898,-0.0002977097249684535,-0.00020204722805099387,7.363021871529177e-05,session_date,17
EVENT-05,60min,QQQ,long_reversal,2022,100,100,97,100,0.00021841033658786862,2.730524533767209e-05,0.00547911801378023,0.5051546391752577,-0.00021841033658786862,-2.730524533767209e-05,0.004629552074291703,0.0037845785231975793,-0.004259403771740658,-0.0034610127097693955,-0.0009218252626751864,0.0012794787785494644,session_date,17
EVENT-05,60min,QQQ,long_reversal,2023,107,107,99,107,0.00013323112662904922,0.0003850173257795575,0.002992570030178046,0.5252525252525253,-0.00013323112662904922,-0.0003850173257795575,0.0024152123398484718,0.0020394522613924604,-0.0024294458764342825,-0.001735244448183404,-0.00045583319956679744,0.0007463897423938494,session_date,17
EVENT-05,60min,QQQ,long_reversal,2024,105,105,98,105,-0.0001143319351462692,0.00014334135620397426,0.0027818985191235893,0.5408163265306123,0.0001143319351462692,-0.00014334135620397426,0.0019609338109210428,0.0014493464730261918,-0.0025024084360267397,-0.0019943871598846474,-0.0006326378497153631,0.00041430755770086025,session_date,17
EVENT-05,60min,SPY,long_reversal,2022,109,109,103,109,0.0006292134982437715,0.0005335482044470652,0.004167011963060088,0.5436893203883495,-0.0006292134982437715,-0.0005335482044470652,0.0036476450951978974,0.0027723562810504365,-0.002932594759044431,-0.0022955571404510433,-0.000140237791495321,0.0014610543505019034,session_date,17
EVENT-05,60min,SPY,long_reversal,2023,115,115,106,115,0.00037547748486527617,0.00023354293825861294,0.0021660378175455673,0.6037735849056604,-0.00037547748486527617,-0.00023354293825861294,0.0019524512620851186,0.0015334726907180185,-0.0015355717255601076,-0.0009643849145550276,-5.952295182574927e-05,0.0007836398814761798,session_date,17
EVENT-05,60min,SPY,long_reversal,2024,112,112,104,112,9.566568813318624e-05,0.00017792950884476522,0.0022805632972166478,0.5673076923076923,-9.566568813318624e-05,-0.00017792950884476522,0.0015315170831853703,0.0010089552510706978,-0.0016434322607059527,-0.0010703521186822829,-0.0003301389190104388,0.0005299469812719924,session_date,17
EVENT-05,session_close,QQQ,long_reversal,2022,100,100,100,100,0.0006050327292455893,-0.001060054512191877,0.012433368069517866,0.45,-0.0006050327292455893,0.001060054512191877,0.008926391360249532,0.0071122533388287,-0.008647248165699497,-0.007249354121050711,-0.0017114798136000564,0.003007503144431873,session_date,17
EVENT-05,session_close,QQQ,long_reversal,2023,107,107,105,107,0.000831611619255452,0.0008948194662481423,0.006572663080340283,0.5714285714285714,-0.000831611619255452,-0.0008948194662481423,0.004851436263828147,0.003964921565531299,-0.0044842059374869785,-0.0038416329807057226,-0.0003987662164183516,0.0020238090479195846,session_date,17
EVENT-05,session_close,QQQ,long_reversal,2024,105,105,103,105,-0.0002255423268651448,0.0002257336343116645,0.006593551835302929,0.5242718446601942,0.0002255423268651448,-0.0002257336343116645,0.004238217423055112,0.00298609751321699,-0.00476417222601253,-0.003972707276563403,-0.0014859983414542925,0.0010128847382592805,session_date,17
EVENT-05,session_close,SPY,long_reversal,2022,109,109,109,109,0.0012609258761033264,0.0005140928496389918,0.00999297805965297,0.5229357798165137,-0.0012609258761033264,-0.0005140928496389918,0.0076337590063329415,0.005832570905764056,-0.006425628804247025,-0.004222954128927703,-0.0005386274149786001,0.0030990075940091053,session_date,17
EVENT-05,session_close,SPY,long_reversal,2023,115,115,111,115,0.0004446499649763477,0.0006182314317386695,0.00550506812343313,0.5585585585585585,-0.0004446499649763477,-0.0006182314317386695,0.004019458524543072,0.0027918963419000242,-0.0035610336935104807,-0.0023523086228913748,-0.0006246345674742339,0.001527959358822357,session_date,17
EVENT-05,session_close,SPY,long_reversal,2024,112,112,112,112,0.0006472629218643296,0.000614446743318342,0.004483065829744253,0.5892857142857143,-0.0006472629218643296,-0.000614446743318342,0.003502347461914335,0.002428604273444823,-0.0031155758920206034,-0.0024777828383860667,-0.0001900737599420179,0.0014173238408827298,session_date,17
EVENT-06,15min,QQQ,short_reversal,2022,104,104,103,104,0.00045693048470614624,0.00041267351045315426,0.003208169774744921,0.5728155339805825,-0.00045693048470614624,-0.00041267351045315426,0.0026466447771302352,0.002368129559604304,0.001923511005354324,0.0013111586501967087,-0.00020918267136453385,0.0010446852437165622,session_date,17
EVENT-06,15min,QQQ,short_reversal,2023,106,106,105,106,-8.041332782904732e-05,5.561271306619986e-05,0.0022426769890472936,0.5047619047619047,8.041332782904732e-05,-5.561271306619986e-05,0.0016183923562185845,0.0011912157964399928,0.0014336929928013724,0.001013539852906864,-0.00047978429299452846,0.000364645014326176,session_date,17
EVENT-06,15min,QQQ,short_reversal,2024,107,107,106,107,-0.0002001610763839951,-0.00032986453740557753,0.0016154447446770342,0.46226415094339623,0.0002001610763839951,0.00032986453740557753,0.0012165993098321175,0.0008214023379470303,0.0011904373824044331,0.0008879331509893396,-0.00047584139098559775,0.00011584048794710126,session_date,17
EVENT-06,15min,SPY,short_reversal,2022,105,105,104,105,0.00026053366312958517,7.753220896467017e-05,0.0022661760964471376,0.5192307692307693,-0.00026053366312958517,-7.753220896467017e-05,0.0020086912085459673,0.0017176354800223503,0.0014850784610031403,0.0011453176739264492,-0.00015653843143679014,0.0007083315688736641,session_date,17
EVENT-06,15min,SPY,short_reversal,2023,109,109,107,109,0.00015681566345853077,8.588957055211122e-05,0.0013779391206512953,0.514018691588785,-0.00015681566345853077,-8.588957055211122e-05,0.0012187349816029293,0.0008518693800283472,0.000865028013408721,0.0005861791971516483,-9.13143018890254e-05,0.0004032097794774773,session_date,17
EVENT-06,15min,SPY,short_reversal,2024,107,107,106,107,-2.2575086249144664e-05,-0.00018513936168140788,0.0011583062113631859,0.42452830188679247,2.2575086249144664e-05,0.00018513936168140788,0.0008848987837270903,0.0005564926150438687,0.0008375664596726273,0.0007081621158798734,-0.0002539944123379873,0.0001975393215110742,session_date,17
EVENT-06,30min,QQQ,short_reversal,2022,104,104,103,104,0.0008577223829239297,0.0010990898162458462,0.00453313348224796,0.5728155339805825,-0.0008577223829239297,-0.0010990898162458462,0.003953628802747908,0.003501374195248763,0.0027657621438844423,0.001980488520501811,-3.537187774092543e-05,0.0016980508533319162,session_date,17
EVENT-06,30min,QQQ,short_reversal,2023,106,106,105,106,-0.00043494416821943636,-0.0006376874558202683,0.0033164995776956544,0.37142857142857144,0.00043494416821943636,0.0006376874558202683,0.00216098023659047,0.0015394998705824392,0.0022162214266725835,0.0014875177855386834,-0.0010739165038871387,0.0002326933667166651,session_date,17
EVENT-06,30min,QQQ,short_reversal,2024,107,107,103,107,-0.00031707261141436434,-0.00038465429675649254,0.0018618341233692256,0.33980582524271846,0.00031707261141436434,0.00038465429675649254,0.0015097021773541157,0.0010516876819697263,0.0015880419259847436,0.0011745917263407124,-0.000667434907918352,4.471857473758012e-05,session_date,17
EVENT-06,30min,SPY,short_reversal,2022,105,105,104,105,0.0004412969314527677,8.954842011010822e-05,0.0033754434809297,0.5,-0.0004412969314527677,-8.954842011010822e-05,0.0027618442684935506,0.002266958627123561,0.0021377708834526437,0.0014787573154809719,-0.0001622391788472489,0.0011288374170445646,session_date,17
EVENT-06,30min,SPY,short_reversal,2023,109,109,103,109,4.8872629699352764e-06,-6.783033372537162e-05,0.0023163500802407854,0.49514563106796117,-4.8872629699352764e-06,6.783033372537162e-05,0.0016097400781856642,0.0011016248967226083,0.0013444089625155062,0.000826595193585522,-0.0004362406467191618,0.0005136705630960313,session_date,17
EVENT-06,30min,SPY,short_reversal,2024,107,107,105,107,-0.0001690665198803607,-0.00016988498597125812,0.0016448143636763578,0.4380952380952381,0.0001690665198803607,0.00016988498597125812,0.0012005155599712396,0.0008773653360931721,0.0012909501651624967,0.0009795175875881856,-0.00047398114057024,0.00013344178237994394,session_date,17
EVENT-06,5min,QQQ,short_reversal,2022,104,104,103,104,0.0003229987863926041,1.291389018032163e-05,0.0016313531155556212,0.5048543689320388,-0.0003229987863926041,-1.291389018032163e-05,0.001539904255814697,0.001342832630832902,0.00112595738069541,0.0008995294768892048,6.187423702005779e-06,0.0006062309782537277,session_date,17
EVENT-06,5min,QQQ,short_reversal,2023,106,106,106,106,9.582454176417033e-05,4.265785158463764e-05,0.0010810480556228451,0.5188679245283019,-9.582454176417033e-05,-4.265785158463764e-05,0.0009588684654647313,0.0006380999909540996,0.0007006249200881616,0.000558440918528802,-8.689343803711221e-05,0.000299793287627314,session_date,17
EVENT-06,5min,QQQ,short_reversal,2024,107,107,107,107,-5.750608853834644e-05,-0.0001705475714026683,0.0009704421649154277,0.4205607476635514,5.750608853834644e-05,0.0001705475714026683,0.0007702015282903097,0.0005127889565770261,0.0006915058935914037,0.0005306665144879652,-0.00023051724162958894,0.00013762723468022602,session_date,17
EVENT-06,5min,SPY,short_reversal,2022,105,105,104,105,0.00028374140591682235,0.00012676883589385346,0.0013287003215423233,0.5673076923076923,-0.00028374140591682235,-0.00012676883589385346,0.0012301634647941785,0.0009673824631890593,0.000876785025904352,0.0006575567343612976,2.4377096839065738e-05,0.0005219615704679579,session_date,17
EVENT-06,5min,SPY,short_reversal,2023,109,109,108,109,0.00014092735100857564,-3.4683891785181054e-05,0.0008937151609328742,0.48148148148148145,-0.00014092735100857564,3.4683891785181054e-05,0.0007172737375342629,0.0004608632374267785,0.0005267405286059346,0.0003719196491198673,-3.754277826683457e-05,0.0003030154699127825,session_date,17
EVENT-06,5min,SPY,short_reversal,2024,107,107,107,107,-2.298207142953731e-05,-0.00011415609960430118,0.0007187193839384215,0.4392523364485981,2.298207142953731e-05,0.00011415609960430118,0.0005572842653709418,0.00040049661580354723,0.0005264594326808781,0.00044722286218756846,-0.00017381100765988714,0.00011325639613216444,session_date,17
EVENT-06,60min,QQQ,short_reversal,2022,104,104,98,104,-0.00011083620454864977,-0.00019357224740568224,0.005441255554402844,0.45918367346938777,0.00011083620454864977,0.00019357224740568224,0.004982873713921576,0.003976160097731163,0.003972028394038316,0.002907300493017795,-0.0011731700183884983,0.0009150610021454715,session_date,17
EVENT-06,60min,QQQ,short_reversal,2023,106,106,101,106,-0.00041338428846089995,-0.0008345294922722513,0.003840542759225612,0.33663366336633666,0.00041338428846089995,0.0008345294922722513,0.0027787856243973786,0.002066649444587787,0.0029174337356561364,0.0023103688239387576,-0.0011140557342279856,0.00029812598441936324,session_date,17
EVENT-06,60min,QQQ,short_reversal,2024,107,107,98,107,-0.00036201072018353516,-0.00043171507156292144,0.002552647718741581,0.40816326530612246,0.00036201072018353516,0.00043171507156292144,0.001982779596356604,0.0014863369110538205,0.0021688268842667176,0.0016384012901131673,-0.0008880950545328731,0.00015706043355205346,session_date,17
EVENT-06,60min,SPY,short_reversal,2022,105,105,99,105,-0.0002047065175400569,-0.0002631647312498764,0.004036904464339487,0.46464646464646464,0.0002047065175400569,0.0002631647312498764,0.003398839578455601,0.0029880976368019674,0.0030021401684973193,0.002291656288916588,-0.0010578640361449169,0.0007296350214038765,session_date,17
EVENT-06,60min,SPY,short_reversal,2023,109,109,97,109,0.00023295385130447618,-4.784089485254661e-05,0.0033302177381023287,0.4948453608247423,-0.00023295385130447618,4.784089485254661e-05,0.0023279591963006963,0.0017942186288626427,0.0017971531406879113,0.001089467032727609,-0.000470788467603772,0.0007922567718022629,session_date,17
EVENT-06,60min,SPY,short_reversal,2024,107,107,102,107,6.69513498406774e-05,5.312117779149306e-05,0.001865769793360258,0.5294117647058824,-6.69513498406774e-05,-5.312117779149306e-05,0.0016327168042381578,0.0012855357832527448,0.0015832094852776997,0.0012835711950762163,-0.00030946040185093296,0.00040566745149255836,session_date,17
EVENT-06,session_close,QQQ,short_reversal,2022,104,104,103,104,0.0005184902785383405,3.503977013907811e-05,0.011044605246676371,0.5048543689320388,-0.0005184902785383405,-3.503977013907811e-05,0.009445375807374657,0.007132491265788854,0.007700240666612378,0.006125936637307872,-0.0015883807151924063,0.0025327360418795014,session_date,17
EVENT-06,session_close,QQQ,short_reversal,2023,106,106,106,106,-0.0013773602324821347,-0.001975339510987384,0.007141156422542533,0.4056603773584906,0.0013773602324821347,0.001975339510987384,0.0045206172812125535,0.0028930236202084902,0.0054662556171224804,0.004298254622782771,-0.0027674839501779036,-4.26443844447021e-05,session_date,17
EVENT-06,session_close,QQQ,short_reversal,2024,107,107,107,107,-0.0005383230839509977,-0.000411485003657619,0.005673488298172141,0.4392523364485981,0.0005383230839509977,0.000411485003657619,0.0036360220719541393,0.002522241584884899,0.003886530062864214,0.0027979881830166864,-0.0016258693894067046,0.0005854751823035193,session_date,17
EVENT-06,session_close,SPY,short_reversal,2022,105,105,104,105,-0.0004939825625037996,-0.000731702590442751,0.009344169925928507,0.4326923076923077,0.0004939825625037996,0.000731702590442751,0.006881888329514103,0.004549429620215206,0.006198351349118699,0.004764395070720684,-0.0022847653731262827,0.001374499091637176,session_date,17
EVENT-06,session_close,SPY,short_reversal,2023,109,109,108,109,-0.0005973116311694732,-0.0005017344909409305,0.005656738037500366,0.4351851851851852,0.0005973116311694732,0.0005017344909409305,0.0035034612732315856,0.0023473412767383017,0.0034881825474763362,0.0025297101281034906,-0.001653871460185488,0.00042702833151709766,session_date,17
EVENT-06,session_close,SPY,short_reversal,2024,107,107,107,107,-0.0005440540114284309,-0.0006320446644896283,0.004083437166349698,0.4205607476635514,0.0005440540114284309,0.0006320446644896283,0.002993772630618044,0.002429982500808725,0.0031110425193682347,0.002484115395240516,-0.0013331942358769829,0.00023221693932847006,session_date,17
EVENT-07,15min,QQQ,long_reversal,2022,172,172,169,172,-0.00031695694122932665,-0.00030798109010010677,0.002843168810545009,0.46153846153846156,0.00031695694122932665,0.00030798109010010677,0.002250142741800222,0.0018119355469938814,-0.002682474662188362,-0.002275816291051669,-0.0007004441390539575,0.00010690208124281635,session_date,17
EVENT-07,15min,QQQ,long_reversal,2023,161,161,160,161,-0.00037432184779912295,-0.00018097027143820776,0.0020274850001978447,0.45625,0.00037432184779912295,0.00018097027143820776,0.0013522943848774684,0.000965969957678614,-0.001924330752688492,-0.0016788546915806335,-0.0006934299339305971,-5.834820526032557e-05,session_date,17
EVENT-07,15min,QQQ,long_reversal,2024,162,162,160,162,-0.00039039224222257656,-0.00017320556948868804,0.001782704132561979,0.45,0.00039039224222257656,0.00017320556948868804,0.0012311387102206944,0.0010036969420438302,-0.0018702696053032875,-0.0014875785067750558,-0.0006530293477909325,-0.00011902410431004376,session_date,17
EVENT-07,15min,SPY,long_reversal,2022,170,170,168,170,-0.0004952249289017741,-0.0004954588293142881,0.002227186648294962,0.39285714285714285,0.0004952249289017741,0.0004954588293142881,0.001563146436024627,0.0012323342571115559,-0.0020945030286795272,-0.0017872505845941689,-0.0008035765712997905,-0.00011360270119151864,session_date,17
EVENT-07,15min,SPY,long_reversal,2023,170,170,167,170,-0.0001445221420013201,-0.0001360898201869798,0.001427697534718821,0.46706586826347307,0.0001445221420013201,0.0001360898201869798,0.0010418222674436104,0.0008761895490057015,-0.0013077482909729572,-0.0009686296092460411,-0.00035873713092746037,6.544151742683303e-05,session_date,17
EVENT-07,15min,SPY,long_reversal,2024,177,177,175,177,-0.0002724159817937144,-5.1662174303634956e-05,0.001238824044800004,0.46285714285714286,0.0002724159817937144,5.1662174303634956e-05,0.0007952952195536239,0.0006736807086125118,-0.0012399164116613948,-0.0008811942774207271,-0.0004466135211863124,-0.00010359878977148429,session_date,17
EVENT-07,30min,QQQ,long_reversal,2022,172,172,168,172,-0.0005238899072918299,-0.0005962228996881369,0.00447921143980559,0.44047619047619047,0.0005238899072918299,0.0005962228996881369,0.0032152638308464813,0.0024789503186227746,-0.003761231294940307,-0.003164357596521339,-0.0012190865716089506,0.00013938402836548497,session_date,17
EVENT-07,30min,QQQ,long_reversal,2023,161,161,158,161,-0.0004118967804785751,-0.0002679636077082548,0.0027761185098393315,0.44936708860759494,0.0004118967804785751,0.0002679636077082548,0.001976979577762608,0.001465979033322573,-0.0024820112735553174,-0.00201674997561474,-0.0008109560022237067,4.348642676287918e-05,session_date,17
EVENT-07,30min,QQQ,long_reversal,2024,162,162,160,162,-0.00041520230560348066,-0.00010159416650995512,0.0027734838943878856,0.46875,0.00041520230560348066,0.00010159416650995512,0.0017361303575187128,0.0013244610667165757,-0.00255174660195591,-0.001969417554832764,-0.0008342980070414663,-1.155009433048039e-05,session_date,17
EVENT-07,30min,SPY,long_reversal,2022,170,170,167,170,-0.00061470196630229,-0.00022889780258117387,0.0033157303408158046,0.47305389221556887,0.00061470196630229,0.00022889780258117387,0.0022113413887760256,0.0017389612442693103,-0.0028643891788572933,-0.0023048769676937697,-0.0010699983488479717,-0.0001442323072120651,session_date,17
EVENT-07,30min,SPY,long_reversal,2023,170,170,166,170,-0.0002548880275964512,-0.0002055857105965342,0.0021172096314105147,0.42771084337349397,0.0002548880275964512,0.0002055857105965342,0.0014718188009375287,0.0010743961474517505,-0.0017912039407703333,-0.001394602189371319,-0.000606393482345546,3.3795111426224676e-05,session_date,17
EVENT-07,30min,SPY,long_reversal,2024,177,177,174,177,-0.00041312830680433304,-8.335194464109685e-05,0.001955864893887,0.46551724137931033,0.00041312830680433304,8.335194464109685e-05,0.0011201610356811292,0.0007943260615588255,-0.001706279011854644,-0.0013099830646375321,-0.000701153043330531,-0.00014141946868397815,session_date,17
EVENT-07,5min,QQQ,long_reversal,2022,172,172,170,172,-0.0002908541657761208,-0.000335451753590732,0.001995034849715369,0.4117647058823529,0.0002908541657761208,0.000335451753590732,0.0013779241096934193,0.0011301617431324074,-0.0016453476421468445,-0.0013559955927126,-0.0005846414007088131,2.195067467613106e-05,session_date,17
EVENT-07,5min,QQQ,long_reversal,2023,161,161,161,161,-0.00023640487400680612,-0.00030568689334442567,0.0012864953771687675,0.38509316770186336,0.00023640487400680612,0.00030568689334442567,0.0008500646879230625,0.0006185456110154863,-0.0011579297505460435,-0.000992595419924358,-0.00041594944189077813,-3.0076625193586494e-05,session_date,17
EVENT-07,5min,QQQ,long_reversal,2024,162,162,161,162,-0.00023123925269333457,-7.862759113663742e-05,0.0013265315815520402,0.4720496894409938,0.00023123925269333457,7.862759113663742e-05,0.0008533688857983253,0.0007449820140057462,-0.0011055880188222018,-0.0007109754978433802,-0.000438668859781382,-2.2104662124783042e-05,session_date,17
EVENT-07,5min,SPY,long_reversal,2022,170,170,170,170,-0.00020100550948639736,-0.00030372049543642143,0.001466637949223021,0.4588235294117647,0.00020100550948639736,0.00030372049543642143,0.001002833614418538,0.0008056128088306247,-0.0011652933296303883,-0.0009203997870024239,-0.00039675351026469575,3.454654955264276e-05,session_date,17
EVENT-07,5min,SPY,long_reversal,2023,170,170,168,170,-0.00012605074267802745,-9.505667954856634e-05,0.0008640673939772768,0.47619047619047616,0.00012605074267802745,9.505667954856634e-05,0.000638192361409831,0.000504298169877182,-0.000823738321238718,-0.0006422543148602022,-0.00026117418529036284,1.2432288232935589e-05,session_date,17
EVENT-07,5min,SPY,long_reversal,2024,177,177,177,177,-0.00011133090061150773,-1.7755432107580127e-05,0.0008525396642731518,0.4858757062146893,0.00011133090061150773,1.7755432107580127e-05,0.0005577320415585683,0.00044747952294788007,-0.0006921432717047563,-0.00047518479408670267,-0.00023188220864982565,7.321338072446389e-07,session_date,17
EVENT-07,60min,QQQ,long_reversal,2022,172,172,167,172,-0.00024209567634620797,-0.0004993036028696496,0.006422655566255553,0.4550898203592814,0.00024209567634620797,0.0004993036028696496,0.004729295174640728,0.003446348733234128,-0.005146841900851495,-0.004288291485523232,-0.0011663633973382703,0.0006444183347432293,session_date,17
EVENT-07,60min,QQQ,long_reversal,2023,161,161,155,161,-0.000496517097392769,-0.00021488047273698907,0.003921290600453429,0.4838709677419355,0.000496517097392769,0.00021488047273698907,0.0027010270860659442,0.0019672723456767294,-0.00341655758387904,-0.0028230666751252187,-0.0010726808786574663,9.712942619975165e-05,session_date,17
EVENT-07,60min,QQQ,long_reversal,2024,162,162,158,162,-0.000496742718427407,8.217862609249948e-05,0.004023008180049047,0.5063291139240507,0.000496742718427407,-8.217862609249948e-05,0.0023644690012201014,0.0018533841291402675,-0.0034833516260052576,-0.002661893898526446,-0.0011438224264419187,0.00015909858426063563,session_date,17
EVENT-07,60min,SPY,long_reversal,2022,170,170,167,170,-0.0006947156528748833,-0.0006719865602687891,0.0042688477060372505,0.40718562874251496,0.0006947156528748833,0.0006719865602687891,0.0029856896234920264,0.002385281594253774,-0.003944172987024426,-0.00337036297922344,-0.0012899997245400484,5.440957343943442e-07,session_date,17
EVENT-07,60min,SPY,long_reversal,2023,170,170,163,170,-0.0004344389721688361,-0.000440905163354377,0.0030774355679534693,0.4171779141104294,0.0004344389721688361,0.000440905163354377,0.0020181023844975457,0.0014393403430019713,-0.0025661451575450514,-0.0018899199844580883,-0.0008829485151730295,2.7948945658000207e-05,session_date,17
EVENT-07,60min,SPY,long_reversal,2024,177,177,173,177,-0.00047670884732184794,-0.00014634482283670813,0.002755744999809909,0.4624277456647399,0.00047670884732184794,0.00014634482283670813,0.001469980167394608,0.001095614065597772,-0.0023093190769666546,-0.0015381528790208154,-0.0008906382561511805,-6.135243958954824e-05,session_date,17
EVENT-07,session_close,QQQ,long_reversal,2022,172,172,170,172,-0.0012655713973169413,-0.0014281619914437993,0.013881344717238122,0.43529411764705883,0.0012655713973169413,0.0014281619914437993,0.0094602936152146,0.006092273950319194,-0.010400296406720121,-0.008196157442482865,-0.003517060192113788,0.0008160720737449208,session_date,17
EVENT-07,session_close,QQQ,long_reversal,2023,161,161,161,161,6.472861437643113e-05,0.00041126225877885503,0.00759710703125902,0.515527950310559,-6.472861437643113e-05,-0.00041126225877885503,0.005418119805246836,0.00455724834479021,-0.005702001490568625,-0.0045377394436939555,-0.0010492834677204035,0.0012037813235819769,session_date,17
EVENT-07,session_close,QQQ,long_reversal,2024,162,162,161,162,-0.0006749555345340887,0.0004407135362014536,0.007661056257497222,0.5279503105590062,0.0006749555345340887,-0.0004407135362014536,0.0046622400823760545,0.0036563589467417668,-0.006118823031471231,-0.0042745135084073516,-0.0019360816173975743,0.00044355047136670947,session_date,17
EVENT-07,session_close,SPY,long_reversal,2022,170,170,170,170,-0.0013462685602035642,-0.0016049151848351317,0.010826359898880636,0.4176470588235294,0.0013462685602035642,0.0016049151848351317,0.006949413199263478,0.00482448590017337,-0.008656862303791616,-0.00659457679174974,-0.0030127670064902957,0.00012298488186018096,session_date,17
EVENT-07,session_close,SPY,long_reversal,2023,170,170,168,170,-7.86400121261257e-05,0.00012099558251743581,0.006171102773063267,0.5357142857142857,7.86400121261257e-05,-0.00012099558251743581,0.00422466496634074,0.0034747535812763575,-0.0047130287814931265,-0.0037785043177782085,-0.000983574692710615,0.0009116337639198939,session_date,17
EVENT-07,session_close,SPY,long_reversal,2024,177,177,177,177,-0.0003100795599202976,0.00010278611931946458,0.005453041552823911,0.5141242937853108,0.0003100795599202976,-0.00010278611931946458,0.0032986753478535767,0.002230723058867845,-0.004404215977766017,-0.0031104827307615324,-0.0011055340805063733,0.0005164622369360077,session_date,17
EVENT-08,15min,QQQ,short_reversal,2022,165,165,164,165,-0.0006405877163035043,-0.00044674391546928316,0.003248073714189189,0.42073170731707316,0.0006405877163035043,0.00044674391546928316,0.002020319824945561,0.0014522728673275198,0.0028083685581847175,0.0021415534771626055,-0.0011267129734991773,-0.00018450487198131956,session_date,17
EVENT-08,15min,QQQ,short_reversal,2023,171,171,168,171,-0.00035635022991006187,-0.00037431095409012904,0.0018089737165055445,0.375,0.00035635022991006187,0.00037431095409012904,0.0013812492753197032,0.0009184764933061196,0.00174598450894802,0.0014974504408005185,-0.0006284241659125651,-5.981232413710745e-05,session_date,17
EVENT-08,15min,QQQ,short_reversal,2024,176,176,171,176,-0.0003817355669220827,-0.0001813602015112714,0.0015065245580147403,0.39766081871345027,0.0003817355669220827,0.0001813602015112714,0.0011234721116762981,0.0008441871683551039,0.0013469117777721066,0.0011051009131621825,-0.0005946751889995335,-0.00014792907586350047,session_date,17
EVENT-08,15min,SPY,short_reversal,2022,171,171,170,171,-0.0003160398123098318,-0.0002617226606995704,0.002409691273431429,0.4294117647058823,0.0003160398123098318,0.0002617226606995704,0.001620833470192441,0.0012774877422022657,0.001934173936483744,0.001443920376623553,-0.0007141615726485103,5.499103338772277e-05,session_date,17
EVENT-08,15min,SPY,short_reversal,2023,190,190,186,190,-0.0001356001438437091,-0.000207796113357972,0.001513122506982476,0.44623655913978494,0.0001356001438437091,0.000207796113357972,0.0010383953670799575,0.0007101770984879741,0.0011310427009498336,0.0008284414000533924,-0.00033201503906077714,7.014438317757304e-05,session_date,17
EVENT-08,15min,SPY,short_reversal,2024,196,196,190,196,-0.00015366747474136787,-0.00017434561345741617,0.0010113866234515675,0.42105263157894735,0.00015366747474136787,0.00017434561345741617,0.000800286173812262,0.0005477031230176621,0.0008460316407441008,0.0007012066081339419,-0.00029693789407561714,-1.4628067718484484e-06,session_date,17
EVENT-08,30min,QQQ,short_reversal,2022,165,165,162,165,-0.0004562544004218057,-0.0004475231043352679,0.00477625184869151,0.4506172839506173,0.0004562544004218057,0.0004475231043352679,0.003135131624057395,0.002370616805231207,0.00377311743312418,0.002990512250090338,-0.0011358602666935965,0.00029611249844307356,session_date,17
EVENT-08,30min,QQQ,short_reversal,2023,171,171,167,171,-0.00023184472684224875,-0.0005949504052085164,0.002850053705718506,0.3772455089820359,0.00023184472684224875,0.0005949504052085164,0.0020707429011566428,0.0013983517300881765,0.0023235421541745256,0.0020312336737393633,-0.0006531488118520549,0.00022952141277598557,session_date,17
EVENT-08,30min,QQQ,short_reversal,2024,176,176,171,176,-0.0005024372178577264,-0.00045579687977981287,0.0023324417677081403,0.3742690058479532,0.0005024372178577264,0.00045579687977981287,0.0016220642051295911,0.001085037125289956,0.001955844976656343,0.0014789647246927773,-0.0008793383264283504,-0.0001482874461409152,session_date,17
EVENT-08,30min,SPY,short_reversal,2022,171,171,167,171,-0.0005899960505109137,-0.00046803122137584197,0.0034413333795964207,0.41916167664670656,0.0005899960505109137,0.00046803122137584197,0.0022428979477340303,0.001678903450522462,0.0027897017337444752,0.002351811855051511,-0.0011413983741328842,-1.050881715690991e-05,session_date,17
EVENT-08,30min,SPY,short_reversal,2023,190,190,185,190,-6.291752607231861e-05,-0.00026673779674579734,0.002324033374636076,0.4648648648648649,6.291752607231861e-05,0.00026673779674579734,0.0015456056179439345,0.0010294282197604865,0.001582332335777603,0.001223990208078396,-0.0003558223293851692,0.0002864050068053273,session_date,17
EVENT-08,30min,SPY,short_reversal,2024,196,196,188,196,-0.00029201144168348157,-0.0002855058590186532,0.0015002464466901694,0.3670212765957447,0.00029201144168348157,0.0002855058590186532,0.0010924274123940857,0.0007513233598527291,0.00130208954298933,0.001029484085366128,-0.000490425552049583,-9.743483438915803e-05,session_date,17
EVENT-08,5min,QQQ,short_reversal,2022,165,165,165,165,-0.0003066585622698375,-0.00027736365842656596,0.0019485148845883584,0.46060606060606063,0.0003066585622698375,0.00027736365842656596,0.0013397826966463431,0.0010280406962317468,0.0016496178243919858,0.0013087401025392298,-0.0005851955132419946,-1.5063848854460175e-05,session_date,17
EVENT-08,5min,QQQ,short_reversal,2023,171,171,171,171,-6.922612234862981e-05,-0.00010358739504967573,0.001119729875735527,0.4853801169590643,6.922612234862981e-05,0.00010358739504967573,0.0008468862377790147,0.0006273696844056875,0.0009681636924352772,0.0008403099810151415,-0.00022310548523408395,0.0001088541171858364,session_date,17
EVENT-08,5min,QQQ,short_reversal,2024,176,176,174,176,-0.00013934281472900663,-0.000126737454549386,0.0010940531495239956,0.4540229885057471,0.00013934281472900663,0.000126737454549386,0.0007418802376862627,0.0005710275453763014,0.0008463086347869235,0.0006488832607157158,-0.00030486783165047516,3.06294484984382e-05,session_date,17
EVENT-08,5min,SPY,short_reversal,2022,171,171,171,171,-0.0001961089787856129,-0.0001056589783650086,0.0014805969042497884,0.4444444444444444,0.0001961089787856129,0.0001056589783650086,0.0009706583653450705,0.000785530415932767,0.0011686852032123034,0.0008798195242001317,-0.0003999501046252874,2.0220068921166337e-05,session_date,17
EVENT-08,5min,SPY,short_reversal,2023,190,190,189,190,-2.5783058094497736e-05,-6.45369474023827e-05,0.000864691671704829,0.455026455026455,2.5783058094497736e-05,6.45369474023827e-05,0.0006313785159674902,0.0004145734770522047,0.0006834594360434416,0.0005127519172463124,-0.00014223318072554045,9.861873032261206e-05,session_date,17
EVENT-08,5min,SPY,short_reversal,2024,196,196,194,196,-6.394121416959249e-05,-5.208617909546742e-05,0.0007046646523378151,0.4587628865979381,6.394121416959249e-05,5.208617909546742e-05,0.0004951748681206152,0.00033152004119063605,0.0005247369173939928,0.0004268387652632266,-0.00016095456990571294,3.281355381081752e-05,session_date,17
EVENT-08,60min,QQQ,short_reversal,2022,165,165,158,165,-0.0006193115349623958,-0.0007234337358120735,0.006365067563575766,0.43670886075949367,0.0006193115349623958,0.0007234337358120735,0.0042834479013226364,0.0029567737334108557,0.0048237123940212305,0.004192135830343169,-0.0015691890389018875,0.0003596035208432251,session_date,17
EVENT-08,60min,QQQ,short_reversal,2023,171,171,165,171,-0.0005813554310189521,-0.00082323271314233,0.003924137047552192,0.4121212121212121,0.0005813554310189521,0.00082323271314233,0.0028397095417714855,0.0017321165430057572,0.003197378489868252,0.0027834008097167295,-0.0011512440715318792,7.292188817460098e-05,session_date,17
EVENT-08,60min,QQQ,short_reversal,2024,176,176,171,176,-0.0007322164973730332,-0.0007962991051113644,0.00322343790927943,0.38596491228070173,0.0007322164973730332,0.0007962991051113644,0.0021997048776669567,0.0016215598949411714,0.002701924659395835,0.002252081756245139,-0.001236136735924188,-0.0003000373740944116,session_date,17
EVENT-08,60min,SPY,short_reversal,2022,171,171,166,171,-0.0006570521228506453,-0.0006277948419125545,0.004643457051940925,0.43373493975903615,0.0006570521228506453,0.0006277948419125545,0.003177664494875787,0.0022478068994501443,0.003664788077011548,0.0030208589775759243,-0.0012940432099506755,1.1090001794428168e-05,session_date,17
EVENT-08,60min,SPY,short_reversal,2023,190,190,183,190,-0.00018289082673185228,-0.00028832706134074293,0.0030708915153701897,0.45901639344262296,0.00018289082673185228,0.00028832706134074293,0.002205075525704543,0.0014683922349427725,0.002146557235373779,0.0016239624684230014,-0.0005447966471071031,0.00025683982681912686,session_date,17
EVENT-08,60min,SPY,short_reversal,2024,196,196,184,196,-0.00032849871986947695,-0.0003145271028870411,0.0023455562106744062,0.41847826086956524,0.00032849871986947695,0.0003145271028870411,0.001546919353560534,0.0009698217220226457,0.0018406401437562952,0.0013912791048183992,-0.0006805064316210152,2.317117976966332e-05,session_date,17
EVENT-08,session_close,QQQ,short_reversal,2022,165,165,165,165,-0.001164908387580198,-0.002569237628615717,0.013639514542118808,0.4121212121212121,0.001164908387580198,0.002569237628615717,0.00927078542335693,0.006981300089047071,0.00914451578148686,0.007561495983935851,-0.0030306878275523984,0.000757904999363353,session_date,17
EVENT-08,session_close,QQQ,short_reversal,2023,171,171,171,171,-0.0013804865340315098,-0.0016160143210426359,0.007885691433453126,0.36257309941520466,0.0013804865340315098,0.0016160143210426359,0.00535602028655836,0.003581216882879712,0.006294420765828434,0.00478697941598849,-0.0026126547717122035,-0.00021607018391794474,session_date,17
EVENT-08,session_close,QQQ,short_reversal,2024,176,176,174,176,-0.0006917144997911775,-0.0006008058907794878,0.006473773039590775,0.41379310344827586,0.0006917144997911775,0.0006008058907794878,0.004244130231853787,0.0028353317934631805,0.004948824220007307,0.004059808837734102,-0.0015647884158348914,0.0002882607891642376,session_date,17
EVENT-08,session_close,SPY,short_reversal,2022,171,171,171,171,-0.0011231184555678926,-0.002052747823827472,0.010497101127777879,0.4093567251461988,0.0011231184555678926,0.002052747823827472,0.00705522319794227,0.00471482889733843,0.007095585433559682,0.00594735288593129,-0.0026273587370969904,0.0004238635691811442,session_date,17
EVENT-08,session_close,SPY,short_reversal,2023,190,190,189,190,-0.0006819376363711562,-0.0007844800169616306,0.005947693989952913,0.4021164021164021,0.0006819376363711562,0.0007844800169616306,0.004036398470861748,0.00274942083959151,0.004370318835637805,0.0033558589619822055,-0.001513269415855184,0.00015868860259245506,session_date,17
EVENT-08,session_close,SPY,short_reversal,2024,196,196,194,196,-0.00018963883936470947,-0.0005319728217669795,0.005272326769479229,0.44329896907216493,0.00018963883936470947,0.0005319728217669795,0.003491846046421583,0.002288348153927311,0.0035825822964175185,0.0026730514125511973,-0.0009508719053670474,0.0005492444609030101,session_date,17
EVENT-09,15min,QQQ,long_reversal,2022,80,80,79,80,0.00040821110030018457,-3.165658931658655e-07,0.0037704347843532993,0.4936708860759494,-0.00040821110030018457,3.165658931658655e-07,0.0027310304520753925,0.001975394212441417,-0.0024345771710744257,-0.0018952446588560434,-0.00038371241746585694,0.0012690347474221234,session_date,17
EVENT-09,15min,QQQ,long_reversal,2023,80,80,80,80,0.0002879492419909549,0.0002062637005185719,0.0023416343423999027,0.5625,-0.0002879492419909549,-0.0002062637005185719,0.0016909302618752051,0.0011030230274710062,-0.001504087587697049,-0.0011761523524312367,-0.0002592874473249167,0.0008072484938200798,session_date,17
EVENT-09,15min,QQQ,long_reversal,2024,72,72,72,72,0.00013973764923776936,0.0002916605208035383,0.0016569746688513914,0.6111111111111112,-0.00013973764923776936,-0.0002916605208035383,0.001140061754945348,0.0009098945936725222,-0.001073780987554263,-0.0007379235464322065,-0.0002330601186635322,0.000523810244319304,session_date,17
EVENT-09,15min,SPY,long_reversal,2022,71,71,71,71,0.000127273801203077,9.681245008108519e-05,0.0023783940072288692,0.5070422535211268,-0.000127273801203077,-9.681245008108519e-05,0.0017888090415651293,0.0013938225228162793,-0.0018127982035047198,-0.0012763395544851397,-0.00042616115231005475,0.0007012871281170851,session_date,17
EVENT-09,15min,SPY,long_reversal,2023,56,56,56,56,-0.00010343814195118428,-4.450980701931062e-05,0.0017894757629089357,0.48214285714285715,0.00010343814195118428,4.450980701931062e-05,0.0010567162922942852,0.0006852966365448188,-0.0012731287832977664,-0.0008326919981520575,-0.000547656904196233,0.00038626766313144584,session_date,17
EVENT-09,15min,SPY,long_reversal,2024,47,47,47,47,0.00013954266513492073,0.00019828811262767587,0.000940076574622147,0.6170212765957447,-0.00013954266513492073,-0.00019828811262767587,0.0007548796675139439,0.0005452923097259976,-0.0007896668591845602,-0.0005105432042172842,-0.00011925254146832934,0.0003766935576709911,session_date,17
EVENT-09,30min,QQQ,long_reversal,2022,80,80,79,80,-0.00012431602801857606,0.0,0.004268103171793458,0.4936708860759494,0.00012431602801857606,0.0,0.003468455705639321,0.0023667384930587954,-0.0033017888881148893,-0.0024489012931142584,-0.0010755373808909502,0.0008050132169760307,session_date,17
EVENT-09,30min,QQQ,long_reversal,2023,80,80,80,80,0.00025140043967332296,0.0006822860246109563,0.0028968907556595697,0.5625,-0.00025140043967332296,-0.0006822860246109563,0.0022359874445090216,0.001800360707411297,-0.002132034194484046,-0.001489490982002184,-0.00036149312259573153,0.0008637927870419614,session_date,17
EVENT-09,30min,QQQ,long_reversal,2024,72,72,71,72,0.0003389662400799481,0.00022453241125353074,0.0025089987628872006,0.5774647887323944,-0.0003389662400799481,-0.00022453241125353074,0.0016832877325728612,0.001271735109137806,-0.0014026130840310359,-0.0010339441670149663,-0.00023270206181222282,0.0009123375567604222,session_date,17
EVENT-09,30min,SPY,long_reversal,2022,71,71,71,71,-0.00015404102049832518,-0.00010217410621338185,0.0030986855156389043,0.4647887323943662,0.00015404102049832518,0.00010217410621338185,0.0023449316798745783,0.0018588307190872122,-0.002463854039854466,-0.0017458777885548393,-0.0008761529466081802,0.0005790932431226192,session_date,17
EVENT-09,30min,SPY,long_reversal,2023,56,56,56,56,-0.0003378022681515864,-0.00021162208419850392,0.0024213152366826065,0.44642857142857145,0.0003378022681515864,0.00021162208419850392,0.0014033993083877197,0.0009109505143638508,-0.0019280727916078952,-0.0012852285004987252,-0.0010170477999633114,0.00028762668940385527,session_date,17
EVENT-09,30min,SPY,long_reversal,2024,47,47,47,47,0.00025103894619983607,0.00029499548830447253,0.0014946248929464752,0.5957446808510638,-0.00025103894619983607,-0.00029499548830447253,0.0011661672549702618,0.0009045169314263468,-0.001111724035158586,-0.0007057818391188464,-0.00017382248684547533,0.0006316234268578369,session_date,17
EVENT-09,5min,QQQ,long_reversal,2022,80,80,79,80,8.610192767262384e-05,6.350819255684925e-05,0.0018469190531578334,0.5316455696202531,-8.610192767262384e-05,-6.350819255684925e-05,0.0014128256990063297,0.0009150371098383125,-0.0014854539977107032,-0.0011552651320647644,-0.0002913723048200528,0.00048531705640134884,session_date,17
EVENT-09,5min,QQQ,long_reversal,2023,80,80,80,80,0.00018296341274879198,0.0002011408999152975,0.0011929473326058053,0.5375,-0.00018296341274879198,-0.0002011408999152975,0.0009726848937024413,0.0008579516916514818,-0.0008902836333835762,-0.0007041770854137042,-6.614800285682862e-05,0.000410441255074812,session_date,17
EVENT-09,5min,QQQ,long_reversal,2024,72,72,72,72,7.957949261440851e-05,0.00011300039643991067,0.0007962885014763129,0.5972222222222222,-7.957949261440851e-05,-0.00011300039643991067,0.000665088489977138,0.0005491343310657371,-0.0005558886738301674,-0.00040985173680974096,-0.00010600983412953716,0.00026780990815618164,session_date,17
EVENT-09,5min,SPY,long_reversal,2022,71,71,71,71,-3.3446612813243385e-05,0.000124226688861917,0.0014741890707002038,0.5774647887323944,3.3446612813243385e-05,-0.000124226688861917,0.0010136121142022168,0.0007291995819254105,-0.0011306914158955783,-0.0007639817670660465,-0.00036586703299310534,0.00031828121498124977,session_date,17
EVENT-09,5min,SPY,long_reversal,2023,56,56,56,56,-0.00011176617099802253,-0.00017995471819259867,0.0007807162978199014,0.4107142857142857,0.00011176617099802253,0.00017995471819259867,0.0005465769696990086,0.00041091111210000975,-0.0007082695793951702,-0.000600044751312423,-0.00030436625633975404,9.575060178713396e-05,session_date,17
EVENT-09,5min,SPY,long_reversal,2024,47,47,47,47,-2.148271444678008e-05,1.91000076401604e-05,0.0005922101662642161,0.5106382978723404,2.148271444678008e-05,-1.91000076401604e-05,0.0004302185029583475,0.0003260193042944337,-0.0005079322530053335,-0.0003644061914346297,-0.0002042940713456952,0.00012280190900340504,session_date,17
EVENT-09,60min,QQQ,long_reversal,2022,80,80,79,80,-0.0008517199927252175,-0.00034656038814773193,0.005964330148124704,0.46835443037974683,0.0008517199927252175,0.00034656038814773193,0.004360340908002835,0.00337186897880537,-0.00480873295246346,-0.0037038209503307273,-0.002086730813302996,0.000487931557931714,session_date,17
EVENT-09,60min,QQQ,long_reversal,2023,80,80,80,80,0.0002734420593318063,0.000577673214534391,0.0036472246672522163,0.5625,-0.0002734420593318063,-0.000577673214534391,0.003081547383919148,0.002731419121677958,-0.0027369141024248603,-0.0018558506595039437,-0.0005223399974557335,0.0009950957785251047,session_date,17
EVENT-09,60min,QQQ,long_reversal,2024,72,72,70,72,0.0005805866096675914,0.0002232549211480528,0.003000853274971723,0.5571428571428572,-0.0005805866096675914,-0.0002232549211480528,0.002312590744767516,0.0018579568692197457,-0.001949394676065067,-0.0013551255243285931,-2.8503063108265502e-05,0.0013761829254641713,session_date,17
EVENT-09,60min,SPY,long_reversal,2022,71,71,71,71,-0.0001698205535809695,0.00018896957589831231,0.003996679614127535,0.5352112676056338,0.0001698205535809695,-0.00018896957589831231,0.003100899440248812,0.0025407373024211033,-0.0034532009649493817,-0.0025007388546616216,-0.0011061889434545186,0.0006716524162283317,session_date,17
EVENT-09,60min,SPY,long_reversal,2023,56,56,56,56,-0.0002155707943819216,0.00028335717761929224,0.0033073431104949096,0.5357142857142857,0.0002155707943819216,-0.00028335717761929224,0.0019502934706312005,0.0011765203882317943,-0.0025114472323535175,-0.0016864563193628168,-0.0011529499065713446,0.000650446489283039,session_date,17
EVENT-09,60min,SPY,long_reversal,2024,47,47,47,47,0.0004042991796319787,0.00027507049918362725,0.002205486014657225,0.5319148936170213,-0.0004042991796319787,-0.00027507049918362725,0.0018708181268011098,0.0013898191560615114,-0.0015121293433452568,-0.0009418685349812383,-0.00020754354425316362,0.0009491164702151825,session_date,17
EVENT-09,session_close,QQQ,long_reversal,2022,80,80,79,80,-0.00025768137906967696,0.0036181943487250123,0.013084449531466947,0.5569620253164557,0.00025768137906967696,-0.0036181943487250123,0.008410900083533178,0.007647641977057251,-0.010110706527816458,-0.006978668297420776,-0.0032316935604786213,0.00259370736804157,session_date,17
EVENT-09,session_close,QQQ,long_reversal,2023,80,80,80,80,0.0018253212955139874,0.001024315144094401,0.008472029233830712,0.6,-0.0018253212955139874,-0.001024315144094401,0.006670298206518923,0.005466011508067914,-0.00497033199859583,-0.003340708852954344,5.6438617256167414e-05,0.0033976774080530904,session_date,17
EVENT-09,session_close,QQQ,long_reversal,2024,72,72,72,72,0.0011004034150445263,0.0008309687360865681,0.004986448488554708,0.5694444444444444,-0.0011004034150445263,-0.0008309687360865681,0.004346739687111319,0.003434041634500118,-0.003755604200189342,-0.0032108780774248724,-0.00018095628775118675,0.002192405118472036,session_date,17
EVENT-09,session_close,SPY,long_reversal,2022,71,71,71,71,0.0016001532210707268,0.003331846682582462,0.009065232740392191,0.6901408450704225,-0.0016001532210707268,-0.003331846682582462,0.00655903968846191,0.006009929448654416,-0.006614346095502371,-0.0053013392857141906,-0.0008786077192057362,0.0038181927328211824,session_date,17
EVENT-09,session_close,SPY,long_reversal,2023,56,56,56,56,0.00014468940478956044,0.000954784016174437,0.007103792840924247,0.5535714285714286,-0.00014468940478956044,-0.000954784016174437,0.0042505662828865465,0.003734134708312853,-0.004465024047444013,-0.0025175810073572724,-0.0017011660440302539,0.001792141880525997,session_date,17
EVENT-09,session_close,SPY,long_reversal,2024,47,47,47,47,0.0005149325517974221,0.0005710410792676424,0.00479296567317901,0.5957446808510638,-0.0005149325517974221,-0.0005710410792676424,0.0035819194553266412,0.002548080386083562,-0.002988443836409847,-0.0025304679858162427,-0.0009566206465659315,0.0016548034439246091,session_date,17
EVENT-10,15min,QQQ,short_reversal,2022,75,75,75,75,0.0004721762575659468,0.0006992273537740346,0.003575305764231261,0.56,-0.0004721762575659468,-0.0006992273537740346,0.002791960669404654,0.0022810074449548523,0.0022563094866168646,0.0014851305828230688,-0.00045686566101588286,0.0012996008390776547,session_date,17
EVENT-10,15min,QQQ,short_reversal,2023,64,64,64,64,-9.554993715760185e-05,-0.00023921025395279294,0.0023029700710123094,0.453125,9.554993715760185e-05,0.00023921025395279294,0.0016491919498821325,0.0012200085275794192,0.0016587901989337708,0.001089216579196306,-0.0007275074575582205,0.00040216878597423963,session_date,17
EVENT-10,15min,QQQ,short_reversal,2024,66,66,66,66,6.0668433565136066e-05,-0.0001460179269229256,0.0013686555198945188,0.42424242424242425,-6.0668433565136066e-05,0.0001460179269229256,0.0013041876933121237,0.0008283516181459838,0.0011670273783612824,0.0010070317309691657,-0.000256411271528701,0.0004077209337056294,session_date,17
EVENT-10,15min,SPY,short_reversal,2022,67,67,66,67,-0.00035037360389229285,-0.00029083654264350223,0.002828704203588342,0.45454545454545453,0.00035037360389229285,0.00029083654264350223,0.0017885333882240585,0.001368701789370208,0.0020007548005280783,0.001430986526932021,-0.0010314752890727213,0.00023555082165152672,session_date,17
EVENT-10,15min,SPY,short_reversal,2023,65,65,65,65,-0.00020423370589924914,-0.0002556151991019995,0.0017424213823104347,0.4461538461538462,0.00020423370589924914,0.0002556151991019995,0.001093994771161537,0.0007467220169088407,0.001231710273356929,0.0007280139778683692,-0.0006258248478937902,0.00020799069137039953,session_date,17
EVENT-10,15min,SPY,short_reversal,2024,49,49,49,49,-4.3502613399731485e-05,1.8825913356446122e-05,0.0007854459678378868,0.5306122448979592,4.3502613399731485e-05,-1.8825913356446122e-05,0.0008273201919919154,0.0006494956260529872,0.0007081670163744482,0.0006013229104027129,-0.00027603060448500765,0.00016404678888133175,session_date,17
EVENT-10,30min,QQQ,short_reversal,2022,75,75,75,75,0.0007955799532652567,0.0013008798055527127,0.004937591391063517,0.6133333333333333,-0.0007955799532652567,-0.0013008798055527127,0.004150458970611366,0.0033087682358248216,0.0029638348291063923,0.0024006478856943847,-0.0002783920964191264,0.0018788432222992676,session_date,17
EVENT-10,30min,QQQ,short_reversal,2023,64,64,64,64,0.00030782965677169163,0.0007495131018455115,0.002666172048541224,0.578125,-0.00030782965677169163,-0.0007495131018455115,0.002207896810787157,0.0017885521319865871,0.0019728992855438734,0.0014316859229180356,-0.00039553447531964585,0.0008353653054321048,session_date,17
EVENT-10,30min,QQQ,short_reversal,2024,66,66,64,66,0.00017077415831225247,0.00020877019100495886,0.002282758134811508,0.515625,-0.00017077415831225247,-0.00020877019100495886,0.0018717228939271052,0.001310005383512336,0.0016269816778038265,0.0014122367415074777,-0.0003651525587967879,0.0007111213171735071,session_date,17
EVENT-10,30min,SPY,short_reversal,2022,67,67,66,67,-0.00022271232175419769,-0.00040962455122828256,0.003996990892908485,0.45454545454545453,0.00022271232175419769,0.00040962455122828256,0.0025706391097732504,0.0017417622300303082,0.002755537771801488,0.0018705567315743243,-0.0011422598602690043,0.0007863973763695583,session_date,17
EVENT-10,30min,SPY,short_reversal,2023,65,65,65,65,-0.00016404240748365124,1.189428360726108e-05,0.002195681451252934,0.5076923076923077,0.00016404240748365124,-1.189428360726108e-05,0.00152439307745109,0.0012114804290843662,0.001561203257342366,0.0011188741639522881,-0.00071359803082149,0.0003434673237357079,session_date,17
EVENT-10,30min,SPY,short_reversal,2024,49,49,47,49,7.24674961806289e-05,2.0090406830708396e-05,0.0011840363233937784,0.5106382978723404,-7.24674961806289e-05,-2.0090406830708396e-05,0.0011102468713176778,0.000978191972315967,0.00093893891018926,0.000935453695042221,-0.00023257508554045756,0.0003790239934135405,session_date,17
EVENT-10,5min,QQQ,short_reversal,2022,75,75,75,75,0.00021944756319113522,0.00023192170323294015,0.001985351651116773,0.5333333333333333,-0.00021944756319113522,-0.00023192170323294015,0.001568685367336021,0.0011425197150367605,0.0014149496876281155,0.001118454499237309,-0.00019223039241293856,0.0006557410748030245,session_date,17
EVENT-10,5min,QQQ,short_reversal,2023,64,64,64,64,-3.292742082197306e-05,6.033828832513466e-05,0.0015530206843964956,0.515625,3.292742082197306e-05,-6.033828832513466e-05,0.0009784152281636024,0.0007009869565949289,0.0010637406822456875,0.0007518787962317863,-0.0003909172803733285,0.00034339417871532716,session_date,17
EVENT-10,5min,QQQ,short_reversal,2024,66,66,66,66,9.723873722998194e-06,-2.4611269248131507e-05,0.0010756244583813952,0.45454545454545453,-9.723873722998194e-06,2.4611269248131507e-05,0.0007604177920551972,0.0005595607983551742,0.0007664764823641628,0.0005545610871146578,-0.0002531592496000369,0.0002587362504205202,session_date,17
EVENT-10,5min,SPY,short_reversal,2022,67,67,67,67,-5.6244725541458245e-05,-0.00013374095437757028,0.0014590401156900964,0.43283582089552236,5.6244725541458245e-05,0.00013374095437757028,0.0009912815429516228,0.00068449740144505,0.0011798737641624544,0.0008316989001714292,-0.0003873578917514582,0.0002982034374921807,session_date,17
EVENT-10,5min,SPY,short_reversal,2023,65,65,65,65,-0.00017943696765674482,-8.890963447028e-06,0.0010140663709327924,0.47692307692307695,0.00017943696765674482,8.890963447028e-06,0.0006440519935827829,0.0005172736377543341,0.0007209238737343607,0.00046237813332161704,-0.0004266188654071656,7.153226731238599e-05,session_date,17
EVENT-10,5min,SPY,short_reversal,2024,49,49,49,49,8.624968640085535e-05,-1.8375597206965466e-05,0.0006563890788415449,0.46938775510204084,-8.624968640085535e-05,1.8375597206965466e-05,0.0005319695308890691,0.0003392536419875025,0.0004153641700189589,0.00034121954153665257,-0.00010328474358296074,0.00028185055022351675,session_date,17
EVENT-10,60min,QQQ,short_reversal,2022,75,75,75,75,0.00046458821740867536,0.0006705034363301277,0.005854309280612067,0.6,-0.00046458821740867536,-0.0006705034363301277,0.005083502843584776,0.004128316188413805,0.004272524859049454,0.002923077784579231,-0.0008770901732444595,0.0016684874294930355,session_date,17
EVENT-10,60min,QQQ,short_reversal,2023,64,64,64,64,0.00025333301578637016,0.0008320534331963669,0.0039030788969106694,0.578125,-0.00025333301578637016,-0.0008320534331963669,0.0030354326523463065,0.0027680581376891,0.002587220128246963,0.0019192999730771043,-0.0007572942404257453,0.0010852724536153443,session_date,17
EVENT-10,60min,QQQ,short_reversal,2024,66,66,63,66,0.0008087295217054531,0.00027094134003480264,0.0037271229880602975,0.5079365079365079,-0.0008087295217054531,-0.00027094134003480264,0.0029713340883684414,0.0018760552810954678,0.002088353637410029,0.0017904123201379907,-1.4655019529189512e-05,0.001858180906628769,session_date,17
EVENT-10,60min,SPY,short_reversal,2022,67,67,66,67,-0.0005930274618515168,-0.00023238370091871463,0.00497850066661462,0.4393939393939394,0.0005930274618515168,0.00023238370091871463,0.0033462212999706893,0.0020824654969400225,0.003970311325210454,0.002609662997959672,-0.001828859751753317,0.0005779001574290878,session_date,17
EVENT-10,60min,SPY,short_reversal,2023,65,65,64,65,-9.311942202608163e-05,-8.593452389682454e-05,0.0028614365114132405,0.46875,9.311942202608163e-05,8.593452389682454e-05,0.002151574514503495,0.0014902802523883985,0.002075454102690326,0.0015099391616825164,-0.0007887257011241673,0.0005423810444819756,session_date,17
EVENT-10,60min,SPY,short_reversal,2024,49,49,46,49,-3.411015226586199e-05,-0.00022514413132179723,0.00177341603290919,0.45652173913043476,3.411015226586199e-05,0.00022514413132179723,0.0015218432379836748,0.0011754903525674765,0.0012721516970786886,0.001062237876889971,-0.0005575686588750985,0.000500563246072499,session_date,17
EVENT-10,session_close,QQQ,short_reversal,2022,75,75,75,75,0.0008251171248180592,0.0009631031848826854,0.01460540539956415,0.5333333333333333,-0.0008251171248180592,-0.0009631031848826854,0.010480839395970287,0.008956087679953706,0.008343576473250323,0.005410062026188767,-0.0027034391347730024,0.003990696976986252,session_date,17
EVENT-10,session_close,QQQ,short_reversal,2023,64,64,64,64,-0.0012064766895790707,-0.0015539231211939564,0.008059798992717368,0.375,0.0012064766895790707,0.0015539231211939564,0.005567762624336347,0.004950869515807477,0.005897903640635367,0.004045237467687979,-0.003371793060815439,0.0005653242660649756,session_date,17
EVENT-10,session_close,QQQ,short_reversal,2024,66,66,66,66,0.0008730999610863554,-0.00022736022944103151,0.00773181458830296,0.4696969696969697,-0.0008730999610863554,0.00022736022944103151,0.005769382585552306,0.004418337357338542,0.003958923879186492,0.003116013660447059,-0.0007576464019945442,0.0027582664688030668,session_date,17
EVENT-10,session_close,SPY,short_reversal,2022,67,67,67,67,-7.929436894455491e-05,0.0003546817997569507,0.010251156318512807,0.5373134328358209,7.929436894455491e-05,-0.0003546817997569507,0.007443234072911872,0.00549762543877752,0.006818077125293996,0.005018558210047486,-0.002442992374989047,0.0023657107699915324,session_date,17
EVENT-10,session_close,SPY,short_reversal,2023,65,65,65,65,-2.5387622300715024e-05,0.00015399168444907296,0.006282166002921538,0.5076923076923077,2.5387622300715024e-05,-0.00015399168444907296,0.004756363049134591,0.0038113355469471255,0.004393654305134547,0.003292244934155142,-0.0014002216712917972,0.001481530933977869,session_date,17
EVENT-10,session_close,SPY,short_reversal,2024,49,49,49,49,-0.000518173986670434,-0.0005464390389298135,0.0031463220227579275,0.4489795918367347,0.000518173986670434,0.0005464390389298135,0.002813912336867971,0.002309677186524528,0.0028898628495170704,0.0020820595865624902,-0.0013324083749636922,0.0003874570774083862,session_date,17
