symbol,session_date,direction,opening_high,opening_low,last_sweep_time,signal_time,signal_close,fvg_size,stop,target,intended_quantity,actual_quantity,entry_time,entry_price,exit_time,exit_price,exit_reason,gross_pnl,commission,slippage_cost,net_pnl,intended_R,realized_R,intended_risk,realized_risk,risk_percent_intended,risk_percent_realized,quantity_rejection_reason,hypothesis_id,scenario,equity_before,equity_after,fvg_size_ticks,atr_14,fvg_size_normalized_by_atr,bars_since_last_sweep,confirmation_offset_bars,sweep_depth_ticks,stop_distance,minutes_between_last_touch_and_confirmation,original_body_stop,structural_stop_distance_from_original,structural_segment_bars,year,entry_hour
QQQ,2022-01-05,short,395.37,392.36,2022-01-05T15:00:00+00:00,2022-01-05T15:15:00+00:00,394.04,0.009999999999990905,395.9,390.3200000000001,2,2,2022-01-05T15:20:00+00:00,394.03000000000003,2022-01-05T19:05:00+00:00,390.3300000000001,TAKE_PROFIT,7.399999999999864,0.15687200000000004,0.03999999999996362,7.243127999999864,1.9892473118279665,1.9470774193548472,5.0,3.7199999999999136,0.005,0.0037199999999999135,,HYP-FCR-04,baseline,1000.0,1007.2431279999998,0.9999999999990905,1.275169999999997,0.007842091642675823,3,3,51.99999999999818,1.8599999999999568,15.0,394.86,1.0399999999999636,4,2022,10
SPY,2022-01-05,short,477.66,476.13,2022-01-05T15:30:00+00:00,2022-01-05T15:35:00+00:00,477.16,0.08999999999997499,477.74,476.00000000000006,2,2,2022-01-05T15:40:00+00:00,477.15000000000003,2022-01-05T17:49:00+00:00,476.01000000000005,TAKE_PROFIT,2.2799999999999727,0.19063200000000002,0.03999999999996362,2.089367999999973,1.9655172413793407,1.8011793103448535,5.0,1.1599999999999682,0.005,0.0011599999999999681,,HYP-FCR-04,baseline,1000.0,1002.0893679999999,8.999999999997499,0.6519857142857249,0.13803983435215816,1,1,6.999999999999318,0.5799999999999841,5.0,477.75,0.009999999999990905,2,2022,10
QQQ,2022-01-06,long,386.26,381.94,2022-01-06T15:20:00+00:00,2022-01-06T15:30:00+00:00,385.31,0.4000000000000341,381.78000000000003,392.36999999999995,1,1,2022-01-06T15:35:00+00:00,385.31,2022-01-06T20:59:00+00:00,384.02,FORCED_SESSION_CLOSE,-1.2900000000000205,0.076933,0.009999999999990905,-1.3669330000000204,-0.3654390934844279,-0.38723314447592944,5.036215639999999,3.5299999999999727,0.005,0.003504615620470109,,HYP-FCR-04,baseline,1007.2431279999998,1005.8761949999998,40.00000000000341,1.801538461538467,0.22203245089668777,2,2,14.999999999997726,3.5299999999999727,10.0,382.18,0.39999999999997726,3,2022,10
SPY,2022-01-06,long,470.395,466.81,2022-01-06T15:20:00+00:00,2022-01-06T15:30:00+00:00,468.785,0.11459999999999582,466.35,473.65500000000003,2,2,2022-01-06T15:35:00+00:00,468.8,2022-01-06T20:59:00+00:00,467.92,FORCED_SESSION_CLOSE,-1.759999999999991,0.187344,0.049999999999954525,-1.9473439999999909,-0.3613963039014352,-0.39986529774127083,5.010446839999999,4.8700000000000045,0.005,0.0048598459932966825,,HYP-FCR-04,baseline,1002.0893679999999,1000.1420239999999,11.459999999999582,1.2711846153846147,0.09015212944920828,2,2,44.99999999999886,2.4350000000000023,10.0,466.44,0.08999999999997499,3,2022,10
QQQ,2022-01-07,long,385.76,381.1,2022-01-07T16:45:00+00:00,2022-01-07T16:50:00+00:00,381.96,0.3199999999999932,380.14,385.59999999999997,2,2,2022-01-07T16:55:00+00:00,381.96999999999997,2022-01-07T17:37:00+00:00,380.13,STOP_LOSS,-3.67999999999995,0.15242,0.03999999999996362,-3.83241999999995,-1.010989010989001,-1.0528626373626275,5.029380975,3.6399999999999864,0.005,0.0036187356039378057,,HYP-FCR-04,baseline,1005.8761949999998,1002.0437749999999,31.999999999999318,1.0049928571428464,0.31841022324252144,1,1,95.00000000000455,1.8199999999999932,5.0,380.26,0.12000000000000455,2,2022,11
SPY,2022-01-07,long,469.2,466.73,2022-01-07T16:45:00+00:00,2022-01-07T16:50:00+00:00,468.025,0.5683999999999969,466.46000000000004,471.15499999999986,2,2,2022-01-07T16:55:00+00:00,468.03,2022-01-07T19:23:00+00:00,466.45000000000005,STOP_LOSS,-3.1599999999998545,0.186896,0.029999999999972715,-3.3468959999998544,-1.0095846645367328,-1.0692958466453613,5.00071012,3.1299999999998818,0.005,0.003129555528005573,,HYP-FCR-04,baseline,1000.1420239999999,996.795128,56.83999999999969,0.7352928571428582,0.7730253251862664,1,1,25.99999999999909,1.5649999999999409,5.0,466.42,0.040000000000020464,2,2022,11
QQQ,2022-01-10,long,375.71,371.47,2022-01-10T16:10:00+00:00,2022-01-10T16:15:00+00:00,372.62,0.21299999999996544,370.98,375.9,2,2,2022-01-10T16:20:00+00:00,372.59,2022-01-10T17:19:00+00:00,370.97,STOP_LOSS,-3.2399999999998954,0.14871199999999998,0.08000000000004093,-3.3887119999998956,-0.9878048780487568,-1.0331439024390012,5.010218875,3.2799999999999727,0.005,0.0032733100906694153,,HYP-FCR-04,baseline,1002.0437749999999,998.6550629999999,21.299999999996544,0.9975857142857153,0.21351548739095194,1,1,48.00000000000182,1.6399999999999864,5.0,370.61,0.37000000000000455,2,2022,11
SPY,2022-01-10,long,463.02,459.01,2022-01-10T16:15:00+00:00,2022-01-10T16:20:00+00:00,459.8,0.060000000000002274,458.54,462.32,2,2,2022-01-10T16:25:00+00:00,459.81,2022-01-10T16:41:00+00:00,458.53000000000003,STOP_LOSS,-2.5599999999999454,0.18366800000000003,0.03999999999996362,-2.7436679999999454,-1.0158730158730016,-1.088757142857129,4.98397564,2.519999999999982,0.005,0.0025281022440952197,,HYP-FCR-04,baseline,996.795128,994.05146,6.000000000000227,0.8690071428571409,0.06904431165287428,1,1,45.999999999997954,1.259999999999991,5.0,458.44,0.10000000000002274,2,2022,11
QQQ,2022-01-11,short,380.0598,377.2182,2022-01-11T15:30:00+00:00,2022-01-11T15:35:00+00:00,379.26,0.29000000000002046,381.43,374.91999999999996,2,2,2022-01-11T15:40:00+00:00,379.26,2022-01-11T16:06:00+00:00,381.44,STOP_LOSS,-4.360000000000014,0.15214000000000003,0.01999999999998181,-4.512140000000014,-1.0046082949308714,-1.0396635944700416,4.993275315,4.340000000000032,0.005,0.004345844887585607,,HYP-FCR-04,baseline,998.6550629999999,994.1429229999999,29.000000000002046,1.4701142857142844,0.19726357523226037,1,1,136.02000000000203,2.170000000000016,5.0,380.39,1.0400000000000205,2,2022,10
SPY,2022-01-12,short,472.68,470.89,2022-01-12T15:25:00+00:00,2022-01-12T15:30:00+00:00,471.89,0.040000000000020464,472.73,470.2099999999999,2,2,2022-01-12T15:35:00+00:00,471.89,2022-01-12T15:42:00+00:00,470.2199999999999,TAKE_PROFIT,3.3400000000001455,0.18842199999999998,0.01999999999998181,3.1515780000001454,1.9880952380952495,1.8759392857143011,4.9702573,1.6800000000000637,0.005,0.0016900533499544013,,HYP-FCR-04,baseline,994.05146,997.2030380000002,4.000000000002046,0.8139923076923048,0.04914051351839158,1,1,4.000000000002046,0.8400000000000318,5.0,472.9,0.16999999999995907,2,2022,10
QQQ,2022-01-12,short,389.75,387.14,2022-01-12T15:25:00+00:00,2022-01-12T15:35:00+00:00,387.18,0.6100000000000136,389.99,381.56,1,1,2022-01-12T15:40:00+00:00,387.18,2022-01-12T20:59:00+00:00,387.43,FORCED_SESSION_CLOSE,-0.25,0.077461,0.009999999999990905,-0.327461,-0.08896797153024903,-0.11653416370106752,4.9707146149999994,2.8100000000000023,0.005,0.00282655535234344,,HYP-FCR-04,baseline,994.1429229999999,993.8154619999999,61.000000000001364,1.1885714285714317,0.513221153846164,2,2,23.00000000000182,2.8100000000000023,10.0,389.59,0.4000000000000341,3,2022,10
QQQ,2022-01-14,short,380.08,374.86,2022-01-14T15:15:00+00:00,2022-01-14T15:30:00+00:00,378.02,0.22999999999996135,380.21999999999997,373.62,2,2,2022-01-14T15:35:00+00:00,377.99,2022-01-14T20:39:00+00:00,380.22999999999996,STOP_LOSS,-4.4799999999999045,0.151644,0.07999999999992724,-4.631643999999905,-1.0181818181818016,-1.0526463636363474,4.969077309999999,4.399999999999977,0.005,0.004427381307939419,,HYP-FCR-04,baseline,993.8154619999999,989.183818,22.999999999996135,1.5346153846153838,0.14987468671676688,3,3,12.999999999999545,2.1999999999999886,15.0,379.99,0.22999999999996135,4,2022,10
SPY,2022-01-14,short,464.5,460.73,2022-01-14T15:20:00+00:00,2022-01-14T16:10:00+00:00,461.23,0.1500000000000341,464.8,454.09000000000003,1,1,2022-01-14T16:15:00+00:00,461.2,2022-01-14T20:45:00+00:00,464.81,STOP_LOSS,-3.6100000000000136,0.092601,0.040000000000020464,-3.702601000000014,-1.0112044817927228,-1.0371431372549078,4.986015190000002,3.569999999999993,0.005,0.0035800131607701662,,HYP-FCR-04,baseline,997.2030380000002,993.5004370000003,15.00000000000341,1.0470500000000007,0.14325963421043314,10,10,29.000000000002046,3.569999999999993,50.0,462.62,2.180000000000007,11,2022,11
QQQ,2022-01-18,short,374.78,372.31,2022-01-18T15:45:00+00:00,2022-01-18T15:55:00+00:00,373.31,0.15999999999996817,375.05,369.83,2,2,2022-01-18T16:00:00+00:00,373.31,2022-01-18T20:55:00+00:00,369.84,TAKE_PROFIT,6.940000000000055,0.14863,0.01999999999998181,6.791370000000055,1.9942528735632237,1.9515431034482813,4.94591909,3.480000000000018,0.005,0.003518051889522538,,HYP-FCR-04,baseline,989.183818,995.975188,15.999999999996817,1.1217857142857253,0.14262973575291515,2,2,26.000000000004775,1.740000000000009,10.0,374.8,0.25,3,2022,11
SPY,2022-01-18,long,459.96,457.14,2022-01-18T16:35:00+00:00,2022-01-18T16:40:00+00:00,457.85,0.13999999999998636,456.65000000000003,460.25,2,2,2022-01-18T16:45:00+00:00,457.84999999999997,2022-01-18T17:28:00+00:00,456.64000000000004,STOP_LOSS,-2.4199999999998454,0.182898,0.020000000000095497,-2.602897999999845,-1.0083333333332785,-1.084540833333279,4.967502185000002,2.3999999999999773,0.005,0.002415701000844126,,HYP-FCR-04,baseline,993.5004370000003,990.8975390000004,13.999999999998636,0.7114285714285741,0.1967871485943576,1,1,47.999999999996135,1.1999999999999886,5.0,456.73,0.07999999999998408,2,2022,11
QQQ,2022-01-19,short,374.609,371.75,2022-01-19T15:00:00+00:00,2022-01-19T15:25:00+00:00,372.5063,0.009999999999990905,374.7,368.11890000000005,2,2,2022-01-19T15:30:00+00:00,372.51,2022-01-19T20:45:00+00:00,368.12890000000004,TAKE_PROFIT,8.762199999999893,0.14812778000000001,0.027399999999943248,8.614072219999894,1.9971281396726943,1.963366052787523,4.97987594,4.387399999999957,0.005,0.004405129819358469,,HYP-FCR-04,baseline,995.975188,1004.5892602199999,0.9999999999990905,1.2624166666666714,0.007921314938272521,5,5,8.100000000001728,2.1936999999999784,25.0,374.32,0.37999999999999545,6,2022,10
QQQ,2022-01-20,short,372.55,369.53,2022-01-20T16:40:00+00:00,2022-01-20T16:45:00+00:00,372.02,0.19999999999998863,372.78999999999996,370.48,2,2,2022-01-20T16:50:00+00:00,371.99,2022-01-20T16:57:00+00:00,372.79999999999995,STOP_LOSS,-1.6199999999998909,0.148958,0.07999999999992724,-1.7689579999998908,-1.051948051948006,-1.1486740259739823,5.022946301099999,1.5399999999999636,0.005,0.0015329648255076025,,HYP-FCR-04,baseline,1004.5892602199999,1002.82030222,19.999999999998863,0.6686714285714288,0.2991005618817527,1,1,22.999999999996135,0.7699999999999818,5.0,372.87,0.08000000000004093,2,2022,11
SPY,2022-01-20,short,457.01,453.51,2022-01-20T17:50:00+00:00,2022-01-20T17:55:00+00:00,456.73,0.349899999999991,457.39,455.4100000000001,2,2,2022-01-20T18:00:00+00:00,456.71000000000004,2022-01-20T18:17:00+00:00,455.4200000000001,TAKE_PROFIT,2.5799999999999272,0.18242600000000003,0.05999999999994543,2.3975739999999273,1.9545454545454937,1.816343939393972,4.954487695000002,1.3199999999999363,0.005,0.0013321256215168941,,HYP-FCR-04,baseline,990.8975390000004,993.2951130000004,34.9899999999991,0.4653571428571297,0.7518956254796643,1,1,37.000000000000455,0.6599999999999682,5.0,457.65,0.2599999999999909,2,2022,13
QQQ,2022-01-21,long,361.24,356.66,2022-01-21T15:30:00+00:00,2022-01-21T15:35:00+00:00,358.39,1.0300000000000296,356.23,362.7099999999999,2,2,2022-01-21T15:40:00+00:00,358.40999999999997,2022-01-21T17:49:00+00:00,356.22,STOP_LOSS,-4.379999999999882,0.142926,0.05999999999994543,-4.522925999999882,-1.0138888888888764,-1.0469736111110992,5.014101511100001,4.319999999999936,0.005,0.00430785055950354,,HYP-FCR-04,baseline,1002.82030222,998.2973762200002,103.00000000000296,1.9367857142857068,0.5318089618292631,1,1,42.00000000000159,2.159999999999968,5.0,355.48,0.75,2,2022,10
SPY,2022-01-21,long,446.67,443.14,2022-01-21T15:30:00+00:00,2022-01-21T15:35:00+00:00,444.26,0.5699999999999932,442.35110000000003,448.0777999999999,2,2,2022-01-21T15:40:00+00:00,444.26,2022-01-21T17:49:00+00:00,442.34110000000004,STOP_LOSS,-3.837799999999902,0.17732022000000003,0.01999999999998181,-4.015120219999902,-1.0052386191000007,-1.0516842736654581,4.966475565000002,3.81779999999992,0.005,0.0038435707072686652,,HYP-FCR-04,baseline,993.2951130000004,989.2799927800005,56.99999999999932,1.681828571428574,0.33891682522424116,1,1,77.88999999999646,1.90889999999996,5.0,441.97,0.38110000000000355,2,2022,10
QQQ,2022-01-24,long,347.66,342.53,2022-01-24T18:45:00+00:00,2022-01-24T18:50:00+00:00,344.98,1.079999999999984,341.92,351.1,1,1,2022-01-24T18:55:00+00:00,344.96999999999997,2022-01-24T19:37:00+00:00,341.91,STOP_LOSS,-3.0599999999999454,0.068688,0.020000000000038654,-3.1286879999999453,-0.9999999999999815,-1.0224470588235108,4.991486881100001,3.0600000000000023,0.005,0.003065218914614931,,HYP-FCR-04,baseline,998.2973762200002,995.1686882200003,107.99999999999841,1.850442857142854,0.583644069759355,1,1,59.99999999999659,3.0600000000000023,5.0,341.98,0.060000000000002274,2,2022,13
SPY,2022-01-24,long,433.46,428.45,2022-01-24T18:45:00+00:00,2022-01-24T18:50:00+00:00,430.3701,0.9300000000000068,427.43,436.2502999999999,1,1,2022-01-24T18:55:00+00:00,430.40999999999997,2022-01-24T19:37:00+00:00,427.42,STOP_LOSS,-2.9899999999999523,0.085783,0.04989999999997963,-3.0757829999999524,-1.0169722118295228,-1.0461491105744638,4.946399963900003,2.9400999999999726,0.005,0.0029719594265097023,,HYP-FCR-04,baseline,989.2799927800005,986.2042097800005,93.00000000000068,1.795100000000003,0.5180769873544678,1,1,100.99999999999909,2.9400999999999726,5.0,427.51,0.07999999999998408,2,2022,13
QQQ,2022-01-25,long,348.73,342.85,2022-01-25T15:10:00+00:00,2022-01-25T15:15:00+00:00,344.21,0.21999999999997044,342.34000000000003,347.9499999999999,2,2,2022-01-25T15:20:00+00:00,344.23,2022-01-25T16:37:00+00:00,342.33000000000004,STOP_LOSS,-3.7999999999999545,0.13731200000000002,0.06000000000005912,-3.9373119999999546,-1.0160427807486794,-1.0527572192513541,4.975843441100001,3.7399999999998954,0.005,0.0037581568273509624,,HYP-FCR-04,baseline,995.1686882200003,991.2313762200004,21.999999999997044,2.0279900000000053,0.10848179724750609,1,1,50.0,1.8699999999999477,5.0,342.68,0.339999999999975,2,2022,10
SPY,2022-01-25,long,434.67,428.38,2022-01-25T15:10:00+00:00,2022-01-25T15:15:00+00:00,430.0,0.410000000000025,427.59000000000003,434.81999999999994,2,2,2022-01-25T15:20:00+00:00,430.02,2022-01-25T18:45:00+00:00,434.80999999999995,TAKE_PROFIT,9.579999999999927,0.17296599999999998,0.05999999999994543,9.407033999999927,1.9875518672199282,1.9516668049792636,4.931021048900003,4.819999999999936,0.005,0.004887425902466151,,HYP-FCR-04,baseline,986.2042097800005,995.6112437800004,41.0000000000025,2.0340000000000034,0.20157325467061177,1,1,77.99999999999727,2.409999999999968,5.0,427.73,0.13999999999998636,2,2022,10
QQQ,2022-01-26,short,353.47,349.8501,2022-01-26T15:05:00+00:00,2022-01-26T15:15:00+00:00,352.18,0.5022999999999911,353.83,348.88000000000005,2,2,2022-01-26T15:20:00+00:00,352.145,2022-01-26T17:38:00+00:00,353.84,STOP_LOSS,-3.3899999999999864,0.141197,0.09000000000003183,-3.5311969999999864,-1.0272727272727373,-1.0700596969697076,4.956156881100002,3.2999999999999545,0.005,0.003329192435962127,,HYP-FCR-04,baseline,991.2313762200004,987.7001792200003,50.22999999999911,1.4424500000000022,0.348226974938466,2,2,34.99999999999659,1.6499999999999773,10.0,353.625,0.20499999999998408,3,2022,10
SPY,2022-01-26,short,442.35,438.79,2022-01-26T15:10:00+00:00,2022-01-26T15:15:00+00:00,441.32,0.6200000000000045,442.46,439.04,2,2,2022-01-26T15:20:00+00:00,441.31,2022-01-26T15:28:00+00:00,439.05,TAKE_PROFIT,4.519999999999982,0.176072,0.03999999999996362,4.343927999999982,1.982456140350893,1.9052315789473835,4.978056218900003,2.2799999999999727,0.005,0.0022900504732585995,,HYP-FCR-04,baseline,995.6112437800004,999.9551717800005,62.000000000000455,1.5012800000000026,0.4129809229457553,1,1,9.99999999999659,1.1399999999999864,5.0,442.83,0.37000000000000455,2,2022,10
QQQ,2022-01-27,short,350.94,346.96,2022-01-27T15:15:00+00:00,2022-01-27T15:25:00+00:00,347.4797,0.2599999999999909,351.21,340.0191,1,1,2022-01-27T15:30:00+00:00,347.415,2022-01-27T20:59:00+00:00,341.03,FORCED_SESSION_CLOSE,6.385000000000048,0.0688445,0.07469999999995025,6.316155500000048,1.711658579738908,1.6932030935849793,4.938500896100002,3.7302999999999997,0.005,0.003776753389825105,,HYP-FCR-04,baseline,987.7001792200003,994.0163347200004,25.99999999999909,1.647499999999989,0.15781487101668748,2,2,25.99999999999909,3.7302999999999997,10.0,351.09,0.12000000000000455,3,2022,10
SPY,2022-01-27,short,441.27,436.98,2022-01-27T15:15:00+00:00,2022-01-27T15:25:00+00:00,437.46,0.3100000000000023,441.44,429.49999999999994,1,1,2022-01-27T15:30:00+00:00,437.39,2022-01-27T20:15:00+00:00,429.50999999999993,TAKE_PROFIT,7.880000000000052,0.08668999999999999,0.07999999999998408,7.793310000000052,1.9798994974874413,1.9581180904522655,4.999775858900002,3.980000000000018,0.005,0.0039801784243140605,,HYP-FCR-04,baseline,999.9551717800005,1007.7484817800005,31.000000000000227,1.6445833333333297,0.18849759310869194,2,2,16.0000000000025,3.980000000000018,10.0,441.3,0.13999999999998636,3,2022,10
SPY,2022-01-28,long,433.15,427.88,2022-01-28T15:00:00+00:00,2022-01-28T15:10:00+00:00,430.206,0.37999999999999545,427.81,434.99800000000005,2,2,2022-01-28T15:15:00+00:00,430.23,2022-01-28T16:17:00+00:00,434.98800000000006,TAKE_PROFIT,9.516000000000076,0.17304360000000002,0.06799999999998363,9.342956400000077,1.985809682804678,1.9496987479131924,5.038742408900003,4.79200000000003,0.005,0.0047551547699043436,,HYP-FCR-04,baseline,1007.7484817800005,1017.0914381800005,37.999999999999545,1.557222222222227,0.24402425972172306,2,2,6.000000000000227,2.396000000000015,10.0,428.49,0.6800000000000068,3,2022,10
QQQ,2022-01-28,long,343.84,338.08,2022-01-28T15:00:00+00:00,2022-01-28T15:15:00+00:00,342.35,0.12999999999999545,337.94,351.1700000000001,1,1,2022-01-28T15:20:00+00:00,342.38,2022-01-28T20:55:00+00:00,351.1600000000001,TAKE_PROFIT,8.780000000000086,0.06935400000000001,0.03999999999996362,8.710646000000086,1.9909297052154278,1.9752031746031828,4.970081673600002,4.410000000000025,0.005,0.004436546811116797,,HYP-FCR-04,baseline,994.0163347200004,1002.7269807200005,12.999999999999545,1.725,0.07536231884057706,3,3,12.999999999999545,4.410000000000025,15.0,338.75,0.8100000000000023,4,2022,10
QQQ,2022-02-01,long,364.63,360.53,2022-02-01T15:50:00+00:00,2022-02-01T15:55:00+00:00,362.275,0.5900000000000318,360.4269,365.97119999999995,2,2,2022-02-01T16:00:00+00:00,362.27,2022-02-01T20:54:00+00:00,365.96119999999996,TAKE_PROFIT,7.382399999999961,0.14564623999999998,0.029999999999972715,7.236753759999962,1.9972945186948783,1.9578902007467152,5.0136349036000025,3.696199999999976,0.005,0.003686147945621198,,HYP-FCR-04,baseline,1002.7269807200005,1009.9637344800004,59.00000000000318,1.3857642857142878,0.4257578334802576,1,1,9.309999999999263,1.848099999999988,5.0,360.24,0.18689999999998008,2,2022,11
SPY,2022-02-01,long,451.02,448.62,2022-02-01T15:50:00+00:00,2022-02-01T15:55:00+00:00,450.01,0.6700000000000159,448.14,453.75,2,2,2022-02-01T16:00:00+00:00,450.01,2022-02-01T20:59:00+00:00,452.96000000000004,FORCED_SESSION_CLOSE,5.900000000000091,0.180594,0.01999999999998181,5.719406000000091,1.5775401069518922,1.5292529411764912,5.085457190900002,3.740000000000009,0.005,0.0036771521808230184,,HYP-FCR-04,baseline,1017.0914381800005,1022.8108441800006,67.00000000000159,1.2390428571428547,0.5407399720982925,1,1,47.00000000000273,1.8700000000000045,5.0,448.28000000000003,0.1400000000000432,2,2022,11
SPY,2022-02-02,long,456.39,453.9808,2022-02-02T16:20:00+00:00,2022-02-02T16:25:00+00:00,454.28,0.07999999999998408,453.69,455.4599999999999,2,2,2022-02-02T16:30:00+00:00,454.28999999999996,2022-02-02T16:31:00+00:00,453.68,STOP_LOSS,-1.2199999999999136,0.181594,0.03999999999996362,-1.4015939999999136,-1.0338983050847164,-1.187791525423706,5.114054220900003,1.17999999999995,0.005,0.0011536835053269012,,HYP-FCR-04,baseline,1022.8108441800006,1021.4092501800006,7.999999999998408,0.954107142857144,0.08384802545384809,1,1,28.079999999999927,0.589999999999975,5.0,453.28000000000003,0.40999999999996817,2,2022,11
QQQ,2022-02-02,long,370.1,366.37,2022-02-02T17:05:00+00:00,2022-02-02T17:10:00+00:00,367.28,0.4800000000000182,365.8,370.2399999999999,2,2,2022-02-02T17:15:00+00:00,367.305,2022-02-02T20:59:00+00:00,368.53000000000003,FORCED_SESSION_CLOSE,2.4500000000000455,0.14716700000000002,0.07000000000005002,2.3028330000000454,0.8277027027027397,0.7779841216216573,5.0498186724000025,2.9599999999999227,0.005,0.0029307983038855713,,HYP-FCR-04,baseline,1009.9637344800004,1012.2665674800005,48.00000000000182,1.0202857142857178,0.47045645477458914,1,1,56.00000000000023,1.4799999999999613,5.0,365.8008,0.0007999999999697138,2,2022,12
QQQ,2022-02-03,short,360.86,357.89,2022-02-03T16:15:00+00:00,2022-02-03T16:25:00+00:00,359.06,0.9600000000000364,361.01,355.16,2,2,2022-02-03T16:30:00+00:00,359.06,2022-02-03T19:45:00+00:00,355.17,TAKE_PROFIT,7.779999999999973,0.142846,0.01999999999998181,7.637153999999973,1.9948717948717996,1.9582446153846198,5.061332837400003,3.8999999999999773,0.005,0.003852740103537036,,HYP-FCR-04,baseline,1012.2665674800005,1019.9037214800005,96.00000000000364,1.0981999999999914,0.874157712620692,2,2,13.999999999998636,1.9499999999999886,10.0,360.94,0.06999999999999318,3,2022,11
SPY,2022-02-03,short,452.34,450.0,2022-02-03T16:20:00+00:00,2022-02-03T16:25:00+00:00,451.58,0.44999999999998863,452.67,449.3999999999999,2,2,2022-02-03T16:30:00+00:00,451.57,2022-02-03T17:19:00+00:00,449.4099999999999,TAKE_PROFIT,4.320000000000164,0.180196,0.03999999999996362,4.139804000000164,1.9816513761468062,1.8989926605504786,5.107046250900003,2.1800000000000637,0.005,0.0021343061066030947,,HYP-FCR-04,baseline,1021.4092501800006,1025.549054180001,44.99999999999886,0.8445714285714335,0.5328146143436912,1,1,32.000000000005,1.0900000000000318,5.0,452.825,0.15499999999997272,2,2022,11
QQQ,2022-02-04,short,356.19,351.97,2022-02-04T15:25:00+00:00,2022-02-04T15:30:00+00:00,355.74,0.13999999999998636,357.21,352.80000000000007,2,2,2022-02-04T15:35:00+00:00,355.73,2022-02-04T16:10:00+00:00,352.81000000000006,TAKE_PROFIT,5.839999999999918,0.14170800000000003,0.03999999999996362,5.698291999999918,1.9863945578231414,1.9381945578231403,5.099518607400003,2.939999999999941,0.005,0.0028826250341881824,,HYP-FCR-04,baseline,1019.9037214800005,1025.6020134800003,13.999999999998636,1.6814384615384528,0.08326204211594615,1,1,100.99999999999909,1.4699999999999704,5.0,357.09999999999997,0.11000000000001364,2,2022,10
SPY,2022-02-04,short,448.31,445.07,2022-02-04T15:20:00+00:00,2022-02-04T15:30:00+00:00,446.51,0.6099999999999568,448.53,442.47,2,2,2022-02-04T15:35:00+00:00,446.4559,2022-02-04T17:57:00+00:00,448.53999999999996,STOP_LOSS,-4.168199999999956,0.17899917999999998,0.12819999999999254,-4.347199179999956,-1.031732673267325,-1.0760394009900978,5.127745270900005,4.039999999999964,0.005,0.003939353250372046,,HYP-FCR-04,baseline,1025.549054180001,1021.2018550000009,60.99999999999568,1.3337538461538498,0.45735575703044135,2,2,20.999999999997954,2.019999999999982,10.0,448.303,0.22699999999997544,3,2022,10
SPY,2022-02-07,short,450.41,448.21,2022-02-07T15:35:00+00:00,2022-02-07T15:45:00+00:00,449.5112,0.2799999999999727,450.84,446.8536,2,2,2022-02-07T15:50:00+00:00,449.5,2022-02-07T17:39:00+00:00,446.86359999999996,TAKE_PROFIT,5.272800000000075,0.17927272,0.042399999999929605,5.093527280000075,1.9840457555689608,1.9165891330524045,5.106009275000004,2.657600000000002,0.005,0.0026024237881941566,,HYP-FCR-04,baseline,1021.2018550000009,1026.295382280001,27.99999999999727,1.0117857142857158,0.2767384398164216,2,2,41.99999999999591,1.328800000000001,10.0,450.81,0.029999999999972715,3,2022,10
QQQ,2022-02-07,long,361.05,357.74,2022-02-07T19:25:00+00:00,2022-02-07T19:30:00+00:00,358.18,0.5300000000000296,357.0,360.54,2,2,2022-02-07T19:35:00+00:00,358.19,2022-02-07T20:28:00+00:00,356.99,STOP_LOSS,-2.3999999999999773,0.14303600000000002,0.03999999999996362,-2.543035999999977,-1.0169491525423573,-1.0775576271186282,5.128010067400002,2.3600000000000136,0.005,0.0023010875261371888,,HYP-FCR-04,baseline,1025.6020134800003,1023.0589774800003,53.000000000002956,0.6137785714285704,0.8635035901733322,1,1,73.00000000000182,1.1800000000000068,5.0,357.04040000000003,0.04040000000003374,2,2022,14
QQQ,2022-02-08,long,355.72,353.59,2022-02-08T15:15:00+00:00,2022-02-08T15:20:00+00:00,354.44,0.34000000000003183,353.53000000000003,356.25999999999993,2,2,2022-02-08T15:25:00+00:00,354.46,2022-02-08T15:27:00+00:00,353.52000000000004,STOP_LOSS,-1.8799999999998818,0.141596,0.05999999999994543,-2.0215959999998816,-1.0329670329670042,-1.1107670329670067,5.115294887400002,1.8199999999999363,0.005,0.0017789785731443966,,HYP-FCR-04,baseline,1023.0589774800003,1021.0373814800004,34.00000000000318,1.1563636363636285,0.2940251572327339,1,1,4.9999999999954525,0.9099999999999682,5.0,353.44,0.09000000000003183,2,2022,10
SPY,2022-02-08,long,447.47,446.06,2022-02-08T15:10:00+00:00,2022-02-08T15:20:00+00:00,446.825,0.07999999999998408,445.95,448.575,2,2,2022-02-08T15:25:00+00:00,446.84999999999997,2022-02-08T15:35:00+00:00,445.94,STOP_LOSS,-1.8199999999999363,0.178558,0.06999999999993634,-1.9985579999999363,-1.0399999999999636,-1.1420331428571064,5.1314769114000045,1.75,0.005,0.0017051621104561816,,HYP-FCR-04,baseline,1026.295382280001,1024.296824280001,7.999999999998408,0.8804545454545457,0.09086215797623383,2,2,10.000000000002274,0.875,10.0,446.26,0.3100000000000023,3,2022,10
QQQ,2022-02-09,long,364.54,362.42,2022-02-09T15:20:00+00:00,2022-02-09T15:30:00+00:00,363.94,0.011000000000024102,362.18,367.46,2,2,2022-02-09T15:35:00+00:00,363.95,2022-02-09T20:59:00+00:00,366.76,FORCED_SESSION_CLOSE,5.6200000000000045,0.14614200000000002,0.03999999999996362,5.473858000000004,1.5965909090909187,1.5550732954545547,5.105186907400002,3.519999999999982,0.005,0.0034474741707279303,,HYP-FCR-04,baseline,1021.0373814800004,1026.5112394800003,1.1000000000024102,1.0528076923076897,0.01044825192710435,2,2,23.00000000000182,1.759999999999991,10.0,362.265,0.08499999999997954,3,2022,10
QQQ,2022-02-10,short,364.15,359.32,2022-02-10T16:10:00+00:00,2022-02-10T16:35:00+00:00,362.52,0.37000000000000455,364.3,358.9599999999999,2,2,2022-02-10T16:40:00+00:00,362.49,2022-02-10T16:47:00+00:00,364.31,STOP_LOSS,-3.6399999999999864,0.14536,0.07999999999992724,-3.7853599999999865,-1.0224719101123387,-1.0633033707864954,5.132556197400001,3.560000000000059,0.005,0.003468057497162377,,HYP-FCR-04,baseline,1026.5112394800003,1022.7258794800003,37.000000000000455,1.0609071428571448,0.34875813825096136,5,5,14.00000000000432,1.7800000000000296,25.0,363.62,0.6800000000000068,6,2022,11
SPY,2022-02-10,short,455.55,451.29,2022-02-10T16:15:00+00:00,2022-02-10T16:35:00+00:00,454.49,0.12340000000000373,455.65,452.1700000000001,2,2,2022-02-10T16:40:00+00:00,454.45,2022-02-10T16:46:00+00:00,455.65999999999997,STOP_LOSS,-2.419999999999959,0.182022,0.10000000000002274,-2.602021999999959,-1.043103448275873,-1.1215612068965648,5.121484121400004,2.3199999999999363,0.005,0.0022649684593435224,,HYP-FCR-04,baseline,1024.296824280001,1021.694802280001,12.340000000000373,0.9242071428571462,0.1335198509919735,4,4,8.999999999997499,1.1599999999999682,20.0,455.21999999999997,0.4300000000000068,5,2022,11
SPY,2022-02-11,long,451.605,448.79,2022-02-11T15:15:00+00:00,2022-02-11T15:25:00+00:00,449.7018,0.21000000000003638,448.27,452.5654,2,2,2022-02-11T15:30:00+00:00,449.73,2022-02-11T16:10:00+00:00,448.26,STOP_LOSS,-2.9400000000000546,0.179598,0.0764000000000351,-3.1195980000000545,-1.0266797038692677,-1.089397262187468,5.108474011400005,2.8636000000000195,0.005,0.002802793939647776,,HYP-FCR-04,baseline,1021.694802280001,1018.5752042800009,21.000000000003638,1.1919833333333354,0.17617695996870986,2,2,51.000000000004775,1.4318000000000097,10.0,449.0,0.7300000000000182,3,2022,10
SPY,2022-02-14,long,441.28,438.97,2022-02-14T16:30:00+00:00,2022-02-14T17:30:00+00:00,440.94,0.3549000000000433,438.85,445.11999999999995,2,2,2022-02-14T17:35:00+00:00,440.95009999999996,2022-02-14T18:48:00+00:00,438.84000000000003,STOP_LOSS,-4.220199999999863,0.17595802,0.040199999999913416,-4.396158019999864,-1.009617224880362,-1.0517124449760566,5.092876021400005,4.17999999999995,0.005,0.0041037716041346815,,HYP-FCR-04,baseline,1018.5752042800009,1014.179046260001,35.49000000000433,0.8136214285714232,0.43619795096004976,12,12,11.000000000001364,2.089999999999975,60.0,439.97,1.1200000000000045,13,2022,12
QQQ,2022-02-14,short,349.55,345.81,2022-02-14T18:20:00+00:00,2022-02-14T18:25:00+00:00,348.65,0.6400000000000432,349.96,346.03,2,2,2022-02-14T18:30:00+00:00,348.64,2022-02-14T18:53:00+00:00,346.03999999999996,TAKE_PROFIT,5.2000000000000455,0.138936,0.03999999999996362,5.061064000000045,1.9847328244274949,1.9317038167939071,5.113629397400002,2.6200000000000045,0.005,0.0025617812676571065,,HYP-FCR-04,baseline,1022.7258794800003,1027.7869434800004,64.00000000000432,0.6614142857142927,0.967623490788193,1,1,39.999999999997726,1.3100000000000023,5.0,349.92,0.03999999999996362,2,2022,13
SPY,2022-02-15,short,445.78,443.45,2022-02-15T17:00:00+00:00,2022-02-15T17:15:00+00:00,444.34,0.06499999999999773,445.92,441.1799999999999,2,2,2022-02-15T17:20:00+00:00,444.35,2022-02-15T20:05:00+00:00,445.93,STOP_LOSS,-3.159999999999968,0.178056,0.04000000000007731,-3.338055999999968,-0.999999999999964,-1.0563468354430006,5.070895231300005,3.160000000000082,0.005,0.003115820635077453,,HYP-FCR-04,baseline,1014.179046260001,1010.840990260001,6.499999999999773,0.5134142857142885,0.12660341133586955,3,3,13.00000000000523,1.580000000000041,15.0,445.42,0.5,4,2022,12
QQQ,2022-02-15,short,354.07,352.22,2022-02-15T17:15:00+00:00,2022-02-15T17:20:00+00:00,352.96,0.6200000000000045,354.09999999999997,350.68,2,2,2022-02-15T17:25:00+00:00,352.98,2022-02-15T18:21:00+00:00,354.10999999999996,STOP_LOSS,-2.259999999999877,0.141418,0.06000000000005912,-2.401417999999877,-0.9912280701753966,-1.0532535087718884,5.138934717400002,2.2799999999999727,0.005,0.002218358595099568,,HYP-FCR-04,baseline,1027.7869434800004,1025.3855254800005,62.000000000000455,0.5198142857142898,1.1927336686179124,1,1,1.999999999998181,1.1399999999999864,5.0,354.23,0.1300000000000523,2,2022,12
SPY,2022-02-16,long,444.81,442.42,2022-02-16T15:15:00+00:00,2022-02-16T16:30:00+00:00,443.37,0.01999999999998181,442.24,445.63,2,2,2022-02-16T16:35:00+00:00,443.38,2022-02-16T17:33:00+00:00,442.23,STOP_LOSS,-2.2999999999999545,0.177122,0.03999999999996362,-2.4771219999999543,-1.0176991150442318,-1.0960716814159135,5.054204951300005,2.259999999999991,0.005,0.0022357621245836998,,HYP-FCR-04,baseline,1010.840990260001,1008.363868260001,1.999999999998181,0.5252857142857132,0.038074517269478636,15,15,17.00000000000159,1.1299999999999955,75.0,442.93,0.6899999999999977,16,2022,11
SPY,2022-02-17,long,443.8,440.54,2022-02-17T15:55:00+00:00,2022-02-17T16:00:00+00:00,440.7,0.12999999999999545,440.35,441.3999999999999,2,2,2022-02-17T16:05:00+00:00,440.71999999999997,2022-02-17T16:13:00+00:00,441.38999999999993,TAKE_PROFIT,1.3399999999999181,0.176422,0.05999999999994543,1.163577999999918,1.9142857142857839,1.6622542857143305,5.041819341300005,0.6999999999999318,0.005,0.0006941938540576908,,HYP-FCR-04,baseline,1008.363868260001,1009.5274462600009,12.999999999999545,0.708907142857141,0.1833808578596775,1,1,18.000000000000682,0.3499999999999659,5.0,440.28000000000003,0.06999999999999318,2,2022,11
SPY,2022-02-18,short,438.66,435.91,2022-02-18T15:15:00+00:00,2022-02-18T15:35:00+00:00,435.96,0.2899999999999636,438.67,430.5399999999999,1,1,2022-02-18T15:40:00+00:00,435.95,2022-02-18T20:59:00+00:00,434.28,FORCED_SESSION_CLOSE,1.670000000000016,0.087023,0.01999999999998181,1.5829770000000158,0.6162361623616213,0.5841243542435405,5.047637231300005,2.7100000000000364,0.005,0.002684424291820674,,HYP-FCR-04,baseline,1009.5274462600009,1011.110423260001,28.999999999996362,1.009985714285721,0.2871327741551835,4,4,0.0,2.7100000000000364,20.0,437.03,1.6400000000000432,5,2022,10
QQQ,2022-02-22,short,343.73,338.04,2022-02-22T15:30:00+00:00,2022-02-22T15:40:00+00:00,341.56,0.12009999999997945,344.05,336.58,2,2,2022-02-22T15:45:00+00:00,341.53000000000003,2022-02-22T18:16:00+00:00,336.59,TAKE_PROFIT,9.88000000000011,0.135624,0.07999999999992724,9.74437600000011,1.9839357429719022,1.9567020080321433,5.126927627400002,4.980000000000018,0.005,0.004856709867899486,,HYP-FCR-04,baseline,1025.3855254800005,1035.1299014800006,12.009999999997945,1.6123071428571458,0.0744895292017078,2,2,31.000000000000227,2.490000000000009,10.0,344.0064,0.043600000000026284,3,2022,10
SPY,2022-02-22,short,435.3,430.49,2022-02-22T15:30:00+00:00,2022-02-22T15:40:00+00:00,433.28,0.11009999999998854,435.51,428.81999999999994,2,2,2022-02-22T15:45:00+00:00,433.27,2022-02-22T18:16:00+00:00,428.8299999999999,TAKE_PROFIT,8.88000000000011,0.17242,0.03999999999996362,8.707580000000108,1.9910313901345373,1.9523721973094255,5.055552116300005,4.460000000000036,0.005,0.004410992011752978,,HYP-FCR-04,baseline,1011.110423260001,1019.8180032600011,11.009999999998854,1.3412928571428608,0.08208498197367334,2,2,19.999999999998863,2.230000000000018,10.0,435.45,0.060000000000002274,3,2022,10
QQQ,2022-02-25,long,341.81,338.05,2022-02-25T15:05:00+00:00,2022-02-25T15:10:00+00:00,339.09,0.30000000000001137,337.73,341.8099999999999,3,3,2022-02-25T15:15:00+00:00,339.12,2022-02-25T15:31:00+00:00,341.7999999999999,TAKE_PROFIT,8.03999999999968,0.20427599999999999,0.12000000000006139,7.835723999999679,1.9705882352941018,1.9205205882352765,5.175649507400003,4.07999999999987,0.005,0.0039415342887558335,,HYP-FCR-04,baseline,1035.1299014800006,1042.9656254800002,30.000000000001137,1.8916000000000015,0.1585958976527866,1,1,31.000000000000227,1.3599999999999568,5.0,337.75,0.01999999999998181,2,2022,10
SPY,2022-02-25,long,431.26,428.26,2022-02-25T15:00:00+00:00,2022-02-25T15:10:00+00:00,429.81,0.36000000000001364,427.85,433.72999999999996,2,2,2022-02-25T15:15:00+00:00,429.87,2022-02-25T15:55:00+00:00,433.71999999999997,TAKE_PROFIT,7.699999999999932,0.17271799999999998,0.13999999999998636,7.527281999999932,1.9642857142857173,1.9202250000000027,5.099090016300005,3.919999999999959,0.005,0.003843823101248548,,HYP-FCR-04,baseline,1019.8180032600011,1027.345285260001,36.000000000001364,1.6538888888888816,0.21766879408801726,2,2,39.999999999997726,1.9599999999999795,10.0,428.35,0.5,3,2022,10
QQQ,2022-02-28,short,345.03,342.15,2022-02-28T15:00:00+00:00,2022-02-28T15:15:00+00:00,342.62,0.04199999999997317,345.3,337.26,1,1,2022-02-28T15:20:00+00:00,342.6299,2022-02-28T15:38:00+00:00,345.31,STOP_LOSS,-2.6800999999999817,0.06879399000000001,0.019900000000006912,-2.748893989999982,-1.0000373134328264,-1.0257067126865578,5.2148281274000015,2.680000000000007,0.005,0.0025695957129618727,,HYP-FCR-04,baseline,1042.9656254800002,1040.2167314900003,4.199999999997317,1.4077000000000113,0.029835902536032417,3,3,26.000000000004775,2.680000000000007,15.0,343.7,1.6000000000000227,4,2022,10
SPY,2022-02-28,short,434.49,431.87,2022-02-28T17:30:00+00:00,2022-02-28T17:45:00+00:00,433.44,0.20999999999997954,434.98,430.35999999999996,2,2,2022-02-28T17:50:00+00:00,433.43,2022-02-28T18:06:00+00:00,434.99,STOP_LOSS,-3.1200000000000045,0.17368400000000003,0.03999999999996362,-3.2936840000000047,-1.0129870129870011,-1.0693779220779094,5.136726426300005,3.080000000000041,0.005,0.002998018333456948,,HYP-FCR-04,baseline,1027.345285260001,1024.051601260001,20.999999999997954,0.8607142857142824,0.2439834024896037,3,3,48.00000000000182,1.5400000000000205,15.0,434.34,0.6400000000000432,4,2022,12
QQQ,2022-03-01,long,347.635,345.18,2022-03-01T15:10:00+00:00,2022-03-01T15:20:00+00:00,347.54,1.0499999999999545,345.03000000000003,352.56,2,2,2022-03-01T15:25:00+00:00,347.58,2022-03-01T15:52:00+00:00,345.02000000000004,STOP_LOSS,-5.119999999999891,0.13852,0.09999999999990905,-5.258519999999891,-1.0199203187250816,-1.0475139442230896,5.201083657450002,5.019999999999982,0.005,0.004825917376669537,,HYP-FCR-04,baseline,1040.2167314900003,1034.9582114900004,104.99999999999545,1.480690909090914,0.7091284167096111,2,2,13.999999999998636,2.509999999999991,10.0,345.76,0.7299999999999613,3,2022,10
QQQ,2022-03-02,long,344.62,341.725,2022-03-02T15:25:00+00:00,2022-03-02T15:30:00+00:00,342.55,0.3299999999999841,340.23,347.19,2,2,2022-03-02T15:35:00+00:00,342.58,2022-03-02T18:05:00+00:00,347.18,TAKE_PROFIT,9.200000000000045,0.137952,0.07999999999992724,9.062048000000045,1.9827586206896708,1.953027586206912,5.174791057450002,4.639999999999986,0.005,0.00448327280124664,,HYP-FCR-04,baseline,1034.9582114900004,1044.0202594900004,32.99999999999841,1.6150307692307662,0.20433047238918053,1,1,148.50000000000136,2.319999999999993,5.0,341.06,0.8299999999999841,2,2022,10
SPY,2022-03-02,long,434.77,431.9,2022-03-02T15:25:00+00:00,2022-03-02T15:30:00+00:00,433.89,0.36000000000001364,431.66,438.3499999999999,2,2,2022-03-02T15:35:00+00:00,433.89,2022-03-02T18:02:00+00:00,438.3399999999999,TAKE_PROFIT,8.899999999999864,0.174446,0.01999999999998181,8.725553999999864,1.9955156950672686,1.9564022421524698,5.120258006300005,4.459999999999923,0.005,0.004355249280907626,,HYP-FCR-04,baseline,1024.051601260001,1032.7771552600009,36.000000000001364,1.4226923076923081,0.25304136253042314,1,1,22.999999999996135,2.2299999999999613,5.0,432.19,0.5299999999999727,2,2022,10
SPY,2022-03-04,long,432.49,429.37,2022-03-04T17:05:00+00:00,2022-03-04T17:10:00+00:00,431.0746,0.2249999999999659,428.77,435.68379999999996,2,2,2022-03-04T17:15:00+00:00,431.06,2022-03-04T20:59:00+00:00,432.23,FORCED_SESSION_CLOSE,2.340000000000032,0.172658,0.04919999999992797,2.1673420000000316,0.5076802915907399,0.4702208626225891,5.163885776300004,4.609199999999987,0.005,0.004462918236063833,,HYP-FCR-04,baseline,1032.7771552600009,1034.9444972600008,22.49999999999659,0.906328571428576,0.24825433854006798,1,1,59.00000000000318,2.3045999999999935,5.0,429.19,0.4200000000000159,2,2022,12
QQQ,2022-03-04,long,341.31,337.35,2022-03-04T17:10:00+00:00,2022-03-04T17:15:00+00:00,338.12,1.089999999999975,336.37,341.62,2,2,2022-03-04T17:20:00+00:00,338.14,2022-03-04T19:01:00+00:00,336.36,STOP_LOSS,-3.5599999999999454,0.13490000000000002,0.05999999999994543,-3.6948999999999455,-1.0171428571428416,-1.0556857142856988,5.220101297450002,3.5,0.005,0.003352425365490259,,HYP-FCR-04,baseline,1044.0202594900004,1040.3253594900004,108.9999999999975,0.9416642857142798,1.1575250506322199,1,1,97.00000000000273,1.75,5.0,336.03000000000003,0.339999999999975,2,2022,12
QQQ,2022-03-08,long,326.13,322.46,2022-03-08T15:50:00+00:00,2022-03-08T15:55:00+00:00,324.63,1.0300000000000296,321.19,331.51,1,1,2022-03-08T16:00:00+00:00,324.64,2022-03-08T16:31:00+00:00,321.18,STOP_LOSS,-3.4599999999999795,0.064582,0.01999999999998181,-3.5245819999999797,-1.0058139534883668,-1.0245877906976693,5.201626797450002,3.4399999999999977,0.005,0.003306657834128346,,HYP-FCR-04,baseline,1040.3253594900004,1036.8007774900004,103.00000000000296,1.671771428571422,0.6161129340990084,1,1,125.99999999999909,3.4399999999999977,5.0,321.49,0.30000000000001137,2,2022,11
SPY,2022-03-08,long,421.19,417.76,2022-03-08T15:50:00+00:00,2022-03-08T15:55:00+00:00,419.32,0.5099999999999909,416.56,424.84,1,1,2022-03-08T16:00:00+00:00,419.36,2022-03-08T16:26:00+00:00,416.55,STOP_LOSS,-2.8100000000000023,0.08359100000000001,0.05000000000001137,-2.8935910000000025,-1.0181159420289896,-1.0484025362318885,5.174722486300005,2.759999999999991,0.005,0.0026668096765643445,,HYP-FCR-04,baseline,1034.9444972600008,1032.0509062600008,50.99999999999909,1.5460285714285646,0.32987747408105117,1,1,118.99999999999977,2.759999999999991,5.0,417.02,0.45999999999997954,2,2022,11
SPY,2022-03-10,short,425.0,422.0493,2022-03-10T15:20:00+00:00,2022-03-10T15:30:00+00:00,422.3338,0.150100000000009,425.2,416.6014,1,1,2022-03-10T15:35:00+00:00,422.32,2022-03-10T19:05:00+00:00,425.21,STOP_LOSS,-2.8899999999999864,0.084753,0.02379999999999427,-2.9747529999999864,-1.0083036773428213,-1.0378734910334222,5.160254531300004,2.866199999999992,0.005,0.002777188588871721,,HYP-FCR-04,baseline,1032.0509062600008,1029.0761532600009,15.0100000000009,1.2339538461538557,0.12164150261199783,2,2,18.999999999999773,2.866199999999992,10.0,425.18,0.01999999999998181,3,2022,10
QQQ,2022-03-10,long,331.51,328.92,2022-03-10T18:45:00+00:00,2022-03-10T18:50:00+00:00,329.89,0.6730000000000018,328.5,332.66999999999996,3,3,2022-03-10T18:55:00+00:00,329.90999999999997,2022-03-10T20:59:00+00:00,331.40500000000003,FORCED_SESSION_CLOSE,4.485000000000184,0.19839450000000003,0.08999999999991815,4.286605500000184,1.0755395683453786,1.027962949640342,5.184003887450002,4.169999999999959,0.005,0.004021987724676622,,HYP-FCR-04,baseline,1036.8007774900004,1041.0873829900006,67.30000000000018,0.7427000000000054,0.9061532247206099,1,1,41.0000000000025,1.3899999999999864,5.0,328.5,0.0,2,2022,13
QQQ,2022-03-14,short,325.32,322.02,2022-03-14T15:10:00+00:00,2022-03-14T15:15:00+00:00,324.45,0.5100000000000477,325.39,322.57,3,3,2022-03-14T15:20:00+00:00,324.46000000000004,2022-03-14T15:37:00+00:00,322.58,TAKE_PROFIT,5.640000000000157,0.19411200000000003,0.06000000000011596,5.445888000000157,2.0000000000000604,1.931165957446869,5.2054369149500035,2.819999999999993,0.005,0.00270870634499571,,HYP-FCR-04,baseline,1041.0873829900006,1046.5332709900008,51.000000000004775,1.0260071428571353,0.49707256284770507,1,1,6.000000000000227,0.9399999999999977,5.0,325.77,0.37999999999999545,2,2022,11
SPY,2022-03-14,short,421.97,419.11,2022-03-14T15:35:00+00:00,2022-03-14T15:40:00+00:00,420.775,0.29000000000002046,422.34,417.645,2,2,2022-03-14T15:45:00+00:00,420.78000000000003,2022-03-14T17:03:00+00:00,417.655,TAKE_PROFIT,6.250000000000114,0.167687,0.030000000000086402,6.082313000000114,1.9968051118211254,1.9432309904153746,5.145380766300004,3.1299999999999955,0.005,0.0030415630467040726,,HYP-FCR-04,baseline,1029.0761532600009,1035.158466260001,29.000000000002046,0.7834714285714232,0.37014751198879664,1,1,35.99999999999568,1.5649999999999977,5.0,422.34,0.0,2,2022,11
QQQ,2022-03-16,short,335.27,332.01,2022-03-16T16:45:00+00:00,2022-03-16T16:50:00+00:00,334.79,0.4399999999999977,336.11,332.15000000000003,3,3,2022-03-16T16:55:00+00:00,334.78000000000003,2022-03-16T18:05:00+00:00,332.16,TAKE_PROFIT,7.860000000000014,0.20008200000000004,0.05999999999994543,7.6599180000000135,1.9848484848484986,1.9343227272727408,5.2326663549500045,3.9599999999999795,0.005,0.0037839217440778484,,HYP-FCR-04,baseline,1046.5332709900008,1054.1931889900009,43.99999999999977,0.6066285714285787,0.7253202712886084,1,1,83.00000000000409,1.3199999999999932,5.0,336.11,0.0,2,2022,12
SPY,2022-03-16,short,432.67,429.8,2022-03-16T16:45:00+00:00,2022-03-16T16:50:00+00:00,431.46,0.5,432.9,428.58,2,2,2022-03-16T16:55:00+00:00,431.44,2022-03-16T18:05:00+00:00,428.59,TAKE_PROFIT,5.7000000000000455,0.172006,0.05999999999994543,5.527994000000046,1.9791666666666856,1.91944236111113,5.175792331300005,2.8799999999999955,0.005,0.002782182722617684,,HYP-FCR-04,baseline,1035.158466260001,1040.686460260001,50.0,0.5800000000000003,0.862068965517241,1,1,21.999999999997044,1.4399999999999977,5.0,432.875,0.024999999999977263,2,2022,12
QQQ,2022-03-17,short,341.045,337.0406,2022-03-17T14:10:00+00:00,2022-03-17T14:15:00+00:00,339.78,0.3199999999999932,341.81,335.7199999999999,2,2,2022-03-17T14:20:00+00:00,339.77,2022-03-17T17:26:00+00:00,341.82,STOP_LOSS,-4.100000000000023,0.136318,0.03999999999996362,-4.236318000000023,-1.0098522167487594,-1.0434280788177244,5.270965944950005,4.060000000000059,0.005,0.0038512865027043623,,HYP-FCR-04,baseline,1054.1931889900009,1049.9568709900009,31.999999999999318,1.2060600000000021,0.26532676649585646,1,1,75.49999999999955,2.0300000000000296,5.0,341.52,0.29000000000002046,2,2022,10
SPY,2022-03-17,short,436.24,433.19,2022-03-17T14:30:00+00:00,2022-03-17T14:35:00+00:00,435.86,0.19999999999998863,436.53999999999996,434.5000000000001,2,2,2022-03-17T14:40:00+00:00,435.86,2022-03-17T14:48:00+00:00,434.5100000000001,TAKE_PROFIT,2.699999999999818,0.17407400000000003,0.01999999999998181,2.525925999999818,1.985294117647071,1.8572985294117674,5.203432301300005,1.3599999999999,0.005,0.001306829724353407,,HYP-FCR-04,baseline,1040.686460260001,1043.2123862600008,19.999999999998863,0.8428500000000066,0.23729014652665012,1,1,28.999999999996362,0.67999999999995,5.0,436.61,0.07000000000005002,2,2022,10
QQQ,2022-03-21,long,352.48,348.21,2022-03-21T14:45:00+00:00,2022-03-21T14:50:00+00:00,349.01,0.25,347.71000000000004,351.6099999999999,3,3,2022-03-21T14:55:00+00:00,349.01009999999997,2022-03-21T15:25:00+00:00,351.5999999999999,TAKE_PROFIT,7.76969999999983,0.21018302999999997,0.03029999999989741,7.55951696999983,1.9922307692307952,1.9383376846154088,5.2497843549500045,3.8999999999998636,0.005,0.0037144382857579343,,HYP-FCR-04,baseline,1049.9568709900009,1057.5163879600007,25.0,0.9891357142857048,0.25274590371103445,1,1,48.999999999995225,1.2999999999999545,5.0,347.83,0.1199999999999477,2,2022,10
SPY,2022-03-21,long,446.46,443.82,2022-03-21T14:45:00+00:00,2022-03-21T14:50:00+00:00,444.51,0.05000000000001137,443.46000000000004,446.6099999999999,2,2,2022-03-21T14:55:00+00:00,444.53,2022-03-21T16:35:00+00:00,443.45000000000005,STOP_LOSS,-2.1599999999998545,0.177596,0.05999999999994543,-2.3375959999998543,-1.0285714285714038,-1.1131409523809312,5.216061931300004,2.099999999999909,0.005,0.0020130129086451663,,HYP-FCR-04,baseline,1043.2123862600008,1040.874790260001,5.000000000001137,0.7374357142857134,0.06780252031655641,1,1,34.99999999999659,1.0499999999999545,5.0,443.56,0.0999999999999659,2,2022,10
SPY,2022-03-23,short,447.31,445.64,2022-03-23T14:40:00+00:00,2022-03-23T14:45:00+00:00,446.97,0.37000000000000455,447.86,445.19000000000005,2,2,2022-03-23T14:50:00+00:00,446.99,2022-03-23T15:21:00+00:00,447.87,STOP_LOSS,-1.759999999999991,0.17897200000000002,0.05999999999994543,-1.9389719999999908,-0.9887640449438303,-1.089310112359562,5.204373951300005,1.7799999999999727,0.005,0.0017101000203447573,,HYP-FCR-04,baseline,1040.874790260001,1038.935818260001,37.000000000000455,0.7092357142857192,0.5216883365393359,1,1,54.000000000002046,0.8899999999999864,5.0,447.78,0.08000000000004093,2,2022,10
QQQ,2022-03-23,short,354.34,352.26,2022-03-23T17:20:00+00:00,2022-03-23T17:25:00+00:00,353.26,0.4000000000000341,354.74,350.29999999999995,2,2,2022-03-23T17:30:00+00:00,353.22,2022-03-23T19:59:00+00:00,351.84999999999997,FORCED_SESSION_CLOSE,2.740000000000123,0.141014,0.09999999999990905,2.5989860000001226,0.9256756756757057,0.8780358108108415,5.2875819398000035,2.9600000000000364,0.005,0.0027990109975600634,,HYP-FCR-04,baseline,1057.5163879600007,1060.1153739600009,40.00000000000341,0.6821714285714222,0.5863628748534647,1,1,39.00000000000432,1.4800000000000182,5.0,355.26,0.5199999999999818,2,2022,13
SPY,2022-03-24,short,446.35,444.76,2022-03-24T14:15:00+00:00,2022-03-24T14:20:00+00:00,445.62,0.2400000000000091,446.59999999999997,443.6600000000001,2,2,2022-03-24T14:25:00+00:00,445.62,2022-03-24T14:35:00+00:00,446.60999999999996,STOP_LOSS,-1.9799999999999045,0.17844600000000002,0.01999999999998181,-2.1584459999999046,-1.010204081632644,-1.1012479591836681,5.194679091300006,1.9599999999999227,0.005,0.0018865457957571532,,HYP-FCR-04,baseline,1038.935818260001,1036.7773722600011,24.00000000000091,0.8295727272727205,0.28930555707758887,1,1,23.999999999995225,0.9799999999999613,5.0,446.75,0.1500000000000341,2,2022,10
QQQ,2022-03-24,long,354.47,352.51,2022-03-24T14:30:00+00:00,2022-03-24T14:35:00+00:00,353.2299,0.2599999999999909,351.5839,356.5218999999999,3,3,2022-03-24T14:40:00+00:00,353.27,2022-03-24T15:30:00+00:00,356.5118999999999,TAKE_PROFIT,9.72569999999979,0.21293457,0.1502999999999588,9.51276542999979,1.9695625759416844,1.926440953827467,5.300576869800004,4.9379999999998745,0.005,0.004657983575461467,,HYP-FCR-04,baseline,1060.1153739600009,1069.6281393900006,25.99999999999909,1.184728571428573,0.21945955071082396,1,1,91.60999999999717,1.6459999999999582,5.0,352.06,0.476099999999974,2,2022,10
QQQ,2022-03-25,long,360.18,358.2607,2022-03-25T14:15:00+00:00,2022-03-25T14:25:00+00:00,359.11,0.2699999999999818,357.92,361.49,2,2,2022-03-25T14:30:00+00:00,359.12,2022-03-25T15:08:00+00:00,357.91,STOP_LOSS,-2.419999999999959,0.143406,0.03999999999996362,-2.563405999999959,-1.0168067226890605,-1.0770613445378001,5.348140696950003,2.3799999999999955,0.005,0.0022250723521141545,,HYP-FCR-04,baseline,1069.6281393900006,1067.0647333900006,26.99999999999818,0.9986166666666776,0.27037401739070266,2,2,33.06999999999789,1.1899999999999977,10.0,358.38,0.45999999999997954,3,2022,10
SPY,2022-03-25,long,451.63,450.3,2022-03-25T17:40:00+00:00,2022-03-25T17:50:00+00:00,450.88,0.01979999999997517,450.05,452.53999999999996,2,2,2022-03-25T17:55:00+00:00,450.89,2022-03-25T19:29:00+00:00,450.04,STOP_LOSS,-1.6999999999999318,0.180186,0.03999999999996362,-1.8801859999999317,-1.0240963855421472,-1.1326421686746795,5.183886861300006,1.6599999999999682,0.005,0.0016011151906039829,,HYP-FCR-04,baseline,1036.7773722600011,1034.8971862600013,1.979999999997517,0.5807357142857167,0.034094682852988355,2,2,24.00000000000091,0.8299999999999841,10.0,450.44,0.38999999999998636,3,2022,13
QQQ,2022-03-28,long,363.19,359.26,2022-03-28T16:45:00+00:00,2022-03-28T16:55:00+00:00,360.1,0.3499999999999659,359.21070000000003,361.8786,2,2,2022-03-28T17:00:00+00:00,360.14,2022-03-28T18:10:00+00:00,361.8686,TAKE_PROFIT,3.457200000000057,0.14440172,0.09999999999990905,3.3127982800000573,1.9437760035983864,1.8625875857416445,5.335323666950003,1.778599999999983,0.005,0.0016668154652150088,,HYP-FCR-04,baseline,1067.0647333900006,1070.3775316700007,34.99999999999659,0.6375642857142826,0.5489642501035802,2,2,3.9299999999968804,0.8892999999999915,10.0,359.5299,0.3191999999999666,3,2022,13
SPY,2022-03-28,long,453.649,451.67,2022-03-28T17:15:00+00:00,2022-03-28T17:25:00+00:00,452.3411,0.22000000000002728,451.63,453.76329999999996,2,2,2022-03-28T17:30:00+00:00,452.34,2022-03-28T18:50:00+00:00,453.75329999999997,TAKE_PROFIT,2.826599999999985,0.18121866,0.022199999999998,2.645381339999985,1.9874841794403277,1.8600628181690557,5.174485931300007,1.4221999999999753,0.005,0.0013742427932765394,,HYP-FCR-04,baseline,1034.8971862600013,1037.5425676000013,22.00000000000273,0.39073571428571896,0.5630404182586595,2,2,3.000000000002956,0.7110999999999876,10.0,451.68,0.05000000000001137,3,2022,13
QQQ,2022-03-29,long,370.72,367.86,2022-03-29T14:50:00+00:00,2022-03-29T14:55:00+00:00,368.3989,0.08100000000001728,367.8199,369.55690000000004,2,2,2022-03-29T15:00:00+00:00,368.46,2022-03-29T15:05:00+00:00,367.8099,STOP_LOSS,-1.3001999999999043,0.14725398,0.14219999999988886,-1.4474539799999042,-1.1227979274610422,-1.249960259067258,5.3518876583500035,1.1580000000000155,0.005,0.0010818612739313636,,HYP-FCR-04,baseline,1070.3775316700007,1068.9300776900009,8.100000000001728,1.0901428571428653,0.0743021884418971,1,1,3.0100000000004457,0.5790000000000077,5.0,367.14,0.6799000000000319,2,2022,11
SPY,2022-03-29,long,461.75,458.68,2022-03-29T14:50:00+00:00,2022-03-29T14:55:00+00:00,459.19,0.009999999999990905,458.59000000000003,460.38999999999993,2,2,2022-03-29T15:00:00+00:00,459.2,2022-03-29T15:13:00+00:00,458.58000000000004,STOP_LOSS,-1.2399999999998954,0.183556,0.03999999999996362,-1.4235559999998955,-1.033333333333305,-1.186296666666647,5.187712838000007,1.1999999999999318,0.005,0.00115657905272814,,HYP-FCR-04,baseline,1037.5425676000013,1036.1190116000014,0.9999999999990905,0.8368642857142845,0.011949368817257694,1,1,7.999999999998408,0.5999999999999659,5.0,458.37,0.22000000000002728,2,2022,11
QQQ,2022-03-30,short,370.3698,368.71,2022-03-30T14:50:00+00:00,2022-03-30T14:55:00+00:00,369.09,0.4399999999999977,370.53,366.21,2,2,2022-03-30T15:00:00+00:00,369.09000000000003,2022-03-30T19:18:00+00:00,366.21999999999997,TAKE_PROFIT,5.740000000000123,0.147062,0.020000000000095497,5.592938000000123,1.9930555555556013,1.9419923611111567,5.344650388450004,2.8799999999999955,0.005,0.002694282872293936,,HYP-FCR-04,baseline,1068.9300776900009,1074.523015690001,43.99999999999977,0.8275785714285705,0.5316715719698583,1,1,15.01999999999839,1.4399999999999977,5.0,370.3,0.22999999999996135,2,2022,11
QQQ,2022-03-31,long,367.46,364.79,2022-03-31T14:05:00+00:00,2022-03-31T14:15:00+00:00,366.23,0.029999999999972715,364.75,369.19000000000005,2,2,2022-03-31T14:20:00+00:00,366.24,2022-03-31T16:58:00+00:00,364.74,STOP_LOSS,-3.0,0.14619600000000002,0.03999999999996362,-3.146196,-1.0135135135135012,-1.062904054054041,5.372615078450005,2.9600000000000364,0.005,0.002754710654661299,,HYP-FCR-04,baseline,1074.523015690001,1071.3768196900012,2.9999999999972715,1.1124999999999943,0.026966292134807075,2,2,3.000000000002956,1.4800000000000182,10.0,364.82,0.06999999999999318,3,2022,10
SPY,2022-03-31,long,458.15,457.111,2022-03-31T14:30:00+00:00,2022-03-31T14:35:00+00:00,457.54,0.18000000000000682,457.01,458.6000000000001,2,2,2022-03-31T14:40:00+00:00,457.57,2022-03-31T14:57:00+00:00,458.5900000000001,TAKE_PROFIT,2.040000000000191,0.18323200000000003,0.07999999999992724,1.856768000000191,1.9245283018868653,1.7516679245283844,5.180595058000007,1.0600000000000591,0.005,0.0010230484993834638,,HYP-FCR-04,baseline,1036.1190116000014,1037.9757796000015,18.000000000000682,0.6942142857142812,0.2592859347669628,1,1,9.100000000000819,0.5300000000000296,5.0,456.83,0.18000000000000682,2,2022,10
QQQ,2022-04-01,long,363.61,360.59,2022-04-01T18:25:00+00:00,2022-04-01T18:30:00+00:00,361.49,0.05099999999998772,360.31,363.85,2,2,2022-04-01T18:35:00+00:00,361.5,2022-04-01T19:12:00+00:00,360.3,STOP_LOSS,-2.3999999999999773,0.14436,0.03999999999996362,-2.544359999999977,-1.0169491525423573,-1.0781186440677806,5.356884098450006,2.3600000000000136,0.005,0.002202773064180043,,HYP-FCR-04,baseline,1071.3768196900012,1068.8324596900013,5.099999999998772,0.5447428571428645,0.09362215462076713,1,1,26.99999999999818,1.1800000000000068,5.0,360.39,0.07999999999998408,2,2022,14
SPY,2022-04-01,long,453.46,451.66,2022-04-01T18:25:00+00:00,2022-04-01T18:30:00+00:00,452.5801,0.21000000000003638,451.49,454.76030000000003,2,2,2022-04-01T18:35:00+00:00,452.62,2022-04-01T19:11:00+00:00,451.48,STOP_LOSS,-2.2799999999999727,0.18082,0.09979999999995925,-2.460819999999973,-1.0457756169158603,-1.128712962113548,5.189878898000008,2.1802000000000135,0.005,0.0021004343673993856,,HYP-FCR-04,baseline,1037.9757796000015,1035.5149596000015,21.000000000003638,0.5361714285714315,0.39166577853571527,1,1,16.0000000000025,1.0901000000000067,5.0,451.44,0.05000000000001137,2,2022,14
SPY,2022-04-06,long,447.59,445.44,2022-04-06T15:45:00+00:00,2022-04-06T15:50:00+00:00,446.05,0.3399000000000001,445.35,447.45,2,2,2022-04-06T15:55:00+00:00,446.06,2022-04-06T16:13:00+00:00,445.34000000000003,STOP_LOSS,-1.4399999999999409,0.17828000000000002,0.03999999999996362,-1.6182799999999409,-1.0285714285714032,-1.1559142857142624,5.177574798000007,1.3999999999999773,0.005,0.0013519843311010872,,HYP-FCR-04,baseline,1035.5149596000015,1033.8966796000016,33.99000000000001,0.5804571428571462,0.5855729474305933,1,1,7.999999999998408,0.6999999999999886,5.0,445.05,0.30000000000001137,2,2022,11
QQQ,2022-04-06,long,356.61,353.13,2022-04-06T17:35:00+00:00,2022-04-06T17:40:00+00:00,354.04,0.11000000000001364,352.76,356.6000000000001,3,3,2022-04-06T17:45:00+00:00,354.03,2022-04-06T18:09:00+00:00,352.75,STOP_LOSS,-3.839999999999918,0.21203400000000003,0.06000000000011596,-4.052033999999918,-0.9999999999999556,-1.0552171874999543,5.344162298450007,3.8400000000000887,0.005,0.0035927052600122403,,HYP-FCR-04,baseline,1068.8324596900013,1064.7804256900015,11.000000000001364,0.5297571428571481,0.20764231588600918,1,1,36.000000000001364,1.2800000000000296,5.0,352.76,0.0,2,2022,13
SPY,2022-04-07,long,447.655,445.29,2022-04-07T17:10:00+00:00,2022-04-07T17:15:00+00:00,446.09,0.450999999999965,445.03000000000003,448.20999999999987,2,2,2022-04-07T17:20:00+00:00,446.11,2022-04-07T18:27:00+00:00,448.1999999999999,TAKE_PROFIT,4.179999999999723,0.178862,0.06000000000005912,4.001137999999723,1.9716981132075178,1.8873292452829853,5.169483398000008,2.119999999999891,0.005,0.0020504950270466924,,HYP-FCR-04,baseline,1033.8966796000016,1037.8978176000012,45.0999999999965,0.6195071428571453,0.7279980629762698,1,1,25.0,1.0599999999999454,5.0,444.84000000000003,0.18999999999999773,2,2022,13
QQQ,2022-04-07,long,355.0,352.09,2022-04-07T17:55:00+00:00,2022-04-07T18:00:00+00:00,353.13,1.0,351.64,356.11,3,3,2022-04-07T18:05:00+00:00,353.1499,2022-04-07T19:14:00+00:00,356.1,TAKE_PROFIT,8.850300000000061,0.21277497000000004,0.08969999999999345,8.637525030000061,1.9799328859060419,1.932332221476512,5.323902128450007,4.470000000000027,0.005,0.004198048623126564,,HYP-FCR-04,baseline,1064.7804256900015,1073.4179507200015,100.0,0.8215428571428528,1.2172219517284617,1,1,43.99999999999977,1.490000000000009,5.0,351.39,0.25,2,2022,14
SPY,2022-04-08,long,448.2,445.97,2022-04-08T14:00:00+00:00,2022-04-08T14:05:00+00:00,447.39,0.15999999999996817,445.93,450.30999999999995,2,2,2022-04-08T14:10:00+00:00,447.39,2022-04-08T16:25:00+00:00,450.29999999999995,TAKE_PROFIT,5.819999999999936,0.179538,0.01999999999998181,5.640461999999936,1.993150684931513,1.931665068493156,5.189489088000006,2.919999999999959,0.005,0.002813379073049855,,HYP-FCR-04,baseline,1037.8978176000012,1043.538279600001,15.999999999996817,0.8093750000000028,0.19768339768335766,1,1,3.000000000002956,1.4599999999999795,5.0,446.07,0.13999999999998636,2,2022,10
QQQ,2022-04-08,short,352.54,348.62,2022-04-08T15:10:00+00:00,2022-04-08T15:20:00+00:00,351.16,0.2785999999999831,352.64,348.2000000000001,3,3,2022-04-08T15:25:00+00:00,351.15000000000003,2022-04-08T16:21:00+00:00,352.65,STOP_LOSS,-4.4999999999998295,0.21113999999999997,0.05999999999994543,-4.71113999999983,-1.0135135135135016,-1.061067567567557,5.367089753600007,4.439999999999884,0.005,0.004136319871511118,,HYP-FCR-04,baseline,1073.4179507200015,1068.7068107200016,27.85999999999831,0.9479928571428624,0.29388407085645174,2,2,8.999999999997499,1.4799999999999613,10.0,352.3,0.339999999999975,3,2022,11
QQQ,2022-04-11,long,345.75,343.375,2022-04-11T17:00:00+00:00,2022-04-11T17:05:00+00:00,343.83,0.2899999999999636,343.11,345.2699999999999,3,3,2022-04-11T17:10:00+00:00,343.835,2022-04-11T17:22:00+00:00,343.1,STOP_LOSS,-2.2049999999998704,0.20608050000000003,0.04499999999995907,-2.4110804999998705,-1.0208333333333153,-1.1162409722222082,5.343534053600008,2.1599999999999113,0.005,0.0020211343076822832,,HYP-FCR-04,baseline,1068.7068107200016,1066.2957302200018,28.999999999996362,0.4813142857142907,0.6025169179626393,1,1,25.499999999999545,0.7199999999999704,5.0,342.66,0.44999999999998863,2,2022,13
QQQ,2022-04-12,short,347.33,343.685,2022-04-12T14:10:00+00:00,2022-04-12T14:20:00+00:00,345.94,0.18000000000000682,347.7,342.42,3,3,2022-04-12T14:25:00+00:00,345.95,2022-04-12T17:03:00+00:00,342.43,TAKE_PROFIT,10.559999999999945,0.206514,0.05999999999994543,10.353485999999945,2.0,1.9608874999999997,5.331478651100009,5.279999999999973,0.005,0.004951721975769878,,HYP-FCR-04,baseline,1066.2957302200018,1076.6492162200018,18.000000000000682,1.2360818181818187,0.14562142841383507,2,2,36.000000000001364,1.759999999999991,10.0,347.02,0.6800000000000068,3,2022,10
SPY,2022-04-12,long,445.75,442.37,2022-04-12T15:10:00+00:00,2022-04-12T15:20:00+00:00,443.59,0.37000000000000455,442.31,446.1499999999999,2,2,2022-04-12T15:25:00+00:00,443.61,2022-04-12T16:24:00+00:00,442.3,STOP_LOSS,-2.6200000000000045,0.17718200000000003,0.06000000000005912,-2.7971820000000047,-1.0234375000000235,-1.0926492187500252,5.217691398000006,2.5599999999999454,0.005,0.00245319223074521,,HYP-FCR-04,baseline,1043.538279600001,1040.741097600001,37.000000000000455,0.6650071428571452,0.5563850012352225,2,2,5.000000000001137,1.2799999999999727,10.0,442.375,0.06499999999999773,3,2022,11
SPY,2022-04-18,short,439.46,436.73,2022-04-18T14:45:00+00:00,2022-04-18T14:55:00+00:00,438.57,0.2699999999999818,439.48,436.74999999999994,2,2,2022-04-18T15:00:00+00:00,438.57,2022-04-18T15:39:00+00:00,436.75999999999993,TAKE_PROFIT,3.6200000000001182,0.175066,0.01999999999998181,3.444934000000118,1.9890109890109993,1.892820879120892,5.203705488000005,1.82000000000005,0.005,0.0017487538487689757,,HYP-FCR-04,baseline,1040.741097600001,1044.1860316000011,26.99999999999818,0.7782142857142966,0.34694814134921453,2,2,1.0000000000047748,0.910000000000025,10.0,439.26,0.22000000000002728,3,2022,11
QQQ,2022-04-18,short,339.35,336.8,2022-04-18T15:10:00+00:00,2022-04-18T15:15:00+00:00,338.5295,0.17000000000001592,339.56,336.46849999999995,3,3,2022-04-18T15:20:00+00:00,338.51,2022-04-18T16:15:00+00:00,336.47849999999994,TAKE_PROFIT,6.094500000000153,0.20249655,0.08849999999995362,5.892003450000153,1.971373119844751,1.9058720524017634,5.383246081100009,3.091500000000053,0.005,0.0028714087684510404,,HYP-FCR-04,baseline,1076.6492162200018,1082.541219670002,17.00000000000159,0.8140357142857104,0.20883604615454165,1,1,19.999999999998863,1.0305000000000177,5.0,339.805,0.24500000000000455,2,2022,11
QQQ,2022-04-20,long,347.56,342.56,2022-04-20T14:10:00+00:00,2022-04-20T14:15:00+00:00,343.34,0.08999999999997499,342.46500000000003,345.08999999999986,3,3,2022-04-20T14:20:00+00:00,343.36,2022-04-20T15:12:00+00:00,342.45500000000004,STOP_LOSS,-2.714999999999918,0.20574450000000002,0.09000000000008868,-2.9207444999999184,-1.0342857142857502,-1.1126645714286125,5.41270609835001,2.6249999999998295,0.005,0.0024248499293172644,,HYP-FCR-04,baseline,1082.541219670002,1079.620475170002,8.999999999997499,1.157550000000009,0.07775042114809234,1,1,8.499999999997954,0.8749999999999432,5.0,342.51,0.04499999999995907,2,2022,10
SPY,2022-04-20,long,447.57,444.41,2022-04-20T14:05:00+00:00,2022-04-20T14:15:00+00:00,445.4,0.12000000000000455,444.36,447.4799999999999,2,2,2022-04-20T14:20:00+00:00,445.43,2022-04-20T18:52:00+00:00,444.35,STOP_LOSS,-2.159999999999968,0.177956,0.08000000000004093,-2.337955999999968,-1.0384615384615594,-1.1240173076923317,5.220930158000006,2.0799999999999272,0.005,0.0019919822110747386,,HYP-FCR-04,baseline,1044.1860316000011,1041.848075600001,12.000000000000455,0.7976900000000114,0.15043437927014608,2,2,4.000000000002046,1.0399999999999636,10.0,444.75,0.38999999999998636,3,2022,10
QQQ,2022-04-21,long,347.87,344.983,2022-04-21T14:25:00+00:00,2022-04-21T14:30:00+00:00,345.41,0.4199999999999591,343.92,348.39000000000004,3,3,2022-04-21T14:35:00+00:00,345.40999999999997,2022-04-21T14:46:00+00:00,343.91,STOP_LOSS,-4.4999999999998295,0.206796,0.030000000000143245,-4.706795999999829,-1.0067114093959288,-1.0529744966442507,5.39810237585001,4.470000000000027,0.005,0.004140343854905272,,HYP-FCR-04,baseline,1079.620475170002,1074.913679170002,41.99999999999591,1.0872461538461597,0.38629706668926705,1,1,105.29999999999973,1.490000000000009,5.0,344.15000000000003,0.2300000000000182,2,2022,10
SPY,2022-04-25,long,423.87,420.27,2022-04-25T14:20:00+00:00,2022-04-25T14:25:00+00:00,422.6599,0.8201000000000249,420.26,427.4597,2,2,2022-04-25T14:30:00+00:00,422.66949999999997,2022-04-25T15:10:00+00:00,420.25,STOP_LOSS,-4.838999999999942,0.1685839,0.03919999999993706,-5.007583899999942,-1.0081670069586102,-1.0432901162548307,5.209240378000005,4.799800000000005,0.005,0.004607005678093514,,HYP-FCR-04,baseline,1041.848075600001,1036.8404917000012,82.01000000000249,1.458108333333333,0.562441062335349,1,1,0.0,2.3999000000000024,5.0,420.89,0.6299999999999955,2,2022,10
QQQ,2022-04-25,short,325.6,322.43,2022-04-25T14:50:00+00:00,2022-04-25T14:55:00+00:00,324.62,0.6399999999999864,327.0312,319.7976,2,2,2022-04-25T15:00:00+00:00,324.64,2022-04-25T18:21:00+00:00,327.0412,STOP_LOSS,-4.802400000000034,0.13033624,0.05999999999994543,-4.932736240000034,-0.9958526874585306,-1.0228799435965532,5.374568395850011,4.822400000000016,0.005,0.004486313732395375,,HYP-FCR-04,baseline,1074.913679170002,1069.9809429300021,63.999999999998636,1.4707428571428482,0.4351542466392039,1,1,142.1199999999999,2.411200000000008,5.0,327.01,0.021200000000021646,2,2022,11
QQQ,2022-04-27,long,322.88,316.94,2022-04-27T14:35:00+00:00,2022-04-27T14:40:00+00:00,318.18,0.8500000000000227,316.06,322.42,2,2,2022-04-27T14:45:00+00:00,318.15999999999997,2022-04-27T19:59:00+00:00,316.72,FORCED_SESSION_CLOSE,-2.8799999999998818,0.126976,0.06000000000005912,-3.0069759999998817,-0.6792452830188386,-0.7091924528301593,5.349904714650011,4.240000000000009,0.005,0.003962687399262763,,HYP-FCR-04,baseline,1069.9809429300021,1066.9739669300022,85.00000000000227,1.6238500000000005,0.5234473627490362,1,1,87.00000000000045,2.1200000000000045,5.0,315.75,0.3100000000000023,2,2022,10
SPY,2022-04-27,long,422.02,417.15,2022-04-27T14:35:00+00:00,2022-04-27T14:40:00+00:00,418.05,1.2700000000000387,415.8,422.55,2,2,2022-04-27T14:45:00+00:00,418.06,2022-04-27T16:43:00+00:00,422.54,TAKE_PROFIT,8.960000000000036,0.16812000000000002,0.03999999999996362,8.791880000000036,1.9911111111111193,1.9537511111111192,5.184202458500006,4.5,0.005,0.004340108277042509,,HYP-FCR-04,baseline,1036.8404917000012,1045.6323717000012,127.00000000000387,1.6978142857142748,0.7480205642549099,1,1,133.9999999999975,2.25,5.0,415.92,0.12000000000000455,2,2022,10
QQQ,2022-04-28,long,323.505,319.03,2022-04-28T14:15:00+00:00,2022-04-28T14:20:00+00:00,319.99,0.12319999999999709,318.48,323.01,3,3,2022-04-28T14:25:00+00:00,319.96,2022-04-28T14:29:00+00:00,318.47,STOP_LOSS,-4.469999999999857,0.191529,0.12000000000006139,-4.661528999999857,-0.9867549668873915,-1.0290350993377229,5.334869834650012,4.529999999999973,0.005,0.004245651853188241,,HYP-FCR-04,baseline,1066.9739669300022,1062.3124379300025,12.319999999999709,1.5939818181818168,0.07729071849798498,1,1,53.99999999999636,1.509999999999991,5.0,319.23,0.75,2,2022,10
SPY,2022-04-28,long,423.08,419.56,2022-04-28T15:05:00+00:00,2022-04-28T15:10:00+00:00,420.84,0.4199999999999591,419.5,423.5199999999999,2,2,2022-04-28T15:15:00+00:00,420.83,2022-04-28T15:47:00+00:00,419.49,STOP_LOSS,-2.67999999999995,0.168064,0.03999999999996362,-2.84806399999995,-1.0,-1.0627104477611953,5.228161858500006,2.67999999999995,0.005,0.0025630423010362382,,HYP-FCR-04,baseline,1045.6323717000012,1042.7843077000011,41.99999999999591,1.0293999999999974,0.4080046629103945,1,1,5.000000000001137,1.339999999999975,5.0,419.3,0.19999999999998863,2,2022,11
QQQ,2022-05-02,short,316.1135,310.4414,2022-05-02T14:40:00+00:00,2022-05-02T14:45:00+00:00,315.35,0.160000000000025,317.5,311.05000000000007,2,2,2022-05-02T14:50:00+00:00,315.37,2022-05-02T17:44:00+00:00,311.06000000000006,TAKE_PROFIT,8.61999999999989,0.125286,0.05999999999994543,8.494713999999892,2.0046511627906933,1.975514883720926,5.3115621896500125,4.2999999999999545,0.005,0.004047773372943685,,HYP-FCR-04,baseline,1062.3124379300025,1070.8071519300024,16.0000000000025,1.9237714285714236,0.08316996376167186,1,1,137.65000000000214,2.1499999999999773,5.0,317.115,0.3849999999999909,2,2022,10
SPY,2022-05-02,short,413.37,409.25,2022-05-02T14:55:00+00:00,2022-05-02T15:00:00+00:00,410.89,0.44999999999998863,413.94,404.78999999999996,1,1,2022-05-02T15:05:00+00:00,410.90000000000003,2022-05-02T19:50:00+00:00,413.95,STOP_LOSS,-3.0499999999999545,0.082485,0.020000000000038654,-3.1324849999999547,-0.9999999999999813,-1.0270442622950633,5.2139215385000055,3.0500000000000114,0.005,0.002924861812244941,,HYP-FCR-04,baseline,1042.7843077000011,1039.6518227000013,44.99999999999886,1.6250357142857135,0.2769169908353594,1,1,56.00000000000023,3.0500000000000114,5.0,413.89,0.05000000000001137,2,2022,11
QQQ,2022-05-03,short,319.48,315.98,2022-05-03T14:05:00+00:00,2022-05-03T14:10:00+00:00,318.64,0.5300000000000296,320.32,315.28,3,3,2022-05-03T14:15:00+00:00,318.65000000000003,2022-05-03T17:15:00+00:00,320.33,STOP_LOSS,-5.03999999999985,0.191694,0.06000000000011596,-5.23169399999985,-0.9999999999999661,-1.03803452380949,5.354035759650012,5.0400000000000205,0.005,0.00470672986346423,,HYP-FCR-04,baseline,1070.8071519300024,1065.5754579300026,53.000000000002956,1.6300222222222247,0.3251489413914097,1,1,82.99999999999841,1.6800000000000068,5.0,320.13,0.18999999999999773,2,2022,10
SPY,2022-05-03,short,415.7117,413.36,2022-05-03T14:05:00+00:00,2022-05-03T14:10:00+00:00,415.07,0.11000000000001364,416.245,412.71999999999997,2,2,2022-05-03T14:15:00+00:00,415.06,2022-05-03T14:32:00+00:00,416.255,STOP_LOSS,-2.3899999999999864,0.16626300000000002,0.03999999999996362,-2.556262999999986,-1.017021276595729,-1.0877714893616857,5.198259113500007,2.3500000000000227,0.005,0.002260372125253448,,HYP-FCR-04,baseline,1039.6518227000013,1037.0955597000013,11.000000000001364,1.4685111111111142,0.07490580028147335,1,1,52.33000000000061,1.1750000000000114,5.0,416.01,0.23500000000001364,2,2022,10
QQQ,2022-05-04,long,319.47,317.11,2022-05-04T16:20:00+00:00,2022-05-04T16:25:00+00:00,318.15,0.6899999999999977,316.44010000000003,321.5697999999999,3,3,2022-05-04T16:30:00+00:00,318.15,2022-05-04T18:01:00+00:00,321.5597999999999,TAKE_PROFIT,10.229399999999714,0.19191293999999998,0.029999999999972715,10.037487059999714,1.9941517047780624,1.9567395871103614,5.327877289650013,5.129699999999843,0.005,0.004814018530386247,,HYP-FCR-04,baseline,1065.5754579300026,1075.6129449900022,68.99999999999977,0.7209000000000044,0.957136912193083,1,1,65.98999999999933,1.7098999999999478,5.0,316.08,0.3601000000000454,2,2022,12
SPY,2022-05-04,long,417.42,416.02,2022-05-04T16:20:00+00:00,2022-05-04T16:25:00+00:00,416.98,0.5100000000000477,415.88,419.18000000000006,2,2,2022-05-04T16:30:00+00:00,416.99,2022-05-04T18:01:00+00:00,419.1700000000001,TAKE_PROFIT,4.360000000000127,0.16723200000000002,0.03999999999996362,4.192768000000127,1.9818181818181988,1.9058036363636548,5.185477798500007,2.2000000000000455,0.005,0.0021213088605223952,,HYP-FCR-04,baseline,1037.0955597000013,1041.2883277000014,51.000000000004775,0.6535285714285725,0.7803790412486783,1,1,12.999999999999545,1.1000000000000227,5.0,415.385,0.49500000000000455,2,2022,12
QQQ,2022-05-06,short,311.73,305.105,2022-05-06T14:25:00+00:00,2022-05-06T14:35:00+00:00,308.87,0.2400000000000091,312.19,302.23,1,1,2022-05-06T14:40:00+00:00,308.83,2022-05-06T14:46:00+00:00,312.2,STOP_LOSS,-3.3700000000000045,0.062103,0.05000000000001137,-3.4321030000000046,-1.015060240963859,-1.0337659638554253,5.378064724950011,3.319999999999993,0.005,0.0030866121642212593,,HYP-FCR-04,baseline,1075.6129449900022,1072.1808419900021,24.00000000000091,2.1464285714285682,0.11181364392679309,2,2,44.99999999999886,3.319999999999993,10.0,310.95,1.240000000000009,3,2022,10
SPY,2022-05-06,short,411.77,405.73,2022-05-06T15:35:00+00:00,2022-05-06T15:40:00+00:00,410.78,0.5500000000000114,411.96999999999997,408.4,2,2,2022-05-06T15:45:00+00:00,410.78000000000003,2022-05-06T16:06:00+00:00,411.97999999999996,STOP_LOSS,-2.3999999999998636,0.164552,0.020000000000095497,-2.5645519999998636,-1.0084033613444825,-1.0775428571428018,5.206441638500007,2.3799999999999955,0.005,0.0022856301532323342,,HYP-FCR-04,baseline,1041.2883277000014,1038.7237757000016,55.00000000000114,1.6839357142857116,0.3266157937824302,1,1,18.999999999999773,1.1899999999999977,5.0,413.76,1.7900000000000205,2,2022,11
QQQ,2022-05-10,long,305.76,300.62,2022-05-10T17:25:00+00:00,2022-05-10T17:30:00+00:00,301.93,1.378599999999949,299.15000000000003,307.48999999999995,1,1,2022-05-10T17:35:00+00:00,301.949,2022-05-10T19:59:00+00:00,300.81,FORCED_SESSION_CLOSE,-1.13900000000001,0.06027590000000001,0.028999999999996362,-1.19927590000001,-0.40971223021583497,-0.43139420863310135,5.360904209950011,2.7799999999999727,0.005,0.0025928461796054882,,HYP-FCR-04,baseline,1072.1808419900021,1070.9815660900022,137.8599999999949,1.232921428571432,1.1181572223927623,1,1,145.99999999999795,2.7799999999999727,5.0,299.08,0.07000000000005002,2,2022,13
SPY,2022-05-11,short,403.17,395.22,2022-05-11T14:45:00+00:00,2022-05-11T14:50:00+00:00,401.461,0.060000000000002274,404.05,396.283,2,2,2022-05-11T14:55:00+00:00,401.47,2022-05-11T17:05:00+00:00,396.293,TAKE_PROFIT,10.354000000000042,0.15955260000000002,0.038000000000010914,10.194447400000042,1.999613750482821,1.9688001931247678,5.193618878500009,5.177999999999997,0.005,0.004984963395596211,,HYP-FCR-04,baseline,1038.7237757000016,1048.9182231000016,6.000000000000227,1.886571428571423,0.031803725579283446,1,1,87.00000000000045,2.5889999999999986,5.0,403.78,0.27000000000003865,2,2022,10
SPY,2022-05-12,short,391.28,386.92,2022-05-12T15:45:00+00:00,2022-05-12T15:50:00+00:00,389.63,0.9899999999999523,391.56,385.77,2,2,2022-05-12T15:55:00+00:00,389.61,2022-05-12T16:32:00+00:00,391.57,STOP_LOSS,-3.919999999999959,0.156236,0.05999999999994543,-4.076235999999959,-1.015544041450763,-1.0560196891191567,5.244591115500008,3.8600000000000136,0.005,0.003679981827937038,,HYP-FCR-04,baseline,1048.9182231000016,1044.8419871000017,98.99999999999523,1.408064285714289,0.7030928985587761,1,1,27.000000000003865,1.9300000000000068,5.0,392.73,1.170000000000016,2,2022,11
QQQ,2022-05-12,short,290.25,285.04,2022-05-12T15:50:00+00:00,2022-05-12T15:55:00+00:00,288.78,0.6100000000000136,290.73,284.8799999999999,2,2,2022-05-12T16:00:00+00:00,288.77,2022-05-12T16:31:00+00:00,290.74,STOP_LOSS,-3.9400000000000546,0.115902,0.03999999999996362,-4.055902000000055,-1.0102564102564007,-1.0399748717948616,5.354907830450011,3.900000000000091,0.005,0.003641519259979818,,HYP-FCR-04,baseline,1070.9815660900022,1066.925664090002,61.000000000001364,1.4826928571428613,0.411413595918631,1,1,47.00000000000273,1.9500000000000455,5.0,291.65999999999997,0.92999999999995,2,2022,12
QQQ,2022-05-13,short,299.29,294.0825,2022-05-13T18:00:00+00:00,2022-05-13T18:05:00+00:00,298.75,0.7450000000000045,299.90999999999997,296.43000000000006,3,3,2022-05-13T18:10:00+00:00,298.71000000000004,2022-05-13T18:31:00+00:00,299.91999999999996,STOP_LOSS,-3.629999999999768,0.179589,0.14999999999986358,-3.809588999999768,-1.0431034482758241,-1.0947094827585842,5.334628320450011,3.4799999999999045,0.005,0.0032617080243992932,,HYP-FCR-04,baseline,1066.925664090002,1063.1160750900024,74.50000000000045,0.7661571428571351,0.9723853741306492,1,1,60.99999999999568,1.1599999999999682,5.0,300.37,0.4600000000000364,2,2022,14
SPY,2022-05-13,short,399.07,395.61,2022-05-13T18:00:00+00:00,2022-05-13T18:05:00+00:00,398.33,0.6399999999999864,399.36,396.2699999999999,2,2,2022-05-13T18:10:00+00:00,398.32,2022-05-13T18:31:00+00:00,399.37,STOP_LOSS,-2.1000000000000227,0.159538,0.03999999999996362,-2.2595380000000227,-1.0194174757281371,-1.096863106796096,5.224209935500008,2.060000000000059,0.005,0.001971589987226362,,HYP-FCR-04,baseline,1044.8419871000017,1042.5824491000017,63.999999999998636,0.8196428571428669,0.7808278867102137,1,1,28.000000000002956,1.0300000000000296,5.0,400.015,0.6549999999999727,2,2022,14
QQQ,2022-05-16,long,301.23,297.821,2022-05-16T14:00:00+00:00,2022-05-16T14:10:00+00:00,299.82,0.7799999999999727,297.47,304.5199999999999,2,2,2022-05-16T14:15:00+00:00,299.81,2022-05-16T15:00:00+00:00,297.46000000000004,STOP_LOSS,-4.699999999999932,0.119454,0.03999999999996362,-4.819453999999932,-1.0,-1.0254157446808514,5.315580375450012,4.699999999999932,0.005,0.00442096597928127,,HYP-FCR-04,baseline,1063.1160750900024,1058.2966210900024,77.99999999999727,1.7210000000000036,0.45322486926204014,2,2,34.10000000000082,2.349999999999966,10.0,298.44,0.9699999999999704,3,2022,10
SPY,2022-05-16,short,401.29,397.6,2022-05-16T14:30:00+00:00,2022-05-16T14:50:00+00:00,398.87,0.23099999999999454,401.76,393.09000000000003,1,1,2022-05-16T14:55:00+00:00,398.91,2022-05-16T16:02:00+00:00,401.77,STOP_LOSS,-2.859999999999957,0.08006800000000001,0.05000000000001137,-2.9400679999999566,-0.9896193771626195,-1.0173245674740383,5.212912245500008,2.8899999999999864,0.005,0.002771963025557114,,HYP-FCR-04,baseline,1042.5824491000017,1039.6423811000018,23.099999999999454,1.2937785714285692,0.17854678157555826,4,4,45.999999999997954,2.8899999999999864,20.0,400.43,1.329999999999984,5,2022,10
QQQ,2022-05-17,long,305.54,303.02,2022-05-17T15:25:00+00:00,2022-05-17T15:30:00+00:00,304.09,0.37999999999999545,302.6,307.0699999999999,3,3,2022-05-17T15:35:00+00:00,304.105,2022-05-17T18:20:00+00:00,302.59000000000003,STOP_LOSS,-4.544999999999959,0.18200850000000002,0.07500000000010232,-4.727008499999959,-1.0167785234899562,-1.057496308724857,5.291483105450012,4.469999999999857,0.005,0.0042237685644275595,,HYP-FCR-04,baseline,1058.2966210900024,1053.5696125900024,37.999999999999545,0.7730214285714193,0.4915775759311791,1,1,40.99999999999682,1.4899999999999523,5.0,302.32,0.28000000000002956,2,2022,11
SPY,2022-05-17,long,406.63,404.4,2022-05-17T15:20:00+00:00,2022-05-17T15:30:00+00:00,405.87,0.3405999999999949,404.33,408.95000000000005,2,2,2022-05-17T15:35:00+00:00,405.88,2022-05-17T18:20:00+00:00,404.32,STOP_LOSS,-3.1200000000000045,0.16204000000000002,0.03999999999996362,-3.2820400000000047,-1.0129870129870011,-1.06559740259739,5.198211905500009,3.080000000000041,0.005,0.0029625571792689163,,HYP-FCR-04,baseline,1039.6423811000018,1036.3603411000017,34.05999999999949,0.7460285714285776,0.45655087893989976,2,2,6.000000000000227,1.5400000000000205,10.0,404.46000000000004,0.1300000000000523,3,2022,11
QQQ,2022-05-19,short,292.06,287.58,2022-05-19T16:35:00+00:00,2022-05-19T16:40:00+00:00,290.54,0.6499999999999773,292.55,286.52000000000004,2,2,2022-05-19T16:45:00+00:00,290.5,2022-05-19T18:38:00+00:00,292.56,STOP_LOSS,-4.1200000000000045,0.116612,0.10000000000002274,-4.2366120000000045,-1.024875621890553,-1.053883582089558,5.267848062950012,4.019999999999982,0.005,0.0038155997970723255,,HYP-FCR-04,baseline,1053.5696125900024,1049.3330005900025,64.99999999999773,0.9488071428571426,0.6850707279064452,1,1,48.00000000000182,2.009999999999991,5.0,292.989,0.43899999999996453,2,2022,12
SPY,2022-05-19,short,391.79,387.11,2022-05-19T16:30:00+00:00,2022-05-19T16:40:00+00:00,389.35,0.5913999999999646,391.93,384.19000000000005,2,2,2022-05-19T16:45:00+00:00,389.29,2022-05-19T17:57:00+00:00,391.94,STOP_LOSS,-5.2999999999999545,0.15624600000000002,0.13999999999998636,-5.456245999999955,-1.027131782945734,-1.0574120155038738,5.181801705500009,5.159999999999968,0.005,0.004978963199733309,,HYP-FCR-04,baseline,1036.3603411000017,1030.9040951000018,59.13999999999646,1.0552214285714285,0.5604510901570764,2,2,12.999999999999545,2.579999999999984,10.0,391.71999999999997,0.21000000000003638,3,2022,12
SPY,2022-05-23,long,394.44,391.1,2022-05-23T14:10:00+00:00,2022-05-23T14:15:00+00:00,392.995,0.19999999999998863,391.07,396.845,2,2,2022-05-23T14:20:00+00:00,392.99,2022-05-23T15:34:00+00:00,396.83500000000004,TAKE_PROFIT,7.690000000000055,0.15796500000000002,0.029999999999972715,7.532035000000055,1.9974025974025997,1.9563727272727298,5.154520475500009,3.8500000000000227,0.005,0.0037345859991239606,,HYP-FCR-04,baseline,1030.9040951000018,1038.4361301000017,19.999999999998863,1.576890000000003,0.12683192866971588,1,1,2.0000000000038654,1.9250000000000114,5.0,391.1,0.03000000000002956,2,2022,10
QQQ,2022-05-23,long,292.005,288.1306,2022-05-23T14:25:00+00:00,2022-05-23T15:05:00+00:00,290.8,0.8700000000000045,287.90000000000003,296.59999999999997,1,1,2022-05-23T15:10:00+00:00,290.86,2022-05-23T19:59:00+00:00,293.43,FORCED_SESSION_CLOSE,2.569999999999993,0.058429,0.06999999999999318,2.5115709999999933,0.8862068965517287,0.8660589655172459,5.246665002950013,2.8999999999999773,0.005,0.0027636603426837913,,HYP-FCR-04,baseline,1049.3330005900025,1051.8445715900025,87.00000000000045,1.4575714285714167,0.5968832696265883,8,8,22.059999999999036,2.8999999999999773,40.0,289.42,1.5199999999999818,9,2022,11
QQQ,2022-05-24,long,288.86,284.67,2022-05-24T15:45:00+00:00,2022-05-24T15:50:00+00:00,285.56,0.8199999999999932,284.44,287.8,3,3,2022-05-24T15:55:00+00:00,285.59,2022-05-24T16:15:00+00:00,287.79,TAKE_PROFIT,6.600000000000136,0.17201400000000003,0.11999999999989086,6.4279860000001365,1.9642857142857468,1.9130910714286042,5.259222857950013,3.3600000000000136,0.005,0.00319438830674472,,HYP-FCR-04,baseline,1051.8445715900025,1058.2725575900026,81.99999999999932,0.9585428571428614,0.8554651405406908,1,1,22.00000000000273,1.1200000000000045,5.0,283.94,0.5,2,2022,11
SPY,2022-05-24,long,393.6,390.66,2022-05-24T16:05:00+00:00,2022-05-24T16:10:00+00:00,391.679,0.25,390.01,395.01699999999994,2,2,2022-05-24T16:15:00+00:00,391.7,2022-05-24T16:33:00+00:00,390.0,STOP_LOSS,-3.3999999999999773,0.15634,0.06200000000001182,-3.5563399999999774,-1.0185739964050367,-1.065410425404438,5.192180650500009,3.3379999999999654,0.005,0.0032144490192945376,,HYP-FCR-04,baseline,1038.4361301000017,1034.8797901000016,25.0,0.9692571428571414,0.25792948944699956,1,1,64.00000000000432,1.6689999999999827,5.0,390.24,0.2300000000000182,2,2022,12
QQQ,2022-05-25,short,289.09,285.5,2022-05-25T15:30:00+00:00,2022-05-25T15:35:00+00:00,288.55,0.45050000000003365,289.51,286.63000000000005,3,3,2022-05-25T15:40:00+00:00,288.58,2022-05-25T15:58:00+00:00,289.52,STOP_LOSS,-2.819999999999993,0.17343,0.11999999999989086,-2.9934299999999934,-0.9791666666666852,-1.0393854166666865,5.291362787950013,2.8799999999999386,0.005,0.002721416122287574,,HYP-FCR-04,baseline,1058.2725575900026,1055.2791275900026,45.050000000003365,0.8652714285714264,0.5206458749525738,1,1,41.0000000000025,0.9599999999999795,5.0,289.76,0.25,2,2022,11
SPY,2022-05-25,short,395.36,391.89,2022-05-25T15:30:00+00:00,2022-05-25T15:35:00+00:00,394.58,0.45999999999997954,395.93,391.87999999999994,2,2,2022-05-25T15:40:00+00:00,394.57,2022-05-25T18:00:00+00:00,395.94,STOP_LOSS,-2.740000000000009,0.158102,0.03999999999996362,-2.898102000000009,-1.014814814814801,-1.0733711111110964,5.1743989505000085,2.7000000000000455,0.005,0.002608998673883796,,HYP-FCR-04,baseline,1034.8797901000016,1031.9816881000015,45.999999999997954,0.8439571428571517,0.545051373630994,1,1,56.00000000000023,1.3500000000000227,5.0,396.2,0.2699999999999818,2,2022,11
SPY,2022-05-27,short,411.55,407.7,2022-05-27T14:55:00+00:00,2022-05-27T15:00:00+00:00,410.82,0.18500000000000227,411.63,409.2,2,2,2022-05-27T15:05:00+00:00,410.81,2022-05-27T15:12:00+00:00,411.64,STOP_LOSS,-1.6599999999999682,0.16449000000000003,0.03999999999996362,-1.8244899999999682,-1.0246913580246688,-1.1262283950617056,5.159908440500008,1.6200000000000045,0.005,0.0015697952964481504,,HYP-FCR-04,baseline,1031.9816881000015,1030.1571981000016,18.500000000000227,0.5843571428571457,0.3165872142769856,1,1,6.999999999999318,0.8100000000000023,5.0,411.56,0.06999999999999318,2,2022,11
SPY,2022-05-31,long,413.93,410.22,2022-05-31T14:10:00+00:00,2022-05-31T14:15:00+00:00,411.862,0.11000000000001364,410.02,415.5460000000001,2,2,2022-05-31T14:20:00+00:00,411.875,2022-05-31T16:03:00+00:00,415.5360000000001,TAKE_PROFIT,7.32200000000023,0.16548220000000002,0.045999999999935426,7.1565178000002305,1.9875135722041437,1.942594408251919,5.150785990500008,3.6840000000000828,0.005,0.0035761532383550474,,HYP-FCR-04,baseline,1030.1571981000016,1037.3137159000019,11.000000000001364,1.1478199999999958,0.09583384154311132,1,1,19.000000000005457,1.8420000000000414,5.0,410.05,0.03000000000002956,2,2022,10
QQQ,2022-05-31,long,309.35,305.28,2022-05-31T14:10:00+00:00,2022-05-31T14:20:00+00:00,306.63,0.4399999999999977,304.32,311.25,2,2,2022-05-31T14:25:00+00:00,306.65,2022-05-31T18:02:00+00:00,311.24,TAKE_PROFIT,9.180000000000064,0.12357800000000001,0.05999999999994543,9.056422000000063,1.9870129870129989,1.960264502164514,5.276395637950014,4.6200000000000045,0.005,0.004377988609090512,,HYP-FCR-04,baseline,1055.2791275900026,1064.3355495900028,43.99999999999977,1.2412727272727322,0.35447487915628795,2,2,94.99999999999886,2.3100000000000023,10.0,304.34000000000003,0.020000000000038654,3,2022,10
QQQ,2022-06-02,short,306.54,303.4001,2022-06-02T14:20:00+00:00,2022-06-02T14:25:00+00:00,305.4784,0.7400000000000091,306.77,302.8952000000001,3,3,2022-06-02T14:30:00+00:00,305.47,2022-06-02T14:40:00+00:00,306.78,STOP_LOSS,-3.9299999999998363,0.183675,0.05519999999995662,-4.113674999999836,-1.0142458965623924,-1.061648343140282,5.321677747950014,3.8747999999998797,0.005,0.0036405812072071706,,HYP-FCR-04,baseline,1064.3355495900028,1060.221874590003,74.00000000000091,1.4258166666666672,0.5190008065553137,1,1,21.999999999997044,1.29159999999996,5.0,307.71,0.9399999999999977,2,2022,10
SPY,2022-06-02,short,409.68,407.32,2022-06-02T14:15:00+00:00,2022-06-02T14:25:00+00:00,407.9663,0.8199999999999932,410.36,403.17889999999994,2,2,2022-06-02T14:30:00+00:00,407.95,2022-06-02T15:02:00+00:00,410.37,STOP_LOSS,-4.840000000000032,0.163664,0.05259999999998399,-5.003664000000032,-1.0109871746668304,-1.0451735806492004,5.186568579500009,4.787400000000048,0.005,0.004615190107504139,,HYP-FCR-04,baseline,1037.3137159000019,1032.3100519000018,81.99999999999932,1.4296749999999985,0.5735569272736769,2,2,67.00000000000159,2.393700000000024,10.0,410.3,0.060000000000002274,3,2022,10
SPY,2022-06-03,long,413.98,411.36,2022-06-03T16:50:00+00:00,2022-06-03T17:00:00+00:00,413.09,0.27010000000001355,411.05,417.1699999999999,2,2,2022-06-03T17:05:00+00:00,413.11,2022-06-03T17:19:00+00:00,411.04,STOP_LOSS,-4.139999999999986,0.16483000000000003,0.06000000000005912,-4.304829999999987,-1.014705882352956,-1.0551053921568783,5.161550259500009,4.079999999999927,0.005,0.003952300951144037,,HYP-FCR-04,baseline,1032.3100519000018,1028.0052219000017,27.010000000001355,0.8097714285714233,0.333550913838139,2,2,30.000000000001137,2.0399999999999636,10.0,411.58,0.5299999999999727,3,2022,13
QQQ,2022-06-03,long,310.14,307.5,2022-06-03T17:00:00+00:00,2022-06-03T17:05:00+00:00,307.91,0.05000000000001137,307.29,309.15000000000003,3,3,2022-06-03T17:10:00+00:00,307.90999999999997,2022-06-03T17:14:00+00:00,307.28000000000003,STOP_LOSS,-1.8899999999998158,0.18455700000000003,0.030000000000143245,-2.0745569999998157,-1.0161290322579581,-1.1153532258063443,5.301109372950015,1.8600000000000136,0.005,0.001754349768268356,,HYP-FCR-04,baseline,1060.221874590003,1058.147317590003,5.000000000001137,0.7482714285714239,0.06682067240689622,1,1,19.999999999998863,0.6200000000000045,5.0,307.1,0.18999999999999773,2,2022,13
QQQ,2022-06-06,short,311.79,309.04,2022-06-06T15:00:00+00:00,2022-06-06T15:10:00+00:00,309.49,0.9499999999999886,311.9384,304.5932,2,2,2022-06-06T15:15:00+00:00,309.49,2022-06-06T19:59:00+00:00,307.26,FORCED_SESSION_CLOSE,4.460000000000036,0.12335,0.01999999999998181,4.336650000000036,0.9107988890704236,0.8856089691227025,5.290736587950015,4.896799999999985,0.005,0.004627711017736882,,HYP-FCR-04,baseline,1058.147317590003,1062.483967590003,94.99999999999886,0.769364285714285,1.2347856764861391,2,2,13.839999999999009,2.4483999999999924,10.0,311.63,0.308400000000006,3,2022,11
SPY,2022-06-06,short,415.495,413.66,2022-06-06T15:05:00+00:00,2022-06-06T15:10:00+00:00,414.43,0.5099999999999909,416.18,410.93,2,2,2022-06-06T15:15:00+00:00,414.42,2022-06-06T16:30:00+00:00,410.94,TAKE_PROFIT,6.960000000000036,0.16507200000000002,0.03999999999996362,6.794928000000036,1.9885714285714389,1.9414080000000102,5.140026109500009,3.5,0.005,0.0034046519661944472,,HYP-FCR-04,baseline,1028.0052219000017,1034.8001499000018,50.99999999999909,0.6852714285714318,0.7442306489607704,1,1,67.50000000000114,1.75,5.0,416.09999999999997,0.08000000000004093,2,2022,11
QQQ,2022-06-08,long,311.72,307.95,2022-06-08T19:20:00+00:00,2022-06-08T19:25:00+00:00,308.14,0.12999999999999545,307.63370000000003,309.1525999999999,3,3,2022-06-08T19:30:00+00:00,308.17,2022-06-08T19:46:00+00:00,307.62370000000004,STOP_LOSS,-1.6388999999999214,0.18473811,0.12000000000006139,-1.8236381099999215,-1.0790045427612565,-1.2006307920206,5.312419837950015,1.51889999999986,0.005,0.0014295745124937088,,HYP-FCR-04,baseline,1062.483967590003,1060.6603294800032,12.999999999999545,0.5581785714285681,0.23290037750335238,1,1,30.62999999999647,0.5062999999999533,5.0,307.73,0.09629999999998518,2,2022,15
SPY,2022-06-09,short,411.69,408.42,2022-06-09T14:00:00+00:00,2022-06-09T14:05:00+00:00,409.81,0.061399999999991905,411.75,405.93,2,2,2022-06-09T14:10:00+00:00,409.82,2022-06-09T19:04:00+00:00,405.94,TAKE_PROFIT,7.759999999999991,0.16315200000000002,0.03999999999996362,7.596847999999991,2.0,1.9579505154639174,5.174000749500009,3.8799999999999955,0.005,0.0037495162716925973,,HYP-FCR-04,baseline,1034.8001499000018,1042.3969979000017,6.1399999999991905,1.4157375000000059,0.04336962184020106,1,1,5.000000000001137,1.9399999999999977,5.0,411.65999999999997,0.09000000000003183,2,2022,10
QQQ,2022-06-09,short,308.62,305.01,2022-06-09T14:40:00+00:00,2022-06-09T14:45:00+00:00,307.5199,0.18009999999998172,308.835,304.88970000000006,3,3,2022-06-09T14:50:00+00:00,307.47,2022-06-09T18:23:00+00:00,304.89970000000005,TAKE_PROFIT,7.710899999999924,0.18371091000000003,0.1796999999999116,7.527189089999924,1.9544521329176703,1.907887635921243,5.303301647400016,3.945299999999918,0.005,0.0037196639587096948,,HYP-FCR-04,baseline,1060.6603294800032,1068.187518570003,18.009999999998172,1.0339857142857178,0.17418035618064187,1,1,20.49999999999841,1.3150999999999726,5.0,308.76,0.07499999999998863,2,2022,10
QQQ,2022-06-13,long,282.34,279.64,2022-06-13T16:30:00+00:00,2022-06-13T16:35:00+00:00,281.0119,0.6600999999999999,278.85,285.33570000000003,2,2,2022-06-13T16:40:00+00:00,281.0399,2022-06-13T16:56:00+00:00,278.84000000000003,STOP_LOSS,-4.399799999999914,0.11197598,0.07599999999990814,-4.511775979999914,-1.01757713122714,-1.0434747166843767,5.340937592850016,4.323800000000006,0.005,0.004047791164783815,,HYP-FCR-04,baseline,1068.187518570003,1063.6757425900032,66.00999999999999,0.9684857142857278,0.6815794908103866,1,1,77.99999999999727,2.161900000000003,5.0,278.7521,0.09790000000003829,2,2022,12
SPY,2022-06-13,long,381.81,379.18,2022-06-13T16:30:00+00:00,2022-06-13T16:35:00+00:00,381.017,0.535000000000025,378.62,385.811,2,2,2022-06-13T16:40:00+00:00,381.02,2022-06-13T16:56:00+00:00,378.61,STOP_LOSS,-4.819999999999936,0.151926,0.025999999999953616,-4.971925999999936,-1.0054234459741247,-1.037114309553599,5.211984989500008,4.793999999999983,0.005,0.004599015547490934,,HYP-FCR-04,baseline,1042.3969979000017,1037.4250719000017,53.5000000000025,1.2072000000000125,0.44317428760770333,1,1,55.00000000000114,2.3969999999999914,5.0,378.91,0.29000000000002046,2,2022,12
SPY,2022-06-14,short,377.63,374.5,2022-06-14T14:00:00+00:00,2022-06-14T14:10:00+00:00,375.38,0.3826999999999998,377.95,370.24,2,2,2022-06-14T14:15:00+00:00,375.36,2022-06-14T19:59:00+00:00,373.83,FORCED_SESSION_CLOSE,3.060000000000059,0.14983800000000003,0.05999999999994543,2.910162000000059,0.595330739299624,0.5661793774319196,5.187125359500008,5.139999999999986,0.005,0.004954574686137367,,HYP-FCR-04,baseline,1037.4250719000017,1040.3352339000019,38.26999999999998,1.3739333333333295,0.2785433548449713,2,2,31.000000000000227,2.569999999999993,10.0,377.45,0.5,3,2022,10
QQQ,2022-06-14,long,278.37,274.76,2022-06-14T14:45:00+00:00,2022-06-14T14:50:00+00:00,276.12,0.6100000000000136,274.53000000000003,279.29999999999995,3,3,2022-06-14T14:55:00+00:00,276.135,2022-06-14T19:08:00+00:00,274.52000000000004,STOP_LOSS,-4.844999999999857,0.16519650000000002,0.07499999999993179,-5.010196499999857,-1.0157232704402375,-1.0503556603773452,5.318378712950016,4.769999999999925,0.005,0.0044844493570805576,,HYP-FCR-04,baseline,1063.6757425900032,1058.6655460900033,61.000000000001364,1.2157142857142884,0.5017626321974249,1,1,21.999999999997044,1.589999999999975,5.0,274.65000000000003,0.12000000000000455,2,2022,10
QQQ,2022-06-15,short,280.91,278.76,2022-06-15T14:15:00+00:00,2022-06-15T14:20:00+00:00,280.51,0.01999999999998181,281.21,279.11,3,3,2022-06-15T14:25:00+00:00,280.48,2022-06-15T14:46:00+00:00,279.12,TAKE_PROFIT,4.080000000000041,0.16788000000000003,0.11999999999989086,3.9121200000000407,1.942857142857194,1.8629142857143353,5.293327730450017,2.099999999999966,0.005,0.0019836293036605847,,HYP-FCR-04,baseline,1058.6655460900033,1062.5776660900033,1.999999999998181,1.034109090909076,0.019340319291072078,1,1,28.999999999996362,0.6999999999999886,5.0,281.11,0.0999999999999659,2,2022,10
SPY,2022-06-15,short,379.13,376.7,2022-06-15T14:10:00+00:00,2022-06-15T14:45:00+00:00,377.3999,0.1500000000000341,379.38,373.4397,2,2,2022-06-15T14:50:00+00:00,377.37,2022-06-15T18:00:00+00:00,379.39,STOP_LOSS,-4.039999999999964,0.15135200000000001,0.07979999999997744,-4.191351999999964,-1.020150497449618,-1.0583687692540726,5.2016761695000096,3.960199999999986,0.005,0.003806657576283382,,HYP-FCR-04,baseline,1040.3352339000019,1036.1438819000018,15.00000000000341,0.7364571428571358,0.20367783985107246,7,7,24.00000000000091,1.980099999999993,35.0,377.94,1.4399999999999977,8,2022,10
SPY,2022-06-16,long,370.94,368.01,2022-06-16T14:20:00+00:00,2022-06-16T14:25:00+00:00,368.93,0.07499999999998863,367.56,371.67,2,2,2022-06-16T14:30:00+00:00,368.95,2022-06-16T14:41:00+00:00,367.55,STOP_LOSS,-2.7999999999999545,0.14730000000000001,0.05999999999994543,-2.9472999999999545,-1.0218978102189582,-1.0756569343065492,5.180719409500009,2.740000000000009,0.005,0.002644420382018379,,HYP-FCR-04,baseline,1036.1438819000018,1033.1965819000018,7.499999999998863,1.1870750000000025,0.06318050670765409,1,1,43.99999999999977,1.3700000000000045,5.0,367.56,0.0,2,2022,10
QQQ,2022-06-17,long,276.06,272.03,2022-06-17T15:00:00+00:00,2022-06-17T15:05:00+00:00,274.02,0.37999999999999545,270.93,280.19999999999993,1,1,2022-06-17T15:10:00+00:00,274.03999999999996,2022-06-17T19:59:00+00:00,274.7,FORCED_SESSION_CLOSE,0.660000000000025,0.054874000000000006,0.029999999999972715,0.605126000000025,0.21359223300971855,0.1958336569579385,5.312888330450017,3.089999999999975,0.005,0.0029080227249367423,,HYP-FCR-04,baseline,1062.5776660900033,1063.1827920900032,37.999999999999545,1.183028571428569,0.3212094865478401,1,1,108.9999999999975,3.089999999999975,5.0,271.34000000000003,0.410000000000025,2,2022,11
SPY,2022-06-17,long,369.38,365.43,2022-06-17T16:55:00+00:00,2022-06-17T17:05:00+00:00,368.01,0.6050000000000182,365.06,373.90999999999997,1,1,2022-06-17T17:10:00+00:00,368.03,2022-06-17T19:59:00+00:00,365.83,FORCED_SESSION_CLOSE,-2.1999999999999886,0.07338599999999999,0.029999999999972715,-2.273385999999989,-0.7457627118644058,-0.7706393220338975,5.165982909500009,2.9499999999999886,0.005,0.0028552165693144977,,HYP-FCR-04,baseline,1033.1965819000018,1030.9231959000017,60.50000000000182,1.0004857142857142,0.6047062855184807,2,2,36.000000000001364,2.9499999999999886,10.0,365.22,0.160000000000025,3,2022,13
QQQ,2022-06-21,short,282.345,278.64,2022-06-21T17:35:00+00:00,2022-06-21T18:00:00+00:00,281.3,0.07999999999998408,282.36,279.18,3,3,2022-06-21T18:05:00+00:00,281.29900000000004,2022-06-21T19:10:00+00:00,282.37,STOP_LOSS,-3.2129999999999086,0.16910070000000002,0.032999999999901775,-3.3821006999999086,-1.0103773584905351,-1.063553679245252,5.3159139604500165,3.180000000000007,0.005,0.002991019064321731,,HYP-FCR-04,baseline,1063.1827920900032,1059.8006913900033,7.999999999998408,0.4199214285714317,0.19051183044443157,5,5,0.49999999999954525,1.0600000000000023,25.0,282.03,0.3300000000000409,6,2022,14
SPY,2022-06-21,short,374.91,371.81,2022-06-21T17:55:00+00:00,2022-06-21T18:00:00+00:00,374.74,0.11000000000001364,375.07,374.08000000000004,2,2,2022-06-21T18:05:00+00:00,374.72,2022-06-21T18:08:00+00:00,375.08,STOP_LOSS,-0.7199999999999136,0.14996,0.05999999999994543,-0.8699599999999136,-1.0909090909090127,-1.3181212121211447,5.154615979500009,0.6599999999999682,0.005,0.0006402028808982074,,HYP-FCR-04,baseline,1030.9231959000017,1030.0532359000017,11.000000000001364,0.41884285714286307,0.2626283297520668,1,1,14.999999999997726,0.3299999999999841,5.0,375.2799,0.20990000000000464,2,2022,14
QQQ,2022-06-22,short,282.11,277.91,2022-06-22T15:50:00+00:00,2022-06-22T15:55:00+00:00,281.34,0.07409999999998718,282.48,279.0599999999999,3,3,2022-06-22T16:00:00+00:00,281.31,2022-06-22T16:34:00+00:00,282.49,STOP_LOSS,-3.5400000000000205,0.16914,0.11999999999989086,-3.7091400000000205,-1.0350877192982124,-1.0845438596490877,5.299003456950016,3.4200000000001296,0.005,0.0032270218615488527,,HYP-FCR-04,baseline,1059.8006913900033,1056.0915513900034,7.409999999998718,0.7543499999999922,0.09823026446608066,1,1,36.000000000001364,1.1400000000000432,5.0,282.62989999999996,0.14989999999994552,2,2022,12
SPY,2022-06-23,short,377.38,374.8,2022-06-23T14:05:00+00:00,2022-06-23T14:10:00+00:00,375.95,0.2699999999999818,377.44,372.96999999999997,2,2,2022-06-23T14:15:00+00:00,375.94,2022-06-23T14:40:00+00:00,377.45,STOP_LOSS,-3.019999999999982,0.150678,0.03999999999996362,-3.170677999999982,-1.013422818791934,-1.063985906040256,5.150266179500009,2.980000000000018,0.005,0.002893054354997744,,HYP-FCR-04,baseline,1030.0532359000017,1026.8825579000018,26.99999999999818,1.3911111111111216,0.19408945686899504,1,1,5.000000000001137,1.490000000000009,5.0,377.17,0.2699999999999818,2,2022,10
QQQ,2022-06-23,short,283.78,280.31,2022-06-23T15:35:00+00:00,2022-06-23T15:40:00+00:00,283.5901,0.0999999999999659,283.86,283.0503,3,3,2022-06-23T15:45:00+00:00,283.56,2022-06-23T15:50:00+00:00,283.87,STOP_LOSS,-0.9300000000000068,0.170229,0.12029999999998608,-1.1002290000000068,-1.1485735457576671,-1.3588106706187213,5.280457756950017,0.8097000000000207,0.005,0.0007666948939552752,,HYP-FCR-04,baseline,1056.0915513900034,1054.9913223900035,9.99999999999659,0.8145571428571381,0.12276609551198116,1,1,7.000000000005002,0.2699000000000069,5.0,284.5,0.6399999999999864,2,2022,11
QQQ,2022-06-27,long,296.5799,291.92,2022-06-27T19:05:00+00:00,2022-06-27T19:15:00+00:00,292.79,0.25,291.54,295.29,3,3,2022-06-27T19:20:00+00:00,292.78499999999997,2022-06-27T19:52:00+00:00,291.53000000000003,STOP_LOSS,-3.764999999999816,0.17529450000000002,0.0450000000001296,-3.940294499999816,-1.003999999999951,-1.0507451999999509,5.274956611950017,3.75,0.005,0.003554531606482466,,HYP-FCR-04,baseline,1054.9913223900035,1051.0510278900038,25.0,0.5495357142857082,0.4549294859296859,2,2,37.000000000000455,1.25,10.0,291.90000000000003,0.36000000000001364,3,2022,15
SPY,2022-06-27,long,391.36,387.52,2022-06-27T19:05:00+00:00,2022-06-27T19:15:00+00:00,389.04,0.30000000000001137,387.45,392.2200000000001,2,2,2022-06-27T19:20:00+00:00,389.03,2022-06-27T19:53:00+00:00,387.44,STOP_LOSS,-3.17999999999995,0.15529400000000002,0.04000000000007731,-3.33529399999995,-0.9999999999999643,-1.048834591194932,5.134412789500009,3.1800000000000637,0.005,0.0030967514011565607,,HYP-FCR-04,baseline,1026.8825579000018,1023.5472639000018,30.000000000001137,0.6242500000000015,0.48057669203045356,2,2,6.000000000000227,1.5900000000000318,10.0,387.8231,0.3731000000000222,3,2022,15
QQQ,2022-06-29,short,284.7,280.84,2022-06-29T14:10:00+00:00,2022-06-29T14:15:00+00:00,282.6105,0.2400000000000091,285.0,277.8315,2,2,2022-06-29T14:20:00+00:00,282.59000000000003,2022-06-29T14:45:00+00:00,285.01,STOP_LOSS,-4.839999999999918,0.11352000000000001,0.06099999999992178,-4.953519999999918,-1.012764176605968,-1.0365181000209085,5.255255139450019,4.778999999999996,0.005,0.0045468772430524995,,HYP-FCR-04,baseline,1051.0510278900038,1046.0975078900037,24.00000000000091,1.5935499999999991,0.15060713501302703,1,1,29.000000000002046,2.389499999999998,5.0,284.93,0.06999999999999318,2,2022,10
SPY,2022-06-29,short,381.91,378.42,2022-06-29T14:10:00+00:00,2022-06-29T14:20:00+00:00,380.37,0.6599999999999682,382.13,376.85,2,2,2022-06-29T14:25:00+00:00,380.37,2022-06-29T14:45:00+00:00,382.14,STOP_LOSS,-3.5399999999999636,0.152502,0.01999999999998181,-3.6925019999999638,-1.005681818181813,-1.049006249999995,5.117736319500009,3.519999999999982,0.005,0.0034390204772643284,,HYP-FCR-04,baseline,1023.5472639000018,1019.8547619000018,65.99999999999682,1.3706545454545458,0.4815217679675038,2,2,20.999999999997954,1.759999999999991,10.0,381.34499999999997,0.785000000000025,3,2022,10
SPY,2022-06-30,long,377.0,373.05,2022-06-30T14:10:00+00:00,2022-06-30T14:15:00+00:00,373.55,0.01999999999998181,372.83,374.99000000000007,2,2,2022-06-30T14:20:00+00:00,373.57,2022-06-30T14:34:00+00:00,374.9800000000001,TAKE_PROFIT,2.8200000000001637,0.14971,0.05999999999994543,2.670290000000164,1.9583333333333728,1.854368055555599,5.099273809500009,1.4400000000000546,0.005,0.0014119657561016993,,HYP-FCR-04,baseline,1019.8547619000018,1022.5250519000019,1.999999999998181,1.0775500000000022,0.018560623636937282,1,1,21.000000000003638,0.7200000000000273,5.0,372.76,0.06999999999999318,2,2022,10
QQQ,2022-06-30,long,281.5196,276.81,2022-06-30T14:30:00+00:00,2022-06-30T14:35:00+00:00,277.52,0.5600000000000023,276.4911,279.5777999999999,3,3,2022-06-30T14:40:00+00:00,277.525,2022-06-30T15:09:00+00:00,279.5677999999999,TAKE_PROFIT,6.128399999999829,0.16712783999999997,0.04499999999995907,5.961272159999829,1.9854213237438167,1.9312768199047636,5.230487539450019,3.086699999999894,0.005,0.002950680961114055,,HYP-FCR-04,baseline,1046.0975078900037,1052.0587800500036,56.00000000000023,1.1695285714285757,0.47882541194864864,1,1,30.889999999999418,1.0288999999999646,5.0,276.535,0.04390000000000782,2,2022,10
SPY,2022-07-01,short,379.71,375.75,2022-07-01T14:00:00+00:00,2022-07-01T14:05:00+00:00,377.8131,0.2599999999999909,380.03999999999996,373.35930000000013,2,2,2022-07-01T14:10:00+00:00,377.815,2022-07-01T16:59:00+00:00,375.68,FORCED_SESSION_CLOSE,4.269999999999982,0.150699,0.023799999999937427,4.1193009999999814,0.9587318694149018,0.9248958193003919,5.1126252595000095,4.453799999999887,0.005,0.004355687903904234,,HYP-FCR-04,baseline,1022.5250519000019,1026.6443529000019,25.99999999999909,1.5762500000000017,0.16494845360824148,1,1,31.999999999999318,2.2268999999999437,5.0,379.07,0.9699999999999704,2,2022,10
QQQ,2022-07-01,short,281.82,277.4,2022-07-01T14:00:00+00:00,2022-07-01T14:15:00+00:00,279.2201,0.4900000000000091,282.27,273.12030000000004,1,1,2022-07-01T14:20:00+00:00,279.21000000000004,2022-07-01T16:59:00+00:00,277.89,FORCED_SESSION_CLOSE,1.32000000000005,0.05571,0.020099999999956708,1.26429000000005,0.43280107544511587,0.414534902783717,5.260293900250018,3.0498999999999796,0.005,0.00289898250728445,,HYP-FCR-04,baseline,1052.0587800500036,1053.3230700500037,49.00000000000091,1.6889999999999872,0.2901124925991787,3,3,43.99999999999977,3.0498999999999796,15.0,280.88,1.3899999999999864,4,2022,10
SPY,2022-07-05,long,376.33,373.28,2022-07-05T14:05:00+00:00,2022-07-05T14:15:00+00:00,374.1895,0.01999999999998181,372.91,376.7485,2,2,2022-07-05T14:20:00+00:00,374.18,2022-07-05T16:23:00+00:00,376.7385,TAKE_PROFIT,5.116999999999962,0.1501837,0.03899999999998727,4.966816299999961,1.9996092223524906,1.9409207893708564,5.13322176450001,2.558999999999969,0.005,0.0024925866418798906,,HYP-FCR-04,baseline,1026.6443529000019,1031.6111692000018,1.999999999998181,1.271960000000007,0.015723764898252852,2,2,35.99999999999568,1.2794999999999845,10.0,373.17,0.2599999999999909,3,2022,10
QQQ,2022-07-06,long,288.7355,285.63,2022-07-06T15:30:00+00:00,2022-07-06T17:00:00+00:00,287.49,0.11000000000001364,285.58,291.31000000000006,2,2,2022-07-06T17:05:00+00:00,287.51,2022-07-06T19:59:00+00:00,288.74,FORCED_SESSION_CLOSE,2.4600000000000364,0.11525,0.05999999999994543,2.3447500000000363,0.6439790575916241,0.6138089005235616,5.266615350250019,3.82000000000005,0.005,0.003626617614877367,,HYP-FCR-04,baseline,1053.3230700500037,1055.6678200500037,11.000000000001364,0.5074999999999891,0.21674876847293795,18,18,4.000000000002046,1.910000000000025,90.0,287.01,1.4300000000000068,19,2022,13
SPY,2022-07-06,long,383.66,380.81,2022-07-06T16:55:00+00:00,2022-07-06T17:00:00+00:00,381.35,0.1150000000000091,380.61,382.83000000000004,2,2,2022-07-06T17:05:00+00:00,381.4,2022-07-06T18:06:00+00:00,382.82000000000005,TAKE_PROFIT,2.8400000000001455,0.152844,0.11999999999989086,2.6871560000001455,1.9189189189189937,1.815645945946022,5.158055846000009,1.4800000000000182,0.005,0.001434649065643342,,HYP-FCR-04,baseline,1031.6111692000018,1034.298325200002,11.50000000000091,0.5589000000000023,0.20576131687244342,1,1,18.999999999999773,0.7400000000000091,5.0,380.71000000000004,0.10000000000002274,2,2022,13
SPY,2022-07-08,long,388.54,385.8738,2022-07-08T14:00:00+00:00,2022-07-08T14:15:00+00:00,387.21,0.3199999999999932,385.65000000000003,390.32999999999987,2,2,2022-07-08T14:20:00+00:00,387.24,2022-07-08T15:10:00+00:00,390.3199999999999,TAKE_PROFIT,6.159999999999741,0.15551199999999998,0.08000000000004093,6.004487999999741,1.9743589743589602,1.9245153846153689,5.17149162600001,3.119999999999891,0.005,0.003016537805373104,,HYP-FCR-04,baseline,1034.298325200002,1040.3028132000018,31.999999999999318,0.9541099999999971,0.3353910974625506,3,3,21.3799999999992,1.5599999999999454,15.0,386.44,0.7899999999999636,4,2022,10
QQQ,2022-07-08,short,293.87,291.12,2022-07-08T16:35:00+00:00,2022-07-08T16:40:00+00:00,293.21,0.05570000000000164,294.0,291.62999999999994,3,3,2022-07-08T16:45:00+00:00,293.18,2022-07-08T17:26:00+00:00,294.01,STOP_LOSS,-2.4899999999999523,0.176157,0.11999999999989086,-2.666156999999952,-1.0506329113923576,-1.1249607594936215,5.278339100250019,2.3700000000000614,0.005,0.0022450243864474357,,HYP-FCR-04,baseline,1055.6678200500037,1053.0016630500038,5.570000000000164,0.653964285714291,0.08517284692261663,1,1,12.000000000000455,0.7900000000000205,5.0,293.78,0.22000000000002728,2,2022,12
QQQ,2022-07-11,long,293.11,288.2,2022-07-11T14:00:00+00:00,2022-07-11T14:30:00+00:00,289.94,9.999999997489795e-05,288.13,293.56,2,2,2022-07-11T14:35:00+00:00,289.96999999999997,2022-07-11T19:59:00+00:00,288.97,FORCED_SESSION_CLOSE,-1.9999999999998863,0.11578800000000002,0.07999999999992724,-2.1157879999998865,-0.5524861878452718,-0.5844718232043878,5.265008315250019,3.6200000000000045,0.005,0.0034377913416724602,,HYP-FCR-04,baseline,1053.0016630500038,1050.885875050004,0.009999999997489795,0.9885692307692318,0.00010115629423048633,6,6,6.000000000000227,1.8100000000000023,30.0,289.01,0.8799999999999955,7,2022,10
SPY,2022-07-11,long,386.87,383.67,2022-07-11T14:20:00+00:00,2022-07-11T15:10:00+00:00,384.9,0.2699999999999818,383.65000000000003,387.39999999999986,2,2,2022-07-11T15:15:00+00:00,384.9314,2022-07-11T19:50:00+00:00,383.64000000000004,STOP_LOSS,-2.5827999999999065,0.15371428,0.08280000000002019,-2.7365142799999065,-1.0331200000000096,-1.0946057120000123,5.2015140660000085,2.4999999999998863,0.005,0.002403146438016267,,HYP-FCR-04,baseline,1040.3028132000018,1037.5662989200018,26.99999999999818,0.6810000000000035,0.3964757709250814,10,10,0.9999999999990905,1.2499999999999432,50.0,384.1,0.44999999999998863,11,2022,11
QQQ,2022-07-12,long,292.28,288.03,2022-07-12T14:50:00+00:00,2022-07-12T15:10:00+00:00,289.42,0.12069999999999936,287.524,293.21200000000005,2,2,2022-07-12T15:15:00+00:00,289.48,2022-07-12T18:57:00+00:00,287.514,STOP_LOSS,-3.9320000000000164,0.11539880000000001,0.13999999999998636,-4.047398800000017,-1.0369198312236247,-1.0673520042194053,5.2544293752500195,3.79200000000003,0.005,0.003608384211862774,,HYP-FCR-04,baseline,1050.885875050004,1046.8384762500039,12.069999999999936,0.9491357142857046,0.12716832607108786,4,4,49.59999999999809,1.896000000000015,20.0,288.33,0.8059999999999832,5,2022,11
SPY,2022-07-12,long,386.16,383.59,2022-07-12T15:05:00+00:00,2022-07-12T15:10:00+00:00,384.7432,0.09000000000003183,383.49,387.2496,2,2,2022-07-12T15:15:00+00:00,384.77,2022-07-12T18:32:00+00:00,383.48,STOP_LOSS,-2.5799999999999272,0.15365,0.07359999999994216,-2.733649999999927,-1.029364826045301,-1.0906678902010627,5.187831494600009,2.506399999999985,0.005,0.0024156528624810635,,HYP-FCR-04,baseline,1037.5662989200018,1034.832648920002,9.000000000003183,0.7967214285714265,0.11296294636057136,1,1,8.999999999997499,1.2531999999999925,5.0,383.77,0.2799999999999727,2,2022,11
SPY,2022-07-14,long,374.4,371.7416,2022-07-14T14:45:00+00:00,2022-07-14T15:25:00+00:00,374.2,0.03500000000002501,371.66,379.2799999999999,2,2,2022-07-14T15:30:00+00:00,374.2,2022-07-14T19:59:00+00:00,377.95,FORCED_SESSION_CLOSE,7.5,0.15043,0.01999999999998181,7.34957,1.4763779527559266,1.4467657480315168,5.17416324460001,5.079999999999927,0.005,0.004909006306770128,,HYP-FCR-04,baseline,1034.832648920002,1042.182218920002,3.500000000002501,0.8282214285714247,0.04225923019209429,8,8,7.159999999998945,2.5399999999999636,40.0,373.2,1.5399999999999636,9,2022,11
QQQ,2022-07-14,short,283.93,280.68,2022-07-14T16:20:00+00:00,2022-07-14T16:30:00+00:00,283.48,0.04989999999997963,284.49,281.46000000000004,3,3,2022-07-14T16:35:00+00:00,283.47,2022-07-14T17:28:00+00:00,284.5,STOP_LOSS,-3.089999999999918,0.17039100000000001,0.05999999999994543,-3.260390999999918,-1.019801980198002,-1.076036633663349,5.234192381250019,3.0299999999999727,0.005,0.0028944293400965464,,HYP-FCR-04,baseline,1046.8384762500039,1043.5780852500038,4.989999999997963,0.6951142857142908,0.07178675654565639,2,2,55.00000000000114,1.009999999999991,10.0,284.15999999999997,0.3300000000000409,3,2022,12
QQQ,2022-07-15,short,291.23,288.08,2022-07-15T14:00:00+00:00,2022-07-15T14:45:00+00:00,290.0299,0.17009999999999081,291.34,287.40970000000004,3,3,2022-07-15T14:50:00+00:00,290.02,2022-07-15T15:15:00+00:00,291.34999999999997,STOP_LOSS,-3.9899999999999523,0.174411,0.059700000000020736,-4.164410999999952,-1.0151896801770912,-1.0595656820090134,5.217890426250019,3.9302999999999315,0.005,0.0037661772085395727,,HYP-FCR-04,baseline,1043.5780852500038,1039.4136742500039,17.00999999999908,1.0564214285714277,0.16101528745967675,9,9,9.99999999999659,1.3100999999999772,45.0,290.63,0.7099999999999795,10,2022,10
SPY,2022-07-18,long,389.09,387.67,2022-07-18T15:30:00+00:00,2022-07-18T15:40:00+00:00,388.37,0.04450000000002774,387.39,390.33000000000004,2,2,2022-07-18T15:45:00+00:00,388.37,2022-07-18T16:53:00+00:00,387.38,STOP_LOSS,-1.9800000000000182,0.15515,0.01999999999998181,-2.135150000000018,-1.0102040816326436,-1.089362244897948,5.21091109460001,1.9600000000000364,0.005,0.0018806692000859077,,HYP-FCR-04,baseline,1042.182218920002,1040.047068920002,4.450000000002774,0.4197071428571389,0.10602631086308383,2,2,27.000000000003865,0.9800000000000182,10.0,387.63,0.2400000000000091,3,2022,11
SPY,2022-07-20,long,392.93,391.31,2022-07-20T14:05:00+00:00,2022-07-20T14:10:00+00:00,392.245,0.060000000000002274,391.02,394.69500000000005,2,2,2022-07-20T14:15:00+00:00,392.27,2022-07-20T14:36:00+00:00,394.68500000000006,TAKE_PROFIT,4.830000000000155,0.157391,0.06999999999993634,4.672609000000155,1.971428571428598,1.9071873469388034,5.20023534460001,2.4500000000000455,0.005,0.0023556626168315213,,HYP-FCR-04,baseline,1040.047068920002,1044.7196779200021,6.000000000000227,0.7541888888888858,0.0795556668680146,1,1,28.000000000002956,1.2250000000000227,5.0,391.45,0.4300000000000068,2,2022,10
QQQ,2022-07-21,short,304.3,301.7,2022-07-21T14:00:00+00:00,2022-07-21T14:05:00+00:00,302.79,0.33089999999998554,304.89,298.5900000000001,2,2,2022-07-21T14:10:00+00:00,302.75,2022-07-21T15:37:00+00:00,304.9,STOP_LOSS,-4.2999999999999545,0.12153,0.10000000000002274,-4.421529999999954,-1.0238095238095297,-1.0527452380952445,5.197068371250019,4.199999999999932,0.005,0.004040739605461195,,HYP-FCR-04,baseline,1039.4136742500039,1034.992144250004,33.089999999998554,1.4383875000000046,0.23004927392652152,1,1,57.99999999999841,2.099999999999966,5.0,304.26,0.6299999999999955,2,2022,10
SPY,2022-07-21,short,395.5,392.77,2022-07-21T14:00:00+00:00,2022-07-21T14:05:00+00:00,393.67,0.6406000000000063,395.77,389.4700000000001,2,2,2022-07-21T14:10:00+00:00,393.67,2022-07-21T15:34:00+00:00,395.78,STOP_LOSS,-4.219999999999914,0.15789000000000003,0.01999999999998181,-4.377889999999914,-1.0047619047619005,-1.0423547619047582,5.223598389600011,4.199999999999932,0.005,0.0040202171824330665,,HYP-FCR-04,baseline,1044.7196779200021,1040.3417879200022,64.06000000000063,1.2861375000000095,0.49808049294885,1,1,25.99999999999909,2.099999999999966,5.0,395.34999999999997,0.4200000000000159,2,2022,10
QQQ,2022-07-22,long,308.55,305.46,2022-07-22T14:10:00+00:00,2022-07-22T14:15:00+00:00,306.293,0.4300000000000068,305.19,308.499,3,3,2022-07-22T14:20:00+00:00,306.315,2022-07-22T14:27:00+00:00,305.18,STOP_LOSS,-3.4049999999999727,0.1834485,0.0959999999999468,-3.5884484999999726,-1.0290117860380616,-1.084451042611044,5.17496072125002,3.309000000000026,0.005,0.0031971257157684587,,HYP-FCR-04,baseline,1034.992144250004,1031.403695750004,43.00000000000068,1.15938000000001,0.37088788835412295,1,1,25.99999999999909,1.1030000000000086,5.0,305.22,0.03000000000002956,2,2022,10
SPY,2022-07-22,long,400.18,397.91,2022-07-22T14:10:00+00:00,2022-07-22T14:15:00+00:00,398.83,0.4700000000000273,397.40000000000003,401.6899999999999,2,2,2022-07-22T14:20:00+00:00,398.86,2022-07-22T15:22:00+00:00,397.39000000000004,STOP_LOSS,-2.939999999999941,0.15925,0.08000000000004093,-3.099249999999941,-1.0279720279720432,-1.0836538461538634,5.201708939600011,2.8599999999999,0.005,0.0027490965307834215,,HYP-FCR-04,baseline,1040.3417879200022,1037.2425379200022,47.00000000000273,1.0700000000000045,0.43925233644862177,1,1,50.0,1.42999999999995,5.0,397.44,0.03999999999996362,2,2022,10
SPY,2022-07-25,long,396.05,394.03,2022-07-25T14:35:00+00:00,2022-07-25T14:45:00+00:00,395.2489,0.4399999999999977,393.86,398.02669999999995,2,2,2022-07-25T14:50:00+00:00,395.25,2022-07-25T18:48:00+00:00,393.85,STOP_LOSS,-2.7999999999999545,0.15782000000000002,0.022199999999998,-2.9578199999999546,-1.0079919360645109,-1.064806681546548,5.186212689600011,2.7777999999999565,0.005,0.002678062168150489,,HYP-FCR-04,baseline,1037.2425379200022,1034.2847179200023,43.99999999999977,0.8272214285714361,0.5319011147472962,2,2,15.999999999996817,1.3888999999999783,10.0,394.29,0.4300000000000068,3,2022,10
QQQ,2022-07-25,long,302.5,300.364,2022-07-25T15:30:00+00:00,2022-07-25T15:35:00+00:00,300.7179,0.1500000000000341,300.33,301.4937,3,3,2022-07-25T15:40:00+00:00,300.73,2022-07-25T16:02:00+00:00,300.32,STOP_LOSS,-1.230000000000075,0.18031500000000003,0.0663000000000693,-1.410315000000075,-1.0569734467646894,-1.211923176076367,5.157018478750021,1.1637000000000057,0.005,0.0011282682084572133,,HYP-FCR-04,baseline,1031.403695750004,1029.993380750004,15.00000000000341,0.69527857142858,0.21574086440177645,1,1,2.400000000000091,0.3879000000000019,5.0,299.79,0.5399999999999636,2,2022,11
SPY,2022-07-28,long,402.77,398.33,2022-07-28T14:25:00+00:00,2022-07-28T14:40:00+00:00,399.76,0.17000000000001592,398.14,403.0,2,2,2022-07-28T14:45:00+00:00,399.84,2022-07-28T15:24:00+00:00,402.99,TAKE_PROFIT,6.300000000000068,0.160566,0.17999999999994998,6.139434000000068,1.94444444444446,1.8948870370370527,5.171423589600011,3.240000000000009,0.005,0.0031325997028321265,,HYP-FCR-04,baseline,1034.2847179200023,1040.4241519200025,17.00000000000159,1.030371428571438,0.16498904694563687,3,3,18.000000000000682,1.6200000000000045,15.0,398.75,0.6100000000000136,4,2022,10
QQQ,2022-07-28,long,307.69,302.87,2022-07-28T14:30:00+00:00,2022-07-28T14:50:00+00:00,305.06,0.5800000000000409,302.735,309.71,2,2,2022-07-28T14:55:00+00:00,305.06,2022-07-28T17:42:00+00:00,309.7,TAKE_PROFIT,9.279999999999973,0.122952,0.01999999999998181,9.157047999999973,1.9956989247311867,1.969257634408606,5.14996690375002,4.649999999999977,0.005,0.004514592119625094,,HYP-FCR-04,baseline,1029.993380750004,1039.150428750004,58.00000000000409,0.9699857142857208,0.5979469506178676,4,4,12.5,2.3249999999999886,20.0,303.88,1.1449999999999818,5,2022,10
QQQ,2022-07-29,short,313.36,309.931,2022-07-29T14:55:00+00:00,2022-07-29T15:00:00+00:00,312.31,0.6299999999999955,313.947,309.036,3,3,2022-07-29T15:05:00+00:00,312.3,2022-07-29T17:22:00+00:00,313.957,STOP_LOSS,-4.970999999999947,0.18787710000000002,0.05999999999994543,-5.1588770999999465,-1.0122174709834952,-1.0504738546120842,5.1957521437500205,4.911000000000001,0.005,0.0047259760128352665,,HYP-FCR-04,baseline,1039.150428750004,1033.991551650004,62.999999999999545,0.7606000000000067,0.8282934525374571,1,1,57.69999999999982,1.6370000000000005,5.0,314.01,0.06299999999998818,2,2022,11
SPY,2022-07-29,short,409.47,406.77,2022-07-29T15:05:00+00:00,2022-07-29T15:25:00+00:00,408.3,0.16669999999999163,409.51,405.88000000000005,2,2,2022-07-29T15:30:00+00:00,408.27,2022-07-29T15:43:00+00:00,409.52,STOP_LOSS,-2.5,0.163558,0.08000000000004093,-2.663558,-1.0330578512396869,-1.1006438016529112,5.202120759600013,2.419999999999959,0.005,0.002325974455258543,,HYP-FCR-04,baseline,1040.4241519200025,1037.7605939200025,16.669999999999163,0.6411642857142762,0.259995766629894,4,4,2.9999999999972715,1.2099999999999795,20.0,409.37,0.13999999999998636,5,2022,11
QQQ,2022-08-01,short,316.738,312.53,2022-08-01T14:15:00+00:00,2022-08-01T14:20:00+00:00,316.38,0.4800000000000182,317.63,313.88,3,3,2022-08-01T14:25:00+00:00,316.34000000000003,2022-08-01T14:46:00+00:00,317.64,STOP_LOSS,-3.8999999999998636,0.190194,0.14999999999986358,-4.0901939999998635,-1.0399999999999636,-1.0907183999999637,5.16995775825002,3.75,0.005,0.0036267220887983985,,HYP-FCR-04,baseline,1033.991551650004,1029.9013576500042,48.00000000000182,1.1501454545454572,0.41733851844827435,1,1,88.2000000000005,1.25,5.0,317.59999999999997,0.03000000000002956,2,2022,10
SPY,2022-08-01,short,411.76,408.4,2022-08-01T14:15:00+00:00,2022-08-01T14:20:00+00:00,411.0707,0.9399999999999977,412.55,408.11209999999994,2,2,2022-08-01T14:25:00+00:00,411.05,2022-08-01T14:49:00+00:00,412.56,STOP_LOSS,-3.019999999999982,0.164722,0.06139999999993506,-3.1847219999999816,-1.0207530588791773,-1.076428716284706,5.188802969600013,2.9586000000000467,0.005,0.0028509465644906877,,HYP-FCR-04,baseline,1037.7605939200025,1034.5758719200026,93.99999999999977,1.021363636363648,0.9203382287494309,1,1,78.00000000000296,1.4793000000000234,5.0,412.46,0.09000000000003183,2,2022,10
QQQ,2022-08-02,long,315.15,312.61,2022-08-02T14:10:00+00:00,2022-08-02T14:45:00+00:00,314.9642,0.17000000000001592,311.8301,321.2324,1,1,2022-08-02T14:50:00+00:00,314.96,2022-08-02T19:59:00+00:00,314.29,FORCED_SESSION_CLOSE,-0.6699999999999591,0.06292500000000001,0.014200000000016644,-0.7329249999999591,-0.21377747997829083,-0.23385501419864124,5.149506788250021,3.1340999999999894,0.005,0.0030431069701192335,,HYP-FCR-04,baseline,1029.9013576500042,1029.1684326500042,17.00000000000159,1.1234642857142856,0.15131767174239266,7,7,76.99000000000069,3.1340999999999894,35.0,313.71000000000004,1.8799000000000206,8,2022,10
SPY,2022-08-02,short,409.77,407.6787,2022-08-02T19:05:00+00:00,2022-08-02T19:20:00+00:00,408.62,0.03000000000002956,409.84139999999996,406.1772000000001,2,2,2022-08-02T19:25:00+00:00,408.6,2022-08-02T19:36:00+00:00,409.85139999999996,STOP_LOSS,-2.5027999999998656,0.16369028,0.05999999999994543,-2.6664902799998655,-1.0245619780579447,-1.0915712624856528,5.172879359600013,2.44279999999992,0.005,0.0023611608063761292,,HYP-FCR-04,baseline,1034.5758719200026,1031.9093816400027,3.000000000002956,0.6413000000000011,0.04677997816938953,3,3,6.1399999999991905,1.22139999999996,15.0,409.51,0.3313999999999737,4,2022,15
QQQ,2022-08-03,short,319.32,315.99,2022-08-03T14:15:00+00:00,2022-08-03T14:20:00+00:00,319.02,0.39999999999997726,320.09999999999997,316.86,3,3,2022-08-03T14:25:00+00:00,319.02,2022-08-03T15:10:00+00:00,320.10999999999996,STOP_LOSS,-3.269999999999925,0.191739,0.029999999999972715,-3.461738999999925,-1.009259259259251,-1.0684379629629557,5.1458421632500215,3.2399999999999523,0.005,0.0031481727355912787,,HYP-FCR-04,baseline,1029.1684326500042,1025.7066936500044,39.999999999997726,1.0034727272727288,0.3986157163305379,1,1,76.99999999999818,1.079999999999984,5.0,320.13,0.03000000000002956,2,2022,10
SPY,2022-08-03,short,411.725,410.0,2022-08-03T14:15:00+00:00,2022-08-03T14:20:00+00:00,410.965,0.9099999999999682,412.3412,408.2125999999999,2,2,2022-08-03T14:25:00+00:00,410.98,2022-08-03T15:12:00+00:00,412.3512,STOP_LOSS,-2.742399999999975,0.16466624000000002,0.05000000000006821,-2.907066239999975,-0.9963668071500856,-1.0561932277284882,5.159546908200014,2.7524000000000797,0.005,0.002667288474134928,,HYP-FCR-04,baseline,1031.9093816400027,1029.0023154000028,90.99999999999682,0.8156727272727267,1.1156435290445876,1,1,60.62000000000012,1.3762000000000398,5.0,412.17,0.1711999999999989,2,2022,10
SPY,2022-08-04,short,415.05,413.43,2022-08-04T14:05:00+00:00,2022-08-04T14:20:00+00:00,413.7,0.10000000000002274,415.09999999999997,410.90000000000003,2,2,2022-08-04T14:25:00+00:00,413.68,2022-08-04T19:59:00+00:00,414.18,FORCED_SESSION_CLOSE,-1.0,0.165572,0.05999999999994543,-1.165572,-0.3571428571428629,-0.4162757142857211,5.145011577000014,2.7999999999999545,0.005,0.0027210823125422357,,HYP-FCR-04,baseline,1029.0023154000028,1027.8367434000027,10.000000000002274,0.8204545454545485,0.12188365650972255,3,3,3.999999999996362,1.3999999999999773,15.0,414.5935,0.50649999999996,4,2022,10
QQQ,2022-08-04,long,324.52,322.21,2022-08-04T15:45:00+00:00,2022-08-04T15:50:00+00:00,323.16,0.4200000000000159,322.02,325.4400000000001,3,3,2022-08-04T15:55:00+00:00,323.15999999999997,2022-08-04T19:59:00+00:00,324.315,FORCED_SESSION_CLOSE,3.4650000000000887,0.19424249999999998,0.030000000000143245,3.2707575000000886,1.0131578947368296,0.9563618421052528,5.128533468250022,3.4200000000001296,0.005,0.0033342865179420535,,HYP-FCR-04,baseline,1025.7066936500044,1028.9774511500045,42.00000000000159,0.7597214285714203,0.5528342155489594,1,1,18.000000000000682,1.1400000000000432,5.0,321.25,0.7699999999999818,2,2022,11
QQQ,2022-08-05,short,321.43,319.09,2022-08-05T15:00:00+00:00,2022-08-05T15:05:00+00:00,321.04,0.5500000000000114,321.88,319.36000000000007,3,3,2022-08-05T15:10:00+00:00,321.02,2022-08-05T15:23:00+00:00,319.37000000000006,TAKE_PROFIT,4.949999999999761,0.192117,0.09000000000008868,4.757882999999762,1.964285714285678,1.888048809523771,5.144887255750023,2.519999999999925,0.005,0.002449033258390187,,HYP-FCR-04,baseline,1028.9774511500045,1033.7353341500043,55.00000000000114,0.7950642857142854,0.6917679612610087,1,1,43.99999999999977,0.839999999999975,5.0,322.1357,0.25569999999999027,2,2022,11
SPY,2022-08-05,short,412.23,409.6,2022-08-05T15:10:00+00:00,2022-08-05T15:25:00+00:00,410.22,0.5199999999999818,412.67,405.32000000000005,2,2,2022-08-05T15:30:00+00:00,410.205,2022-08-05T17:04:00+00:00,412.68,STOP_LOSS,-4.9500000000000455,0.164577,0.05000000000006821,-5.114577000000046,-1.010204081632667,-1.0437912244898102,5.139183717000013,4.899999999999977,0.005,0.004767294058578958,,HYP-FCR-04,baseline,1027.8367434000027,1022.7221664000026,51.99999999999818,0.6564999999999982,0.7920792079207666,3,3,43.00000000000068,2.4499999999999886,15.0,411.90999999999997,0.7600000000000477,4,2022,11
QQQ,2022-08-08,short,326.29,321.91,2022-08-08T14:00:00+00:00,2022-08-08T14:50:00+00:00,324.34,0.5695999999999799,326.48,320.0599999999999,2,2,2022-08-08T14:55:00+00:00,324.32,2022-08-08T18:05:00+00:00,320.0699999999999,TAKE_PROFIT,8.500000000000227,0.128878,0.05999999999994543,8.371122000000227,1.9859813084112279,1.9558696261682378,5.168676670750021,4.280000000000086,0.005,0.004140324760708063,,HYP-FCR-04,baseline,1033.7353341500043,1042.1064561500045,56.95999999999799,0.7975214285714287,0.7142127842511815,10,10,18.000000000000682,2.140000000000043,50.0,325.55,0.9300000000000068,11,2022,10
SPY,2022-08-08,short,417.62,414.92,2022-08-08T14:00:00+00:00,2022-08-08T14:50:00+00:00,416.63,0.1500000000000341,417.63,414.63,2,2,2022-08-08T14:55:00+00:00,416.59000000000003,2022-08-08T15:39:00+00:00,414.64,TAKE_PROFIT,3.900000000000091,0.166246,0.09999999999990905,3.733754000000091,1.9500000000000455,1.8668770000000454,5.113610832000013,2.0,0.005,0.001955565319406374,,HYP-FCR-04,baseline,1022.7221664000026,1026.4559204000027,15.00000000000341,0.5893499999999919,0.25451768897944543,10,10,0.0,1.0,50.0,417.34999999999997,0.28000000000002956,11,2022,10
QQQ,2022-08-09,long,319.03,316.1606,2022-08-09T15:10:00+00:00,2022-08-09T15:15:00+00:00,317.51,0.5600000000000023,316.09000000000003,320.3499999999999,3,3,2022-08-09T15:20:00+00:00,317.5399,2022-08-09T16:11:00+00:00,316.08000000000004,STOP_LOSS,-4.379699999999843,0.19008597,0.11969999999996617,-4.5697859699998435,-1.0280985915492886,-1.0727197112676,5.210532280750023,4.259999999999877,0.005,0.0040878741081196,,HYP-FCR-04,baseline,1042.1064561500045,1037.5366701800046,56.00000000000023,0.7905999999999916,0.7083227928155935,1,1,6.059999999996535,1.419999999999959,5.0,315.93,0.160000000000025,2,2022,11
SPY,2022-08-09,long,412.75,410.91,2022-08-09T15:10:00+00:00,2022-08-09T15:15:00+00:00,412.0112,0.5388999999999555,410.64,414.75359999999995,2,2,2022-08-09T15:20:00+00:00,412.03,2022-08-09T16:28:00+00:00,410.63,STOP_LOSS,-2.7999999999999545,0.164532,0.057599999999979445,-2.9645319999999544,-1.0210035005834233,-1.0809991248541355,5.132279602000014,2.742399999999975,0.005,0.0026717172608165004,,HYP-FCR-04,baseline,1026.4559204000027,1023.4913884000027,53.88999999999555,0.6749928571428582,0.7983788188234126,1,1,26.000000000004775,1.3711999999999875,5.0,410.39,0.25,2,2022,11
SPY,2022-08-10,long,418.86,417.205,2022-08-10T14:20:00+00:00,2022-08-10T14:35:00+00:00,418.16,0.3100000000000023,416.71000000000004,421.06,2,2,2022-08-10T14:40:00+00:00,418.18,2022-08-10T19:59:00+00:00,419.94,FORCED_SESSION_CLOSE,3.519999999999982,0.167624,0.05999999999994543,3.352375999999982,1.2137931034482792,1.1559917241379338,5.117456942000014,2.8999999999999773,0.005,0.002833438593492683,,HYP-FCR-04,baseline,1023.4913884000027,1026.8437644000028,31.000000000000227,0.7489285714285724,0.4139246542680044,3,3,48.49999999999568,1.4499999999999886,15.0,417.3301,0.6200999999999794,4,2022,10
QQQ,2022-08-10,long,325.05,322.81,2022-08-10T14:20:00+00:00,2022-08-10T14:45:00+00:00,324.1006,0.14999999999997726,322.0501,328.2016,2,2,2022-08-10T14:50:00+00:00,324.15999999999997,2022-08-10T19:59:00+00:00,325.91,FORCED_SESSION_CLOSE,3.5000000000001137,0.130014,0.13879999999994652,3.3699860000001136,0.8534503779566238,0.8217473786881527,5.1876833509000235,4.100999999999999,0.005,0.003952631379562235,,HYP-FCR-04,baseline,1037.5366701800046,1040.9066561800048,14.999999999997726,0.8666214285714285,0.17308595778348446,5,5,74.99000000000251,2.0504999999999995,25.0,323.5,1.4499000000000137,6,2022,10
QQQ,2022-08-11,short,328.82,327.47,2022-08-11T14:40:00+00:00,2022-08-11T14:45:00+00:00,327.96,0.4300000000000068,329.21999999999997,325.44,3,3,2022-08-11T14:50:00+00:00,327.93,2022-08-11T15:51:00+00:00,325.45,TAKE_PROFIT,7.440000000000055,0.196014,0.11999999999989086,7.243986000000055,1.9682539682539968,1.916398412698441,5.204533280900024,3.7799999999999727,0.005,0.0036314495421444345,,HYP-FCR-04,baseline,1040.9066561800048,1048.1506421800048,43.00000000000068,0.6711071428571488,0.6407322654462287,1,1,38.999999999998636,1.259999999999991,5.0,329.37,0.1500000000000341,2,2022,10
SPY,2022-08-11,long,423.53,422.24,2022-08-11T17:10:00+00:00,2022-08-11T17:20:00+00:00,422.6801,0.0999999999999659,422.005,424.03029999999995,2,2,2022-08-11T17:25:00+00:00,422.695,2022-08-11T17:48:00+00:00,421.995,STOP_LOSS,-1.3999999999999773,0.16893800000000003,0.04980000000000473,-1.5689379999999773,-1.0368834246778298,-1.1620041475337055,5.1342188220000144,1.3501999999999725,0.005,0.0013149030522563584,,HYP-FCR-04,baseline,1026.8437644000028,1025.274826400003,9.99999999999659,0.44308571428570886,0.22568996646884507,2,2,22.500000000002274,0.6750999999999863,10.0,422.02500000000003,0.020000000000038654,3,2022,13
SPY,2022-08-12,long,422.89,421.4585,2022-08-12T14:05:00+00:00,2022-08-12T15:05:00+00:00,422.71,0.03000000000002956,421.26,425.60999999999996,2,2,2022-08-12T15:10:00+00:00,422.7107,2022-08-12T18:34:00+00:00,425.59999999999997,TAKE_PROFIT,5.778599999999983,0.16966214000000002,0.021399999999971442,5.608937859999983,1.9926206896551821,1.9341165034482852,5.126374132000015,2.8999999999999773,0.005,0.0028285099032252696,,HYP-FCR-04,baseline,1025.274826400003,1030.8837642600029,3.000000000002956,0.7006285714285809,0.04281869341819673,12,12,18.85000000000332,1.4499999999999886,60.0,422.29,1.0300000000000296,13,2022,11
QQQ,2022-08-16,long,332.47,330.63,2022-08-16T15:10:00+00:00,2022-08-16T15:15:00+00:00,331.6,0.4900000000000091,330.21000000000004,334.38,3,3,2022-08-16T15:20:00+00:00,331.61,2022-08-16T18:10:00+00:00,334.37,TAKE_PROFIT,8.279999999999973,0.19979400000000003,0.05999999999994543,8.080205999999972,1.9856115107913799,1.937699280575552,5.240753210900023,4.169999999999959,0.005,0.003978435763133198,,HYP-FCR-04,baseline,1048.1506421800048,1056.2308481800046,49.00000000000091,0.6263571428571392,0.7823012886304217,1,1,40.99999999999682,1.3899999999999864,5.0,329.90000000000003,0.3100000000000023,2,2022,11
SPY,2022-08-16,short,428.78,427.62,2022-08-16T18:45:00+00:00,2022-08-16T18:50:00+00:00,428.5299,0.2999999999999545,429.24,427.1097,2,2,2022-08-16T18:55:00+00:00,428.51,2022-08-16T19:23:00+00:00,429.25,STOP_LOSS,-1.4800000000000182,0.171552,0.059799999999995634,-1.6515520000000181,-1.0421067455287951,-1.162900999859169,5.154418821300014,1.4202000000000226,0.005,0.001377652892825877,,HYP-FCR-04,baseline,1030.8837642600029,1029.2322122600028,29.999999999995453,0.4796428571428635,0.6254653760237242,1,1,45.00000000000455,0.7101000000000113,5.0,429.62,0.37999999999999545,2,2022,14
SPY,2022-08-17,short,427.41,425.9,2022-08-17T14:05:00+00:00,2022-08-17T14:15:00+00:00,426.3799,0.22500000000002274,427.53999999999996,424.05970000000013,2,2,2022-08-17T14:20:00+00:00,426.36,2022-08-17T18:00:00+00:00,427.54999999999995,STOP_LOSS,-2.3799999999998818,0.170782,0.059799999999995634,-2.5507819999998818,-1.02577364020343,-1.0993802258426029,5.146161061300014,2.320199999999886,0.005,0.0022543017720997654,,HYP-FCR-04,baseline,1029.2322122600028,1026.681430260003,22.500000000002274,0.711590000000001,0.3161933135654273,2,2,11.99999999999477,1.160099999999943,10.0,426.9573,0.5826999999999884,3,2022,10
QQQ,2022-08-17,long,330.22,328.25,2022-08-17T18:00:00+00:00,2022-08-17T18:05:00+00:00,329.97,0.009999999999990905,327.95,334.0100000000001,2,2,2022-08-17T18:10:00+00:00,329.96999999999997,2022-08-17T19:59:00+00:00,328.47,FORCED_SESSION_CLOSE,-2.9999999999998863,0.13168800000000003,0.020000000000095497,-3.1316879999998863,-0.7425742574257003,-0.77517029702966,5.281154240900023,4.040000000000077,0.005,0.0038249214241010067,,HYP-FCR-04,baseline,1056.2308481800046,1053.0991601800047,0.9999999999990905,0.647185714285724,0.015451515352169896,1,1,29.000000000002046,2.0200000000000387,5.0,328.26,0.3100000000000023,2,2022,14
QQQ,2022-08-18,long,328.72,327.12,2022-08-18T14:00:00+00:00,2022-08-18T14:20:00+00:00,328.32,0.05000000000001137,326.78000000000003,331.3999999999999,3,3,2022-08-18T14:25:00+00:00,328.32,2022-08-18T19:59:00+00:00,329.31,FORCED_SESSION_CLOSE,2.9700000000000273,0.19728900000000002,0.029999999999972715,2.7727110000000272,0.642857142857164,0.6001538961039162,5.265495800900023,4.619999999999891,0.005,0.004387051262304873,,HYP-FCR-04,baseline,1053.0991601800047,1055.8718711800047,5.000000000001137,0.8436272727272726,0.05926788004182428,4,4,32.99999999999841,1.5399999999999636,20.0,327.89,1.1099999999999568,5,2022,10
SPY,2022-08-18,long,427.02,425.81,2022-08-18T14:10:00+00:00,2022-08-18T14:20:00+00:00,426.46,0.0776000000000181,425.71000000000004,427.95999999999987,2,2,2022-08-18T14:25:00+00:00,426.49,2022-08-18T15:42:00+00:00,427.9499999999999,TAKE_PROFIT,2.9199999999997317,0.17088799999999998,0.08000000000004093,2.7491119999997315,1.9466666666666352,1.8327413333332934,5.133407151300015,1.4999999999998863,0.005,0.0014610179514204492,,HYP-FCR-04,baseline,1026.681430260003,1029.4305422600028,7.76000000000181,0.6317909090909045,0.12282544570272173,2,2,8.999999999997499,0.7499999999999432,10.0,426.04,0.3299999999999841,3,2022,10
SPY,2022-08-19,long,425.26,422.82,2022-08-19T16:35:00+00:00,2022-08-19T16:40:00+00:00,423.399,0.21999999999997044,422.78000000000003,424.63699999999994,2,2,2022-08-19T16:45:00+00:00,423.4,2022-08-19T17:27:00+00:00,422.77000000000004,STOP_LOSS,-1.2599999999998772,0.16923400000000002,0.021999999999934516,-1.4292339999998773,-1.0177705977382354,-1.1544701130855763,5.147152711300014,1.2379999999999427,0.005,0.0012026066346176678,,HYP-FCR-04,baseline,1029.4305422600028,1028.0013082600028,21.999999999997044,0.415699999999999,0.5292278085156867,1,1,2.9999999999972715,0.6189999999999714,5.0,422.58,0.20000000000004547,2,2022,12
QQQ,2022-08-23,short,316.17,313.33,2022-08-23T14:35:00+00:00,2022-08-23T14:55:00+00:00,314.13,0.42500000000001137,316.19,310.01,2,2,2022-08-23T15:00:00+00:00,314.1001,2022-08-23T19:59:00+00:00,314.11,FORCED_SESSION_CLOSE,-0.019800000000032014,0.12564202000000002,0.07979999999997744,-0.14544202000003204,-0.004805825242726212,-0.03530146116505628,5.279359355900024,4.1200000000000045,0.005,0.003901988595828052,,HYP-FCR-04,baseline,1055.8718711800047,1055.7264291600047,42.50000000000114,0.9209857142857102,0.46146209806264915,4,4,0.9999999999990905,2.0600000000000023,20.0,315.43,0.7599999999999909,5,2022,11
SPY,2022-08-23,short,414.51,412.35,2022-08-23T14:35:00+00:00,2022-08-23T14:55:00+00:00,412.8999,0.2400000000000091,414.95,408.79970000000003,2,2,2022-08-23T15:00:00+00:00,412.90000000000003,2022-08-23T19:59:00+00:00,412.34,FORCED_SESSION_CLOSE,1.1200000000001182,0.165048,0.020200000000045293,0.9549520000001183,0.27315740695578894,0.2329037607921869,5.140006541300014,4.1001999999999725,0.005,0.003988516324886764,,HYP-FCR-04,baseline,1028.0013082600028,1028.9562602600029,24.00000000000091,0.8343857142857141,0.28763675586831444,4,4,43.00000000000068,2.0500999999999863,20.0,414.09999999999997,0.8500000000000227,5,2022,11
QQQ,2022-08-25,short,317.85,315.7577,2022-08-25T15:10:00+00:00,2022-08-25T15:15:00+00:00,317.38,0.19999999999998863,318.14,315.86,3,3,2022-08-25T15:20:00+00:00,317.37,2022-08-25T17:30:00+00:00,318.15,STOP_LOSS,-2.339999999999918,0.190656,0.05999999999994543,-2.5306559999999183,-1.0263157894736605,-1.1099368421052407,5.278632145800024,2.2799999999999727,0.005,0.002159650395239294,,HYP-FCR-04,baseline,1055.7264291600047,1053.1957731600048,19.999999999998863,0.5020857142857105,0.3983383599840469,1,1,27.99999999999727,0.7599999999999909,5.0,318.14,0.0,2,2022,11
SPY,2022-08-25,short,416.52,414.09,2022-08-25T15:10:00+00:00,2022-08-25T15:15:00+00:00,415.79,0.18999999999999773,416.7,413.9700000000001,2,2,2022-08-25T15:20:00+00:00,415.77,2022-08-25T17:42:00+00:00,416.71,STOP_LOSS,-1.8799999999999955,0.166496,0.06000000000005912,-2.0464959999999954,-1.0329670329670666,-1.1244483516483885,5.144781301300014,1.8199999999999363,0.005,0.0017687826687016294,,HYP-FCR-04,baseline,1028.9562602600029,1026.909764260003,18.999999999999773,0.4805714285714292,0.39536266349583304,1,1,17.00000000000159,0.9099999999999682,5.0,416.67,0.029999999999972715,2,2022,11
QQQ,2022-08-29,short,307.14,304.013,2022-08-29T14:15:00+00:00,2022-08-29T14:30:00+00:00,305.36,0.029999999999972715,307.23,301.62,2,2,2022-08-29T14:35:00+00:00,305.38,2022-08-29T19:59:00+00:00,304.42,FORCED_SESSION_CLOSE,1.919999999999959,0.12196,0.05999999999994543,1.798039999999959,0.5133689839572071,0.48075935828875793,5.265978865800024,3.740000000000009,0.005,0.003551096667221258,,HYP-FCR-04,baseline,1053.1957731600048,1054.9938131600047,2.9999999999972715,1.1050538461538553,0.027147998357173134,3,3,8.000000000004093,1.8700000000000045,15.0,306.90999999999997,0.32000000000005,4,2022,10
SPY,2022-08-29,short,404.17,401.5101,2022-08-29T14:25:00+00:00,2022-08-29T14:30:00+00:00,402.88,0.03000000000002956,404.4121,399.81579999999997,2,2,2022-08-29T14:35:00+00:00,402.87,2022-08-29T16:19:00+00:00,404.4221,STOP_LOSS,-3.1041999999999916,0.16145842000000002,0.03999999999996362,-3.265658419999992,-1.0130539781998444,-1.0657458455714255,5.134548821300014,3.064200000000028,0.005,0.002983903850800472,,HYP-FCR-04,baseline,1026.909764260003,1023.6441058400029,3.000000000002956,0.9913538461538346,0.030261646854370775,1,1,23.210000000000264,1.532100000000014,5.0,404.21,0.20210000000002992,2,2022,10
QQQ,2022-09-01,long,297.9373,295.89,2022-09-01T14:20:00+00:00,2022-09-01T14:25:00+00:00,296.55,0.6999999999999886,295.04,299.57,3,3,2022-09-01T14:30:00+00:00,296.57,2022-09-01T14:39:00+00:00,295.03000000000003,STOP_LOSS,-4.619999999999891,0.17748000000000003,0.08999999999991815,-4.797479999999891,-1.0198675496688563,-1.0590463576158764,5.274969065800024,4.529999999999973,0.005,0.00429386404308035,,HYP-FCR-04,baseline,1054.9938131600047,1050.1963331600048,69.99999999999886,1.0089000000000017,0.6938249578749008,1,1,83.9999999999975,1.509999999999991,5.0,295.22,0.18000000000000682,2,2022,10
SPY,2022-09-01,long,393.46,391.95,2022-09-01T14:20:00+00:00,2022-09-01T14:25:00+00:00,392.62,0.9382999999999697,390.77,396.32000000000005,2,2,2022-09-01T14:30:00+00:00,392.64,2022-09-01T14:43:00+00:00,390.76,STOP_LOSS,-3.759999999999991,0.15668,0.05999999999994543,-3.916679999999991,-1.0162162162162012,-1.0585621621621468,5.1182205292000145,3.7000000000000455,0.005,0.003614537492953983,,HYP-FCR-04,baseline,1023.6441058400029,1019.7274258400029,93.82999999999697,0.9600249999999969,0.9773703809796336,1,1,117.00000000000159,1.8500000000000227,5.0,390.93,0.160000000000025,2,2022,10
QQQ,2022-09-02,long,302.61,299.6,2022-09-02T14:05:00+00:00,2022-09-02T14:15:00+00:00,301.7,1.0100000000000477,299.285,306.5299999999999,2,2,2022-09-02T14:20:00+00:00,301.68,2022-09-02T16:33:00+00:00,299.27500000000003,STOP_LOSS,-4.809999999999945,0.12019100000000002,0.05999999999994543,-4.930190999999946,-0.9958592132505213,-1.0207434782608737,5.250981665800024,4.829999999999927,0.005,0.0045991400345748905,,HYP-FCR-04,baseline,1050.1963331600048,1045.2661421600048,101.00000000000477,1.2216600000000029,0.8267439385754182,2,2,30.500000000000682,2.4149999999999636,10.0,299.41,0.125,3,2022,10
SPY,2022-09-02,long,400.43,397.64,2022-09-02T14:05:00+00:00,2022-09-02T14:15:00+00:00,399.49,1.0699999999999932,397.12,404.23,2,2,2022-09-02T14:20:00+00:00,399.52,2022-09-02T16:41:00+00:00,397.11,STOP_LOSS,-4.819999999999936,0.159326,0.07999999999992724,-4.979325999999936,-1.0168776371307864,-1.0504907172995626,5.098637129200014,4.740000000000009,0.005,0.004648300986997014,,HYP-FCR-04,baseline,1019.7274258400029,1014.748099840003,106.99999999999932,1.1799699999999973,0.9068027153232672,2,2,50.99999999999909,2.3700000000000045,10.0,397.23,0.11000000000001364,3,2022,10
QQQ,2022-09-06,long,296.6,293.03,2022-09-06T14:35:00+00:00,2022-09-06T14:40:00+00:00,293.7801,0.727800000000002,291.79,297.7603,2,2,2022-09-06T14:45:00+00:00,293.81,2022-09-06T17:51:00+00:00,291.78000000000003,STOP_LOSS,-4.059999999999945,0.11711800000000001,0.07979999999997744,-4.177117999999945,-1.0200492437565896,-1.0494743982714383,5.226330710800024,3.980199999999968,0.005,0.003807834042892682,,HYP-FCR-04,baseline,1045.2661421600048,1041.089024160005,72.7800000000002,1.0721499999999935,0.678822925896569,1,1,122.99999999999613,1.990099999999984,5.0,292.22,0.4300000000000068,2,2022,10
SPY,2022-09-06,long,394.12,390.52,2022-09-06T14:35:00+00:00,2022-09-06T14:40:00+00:00,391.8701,0.726600000000019,389.66,396.2902999999999,2,2,2022-09-06T14:45:00+00:00,391.89,2022-09-06T17:12:00+00:00,389.65000000000003,STOP_LOSS,-4.4799999999999045,0.156308,0.059799999999995634,-4.636307999999905,-1.0135287996018272,-1.0488910004072214,5.073740499200015,4.420199999999909,0.005,0.004355957898021045,,HYP-FCR-04,baseline,1014.748099840003,1010.1117918400031,72.6600000000019,1.1945285714285572,0.6082734372197273,1,1,84.99999999999659,2.2100999999999544,5.0,390.2292,0.5691999999999666,2,2022,10
QQQ,2022-09-07,long,295.66,293.42,2022-09-07T14:25:00+00:00,2022-09-07T14:55:00+00:00,294.39,0.06999999999999318,293.40000000000003,296.3699999999999,3,3,2022-09-07T15:00:00+00:00,294.4095,2022-09-07T15:55:00+00:00,296.3599999999999,TAKE_PROFIT,5.85149999999976,0.17723084999999997,0.08849999999995362,5.67426914999976,1.9702020202020343,1.9105283333333447,5.205445120800025,2.9699999999998568,0.005,0.0028527819726042922,,HYP-FCR-04,baseline,1041.089024160005,1046.7632933100049,6.999999999999318,0.8584428571428597,0.0815429931270824,6,6,0.9999999999990905,0.9899999999999523,30.0,294.1,0.6999999999999886,7,2022,11
QQQ,2022-09-08,short,299.23,295.45,2022-09-08T16:00:00+00:00,2022-09-08T16:05:00+00:00,297.29,1.829999999999984,300.51,290.8500000000001,1,1,2022-09-08T16:10:00+00:00,297.27930000000003,2022-09-08T19:59:00+00:00,300.52,STOP_LOSS,-3.240699999999947,0.05977993,0.020699999999976626,-3.300479929999947,-1.0064285714285641,-1.0249937670807383,5.233816466550024,3.2199999999999704,0.005,0.003076149135701828,,HYP-FCR-04,baseline,1046.7632933100049,1043.462813380005,182.9999999999984,0.7029285714285761,2.603393964028006,1,1,126.99999999999818,3.2199999999999704,5.0,300.67,0.160000000000025,2,2022,12
SPY,2022-09-08,short,397.7,394.12,2022-09-08T16:00:00+00:00,2022-09-08T16:05:00+00:00,396.41,1.9300000000000068,399.7,389.8300000000001,1,1,2022-09-08T16:10:00+00:00,396.385,2022-09-08T17:36:00+00:00,399.71,STOP_LOSS,-3.3249999999999886,0.0796095,0.03500000000002501,-3.4046094999999887,-1.010638297872348,-1.0348357142857223,5.050558959200016,3.2899999999999636,0.005,0.0032570652343409967,,HYP-FCR-04,baseline,1010.1117918400031,1006.7071823400031,193.00000000000068,0.7499214285714159,2.5736029488804117,1,1,199.0000000000009,3.2899999999999636,5.0,399.76,0.060000000000002274,2,2022,12
SPY,2022-09-12,short,411.03,408.46,2022-09-12T14:50:00+00:00,2022-09-12T14:55:00+00:00,410.51,0.024999999999977263,411.34999999999997,408.83000000000004,2,2,2022-09-12T15:00:00+00:00,410.51,2022-09-12T15:56:00+00:00,408.84000000000003,TAKE_PROFIT,3.339999999999918,0.16387000000000002,0.01999999999998181,3.176129999999918,1.9880952380952486,1.8905535714285788,5.033535911700016,1.67999999999995,0.005,0.0016688070071129684,,HYP-FCR-04,baseline,1006.7071823400031,1009.883312340003,2.4999999999977263,0.5198714285714264,0.04808881316804747,1,1,31.000000000000227,0.839999999999975,5.0,411.26,0.08999999999997499,2,2022,11
QQQ,2022-09-12,short,310.62,308.28,2022-09-12T14:35:00+00:00,2022-09-12T15:00:00+00:00,309.3,0.07999999999998408,310.86,306.18,3,3,2022-09-12T15:05:00+00:00,309.3,2022-09-12T19:59:00+00:00,310.77,FORCED_SESSION_CLOSE,-4.409999999999911,0.18602100000000002,0.029999999999972715,-4.5960209999999115,-0.942307692307672,-0.9820557692307489,5.217314066900025,4.680000000000007,0.005,0.004485066396223992,,HYP-FCR-04,baseline,1043.462813380005,1038.866792380005,7.999999999998408,0.5753571428571556,0.13904407200493513,5,5,23.00000000000182,1.5600000000000023,25.0,310.46,0.4000000000000341,6,2022,11
QQQ,2022-09-14,long,295.95,293.16,2022-09-14T14:30:00+00:00,2022-09-14T14:40:00+00:00,295.58,0.4199999999999591,293.05,300.63999999999993,2,2,2022-09-14T14:45:00+00:00,295.59999999999997,2022-09-14T19:59:00+00:00,296.06,FORCED_SESSION_CLOSE,0.9200000000000728,0.11833199999999999,0.05999999999994543,0.8016680000000728,0.18181818181819817,0.15843241106720976,5.194333961900026,5.059999999999945,0.005,0.004870691831825401,,HYP-FCR-04,baseline,1038.866792380005,1039.6684603800052,41.99999999999591,1.1987999999999974,0.350350350350317,2,2,10.000000000002274,2.5299999999999727,10.0,293.33,0.2799999999999727,3,2022,10
SPY,2022-09-14,long,395.61,393.02,2022-09-14T14:30:00+00:00,2022-09-14T14:40:00+00:00,394.71,0.4399999999999977,391.75,400.62999999999994,1,1,2022-09-14T14:45:00+00:00,394.73,2022-09-14T19:16:00+00:00,391.74,STOP_LOSS,-2.990000000000009,0.07864700000000001,0.03000000000002956,-3.0686470000000092,-1.0101351351351453,-1.0367050675675777,5.049416561700015,2.9599999999999795,0.005,0.0029310316982477476,,HYP-FCR-04,baseline,1009.883312340003,1006.814665340003,43.99999999999977,1.2122714285714349,0.3629550195029364,2,2,125.99999999999909,2.9599999999999795,10.0,391.99,0.2400000000000091,3,2022,10
QQQ,2022-09-15,short,296.22,293.53,2022-09-15T14:15:00+00:00,2022-09-15T14:25:00+00:00,293.595,0.8199999999999932,296.37,288.0450000000001,1,1,2022-09-15T14:30:00+00:00,293.575,2022-09-15T19:59:00+00:00,291.03,FORCED_SESSION_CLOSE,2.545000000000016,0.058460500000000006,0.03000000000002956,2.486539500000016,0.9171171171171304,0.8960502702702834,5.198342301900026,2.7749999999999773,0.005,0.0026691201144888994,,HYP-FCR-04,baseline,1039.6684603800052,1042.154999880005,81.99999999999932,0.9663333333333336,0.8485684718868503,2,2,13.999999999998636,2.7749999999999773,10.0,295.8583,0.5117000000000189,3,2022,10
SPY,2022-09-15,short,395.36,392.2929,2022-09-15T14:15:00+00:00,2022-09-15T14:25:00+00:00,392.92,0.8000000000000114,395.68,387.40000000000003,1,1,2022-09-15T14:30:00+00:00,392.91,2022-09-15T19:59:00+00:00,390.14,FORCED_SESSION_CLOSE,2.7700000000000387,0.078305,0.01999999999998181,2.691695000000039,1.0036231884058144,0.9752518115942201,5.034073326700015,2.759999999999991,0.005,0.002741318829586113,,HYP-FCR-04,baseline,1006.814665340003,1009.5063603400031,80.00000000000114,0.969900000000005,0.8248273017836966,2,2,31.000000000000227,2.759999999999991,10.0,395.19,0.4900000000000091,3,2022,10
QQQ,2022-09-16,short,287.78,285.64,2022-09-16T14:45:00+00:00,2022-09-16T16:10:00+00:00,286.63,0.03000000000002956,287.81,284.27,3,3,2022-09-16T16:15:00+00:00,286.60200000000003,2022-09-16T18:27:00+00:00,287.82,STOP_LOSS,-3.6539999999998827,0.17232660000000002,0.11399999999986221,-3.8263265999998826,-1.0322033898304694,-1.0808832203389436,5.210774999400026,3.5400000000000205,0.005,0.003396807576999218,,HYP-FCR-04,baseline,1042.154999880005,1038.3286732800052,3.000000000002956,0.7049714285714279,0.0425549161060645,17,17,2.0000000000038654,1.1800000000000068,85.0,287.59,0.22000000000002728,18,2022,12
SPY,2022-09-16,short,384.68,382.12,2022-09-16T15:15:00+00:00,2022-09-16T16:10:00+00:00,383.12,0.1300000000000523,384.69,379.98,2,2,2022-09-16T16:15:00+00:00,383.12,2022-09-16T18:48:00+00:00,384.7,STOP_LOSS,-3.159999999999968,0.153564,0.01999999999998181,-3.313563999999968,-1.0063694267515866,-1.0552751592356633,5.047531801700016,3.1399999999999864,0.005,0.003110431120951462,,HYP-FCR-04,baseline,1009.5063603400031,1006.1927963400032,13.00000000000523,0.7473999999999867,0.173936312550247,11,11,0.0,1.5699999999999932,55.0,384.28,0.410000000000025,12,2022,12
QQQ,2022-09-19,short,288.8495,286.04,2022-09-19T15:25:00+00:00,2022-09-19T15:30:00+00:00,287.92,0.2599999999999909,288.87,286.02000000000004,3,3,2022-09-19T15:35:00+00:00,287.90500000000003,2022-09-19T16:51:00+00:00,288.88,STOP_LOSS,-2.9249999999998977,0.1730355,0.07499999999993179,-3.098035499999898,-1.0263157894736605,-1.087029999999977,5.191643366400026,2.849999999999966,0.005,0.002744795625259025,,HYP-FCR-04,baseline,1038.3286732800052,1035.2306377800053,25.99999999999909,0.642628571428576,0.40458829806151597,1,1,1.0500000000035925,0.9499999999999886,5.0,289.21999999999997,0.3499999999999659,2,2022,11
SPY,2022-09-19,short,385.49,382.1784,2022-09-19T15:25:00+00:00,2022-09-19T15:30:00+00:00,384.93,0.3199999999999932,385.94,382.91,2,2,2022-09-19T15:35:00+00:00,384.93,2022-09-19T16:52:00+00:00,385.95,STOP_LOSS,-2.0399999999999636,0.154176,0.01999999999998181,-2.1941759999999637,-1.009900990099001,-1.0862257425742492,5.030963981700016,2.019999999999982,0.005,0.0020075675430669677,,HYP-FCR-04,baseline,1006.1927963400032,1003.9986203400032,31.999999999999318,0.7089285714285681,0.4513853904282041,1,1,43.99999999999977,1.009999999999991,5.0,386.3699,0.4298999999999751,2,2022,11
SPY,2022-09-20,long,385.3,383.41,2022-09-20T14:40:00+00:00,2022-09-20T14:55:00+00:00,384.65,0.10039999999997917,383.24,387.4699999999999,2,2,2022-09-20T15:00:00+00:00,384.67,2022-09-20T17:15:00+00:00,383.23,STOP_LOSS,-2.8799999999999955,0.15358000000000002,0.06000000000005912,-3.0335799999999953,-1.0212765957447023,-1.075737588652505,5.019993101700016,2.8199999999999363,0.005,0.0028087687999461056,,HYP-FCR-04,baseline,1003.9986203400032,1000.9650403400032,10.039999999997917,0.764971428571414,0.13124673190406133,3,3,16.0000000000025,1.4099999999999682,15.0,383.86,0.6200000000000045,4,2022,11
QQQ,2022-09-20,short,289.22,287.79,2022-09-20T17:00:00+00:00,2022-09-20T17:05:00+00:00,288.94,0.06999999999999318,289.42,287.97999999999996,3,3,2022-09-20T17:10:00+00:00,288.91,2022-09-20T17:29:00+00:00,287.98999999999995,TAKE_PROFIT,2.7600000000002183,0.17307,0.11999999999989086,2.586930000000218,1.9166666666667456,1.7964791666667501,5.1761531889000265,1.4400000000000546,0.005,0.0013909943808155202,,HYP-FCR-04,baseline,1035.2306377800053,1037.8175677800054,6.999999999999318,0.4300000000000068,0.16279069767440016,1,1,18.999999999999773,0.4800000000000182,5.0,289.3795,0.04050000000000864,2,2022,13
QQQ,2022-09-21,short,290.48,289.025,2022-09-21T14:30:00+00:00,2022-09-21T14:40:00+00:00,289.44,0.009999999999990905,290.57,287.18,3,3,2022-09-21T14:45:00+00:00,289.42,2022-09-21T16:34:00+00:00,290.58,STOP_LOSS,-3.4799999999999045,0.17400000000000002,0.08999999999991815,-3.6539999999999044,-1.0265486725663477,-1.0778761061946665,5.1890878389000274,3.3899999999999864,0.005,0.003266470047574481,,HYP-FCR-04,baseline,1037.8175677800054,1034.1635677800055,0.9999999999990905,0.6465214285714305,0.015467391424422156,2,2,7.999999999998408,1.1299999999999955,10.0,290.50149999999996,0.06850000000002865,3,2022,10
SPY,2022-09-21,long,386.88,385.42,2022-09-21T15:05:00+00:00,2022-09-21T16:10:00+00:00,386.34,0.160000000000025,385.39,388.23999999999995,2,2,2022-09-21T16:15:00+00:00,386.34,2022-09-21T18:00:00+00:00,385.38,STOP_LOSS,-1.919999999999959,0.154344,0.01999999999998181,-2.074343999999959,-1.0105263157894642,-1.0917599999999916,5.004825201700016,1.8999999999999773,0.005,0.0018981681911234324,,HYP-FCR-04,baseline,1000.9650403400032,998.8906963400032,16.0000000000025,0.3626571428571432,0.4411880564091129,13,13,2.0000000000038654,0.9499999999999886,65.0,385.93,0.5400000000000205,14,2022,12
SPY,2022-09-22,long,377.66,374.44,2022-09-22T15:45:00+00:00,2022-09-22T15:50:00+00:00,374.94,0.11000000000001364,374.16,376.49999999999994,2,2,2022-09-22T15:55:00+00:00,374.94,2022-09-22T15:59:00+00:00,374.15000000000003,STOP_LOSS,-1.5799999999999272,0.149818,0.01999999999998181,-1.7298179999999272,-1.0128205128205017,-1.1088576923076845,4.994453481700016,1.5599999999999454,0.005,0.0015617324355065886,,HYP-FCR-04,baseline,998.8906963400032,997.1608783400033,11.000000000001364,0.7176785714285521,0.15327195819858,1,1,26.99999999999818,0.7799999999999727,5.0,374.31,0.14999999999997726,2,2022,11
QQQ,2022-09-22,long,282.94,280.3,2022-09-22T16:20:00+00:00,2022-09-22T16:25:00+00:00,280.36,0.06999999999999318,279.76,281.56000000000006,3,3,2022-09-22T16:30:00+00:00,280.3773,2022-09-22T17:10:00+00:00,279.75,STOP_LOSS,-1.8818999999999733,0.16803819,0.08189999999990505,-2.049938189999973,-1.0454999999999455,-1.1388545499999418,5.170817838900027,1.8000000000000682,0.005,0.0017405370446998544,,HYP-FCR-04,baseline,1034.1635677800055,1032.1136295900055,6.999999999999318,0.7067500000000037,0.09904492394763752,1,1,53.000000000002956,0.6000000000000227,5.0,279.8114,0.051400000000001,2,2022,12
QQQ,2022-09-26,short,278.53,274.75,2022-09-26T14:40:00+00:00,2022-09-26T14:50:00+00:00,277.34,0.07999999999998408,278.6099,274.80019999999996,3,3,2022-09-26T14:55:00+00:00,277.3405,2022-09-26T16:25:00+00:00,274.81019999999995,TAKE_PROFIT,7.590900000000204,0.16564521000000001,0.031500000000107775,7.425254790000204,1.992519095991853,1.9490392393102247,5.160568147950028,3.8097000000000207,0.005,0.0036911633475021324,,HYP-FCR-04,baseline,1032.1136295900055,1039.5388843800058,7.999999999998408,0.8655642857142831,0.09242525520096556,2,2,6.990000000001828,1.269900000000007,10.0,278.53499999999997,0.07490000000001373,3,2022,10
SPY,2022-09-26,short,368.67,366.06,2022-09-26T15:00:00+00:00,2022-09-26T15:10:00+00:00,367.39,0.7450000000000045,368.84999999999997,364.47,2,2,2022-09-26T15:15:00+00:00,367.3706,2022-09-26T16:28:00+00:00,364.48,TAKE_PROFIT,5.7812000000000126,0.14637012,0.058799999999905594,5.634829880000012,1.9798630136986621,1.9297362602740038,4.985804391700016,2.919999999999959,0.005,0.002928313839248237,,HYP-FCR-04,baseline,997.1608783400033,1002.7957082200032,74.50000000000045,0.9609285714285656,0.7752917564855517,2,2,16.999999999995907,1.4599999999999795,10.0,368.53999999999996,0.3100000000000023,3,2022,11
SPY,2022-09-29,long,367.11,362.81,2022-09-29T15:40:00+00:00,2022-09-29T15:45:00+00:00,363.75,0.08999999999997499,362.54,366.16999999999996,2,2,2022-09-29T15:50:00+00:00,363.75,2022-09-29T16:22:00+00:00,362.53000000000003,STOP_LOSS,-2.439999999999941,0.145256,0.01999999999998181,-2.5852559999999407,-1.00826446280991,-1.0682876033057787,5.013978541100016,2.419999999999959,0.005,0.0024132532480574155,,HYP-FCR-04,baseline,1002.7957082200032,1000.2104522200033,8.999999999997499,0.8641499999999951,0.10414858531502112,1,1,25.99999999999909,1.2099999999999795,5.0,362.91,0.37000000000000455,2,2022,11
QQQ,2022-09-29,long,276.25,272.48,2022-09-29T15:50:00+00:00,2022-09-29T15:55:00+00:00,272.8224,0.11000000000001364,272.375,273.71720000000005,3,3,2022-09-29T16:00:00+00:00,272.84999999999997,2022-09-29T16:10:00+00:00,272.365,STOP_LOSS,-1.4549999999998704,0.1635645,0.11279999999982238,-1.6185644999998705,-1.0840411265085816,-1.2059041126507322,5.197694421900029,1.342200000000048,0.005,0.0012911493934164408,,HYP-FCR-04,baseline,1039.5388843800058,1037.920319880006,11.000000000001364,0.7056999999999951,0.15587360068019612,1,1,9.500000000002728,0.447400000000016,5.0,272.27,0.10500000000001819,2,2022,12
QQQ,2022-09-30,short,273.15,270.0,2022-09-30T15:45:00+00:00,2022-09-30T15:50:00+00:00,272.41,0.22000000000002728,273.18,270.87000000000006,3,3,2022-09-30T15:55:00+00:00,272.36,2022-09-30T17:37:00+00:00,270.88000000000005,TAKE_PROFIT,4.439999999999884,0.16297200000000003,0.18000000000000682,4.277027999999884,1.9220779220779174,1.8515272727272662,5.18960159940003,2.3099999999999454,0.005,0.0022256043703499364,,HYP-FCR-04,baseline,1037.920319880006,1042.197347880006,22.00000000000273,0.6795857142857155,0.32372664017998115,1,1,2.0000000000038654,0.7699999999999818,5.0,273.83,0.6499999999999773,2,2022,11
SPY,2022-09-30,short,363.69,360.1623,2022-09-30T15:45:00+00:00,2022-09-30T15:50:00+00:00,362.8832,0.29000000000002046,363.86,360.92959999999994,2,2,2022-09-30T15:55:00+00:00,362.87,2022-09-30T17:46:00+00:00,360.9395999999999,TAKE_PROFIT,3.860800000000154,0.14476192,0.046399999999948704,3.716038080000154,1.9762489762490032,1.902148894348923,5.001052261100017,1.9536000000000513,0.005,0.001953188947050059,,HYP-FCR-04,baseline,1000.2104522200033,1003.9264903000035,29.000000000002046,0.7842785714285745,0.3697665734660854,1,1,16.0000000000025,0.9768000000000256,5.0,364.67,0.8100000000000023,2,2022,11
QQQ,2022-10-04,short,281.53,278.99,2022-10-04T16:45:00+00:00,2022-10-04T16:50:00+00:00,280.97,0.24010000000004084,281.74,279.43000000000006,3,3,2022-10-04T16:55:00+00:00,280.95,2022-10-04T17:19:00+00:00,279.44000000000005,TAKE_PROFIT,4.529999999999802,0.16811700000000002,0.09000000000008868,4.361882999999803,1.9610389610389218,1.8882610389609982,5.21098673940003,2.3099999999999454,0.005,0.0022164708101578365,,HYP-FCR-04,baseline,1042.197347880006,1046.5592308800058,24.010000000004084,0.4542785714285742,0.5285303228039043,1,1,20.000000000004547,0.7699999999999818,5.0,282.01,0.2699999999999818,2,2022,12
SPY,2022-10-04,short,376.07,372.31,2022-10-04T17:05:00+00:00,2022-10-04T17:15:00+00:00,374.32,0.2617999999999938,376.09,370.78000000000003,2,2,2022-10-04T17:20:00+00:00,374.31,2022-10-04T17:51:00+00:00,376.09999999999997,STOP_LOSS,-3.5799999999999272,0.150082,0.03999999999996362,-3.730081999999927,-1.0112994350282385,-1.053695480225979,5.0196324515000175,3.5399999999999636,0.005,0.003526154588213032,,HYP-FCR-04,baseline,1003.9264903000035,1000.1964083000036,26.17999999999938,0.5584285714285622,0.4688155538500862,2,2,0.9999999999990905,1.7699999999999818,10.0,376.07,0.01999999999998181,3,2022,13
QQQ,2022-10-05,long,279.62,277.84,2022-10-05T16:05:00+00:00,2022-10-05T16:10:00+00:00,278.92,0.7200000000000273,277.265,282.2300000000001,3,3,2022-10-05T16:15:00+00:00,278.93,2022-10-05T18:59:00+00:00,282.2200000000001,TAKE_PROFIT,9.870000000000232,0.16834500000000002,0.05999999999994543,9.701655000000232,1.987915407854996,1.9540090634441205,5.232796154400029,4.965000000000089,0.005,0.004744117536305363,,HYP-FCR-04,baseline,1046.5592308800058,1056.260885880006,72.00000000000273,0.6216642857142786,1.1581813794768074,1,1,56.49999999999977,1.6550000000000296,5.0,277.28000000000003,0.015000000000043201,2,2022,12
SPY,2022-10-05,long,375.18,373.3,2022-10-05T16:05:00+00:00,2022-10-05T16:10:00+00:00,374.315,0.6499999999999773,372.5799,377.7852,2,2,2022-10-05T16:15:00+00:00,374.33,2022-10-05T19:00:00+00:00,377.7752,TAKE_PROFIT,6.8904,0.15042104,0.049999999999954525,6.739978959999999,1.9855916085528342,1.9422451040285988,5.000982041500018,3.470199999999977,0.005,0.003469518557758217,,HYP-FCR-04,baseline,1000.1964083000036,1006.9363872600036,64.99999999999773,0.6996357142857212,0.9290549163339689,1,1,71.01000000000113,1.7350999999999885,5.0,372.57,0.009900000000016007,2,2022,12
QQQ,2022-10-06,long,284.18,280.95,2022-10-06T14:45:00+00:00,2022-10-06T14:50:00+00:00,281.5889,0.2500999999999749,280.27,284.2267000000001,3,3,2022-10-06T14:55:00+00:00,281.59499999999997,2022-10-06T16:13:00+00:00,280.26,STOP_LOSS,-4.004999999999939,0.1685565,0.048299999999812826,-4.173556499999939,-1.0122071423155183,-1.054807415270252,5.281304429400031,3.956700000000126,0.005,0.0037459495593303803,,HYP-FCR-04,baseline,1056.260885880006,1052.0873293800062,25.00999999999749,1.0401500000000072,0.2404460895062954,1,1,67.00000000000159,1.318900000000042,5.0,280.23,0.03999999999996362,2,2022,10
SPY,2022-10-06,long,378.72,375.34,2022-10-06T14:45:00+00:00,2022-10-06T14:50:00+00:00,375.83,0.4399999999999977,374.3401,378.80979999999994,2,2,2022-10-06T14:55:00+00:00,375.868,2022-10-06T16:04:00+00:00,374.3301,STOP_LOSS,-3.0757999999999583,0.15003962,0.09600000000000364,-3.225839619999958,-1.0322169273105595,-1.082569172427682,5.034681936300018,2.9797999999999547,0.005,0.0029592733341461154,,HYP-FCR-04,baseline,1006.9363872600036,1003.7105476400036,43.99999999999977,1.1063071428571456,0.3977195689649576,1,1,98.98999999999774,1.4898999999999774,5.0,374.195,0.14510000000001355,2,2022,10
SPY,2022-10-07,long,369.37,365.36,2022-10-07T14:05:00+00:00,2022-10-07T14:20:00+00:00,366.44,0.05500000000000682,364.87,369.58,2,2,2022-10-07T14:25:00+00:00,366.44,2022-10-07T15:50:00+00:00,364.86,STOP_LOSS,-3.159999999999968,0.14626,0.01999999999998181,-3.306259999999968,-1.0063694267515866,-1.0529490445859817,5.018552738200018,3.1399999999999864,0.005,0.0031283919526231743,,HYP-FCR-04,baseline,1003.7105476400036,1000.4042876400036,5.500000000000682,1.094890909090912,0.050233315066679406,3,3,48.00000000000182,1.5699999999999932,15.0,365.52070000000003,0.6507000000000289,4,2022,10
QQQ,2022-10-07,long,275.15,271.96,2022-10-07T14:40:00+00:00,2022-10-07T14:45:00+00:00,272.76,0.09000000000003183,271.75,274.78,3,3,2022-10-07T14:50:00+00:00,272.78,2022-10-07T15:19:00+00:00,271.74,STOP_LOSS,-3.119999999999891,0.163356,0.08999999999991815,-3.2833559999998907,-1.0297029702970029,-1.0836158415841322,5.260436646900031,3.0299999999999727,0.005,0.0028799890611604915,,HYP-FCR-04,baseline,1052.0873293800062,1048.8039733800063,9.000000000003183,0.7882071428571423,0.11418318244845413,1,1,19.999999999998863,1.009999999999991,5.0,271.75,0.0,2,2022,10
QQQ,2022-10-10,long,269.7,266.71,2022-10-10T14:15:00+00:00,2022-10-10T14:20:00+00:00,267.145,0.28000000000002956,266.37,268.69499999999994,3,3,2022-10-10T14:25:00+00:00,267.12,2022-10-10T14:37:00+00:00,266.36,STOP_LOSS,-2.2799999999999727,0.16004400000000002,0.1049999999999045,-2.440043999999973,-0.9806451612903396,-1.0494812903225996,5.2440198669000315,2.324999999999932,0.005,0.0022168108235775435,,HYP-FCR-04,baseline,1048.8039733800063,1046.3639293800063,28.000000000002956,0.9899999999999936,0.2828282828283145,1,1,32.99999999999841,0.7749999999999773,5.0,266.3,0.06999999999999318,2,2022,10
SPY,2022-10-10,long,364.21,361.54,2022-10-10T14:15:00+00:00,2022-10-10T14:20:00+00:00,361.7861,0.1099999999999568,361.13,363.09829999999994,2,2,2022-10-10T14:25:00+00:00,361.78999999999996,2022-10-10T14:37:00+00:00,361.12,STOP_LOSS,-1.3399999999999181,0.144582,0.027799999999956526,-1.4845819999999181,-1.0211857948483138,-1.131368693796648,5.0020214382000185,1.3121999999999616,0.005,0.0013116697081491898,,HYP-FCR-04,baseline,1000.4042876400036,998.9197056400037,10.99999999999568,0.9653090909090917,0.11395313794917537,1,1,40.00000000000341,0.6560999999999808,5.0,361.04,0.08999999999997499,2,2022,10
QQQ,2022-10-11,long,265.32,262.32,2022-10-11T14:10:00+00:00,2022-10-11T14:15:00+00:00,262.59,0.12000000000000455,261.94,263.88999999999993,3,3,2022-10-11T14:20:00+00:00,262.58,2022-10-11T14:40:00+00:00,263.87999999999994,TAKE_PROFIT,3.8999999999998636,0.157938,0.05999999999994543,3.7420619999998634,2.0,1.919006153846151,5.231819646900032,1.9499999999999318,0.005,0.0018635963504163887,,HYP-FCR-04,baseline,1046.3639293800063,1050.1059913800061,12.000000000000455,0.8625,0.13913043478261397,1,1,37.000000000000455,0.6499999999999773,5.0,261.93,0.009999999999990905,2,2022,10
SPY,2022-10-11,long,358.9,356.5,2022-10-11T14:30:00+00:00,2022-10-11T14:40:00+00:00,358.24,0.17999999999994998,356.25,362.22,2,2,2022-10-11T14:45:00+00:00,358.28,2022-10-11T16:40:00+00:00,362.21000000000004,TAKE_PROFIT,7.860000000000127,0.144098,0.09999999999990905,7.715902000000128,1.9748743718593194,1.9386688442211288,4.994598528200019,3.980000000000018,0.005,0.003984304221378883,,HYP-FCR-04,baseline,998.9197056400037,1006.6356076400039,17.999999999994998,0.8285714285714343,0.21724137931028295,2,2,24.00000000000091,1.990000000000009,10.0,356.714,0.46399999999999864,3,2022,10
QQQ,2022-10-17,short,269.56,266.74,2022-10-17T14:20:00+00:00,2022-10-17T14:25:00+00:00,268.92,0.2300000000000182,269.71999999999997,267.3200000000001,3,3,2022-10-17T14:30:00+00:00,268.915,2022-10-17T15:18:00+00:00,267.3300000000001,TAKE_PROFIT,4.754999999999768,0.16087350000000003,0.04499999999995907,4.594126499999768,1.981250000000016,1.914219375000012,5.2505299569000305,2.3999999999998636,0.005,0.0022854835794678995,,HYP-FCR-04,baseline,1050.1059913800061,1054.7001178800058,23.00000000000182,0.9159833333333248,0.25109627176624794,1,1,14.999999999997726,0.7999999999999545,5.0,269.83,0.11000000000001364,2,2022,10
SPY,2022-10-17,short,367.38,363.97,2022-10-17T14:20:00+00:00,2022-10-17T14:25:00+00:00,366.725,0.4399999999999977,367.9899,364.1952000000001,2,2,2022-10-17T14:30:00+00:00,366.71000000000004,2022-10-17T19:59:00+00:00,366.81,FORCED_SESSION_CLOSE,-0.1999999999999318,0.146704,0.049999999999954525,-0.3467039999999318,-0.07905763301444342,-0.13704798798321774,5.0331780382000195,2.5297999999999092,0.005,0.002513123895876157,,HYP-FCR-04,baseline,1006.6356076400039,1006.2889036400039,43.99999999999977,1.024008333333337,0.4296840032226263,1,1,59.9899999999991,1.2648999999999546,5.0,367.81,0.17989999999997508,2,2022,10
QQQ,2022-10-19,short,271.95,269.445,2022-10-19T14:50:00+00:00,2022-10-19T14:55:00+00:00,271.36,0.3300000000000409,272.26,269.56000000000006,3,3,2022-10-19T15:00:00+00:00,271.35,2022-10-19T15:11:00+00:00,272.27,STOP_LOSS,-2.759999999999877,0.163086,0.05999999999994543,-2.923085999999877,-1.0222222222222026,-1.0826244444444262,5.273500589400029,2.699999999999932,0.005,0.002559969373500263,,HYP-FCR-04,baseline,1054.7001178800058,1051.777031880006,33.00000000000409,0.9560642857142706,0.3451650740760593,1,1,30.000000000001137,0.8999999999999773,5.0,272.36199999999997,0.10199999999997544,2,2022,11
SPY,2022-10-19,short,370.94,367.85,2022-10-19T14:40:00+00:00,2022-10-19T14:55:00+00:00,369.68,0.29000000000002046,371.27,366.50000000000006,2,2,2022-10-19T15:00:00+00:00,369.67,2022-10-19T17:02:00+00:00,366.51000000000005,TAKE_PROFIT,6.319999999999936,0.14723600000000003,0.03999999999996362,6.172763999999936,1.98742138364781,1.9411207547169915,5.031444518200019,3.17999999999995,0.005,0.00316012627039519,,HYP-FCR-04,baseline,1006.2889036400039,1012.4616676400038,29.000000000002046,0.9162642857142893,0.3165025686600303,3,3,31.999999999999318,1.589999999999975,15.0,370.5799,0.6900999999999726,4,2022,11
SPY,2022-10-20,short,369.82,367.0,2022-10-20T16:00:00+00:00,2022-10-20T16:05:00+00:00,368.79,0.4300000000000068,370.3886,365.59280000000007,2,2,2022-10-20T16:10:00+00:00,368.75010000000003,2022-10-20T17:50:00+00:00,365.60280000000006,TAKE_PROFIT,6.294599999999946,0.14687058000000003,0.09979999999995925,6.147729419999946,1.968785187038671,1.9228479356937436,5.062308338200019,3.1971999999999525,0.005,0.003157847948409209,,HYP-FCR-04,baseline,1012.4616676400038,1018.6093970600037,43.00000000000068,0.7396928571428621,0.5813223635292694,1,1,55.860000000001264,1.5985999999999763,5.0,370.89,0.5013999999999896,2,2022,12
QQQ,2022-10-20,short,272.46,269.1132,2022-10-20T16:05:00+00:00,2022-10-20T16:10:00+00:00,272.12,0.30000000000001137,273.02,270.32000000000005,3,3,2022-10-20T16:15:00+00:00,272.12,2022-10-20T17:06:00+00:00,270.33000000000004,TAKE_PROFIT,5.369999999999891,0.16273500000000002,0.029999999999972715,5.207264999999891,1.9888888888888987,1.928616666666675,5.25888515940003,2.699999999999932,0.005,0.002567084009406251,,HYP-FCR-04,baseline,1051.777031880006,1056.9842968800058,30.000000000001137,0.6963928571428661,0.4307913226319406,1,1,55.00000000000114,0.8999999999999773,5.0,273.472,0.4519999999999982,2,2022,12
QQQ,2022-10-21,short,270.75,266.8236,2022-10-21T14:20:00+00:00,2022-10-21T14:25:00+00:00,269.58,0.7799999999999727,271.74,265.25999999999993,2,2,2022-10-21T14:30:00+00:00,269.575,2022-10-21T15:50:00+00:00,271.75,STOP_LOSS,-4.350000000000023,0.10826500000000001,0.029999999999972715,-4.458265000000023,-1.006944444444438,-1.0320057870370305,5.284921484400029,4.32000000000005,0.005,0.004087099508244141,,HYP-FCR-04,baseline,1056.9842968800058,1052.5260318800058,77.99999999999727,1.4176166666666603,0.5502192647283418,1,1,98.00000000000182,2.160000000000025,5.0,271.74,0.0,2,2022,10
SPY,2022-10-21,short,369.125,363.54,2022-10-21T14:20:00+00:00,2022-10-21T14:25:00+00:00,367.35,1.0400999999999954,369.78,362.4900000000001,2,2,2022-10-21T14:30:00+00:00,367.35,2022-10-21T15:50:00+00:00,369.78999999999996,STOP_LOSS,-4.879999999999882,0.147428,0.01999999999998181,-5.027427999999881,-1.0041152263374449,-1.0344502057613139,5.093046985300019,4.8599999999999,0.005,0.004771210646620031,,HYP-FCR-04,baseline,1018.6093970600037,1013.5819690600039,104.00999999999954,1.531241666666664,0.6792526762050387,1,1,64.49999999999818,2.42999999999995,5.0,369.84,0.060000000000002274,2,2022,10
SPY,2022-10-24,long,378.76,375.09,2022-10-24T14:30:00+00:00,2022-10-24T14:35:00+00:00,375.89,0.5849999999999795,374.14,379.39,2,2,2022-10-24T14:40:00+00:00,375.9,2022-10-24T18:57:00+00:00,379.38,TAKE_PROFIT,6.960000000000036,0.151056,0.03999999999996362,6.808944000000037,1.9885714285714389,1.945412571428582,5.0679098453000195,3.5,0.005,0.0034531001012635424,,HYP-FCR-04,baseline,1013.5819690600039,1020.3909130600039,58.499999999997954,1.62963571428572,0.3589759323950438,1,1,93.99999999999977,1.75,5.0,373.5,0.6399999999999864,2,2022,10
QQQ,2022-10-24,long,277.27,274.23,2022-10-24T14:50:00+00:00,2022-10-24T14:55:00+00:00,275.49,0.22000000000002728,273.65000000000003,279.16999999999996,2,2,2022-10-24T15:00:00+00:00,275.5,2022-10-24T19:15:00+00:00,279.15999999999997,TAKE_PROFIT,7.319999999999936,0.110932,0.03999999999996362,7.209067999999936,1.9891304347826184,1.9589858695652267,5.262630159400029,3.67999999999995,0.005,0.0034963505780724402,,HYP-FCR-04,baseline,1052.5260318800058,1059.7350998800057,22.00000000000273,1.2572857142857086,0.17498011589594342,1,1,56.99999999999932,1.839999999999975,5.0,273.67,0.01999999999998181,2,2022,11
SPY,2022-10-25,short,382.6,378.71,2022-10-25T14:00:00+00:00,2022-10-25T14:05:00+00:00,381.83,0.03000000000002956,382.77,379.95,2,2,2022-10-25T14:10:00+00:00,381.82,2022-10-25T14:29:00+00:00,382.78,STOP_LOSS,-1.919999999999959,0.15292,0.03999999999996362,-2.072919999999959,-1.0212765957446615,-1.1026170212765767,5.101954565300019,1.8799999999999955,0.005,0.0018424311466692202,,HYP-FCR-04,baseline,1020.3909130600039,1018.3179930600039,3.000000000002956,1.0212499999999949,0.02937576499390914,1,1,15.999999999996817,0.9399999999999977,5.0,382.40999999999997,0.36000000000001364,2,2022,10
QQQ,2022-10-26,short,279.79,277.43,2022-10-26T17:20:00+00:00,2022-10-26T17:25:00+00:00,278.83,0.29000000000002046,279.9699,276.55019999999996,3,3,2022-10-26T17:30:00+00:00,278.82,2022-10-26T18:04:00+00:00,279.9799,STOP_LOSS,-3.47969999999998,0.16763997,0.05999999999994543,-3.64733996999998,-1.0175453987191698,-1.0665672339678753,5.298675499400028,3.4197000000000344,0.005,0.003226938506035375,,HYP-FCR-04,baseline,1059.7350998800057,1056.0877599100056,29.000000000002046,0.6225357142857116,0.46583672766913015,1,1,16.989999999998417,1.1399000000000115,5.0,279.86,0.1098999999999819,2,2022,13
SPY,2022-10-26,short,383.15,381.35,2022-10-26T18:25:00+00:00,2022-10-26T18:30:00+00:00,382.66,0.12000000000000455,383.34,381.3000000000001,2,2,2022-10-26T18:35:00+00:00,382.64,2022-10-26T19:59:00+00:00,382.09,FORCED_SESSION_CLOSE,1.1000000000000227,0.152946,0.06000000000005912,0.9470540000000227,0.8088235294118409,0.6963632352941855,5.091589965300019,1.3599999999999,0.005,0.001335535666921838,,HYP-FCR-04,baseline,1018.3179930600039,1019.2650470600039,12.000000000000455,0.5020428571428519,0.23902341860400098,1,1,18.000000000000682,0.67999999999995,5.0,383.45,0.11000000000001364,2,2022,14
SPY,2022-10-27,short,384.33,380.52,2022-10-27T14:35:00+00:00,2022-10-27T14:40:00+00:00,382.81,0.5500000000000114,384.4,379.63000000000005,2,2,2022-10-27T14:45:00+00:00,382.76,2022-10-27T19:09:00+00:00,379.64000000000004,TAKE_PROFIT,6.239999999999895,0.15248000000000003,0.12000000000000455,6.087519999999896,1.9622641509433942,1.9143144654088022,5.09632523530002,3.17999999999995,0.005,0.0031198950745661585,,HYP-FCR-04,baseline,1019.2650470600039,1025.3525670600038,55.00000000000114,1.0759071428571392,0.5111965318302951,1,1,6.000000000000227,1.589999999999975,5.0,384.55,0.1500000000000341,2,2022,10
QQQ,2022-10-27,long,278.2795,273.395,2022-10-27T16:30:00+00:00,2022-10-27T17:10:00+00:00,274.711,0.42999999999995,273.0,278.13300000000004,3,3,2022-10-27T17:15:00+00:00,274.70279999999997,2022-10-27T18:10:00+00:00,272.99,STOP_LOSS,-5.138399999999876,0.16430783999999998,0.05460000000010723,-5.302707839999877,-1.0010520163646675,-1.0330621157217683,5.280438799550028,5.133000000000038,0.005,0.004860391526966893,,HYP-FCR-04,baseline,1056.0877599100056,1050.7850520700058,42.999999999995,0.6029214285714285,0.7131940906774515,8,8,38.49999999999909,1.7110000000000127,40.0,273.7701,0.7701000000000136,9,2022,13
SPY,2022-10-31,long,387.47,385.47,2022-10-31T14:35:00+00:00,2022-10-31T14:45:00+00:00,386.15,0.2300000000000182,385.36,387.7299999999999,2,2,2022-10-31T14:50:00+00:00,386.15,2022-10-31T15:42:00+00:00,387.7199999999999,TAKE_PROFIT,3.1399999999998727,0.154774,0.01999999999998181,2.9852259999998725,1.9873417721519098,1.8893835443038038,5.12676283530002,1.5799999999999272,0.005,0.0015409333830706305,,HYP-FCR-04,baseline,1025.3525670600038,1028.3377930600036,23.00000000000182,0.7478500000000038,0.3075483051414281,2,2,10.000000000002274,0.7899999999999636,10.0,385.75,0.38999999999998636,3,2022,10
QQQ,2022-10-31,long,279.76,277.13,2022-10-31T15:05:00+00:00,2022-10-31T15:25:00+00:00,278.2257,0.08000000000004093,276.96000000000004,280.7571,3,3,2022-10-31T15:30:00+00:00,278.24,2022-10-31T19:59:00+00:00,277.91,FORCED_SESSION_CLOSE,-0.9899999999999523,0.16684500000000002,0.07289999999994734,-1.1568449999999522,-0.26072529035315556,-0.30466540254403873,5.253925260350029,3.7970999999999435,0.005,0.0036135839508944323,,HYP-FCR-04,baseline,1050.7850520700058,1049.6282070700058,8.000000000004093,0.6366571428571441,0.12565632993768464,4,4,15.999999999996817,1.2656999999999812,20.0,277.67,0.7099999999999795,5,2022,11
SPY,2022-11-02,long,384.06,382.41,2022-11-02T17:35:00+00:00,2022-11-02T17:40:00+00:00,383.11,0.3450000000000273,382.16,385.01,2,2,2022-11-02T17:45:00+00:00,383.12,2022-11-02T18:00:00+00:00,382.15000000000003,STOP_FIRST_AMBIGUOUS_BAR,-1.9399999999999409,0.153054,0.03999999999996362,-2.093053999999941,-1.0210526315789286,-1.1016073684210348,5.141688965300018,1.8999999999999773,0.005,0.0018476419060182417,,HYP-FCR-04,baseline,1028.3377930600036,1026.2447390600037,34.50000000000273,0.33877857142856066,1.0183642918890417,1,1,24.00000000000091,0.9499999999999886,5.0,382.14,0.020000000000038654,2,2022,13
SPY,2022-11-03,long,372.25,369.04,2022-11-03T14:00:00+00:00,2022-11-03T14:05:00+00:00,370.2015,0.12019999999995434,368.78000000000003,373.04449999999997,2,2,2022-11-03T14:10:00+00:00,370.23,2022-11-03T14:48:00+00:00,373.0345,TAKE_PROFIT,5.608999999999924,0.1486529,0.07699999999999818,5.4603470999999235,1.97291593387267,1.9206285965529366,5.131223695300019,2.842999999999961,0.005,0.0027702943477245275,,HYP-FCR-04,baseline,1026.2447390600037,1031.7050861600037,12.019999999995434,1.1662250000000043,0.10306758987326965,1,1,25.0,1.4214999999999804,5.0,369.16,0.37999999999999545,2,2022,10
QQQ,2022-11-03,long,263.48,260.47,2022-11-03T14:00:00+00:00,2022-11-03T14:15:00+00:00,262.08,0.11000000000001364,260.09000000000003,266.0599999999999,2,2,2022-11-03T14:20:00+00:00,262.12,2022-11-03T19:59:00+00:00,260.49,FORCED_SESSION_CLOSE,-3.259999999999991,0.104522,0.10000000000002274,-3.364521999999991,-0.819095477386952,-0.8453572864321789,5.248141035350029,3.9799999999999045,0.005,0.0037918188299358984,,HYP-FCR-04,baseline,1049.6282070700058,1046.2636850700057,11.000000000001364,1.0639999999999816,0.10338345864663115,3,3,37.000000000000455,1.9899999999999523,15.0,260.97,0.8799999999999955,4,2022,10
QQQ,2022-11-04,short,266.39,260.57,2022-11-04T14:40:00+00:00,2022-11-04T14:55:00+00:00,264.55,0.5901000000000067,266.62,260.41,2,2,2022-11-04T15:00:00+00:00,264.55,2022-11-04T15:51:00+00:00,260.42,TAKE_PROFIT,8.259999999999991,0.104994,0.01999999999998181,8.155005999999991,1.9951690821256083,1.9698082125603908,5.231318425350029,4.139999999999986,0.005,0.00395693749011558,,HYP-FCR-04,baseline,1046.2636850700057,1054.4186910700057,59.01000000000067,1.141042857142862,0.5171584891014522,3,3,22.00000000000273,2.069999999999993,15.0,265.8,0.8199999999999932,4,2022,11
SPY,2022-11-04,short,377.37,372.225,2022-11-04T14:50:00+00:00,2022-11-04T14:55:00+00:00,376.8,0.38999999999998636,378.25,373.90000000000003,2,2,2022-11-04T15:00:00+00:00,376.82,2022-11-04T15:37:00+00:00,373.91,TAKE_PROFIT,5.819999999999936,0.150146,0.05999999999994543,5.669853999999936,2.0068965517241315,1.9551220689655104,5.158525430800019,2.8999999999999773,0.005,0.00281088078260208,,HYP-FCR-04,baseline,1031.7050861600037,1037.3749401600037,38.999999999998636,1.1455000000000066,0.340462680052365,1,1,87.00000000000045,1.4499999999999886,5.0,378.05,0.19999999999998863,2,2022,11
SPY,2022-11-07,short,378.34,375.53,2022-11-07T15:15:00+00:00,2022-11-07T15:25:00+00:00,376.85,0.35000000000002274,378.4,373.7500000000001,2,2,2022-11-07T15:30:00+00:00,376.86,2022-11-07T19:10:00+00:00,378.40999999999997,STOP_LOSS,-3.099999999999909,0.151054,0.03999999999996362,-3.251053999999909,-1.0,-1.0487270967741948,5.1868747008000184,3.099999999999909,0.005,0.0029883120171784448,,HYP-FCR-04,baseline,1037.3749401600037,1034.1238861600038,35.000000000002274,1.0346333333333366,0.3382840942040867,2,2,5.000000000001137,1.5499999999999545,10.0,377.76,0.6399999999999864,3,2022,10
QQQ,2022-11-08,short,269.33,267.4183,2022-11-08T18:55:00+00:00,2022-11-08T19:00:00+00:00,268.385,0.2798999999999978,269.59,265.975,3,3,2022-11-08T19:05:00+00:00,268.36,2022-11-08T19:26:00+00:00,265.985,TAKE_PROFIT,7.125,0.16030350000000002,0.1049999999999045,6.9646965,1.9709543568464991,1.9266103734440088,5.272093455350029,3.6149999999999523,0.005,0.0034284293617097335,,HYP-FCR-04,baseline,1054.4186910700057,1061.3833875700057,27.98999999999978,0.7417857142857096,0.3773326913818001,1,1,25.0,1.204999999999984,5.0,269.6079,0.017899999999997362,2,2022,14
SPY,2022-11-08,long,381.23,379.53,2022-11-08T19:35:00+00:00,2022-11-08T19:40:00+00:00,380.4699,1.0199999999999818,378.48990000000003,384.4298999999999,2,2,2022-11-08T19:45:00+00:00,380.48,2022-11-08T20:59:00+00:00,381.96000000000004,FORCED_SESSION_CLOSE,2.9600000000000364,0.152488,0.0402000000000271,2.8075120000000364,0.7474747474747713,0.7089676767676998,5.170619430800019,3.9599999999999227,0.005,0.0038293284325000257,,HYP-FCR-04,baseline,1034.1238861600038,1036.931398160004,101.99999999999818,0.9247000000000014,1.1030604520384777,1,1,103.00999999999476,1.9799999999999613,5.0,378.12,0.36990000000002965,2,2022,14
QQQ,2022-11-09,short,268.34,266.42,2022-11-09T15:20:00+00:00,2022-11-09T15:30:00+00:00,266.54,0.3199999999999932,268.39,262.8400000000001,2,2,2022-11-09T15:35:00+00:00,266.53000000000003,2022-11-09T20:59:00+00:00,263.28,FORCED_SESSION_CLOSE,6.500000000000114,0.105962,0.03999999999996362,6.394038000000114,1.7567567567568199,1.728118378378441,5.306916937850028,3.699999999999932,0.005,0.0034860164982145917,,HYP-FCR-04,baseline,1061.3833875700057,1067.7774255700058,31.999999999999318,0.9754615384615328,0.32804983834081974,2,2,4.000000000002046,1.849999999999966,10.0,268.23,0.15999999999996817,3,2022,10
SPY,2022-11-09,short,380.09,378.15,2022-11-09T15:25:00+00:00,2022-11-09T15:30:00+00:00,378.78,0.400100000000009,380.77,374.79999999999995,2,2,2022-11-09T15:35:00+00:00,378.78000000000003,2022-11-09T19:50:00+00:00,374.80999999999995,TAKE_PROFIT,7.940000000000168,0.150718,0.020000000000095497,7.789282000000168,1.9949748743718925,1.957106030150787,5.18465699080002,3.980000000000018,0.005,0.0038382481300714586,,HYP-FCR-04,baseline,1036.931398160004,1044.7206801600041,40.0100000000009,1.0796000000000014,0.3706002223045651,1,1,67.00000000000159,1.990000000000009,5.0,380.755,0.014999999999986358,2,2022,10
QQQ,2022-11-10,short,278.395,273.85,2022-11-10T15:10:00+00:00,2022-11-10T15:35:00+00:00,276.22,0.22999999999996135,278.43,271.80000000000007,2,2,2022-11-10T15:40:00+00:00,276.19,2022-11-10T15:52:00+00:00,278.44,STOP_LOSS,-4.5,0.11092600000000001,0.08000000000004093,-4.610926,-1.0180995475113217,-1.0431959276018197,5.338887127850029,4.419999999999959,0.005,0.004139439450726779,,HYP-FCR-04,baseline,1067.7774255700058,1063.1664995700057,22.999999999996135,1.1278571428571402,0.2039265357821068,5,5,2.5000000000034106,2.2099999999999795,25.0,277.93,0.5,6,2022,10
SPY,2022-11-10,short,389.83,385.642,2022-11-10T15:30:00+00:00,2022-11-10T15:35:00+00:00,388.18,0.25,390.01,384.52000000000004,2,2,2022-11-10T15:40:00+00:00,388.15000000000003,2022-11-10T15:49:00+00:00,390.02,STOP_LOSS,-3.7399999999998954,0.15563400000000002,0.07999999999992724,-3.8956339999998955,-1.021857923497248,-1.0643808743169205,5.2236034008000205,3.659999999999968,0.005,0.003503328755241469,,HYP-FCR-04,baseline,1044.7206801600041,1040.8250461600041,25.0,1.2263642857142787,0.20385459925098112,1,1,17.00000000000159,1.829999999999984,5.0,389.9,0.11000000000001364,2,2022,10
SPY,2022-11-11,short,396.155,393.61,2022-11-11T16:05:00+00:00,2022-11-11T16:10:00+00:00,395.2,0.7210000000000036,396.98,391.63999999999993,2,2,2022-11-11T16:15:00+00:00,395.15000000000003,2022-11-11T18:09:00+00:00,396.99,STOP_LOSS,-3.67999999999995,0.15842800000000004,0.11999999999989086,-3.83842799999995,-1.033707865168508,-1.0782101123595187,5.204125230800021,3.560000000000059,0.005,0.003420363502141153,,HYP-FCR-04,baseline,1040.8250461600041,1036.9866181600041,72.10000000000036,0.938528571428573,0.7682238153949217,1,1,81.50000000000546,1.7800000000000296,5.0,396.93,0.05000000000001137,2,2022,11
QQQ,2022-11-11,short,284.17,281.19,2022-11-11T16:25:00+00:00,2022-11-11T16:30:00+00:00,283.295,0.36000000000001364,284.49,280.90500000000003,3,3,2022-11-11T16:35:00+00:00,283.28000000000003,2022-11-11T16:50:00+00:00,284.5,STOP_LOSS,-3.6599999999999113,0.170334,0.07499999999993179,-3.8303339999999113,-1.0209205020920313,-1.0684334728033287,5.315832497850029,3.5849999999999795,0.005,0.0033720024111462514,,HYP-FCR-04,baseline,1063.1664995700057,1059.3361655700057,36.000000000001364,0.8477785714285834,0.4246391830751055,1,1,31.000000000000227,1.1949999999999932,5.0,284.82,0.3299999999999841,2,2022,11
QQQ,2022-11-14,short,286.46,284.44,2022-11-14T16:10:00+00:00,2022-11-14T16:15:00+00:00,285.39,0.2300000000000182,286.61,282.94999999999993,3,3,2022-11-14T16:20:00+00:00,285.38,2022-11-14T16:34:00+00:00,286.62,STOP_LOSS,-3.7200000000000273,0.1716,0.05999999999994543,-3.8916000000000275,-1.0163934426229355,-1.063278688524574,5.296680827850029,3.660000000000082,0.005,0.003454993909351443,,HYP-FCR-04,baseline,1059.3361655700057,1055.4445655700058,23.00000000000182,0.7027857142857101,0.3272690314056585,1,1,14.00000000000432,1.2200000000000273,5.0,286.56,0.05000000000001137,2,2022,11
SPY,2022-11-14,short,397.8,395.92,2022-11-14T16:10:00+00:00,2022-11-14T16:15:00+00:00,396.62,0.48999999999995225,398.03999999999996,393.7800000000001,2,2,2022-11-14T16:20:00+00:00,396.63,2022-11-14T16:34:00+00:00,398.04999999999995,STOP_LOSS,-2.839999999999918,0.158936,0.03999999999996362,-2.9989359999999183,-1.0,-1.055963380281692,5.184933090800021,2.839999999999918,0.005,0.002738704579466149,,HYP-FCR-04,baseline,1036.9866181600041,1033.9876821600042,48.999999999995225,0.6874214285714321,0.7128087365828091,1,1,22.999999999996135,1.419999999999959,5.0,397.99,0.049999999999954525,2,2022,11
QQQ,2022-11-15,long,293.26,290.815,2022-11-15T16:05:00+00:00,2022-11-15T16:35:00+00:00,292.23,0.45999999999997954,290.72,295.25,3,3,2022-11-15T16:40:00+00:00,292.24,2022-11-15T18:15:00+00:00,290.71000000000004,STOP_LOSS,-4.589999999999918,0.174885,0.05999999999994543,-4.764884999999918,-1.0132450331125709,-1.0518509933774716,5.2772228278500295,4.529999999999973,0.005,0.004292030247513275,,HYP-FCR-04,baseline,1055.4445655700058,1050.679680570006,45.999999999997954,0.8284928571428541,0.5552250644457437,6,6,8.499999999997954,1.509999999999991,30.0,291.24,0.5199999999999818,7,2022,11
SPY,2022-11-15,long,402.31,399.97,2022-11-15T16:15:00+00:00,2022-11-15T16:35:00+00:00,401.15,0.18999999999999773,399.8254,403.7991999999999,2,2,2022-11-15T16:40:00+00:00,401.12,2022-11-15T17:31:00+00:00,399.8154,STOP_LOSS,-2.609199999999987,0.16018708,0.07999999999992724,-2.769387079999987,-0.9849011022195514,-1.04536731088632,5.169938410800021,2.6491999999999507,0.005,0.0025621194968839106,,HYP-FCR-04,baseline,1033.9876821600042,1031.2182950800043,18.999999999999773,0.8949642857142928,0.21229897442036372,4,4,13.460000000003447,1.3245999999999754,20.0,400.195,0.36959999999999127,5,2022,11
QQQ,2022-11-16,long,287.735,285.62,2022-11-16T16:20:00+00:00,2022-11-16T16:25:00+00:00,286.025,0.01999999999998181,285.5,287.07499999999993,3,3,2022-11-16T16:30:00+00:00,286.03999999999996,2022-11-16T17:45:00+00:00,287.06499999999994,TAKE_PROFIT,3.074999999999932,0.17193149999999996,0.07499999999993179,2.903068499999932,1.9523809523809936,1.8432180952381318,5.2533984028500305,1.5749999999999318,0.005,0.00149902965587521,,HYP-FCR-04,baseline,1050.679680570006,1053.582749070006,1.999999999998181,0.5691714285714227,0.03513879825306815,1,1,11.000000000001364,0.5249999999999773,5.0,285.42,0.07999999999998408,2,2022,11
SPY,2022-11-16,long,397.78,395.73,2022-11-16T17:20:00+00:00,2022-11-16T17:45:00+00:00,397.19,0.25,395.7109,400.14820000000003,2,2,2022-11-16T17:50:00+00:00,397.21,2022-11-16T18:32:00+00:00,395.7009,STOP_LOSS,-3.018199999999979,0.15858218,0.05999999999994543,-3.1767821799999787,-1.0202826042863717,-1.073890264349923,5.1560914754000216,2.9582000000000335,0.005,0.0028686457698760374,,HYP-FCR-04,baseline,1031.2182950800043,1028.0415129000044,25.0,0.5034571428571398,0.49656659667442554,5,5,0.9100000000046293,1.4791000000000167,25.0,396.37,0.6591000000000236,6,2022,12
SPY,2022-11-17,long,391.7,390.27,2022-11-17T15:00:00+00:00,2022-11-17T15:20:00+00:00,391.575,0.26000000000004775,390.13,394.465,2,2,2022-11-17T15:25:00+00:00,391.59,2022-11-17T17:59:00+00:00,394.455,TAKE_PROFIT,5.730000000000018,0.157209,0.049999999999954525,5.572791000000018,1.982698961937732,1.9283013840830605,5.140207564500022,2.8899999999999864,0.005,0.0028111705254465643,,HYP-FCR-04,baseline,1028.0415129000044,1033.6143039000044,26.000000000004775,0.7341818181818098,0.35413571074796407,4,4,12.999999999999545,1.4449999999999932,20.0,390.7305,0.6005000000000109,5,2022,10
QQQ,2022-11-17,short,282.97,280.72,2022-11-17T15:45:00+00:00,2022-11-17T15:50:00+00:00,282.72,0.1553000000000111,283.25,281.6600000000001,3,3,2022-11-17T15:55:00+00:00,282.72,2022-11-17T16:33:00+00:00,283.26,STOP_LOSS,-1.6199999999998909,0.169794,0.029999999999972715,-1.7897939999998909,-1.0188679245282857,-1.1256566037735742,5.26791374535003,1.5899999999999181,0.005,0.001509136326884059,,HYP-FCR-04,baseline,1053.582749070006,1051.7929550700062,15.53000000000111,0.696721428571424,0.2229011390082293,1,1,26.99999999999818,0.5299999999999727,5.0,283.26,0.009999999999990905,2,2022,10
SPY,2022-11-18,long,397.81,395.56,2022-11-18T20:35:00+00:00,2022-11-18T20:40:00+00:00,396.445,0.06499999999999773,395.5,398.335,2,2,2022-11-18T20:45:00+00:00,396.46,2022-11-18T20:54:00+00:00,395.49,STOP_LOSS,-1.9399999999999409,0.15839,0.049999999999954525,-2.0983899999999407,-1.0264550264550025,-1.110259259259236,5.168071519500022,1.8899999999999864,0.005,0.0018285350665801464,,HYP-FCR-04,baseline,1033.6143039000044,1031.5159139000045,6.499999999999773,0.4910285714285741,0.13237518910740767,1,1,5.000000000001137,0.9449999999999932,5.0,395.5802,0.08019999999999072,2,2022,15
SPY,2022-11-21,long,395.82,394.28,2022-11-21T18:05:00+00:00,2022-11-21T18:10:00+00:00,395.0,0.21999999999997044,394.115,396.77,2,2,2022-11-21T18:15:00+00:00,395.01,2022-11-21T20:26:00+00:00,394.105,STOP_LOSS,-1.8099999999999454,0.15782300000000002,0.03999999999996362,-1.9678229999999455,-1.0225988700564768,-1.1117644067796417,5.157579569500022,1.7699999999999818,0.005,0.0017159211759592554,,HYP-FCR-04,baseline,1031.5159139000045,1029.5480909000046,21.999999999997044,0.44047857142857083,0.4994567596931244,1,1,15.499999999997272,0.8849999999999909,5.0,393.91,0.20499999999998408,2,2022,13
QQQ,2022-11-23,short,288.45,285.89,2022-11-23T16:45:00+00:00,2022-11-23T16:50:00+00:00,286.97,0.5300000000000296,288.65999999999997,283.59000000000015,3,3,2022-11-23T16:55:00+00:00,286.94,2022-11-23T19:02:00+00:00,288.66999999999996,STOP_LOSS,-5.189999999999884,0.172683,0.12000000000006139,-5.362682999999884,-1.0236686390532674,-1.057728402366878,5.258964775350031,5.069999999999823,0.005,0.004820340329872593,,HYP-FCR-04,baseline,1051.7929550700062,1046.4302720700064,53.000000000002956,0.45071428571427774,1.175911251981069,1,1,19.999999999998863,1.6899999999999409,5.0,288.65999999999997,0.0,2,2022,11
SPY,2022-11-23,short,401.85,399.49,2022-11-23T16:45:00+00:00,2022-11-23T16:50:00+00:00,400.3599,0.4800000000000182,401.895,397.2897,2,2,2022-11-23T16:55:00+00:00,400.34000000000003,2022-11-23T19:02:00+00:00,401.905,STOP_LOSS,-3.1299999999998818,0.160449,0.05979999999988195,-3.2904489999998816,-1.019477558465208,-1.0717376718128726,5.147740454500023,3.0702,0.005,0.002982085079013754,,HYP-FCR-04,baseline,1029.5480909000046,1026.2576419000047,48.00000000000182,0.42424285714285553,1.1314274169108463,1,1,3.4999999999968168,1.5351,5.0,401.875,0.01999999999998181,2,2022,11
QQQ,2022-11-25,short,287.58,286.42,2022-11-25T16:10:00+00:00,2022-11-25T16:15:00+00:00,287.43,0.060000000000002274,287.6199,287.0502000000001,3,3,2022-11-25T16:20:00+00:00,287.41,2022-11-25T16:28:00+00:00,287.06020000000007,TAKE_PROFIT,1.0493999999998778,0.17234106000000002,0.08999999999991815,0.8770589399998777,1.842022116903749,1.5395101632438737,5.232151360350032,0.569699999999898,0.005,0.0005444223234032979,,HYP-FCR-04,baseline,1046.4302720700064,1047.3073310100062,6.000000000000227,0.3176000000000069,0.18891687657431036,1,1,2.9899999999997817,0.18989999999996598,5.0,287.65,0.030100000000004457,2,2022,11
SPY,2022-11-25,short,402.56,401.535,2022-11-25T16:25:00+00:00,2022-11-25T16:30:00+00:00,402.195,0.11000000000001364,402.57,401.445,2,2,2022-11-25T16:35:00+00:00,402.2,2022-11-25T16:54:00+00:00,402.58,STOP_LOSS,-0.7599999999999909,0.16095600000000002,0.029999999999972715,-0.9209559999999909,-1.0133333333333212,-1.2279413333333211,5.131288209500024,0.75,0.005,0.0007308106360226038,,HYP-FCR-04,baseline,1026.2576419000047,1025.3366859000048,11.000000000001364,0.2784428571428594,0.3950541275460927,1,1,0.0,0.375,5.0,402.59999999999997,0.029999999999972715,2,2022,11
QQQ,2022-11-28,long,286.96,284.66,2022-11-28T17:15:00+00:00,2022-11-28T17:20:00+00:00,284.75,0.35000000000002274,284.2,285.85,3,3,2022-11-28T17:25:00+00:00,284.76099999999997,2022-11-28T17:53:00+00:00,284.19,STOP_LOSS,-1.7129999999999086,0.17068529999999998,0.06299999999987449,-1.8836852999999085,-1.0381818181817413,-1.1416274545453755,5.236536655050031,1.650000000000034,0.005,0.001575468777067378,,HYP-FCR-04,baseline,1047.3073310100062,1045.4236457100064,35.000000000002274,0.5280571428571526,0.6628070555135035,1,1,45.00000000000455,0.5500000000000114,5.0,284.22,0.020000000000038654,2,2022,12
QQQ,2022-11-29,long,283.1,281.58,2022-11-29T15:10:00+00:00,2022-11-29T15:30:00+00:00,282.821,0.07999999999998408,281.48,285.50300000000004,3,3,2022-11-29T15:35:00+00:00,282.83,2022-11-29T16:03:00+00:00,281.47,STOP_LOSS,-4.07999999999987,0.16929000000000002,0.05699999999984584,-4.249289999999871,-1.014168530947016,-1.0562490678597676,5.227118228550032,4.023000000000025,0.005,0.003848200695008938,,HYP-FCR-04,baseline,1045.4236457100064,1041.1743557100065,7.999999999998408,0.655415384615393,0.122059997183205,4,4,8.999999999997499,1.3410000000000082,20.0,282.33,0.8499999999999659,5,2022,10
SPY,2022-11-29,long,396.6399,395.24,2022-11-29T19:00:00+00:00,2022-11-29T19:05:00+00:00,395.685,0.5450000000000159,395.0,397.055,2,2,2022-11-29T19:10:00+00:00,395.7,2022-11-29T19:26:00+00:00,394.99,STOP_LOSS,-1.419999999999959,0.15813800000000003,0.049999999999954525,-1.5781379999999592,-1.0364963503649303,-1.151925547445222,5.126683429500024,1.3700000000000045,0.005,0.0013361464764107863,,HYP-FCR-04,baseline,1025.3366859000048,1023.7585479000048,54.50000000000159,0.43456428571427963,1.2541297522971004,1,1,23.00000000000182,0.6850000000000023,5.0,394.72,0.2799999999999727,2,2022,14
QQQ,2022-11-30,long,281.97,280.47,2022-11-30T16:05:00+00:00,2022-11-30T16:10:00+00:00,281.155,0.05000000000001137,280.34000000000003,282.78499999999985,3,3,2022-11-30T16:15:00+00:00,281.15999999999997,2022-11-30T17:20:00+00:00,280.33000000000004,STOP_LOSS,-2.4899999999997817,0.168447,0.04499999999995907,-2.6584469999997817,-1.0184049079754447,-1.0872993865030571,5.205871778550033,2.4449999999998226,0.005,0.002348309854724099,,HYP-FCR-04,baseline,1041.1743557100065,1038.5159087100067,5.000000000001137,0.5518857142857071,0.09059846759165566,1,1,12.000000000000455,0.8149999999999409,5.0,280.355,0.014999999999986358,2,2022,11
SPY,2022-11-30,long,396.2094,394.865,2022-11-30T16:25:00+00:00,2022-11-30T16:30:00+00:00,395.31,0.06220000000001846,394.75,396.43,2,2,2022-11-30T16:35:00+00:00,395.32,2022-11-30T17:08:00+00:00,394.74,STOP_LOSS,-1.1599999999999682,0.15801199999999999,0.03999999999996362,-1.3180119999999682,-1.0357142857142532,-1.1767964285713954,5.118792739500024,1.1200000000000045,0.005,0.0010940079594914406,,HYP-FCR-04,baseline,1023.7585479000048,1022.4405359000049,6.220000000001846,0.4896571428571487,0.12702765783642317,1,1,10.500000000001819,0.5600000000000023,5.0,394.79,0.040000000000020464,2,2022,11
QQQ,2022-12-01,short,295.56,293.0698,2022-12-01T15:00:00+00:00,2022-12-01T15:05:00+00:00,293.82,0.14999999999997726,295.76,289.94,2,2,2022-12-01T15:10:00+00:00,293.78000000000003,2022-12-01T20:59:00+00:00,293.73,FORCED_SESSION_CLOSE,0.10000000000002274,0.11750200000000001,0.09999999999990905,-0.017501999999977272,0.02577319587629455,-0.004510824742262188,5.192579543550034,3.8799999999999955,0.005,0.0037361006870078096,,HYP-FCR-04,baseline,1038.5159087100067,1038.4984067100067,14.999999999997726,0.9149250000000109,0.16394786457903707,1,1,18.999999999999773,1.9399999999999977,5.0,295.09,0.6700000000000159,2,2022,10
QQQ,2022-12-02,short,290.23,288.36,2022-12-02T15:55:00+00:00,2022-12-02T16:00:00+00:00,289.7584,0.045000000000015916,290.67,287.93519999999995,3,3,2022-12-02T16:05:00+00:00,289.74,2022-12-02T16:26:00+00:00,290.68,STOP_LOSS,-2.819999999999993,0.174126,0.08519999999992933,-2.9941259999999934,-1.0311540149187974,-1.0948244844229646,5.1924920335500335,2.734800000000064,0.005,0.0026334176175233526,,HYP-FCR-04,baseline,1038.4984067100067,1035.5042807100067,4.500000000001592,0.8645071428571457,0.052052779866333485,1,1,43.00000000000068,0.9116000000000213,5.0,290.68,0.009999999999990905,2,2022,11
QQQ,2022-12-05,long,291.68,290.19,2022-12-05T15:40:00+00:00,2022-12-05T15:45:00+00:00,290.56,0.19999999999998863,290.0965,291.487,3,3,2022-12-05T15:50:00+00:00,290.59999999999997,2022-12-05T15:53:00+00:00,290.0865,STOP_LOSS,-1.540499999999895,0.17420595,0.14999999999986358,-1.714705949999895,-1.107874865156318,-1.2331578209276204,5.177521403550034,1.3905000000000314,0.005,0.0013428239997681298,,HYP-FCR-04,baseline,1035.5042807100067,1033.7895747600069,19.999999999998863,0.6892785714285635,0.29015844723778206,1,1,8.3500000000015,0.46350000000001046,5.0,289.83,0.26650000000000773,2,2022,10
QQQ,2022-12-07,long,282.57,279.25,2022-12-07T15:00:00+00:00,2022-12-07T15:05:00+00:00,280.61,0.396000000000015,278.7701,284.2898,2,2,2022-12-07T15:10:00+00:00,280.65,2022-12-07T20:59:00+00:00,280.43,FORCED_SESSION_CLOSE,-0.4399999999999409,0.112216,0.09999999999990905,-0.5522159999999409,-0.11957171585410643,-0.15006685145930238,5.168947873800034,3.6798,0.005,0.0035595251585452113,,HYP-FCR-04,baseline,1033.7895747600069,1033.2373587600068,39.6000000000015,1.1797124999999795,0.33567500556281454,1,1,46.989999999999554,1.8399,5.0,279.52,0.7498999999999683,2,2022,10
SPY,2022-12-07,long,395.3,392.34,2022-12-07T15:00:00+00:00,2022-12-07T15:05:00+00:00,393.82,0.5099999999999909,391.96000000000004,397.5399999999999,2,2,2022-12-07T15:10:00+00:00,393.81,2022-12-07T20:59:00+00:00,393.14,FORCED_SESSION_CLOSE,-1.3400000000000318,0.15739000000000003,0.03999999999996362,-1.4973900000000318,-0.3602150537634578,-0.40252419354840496,5.112202679500024,3.7199999999999136,0.005,0.0036383533999122773,,HYP-FCR-04,baseline,1022.4405359000049,1020.9431459000049,50.99999999999909,1.1937874999999991,0.427211710626884,1,1,36.99999999999477,1.8599999999999568,5.0,392.77,0.8099999999999454,2,2022,10
SPY,2022-12-08,short,396.2501,393.45,2022-12-08T16:05:00+00:00,2022-12-08T16:10:00+00:00,395.9,0.14220000000000255,396.2793,395.1414,2,2,2022-12-08T16:15:00+00:00,395.90000000000003,2022-12-08T16:19:00+00:00,395.15139999999997,TAKE_PROFIT,1.4972000000001344,0.15821028,0.020000000000095497,1.3389897200001344,1.9736356446086631,1.7650800421831427,5.1047157295000245,0.7586000000000013,0.005,0.0007430384375921962,,HYP-FCR-04,baseline,1020.9431459000049,1022.282135620005,14.220000000000255,0.6009285714285681,0.2366337810531376,1,1,1.9200000000012096,0.37930000000000064,5.0,396.64,0.36070000000000846,2,2022,11
SPY,2022-12-09,short,396.89,394.12,2022-12-09T16:05:00+00:00,2022-12-09T16:10:00+00:00,396.26,0.29000000000002046,397.37,394.03999999999996,2,2,2022-12-09T16:15:00+00:00,396.27,2022-12-09T16:45:00+00:00,397.38,STOP_LOSS,-2.2200000000000273,0.15873,0.03999999999996362,-2.378730000000027,-1.0,-1.071499999999999,5.111410678100025,2.2200000000000273,0.005,0.002171611850238992,,HYP-FCR-04,baseline,1022.282135620005,1019.903405620005,29.000000000002046,0.7960000000000004,0.36432160804022656,1,1,47.00000000000273,1.1100000000000136,5.0,397.28999999999996,0.08000000000004093,2,2022,11
QQQ,2022-12-09,short,284.27,281.59,2022-12-09T18:05:00+00:00,2022-12-09T18:10:00+00:00,283.92,0.03000000000002956,284.46999999999997,282.8200000000001,3,3,2022-12-09T18:15:00+00:00,283.92,2022-12-09T18:33:00+00:00,284.47999999999996,STOP_LOSS,-1.6799999999998363,0.17051999999999998,0.029999999999972715,-1.8505199999998363,-1.0181818181818032,-1.1215272727272663,5.166186793800034,1.6499999999998636,0.005,0.0015969225135065157,,HYP-FCR-04,baseline,1033.2373587600068,1031.386838760007,3.000000000002956,0.44457142857142784,0.06748071979441107,1,1,18.999999999999773,0.5499999999999545,5.0,284.83,0.36000000000001364,2,2022,13
QQQ,2022-12-12,long,283.0236,281.42,2022-12-12T15:50:00+00:00,2022-12-12T16:00:00+00:00,282.34,0.18199999999995953,281.15000000000003,284.71999999999986,3,3,2022-12-12T16:05:00+00:00,282.36,2022-12-12T20:23:00+00:00,284.70999999999987,TAKE_PROFIT,7.049999999999557,0.17012099999999997,0.09000000000008868,6.879878999999557,1.9747899159663604,1.9271369747898874,5.156934193800035,3.5699999999998226,0.005,0.0034613588867314646,,HYP-FCR-04,baseline,1031.386838760007,1038.2667177600067,18.199999999995953,0.5424214285714258,0.33553246684831856,2,2,25.99999999999909,1.1899999999999409,10.0,281.37,0.21999999999997044,3,2022,11
QQQ,2022-12-14,short,290.09,288.04,2022-12-14T18:10:00+00:00,2022-12-14T18:15:00+00:00,289.62,0.12000000000000455,290.26,288.34000000000003,3,3,2022-12-14T18:20:00+00:00,289.62,2022-12-14T18:31:00+00:00,290.27,STOP_LOSS,-1.9499999999999318,0.173967,0.029999999999972715,-2.123966999999932,-1.015624999999986,-1.106232812499988,5.191333588800034,1.919999999999959,0.005,0.001849235814995818,,HYP-FCR-04,baseline,1038.2667177600067,1036.1427507600067,12.000000000000455,0.40067142857142407,0.29949727243556934,1,1,16.0000000000025,0.6399999999999864,5.0,290.12,0.13999999999998636,2,2022,13
SPY,2022-12-15,long,395.25,391.17,2022-12-15T15:35:00+00:00,2022-12-15T15:40:00+00:00,391.8,0.12000000000000455,391.08,393.24000000000007,2,2,2022-12-15T15:45:00+00:00,391.82,2022-12-15T15:49:00+00:00,391.07,STOP_LOSS,-1.5,0.156578,0.05999999999994543,-1.656578,-1.0416666666666272,-1.1504013888888454,5.099517028100025,1.4400000000000546,0.005,0.00141189841318813,,HYP-FCR-04,baseline,1019.903405620005,1018.246827620005,12.000000000000455,0.9036142857142855,0.13280002529524798,1,1,8.000000000004093,0.7200000000000273,5.0,391.08,0.0,2,2022,10
SPY,2022-12-19,long,383.82,381.89,2022-12-19T15:05:00+00:00,2022-12-19T15:15:00+00:00,382.7701,0.2699999999999818,381.73,384.8503,2,2,2022-12-19T15:20:00+00:00,382.81,2022-12-19T15:59:00+00:00,381.72,STOP_LOSS,-2.17999999999995,0.15290600000000001,0.09979999999995925,-2.33290599999995,-1.0479761561388135,-1.1214815883087974,5.091234138100025,2.0801999999999907,0.005,0.0020429231337377573,,HYP-FCR-04,baseline,1018.246827620005,1015.913921620005,26.99999999999818,0.7204600000000141,0.37476056963603327,2,2,14.999999999997726,1.0400999999999954,10.0,382.02,0.2899999999999636,3,2022,10
QQQ,2022-12-19,long,273.96,271.42,2022-12-19T15:15:00+00:00,2022-12-19T15:20:00+00:00,272.5401,0.12000000000000455,271.38,274.8603,3,3,2022-12-19T15:25:00+00:00,272.53,2022-12-19T15:50:00+00:00,271.37,STOP_LOSS,-3.4799999999999045,0.16316999999999998,0.060300000000040654,-3.6431699999999045,-0.9999138005344094,-1.0467976898542957,5.180713753800034,3.4802999999999997,0.005,0.003358900110479191,,HYP-FCR-04,baseline,1036.1427507600067,1032.499580760007,12.000000000000455,0.7952181818181636,0.15090198230332216,1,1,3.000000000002956,1.1601,5.0,271.18,0.19999999999998863,2,2022,10
QQQ,2022-12-20,short,269.63,266.95,2022-12-20T16:10:00+00:00,2022-12-20T16:15:00+00:00,268.45,0.3900000000000432,269.82,265.71,3,3,2022-12-20T16:20:00+00:00,268.4309,2022-12-20T17:00:00+00:00,269.83,STOP_LOSS,-4.197299999999927,0.16147827,0.08729999999991378,-4.358778269999927,-1.0212408759123877,-1.0605299927007088,5.162497903800035,4.110000000000014,0.005,0.0039806311562613,,HYP-FCR-04,baseline,1032.499580760007,1028.140802490007,39.00000000000432,0.7282142857142853,0.5355566454144784,1,1,18.000000000000682,1.3700000000000045,5.0,270.28,0.45999999999997954,2,2022,11
SPY,2022-12-20,short,380.27,377.85,2022-12-20T16:15:00+00:00,2022-12-20T16:20:00+00:00,379.6301,0.5300000000000296,380.64,377.6103000000001,2,2,2022-12-20T16:25:00+00:00,379.62,2022-12-20T16:59:00+00:00,380.65,STOP_LOSS,-2.0599999999999454,0.152054,0.0402000000000271,-2.2120539999999456,-1.0199029606891914,-1.0951846717496956,5.079569608100025,2.0197999999999183,0.005,0.0019881605685441225,,HYP-FCR-04,baseline,1015.913921620005,1013.701867620005,53.000000000002956,0.8048499999999917,0.6585077964838604,1,1,36.000000000001364,1.0098999999999592,5.0,380.89,0.25,2,2022,11
QQQ,2022-12-23,long,266.72,263.63,2022-12-23T15:05:00+00:00,2022-12-23T15:20:00+00:00,266.4,0.5,263.52,272.15999999999997,1,1,2022-12-23T15:25:00+00:00,266.37,2022-12-23T20:59:00+00:00,267.44,FORCED_SESSION_CLOSE,1.0699999999999932,0.053381,0.03999999999996362,1.0166189999999933,0.371527777777776,0.3529927083333316,5.140704012450035,2.8799999999999955,0.005,0.0028011727508771714,,HYP-FCR-04,baseline,1028.140802490007,1029.157421490007,50.0,1.3625454545454596,0.36696023485454893,3,3,10.000000000002274,2.8799999999999955,15.0,264.66,1.1400000000000432,4,2022,10
SPY,2022-12-23,short,381.27,378.03,2022-12-23T15:55:00+00:00,2022-12-23T16:05:00+00:00,380.34,0.19999999999998863,381.55,377.9199999999999,2,2,2022-12-23T16:10:00+00:00,380.34000000000003,2022-12-23T16:38:00+00:00,381.56,STOP_LOSS,-2.439999999999941,0.15238000000000002,0.020000000000095497,-2.592379999999941,-1.0082644628098627,-1.0712314049586211,5.068509338100025,2.4200000000000728,0.005,0.0023872896729309674,,HYP-FCR-04,baseline,1013.701867620005,1011.1094876200051,19.999999999998863,1.033200000000006,0.1935733643050595,2,2,27.000000000003865,1.2100000000000364,10.0,381.07,0.4800000000000182,3,2022,11
SPY,2022-12-27,long,383.01,380.03,2022-12-27T15:00:00+00:00,2022-12-27T15:15:00+00:00,382.05,0.22999999999996135,379.64,386.87000000000006,2,2,2022-12-27T15:20:00+00:00,382.09,2022-12-27T20:59:00+00:00,381.38,FORCED_SESSION_CLOSE,-1.419999999999959,0.15269400000000002,0.09999999999990905,-1.5726939999999592,-0.29460580912861917,-0.32628506224065207,5.055547438100025,4.82000000000005,0.005,0.004767040621234385,,HYP-FCR-04,baseline,1011.1094876200051,1009.5367936200051,22.999999999996135,0.9204900000000009,0.24986691870629896,3,3,37.999999999999545,2.410000000000025,15.0,380.37010000000004,0.7301000000000499,4,2022,10
QQQ,2022-12-27,long,266.85,263.23,2022-12-27T15:00:00+00:00,2022-12-27T15:20:00+00:00,265.145,0.5949999999999704,263.02,269.395,2,2,2022-12-27T15:25:00+00:00,265.15999999999997,2022-12-27T20:59:00+00:00,263.53000000000003,FORCED_SESSION_CLOSE,-3.259999999999877,0.10573800000000001,0.049999999999954525,-3.3657379999998773,-0.7670588235293829,-0.7919383529411476,5.145787107450035,4.25,0.005,0.004129591752685298,,HYP-FCR-04,baseline,1029.157421490007,1025.791683490007,59.499999999997044,0.9290090909091036,0.6404673601393064,4,4,20.000000000004547,2.125,20.0,263.6,0.5800000000000409,5,2022,10
QQQ,2022-12-28,long,265.47,262.22,2022-12-28T18:00:00+00:00,2022-12-28T18:05:00+00:00,262.52,0.160000000000025,261.97,263.6199999999999,3,3,2022-12-28T18:10:00+00:00,262.53999999999996,2022-12-28T18:21:00+00:00,261.96000000000004,STOP_LOSS,-1.7399999999997817,0.15735000000000002,0.08999999999991815,-1.8973499999997818,-1.0545454545454094,-1.1499090909090537,5.128958417450035,1.6499999999998636,0.005,0.001608513723162718,,HYP-FCR-04,baseline,1025.791683490007,1023.8943334900073,16.0000000000025,0.4571857142857141,0.3499671905759384,1,1,24.00000000000091,0.5499999999999545,5.0,261.77500000000003,0.19499999999999318,2,2022,13
QQQ,2022-12-30,short,264.49,262.29,2022-12-30T15:50:00+00:00,2022-12-30T16:15:00+00:00,263.6356,0.22410000000002128,264.93,261.0468,3,3,2022-12-30T16:20:00+00:00,263.61,2022-12-30T20:15:00+00:00,264.94,STOP_LOSS,-3.9899999999999523,0.158565,0.10679999999996426,-4.1485649999999525,-1.0275030902348488,-1.0683366810877537,5.1194716674500365,3.883199999999988,0.005,0.0037925788560269303,,HYP-FCR-04,baseline,1023.8943334900073,1019.7457684900073,22.410000000002128,0.5802857142857079,0.3861890694239701,5,5,43.00000000000068,1.294399999999996,25.0,264.45,0.4800000000000182,6,2022,11
SPY,2022-12-30,long,381.62,379.02,2022-12-30T18:25:00+00:00,2022-12-30T18:35:00+00:00,379.72,0.2436999999999898,378.42,382.32000000000005,2,2,2022-12-30T18:40:00+00:00,379.73,2022-12-30T20:52:00+00:00,382.31000000000006,TAKE_PROFIT,5.160000000000082,0.15240800000000002,0.03999999999996362,5.0075920000000815,1.9846153846153987,1.9259969230769376,5.047683968100026,2.6000000000000227,0.005,0.0025754385738403075,,HYP-FCR-04,baseline,1009.5367936200051,1014.5443856200052,24.36999999999898,0.5048642857142868,0.4827039798531218,2,2,58.9999999999975,1.3000000000000114,10.0,378.95,0.5299999999999727,3,2022,13
SPY,2023-01-04,long,384.17,381.9,2023-01-04T15:40:00+00:00,2023-01-04T15:45:00+00:00,382.74,0.4249999999999545,380.99,386.24,2,2,2023-01-04T15:50:00+00:00,382.755,2023-01-04T20:59:00+00:00,383.73,FORCED_SESSION_CLOSE,1.9500000000000455,0.15329700000000002,0.049999999999954525,1.7967030000000455,0.5571428571428702,0.5133437142857272,5.072721928100026,3.5,0.005,0.003449824423266697,,HYP-FCR-04,baseline,1014.5443856200052,1016.3410886200053,42.49999999999545,1.1074714285714313,0.38375707854438995,1,1,89.99999999999773,1.75,5.0,381.25,0.2599999999999909,2,2023,10
QQQ,2023-01-04,long,266.92,264.72,2023-01-04T16:05:00+00:00,2023-01-04T16:15:00+00:00,265.32,0.18139999999999645,264.40000000000003,267.1599999999999,3,3,2023-01-04T16:20:00+00:00,265.33,2023-01-04T16:36:00+00:00,267.1499999999999,TAKE_PROFIT,5.459999999999809,0.159744,0.05999999999994543,5.300255999999809,1.9782608695652362,1.9203826086956683,5.098728842450036,2.759999999999877,0.005,0.002706556953000902,,HYP-FCR-04,baseline,1019.7457684900073,1025.046024490007,18.139999999999645,0.7062785714285634,0.2568391670627716,2,2,31.000000000000227,0.9199999999999591,10.0,264.51,0.1099999999999568,3,2023,11
QQQ,2023-01-05,short,264.09,261.5001,2023-01-05T15:05:00+00:00,2023-01-05T15:55:00+00:00,262.16,0.029999999999972715,264.21999999999997,258.04000000000013,2,2,2023-01-05T16:00:00+00:00,262.15000000000003,2023-01-05T20:59:00+00:00,261.61,FORCED_SESSION_CLOSE,1.080000000000041,0.104752,0.03999999999996362,0.975248000000041,0.26213592233011396,0.2367106796116667,5.125230122450035,4.119999999999891,0.005,0.004019331719324234,,HYP-FCR-04,baseline,1025.046024490007,1026.021272490007,2.9999999999972715,0.8292857142857153,0.0361757105942823,10,10,12.000000000000455,2.0599999999999454,50.0,262.92,1.2999999999999545,11,2023,11
SPY,2023-01-05,short,381.76,378.89,2023-01-05T15:05:00+00:00,2023-01-05T15:55:00+00:00,379.39,0.30999999999994543,381.84999999999997,374.47,2,2,2023-01-05T16:00:00+00:00,379.39,2023-01-05T20:59:00+00:00,379.40999999999997,FORCED_SESSION_CLOSE,-0.03999999999996362,0.15176,0.01999999999998181,-0.19175999999996363,-0.008130081300805682,-0.03897560975609049,5.081705443100026,4.919999999999959,0.005,0.004840894513750662,,HYP-FCR-04,baseline,1016.3410886200053,1016.1493286200053,30.999999999994543,0.9160642857142948,0.3384041980833529,10,10,7.999999999998408,2.4599999999999795,50.0,380.55,1.2999999999999545,11,2023,11
SPY,2023-01-09,short,391.67,389.35,2023-01-09T18:30:00+00:00,2023-01-09T18:35:00+00:00,391.12,0.24740000000002738,392.05,389.26,2,2,2023-01-09T18:40:00+00:00,391.09000000000003,2023-01-09T19:58:00+00:00,389.27,TAKE_PROFIT,3.6400000000001,0.15607200000000002,0.07999999999992724,3.4839280000001,1.9569892473118673,1.8730795698925131,5.080746643100027,1.8600000000000136,0.005,0.001830439628913607,,HYP-FCR-04,baseline,1016.1493286200053,1019.6332566200055,24.740000000002738,0.45032857142857907,0.5493766456238817,1,1,37.000000000000455,0.9300000000000068,5.0,392.23,0.18000000000000682,2,2023,13
QQQ,2023-01-09,short,273.5401,270.73,2023-01-09T18:40:00+00:00,2023-01-09T18:45:00+00:00,272.725,0.6000000000000227,273.825,270.5250000000001,3,3,2023-01-09T18:50:00+00:00,272.7181,2023-01-09T20:48:00+00:00,270.5350000000001,TAKE_PROFIT,6.549299999999732,0.16297593000000002,0.05070000000006303,6.386324069999732,1.984636363636344,1.9352497181817971,5.130106362450035,3.2999999999998977,0.005,0.0032163075839463534,,HYP-FCR-04,baseline,1026.021272490007,1032.4075965600068,60.000000000002274,0.4343999999999945,1.3812154696133294,1,1,27.490000000000236,1.099999999999966,5.0,274.26,0.4350000000000023,2,2023,13
QQQ,2023-01-10,short,272.02,269.38,2023-01-10T15:25:00+00:00,2023-01-10T15:30:00+00:00,269.7393,0.34080000000000155,272.1101,264.99770000000007,2,2,2023-01-10T15:35:00+00:00,269.71000000000004,2023-01-10T19:00:00+00:00,272.1201,STOP_LOSS,-4.820199999999886,0.10836602000000001,0.07859999999993761,-4.928566019999886,-1.0165766829761975,-1.0394309979753542,5.162037982800034,4.7415999999999485,0.005,0.004592759696653735,,HYP-FCR-04,baseline,1032.4075965600068,1027.479030540007,34.080000000000155,1.2375615384615344,0.2753802452714106,1,1,8.010000000001583,2.3707999999999743,5.0,272.05,0.06009999999997717,2,2023,10
SPY,2023-01-10,short,389.23,387.02,2023-01-10T15:25:00+00:00,2023-01-10T15:35:00+00:00,387.2904,0.4900000000000091,389.245,383.3811999999999,2,2,2023-01-10T15:40:00+00:00,387.29,2023-01-10T18:07:00+00:00,389.255,STOP_LOSS,-3.92999999999995,0.15530900000000003,0.02079999999989468,-4.08530899999995,-1.0053207817455987,-1.0450498823288377,5.098166283100027,3.9092000000000553,0.005,0.0038339275171925145,,HYP-FCR-04,baseline,1019.6332566200055,1015.5479476200055,49.00000000000091,1.1358000000000013,0.43141398133474956,2,2,0.49999999999954525,1.9546000000000276,10.0,388.73,0.5149999999999864,3,2023,10
QQQ,2023-01-11,short,274.85,273.12,2023-01-11T15:30:00+00:00,2023-01-11T15:35:00+00:00,274.25,0.2950000000000159,275.49,271.77,3,3,2023-01-11T15:40:00+00:00,274.24,2023-01-11T17:07:00+00:00,275.5,STOP_LOSS,-3.7799999999999727,0.164922,0.05999999999994543,-3.9449219999999725,-1.0161290322580496,-1.0604629032257913,5.137395152700035,3.7200000000000273,0.005,0.00362051184445577,,HYP-FCR-04,baseline,1027.479030540007,1023.534108540007,29.50000000000159,0.7360857142857193,0.4007685440360395,1,1,62.999999999999545,1.240000000000009,5.0,275.46,0.03000000000002956,2,2023,10
SPY,2023-01-11,long,393.1594,391.8,2023-01-11T16:05:00+00:00,2023-01-11T16:15:00+00:00,392.51,0.3599999999999568,391.71500000000003,394.0999999999999,2,2,2023-01-11T16:20:00+00:00,392.53,2023-01-11T18:14:00+00:00,394.0899999999999,TAKE_PROFIT,3.119999999999891,0.157324,0.05999999999994543,2.962675999999891,1.9622641509434287,1.863318238993738,5.0777397381000275,1.5899999999999181,0.005,0.0015656572431918885,,HYP-FCR-04,baseline,1015.5479476200055,1018.5106236200054,35.99999999999568,0.5289928571428513,0.6805384895825559,2,2,7.499999999998863,0.7949999999999591,10.0,391.85,0.1349999999999909,3,2023,11
SPY,2023-01-12,short,396.965,392.42,2023-01-12T15:40:00+00:00,2023-01-12T15:45:00+00:00,395.23,0.3499999999999659,397.0,391.69000000000005,2,2,2023-01-12T15:50:00+00:00,395.23,2023-01-12T17:09:00+00:00,397.01,STOP_LOSS,-3.5599999999999454,0.158448,0.01999999999998181,-3.7184479999999454,-1.0056497175141192,-1.050409039548018,5.092553118100027,3.5399999999999636,0.005,0.003475663304736129,,HYP-FCR-04,baseline,1018.5106236200054,1014.7921756200054,34.99999999999659,1.2561785714285716,0.2786228072669105,1,1,2.5000000000034106,1.7699999999999818,5.0,396.87,0.12999999999999545,2,2023,10
QQQ,2023-01-12,short,278.76,273.74,2023-01-12T18:25:00+00:00,2023-01-12T18:30:00+00:00,278.09,1.1200000000000045,279.40999999999997,275.45,3,3,2023-01-12T18:35:00+00:00,278.12,2023-01-12T18:52:00+00:00,279.41999999999996,STOP_LOSS,-3.8999999999998636,0.167262,0.12000000000006139,-4.067261999999864,-0.9848484848484554,-1.0270863636363345,5.117670542700035,3.9599999999999795,0.005,0.003868947763400495,,HYP-FCR-04,baseline,1023.534108540007,1019.466846540007,112.00000000000045,0.5470499999999967,2.0473448496481335,1,1,63.999999999998636,1.3199999999999932,5.0,279.57,0.160000000000025,2,2023,13
SPY,2023-01-17,short,399.1,397.62,2023-01-17T15:35:00+00:00,2023-01-17T15:40:00+00:00,398.418,0.13999999999998636,399.38,396.494,2,2,2023-01-17T15:45:00+00:00,398.39,2023-01-17T20:59:00+00:00,397.77,FORCED_SESSION_CLOSE,1.240000000000009,0.159232,0.07600000000002183,1.080768000000009,0.6444906444906565,0.5617297297297408,5.073960878100027,1.9239999999999782,0.005,0.0018959547050355172,,HYP-FCR-04,baseline,1014.7921756200054,1015.8729436200055,13.999999999998636,0.7403500000000024,0.1890997501181683,1,1,26.99999999999818,0.9619999999999891,5.0,399.71999999999997,0.339999999999975,2,2023,10
QQQ,2023-01-17,short,281.455,279.581,2023-01-17T15:40:00+00:00,2023-01-17T15:45:00+00:00,281.16,0.165300000000002,281.7,280.0800000000001,3,3,2023-01-17T15:50:00+00:00,281.14,2023-01-17T16:10:00+00:00,280.0900000000001,TAKE_PROFIT,3.149999999999693,0.16836900000000002,0.09000000000008868,2.981630999999693,1.944444444444386,1.8405129629628973,5.097334232700035,1.6199999999998909,0.005,0.0015890658980211546,,HYP-FCR-04,baseline,1019.466846540007,1022.4484775400067,16.5300000000002,0.7490428571428538,0.22068163179677286,1,1,23.500000000001364,0.5399999999999636,5.0,281.81,0.11000000000001364,2,2023,10
QQQ,2023-01-18,short,283.9,282.59,2023-01-18T15:15:00+00:00,2023-01-18T15:20:00+00:00,283.5136,0.1099999999999568,284.13,282.2808,3,3,2023-01-18T15:25:00+00:00,283.51,2023-01-18T15:38:00+00:00,282.2908,TAKE_PROFIT,3.657600000000002,0.16974024000000001,0.04079999999999018,3.4878597600000023,1.9779364049318677,1.886145230369895,5.112242387700034,1.8491999999999962,0.005,0.0018085996904696256,,HYP-FCR-04,baseline,1022.4484775400067,1025.9363373000067,10.99999999999568,0.8399545454545525,0.13095946750360027,1,1,22.00000000000273,0.6163999999999987,5.0,284.17,0.040000000000020464,2,2023,10
QQQ,2023-01-19,long,277.225,274.85,2023-01-19T16:05:00+00:00,2023-01-19T16:10:00+00:00,275.31,0.1301000000000272,274.42,277.09,3,3,2023-01-19T16:15:00+00:00,275.31,2023-01-19T16:28:00+00:00,274.41,STOP_LOSS,-2.699999999999932,0.164916,0.029999999999972715,-2.8649159999999316,-1.0112359550561698,-1.0730022471910021,5.129681686500033,2.669999999999959,0.005,0.0026025006649308216,,HYP-FCR-04,baseline,1025.9363373000067,1023.0714213000068,13.01000000000272,0.6748999999999918,0.19276929915547306,1,1,42.00000000000159,0.8899999999999864,5.0,274.53000000000003,0.11000000000001364,2,2023,11
SPY,2023-01-19,long,390.43,388.6196,2023-01-19T18:00:00+00:00,2023-01-19T18:05:00+00:00,389.06,0.12100000000003774,388.52,390.14000000000004,2,2,2023-01-19T18:10:00+00:00,389.075,2023-01-19T18:39:00+00:00,390.13000000000005,TAKE_PROFIT,2.1100000000001273,0.155841,0.049999999999954525,1.9541590000001272,1.9537037037037475,1.8094064814815307,5.079364718100027,1.080000000000041,0.005,0.0010631250756138089,,HYP-FCR-04,baseline,1015.8729436200055,1017.8271026200056,12.100000000003774,0.4766857142857077,0.2538360105491117,1,1,8.960000000001855,0.5400000000000205,5.0,388.0,0.5199999999999818,2,2023,13
SPY,2023-01-24,long,400.15,397.98,2023-01-24T15:10:00+00:00,2023-01-24T15:15:00+00:00,398.7613,0.07999999999998408,397.77,400.74390000000005,2,2,2023-01-24T15:20:00+00:00,398.77,2023-01-24T15:57:00+00:00,400.73390000000006,TAKE_PROFIT,3.927800000000161,0.15990078000000002,0.03739999999993415,3.767899220000161,1.9811358821749554,1.9004838192273128,5.089135513100028,1.9826000000000477,0.005,0.0019478750319151497,,HYP-FCR-04,baseline,1017.8271026200056,1021.5950018400057,7.999999999998408,1.1179599999999994,0.0715589108733623,1,1,20.000000000004547,0.9913000000000238,5.0,398.27,0.5,2,2023,10
QQQ,2023-01-24,long,289.55,286.84,2023-01-24T15:05:00+00:00,2023-01-24T15:55:00+00:00,289.03,0.12999999999999545,286.77,293.54999999999995,2,2,2023-01-24T16:00:00+00:00,289.05,2023-01-24T20:59:00+00:00,288.40000000000003,FORCED_SESSION_CLOSE,-1.2999999999999545,0.11549000000000001,0.06000000000005912,-1.4154899999999546,-0.28761061946901767,-0.31316150442477,5.115357106500034,4.519999999999982,0.005,0.0044180688717279015,,HYP-FCR-04,baseline,1023.0714213000068,1021.6559313000068,12.999999999999545,0.9139214285714315,0.14224417541363593,10,10,6.000000000000227,2.259999999999991,50.0,288.19,1.420000000000016,11,2023,11
QQQ,2023-01-25,long,284.08,281.62,2023-01-25T15:50:00+00:00,2023-01-25T16:00:00+00:00,282.89,0.28000000000002956,281.58,285.51,3,3,2023-01-25T16:05:00+00:00,282.90999999999997,2023-01-25T16:56:00+00:00,285.5,TAKE_PROFIT,7.7700000000000955,0.170523,0.08999999999991815,7.599477000000095,1.9770992366412423,1.9337091603053644,5.108279656500034,3.930000000000007,0.005,0.0038466962111199958,,HYP-FCR-04,baseline,1021.6559313000068,1029.255408300007,28.000000000002956,0.7566428571428584,0.37005569715853937,2,2,3.000000000002956,1.3100000000000023,10.0,281.90000000000003,0.32000000000005,3,2023,11
SPY,2023-01-25,long,396.65,394.32,2023-01-25T15:55:00+00:00,2023-01-25T16:00:00+00:00,395.12,0.37999999999999545,394.22,396.91999999999996,2,2,2023-01-25T16:05:00+00:00,395.1399,2023-01-25T16:51:00+00:00,396.90999999999997,TAKE_PROFIT,3.5401999999999134,0.15840998,0.059799999999995634,3.3817900199999134,1.9667777777777793,1.8787722333333328,5.107975009200029,1.7999999999999545,0.005,0.0017619506719961974,,HYP-FCR-04,baseline,1021.5950018400057,1024.9767918600055,37.999999999999545,0.8125,0.4676923076923021,1,1,8.999999999997499,0.8999999999999773,5.0,394.28000000000003,0.060000000000002274,2,2023,11
QQQ,2023-01-26,long,292.64,289.54,2023-01-26T16:40:00+00:00,2023-01-26T17:05:00+00:00,290.83,0.06499999999999773,289.31,293.86999999999995,3,3,2023-01-26T17:10:00+00:00,290.84499999999997,2023-01-26T20:59:00+00:00,293.37,FORCED_SESSION_CLOSE,7.575000000000102,0.17526450000000002,0.07499999999993179,7.399735500000102,1.6611842105263581,1.6227490131579365,5.146277041500035,4.559999999999945,0.005,0.004430387213152052,,HYP-FCR-04,baseline,1029.255408300007,1036.6551438000072,6.499999999999773,0.6891642857142861,0.09431713358829717,5,5,22.00000000000273,1.5199999999999818,25.0,289.87,0.5600000000000023,6,2023,12
SPY,2023-01-26,long,404.07,400.8,2023-01-26T16:25:00+00:00,2023-01-26T17:05:00+00:00,402.45,0.14060000000000628,400.09000000000003,407.1699999999999,2,2,2023-01-26T17:10:00+00:00,402.46999999999997,2023-01-26T20:59:00+00:00,404.7,FORCED_SESSION_CLOSE,4.460000000000036,0.161434,0.05999999999994543,4.2985660000000365,0.9449152542373132,0.9107131355932447,5.1248839593000275,4.719999999999914,0.005,0.004604982315194299,,HYP-FCR-04,baseline,1024.9767918600055,1029.2753578600054,14.060000000000628,0.6878142857142718,0.20441564375767207,8,8,69.99999999999886,2.359999999999957,40.0,401.44,1.349999999999966,9,2023,12
QQQ,2023-01-27,short,294.4199,291.88,2023-01-27T15:45:00+00:00,2023-01-27T15:50:00+00:00,293.52,0.6299999999999955,294.805,290.94999999999993,3,3,2023-01-27T15:55:00+00:00,293.52,2023-01-27T16:30:00+00:00,294.815,STOP_LOSS,-3.8850000000000477,0.1765005,0.029999999999972715,-4.061500500000048,-1.007782101167308,-1.0535669260700309,5.183275719000036,3.855000000000075,0.005,0.0037186908520696893,,HYP-FCR-04,baseline,1036.6551438000072,1032.5936433000072,62.999999999999545,0.7746357142857262,0.8132855074735407,1,1,37.510000000003174,1.285000000000025,5.0,294.86,0.05500000000000682,2,2023,10
SPY,2023-01-27,short,405.52,403.44,2023-01-27T15:40:00+00:00,2023-01-27T15:50:00+00:00,403.89,0.6311000000000035,405.59999999999997,400.47,2,2,2023-01-27T15:55:00+00:00,403.89,2023-01-27T16:33:00+00:00,405.60999999999996,STOP_LOSS,-3.439999999999941,0.16190000000000002,0.01999999999998181,-3.601899999999941,-1.005847953216369,-1.0531871345029193,5.146376789300027,3.419999999999959,0.005,0.0033227260070721742,,HYP-FCR-04,baseline,1029.2753578600054,1025.6734578600056,63.110000000000355,0.7591928571428517,0.8312775786314519,2,2,6.999999999999318,1.7099999999999795,10.0,405.42,0.17999999999994998,3,2023,10
QQQ,2023-01-30,short,294.0925,292.33,2023-01-30T15:05:00+00:00,2023-01-30T15:15:00+00:00,292.8859,0.11000000000001364,294.39,289.8777,3,3,2023-01-30T15:20:00+00:00,292.83,2023-01-30T20:59:00+00:00,290.15,FORCED_SESSION_CLOSE,8.04000000000002,0.17489400000000002,0.19769999999999754,7.86510600000002,1.7817964231101773,1.7430370321122381,5.162968216500036,4.512299999999982,0.005,0.004369870015449039,,HYP-FCR-04,baseline,1032.5936433000072,1040.4587493000072,11.000000000001364,0.946160000000009,0.11625940644289824,2,2,28.750000000002274,1.504099999999994,10.0,294.2,0.18999999999999773,3,2023,10
SPY,2023-01-30,short,404.6,402.66,2023-01-30T15:15:00+00:00,2023-01-30T15:25:00+00:00,403.9,0.0999999999999659,404.7,402.29999999999995,2,2,2023-01-30T15:30:00+00:00,403.90000000000003,2023-01-30T15:42:00+00:00,402.30999999999995,TAKE_PROFIT,3.1800000000001774,0.16124200000000002,0.020000000000095497,3.0187580000001772,1.9875000000000826,1.886723750000084,5.128367289300028,1.6000000000000227,0.005,0.0015599506721547698,,HYP-FCR-04,baseline,1025.6734578600056,1028.6922158600057,9.99999999999659,0.8131833333333324,0.12297349921087825,2,2,8.999999999997499,0.8000000000000114,10.0,404.65,0.05000000000001137,3,2023,10
QQQ,2023-02-01,long,294.79,293.41,2023-02-01T16:10:00+00:00,2023-02-01T16:15:00+00:00,293.715,0.10210000000000719,293.34000000000003,294.46499999999986,3,3,2023-02-01T16:20:00+00:00,293.71999999999997,2023-02-01T17:15:00+00:00,293.33000000000004,STOP_LOSS,-1.1699999999997885,0.17611500000000002,0.04499999999995907,-1.3461149999997886,-1.0399999999999696,-1.1965466666666602,5.202293746500036,1.1249999999998295,0.005,0.001081253822659187,,HYP-FCR-04,baseline,1040.4587493000072,1039.1126343000074,10.210000000000719,0.5188785714285709,0.19677050782595737,1,1,6.000000000000227,0.37499999999994316,5.0,293.235,0.10500000000001819,2,2023,11
SPY,2023-02-01,long,406.43,404.81,2023-02-01T16:20:00+00:00,2023-02-01T16:25:00+00:00,405.26,0.25,404.66,406.4599999999999,2,2,2023-02-01T16:30:00+00:00,405.26,2023-02-01T16:56:00+00:00,404.65000000000003,STOP_LOSS,-1.2199999999999136,0.16198200000000001,0.01999999999998181,-1.3819819999999137,-1.0166666666666524,-1.15165166666666,5.143461079300029,1.1999999999999318,0.005,0.0011665296786529192,,HYP-FCR-04,baseline,1028.6922158600057,1027.3102338600058,25.0,0.4946071428571323,0.5054516571593725,1,1,13.999999999998636,0.5999999999999659,5.0,404.58,0.08000000000004093,2,2023,11
QQQ,2023-02-02,long,309.15,307.25,2023-02-02T15:10:00+00:00,2023-02-02T15:20:00+00:00,308.6899,0.2599999999999909,306.99,312.08970000000005,3,3,2023-02-02T15:25:00+00:00,308.7,2023-02-02T18:33:00+00:00,312.07970000000006,TAKE_PROFIT,10.139100000000212,0.18623391000000003,0.060299999999870124,9.952866090000212,1.9881757750456164,1.9516571739514348,5.195563171500037,5.099700000000041,0.005,0.004907745158382592,,HYP-FCR-04,baseline,1039.1126343000074,1049.0655003900076,25.99999999999909,1.1219999999999934,0.23172905525846027,2,2,25.0,1.6999000000000137,10.0,307.26,0.2699999999999818,3,2023,10
SPY,2023-02-02,long,415.08,413.33,2023-02-02T15:15:00+00:00,2023-02-02T15:20:00+00:00,414.46,0.5099999999999909,413.21000000000004,416.95999999999987,2,2,2023-02-02T15:25:00+00:00,414.46999999999997,2023-02-02T15:53:00+00:00,416.9499999999999,TAKE_PROFIT,4.959999999999809,0.166284,0.03999999999996362,4.793715999999809,1.9840000000000138,1.9174864000000107,5.136551169300029,2.4999999999998863,0.005,0.002433539468020687,,HYP-FCR-04,baseline,1027.3102338600058,1032.1039498600057,50.99999999999909,1.0224727272727292,0.49879081015718485,1,1,10.99999999999568,1.2499999999999432,5.0,413.3,0.08999999999997499,2,2023,10
QQQ,2023-02-03,short,309.38,304.54,2023-02-03T17:55:00+00:00,2023-02-03T18:00:00+00:00,308.47,1.170000000000016,310.42,304.57000000000005,2,2,2023-02-03T18:05:00+00:00,308.44,2023-02-03T20:59:00+00:00,306.19,FORCED_SESSION_CLOSE,4.5,0.12292600000000001,0.08000000000004093,4.377074,1.1538461538461606,1.1223266666666734,5.2453275019500385,3.8999999999999773,0.005,0.003717594371895832,,HYP-FCR-04,baseline,1049.0655003900076,1053.4425743900076,117.00000000000159,0.7082214285714282,1.6520256981775505,1,1,103.00000000000296,1.9499999999999886,5.0,310.65,0.22999999999996135,2,2023,13
SPY,2023-02-03,short,414.43,411.44,2023-02-03T17:55:00+00:00,2023-02-03T18:00:00+00:00,413.7,1.0300000000000296,415.6399,409.82019999999994,2,2,2023-02-03T18:05:00+00:00,413.69,2023-02-03T20:59:00+00:00,412.37,FORCED_SESSION_CLOSE,2.6399999999999864,0.165212,0.03999999999996362,2.4747879999999864,0.6804474457446145,0.6378648383937207,5.160519749300029,3.8798000000000457,0.005,0.0037591174808761273,,HYP-FCR-04,baseline,1032.1039498600057,1034.5787378600057,103.00000000000296,0.6530642857142895,1.5771801069682847,1,1,119.99000000000137,1.9399000000000228,5.0,415.78999999999996,0.15009999999995216,2,2023,13
QQQ,2023-02-06,short,304.96,303.33,2023-02-06T15:10:00+00:00,2023-02-06T15:15:00+00:00,303.63,0.09499999999997044,305.52,299.85,2,2,2023-02-06T15:20:00+00:00,303.61,2023-02-06T16:27:00+00:00,305.53,STOP_LOSS,-3.839999999999918,0.121828,0.05999999999994543,-3.961827999999918,-1.0158730158730016,-1.0481026455026314,5.267212871950038,3.7799999999999727,0.005,0.003588235459525422,,HYP-FCR-04,baseline,1053.4425743900076,1049.4807463900077,9.499999999997044,1.071999999999997,0.08861940298504731,1,1,55.00000000000114,1.8899999999999864,5.0,305.48,0.03999999999996362,2,2023,10
SPY,2023-02-06,long,410.89,409.365,2023-02-06T15:50:00+00:00,2023-02-06T15:55:00+00:00,410.27,0.6099999999999568,409.26,412.28999999999996,2,2,2023-02-06T16:00:00+00:00,410.28,2023-02-06T18:11:00+00:00,409.25,STOP_LOSS,-2.0599999999999454,0.163906,0.03999999999996362,-2.2239059999999453,-1.019801980198002,-1.1009435643564185,5.172893689300029,2.019999999999982,0.005,0.001952485515194609,,HYP-FCR-04,baseline,1034.5787378600057,1032.3548318600058,60.99999999999568,0.7029142857142899,0.8678156247458889,1,1,9.500000000002728,1.009999999999991,5.0,409.0,0.2599999999999909,2,2023,11
QQQ,2023-02-07,long,304.67,303.09,2023-02-07T15:10:00+00:00,2023-02-07T15:20:00+00:00,303.63,0.0999999999999659,302.76,305.37,3,3,2023-02-07T15:25:00+00:00,303.67,2023-02-07T16:33:00+00:00,305.36,TAKE_PROFIT,5.069999999999993,0.182709,0.1500000000000341,4.887290999999993,1.9425287356321712,1.8725252873563094,5.247403731950039,2.6100000000000136,0.005,0.002486944147358456,,HYP-FCR-04,baseline,1049.4807463900077,1054.3680373900077,9.99999999999659,0.7497818181818264,0.13337213249910432,2,2,31.999999999999318,0.8700000000000045,10.0,302.95,0.18999999999999773,3,2023,10
SPY,2023-02-07,short,409.58,408.5319,2023-02-07T18:30:00+00:00,2023-02-07T18:35:00+00:00,408.62,0.8100000000000023,409.81,406.24,2,2,2023-02-07T18:40:00+00:00,408.62,2023-02-07T19:01:00+00:00,409.82,STOP_LOSS,-2.3999999999999773,0.16368800000000003,0.01999999999998181,-2.5636879999999773,-1.0084033613445302,-1.0771798319327657,5.1617741593000295,2.3799999999999955,0.005,0.00230540888321501,,HYP-FCR-04,baseline,1032.3548318600058,1029.7911438600058,81.00000000000023,1.5364285714285708,0.527196652719667,1,1,22.00000000000273,1.1899999999999977,5.0,411.37,1.5600000000000023,2,2023,13
QQQ,2023-02-08,long,309.5,307.31,2023-02-08T15:05:00+00:00,2023-02-08T15:15:00+00:00,308.8,0.06999999999999318,307.11,312.18,3,3,2023-02-08T15:20:00+00:00,308.82,2023-02-08T15:30:00+00:00,307.1,STOP_LOSS,-5.159999999999911,0.18477600000000002,0.08999999999991815,-5.344775999999912,-1.0177514792899247,-1.054196449704126,5.271840186950039,5.069999999999993,0.005,0.0048085676160577835,,HYP-FCR-04,baseline,1054.3680373900077,1049.0232613900077,6.999999999999318,0.9099999999999853,0.07692307692307067,2,2,18.999999999999773,1.6899999999999977,10.0,307.73,0.6200000000000045,3,2023,10
SPY,2023-02-08,short,414.42,412.77,2023-02-08T15:15:00+00:00,2023-02-08T15:25:00+00:00,413.37,0.038000000000010914,414.53999999999996,411.0300000000001,2,2,2023-02-08T15:30:00+00:00,413.34000000000003,2023-02-08T16:25:00+00:00,411.0400000000001,TAKE_PROFIT,4.599999999999909,0.16487600000000002,0.07999999999992724,4.4351239999999095,1.9658119658119957,1.8953521367521644,5.148955719300029,2.339999999999918,0.005,0.0022723054222711665,,HYP-FCR-04,baseline,1029.7911438600058,1034.2262678600057,3.8000000000010914,0.7426166666666679,0.05117041093432347,2,2,10.99999999999568,1.169999999999959,10.0,414.39,0.14999999999997726,3,2023,10
QQQ,2023-02-10,short,300.92,298.93,2023-02-10T15:35:00+00:00,2023-02-10T15:45:00+00:00,299.78,0.34000000000003183,301.26,296.81999999999994,3,3,2023-02-10T15:50:00+00:00,299.74,2023-02-10T20:59:00+00:00,299.75,FORCED_SESSION_CLOSE,-0.029999999999972715,0.179847,0.14999999999986358,-0.20984699999997272,-0.006756756756750529,-0.04726283783783111,5.245116306950039,4.440000000000055,0.005,0.004232508623418736,,HYP-FCR-04,baseline,1049.0232613900077,1048.8134143900077,34.00000000000318,1.0153499999999878,0.3348599005269473,2,2,32.99999999999841,1.4800000000000182,10.0,300.78,0.4800000000000182,3,2023,10
SPY,2023-02-10,short,406.99,405.47,2023-02-10T16:35:00+00:00,2023-02-10T17:05:00+00:00,405.85,0.05009999999998627,407.08,403.3900000000001,2,2,2023-02-10T17:10:00+00:00,405.81,2023-02-10T18:07:00+00:00,407.09,STOP_LOSS,-2.5599999999999454,0.16258,0.10000000000002274,-2.7225799999999456,-1.0406504065040756,-1.1067398373983866,5.171131339300029,2.4599999999999227,0.005,0.0023785897500844676,,HYP-FCR-04,baseline,1034.2262678600057,1031.5036878600058,5.009999999998627,0.594614285714284,0.08425630060300912,6,6,7.999999999998408,1.2299999999999613,30.0,406.645,0.4350000000000023,7,2023,12
QQQ,2023-02-13,short,302.67,299.93,2023-02-13T15:00:00+00:00,2023-02-13T15:10:00+00:00,301.86,0.12000000000000455,302.88,299.82000000000005,3,3,2023-02-13T15:15:00+00:00,301.87,2023-02-13T15:49:00+00:00,302.89,STOP_LOSS,-3.0599999999999454,0.181428,0.05999999999994543,-3.2414279999999454,-1.0,-1.0592901960784324,5.244067071950038,3.0599999999999454,0.005,0.002917582820753345,,HYP-FCR-04,baseline,1048.8134143900077,1045.5719863900076,12.000000000000455,0.8605555555555561,0.1394448030987786,2,2,19.999999999998863,1.0199999999999818,10.0,302.59,0.29000000000002046,3,2023,10
QQQ,2023-02-14,short,305.99,300.91,2023-02-14T15:30:00+00:00,2023-02-14T15:35:00+00:00,303.12,0.6000000000000227,306.15999999999997,297.0400000000001,1,1,2023-02-14T15:40:00+00:00,303.11,2023-02-14T18:17:00+00:00,306.16999999999996,STOP_LOSS,-3.0599999999999454,0.060928,0.01999999999998181,-3.1209279999999455,-1.0065789473684152,-1.0266210526315733,5.2278599319500385,3.0399999999999636,0.005,0.0029074994735618486,,HYP-FCR-04,baseline,1045.5719863900076,1042.4510583900076,60.000000000002274,1.2364999999999984,0.4852405984634238,1,1,15.999999999996817,3.0399999999999636,5.0,306.83,0.6700000000000159,2,2023,10
SPY,2023-02-14,short,413.72,409.49,2023-02-14T15:30:00+00:00,2023-02-14T15:35:00+00:00,410.58,0.5150000000000432,413.75,404.23999999999995,1,1,2023-02-14T15:40:00+00:00,410.64,2023-02-14T20:59:00+00:00,412.68,FORCED_SESSION_CLOSE,-2.0400000000000205,0.082332,0.06999999999999318,-2.1223320000000205,-0.6435331230283944,-0.6695053627760283,5.157518439300029,3.170000000000016,0.005,0.0030731833897526925,,HYP-FCR-04,baseline,1031.5036878600058,1029.381355860006,51.50000000000432,1.131764285714277,0.45504174897604,1,1,1.999999999998181,3.170000000000016,5.0,414.46,0.7099999999999795,2,2023,10
QQQ,2023-02-15,long,306.79,304.65,2023-02-15T15:10:00+00:00,2023-02-15T15:20:00+00:00,305.4901,0.13999999999998636,304.19,308.09029999999996,3,3,2023-02-15T15:25:00+00:00,305.51,2023-02-15T19:00:00+00:00,308.08029999999997,TAKE_PROFIT,7.710899999999924,0.18407709,0.08969999999999345,7.526822909999924,1.9770017690946864,1.9298061456811024,5.212255291950038,3.900299999999959,0.005,0.0037414706125616084,,HYP-FCR-04,baseline,1042.4510583900076,1049.9778813000075,13.999999999998636,1.0863545454545416,0.1288713713085344,2,2,44.99999999999886,1.3000999999999863,10.0,304.73990000000003,0.5499000000000365,3,2023,10
SPY,2023-02-15,long,411.63,409.74,2023-02-15T15:10:00+00:00,2023-02-15T15:20:00+00:00,410.715,0.08999999999997499,409.46000000000004,413.22499999999985,2,2,2023-02-15T15:25:00+00:00,410.73,2023-02-15T19:09:00+00:00,413.21499999999986,TAKE_PROFIT,4.969999999999686,0.164789,0.05000000000006821,4.805210999999686,1.9800796812748722,1.9144266932270604,5.146906779300029,2.509999999999877,0.005,0.0024383577434262693,,HYP-FCR-04,baseline,1029.381355860006,1034.1865668600055,8.999999999997499,0.9760545454545567,0.09220796155204752,2,2,26.99999999999818,1.2549999999999386,10.0,410.1,0.6399999999999864,3,2023,10
QQQ,2023-02-16,short,306.0,303.71,2023-02-16T20:15:00+00:00,2023-02-16T20:20:00+00:00,304.98,0.7699999999999818,306.05,302.84000000000003,3,3,2023-02-16T20:25:00+00:00,304.97,2023-02-16T20:59:00+00:00,303.28999999999996,FORCED_SESSION_CLOSE,5.040000000000191,0.182478,0.05999999999994543,4.857522000000191,1.5700934579439947,1.513246728972032,5.249889406500038,3.2099999999999795,0.005,0.003057207258523948,,HYP-FCR-04,baseline,1049.9778813000075,1054.8354033000078,76.99999999999818,0.5396428571428616,1.4268696227663342,1,1,4.000000000002046,1.0699999999999932,5.0,306.59,0.5399999999999636,2,2023,15
SPY,2023-02-16,short,409.75,408.26,2023-02-16T20:25:00+00:00,2023-02-16T20:30:00+00:00,408.97,0.17999999999994998,410.25,406.4100000000001,2,2,2023-02-16T20:35:00+00:00,408.95,2023-02-16T20:59:00+00:00,408.34,FORCED_SESSION_CLOSE,1.2200000000000273,0.163458,0.06000000000005912,1.0565420000000274,0.4765625000000208,0.4127117187500195,5.170932834300028,2.5599999999999454,0.005,0.002475375412941797,,HYP-FCR-04,baseline,1034.1865668600055,1035.2431088600056,17.999999999994998,0.5713857142857209,0.3150236267719167,1,1,49.00000000000091,1.2799999999999727,5.0,410.23,0.01999999999998181,2,2023,15
SPY,2023-02-17,short,406.81,404.18,2023-02-17T15:35:00+00:00,2023-02-17T15:45:00+00:00,405.38,0.4200000000000159,407.24,401.65999999999997,2,2,2023-02-17T15:50:00+00:00,405.38,2023-02-17T19:56:00+00:00,407.25,STOP_LOSS,-3.740000000000009,0.162526,0.01999999999998181,-3.9025260000000093,-1.0053763440860166,-1.049066129032253,5.176215544300028,3.7200000000000273,0.005,0.0035933588624380572,,HYP-FCR-04,baseline,1035.2431088600056,1031.3405828600055,42.00000000000159,0.8148714285714261,0.5154187338931856,2,2,42.00000000000159,1.8600000000000136,10.0,406.46,0.7800000000000296,3,2023,10
QQQ,2023-02-17,long,301.93,298.88,2023-02-17T16:40:00+00:00,2023-02-17T16:45:00+00:00,299.3641,0.03300000000001546,298.83,300.43230000000005,3,3,2023-02-17T16:50:00+00:00,299.37,2023-02-17T16:53:00+00:00,298.82,STOP_LOSS,-1.650000000000034,0.17945700000000003,0.04769999999996344,-1.829457000000034,-1.0297697060475326,-1.1417693315858162,5.2741770165000394,1.6023000000000707,0.005,0.0015190047612995763,,HYP-FCR-04,baseline,1054.8354033000078,1053.0059463000077,3.300000000001546,0.5358571428571436,0.06158357771263874,1,1,4.000000000002046,0.5341000000000236,5.0,298.78000000000003,0.049999999999954525,2,2023,11
QQQ,2023-02-22,long,295.98,294.5399,2023-02-22T17:15:00+00:00,2023-02-22T17:20:00+00:00,294.73,0.3006000000000313,294.06,296.07000000000005,3,3,2023-02-22T17:25:00+00:00,294.75,2023-02-22T19:06:00+00:00,296.06000000000006,TAKE_PROFIT,3.9300000000001774,0.17724300000000004,0.08999999999991815,3.7527570000001775,1.9552238805970568,1.8670432835821336,5.2650297315000385,2.0100000000000477,0.005,0.001908821129702706,,HYP-FCR-04,baseline,1053.0059463000077,1056.758703300008,30.06000000000313,0.475200000000005,0.6325757575758167,1,1,46.989999999999554,0.6700000000000159,5.0,294.05,0.009999999999990905,2,2023,12
SPY,2023-02-22,long,400.47,399.29,2023-02-22T17:15:00+00:00,2023-02-22T17:20:00+00:00,400.02,0.37999999999999545,399.272,401.51599999999996,2,2,2023-02-22T17:25:00+00:00,400.03999999999996,2023-02-22T19:02:00+00:00,399.262,STOP_LOSS,-1.5559999999999263,0.15986039999999999,0.05999999999994543,-1.7158603999999262,-1.0401069518716217,-1.1469655080213557,5.156702914300028,1.495999999999981,0.005,0.0014505392543086306,,HYP-FCR-04,baseline,1031.3405828600055,1029.6247224600056,37.999999999999545,0.45648571428571927,0.8324466420479248,1,1,0.8000000000038199,0.7479999999999905,5.0,399.27,0.0020000000000095497,2,2023,12
QQQ,2023-02-23,long,298.13,296.62,2023-02-23T19:30:00+00:00,2023-02-23T19:35:00+00:00,296.848,0.2599999999999909,296.2799,297.98420000000004,3,3,2023-02-23T19:40:00+00:00,296.86,2023-02-23T19:57:00+00:00,296.2699,STOP_LOSS,-1.7703000000000202,0.17793897000000003,0.06599999999997408,-1.9482389700000202,-1.0387255764829972,-1.1431314733321407,5.283793516500039,1.7043000000000461,0.005,0.001612761735179393,,HYP-FCR-04,baseline,1056.758703300008,1054.810464330008,25.99999999999909,0.47989999999999455,0.541779537403613,1,1,33.01000000000158,0.5681000000000154,5.0,296.27,0.009900000000016007,2,2023,14
SPY,2023-02-23,long,402.2,400.76,2023-02-23T20:20:00+00:00,2023-02-23T20:30:00+00:00,401.4399,0.12999999999999545,400.52500000000003,403.2697,2,2,2023-02-23T20:35:00+00:00,401.45,2023-02-23T20:53:00+00:00,400.51500000000004,STOP_LOSS,-1.8699999999998909,0.160393,0.040199999999913416,-2.030392999999891,-1.0219696141654355,-1.1096256421466368,5.1481236123000285,1.8297999999999774,0.005,0.0017771523547221871,,HYP-FCR-04,baseline,1029.6247224600056,1027.5943294600056,12.999999999999545,0.4978500000000078,0.26112282816107946,2,2,22.49999999999659,0.9148999999999887,10.0,400.75,0.2249999999999659,3,2023,15
SPY,2023-02-24,long,396.47,394.16,2023-02-24T16:05:00+00:00,2023-02-24T16:10:00+00:00,394.665,0.17999999999994998,394.01,395.9750000000001,2,2,2023-02-24T16:15:00+00:00,394.68,2023-02-24T16:42:00+00:00,395.9650000000001,TAKE_PROFIT,2.5700000000001637,0.15812900000000002,0.049999999999954525,2.4118710000001635,1.9618320610687388,1.8411229007634005,5.137971647300028,1.3100000000000591,0.005,0.001274822137923295,,HYP-FCR-04,baseline,1027.5943294600056,1030.0062004600059,17.999999999994998,0.5878642857142731,0.3061931203751296,1,1,14.00000000000432,0.6550000000000296,5.0,394.04,0.03000000000002956,2,2023,11
QQQ,2023-02-24,long,292.97,290.82,2023-02-24T16:40:00+00:00,2023-02-24T16:45:00+00:00,291.745,0.125,290.77,293.69500000000005,3,3,2023-02-24T16:50:00+00:00,291.76,2023-02-24T17:40:00+00:00,290.76,STOP_LOSS,-3.0,0.174756,0.07499999999993179,-3.174756,-1.0256410256410018,-1.0853866666666414,5.27405232165004,2.925000000000068,0.005,0.002773010032525571,,HYP-FCR-04,baseline,1054.810464330008,1051.6357083300081,12.5,0.5042214285714246,0.24790695697752033,1,1,4.000000000002046,0.9750000000000227,5.0,290.79,0.020000000000038654,2,2023,11
SPY,2023-02-27,short,400.35,399.08,2023-02-27T15:35:00+00:00,2023-02-27T15:40:00+00:00,399.4,0.9499999999999886,400.555,397.0899999999999,2,2,2023-02-27T15:45:00+00:00,399.40000000000003,2023-02-27T20:33:00+00:00,397.0999999999999,TAKE_PROFIT,4.60000000000025,0.1593,0.020000000000095497,4.44070000000025,1.9913419913420487,1.9223809523810114,5.15003100230003,2.310000000000059,0.005,0.002242704945823046,,HYP-FCR-04,baseline,1030.0062004600059,1034.4469004600062,94.99999999999886,0.5978571428571472,1.589008363201881,1,1,19.499999999999318,1.1550000000000296,5.0,400.69,0.1349999999999909,2,2023,10
QQQ,2023-02-27,long,295.57,294.47,2023-02-27T17:50:00+00:00,2023-02-27T17:55:00+00:00,294.7901,0.03000000000002956,294.42,295.53029999999995,3,3,2023-02-27T18:00:00+00:00,294.82,2023-02-27T18:43:00+00:00,294.41,STOP_LOSS,-1.2299999999999045,0.176769,0.11969999999996617,-1.4067689999999045,-1.107808700351232,-1.2670170224263555,5.25817854165004,1.1102999999999383,0.005,0.0010557838529114696,,HYP-FCR-04,baseline,1051.6357083300081,1050.2289393300082,3.000000000002956,0.3341642857142761,0.08977620075677616,1,1,4.000000000002046,0.37009999999997945,5.0,294.29,0.12999999999999545,2,2023,13
QQQ,2023-02-28,short,294.68,292.96,2023-02-28T15:05:00+00:00,2023-02-28T15:15:00+00:00,294.12,0.21000000000003638,294.96999999999997,292.4200000000001,3,3,2023-02-28T15:20:00+00:00,294.12,2023-02-28T17:21:00+00:00,294.97999999999996,STOP_LOSS,-2.5799999999998704,0.17672999999999997,0.029999999999972715,-2.7567299999998705,-1.0117647058823427,-1.0810705882352867,5.251144696650041,2.5499999999998977,0.005,0.0024280420244624625,,HYP-FCR-04,baseline,1050.2289393300082,1047.4722093300084,21.000000000003638,0.6547999999999945,0.3207086133171016,2,2,27.99999999999727,0.8499999999999659,10.0,294.71999999999997,0.25,3,2023,10
SPY,2023-02-28,short,398.03,396.45,2023-02-28T15:05:00+00:00,2023-02-28T15:15:00+00:00,397.31,0.3599999999999568,398.3,395.33,2,2,2023-02-28T15:20:00+00:00,397.28000000000003,2023-02-28T16:16:00+00:00,398.31,STOP_LOSS,-2.0599999999999454,0.159118,0.07999999999992724,-2.2191179999999453,-1.0404040404040034,-1.1207666666666287,5.172234502300031,1.9800000000000182,0.005,0.0019140663470686953,,HYP-FCR-04,baseline,1034.4469004600062,1032.2277824600062,35.99999999999568,0.6411300000000096,0.5615085864020579,2,2,26.000000000004775,0.9900000000000091,10.0,397.95,0.35000000000002274,3,2023,10
QQQ,2023-03-01,long,293.93,292.1,2023-03-01T15:35:00+00:00,2023-03-01T15:40:00+00:00,292.615,0.6999999999999886,291.282,295.28100000000006,3,3,2023-03-01T15:45:00+00:00,292.63,2023-03-01T16:06:00+00:00,291.272,STOP_LOSS,-4.074000000000012,0.1751706,0.07499999999993179,-4.249170600000013,-1.0187546886721506,-1.0625582895723749,5.237361046650042,3.9990000000000805,0.005,0.003817762384892244,,HYP-FCR-04,baseline,1047.4722093300084,1043.2230387300083,69.99999999999886,0.7613571428571382,0.9194108265315603,1,1,80.80000000000496,1.3330000000000268,5.0,291.3,0.018000000000029104,2,2023,10
SPY,2023-03-01,long,396.69,395.16,2023-03-01T15:35:00+00:00,2023-03-01T15:40:00+00:00,395.9,0.5699999999999932,394.73,398.2399999999999,2,2,2023-03-01T15:45:00+00:00,395.9,2023-03-01T16:07:00+00:00,394.72,STOP_LOSS,-2.3599999999999,0.15812400000000001,0.01999999999998181,-2.5181239999999,-1.008547008547001,-1.0761213675213623,5.161138912300031,2.339999999999918,0.005,0.0022669415024106675,,HYP-FCR-04,baseline,1032.2277824600062,1029.7096584600063,56.99999999999932,0.7539285714285638,0.7560397915679758,1,1,42.00000000000159,1.169999999999959,5.0,394.6,0.12999999999999545,2,2023,10
QQQ,2023-03-03,short,296.9752,294.87,2023-03-03T15:00:00+00:00,2023-03-03T15:05:00+00:00,295.7009,0.37999999999999545,297.02,293.0627,3,3,2023-03-03T15:10:00+00:00,295.69,2023-03-03T15:15:00+00:00,297.03,STOP_LOSS,-4.019999999999925,0.177816,0.0626999999999498,-4.197815999999925,-1.0158441361534254,-1.0607778030475201,5.216115193650041,3.957299999999975,0.005,0.0037933403050775085,,HYP-FCR-04,baseline,1043.2230387300083,1039.0252227300084,37.999999999999545,0.7544624999999883,0.5036698311711998,1,1,3.480000000001837,1.3190999999999917,5.0,296.76,0.2599999999999909,2,2023,10
SPY,2023-03-03,long,400.92,399.155,2023-03-03T15:05:00+00:00,2023-03-03T15:15:00+00:00,400.47,0.4399999999999977,399.02,403.3700000000001,2,2,2023-03-03T15:20:00+00:00,400.49,2023-03-03T19:11:00+00:00,403.3600000000001,TAKE_PROFIT,5.7400000000002365,0.16077000000000002,0.05999999999994543,5.579230000000236,1.9793103448276057,1.9238724137931245,5.148548292300031,2.900000000000091,0.005,0.002816327861134388,,HYP-FCR-04,baseline,1029.7096584600063,1035.2888884600065,43.99999999999977,0.7707200000000057,0.5708947477683133,2,2,12.5,1.4500000000000455,10.0,399.32,0.30000000000001137,3,2023,10
SPY,2023-03-06,short,405.85,404.76,2023-03-06T18:05:00+00:00,2023-03-06T18:10:00+00:00,405.59,0.05000000000001137,405.93,404.9099999999999,2,2,2023-03-06T18:15:00+00:00,405.58,2023-03-06T18:49:00+00:00,404.9199999999999,TAKE_PROFIT,1.3200000000001637,0.1621,0.03999999999996362,1.1579000000001638,1.9411764705882943,1.7027941176471402,5.176444442300033,0.6800000000000637,0.005,0.000656821499370639,,HYP-FCR-04,baseline,1035.2888884600065,1036.4467884600067,5.000000000001137,0.33851428571428854,0.14770425388254416,1,1,6.999999999999318,0.34000000000003183,5.0,405.86,0.06999999999999318,2,2023,13
QQQ,2023-03-06,short,301.81,300.63,2023-03-06T18:30:00+00:00,2023-03-06T18:40:00+00:00,301.41,0.09000000000003183,301.87,300.49000000000007,3,3,2023-03-06T18:45:00+00:00,301.37,2023-03-06T19:51:00+00:00,300.50000000000006,TAKE_PROFIT,2.609999999999843,0.18056100000000003,0.1500000000000341,2.429438999999843,1.8913043478260574,1.7604630434782256,5.195126113650042,1.3799999999999386,0.005,0.0013281679499310218,,HYP-FCR-04,baseline,1039.0252227300084,1041.4546617300082,9.000000000003183,0.4135071428571483,0.21765041198121107,2,2,5.000000000001137,0.45999999999997954,10.0,301.8185,0.05150000000003274,3,2023,13
QQQ,2023-03-08,long,297.49,296.02,2023-03-08T15:20:00+00:00,2023-03-08T15:25:00+00:00,296.8,0.13999999999998636,295.51,299.38000000000005,3,3,2023-03-08T15:30:00+00:00,296.83,2023-03-08T20:59:00+00:00,297.87,FORCED_SESSION_CLOSE,3.1200000000000614,0.17841,0.11999999999989086,2.9415900000000614,0.8062015503876,0.7601007751938023,5.207273308650041,3.8700000000000614,0.005,0.003715956289034634,,HYP-FCR-04,baseline,1041.4546617300082,1044.3962517300083,13.999999999998636,0.8402833333333272,0.16661046869110108,1,1,50.0,1.2900000000000205,5.0,296.0,0.4900000000000091,2,2023,10
SPY,2023-03-08,long,399.1,397.94,2023-03-08T15:20:00+00:00,2023-03-08T15:25:00+00:00,398.63,0.07999999999998408,397.43,401.03,2,2,2023-03-08T15:30:00+00:00,398.64,2023-03-08T17:32:00+00:00,397.42,STOP_LOSS,-2.439999999999941,0.159212,0.03999999999996362,-2.599211999999941,-1.0166666666666517,-1.0830049999999858,5.182233942300034,2.3999999999999773,0.005,0.0023156036824292653,,HYP-FCR-04,baseline,1036.4467884600067,1033.8475764600068,7.999999999998408,0.8435166666666731,0.09484104246110546,1,1,50.0,1.1999999999999886,5.0,397.96000000000004,0.5300000000000296,2,2023,10
QQQ,2023-03-09,short,300.61,297.96,2023-03-09T15:10:00+00:00,2023-03-09T15:15:00+00:00,299.57,0.10000000000002274,300.84,297.03000000000003,3,3,2023-03-09T15:20:00+00:00,299.555,2023-03-09T18:23:00+00:00,297.04,TAKE_PROFIT,7.544999999999959,0.1789785,0.07499999999993179,7.366021499999959,1.9803149606299388,1.9333389763779696,5.221981258650041,3.8099999999999454,0.005,0.0036480406681743682,,HYP-FCR-04,baseline,1044.3962517300083,1051.7622732300083,10.000000000002274,0.7942800000000034,0.12590018633230385,1,1,21.999999999997044,1.2699999999999818,5.0,300.7205,0.11949999999995953,2,2023,10
QQQ,2023-03-10,short,293.06,289.13,2023-03-10T16:45:00+00:00,2023-03-10T16:50:00+00:00,292.19,0.6999999999999886,293.49,289.59,3,3,2023-03-10T16:55:00+00:00,292.19,2023-03-10T18:15:00+00:00,289.59999999999997,TAKE_PROFIT,7.7700000000000955,0.174537,0.029999999999972715,7.5954630000000956,1.9923076923076994,1.9475546153846228,5.2588113661500415,3.900000000000034,0.005,0.003708062267743225,,HYP-FCR-04,baseline,1051.7622732300083,1059.3577362300084,69.99999999999886,0.9128857142857255,0.7667991612155896,1,1,42.00000000000159,1.3000000000000114,5.0,293.8,0.3100000000000023,2,2023,11
SPY,2023-03-10,short,391.2,387.48,2023-03-10T16:45:00+00:00,2023-03-10T16:50:00+00:00,390.42,0.9300000000000068,391.99,387.28000000000003,2,2,2023-03-10T16:55:00+00:00,390.41,2023-03-10T18:15:00+00:00,387.29,TAKE_PROFIT,6.240000000000009,0.15554,0.03999999999996362,6.084460000000009,1.9872611464968268,1.9377261146496927,5.169237882300035,3.1399999999999864,0.005,0.003037198201645592,,HYP-FCR-04,baseline,1033.8475764600068,1039.9320364600069,93.00000000000068,1.0221428571428532,0.9098532494759012,1,1,78.00000000000296,1.5699999999999932,5.0,392.48,0.4900000000000091,2,2023,11
SPY,2023-03-14,short,391.92,389.9014,2023-03-14T16:50:00+00:00,2023-03-14T17:10:00+00:00,389.96,0.6899999999999977,392.34,385.2,2,2,2023-03-14T17:15:00+00:00,389.94,2023-03-14T19:59:00+00:00,391.7,FORCED_SESSION_CLOSE,-3.519999999999982,0.156328,0.05999999999994543,-3.6763279999999816,-0.7394957983193253,-0.772337815126048,5.199660182300034,4.759999999999991,0.005,0.00457722219636903,,HYP-FCR-04,baseline,1039.9320364600069,1036.2557084600069,68.99999999999977,0.5866428571428628,1.176184098380601,4,4,40.99999999999682,2.3799999999999955,20.0,391.45,0.8899999999999864,5,2023,13
QQQ,2023-03-14,short,296.38,294.21,2023-03-14T17:10:00+00:00,2023-03-14T17:15:00+00:00,295.59,0.37000000000000455,296.5,293.7699999999999,3,3,2023-03-14T17:20:00+00:00,295.56,2023-03-14T19:10:00+00:00,293.7799999999999,TAKE_PROFIT,5.340000000000259,0.176802,0.11999999999989086,5.163198000000259,1.9560439560439973,1.8912813186813615,5.296788681150042,2.730000000000075,0.005,0.002577033146249036,,HYP-FCR-04,baseline,1059.3577362300084,1064.5209342300086,37.000000000000455,0.5315928571428604,0.6960213912365844,1,1,11.000000000001364,0.910000000000025,5.0,297.07,0.5699999999999932,2,2023,13
QQQ,2023-03-15,long,296.17,294.27,2023-03-15T14:55:00+00:00,2023-03-15T15:00:00+00:00,295.01,0.18000000000000682,294.133,296.764,3,3,2023-03-15T15:05:00+00:00,295.02,2023-03-15T15:47:00+00:00,296.754,TAKE_PROFIT,5.202000000000112,0.17753220000000003,0.05999999999994543,5.024467800000112,1.977194982896258,1.9097179019384483,5.322604671150043,2.6310000000000286,0.005,0.0024715342981047983,,HYP-FCR-04,baseline,1064.5209342300086,1069.5454020300087,18.000000000000682,1.0257928571428547,0.17547402357758818,1,1,12.700000000000955,0.8770000000000095,5.0,293.76,0.37299999999999045,2,2023,11
SPY,2023-03-15,long,387.72,385.17,2023-03-15T14:55:00+00:00,2023-03-15T15:00:00+00:00,386.12,0.1349999999999909,385.09000000000003,388.17999999999995,2,2,2023-03-15T15:05:00+00:00,386.13,2023-03-15T16:06:00+00:00,385.08000000000004,STOP_LOSS,-2.099999999999909,0.15424200000000002,0.03999999999996362,-2.254241999999909,-1.0194174757281382,-1.0942922330096936,5.181278542300034,2.0599999999999454,0.005,0.0019879263228005165,,HYP-FCR-04,baseline,1036.2557084600069,1034.001466460007,13.49999999999909,1.1475714285714145,0.1176397360886279,1,1,6.999999999999318,1.0299999999999727,5.0,384.74,0.35000000000002274,2,2023,11
SPY,2023-03-16,short,388.65,386.29,2023-03-16T14:00:00+00:00,2023-03-16T14:10:00+00:00,387.24,0.5640000000000214,388.9701,383.7798,2,2,2023-03-16T14:15:00+00:00,387.22,2023-03-16T14:41:00+00:00,388.9801,STOP_LOSS,-3.5201999999999316,0.15524002,0.05999999999994543,-3.6754400199999315,-1.0173400381480682,-1.0622045026298903,5.170007332300035,3.460199999999986,0.005,0.003346416917421093,,HYP-FCR-04,baseline,1034.001466460007,1030.326026440007,56.40000000000214,0.9906888888888956,0.5693008232206722,2,2,31.0100000000034,1.730099999999993,10.0,388.59999999999997,0.3701000000000363,3,2023,10
QQQ,2023-03-17,short,308.03,306.31,2023-03-17T14:15:00+00:00,2023-03-17T14:20:00+00:00,306.52,0.44999999999998863,308.17,303.2199999999999,3,3,2023-03-17T14:25:00+00:00,306.52,2023-03-17T19:59:00+00:00,305.34,FORCED_SESSION_CLOSE,3.5400000000000205,0.183558,0.029999999999972715,3.3564420000000204,0.7151515151515045,0.678069090909081,5.347727010150044,4.950000000000102,0.005,0.004628134523887391,,HYP-FCR-04,baseline,1069.5454020300087,1072.9018440300088,44.99999999999886,1.0298454545454556,0.43695876698179514,1,1,13.00000000000523,1.650000000000034,5.0,308.32,0.14999999999997726,2,2023,10
QQQ,2023-03-20,short,304.5,302.01,2023-03-20T15:55:00+00:00,2023-03-20T16:10:00+00:00,303.39,0.3801000000000272,304.62,300.92999999999995,3,3,2023-03-20T16:15:00+00:00,303.41,2023-03-20T16:52:00+00:00,304.63,STOP_LOSS,-3.6599999999999113,0.182412,0.09000000000008868,-3.842411999999911,-0.9918699186991483,-1.041304065040611,5.364509220150044,3.6900000000000546,0.005,0.003439270815436166,,HYP-FCR-04,baseline,1072.9018440300088,1069.0594320300088,38.01000000000272,0.5626499999999949,0.6755531858171699,3,3,11.000000000001364,1.2300000000000182,15.0,304.21999999999997,0.4000000000000341,4,2023,12
SPY,2023-03-20,short,392.13,390.07,2023-03-20T16:05:00+00:00,2023-03-20T16:10:00+00:00,391.2903,0.6099999999999568,392.53999999999996,388.7909000000001,2,2,2023-03-20T16:15:00+00:00,391.31,2023-03-20T16:50:00+00:00,392.54999999999995,STOP_LOSS,-2.4799999999999045,0.156772,0.059399999999982356,-2.6367719999999046,-0.992238137152909,-1.054961990877805,5.151630132200035,2.4993999999999232,0.005,0.0024258340912107945,,HYP-FCR-04,baseline,1030.326026440007,1027.689254440007,60.99999999999568,0.5953499999999882,1.0246073738136707,1,1,39.999999999997726,1.2496999999999616,5.0,392.52,0.01999999999998181,2,2023,12
QQQ,2023-03-21,long,308.94,307.63,2023-03-21T15:10:00+00:00,2023-03-21T15:15:00+00:00,307.9,0.4199999999999591,307.19800000000004,309.30399999999986,3,3,2023-03-21T15:20:00+00:00,307.9,2023-03-21T15:37:00+00:00,307.18800000000005,STOP_LOSS,-2.1359999999997967,0.18452640000000003,0.029999999999972715,-2.320526399999797,-1.0142450142450026,-1.1018643874643832,5.345297160150044,2.105999999999824,0.005,0.001969955960260129,,HYP-FCR-04,baseline,1069.0594320300088,1066.738905630009,41.99999999999591,0.5759928571428726,0.7291757090240788,1,1,42.19999999999686,0.7019999999999413,5.0,306.85,0.3480000000000132,2,2023,11
SPY,2023-03-21,long,397.99,397.07,2023-03-21T17:30:00+00:00,2023-03-21T17:35:00+00:00,397.135,0.05000000000001137,396.94,397.525,2,2,2023-03-21T17:40:00+00:00,397.15,2023-03-21T17:49:00+00:00,396.93,STOP_LOSS,-0.4399999999999409,0.15881599999999998,0.049999999999954525,-0.5988159999999408,-1.128205128205016,-1.5354256410255431,5.138446272200035,0.38999999999998636,0.005,0.00037949214542726663,,HYP-FCR-04,baseline,1027.689254440007,1027.0904384400071,5.000000000001137,0.33800000000000197,0.14792899408287302,1,1,12.000000000000455,0.19499999999999318,5.0,396.69,0.25,2,2023,13
SPY,2023-03-22,short,398.875,398.08,2023-03-22T15:10:00+00:00,2023-03-22T15:15:00+00:00,398.67,0.03500000000002501,399.08,397.8500000000001,2,2,2023-03-22T15:20:00+00:00,398.67,2023-03-22T15:25:00+00:00,399.09,STOP_LOSS,-0.8399999999999181,0.159552,0.01999999999998181,-0.9995519999999182,-1.0243902439024188,-1.2189658536585315,5.135452192200035,0.8199999999999363,0.005,0.0007983717590102295,,HYP-FCR-04,baseline,1027.0904384400071,1026.0908864400071,3.500000000002501,0.40735000000000404,0.08592119798704963,1,1,19.499999999999318,0.40999999999996817,5.0,399.07,0.009999999999990905,2,2023,11
QQQ,2023-03-22,short,310.82,309.74,2023-03-22T19:00:00+00:00,2023-03-22T19:05:00+00:00,309.81,0.8149999999999977,312.02,305.39000000000004,2,2,2023-03-22T19:10:00+00:00,309.82,2023-03-22T19:20:00+00:00,312.03,STOP_LOSS,-4.419999999999959,0.12437,0.03999999999996362,-4.544369999999959,-1.0,-1.028138009049774,5.333694528150045,4.419999999999959,0.005,0.004143469387562588,,HYP-FCR-04,baseline,1066.738905630009,1062.1945356300089,81.49999999999977,1.773907142857151,0.4594378027517915,1,1,118.99999999999977,2.2099999999999795,5.0,313.38,1.3600000000000136,2,2023,15
SPY,2023-03-23,short,396.17,394.92,2023-03-23T17:10:00+00:00,2023-03-23T17:15:00+00:00,395.81,0.20249999999998636,396.5401,394.3498,2,2,2023-03-23T17:20:00+00:00,395.78000000000003,2023-03-23T18:21:00+00:00,394.3598,TAKE_PROFIT,2.840400000000045,0.15802796000000002,0.07999999999992724,2.682372040000045,1.9452129845227175,1.8369894808930767,5.130454432200036,1.4601999999999862,0.005,0.0014230708208179377,,HYP-FCR-04,baseline,1026.0908864400071,1028.7732584800071,20.249999999998636,0.5641071428571374,0.35897435897433827,1,1,36.009999999998854,0.7300999999999931,5.0,396.75,0.20990000000000464,2,2023,13
QQQ,2023-03-23,long,310.93,309.73,2023-03-23T19:45:00+00:00,2023-03-23T19:50:00+00:00,310.39,0.3100000000000023,309.3,312.56999999999994,3,3,2023-03-23T19:55:00+00:00,310.39,2023-03-23T19:59:00+00:00,309.77,FORCED_SESSION_CLOSE,-1.8600000000000136,0.18604800000000002,0.029999999999972715,-2.0460480000000136,-0.5688073394495585,-0.6257027522935965,5.310972678150044,3.269999999999925,0.005,0.0030785321241183212,,HYP-FCR-04,baseline,1062.1945356300089,1060.148487630009,31.000000000000227,1.1760714285714269,0.2635894321287603,1,1,42.00000000000159,1.089999999999975,5.0,308.97,0.3299999999999841,2,2023,15
SPY,2023-03-24,short,391.98,389.4,2023-03-24T14:10:00+00:00,2023-03-24T14:20:00+00:00,390.97,0.09000000000003183,392.525,387.8600000000001,2,2,2023-03-24T14:25:00+00:00,390.97,2023-03-24T14:29:00+00:00,392.53499999999997,STOP_LOSS,-3.1299999999998818,0.156701,0.01999999999998181,-3.2867009999998817,-1.006430868167197,-1.056817041800639,5.143866292400036,3.1099999999999,0.005,0.003023017923886227,,HYP-FCR-04,baseline,1028.7732584800071,1025.4865574800071,9.000000000003183,1.1153090909090948,0.08069511916797192,2,2,53.49999999999682,1.55499999999995,10.0,391.81,0.714999999999975,3,2023,10
QQQ,2023-03-24,long,309.73,307.18,2023-03-24T15:30:00+00:00,2023-03-24T15:50:00+00:00,308.86,0.8100000000000023,307.13,312.32000000000005,3,3,2023-03-24T15:55:00+00:00,308.87,2023-03-24T19:59:00+00:00,310.94,FORCED_SESSION_CLOSE,6.2099999999999795,0.185943,0.05999999999994543,6.02405699999998,1.196531791907498,1.1607046242774406,5.300742438150045,5.190000000000055,0.005,0.004895540634692073,,HYP-FCR-04,baseline,1060.148487630009,1066.172544630009,81.00000000000023,0.7014142857142807,1.1548096702580617,4,4,4.000000000002046,1.7300000000000182,20.0,307.6,0.4700000000000273,5,2023,11
SPY,2023-03-28,short,396.03,394.97,2023-03-28T14:20:00+00:00,2023-03-28T14:25:00+00:00,395.87,0.1150000000000091,396.34999999999997,394.9100000000001,2,2,2023-03-28T14:30:00+00:00,395.88,2023-03-28T14:33:00+00:00,394.9200000000001,TAKE_PROFIT,1.9199999999998454,0.15816000000000002,0.03999999999996362,1.7618399999998453,2.0,1.8352499999999867,5.127432787400036,0.9599999999999227,0.005,0.0009361409888775054,,HYP-FCR-04,baseline,1025.4865574800071,1027.248397480007,11.50000000000091,0.5587083333333235,0.2058319039451314,1,1,31.000000000000227,0.47999999999996135,5.0,396.27,0.07999999999998408,2,2023,10
QQQ,2023-03-28,long,308.2,305.94,2023-03-28T15:05:00+00:00,2023-03-28T15:15:00+00:00,306.43,0.070699999999988,305.92,307.45,3,3,2023-03-28T15:20:00+00:00,306.44,2023-03-28T16:16:00+00:00,305.91,STOP_LOSS,-1.5899999999999181,0.183705,0.05999999999994543,-1.7737049999999182,-1.0392156862744748,-1.1592843137254574,5.330862723150045,1.5299999999999727,0.005,0.001435039766974045,,HYP-FCR-04,baseline,1066.172544630009,1064.3988396300092,7.0699999999987995,0.4905071428571505,0.14413653507300264,2,2,0.9999999999990905,0.5099999999999909,10.0,305.92,0.0,3,2023,11
QQQ,2023-03-29,short,311.83,310.75,2023-03-29T14:05:00+00:00,2023-03-29T14:30:00+00:00,310.8,0.05000000000001137,311.93,308.54,3,3,2023-03-29T14:35:00+00:00,310.81,2023-03-29T17:28:00+00:00,311.94,STOP_LOSS,-3.3899999999999864,0.18682500000000002,0.05999999999994543,-3.576824999999986,-1.0,-1.0551106194690267,5.321994198150046,3.3899999999999864,0.005,0.0031848963694646347,,HYP-FCR-04,baseline,1064.3988396300092,1060.822014630009,5.000000000001137,0.5116076923076863,0.09773113413224607,5,5,9.000000000003183,1.1299999999999955,25.0,311.52,0.410000000000025,6,2023,10
SPY,2023-03-29,long,400.125,399.425,2023-03-29T15:30:00+00:00,2023-03-29T15:35:00+00:00,399.542,0.05000000000001137,399.255,400.11599999999993,2,2,2023-03-29T15:40:00+00:00,399.56,2023-03-29T16:31:00+00:00,400.10599999999994,TAKE_PROFIT,1.0919999999998709,0.1599332,0.05600000000004002,0.9320667999998709,1.9024390243901665,1.623809756097462,5.136241987400036,0.5739999999999554,0.005,0.0005587742958840945,,HYP-FCR-04,baseline,1027.248397480007,1028.1804642800068,5.000000000001137,0.36070714285713734,0.1386166062694647,1,1,16.0000000000025,0.2869999999999777,5.0,399.33,0.07499999999998863,2,2023,11
QQQ,2023-03-30,short,315.59,314.54,2023-03-30T14:00:00+00:00,2023-03-30T14:10:00+00:00,314.65,0.40999999999996817,315.93,312.0899999999999,3,3,2023-03-30T14:15:00+00:00,314.64,2023-03-30T14:27:00+00:00,315.94,STOP_LOSS,-3.900000000000034,0.18917399999999998,0.05999999999994543,-4.0891740000000345,-1.0156249999999853,-1.0648890624999845,5.304110073150046,3.8400000000000887,0.005,0.0036198343803596445,,HYP-FCR-04,baseline,1060.822014630009,1056.7328406300092,40.99999999999682,0.6044222222222149,0.6783337622706274,2,2,33.00000000000409,1.2800000000000296,10.0,315.57,0.36000000000001364,3,2023,10
SPY,2023-03-30,long,404.14,403.51,2023-03-30T14:25:00+00:00,2023-03-30T14:30:00+00:00,403.65,0.05000000000001137,403.34000000000003,404.26999999999987,2,2,2023-03-30T14:35:00+00:00,403.65,2023-03-30T15:14:00+00:00,403.33000000000004,STOP_LOSS,-0.6399999999998727,0.161396,0.01999999999998181,-0.8013959999998727,-1.0322580645161055,-1.2925741935484092,5.140902321400034,0.6199999999998909,0.005,0.0006030069832478793,,HYP-FCR-04,baseline,1028.1804642800068,1027.379068280007,5.000000000001137,0.494684615384616,0.10107449968124943,1,1,15.999999999996817,0.30999999999994543,5.0,403.16,0.18000000000000682,2,2023,10
QQQ,2023-04-03,short,320.01,318.49,2023-04-03T14:35:00+00:00,2023-04-03T14:40:00+00:00,319.375,0.07500000000004547,320.08,317.96500000000003,3,3,2023-04-03T14:45:00+00:00,319.37,2023-04-03T15:05:00+00:00,317.975,TAKE_PROFIT,4.184999999999945,0.19120350000000003,0.04499999999995907,3.9937964999999456,1.978723404255338,1.8883198581560452,5.283664203150046,2.1149999999999523,0.005,0.0020014519457340033,,HYP-FCR-04,baseline,1056.7328406300092,1060.726637130009,7.5000000000045475,0.5589285714285707,0.13418530351445854,1,1,6.000000000000227,0.7049999999999841,5.0,320.045,0.03499999999996817,2,2023,10
SPY,2023-04-03,short,410.7,408.82,2023-04-03T14:35:00+00:00,2023-04-03T14:40:00+00:00,410.2699,0.4399999999999977,411.13009999999997,408.5495000000001,2,2,2023-04-03T14:45:00+00:00,410.24,2023-04-03T15:11:00+00:00,408.55950000000007,TAKE_PROFIT,3.3609999999998763,0.1637599,0.07979999999997744,3.1972400999998762,1.953615438270181,1.858428330620793,5.136895341400035,1.7203999999999269,0.005,0.0016745523177537041,,HYP-FCR-04,baseline,1027.379068280007,1030.5763083800068,43.99999999999977,0.5215214285714305,0.8436853710982901,1,1,42.00999999999908,0.8601999999999634,5.0,411.21,0.07990000000000919,2,2023,10
QQQ,2023-04-04,short,320.87,319.28,2023-04-04T14:15:00+00:00,2023-04-04T14:20:00+00:00,319.915,0.18999999999999773,321.46999999999997,316.8050000000001,3,3,2023-04-04T14:25:00+00:00,319.90000000000003,2023-04-04T19:59:00+00:00,319.14,FORCED_SESSION_CLOSE,2.2800000000001432,0.191712,0.07499999999993179,2.0882880000001434,0.4887459807074419,0.4476501607717493,5.303633185650045,4.66499999999985,0.005,0.00439792858659783,,HYP-FCR-04,baseline,1060.726637130009,1062.8149251300092,18.999999999999773,0.72627272727272,0.2616097133558638,1,1,58.9999999999975,1.55499999999995,5.0,321.37,0.0999999999999659,2,2023,10
SPY,2023-04-04,short,411.68,410.45,2023-04-04T14:10:00+00:00,2023-04-04T14:25:00+00:00,410.48,0.27010000000001355,411.71999999999997,408.0000000000001,2,2,2023-04-04T14:30:00+00:00,410.48,2023-04-04T16:06:00+00:00,408.0100000000001,TAKE_PROFIT,4.939999999999827,0.16369800000000004,0.01999999999998181,4.776301999999827,1.9919354838709749,1.925928225806456,5.152881541900034,2.4799999999999045,0.005,0.002406420543373726,,HYP-FCR-04,baseline,1030.5763083800068,1035.3526103800066,27.010000000001355,0.5729083333333307,0.47145413024192023,3,3,2.9999999999972715,1.2399999999999523,15.0,411.53,0.18999999999999773,4,2023,10
QQQ,2023-04-10,short,315.24,313.25,2023-04-10T16:00:00+00:00,2023-04-10T16:05:00+00:00,314.8,0.42500000000001137,315.28999999999996,313.8200000000001,3,3,2023-04-10T16:10:00+00:00,314.79,2023-04-10T16:32:00+00:00,315.29999999999995,STOP_LOSS,-1.5299999999998022,0.189027,0.05999999999994543,-1.7190269999998022,-1.0408163265305792,-1.169406122448959,5.314074625650046,1.4699999999998568,0.005,0.0013831194549888716,,HYP-FCR-04,baseline,1062.8149251300092,1061.0958981300093,42.50000000000114,0.39171428571428024,1.0849744711889573,1,1,3.999999999996362,0.48999999999995225,5.0,315.62,0.3300000000000409,2,2023,12
SPY,2023-04-10,short,406.84,405.97,2023-04-10T16:00:00+00:00,2023-04-10T16:05:00+00:00,406.58,0.29009999999999536,407.0333,405.67339999999996,2,2,2023-04-10T16:10:00+00:00,406.57,2023-04-10T16:31:00+00:00,407.0433,STOP_LOSS,-0.9465999999999894,0.16272266,0.03999999999996362,-1.1093226599999895,-1.0441208912419617,-1.2236076108536929,5.176763051900033,0.9066000000000258,0.005,0.0008756437091198094,,HYP-FCR-04,baseline,1035.3526103800066,1034.2432877200065,29.009999999999536,0.32488571428571944,0.8929293817605907,1,1,18.33000000000311,0.4533000000000129,5.0,407.34999999999997,0.3166999999999689,2,2023,12
QQQ,2023-04-11,long,317.89,316.26,2023-04-11T14:20:00+00:00,2023-04-11T14:25:00+00:00,316.5794,0.0999999999999659,315.9201,317.8980000000001,3,3,2023-04-11T14:30:00+00:00,316.57,2023-04-11T14:35:00+00:00,315.9101,STOP_LOSS,-1.9796999999999798,0.18974403,0.05820000000005621,-2.1694440299999798,-1.0009100561200714,-1.0968421204306995,5.305479490650047,1.9779000000000906,0.005,0.0018640162529002173,,HYP-FCR-04,baseline,1061.0958981300093,1058.9264541000093,9.99999999999659,0.5574083333333325,0.1794016953459601,1,1,32.99000000000092,0.6593000000000302,5.0,315.92990000000003,0.00980000000004111,2,2023,10
SPY,2023-04-11,long,410.2809,409.41,2023-04-11T14:15:00+00:00,2023-04-11T14:25:00+00:00,410.005,0.12999999999999545,409.32,411.375,2,2,2023-04-11T14:30:00+00:00,410.02,2023-04-11T14:36:00+00:00,409.31,STOP_LOSS,-1.419999999999959,0.16386599999999998,0.049999999999954525,-1.5838659999999591,-1.0364963503649303,-1.1561065693430321,5.171216438600033,1.3700000000000045,0.005,0.0013246399723030112,,HYP-FCR-04,baseline,1034.2432877200065,1032.6594217200065,12.999999999999545,0.4063333333333266,0.3199343724364174,2,2,8.000000000004093,0.6850000000000023,10.0,409.51,0.18999999999999773,3,2023,10
QQQ,2023-04-12,long,318.42,314.86,2023-04-12T15:40:00+00:00,2023-04-12T15:45:00+00:00,315.44,0.3059999999999832,314.53000000000003,317.25999999999993,3,3,2023-04-12T15:50:00+00:00,315.46,2023-04-12T18:29:00+00:00,314.52000000000004,STOP_LOSS,-2.8199999999998226,0.18899400000000002,0.08999999999991815,-3.0089939999998228,-1.0329670329670042,-1.102195604395578,5.294632270500046,2.7299999999999045,0.005,0.00257808272654795,,HYP-FCR-04,baseline,1058.9264541000093,1055.9174601000095,30.599999999998317,0.5648785714285752,0.5417093433480945,1,1,31.999999999999318,0.9099999999999682,5.0,314.535,0.0049999999999954525,2,2023,11
SPY,2023-04-12,long,412.17,410.14,2023-04-12T15:55:00+00:00,2023-04-12T17:10:00+00:00,411.4,0.11000000000001364,410.08,414.03999999999996,2,2,2023-04-12T17:15:00+00:00,411.40999999999997,2023-04-12T18:27:00+00:00,410.07,STOP_LOSS,-2.67999999999995,0.16429600000000003,0.03999999999996362,-2.84429599999995,-1.0151515151515014,-1.0773848484848352,5.163297108600033,2.6399999999999864,0.005,0.0025565059926561068,,HYP-FCR-04,baseline,1032.6594217200065,1029.8151257200066,11.000000000001364,0.36178571428573036,0.30404738400792153,15,15,5.000000000001137,1.3199999999999932,75.0,410.745,0.6650000000000205,16,2023,13
QQQ,2023-04-14,short,320.26,317.42,2023-04-14T14:00:00+00:00,2023-04-14T14:10:00+00:00,318.79,0.2400000000000091,320.37,315.63000000000005,3,3,2023-04-14T14:15:00+00:00,318.78000000000003,2023-04-14T16:46:00+00:00,315.64000000000004,TAKE_PROFIT,9.419999999999959,0.19032600000000002,0.05999999999994543,9.229673999999958,1.9873417721519102,1.9471886075949476,5.279587300500047,4.739999999999952,0.005,0.004488987235376343,,HYP-FCR-04,baseline,1055.9174601000095,1065.1471341000095,24.00000000000091,0.860000000000001,0.27906976744187073,2,2,10.000000000002274,1.579999999999984,10.0,320.24,0.12999999999999545,3,2023,10
QQQ,2023-04-17,long,319.1999,317.66,2023-04-17T14:10:00+00:00,2023-04-17T14:15:00+00:00,318.5,0.03499999999996817,317.61,320.28,3,3,2023-04-17T14:20:00+00:00,318.52,2023-04-17T14:38:00+00:00,317.6,STOP_LOSS,-2.759999999999877,0.19083600000000003,0.08999999999991815,-2.9508359999998772,-1.0337078651685092,-1.1051820224718811,5.325735670500047,2.669999999999959,0.005,0.0025066959432378903,,HYP-FCR-04,baseline,1065.1471341000095,1062.1962981000095,3.4999999999968168,0.7149900000000059,0.04895173359063466,1,1,4.000000000002046,0.8899999999999864,5.0,317.795,0.18500000000000227,2,2023,10
SPY,2023-04-17,long,413.19,412.23,2023-04-17T18:40:00+00:00,2023-04-17T18:45:00+00:00,412.4921,0.3849999999999909,411.925,413.62629999999996,2,2,2023-04-17T18:50:00+00:00,412.51,2023-04-17T19:51:00+00:00,413.61629999999997,TAKE_PROFIT,2.212599999999952,0.16522525999999998,0.055799999999976535,2.047374739999952,1.95080232763183,1.805126732498692,5.149075628600033,1.1341999999999643,0.005,0.0011013627316912595,,HYP-FCR-04,baseline,1029.8151257200066,1031.8625004600065,38.49999999999909,0.26971428571429457,1.4274364406778854,1,1,29.50000000000159,0.5670999999999822,5.0,411.83,0.09500000000002728,2,2023,14
QQQ,2023-04-20,short,317.48,315.57,2023-04-20T15:00:00+00:00,2023-04-20T15:05:00+00:00,316.9299,0.1349999999999909,317.66159999999996,315.4665,3,3,2023-04-20T15:10:00+00:00,316.91,2023-04-20T15:41:00+00:00,317.67159999999996,STOP_LOSS,-2.284799999999791,0.19037448,0.08969999999982292,-2.475174479999791,-1.040863741970673,-1.1275907612408669,5.310981490500048,2.195099999999968,0.005,0.002066567172119152,,HYP-FCR-04,baseline,1062.1962981000095,1059.7211236200096,13.49999999999909,0.46894285714285744,0.28788155730211895,1,1,17.159999999995534,0.7316999999999894,5.0,317.76,0.09840000000002647,2,2023,11
SPY,2023-04-20,short,412.32,411.08,2023-04-20T16:00:00+00:00,2023-04-20T16:05:00+00:00,412.18,0.07110000000000127,412.39,411.76000000000005,2,2,2023-04-20T16:10:00+00:00,412.165,2023-04-20T16:10:00+00:00,412.4,STOP_LOSS,-0.4699999999999136,0.16491300000000003,0.049999999999954525,-0.6349129999999137,-1.1190476190475225,-1.5116976190475608,5.159312502300033,0.4199999999999591,0.005,0.00040703097536030447,,HYP-FCR-04,baseline,1031.8625004600065,1031.2275874600066,7.110000000000127,0.36127142857143973,0.19680493495195284,1,1,6.000000000000227,0.20999999999997954,5.0,412.55,0.160000000000025,2,2023,12
QQQ,2023-04-21,long,316.3,314.39,2023-04-21T14:05:00+00:00,2023-04-21T14:10:00+00:00,315.18,0.19999999999998863,314.17,317.2,3,3,2023-04-21T14:15:00+00:00,315.21,2023-04-21T18:01:00+00:00,317.19,TAKE_PROFIT,5.940000000000055,0.18972,0.11999999999989086,5.750280000000054,1.960396039603996,1.8977821782178568,5.298605618100048,3.0299999999999727,0.005,0.002859242806871195,,HYP-FCR-04,baseline,1059.7211236200096,1065.4714036200096,19.999999999998863,0.6340333333333459,0.3154408285578855,1,1,20.999999999997954,1.009999999999991,5.0,314.22,0.05000000000001137,2,2023,10
SPY,2023-04-21,long,412.28,410.914,2023-04-21T14:05:00+00:00,2023-04-21T14:10:00+00:00,411.46,0.029999999999972715,410.61,413.1599999999999,2,2,2023-04-21T14:15:00+00:00,411.48,2023-04-21T14:44:00+00:00,410.6,STOP_LOSS,-1.759999999999991,0.164416,0.06000000000005912,-1.924415999999991,-1.0352941176470951,-1.1320094117647461,5.156137937300033,1.6999999999999318,0.005,0.0016485206763980815,,HYP-FCR-04,baseline,1031.2275874600066,1029.3031714600065,2.9999999999972715,0.5184333333333294,0.05786664952094054,1,1,29.399999999998272,0.8499999999999659,5.0,410.645,0.03499999999996817,2,2023,10
SPY,2023-04-24,long,412.95,411.94,2023-04-24T17:50:00+00:00,2023-04-24T17:55:00+00:00,412.17,0.14999999999997726,411.93,412.65000000000003,2,2,2023-04-24T18:00:00+00:00,412.19,2023-04-24T18:25:00+00:00,411.92,STOP_LOSS,-0.5399999999999636,0.16482200000000002,0.05999999999994543,-0.7048219999999636,-1.1249999999998817,-1.4683791666665353,5.146515857300033,0.4800000000000182,0.005,0.0004663349082264715,,HYP-FCR-04,baseline,1029.3031714600065,1028.5983494600066,14.999999999997726,0.22035714285714952,0.6807131280387742,1,1,0.0,0.2400000000000091,5.0,411.94,0.009999999999990905,2,2023,14
SPY,2023-04-25,long,411.16,410.04,2023-04-25T15:10:00+00:00,2023-04-25T15:15:00+00:00,410.31,0.05000000000001137,409.96000000000004,411.00999999999993,2,2,2023-04-25T15:20:00+00:00,410.315,2023-04-25T15:21:00+00:00,409.95000000000005,STOP_LOSS,-0.7299999999999045,0.16405300000000003,0.029999999999972715,-0.8940529999999045,-1.042857142857108,-1.2772185714285595,5.142991747300033,0.6999999999999318,0.005,0.000680537743782515,,HYP-FCR-04,baseline,1028.5983494600066,1027.7042964600066,5.000000000001137,0.38308571428571064,0.13051909307878987,1,1,6.999999999999318,0.3499999999999659,5.0,409.74,0.22000000000002728,2,2023,11
QQQ,2023-04-26,short,313.78,312.22,2023-04-26T14:10:00+00:00,2023-04-26T14:20:00+00:00,312.35,0.6399999999999864,313.86,309.33000000000004,3,3,2023-04-26T14:25:00+00:00,312.32,2023-04-26T15:08:00+00:00,313.87,STOP_LOSS,-4.650000000000034,0.18785700000000002,0.12000000000006139,-4.837857000000034,-1.0264900662251792,-1.0679596026490206,5.327357018100048,4.529999999999973,0.005,0.004251639213036594,,HYP-FCR-04,baseline,1065.4714036200096,1060.6335466200096,63.999999999998636,0.7631818181818114,0.8385944014294119,2,2,7.000000000005002,1.509999999999991,10.0,313.52,0.34000000000003183,3,2023,10
SPY,2023-04-26,long,407.27,406.32,2023-04-26T15:00:00+00:00,2023-04-26T15:05:00+00:00,407.065,0.29000000000002046,406.2272,408.74060000000003,2,2,2023-04-26T15:10:00+00:00,407.06,2023-04-26T17:21:00+00:00,406.2172,STOP_LOSS,-1.6856000000000222,0.16265544,0.029999999999972715,-1.8482554400000222,-1.0059680114585765,-1.1030409644306443,5.138521482300034,1.6756000000000313,0.005,0.0016304300816603987,,HYP-FCR-04,baseline,1027.7042964600066,1025.8560410200066,29.000000000002046,0.47462142857142453,0.6110132887866,1,1,8.280000000002019,0.8378000000000156,5.0,406.04,0.18719999999996162,2,2023,11
SPY,2023-04-27,short,407.85,406.74,2023-04-27T14:55:00+00:00,2023-04-27T15:00:00+00:00,407.7,0.060000000000002274,408.02,407.06,2,2,2023-04-27T15:05:00+00:00,407.7,2023-04-27T15:23:00+00:00,408.03,STOP_LOSS,-0.6599999999999682,0.163146,0.01999999999998181,-0.8231459999999682,-1.0312499999999722,-1.2861656249999778,5.1292802051000335,0.6399999999999864,0.005,0.0006238692120617974,,HYP-FCR-04,baseline,1025.8560410200066,1025.0328950200067,6.000000000000227,0.3836785714285692,0.15638089919017717,1,1,15.999999999996817,0.3199999999999932,5.0,408.375,0.3550000000000182,2,2023,11
QQQ,2023-04-28,short,320.705,318.96,2023-04-28T14:55:00+00:00,2023-04-28T15:00:00+00:00,319.31,0.9900000000000091,321.11,315.71,2,2,2023-04-28T15:05:00+00:00,319.31,2023-04-28T16:05:00+00:00,321.12,STOP_LOSS,-3.6200000000000045,0.128086,0.01999999999998181,-3.7480860000000047,-1.0055555555555504,-1.0411349999999948,5.303167733100048,3.6000000000000227,0.005,0.0033941977523456414,,HYP-FCR-04,baseline,1060.6335466200096,1056.8854606200096,99.00000000000091,0.6719357142857234,1.4733552316866982,1,1,39.500000000003865,1.8000000000000114,5.0,321.15999999999997,0.049999999999954525,2,2023,11
SPY,2023-05-01,short,416.7299,415.38,2023-05-01T14:15:00+00:00,2023-05-01T14:25:00+00:00,415.9901,0.030100000000004457,416.7908,414.3887,2,2,2023-05-01T14:30:00+00:00,415.99,2023-05-01T14:46:00+00:00,416.8008,STOP_LOSS,-1.621599999999944,0.16655816,0.020199999999931606,-1.788158159999944,-1.0126139627825224,-1.1166218059197766,5.125164475100034,1.6014000000000124,0.005,0.0015622913252640112,,HYP-FCR-04,baseline,1025.0328950200067,1023.2447368600067,3.0100000000004457,0.467116666666674,0.0644378634887872,2,2,5.090000000001282,0.8007000000000062,10.0,416.46999999999997,0.32080000000001974,3,2023,10
QQQ,2023-05-01,long,322.77,321.75,2023-05-01T14:40:00+00:00,2023-05-01T14:50:00+00:00,322.3519,0.1099999999999568,321.6,323.85569999999996,3,3,2023-05-01T14:55:00+00:00,322.38,2023-05-01T15:15:00+00:00,321.59000000000003,STOP_LOSS,-2.369999999999891,0.19319100000000003,0.11429999999995744,-2.563190999999891,-1.0506716318659222,-1.1363173294320905,5.284427303100048,2.2556999999999334,0.005,0.0021342899340072797,,HYP-FCR-04,baseline,1056.8854606200096,1054.3222696200096,10.99999999999568,0.45500714285714544,0.24175444655490283,2,2,13.999999999998636,0.7518999999999778,10.0,321.78000000000003,0.18000000000000682,3,2023,10
QQQ,2023-05-03,long,320.79,319.475,2023-05-03T15:45:00+00:00,2023-05-03T15:55:00+00:00,320.11,0.040000000000020464,319.39,321.55000000000007,3,3,2023-05-03T16:00:00+00:00,320.12,2023-05-03T18:23:00+00:00,321.5400000000001,TAKE_PROFIT,4.260000000000218,0.19249800000000003,0.05999999999994543,4.067502000000219,1.9722222222222485,1.8831027777778075,5.271611348100048,2.160000000000082,0.005,0.0020487094527355206,,HYP-FCR-04,baseline,1054.3222696200096,1058.38977162001,4.000000000002046,0.37464285714285744,0.10676835081035005,2,2,7.5000000000045475,0.7200000000000273,10.0,319.40000000000003,0.010000000000047748,3,2023,12
SPY,2023-05-03,long,412.65,411.25,2023-05-03T15:55:00+00:00,2023-05-03T16:00:00+00:00,411.54,0.2699999999999818,411.06,412.50000000000006,2,2,2023-05-03T16:05:00+00:00,411.55,2023-05-03T16:20:00+00:00,411.05,STOP_LOSS,-1.0,0.16452,0.03999999999996362,-1.16452,-1.0416666666666272,-1.2130416666666206,5.116223684300033,0.9600000000000364,0.005,0.0009381919744302354,,HYP-FCR-04,baseline,1023.2447368600067,1022.0802168600067,26.99999999999818,0.3725000000000023,0.7248322147650474,1,1,18.000000000000682,0.4800000000000182,5.0,411.01,0.05000000000001137,2,2023,12
SPY,2023-05-04,long,407.27,404.89,2023-05-04T15:05:00+00:00,2023-05-04T15:10:00+00:00,406.16,0.6800000000000068,404.805,408.87000000000006,2,2,2023-05-04T15:15:00+00:00,406.18,2023-05-04T15:36:00+00:00,404.795,STOP_LOSS,-2.769999999999982,0.162195,0.05999999999994543,-2.932194999999982,-1.0221402214021935,-1.0819907749077278,5.110401084300033,2.7100000000000364,0.005,0.0026514552921546495,,HYP-FCR-04,baseline,1022.0802168600067,1019.1480218600067,68.00000000000068,0.9181071428571508,0.740654296495119,1,1,7.499999999998863,1.3550000000000182,5.0,404.85,0.045000000000015916,2,2023,11
QQQ,2023-05-04,short,317.13,315.72,2023-05-04T15:15:00+00:00,2023-05-04T15:20:00+00:00,316.63,0.05000000000001137,317.44,315.01,3,3,2023-05-04T15:25:00+00:00,316.62,2023-05-04T17:07:00+00:00,317.45,STOP_LOSS,-2.4899999999999523,0.190221,0.05999999999994543,-2.6802209999999524,-1.0246913580246688,-1.102971604938249,5.291948858100049,2.430000000000007,0.005,0.0022959405553216565,,HYP-FCR-04,baseline,1058.38977162001,1055.70955062001,5.000000000001137,0.7460714285714362,0.06701771182385372,1,1,30.000000000001137,0.8100000000000023,5.0,317.33,0.11000000000001364,2,2023,11
QQQ,2023-05-08,long,322.6399,321.46,2023-05-08T14:35:00+00:00,2023-05-08T14:45:00+00:00,322.205,0.03500000000002501,321.305,324.00499999999994,3,3,2023-05-08T14:50:00+00:00,322.21999999999997,2023-05-08T18:51:00+00:00,323.99499999999995,TAKE_PROFIT,5.324999999999932,0.1938645,0.07499999999993179,5.131135499999932,1.9722222222222467,1.9004205555555782,5.27854775310005,2.699999999999932,0.005,0.002557521619856752,,HYP-FCR-04,baseline,1055.70955062001,1060.84068612001,3.500000000002501,0.43366428571429033,0.08070759145493468,2,2,14.499999999998181,0.8999999999999773,10.0,321.43,0.125,3,2023,10
SPY,2023-05-08,long,413.13,411.89,2023-05-08T14:35:00+00:00,2023-05-08T14:45:00+00:00,412.46,0.06999999999999318,411.67,414.0399999999999,2,2,2023-05-08T14:50:00+00:00,412.46999999999997,2023-05-08T18:07:00+00:00,411.66,STOP_LOSS,-1.6199999999998909,0.164826,0.03999999999996362,-1.7848259999998908,-1.0253164556961807,-1.1296367088607424,5.095740109300033,1.5799999999999272,0.005,0.0015503145432361552,,HYP-FCR-04,baseline,1019.1480218600067,1017.3631958600068,6.999999999999318,0.4159000000000016,0.16830968982926883,2,2,20.999999999997954,0.7899999999999636,10.0,411.82,0.14999999999997726,3,2023,10
QQQ,2023-05-09,short,322.74,321.85,2023-05-09T14:00:00+00:00,2023-05-09T14:10:00+00:00,322.02,0.13999999999998636,322.89,320.28,3,3,2023-05-09T14:15:00+00:00,322.0113,2023-05-09T19:59:00+00:00,321.59999999999997,FORCED_SESSION_CLOSE,1.2339000000001192,0.19308339000000002,0.05609999999990123,1.0408166100001193,0.4727586206896984,0.3987803103448712,5.304203430600051,2.6100000000000136,0.005,0.0024603128765224897,,HYP-FCR-04,baseline,1060.84068612001,1061.8815027300102,13.999999999998636,0.4322222222222081,0.3239074550128325,2,2,13.999999999998636,0.8700000000000045,10.0,322.705,0.18500000000000227,3,2023,10
SPY,2023-05-09,short,411.675,410.6894,2023-05-09T14:00:00+00:00,2023-05-09T14:10:00+00:00,410.98,0.06999999999999318,411.84999999999997,409.2400000000001,2,2,2023-05-09T14:15:00+00:00,410.97,2023-05-09T17:56:00+00:00,411.85999999999996,STOP_LOSS,-1.779999999999859,0.164566,0.03999999999996362,-1.944565999999859,-1.0229885057471069,-1.1175666666666528,5.0868159793000345,1.7399999999998954,0.005,0.001710303662527346,,HYP-FCR-04,baseline,1017.3631958600068,1015.418629860007,6.999999999999318,0.45998888888890277,0.15217758883062865,2,2,16.499999999996362,0.8699999999999477,10.0,411.645,0.20499999999998408,3,2023,10
QQQ,2023-05-10,short,325.34,323.04,2023-05-10T14:15:00+00:00,2023-05-10T14:20:00+00:00,324.86,0.36299999999999955,325.73,323.12,3,3,2023-05-10T14:25:00+00:00,324.84000000000003,2023-05-10T14:45:00+00:00,323.13,TAKE_PROFIT,5.130000000000109,0.194391,0.08999999999991815,4.935609000000109,1.9655172413793418,1.8910379310345145,5.309407513650051,2.6100000000000136,0.005,0.0024579013696819445,,HYP-FCR-04,baseline,1061.8815027300102,1066.8171117300103,36.299999999999955,0.853981818181813,0.4250675977772594,1,1,38.00000000000523,0.8700000000000045,5.0,325.51,0.22000000000002728,2,2023,10
SPY,2023-05-10,long,414.535,411.5001,2023-05-10T15:15:00+00:00,2023-05-10T15:25:00+00:00,411.92,0.07839999999998781,411.12,413.52000000000004,2,2,2023-05-10T15:30:00+00:00,411.925,2023-05-10T16:01:00+00:00,411.11,STOP_LOSS,-1.6299999999999955,0.16460700000000003,0.029999999999972715,-1.7946069999999954,-1.0187499999999827,-1.1216293749999813,5.077093149300035,1.6000000000000227,0.005,0.001575704791058059,,HYP-FCR-04,baseline,1015.418629860007,1013.6240228600069,7.839999999998781,0.6049714285714336,0.12959289694906728,2,2,37.009999999997945,0.8000000000000114,10.0,411.15000000000003,0.03000000000002956,3,2023,11
QQQ,2023-05-11,long,325.85,324.38,2023-05-11T14:45:00+00:00,2023-05-11T14:50:00+00:00,325.3,0.5,324.36,327.18,3,3,2023-05-11T14:55:00+00:00,325.32,2023-05-11T19:59:00+00:00,326.18,FORCED_SESSION_CLOSE,2.580000000000041,0.19545,0.08999999999991815,2.384550000000041,0.9148936170212933,0.8455851063829952,5.3340855586500515,2.819999999999993,0.005,0.0026433771721442708,,HYP-FCR-04,baseline,1066.8171117300103,1069.2016617300103,50.0,0.5699571428571387,0.8772589417750771,1,1,0.9999999999990905,0.9399999999999977,5.0,324.34000000000003,0.01999999999998181,2,2023,10
SPY,2023-05-11,long,412.09,410.16,2023-05-11T14:40:00+00:00,2023-05-11T14:50:00+00:00,411.15,0.37999999999999545,410.105,413.2399999999999,2,2,2023-05-11T14:55:00+00:00,411.17,2023-05-11T19:59:00+00:00,412.15000000000003,FORCED_SESSION_CLOSE,1.9600000000000364,0.164664,0.06000000000005912,1.7953360000000365,0.9377990430622551,0.8590124401914386,5.068120114300035,2.089999999999918,0.005,0.0020619085113066336,,HYP-FCR-04,baseline,1013.6240228600069,1015.4193588600069,37.999999999999545,0.6374285714285618,0.5961452263558961,2,2,4.500000000001592,1.044999999999959,10.0,410.29,0.18500000000000227,3,2023,10
SPY,2023-05-15,long,412.29,410.78,2023-05-15T14:20:00+00:00,2023-05-15T14:25:00+00:00,411.02,0.29000000000002046,410.38,412.29999999999995,2,2,2023-05-15T14:30:00+00:00,411.025,2023-05-15T16:45:00+00:00,412.28999999999996,TAKE_PROFIT,2.5299999999999727,0.164663,0.029999999999972715,2.3653369999999727,1.9765625000000209,1.847919531250018,5.077096794300035,1.2799999999999727,0.005,0.0012605629278498352,,HYP-FCR-04,baseline,1015.4193588600069,1017.7846958600069,29.000000000002046,0.47440833333333404,0.611287744383397,1,1,38.999999999998636,0.6399999999999864,5.0,410.31,0.06999999999999318,2,2023,10
QQQ,2023-05-15,long,325.81,324.52,2023-05-15T14:30:00+00:00,2023-05-15T14:35:00+00:00,324.96,0.17709999999999582,324.21000000000004,326.45999999999987,3,3,2023-05-15T14:40:00+00:00,324.95,2023-05-15T17:00:00+00:00,326.4499999999999,TAKE_PROFIT,4.499999999999659,0.19541999999999995,0.05999999999994543,4.304579999999659,2.0,1.91314666666666,5.346008308650052,2.2499999999998295,0.005,0.002104373833799735,,HYP-FCR-04,baseline,1069.2016617300103,1073.50624173001,17.70999999999958,0.49565714285714485,0.35730343555452093,1,1,29.999999999995453,0.7499999999999432,5.0,324.28000000000003,0.06999999999999318,2,2023,10
SPY,2023-05-16,long,412.815,410.89,2023-05-16T14:15:00+00:00,2023-05-16T15:50:00+00:00,411.87,0.20999999999997954,410.72,414.16999999999996,2,2,2023-05-16T15:55:00+00:00,411.89,2023-05-16T19:50:00+00:00,410.71000000000004,STOP_LOSS,-2.3599999999999,0.16452,0.05999999999994543,-2.5245199999999,-1.0260869565217159,-1.0976173913043261,5.088923479300035,2.2999999999999545,0.005,0.002259809967034828,,HYP-FCR-04,baseline,1017.7846958600069,1015.2601758600069,20.999999999997954,0.3870928571428668,0.5425054896388168,19,19,15.999999999996817,1.1499999999999773,95.0,411.16,0.4399999999999977,20,2023,11
QQQ,2023-05-16,short,327.98,326.02,2023-05-16T19:45:00+00:00,2023-05-16T19:50:00+00:00,327.325,0.214999999999975,328.15999999999997,325.65500000000003,3,3,2023-05-16T19:55:00+00:00,327.315,2023-05-16T19:59:00+00:00,327.15,FORCED_SESSION_CLOSE,0.4950000000000614,0.1963395,0.05999999999994543,0.2986605000000614,0.19760479041919102,0.11922574850302144,5.367531208650051,2.5049999999999386,0.005,0.0023334750210329503,,HYP-FCR-04,baseline,1073.50624173001,1073.8049022300102,21.4999999999975,0.27762857142856695,0.7744159720077437,1,1,16.999999999995907,0.8349999999999795,5.0,328.34499999999997,0.18500000000000227,2,2023,15
QQQ,2023-05-19,long,338.205,336.9703,2023-05-19T14:10:00+00:00,2023-05-19T14:15:00+00:00,337.49,0.05009999999998627,336.63,339.21000000000004,3,3,2023-05-19T14:20:00+00:00,337.51,2023-05-19T14:58:00+00:00,336.62,STOP_LOSS,-2.669999999999959,0.202239,0.08999999999991815,-2.872238999999959,-1.0348837209302002,-1.1132709302325245,5.369024511150051,2.580000000000041,0.005,0.0024026710947603796,,HYP-FCR-04,baseline,1073.8049022300102,1070.9326632300101,5.009999999998627,0.5494599999999934,0.09118043169655092,1,1,33.03000000000225,0.8600000000000136,5.0,336.81,0.18000000000000682,2,2023,10
SPY,2023-05-19,short,420.72,419.8,2023-05-19T14:35:00+00:00,2023-05-19T14:40:00+00:00,420.1799,0.09649999999999181,420.73,419.0796999999999,2,2,2023-05-19T14:45:00+00:00,420.17,2023-05-19T15:15:00+00:00,419.0896999999999,TAKE_PROFIT,2.1606000000002723,0.16785193999999998,0.03979999999990014,1.9927480600002723,1.9638247591347964,1.8112598254863808,5.076300879300034,1.1002000000000862,0.005,0.0010836631103629455,,HYP-FCR-04,baseline,1015.2601758600069,1017.2529239200072,9.649999999999181,0.3849357142857213,0.25069121003504496,1,1,0.0,0.5501000000000431,5.0,420.695,0.03500000000002501,2,2023,10
SPY,2023-05-22,long,420.39,418.62,2023-05-22T14:55:00+00:00,2023-05-22T15:00:00+00:00,419.07,0.10000000000002274,418.02,421.17,2,2,2023-05-22T15:05:00+00:00,419.08,2023-05-22T19:59:00+00:00,418.77,FORCED_SESSION_CLOSE,-0.6200000000000045,0.16757,0.03999999999996362,-0.7875700000000045,-0.2952380952380942,-0.37503333333333144,5.086264619600036,2.1000000000000227,0.005,0.002064383351101735,,HYP-FCR-04,baseline,1017.2529239200072,1016.4653539200073,10.000000000002274,0.6317857142857122,0.15828151498025134,1,1,59.00000000000318,1.0500000000000114,5.0,418.37,0.35000000000002274,2,2023,11
QQQ,2023-05-23,short,337.0338,335.7,2023-05-23T14:00:00+00:00,2023-05-23T14:55:00+00:00,336.27,0.09499999999997044,337.07,334.66999999999996,3,3,2023-05-23T15:00:00+00:00,336.26,2023-05-23T16:47:00+00:00,334.67999999999995,TAKE_PROFIT,4.740000000000123,0.201282,0.05999999999994543,4.538718000000123,1.9750000000000232,1.8911325000000243,5.3546633161500505,2.400000000000034,0.005,0.0022410372588333063,,HYP-FCR-04,baseline,1070.9326632300101,1075.4713812300101,9.499999999997044,0.4124857142857122,0.23031100644171104,11,11,2.62000000000171,0.8000000000000114,55.0,336.64,0.4300000000000068,12,2023,11
SPY,2023-05-23,short,418.07,416.84,2023-05-23T14:00:00+00:00,2023-05-23T14:55:00+00:00,417.382,0.045000000000015916,418.14,415.86600000000004,2,2,2023-05-23T15:00:00+00:00,417.37,2023-05-23T17:29:00+00:00,415.87600000000003,TAKE_PROFIT,2.9879999999999427,0.16664920000000003,0.04399999999998272,2.8213507999999425,1.9709762532981636,1.861049340369401,5.082326769600036,1.5159999999999627,0.005,0.001491442865370173,,HYP-FCR-04,baseline,1016.4653539200073,1019.2867047200072,4.500000000001592,0.4111142857142909,0.10945861421923256,11,11,6.000000000000227,0.7579999999999814,55.0,417.71999999999997,0.4200000000000159,12,2023,11
SPY,2023-05-24,long,412.49,410.97,2023-05-24T15:20:00+00:00,2023-05-24T15:25:00+00:00,411.21,0.25,410.62,412.38999999999993,2,2,2023-05-24T15:30:00+00:00,411.22499999999997,2023-05-24T15:43:00+00:00,410.61,STOP_LOSS,-1.2299999999999045,0.164367,0.049999999999954525,-1.3943669999999044,-1.0423728813558955,-1.1816669491525116,5.0964335236000355,1.17999999999995,0.005,0.0011576723158810258,,HYP-FCR-04,baseline,1019.2867047200072,1017.8923377200073,25.0,0.5325714285714339,0.4694206008583644,1,1,34.00000000000318,0.589999999999975,5.0,410.45,0.17000000000001592,2,2023,11
QQQ,2023-05-24,long,332.19,330.86,2023-05-24T17:35:00+00:00,2023-05-24T17:40:00+00:00,331.228,0.14679999999998472,330.62,332.444,3,3,2023-05-24T17:45:00+00:00,331.24,2023-05-24T18:27:00+00:00,330.61,STOP_LOSS,-1.8899999999999864,0.19855500000000004,0.06599999999997408,-2.088554999999986,-1.0361842105263013,-1.1450411184210374,5.377356906150051,1.8240000000000123,0.005,0.0016960004997194015,,HYP-FCR-04,baseline,1075.4713812300101,1073.38282623001,14.679999999998472,0.31190000000000445,0.47066367425451305,1,1,23.00000000000182,0.6080000000000041,5.0,330.42,0.19999999999998863,2,2023,13
SPY,2023-05-25,long,414.8,412.59,2023-05-25T14:25:00+00:00,2023-05-25T14:40:00+00:00,413.7001,0.06999999999999318,412.48,416.1403,2,2,2023-05-25T14:45:00+00:00,413.71999999999997,2023-05-25T18:01:00+00:00,416.13030000000003,TAKE_PROFIT,4.820600000000127,0.16597006000000003,0.05979999999988195,4.6546299400001265,1.9754938119826728,1.9074788705844268,5.089461688600037,2.4402000000000044,0.005,0.0023973065810337525,,HYP-FCR-04,baseline,1017.8923377200073,1022.5469676600075,6.999999999999318,0.6528571428571378,0.10722100656454181,3,3,9.99999999999659,1.2201000000000022,15.0,413.02,0.5399999999999636,4,2023,10
QQQ,2023-05-25,short,339.42,336.665,2023-05-25T15:30:00+00:00,2023-05-25T15:35:00+00:00,338.9,0.17000000000001592,339.47499999999997,337.75,3,3,2023-05-25T15:40:00+00:00,338.85,2023-05-25T16:16:00+00:00,339.48499999999996,STOP_LOSS,-1.9049999999998022,0.20350050000000003,0.1799999999998363,-2.1085004999998023,-1.1043478260868638,-1.222319130434692,5.36691413115005,1.724999999999966,0.005,0.0016070687529616985,,HYP-FCR-04,baseline,1073.38282623001,1071.2743257300103,17.00000000000159,0.47400714285713874,0.3586443845029827,1,1,4.499999999995907,0.5749999999999886,5.0,339.515,0.040000000000020464,2,2023,11
QQQ,2023-05-30,long,353.93,350.65,2023-05-30T14:45:00+00:00,2023-05-30T14:55:00+00:00,351.35,0.040000000000020464,350.55,352.95000000000005,3,3,2023-05-30T15:00:00+00:00,351.355,2023-05-30T15:25:00+00:00,350.54,STOP_LOSS,-2.444999999999993,0.21056850000000005,0.04499999999995907,-2.655568499999993,-1.0187499999999827,-1.1064868749999814,5.356371628650051,2.400000000000034,0.005,0.002240322522771724,,HYP-FCR-04,baseline,1071.2743257300103,1068.6187572300103,4.000000000002046,0.8303999999999974,0.048169556840101865,2,2,8.999999999997499,0.8000000000000114,10.0,350.67,0.12000000000000455,3,2023,11
QQQ,2023-05-31,long,350.6,348.24,2023-05-31T17:30:00+00:00,2023-05-31T17:35:00+00:00,348.81,0.12999999999999545,348.08,350.27000000000004,3,3,2023-05-31T17:40:00+00:00,348.825,2023-05-31T18:50:00+00:00,348.07,STOP_LOSS,-2.2649999999999864,0.20906850000000002,0.07499999999993179,-2.4740684999999862,-1.0342465753424337,-1.129711643835582,5.343093786150051,2.1900000000000546,0.005,0.0020493744707203165,,HYP-FCR-04,baseline,1068.6187572300103,1066.1446887300103,12.999999999999545,0.42392142857142645,0.3066606008525747,1,1,15.00000000000341,0.7300000000000182,5.0,347.55,0.5299999999999727,2,2023,13
SPY,2023-05-31,long,419.22,418.06,2023-05-31T17:35:00+00:00,2023-05-31T17:40:00+00:00,418.17,0.19999999999998863,417.38,419.75000000000006,2,2,2023-05-31T17:45:00+00:00,418.18,2023-05-31T19:59:00+00:00,417.82,FORCED_SESSION_CLOSE,-0.7200000000000273,0.16720000000000002,0.03999999999996362,-0.8872000000000273,-0.45569620253165105,-0.5615189873417749,5.112734838300037,1.580000000000041,0.005,0.0015451612981804707,,HYP-FCR-04,baseline,1022.5469676600075,1021.6597676600074,19.999999999998863,0.4078142857142869,0.4904193085087457,1,1,67.00000000000159,0.7900000000000205,5.0,417.61,0.2300000000000182,2,2023,13
QQQ,2023-06-01,short,348.37,346.66,2023-06-01T14:15:00+00:00,2023-06-01T14:20:00+00:00,347.335,0.05000000000001137,348.7,344.60499999999996,3,3,2023-06-01T14:25:00+00:00,347.33,2023-06-01T14:41:00+00:00,348.71,STOP_LOSS,-4.139999999999986,0.208812,0.04499999999995907,-4.348811999999986,-1.010989010989001,-1.061980952380942,5.330723443650052,4.095000000000027,0.005,0.003840942081583677,,HYP-FCR-04,baseline,1066.1446887300103,1061.7958767300104,5.000000000001137,0.7263636363636372,0.06883604505633598,1,1,31.999999999999318,1.365000000000009,5.0,348.5091,0.19089999999999918,2,2023,10
QQQ,2023-06-02,long,355.83,352.16,2023-06-02T14:00:00+00:00,2023-06-02T14:40:00+00:00,354.3,0.03000000000002956,352.0,358.90000000000003,2,2,2023-06-02T14:45:00+00:00,354.335,2023-06-02T19:59:00+00:00,354.63,FORCED_SESSION_CLOSE,0.5900000000000318,0.141793,0.08999999999991815,0.44820700000003183,0.12826086956522367,0.09743630434783253,5.308979383650052,4.600000000000023,0.005,0.0043322827869388065,,HYP-FCR-04,baseline,1061.7958767300104,1062.2440837300105,3.000000000002956,0.9432571428571391,0.031804688919883646,8,8,15.00000000000341,2.3000000000000114,40.0,353.1982,1.1981999999999857,9,2023,10
SPY,2023-06-02,long,426.375,424.3,2023-06-02T14:00:00+00:00,2023-06-02T14:40:00+00:00,426.2401,0.099899999999991,423.94,430.84029999999996,2,2,2023-06-02T14:45:00+00:00,426.27,2023-06-02T19:59:00+00:00,427.90000000000003,FORCED_SESSION_CLOSE,3.2600000000001046,0.170834,0.07979999999997744,3.0891660000001044,0.7086648406591287,0.671528629190062,5.108298838300037,4.6001999999999725,0.005,0.004502673145812714,,HYP-FCR-04,baseline,1021.6597676600074,1024.7489336600077,9.9899999999991,0.7171357142857134,0.1393041763364053,8,8,35.000000000002274,2.3000999999999863,40.0,425.4101,1.4701000000000022,9,2023,10
QQQ,2023-06-05,short,356.45,354.43,2023-06-05T17:35:00+00:00,2023-06-05T17:40:00+00:00,356.0264,0.009999999999990905,356.57,354.9392000000001,2,2,2023-06-05T17:45:00+00:00,356.01,2023-06-05T18:32:00+00:00,354.9492000000001,TAKE_PROFIT,2.1215999999998303,0.14219184,0.052800000000047476,1.9794081599998303,1.95143487858715,1.8206476821191515,5.311220418650053,1.0871999999999389,0.005,0.001023493579914606,,HYP-FCR-04,baseline,1062.2440837300105,1064.2234918900103,0.9999999999990905,0.3472428571428533,0.028798288558825488,1,1,11.000000000001364,0.5435999999999694,5.0,356.575,0.0049999999999954525,2,2023,13
QQQ,2023-06-06,short,354.32,352.93,2023-06-06T17:50:00+00:00,2023-06-06T17:55:00+00:00,354.09,0.18000000000000682,354.59,353.09,3,3,2023-06-06T18:00:00+00:00,354.08,2023-06-06T18:27:00+00:00,354.59999999999997,STOP_LOSS,-1.5599999999999454,0.21260400000000002,0.05999999999994543,-1.7726039999999454,-1.0399999999999636,-1.1817359999999637,5.321117459450051,1.5,0.005,0.0014094783768924997,,HYP-FCR-04,baseline,1064.2234918900103,1062.4508878900103,18.000000000000682,0.4127499999999965,0.4360993337371492,1,1,25.99999999999909,0.5,5.0,354.48,0.1099999999999568,2,2023,14
QQQ,2023-06-09,short,357.21,354.52,2023-06-09T14:30:00+00:00,2023-06-09T14:35:00+00:00,356.62,0.1099999999999568,357.48,354.9,2,2,2023-06-09T14:40:00+00:00,356.6,2023-06-09T14:50:00+00:00,354.90999999999997,TAKE_PROFIT,3.380000000000109,0.142302,0.05999999999994543,3.237698000000109,1.9651162790697998,1.8823825581395686,5.312254439450052,1.7200000000000273,0.005,0.0016188983600135024,,HYP-FCR-04,baseline,1062.4508878900103,1065.6885858900105,10.99999999999568,0.6014214285714274,0.18290003444214278,1,1,26.000000000004775,0.8600000000000136,5.0,357.28999999999996,0.19000000000005457,2,2023,10
SPY,2023-06-09,short,431.3,429.92,2023-06-09T15:15:00+00:00,2023-06-09T15:20:00+00:00,430.6725,0.22000000000002728,431.6171,428.78330000000005,2,2,2023-06-09T15:25:00+00:00,430.66,2023-06-09T19:59:00+00:00,429.9,FORCED_SESSION_CLOSE,1.5200000000000955,0.172112,0.04499999999995907,1.3478880000000955,0.8045733643871098,0.7134702519585666,5.123744668300039,1.8891999999999598,0.005,0.0018435735212257959,,HYP-FCR-04,baseline,1024.7489336600077,1026.0968216600077,22.00000000000273,0.4604071428571298,0.4778379384706811,1,1,30.709999999999127,0.9445999999999799,5.0,431.615,0.0020999999999844476,2,2023,11
QQQ,2023-06-12,long,356.53,355.64,2023-06-12T14:20:00+00:00,2023-06-12T14:25:00+00:00,356.24,0.0999999999999659,355.32,358.08000000000004,2,2,2023-06-12T14:30:00+00:00,356.26,2023-06-12T17:46:00+00:00,358.07000000000005,TAKE_PROFIT,3.6200000000001182,0.14286600000000002,0.05999999999994543,3.477134000000118,1.9673913043478564,1.8897467391304663,5.328442929450053,1.8400000000000318,0.005,0.0017265831917148242,,HYP-FCR-04,baseline,1065.6885858900105,1069.1657198900107,9.99999999999659,0.6136249999999942,0.1629659808514432,1,1,31.000000000000227,0.9200000000000159,5.0,355.37,0.05000000000001137,2,2023,10
SPY,2023-06-12,long,431.26,430.29,2023-06-12T14:40:00+00:00,2023-06-12T15:35:00+00:00,430.98,0.10000000000002274,430.22,432.5,2,2,2023-06-12T15:40:00+00:00,430.98,2023-06-12T18:59:00+00:00,432.49,TAKE_PROFIT,3.019999999999982,0.17269400000000001,0.01999999999998181,2.847305999999982,1.9868421052631697,1.8732276315789578,5.130484108300038,1.5199999999999818,0.005,0.0014813416900960118,,HYP-FCR-04,baseline,1026.0968216600077,1028.9441276600076,10.000000000002274,0.31285714285714256,0.31963470319642,11,11,6.000000000000227,0.7599999999999909,55.0,430.57,0.3499999999999659,12,2023,11
QQQ,2023-06-13,long,364.11,361.24,2023-06-13T14:30:00+00:00,2023-06-13T14:35:00+00:00,361.8299,0.05999999999994543,360.40000000000003,364.68969999999996,2,2,2023-06-13T14:40:00+00:00,361.84,2023-06-13T19:59:00+00:00,363.25,FORCED_SESSION_CLOSE,2.82000000000005,0.14501799999999998,0.040199999999913416,2.67498200000005,0.986082942863172,0.9353738023638355,5.345828599450053,2.85979999999995,0.005,0.0026747958214505315,,HYP-FCR-04,baseline,1069.1657198900107,1071.8407018900107,5.999999999994543,1.0367928571428584,0.05787076906113186,1,1,82.99999999999841,1.429899999999975,5.0,360.77,0.3699999999999477,2,2023,10
SPY,2023-06-13,long,437.18,435.09,2023-06-13T14:15:00+00:00,2023-06-13T14:35:00+00:00,436.08,0.01999999999998181,434.62,438.99999999999994,2,2,2023-06-13T14:40:00+00:00,436.09999999999997,2023-06-13T19:59:00+00:00,436.65000000000003,FORCED_SESSION_CLOSE,1.1000000000001364,0.17455,0.05999999999994543,0.9254500000001364,0.3767123287671753,0.3169349315069005,5.144720638300038,2.919999999999959,0.005,0.002837860600497844,,HYP-FCR-04,baseline,1028.9441276600076,1029.8695776600077,1.999999999998181,0.7267857142857191,0.027518427518402305,4,4,45.999999999997954,1.4599999999999795,20.0,435.39,0.7699999999999818,5,2023,10
SPY,2023-06-14,short,437.69,436.51,2023-06-14T17:10:00+00:00,2023-06-14T17:15:00+00:00,437.18,0.15500000000002956,437.7,436.14000000000004,2,2,2023-06-14T17:20:00+00:00,437.16,2023-06-14T18:00:00+00:00,436.15000000000003,TAKE_PROFIT,2.019999999999982,0.174662,0.05999999999994543,1.8453379999999817,1.9423076923077427,1.774363461538506,5.1493478883000385,1.0399999999999636,0.005,0.0010098366070420038,,HYP-FCR-04,baseline,1029.8695776600077,1031.7149156600078,15.500000000002956,0.24715714285714188,0.6271313796891573,1,1,0.0,0.5199999999999818,5.0,437.77,0.06999999999999318,2,2023,13
SPY,2023-06-16,long,443.18,440.77,2023-06-16T15:50:00+00:00,2023-06-16T16:00:00+00:00,441.27,0.1150000000000091,440.41,442.9899999999999,2,2,2023-06-16T16:05:00+00:00,441.2862,2023-06-16T18:32:00+00:00,440.40000000000003,STOP_LOSS,-1.7723999999999478,0.17633724000000003,0.0524000000000342,-1.9487372399999479,-1.0304651162790912,-1.132986767441887,5.15857457830004,1.7199999999999136,0.005,0.001667127201412608,,HYP-FCR-04,baseline,1031.7149156600078,1029.766178420008,11.50000000000091,0.5198714285714264,0.22120854057323705,2,2,34.99999999999659,0.8599999999999568,10.0,440.59000000000003,0.18000000000000682,3,2023,12
QQQ,2023-06-16,long,372.85,369.38,2023-06-16T15:50:00+00:00,2023-06-16T16:25:00+00:00,370.69,0.009999999999990905,369.25,373.57,2,2,2023-06-16T16:30:00+00:00,370.71,2023-06-16T18:32:00+00:00,369.24,STOP_LOSS,-2.939999999999941,0.14799,0.05999999999994543,-3.087989999999941,-1.0208333333333144,-1.0722187499999811,5.359203509450054,2.8799999999999955,0.005,0.0026869664446606666,,HYP-FCR-04,baseline,1071.8407018900107,1068.7527118900107,0.9999999999990905,0.526778571428557,0.01898330824823069,7,7,12.000000000000455,1.4399999999999977,35.0,370.06,0.8100000000000023,8,2023,12
QQQ,2023-06-20,long,368.32,365.8,2023-06-20T16:20:00+00:00,2023-06-20T16:25:00+00:00,366.65,0.4200000000000159,365.61,368.7299999999999,2,2,2023-06-20T16:30:00+00:00,366.67,2023-06-20T19:59:00+00:00,366.925,FORCED_SESSION_CLOSE,0.5099999999999909,0.14671900000000002,0.06000000000005912,0.36328099999999086,0.2451923076923119,0.17465432692307864,5.343763559450053,2.0799999999999272,0.005,0.0019461938920572188,,HYP-FCR-04,baseline,1068.7527118900107,1069.1159928900106,42.00000000000159,0.4592857142857148,0.91446345256613,1,1,18.000000000000682,1.0399999999999636,5.0,365.58,0.03000000000002956,2,2023,12
SPY,2023-06-20,long,438.17,437.09,2023-06-20T16:30:00+00:00,2023-06-20T16:40:00+00:00,437.7001,0.11000000000001364,437.05,439.00030000000004,2,2,2023-06-20T16:45:00+00:00,437.72499999999997,2023-06-20T19:59:00+00:00,437.22,FORCED_SESSION_CLOSE,-1.0099999999998772,0.174989,0.06979999999987285,-1.1849889999998773,-0.776803568681636,-0.9113897861866335,5.148830892100039,1.300200000000018,0.005,0.0012626167252792692,,HYP-FCR-04,baseline,1029.766178420008,1028.581189420008,11.000000000001364,0.3839357142857125,0.2865062975572916,2,2,2.9999999999972715,0.650100000000009,10.0,437.19,0.13999999999998636,3,2023,12
SPY,2023-06-21,long,436.28,434.84,2023-06-21T14:10:00+00:00,2023-06-21T14:15:00+00:00,435.24,0.11000000000001364,434.65000000000003,436.41999999999996,2,2,2023-06-21T14:20:00+00:00,435.24,2023-06-21T14:49:00+00:00,434.64000000000004,STOP_LOSS,-1.1999999999999318,0.17397600000000002,0.01999999999998181,-1.373975999999932,-1.0169491525423582,-1.1643864406779578,5.14290594710004,1.17999999999995,0.005,0.0011472113355148205,,HYP-FCR-04,baseline,1028.581189420008,1027.2072134200082,11.000000000001364,0.6115700000000004,0.17986493778310508,1,1,17.999999999994998,0.589999999999975,5.0,434.675,0.024999999999977263,2,2023,10
QQQ,2023-06-21,long,366.18,363.71,2023-06-21T18:20:00+00:00,2023-06-21T18:30:00+00:00,364.34,0.01999999999998181,363.67,365.6799999999999,2,2,2023-06-21T18:35:00+00:00,364.36,2023-06-21T18:49:00+00:00,363.66,STOP_LOSS,-1.3999999999999773,0.145604,0.06000000000005912,-1.5456039999999773,-1.0447761194030318,-1.153435820895576,5.345579964450053,1.3399999999999181,0.005,0.001253371953007325,,HYP-FCR-04,baseline,1069.1159928900106,1067.5703888900107,1.999999999998181,0.4135785714285711,0.04835840486342992,2,2,2.9999999999972715,0.6699999999999591,10.0,363.85,0.18000000000000682,3,2023,14
QQQ,2023-06-22,short,363.42,360.22,2023-06-22T14:40:00+00:00,2023-06-22T14:45:00+00:00,363.22,0.4200000000000159,363.83,362.0000000000001,2,2,2023-06-22T14:50:00+00:00,363.1899,2023-06-22T15:03:00+00:00,363.84,STOP_LOSS,-1.3001999999999043,0.14540598000000002,0.08019999999999072,-1.4456059799999044,-1.0657377049180299,-1.184922934426235,5.337851944450054,1.2199999999999136,0.005,0.0011427817900310903,,HYP-FCR-04,baseline,1067.5703888900107,1066.1247829100107,42.00000000000159,0.7508071428571432,0.5593979812202315,1,1,39.999999999997726,0.6099999999999568,5.0,364.2,0.37000000000000455,2,2023,10
SPY,2023-06-22,short,435.0899,433.6,2023-06-22T14:40:00+00:00,2023-06-22T14:45:00+00:00,434.65,0.3299999999999841,435.12,433.7099999999999,2,2,2023-06-22T14:50:00+00:00,434.61,2023-06-22T15:05:00+00:00,435.13,STOP_LOSS,-1.0399999999999636,0.17394800000000002,0.09999999999990905,-1.2139479999999636,-1.1063829787233013,-1.2914340425530777,5.136036067100041,0.9400000000000546,0.005,0.0009151026080418537,,HYP-FCR-04,baseline,1027.2072134200082,1025.9932654200081,32.99999999999841,0.5725142857142893,0.5764048308214078,1,1,2.010000000001355,0.4700000000000273,5.0,435.59,0.46999999999997044,2,2023,10
SPY,2023-06-23,short,433.589,432.7117,2023-06-23T14:50:00+00:00,2023-06-23T14:55:00+00:00,433.575,0.125,433.94,432.84499999999997,2,2,2023-06-23T15:00:00+00:00,433.57,2023-06-23T15:28:00+00:00,432.85499999999996,TAKE_PROFIT,1.4300000000000637,0.173285,0.029999999999972715,1.2567150000000638,1.9589041095890796,1.7215273972603184,5.129966327100041,0.7300000000000182,0.005,0.0007115056449236828,,HYP-FCR-04,baseline,1025.9932654200081,1027.2499804200081,12.5,0.5017071428571366,0.24914933299164593,1,1,34.10000000000082,0.3650000000000091,5.0,434.13,0.18999999999999773,2,2023,11
QQQ,2023-06-23,short,363.3,360.8227,2023-06-23T18:35:00+00:00,2023-06-23T18:40:00+00:00,362.8,0.160000000000025,363.7699,360.8602,2,2,2023-06-23T18:45:00+00:00,362.78000000000003,2023-06-23T19:59:00+00:00,362.56,FORCED_SESSION_CLOSE,0.44000000000005457,0.145068,0.05999999999994543,0.2949320000000546,0.22682750799054366,0.1520424786060707,5.330623914550054,1.939799999999991,0.005,0.0018194868284604217,,HYP-FCR-04,baseline,1066.1247829100107,1066.4197149100107,16.0000000000025,0.3844928571428576,0.41613256794671044,1,1,45.990000000000464,0.9698999999999955,5.0,363.67,0.099899999999991,2,2023,14
QQQ,2023-06-26,short,364.555,361.78,2023-06-26T14:15:00+00:00,2023-06-26T14:35:00+00:00,362.68,0.410000000000025,364.84999999999997,358.3400000000001,2,2,2023-06-26T14:40:00+00:00,362.65000000000003,2023-06-26T16:42:00+00:00,358.3500000000001,TAKE_PROFIT,8.599999999999909,0.14420000000000002,0.07999999999992724,8.45579999999991,1.9815668202765142,1.9483410138249007,5.332098574550054,4.339999999999918,0.005,0.004069692204036332,,HYP-FCR-04,baseline,1066.4197149100107,1074.8755149100107,41.0000000000025,0.6750357142857045,0.6073752711497205,4,4,28.499999999996817,2.169999999999959,20.0,364.21,0.6399999999999864,5,2023,10
SPY,2023-06-26,short,434.44,432.6,2023-06-26T14:15:00+00:00,2023-06-26T14:35:00+00:00,432.89,0.22000000000002728,434.57,429.53,2,2,2023-06-26T14:40:00+00:00,432.875,2023-06-26T19:59:00+00:00,431.44,FORCED_SESSION_CLOSE,2.8700000000000045,0.17286300000000002,0.049999999999954525,2.6971370000000046,0.8541666666666645,0.8027193452380933,5.13624990210004,3.3600000000000136,0.005,0.0032708688868762228,,HYP-FCR-04,baseline,1027.2499804200081,1029.9471174200082,22.00000000000273,0.5120857142857095,0.429615577749318,4,4,12.000000000000455,1.6800000000000068,20.0,434.0,0.5699999999999932,5,2023,10
QQQ,2023-06-27,short,360.51,358.77,2023-06-27T14:00:00+00:00,2023-06-27T14:10:00+00:00,359.04,0.339999999999975,361.68,353.76000000000005,2,2,2023-06-27T14:15:00+00:00,359.0,2023-06-27T16:05:00+00:00,361.69,STOP_LOSS,-5.3799999999999955,0.14413800000000002,0.10000000000002274,-5.524137999999995,-1.0189393939393983,-1.046238257575762,5.374377574550054,5.279999999999973,0.005,0.004912196739770389,,HYP-FCR-04,baseline,1074.8755149100107,1069.3513769100107,33.9999999999975,0.974099999999996,0.34904013961603164,2,2,116.0000000000025,2.6399999999999864,10.0,360.284,1.396000000000015,3,2023,10
SPY,2023-06-27,long,433.3,432.23,2023-06-27T14:10:00+00:00,2023-06-27T14:20:00+00:00,432.84,0.15999999999996817,431.87,434.7799999999999,2,2,2023-06-27T14:25:00+00:00,432.8462,2023-06-27T16:37:00+00:00,434.7699999999999,TAKE_PROFIT,3.8475999999998294,0.17352324,0.03240000000005239,3.674076759999829,1.9832989690721374,1.8938539999999697,5.149735587100041,1.9399999999999409,0.005,0.001883591853589136,,HYP-FCR-04,baseline,1029.9471174200082,1033.6211941800082,15.999999999996817,0.5379272727272812,0.29743797742168965,2,2,35.000000000002274,0.9699999999999704,10.0,432.38,0.5099999999999909,3,2023,10
QQQ,2023-06-28,short,363.89,361.9038,2023-06-28T16:40:00+00:00,2023-06-28T16:45:00+00:00,363.44,0.1443999999999619,364.44,361.44,2,2,2023-06-28T16:50:00+00:00,363.42,2023-06-28T17:30:00+00:00,364.45,STOP_LOSS,-2.0599999999999454,0.145574,0.05999999999994543,-2.2055739999999453,-1.0299999999999727,-1.1027869999999727,5.346756884550054,2.0,0.005,0.0018702926308274688,,HYP-FCR-04,baseline,1069.3513769100107,1067.1458029100108,14.43999999999619,0.6105571428571344,0.23650529960919706,1,1,54.000000000002046,1.0,5.0,364.45,0.009999999999990905,2,2023,12
SPY,2023-06-28,short,435.29,434.41,2023-06-28T16:50:00+00:00,2023-06-28T16:55:00+00:00,435.17,0.00960000000003447,435.53999999999996,434.4300000000001,2,2,2023-06-28T17:00:00+00:00,435.13,2023-06-28T17:21:00+00:00,435.54999999999995,STOP_LOSS,-0.8399999999999181,0.17413599999999999,0.10000000000002274,-1.0141359999999182,-1.135135135135185,-1.3704540540541372,5.168105970900041,0.7399999999998954,0.005,0.0007159295921625832,,HYP-FCR-04,baseline,1033.6211941800082,1032.6070581800082,0.960000000003447,0.4948785714285618,0.0193986980933974,1,1,23.999999999995225,0.3699999999999477,5.0,435.45,0.08999999999997499,2,2023,13
QQQ,2023-06-29,long,364.89,363.3,2023-06-29T15:05:00+00:00,2023-06-29T15:10:00+00:00,364.01,0.2949999999999591,363.25,365.53,2,2,2023-06-29T15:15:00+00:00,364.0494,2023-06-29T17:04:00+00:00,363.24,STOP_LOSS,-1.6187999999999647,0.14545788,0.0987999999999829,-1.7642578799999646,-1.0649999999999895,-1.160695973684201,5.335729014550054,1.5199999999999818,0.005,0.0014243601913206969,,HYP-FCR-04,baseline,1067.1458029100108,1065.3815450300108,29.499999999995907,0.755342857142864,0.3905511215341557,1,1,4.000000000002046,0.7599999999999909,5.0,363.1184,0.13159999999999172,2,2023,11
SPY,2023-06-29,short,436.98,435.54,2023-06-29T18:00:00+00:00,2023-06-29T18:05:00+00:00,436.57,0.16999999999995907,437.105,435.49999999999994,2,2,2023-06-29T18:10:00+00:00,436.5725,2023-06-29T18:20:00+00:00,437.115,STOP_LOSS,-1.0850000000000364,0.17473750000000002,0.024999999999977263,-1.2597375000000364,-1.0140186915887717,-1.1773247663551192,5.163035290900041,1.07000000000005,0.005,0.0010362121695022574,,HYP-FCR-04,baseline,1032.6070581800082,1031.3473206800081,16.999999999995907,0.35142142857142744,0.483749669708619,1,1,11.50000000000091,0.535000000000025,5.0,437.59999999999997,0.4949999999999477,2,2023,14
QQQ,2023-06-30,short,369.41,367.23,2023-06-30T15:25:00+00:00,2023-06-30T15:30:00+00:00,369.045,0.10499999999996135,369.7299,367.6752000000001,2,2,2023-06-30T15:35:00+00:00,369.04,2023-06-30T16:46:00+00:00,369.74,GAP_THROUGH_STOP,-1.3999999999999773,0.147756,0.029999999999972715,-1.5477559999999773,-1.022047014162679,-1.1299138560374098,5.326907725150054,1.369799999999941,0.005,0.0012857365573770616,,HYP-FCR-04,baseline,1065.3815450300108,1063.8337890300108,10.499999999996135,0.47958571428571467,0.2189389651781981,1,1,30.989999999997053,0.6848999999999705,5.0,369.8036,0.07370000000003074,2,2023,11
SPY,2023-06-30,short,442.6695,441.11,2023-06-30T15:30:00+00:00,2023-06-30T15:35:00+00:00,442.28,0.01999999999998181,442.695,441.44999999999993,2,2,2023-06-30T15:40:00+00:00,442.27,2023-06-30T16:19:00+00:00,442.705,STOP_LOSS,-0.8700000000000045,0.17699499999999999,0.03999999999996362,-1.0469950000000046,-1.048192771084291,-1.261439759036088,5.156736603400041,0.8300000000000409,0.005,0.000804772537201909,,HYP-FCR-04,baseline,1031.3473206800081,1030.3003256800082,1.999999999998181,0.3742714285714328,0.05343715408980155,1,1,1.5499999999974534,0.41500000000002046,5.0,442.82,0.125,2,2023,11
QQQ,2023-07-05,short,371.15,368.66,2023-07-05T15:10:00+00:00,2023-07-05T15:15:00+00:00,370.651,0.12999999999999545,371.4299,369.0932000000001,2,2,2023-07-05T15:20:00+00:00,370.65000000000003,2023-07-05T19:59:00+00:00,370.28999999999996,FORCED_SESSION_CLOSE,0.720000000000141,0.14818800000000001,0.021999999999934516,0.571812000000141,0.4621902683272395,0.36706380793437343,5.319168945150055,1.5577999999999292,0.005,0.001464326491660234,,HYP-FCR-04,baseline,1063.8337890300108,1064.405601030011,12.999999999999545,0.4691428571428519,0.27710109622411033,1,1,26.99000000000069,0.7788999999999646,5.0,371.36,0.06989999999996144,2,2023,11
SPY,2023-07-05,short,443.32,441.9,2023-07-05T16:30:00+00:00,2023-07-05T16:35:00+00:00,442.95,0.06999999999999318,443.37,442.10999999999996,2,2,2023-07-05T16:40:00+00:00,442.93,2023-07-05T17:22:00+00:00,443.38,STOP_LOSS,-0.8999999999999773,0.177262,0.05999999999994543,-1.0772619999999773,-1.0714285714285037,-1.2824547619046862,5.151501628400041,0.8400000000000318,0.005,0.0008152962578611471,,HYP-FCR-04,baseline,1030.3003256800082,1029.2230636800082,6.999999999999318,0.253935714285713,0.27566031897834364,1,1,4.000000000002046,0.4200000000000159,5.0,443.2614,0.10860000000002401,2,2023,12
QQQ,2023-07-06,long,366.96,364.94,2023-07-06T14:20:00+00:00,2023-07-06T14:30:00+00:00,365.63,0.2300000000000182,364.85,367.18999999999994,2,2,2023-07-06T14:35:00+00:00,365.64,2023-07-06T14:58:00+00:00,364.84000000000003,STOP_LOSS,-1.599999999999909,0.146096,0.03999999999996362,-1.746095999999909,-1.0256410256410031,-1.1192923076922885,5.322028005150055,1.5599999999999454,0.005,0.001465606718426091,,HYP-FCR-04,baseline,1064.405601030011,1062.6595050300111,23.00000000000182,0.7832923076923023,0.29363239973290817,2,2,7.999999999998408,0.7799999999999727,10.0,365.04,0.18999999999999773,3,2023,10
SPY,2023-07-06,long,439.62,438.04,2023-07-06T15:55:00+00:00,2023-07-06T16:05:00+00:00,438.55,0.07999999999998408,437.8301,439.9898,2,2,2023-07-06T16:10:00+00:00,438.56,2023-07-06T18:48:00+00:00,439.9798,TAKE_PROFIT,2.8396000000000186,0.17570796000000002,0.03999999999996362,2.6638920400000186,1.9722183636616448,1.8501819974996772,5.146115318400041,1.439799999999991,0.005,0.0013989192924340004,,HYP-FCR-04,baseline,1029.2230636800082,1031.8869557200082,7.999999999998408,0.3292500000000018,0.24297646165522746,2,2,19.990000000001373,0.7198999999999955,10.0,437.95,0.1198999999999728,3,2023,12
QQQ,2023-07-07,short,368.52,366.45,2023-07-07T14:05:00+00:00,2023-07-07T14:20:00+00:00,367.5696,0.25,368.58,365.54879999999997,2,2,2023-07-07T14:25:00+00:00,367.5301,2023-07-07T15:59:00+00:00,368.59,STOP_LOSS,-2.119799999999941,0.14722402,0.0989999999999327,-2.267024019999941,-1.048990498812318,-1.121844823832112,5.313297525150055,2.0208000000000084,0.005,0.0019016439324494048,,HYP-FCR-04,baseline,1062.6595050300111,1060.3924810100111,25.0,0.7236363636363721,0.34547738693466934,3,3,5.000000000001137,1.0104000000000042,15.0,368.26,0.3199999999999932,4,2023,10
SPY,2023-07-07,short,440.2,438.47,2023-07-07T19:35:00+00:00,2023-07-07T19:40:00+00:00,439.53,0.12000000000000455,440.545,437.4999999999999,2,2,2023-07-07T19:45:00+00:00,439.52500000000003,2023-07-07T19:59:00+00:00,438.531,FORCED_SESSION_CLOSE,1.9880000000000564,0.17561120000000002,0.02999999999985903,1.8123888000000563,0.9793103448275723,0.8928023645320095,5.159434778600041,2.0300000000000864,0.005,0.001967269756388805,,HYP-FCR-04,baseline,1031.8869557200082,1033.6993445200083,12.000000000000455,0.33607857142857256,0.3570593611187983,1,1,33.50000000000364,1.0150000000000432,5.0,440.545,0.0,2,2023,15
SPY,2023-07-10,short,439.348,438.05,2023-07-10T14:30:00+00:00,2023-07-10T14:35:00+00:00,438.955,0.18000000000000682,439.4,438.065,2,2,2023-07-10T14:40:00+00:00,438.94,2023-07-10T15:03:00+00:00,438.075,TAKE_PROFIT,1.7300000000000182,0.175403,0.049999999999954525,1.5545970000000182,1.9438202247191514,1.7467382022472382,5.168496722600041,0.8899999999999864,0.005,0.0008609853578007754,,HYP-FCR-04,baseline,1033.6993445200083,1035.2539415200083,18.000000000000682,0.582349999999991,0.3090924701640072,1,1,4.199999999997317,0.4449999999999932,5.0,439.71999999999997,0.3199999999999932,2,2023,10
QQQ,2023-07-10,long,367.05,363.93,2023-07-10T16:20:00+00:00,2023-07-10T16:25:00+00:00,364.4737,0.2949999999999591,363.8397,365.74170000000004,2,2,2023-07-10T16:30:00+00:00,364.5,2023-07-10T17:28:00+00:00,365.73170000000005,TAKE_PROFIT,2.4634000000000924,0.14604634000000002,0.0725999999999658,2.3173536600000926,1.9427444794952964,1.8275659779180122,5.301962405050055,1.268000000000029,0.005,0.0011957836581340847,,HYP-FCR-04,baseline,1060.3924810100111,1062.709834670011,29.499999999995907,0.5582357142857087,0.5284506033037079,1,1,8.030000000002246,0.6340000000000146,5.0,363.528,0.31169999999997344,2,2023,12
QQQ,2023-07-11,long,367.55,365.3799,2023-07-11T14:15:00+00:00,2023-07-11T14:20:00+00:00,365.785,0.3100000000000023,364.7,367.9550000000001,2,2,2023-07-11T14:25:00+00:00,365.78999999999996,2023-07-11T19:47:00+00:00,367.9450000000001,TAKE_PROFIT,4.3100000000002865,0.14674700000000004,0.02999999999985903,4.163253000000286,1.9861751152074387,1.9185497695853209,5.313549173350055,2.1700000000000728,0.005,0.00204194967356625,,HYP-FCR-04,baseline,1062.709834670011,1066.8730876700115,31.000000000000227,0.775909090909088,0.3995313415348609,1,1,66.9900000000041,1.0850000000000364,5.0,364.78000000000003,0.08000000000004093,2,2023,10
SPY,2023-07-11,long,441.0471,439.65,2023-07-11T14:15:00+00:00,2023-07-11T14:20:00+00:00,440.22,0.20999999999997954,439.4801,441.6998000000001,2,2,2023-07-11T14:25:00+00:00,440.23,2023-07-11T16:02:00+00:00,441.6898000000001,TAKE_PROFIT,2.919600000000173,0.17638396000000003,0.03999999999996362,2.7432160400001733,1.9729693201784284,1.8537748614677974,5.176269707600041,1.4798000000000684,0.005,0.0014294077430194148,,HYP-FCR-04,baseline,1035.2539415200083,1037.9971575600084,20.999999999997954,0.5236181818181855,0.40105559220802084,1,1,15.989999999999327,0.7399000000000342,5.0,439.53000000000003,0.04990000000003647,2,2023,10
QQQ,2023-07-12,short,373.29,371.81,2023-07-12T14:55:00+00:00,2023-07-12T15:00:00+00:00,372.93,0.13240000000001828,373.40999999999997,371.9700000000001,2,2,2023-07-12T15:05:00+00:00,372.91,2023-07-12T15:17:00+00:00,373.41999999999996,STOP_LOSS,-1.0199999999998681,0.14926599999999998,0.05999999999994543,-1.169265999999868,-1.0624999999999483,-1.2179854166666273,5.334365438350058,0.9599999999999227,0.005,0.0008998258659767177,,HYP-FCR-04,baseline,1066.8730876700115,1065.7038216700116,13.240000000001828,0.4869214285714309,0.27191245287451,1,1,10.99999999999568,0.47999999999996135,5.0,373.78999999999996,0.37999999999999545,2,2023,11
SPY,2023-07-12,short,447.07,445.8318,2023-07-12T15:20:00+00:00,2023-07-12T15:30:00+00:00,446.48,0.0999999999999659,447.11,445.22,2,2,2023-07-12T15:35:00+00:00,446.47,2023-07-12T15:40:00+00:00,445.23,TAKE_PROFIT,2.480000000000018,0.17834000000000003,0.03999999999996362,2.3016600000000182,1.9682539682539968,1.8267142857143135,5.189985787800042,1.259999999999991,0.005,0.001213876156425937,,HYP-FCR-04,baseline,1037.9971575600084,1040.2988175600085,9.99999999999659,0.3238571428571423,0.308778120864474,2,2,3.000000000002956,0.6299999999999955,10.0,447.09999999999997,0.010000000000047748,3,2023,11
QQQ,2023-07-13,short,377.0968,375.46,2023-07-13T15:05:00+00:00,2023-07-13T15:15:00+00:00,376.5,0.2400000000000091,377.11,375.28,2,2,2023-07-13T15:20:00+00:00,376.51,2023-07-13T15:41:00+00:00,377.12,STOP_LOSS,-1.2200000000000273,0.150726,0.03999999999996362,-1.3707260000000272,-1.0,-1.1235459016393414,5.328519108350058,1.2200000000000273,0.005,0.0011447833583708331,,HYP-FCR-04,baseline,1065.7038216700116,1064.3330956700115,24.00000000000091,0.4682214285714273,0.5125779927079886,2,2,0.32000000000493856,0.6100000000000136,10.0,377.005,0.10500000000001819,3,2023,11
SPY,2023-07-14,short,451.09,450.35,2023-07-14T14:20:00+00:00,2023-07-14T14:30:00+00:00,450.38,0.19499999999999318,451.215,448.71000000000004,2,2,2023-07-14T14:35:00+00:00,450.36,2023-07-14T19:01:00+00:00,448.72,TAKE_PROFIT,3.2799999999999727,0.179816,0.05999999999994543,3.1001839999999725,1.9640718562874568,1.8563976047904482,5.201494087800042,1.669999999999959,0.005,0.0016053079863311745,,HYP-FCR-04,baseline,1040.2988175600085,1043.3990015600084,19.499999999999318,0.45526153846154,0.4283252230332358,2,2,11.50000000000091,0.8349999999999795,10.0,451.135,0.07999999999998408,3,2023,10
QQQ,2023-07-14,short,381.768,379.58,2023-07-14T14:35:00+00:00,2023-07-14T14:50:00+00:00,381.12,0.07499999999998863,382.17,379.02,2,2,2023-07-14T14:55:00+00:00,381.105,2023-07-14T15:36:00+00:00,382.18,STOP_LOSS,-2.1499999999999773,0.15265700000000001,0.049999999999954525,-2.3026569999999773,-1.023809523809502,-1.0965033333333107,5.321665478350058,2.1000000000000227,0.005,0.001973066522635985,,HYP-FCR-04,baseline,1064.3330956700115,1062.0304386700116,7.499999999998863,0.7063928571428651,0.10617321401484696,3,3,39.200000000005275,1.0500000000000114,15.0,381.69,0.4800000000000182,4,2023,10
QQQ,2023-07-17,short,381.0801,379.31,2023-07-17T16:25:00+00:00,2023-07-17T16:30:00+00:00,380.7199,0.03899999999998727,381.12,379.9197,2,2,2023-07-17T16:35:00+00:00,380.72,2023-07-17T16:49:00+00:00,381.13,STOP_LOSS,-0.8199999999999363,0.15237,0.020200000000045293,-0.9723699999999363,-1.0247438140463858,-1.2151587103223125,5.310152193350058,0.800200000000018,0.005,0.0007534623969931731,,HYP-FCR-04,baseline,1062.0304386700116,1061.0580686700116,3.8999999999987267,0.3281214285714254,0.11885843655437382,1,1,2.9899999999997817,0.400100000000009,5.0,381.25,0.12999999999999545,2,2023,12
SPY,2023-07-19,short,456.12,455.01,2023-07-19T14:25:00+00:00,2023-07-19T14:30:00+00:00,455.7499,0.1099999999999568,456.34999999999997,454.54970000000014,2,2,2023-07-19T14:35:00+00:00,455.73,2023-07-19T16:03:00+00:00,456.35999999999996,STOP_LOSS,-1.2599999999998772,0.182418,0.059799999999995634,-1.4424179999998772,-1.0498250291618076,-1.2018146975504245,5.216995007800042,1.2001999999998816,0.005,0.0011502790382254887,,HYP-FCR-04,baseline,1043.3990015600084,1041.9565835600085,10.99999999999568,0.39135384615384683,0.28107555625431163,1,1,21.999999999997044,0.6000999999999408,5.0,456.315,0.03499999999996817,2,2023,10
QQQ,2023-07-19,long,387.38,385.955,2023-07-19T14:15:00+00:00,2023-07-19T14:45:00+00:00,387.09,0.1449999999999818,385.78000000000003,389.70999999999987,2,2,2023-07-19T14:50:00+00:00,387.09999999999997,2023-07-19T16:25:00+00:00,385.77000000000004,STOP_LOSS,-2.6599999999998545,0.15457400000000002,0.03999999999996362,-2.8145739999998547,-1.0152671755725058,-1.0742648854961725,5.305290343350058,2.619999999999891,0.005,0.0024692333787951328,,HYP-FCR-04,baseline,1061.0580686700116,1058.2434946700118,14.499999999998181,0.5553500000000083,0.26109660574408866,6,6,16.499999999996362,1.3099999999999454,30.0,386.35,0.5699999999999932,7,2023,10
SPY,2023-07-20,long,455.1,454.08,2023-07-20T15:35:00+00:00,2023-07-20T15:40:00+00:00,454.18,0.07999999999998408,453.93,454.68,2,2,2023-07-20T15:45:00+00:00,454.19,2023-07-20T15:47:00+00:00,453.92,STOP_LOSS,-0.5399999999999636,0.181622,0.03999999999996362,-0.7216219999999636,-1.0799999999999272,-1.4432439999999271,5.209782917800043,0.5,0.005,0.0004798664434670314,,HYP-FCR-04,baseline,1041.9565835600085,1041.2349615600085,7.999999999998408,0.373571428571438,0.2141491395793019,1,1,13.999999999998636,0.25,5.0,453.73,0.19999999999998863,2,2023,11
QQQ,2023-07-21,long,379.92,377.54,2023-07-21T14:10:00+00:00,2023-07-21T14:15:00+00:00,377.92,0.05000000000001137,377.0767,379.6066,2,2,2023-07-21T14:20:00+00:00,377.9391,2023-07-21T14:23:00+00:00,377.0667,STOP_LOSS,-1.744799999999941,0.15100116000000002,0.05819999999994252,-1.8958011599999411,-1.0345072927783365,-1.124037210956921,5.291217473350059,1.6865999999999985,0.005,0.001593773085773539,,HYP-FCR-04,baseline,1058.2434946700118,1056.3476935100118,5.000000000001137,1.0583300000000064,0.0472442432889657,1,1,45.33000000000129,0.8432999999999993,5.0,377.0699,0.006799999999998363,2,2023,10
SPY,2023-07-21,long,454.07,452.58,2023-07-21T14:05:00+00:00,2023-07-21T14:15:00+00:00,453.54,0.2699999999999818,452.495,455.63000000000005,2,2,2023-07-21T14:20:00+00:00,453.53999999999996,2023-07-21T14:27:00+00:00,452.485,STOP_LOSS,-2.1099999999999,0.181205,0.020000000000095497,-2.2912049999999,-1.0095693779903674,-1.096270334928165,5.206174807800043,2.090000000000032,0.005,0.0020072318709590128,,HYP-FCR-04,baseline,1041.2349615600085,1038.9437565600085,26.99999999999818,0.5252100000000098,0.5140800822527689,2,2,7.499999999998863,1.045000000000016,10.0,452.64,0.1449999999999818,3,2023,10
SPY,2023-07-24,short,454.45,452.75,2023-07-24T15:25:00+00:00,2023-07-24T15:30:00+00:00,454.12,0.1027000000000271,454.53999999999996,453.2800000000001,2,2,2023-07-24T15:35:00+00:00,454.1,2023-07-24T16:01:00+00:00,454.54999999999995,STOP_LOSS,-0.8999999999998636,0.18173,0.05999999999994543,-1.0817299999998635,-1.0714285714285134,-1.2877738095237725,5.1947187828000425,0.8399999999999181,0.005,0.000808513449064074,,HYP-FCR-04,baseline,1038.9437565600085,1037.8620265600086,10.27000000000271,0.34801428571427906,0.2951028282912046,1,1,7.999999999998408,0.4199999999999591,5.0,454.53999999999996,0.0,2,2023,11
QQQ,2023-07-25,short,378.85,376.93,2023-07-25T14:00:00+00:00,2023-07-25T14:30:00+00:00,377.77,0.08100000000001728,378.92,375.4699999999999,2,2,2023-07-25T14:35:00+00:00,377.755,2023-07-25T15:37:00+00:00,378.93,STOP_LOSS,-2.3500000000000227,0.151337,0.049999999999954525,-2.5013370000000226,-1.0217391304347623,-1.0875378260869342,5.281738467550059,2.300000000000068,0.005,0.0021773134112289035,,HYP-FCR-04,baseline,1056.3476935100118,1053.846356510012,8.100000000001728,0.5756153846153893,0.1407189629827898,6,6,6.000000000000227,1.150000000000034,30.0,378.4899,0.43010000000003856,7,2023,10
QQQ,2023-07-26,long,378.21,376.43,2023-07-26T15:35:00+00:00,2023-07-26T15:40:00+00:00,376.695,0.06999999999999318,376.3,377.48499999999996,2,2,2023-07-26T15:45:00+00:00,376.71,2023-07-26T16:26:00+00:00,376.29,STOP_LOSS,-0.8399999999999181,0.1506,0.049999999999954525,-0.9905999999999182,-1.0632911392404516,-1.2539240506328657,5.26923178255006,0.7899999999999636,0.005,0.0007496348923349515,,HYP-FCR-04,baseline,1053.846356510012,1052.855756510012,6.999999999999318,0.43778571428571567,0.15989557839776494,1,1,12.000000000000455,0.3949999999999818,5.0,376.02,0.28000000000002956,2,2023,11
SPY,2023-07-26,long,455.16,454.42,2023-07-26T15:30:00+00:00,2023-07-26T15:40:00+00:00,454.6799,0.060000000000002274,454.32,455.39969999999994,2,2,2023-07-26T15:45:00+00:00,454.685,2023-07-26T16:46:00+00:00,454.31,STOP_LOSS,-0.75,0.18179900000000002,0.030200000000036198,-0.931799,-1.041956098916418,-1.2945248680189594,5.189310132800044,0.7197999999999638,0.005,0.0006935411274133801,,HYP-FCR-04,baseline,1037.8620265600086,1036.9302275600087,6.000000000000227,0.2267071428571512,0.26465862188474776,2,2,9.000000000003183,0.3598999999999819,10.0,454.35,0.03000000000002956,3,2023,11
QQQ,2023-07-27,long,384.71,382.7769,2023-07-27T15:25:00+00:00,2023-07-27T15:30:00+00:00,383.04,0.28000000000002956,382.37,384.38000000000005,2,2,2023-07-27T15:35:00+00:00,383.03,2023-07-27T15:45:00+00:00,382.36,STOP_LOSS,-1.3399999999999181,0.153078,0.04000000000007731,-1.4930779999999182,-0.9999999999999152,-1.1142373134327483,5.26427878255006,1.3400000000000318,0.005,0.0012727289485901093,,HYP-FCR-04,baseline,1052.855756510012,1051.362678510012,28.000000000002956,0.6521285714285625,0.42936318429762615,1,1,39.690000000001646,0.6700000000000159,5.0,382.0902,0.2798000000000229,2,2023,11
SPY,2023-07-28,short,456.59,455.16,2023-07-28T17:20:00+00:00,2023-07-28T17:25:00+00:00,456.1512,0.08990000000000009,456.65999999999997,455.1336000000001,2,2,2023-07-28T17:30:00+00:00,456.14,2023-07-28T17:44:00+00:00,455.1436000000001,TAKE_PROFIT,1.992799999999761,0.18225672000000004,0.04240000000004329,1.810543279999761,1.9583333333332869,1.779228852201194,5.184651137800044,1.0175999999999021,0.005,0.0009813582177022728,,HYP-FCR-04,baseline,1036.9302275600087,1038.7407708400085,8.990000000000009,0.31610714285713876,0.28439724324935434,1,1,6.000000000000227,0.5087999999999511,5.0,456.83,0.17000000000001592,2,2023,13
QQQ,2023-07-28,short,382.69,380.22,2023-07-28T17:30:00+00:00,2023-07-28T17:35:00+00:00,382.5534,0.21999999999997044,383.25,381.16020000000003,2,2,2023-07-28T17:40:00+00:00,382.54,2023-07-28T18:01:00+00:00,383.26,STOP_LOSS,-1.4399999999999409,0.15316,0.04679999999996198,-1.5931599999999408,-1.0335917312661231,-1.1435256962388494,5.25681339255006,1.393199999999979,0.005,0.0013251373940479014,,HYP-FCR-04,baseline,1051.362678510012,1049.7695185100122,21.999999999997044,0.4624999999999976,0.47567567567561425,1,1,55.00000000000114,0.6965999999999894,5.0,383.13,0.12000000000000455,2,2023,13
SPY,2023-07-31,long,458.16,456.5,2023-07-31T17:05:00+00:00,2023-07-31T17:10:00+00:00,456.851,0.18999999999999773,456.37,457.813,2,2,2023-07-31T17:15:00+00:00,456.86,2023-07-31T19:35:00+00:00,456.36,STOP_LOSS,-1.0,0.182644,0.038000000000010914,-1.182644,-1.0395010395010513,-1.2293596673596814,5.193703854200042,0.9619999999999891,0.005,0.0009261213451957212,,HYP-FCR-04,baseline,1038.7407708400085,1037.5581268400085,18.999999999999773,0.26872142857142683,0.7070519124956767,1,1,12.000000000000455,0.48099999999999454,5.0,456.42,0.05000000000001137,2,2023,13
QQQ,2023-08-01,long,382.589,381.56,2023-08-01T14:25:00+00:00,2023-08-01T14:30:00+00:00,382.26,0.3147000000000162,381.44,383.9,2,2,2023-08-01T14:35:00+00:00,382.25,2023-08-01T19:59:00+00:00,382.79,FORCED_SESSION_CLOSE,1.080000000000041,0.153008,0.03999999999996362,0.9269920000000409,0.6585365853658841,0.5652390243902735,5.248847592550061,1.6399999999999864,0.005,0.001562247684927751,,HYP-FCR-04,baseline,1049.7695185100122,1050.696510510012,31.47000000000162,0.686953846153852,0.45810937919915967,1,1,11.000000000001364,0.8199999999999932,5.0,381.02,0.4200000000000159,2,2023,10
SPY,2023-08-01,long,456.94,456.06,2023-08-01T16:50:00+00:00,2023-08-01T17:00:00+00:00,456.41,0.12999999999999545,455.91,457.41,2,2,2023-08-01T17:05:00+00:00,456.42,2023-08-01T19:59:00+00:00,456.455,FORCED_SESSION_CLOSE,0.06999999999993634,0.18257500000000002,0.03999999999996362,-0.11257500000006368,0.06999999999993634,-0.11257500000006368,5.187790634200042,1.0,0.005,0.0009638014238735755,,HYP-FCR-04,baseline,1037.5581268400085,1037.4455518400084,12.999999999999545,0.2534999999999944,0.5128205128205062,2,2,13.999999999998636,0.5,10.0,456.03000000000003,0.12000000000000455,3,2023,13
QQQ,2023-08-03,short,374.36,371.77,2023-08-03T14:00:00+00:00,2023-08-03T14:10:00+00:00,373.41,0.030100000000004457,374.58,371.0700000000001,2,2,2023-08-03T14:15:00+00:00,373.38,2023-08-03T15:18:00+00:00,374.59,STOP_LOSS,-2.419999999999959,0.149594,0.08000000000004093,-2.569593999999959,-1.034188034188053,-1.098117094017115,5.253482552550061,2.339999999999918,0.005,0.002227094100525825,,HYP-FCR-04,baseline,1050.696510510012,1048.126916510012,3.0100000000004457,0.9038777777777732,0.033300962519519785,2,2,20.999999999997954,1.169999999999959,10.0,374.03,0.5500000000000114,3,2023,10
SPY,2023-08-03,long,449.0,447.63,2023-08-03T14:30:00+00:00,2023-08-03T14:40:00+00:00,448.3967,0.03999999999996362,447.36,450.4701,2,2,2023-08-03T14:45:00+00:00,448.405,2023-08-03T16:45:00+00:00,450.4601,TAKE_PROFIT,4.110200000000077,0.17977302,0.036599999999907595,3.9304269800000773,1.9823478344748202,1.8956433780264743,5.187227759200042,2.0733999999999924,0.005,0.001998562716204836,,HYP-FCR-04,baseline,1037.4455518400084,1041.3759788200084,3.999999999996362,0.5986571428571535,0.06681620770289227,2,2,25.99999999999909,1.0366999999999962,10.0,447.42,0.060000000000002274,3,2023,10
SPY,2023-08-04,long,451.87,450.15,2023-08-04T14:25:00+00:00,2023-08-04T14:30:00+00:00,451.015,0.009999999999990905,450.05,452.94499999999994,2,2,2023-08-04T14:35:00+00:00,451.03,2023-08-04T18:01:00+00:00,450.04,STOP_LOSS,-1.9799999999999045,0.18021399999999999,0.049999999999954525,-2.1602139999999044,-1.0259067357512723,-1.1192818652849537,5.206879894100042,1.92999999999995,0.005,0.001853317187311012,,HYP-FCR-04,baseline,1041.3759788200084,1039.2157648200084,0.9999999999990905,0.7587769230769325,0.013179104023669687,1,1,8.999999999997499,0.964999999999975,5.0,450.02,0.03000000000002956,2,2023,10
QQQ,2023-08-04,long,377.47,374.02,2023-08-04T14:15:00+00:00,2023-08-04T14:35:00+00:00,375.38,0.3901000000000181,373.43,379.28,2,2,2023-08-04T14:40:00+00:00,375.39,2023-08-04T18:25:00+00:00,373.42,STOP_LOSS,-3.939999999999941,0.149762,0.03999999999996362,-4.089761999999941,-1.010256410256401,-1.048656923076914,5.240634582550061,3.8999999999999773,0.005,0.0037209234288018813,,HYP-FCR-04,baseline,1048.126916510012,1044.0371545100122,39.01000000000181,1.0931714285714318,0.35685162436947787,4,4,57.99999999999841,1.9499999999999886,20.0,374.63,1.1999999999999886,5,2023,10
QQQ,2023-08-07,long,374.85,372.45,2023-08-07T14:00:00+00:00,2023-08-07T14:10:00+00:00,373.17,0.08640000000002601,372.04,375.43,2,2,2023-08-07T14:15:00+00:00,373.1637,2023-08-07T15:07:00+00:00,372.03000000000003,STOP_LOSS,-2.2673999999999523,0.14903874,0.03260000000000218,-2.4164387399999523,-1.0032743362831689,-1.0692206814159124,5.220185772550061,2.259999999999991,0.005,0.002164673920116047,,HYP-FCR-04,baseline,1044.0371545100122,1041.6207157700123,8.640000000002601,1.0436222222222176,0.08278857824247148,2,2,39.999999999997726,1.1299999999999955,10.0,372.7,0.6599999999999682,3,2023,10
SPY,2023-08-07,long,449.65,448.2601,2023-08-07T14:05:00+00:00,2023-08-07T14:10:00+00:00,449.12,0.27499999999997726,448.1994,450.96119999999996,2,2,2023-08-07T14:15:00+00:00,449.125,2023-08-07T19:59:00+00:00,450.69,FORCED_SESSION_CLOSE,3.1299999999999955,0.179963,0.029999999999972715,2.9500369999999956,1.699978275038055,1.6022360417119612,5.196078824100042,1.841199999999958,0.005,0.0017717206208076074,,HYP-FCR-04,baseline,1039.2157648200084,1042.1658018200085,27.499999999997726,0.7383333333333439,0.37246049661395936,1,1,5.0700000000006185,0.920599999999979,5.0,448.355,0.15559999999999263,2,2023,10
SPY,2023-08-08,long,448.15,446.085,2023-08-08T16:05:00+00:00,2023-08-08T16:10:00+00:00,446.35,0.16500000000002046,446.0,447.05000000000007,2,2,2023-08-08T16:15:00+00:00,446.355,2023-08-08T17:15:00+00:00,447.0400000000001,TAKE_PROFIT,1.3700000000001182,0.17867900000000003,0.029999999999972715,1.1913210000001182,1.9571428571428988,1.701887142857201,5.210829009100043,0.7000000000000455,0.005,0.0006716781521496728,,HYP-FCR-04,baseline,1042.1658018200085,1043.3571228200085,16.500000000002046,0.3673857142857173,0.4491192596337573,1,1,7.499999999998863,0.35000000000002274,5.0,445.68,0.3199999999999932,2,2023,12
QQQ,2023-08-08,long,372.66,370.12,2023-08-08T17:10:00+00:00,2023-08-08T17:20:00+00:00,370.37,0.03999999999996362,369.845,371.41999999999996,2,2,2023-08-08T17:25:00+00:00,370.40999999999997,2023-08-08T18:18:00+00:00,371.40999999999997,TAKE_PROFIT,2.0,0.148364,0.09999999999990905,1.851636,1.9047619047619873,1.7634628571429336,5.208103578850062,1.0499999999999545,0.005,0.0010080444677252295,,HYP-FCR-04,baseline,1041.6207157700123,1043.4723517700124,3.999999999996362,0.40715714285713844,0.09824216694142254,2,2,26.499999999998636,0.5249999999999773,10.0,370.05,0.20499999999998408,3,2023,13
QQQ,2023-08-09,long,372.45,369.93,2023-08-09T18:10:00+00:00,2023-08-09T18:15:00+00:00,370.51,0.2699999999999818,369.82,371.89,2,2,2023-08-09T18:20:00+00:00,370.51,2023-08-09T19:07:00+00:00,369.81,STOP_LOSS,-1.3999999999999773,0.148064,0.01999999999998181,-1.5480639999999772,-1.0144927536231754,-1.121785507246364,5.217361758850062,1.3799999999999955,0.005,0.0013225074892105582,,HYP-FCR-04,baseline,1043.4723517700124,1041.9242877700124,26.99999999999818,0.35892142857142467,0.7522537761945086,1,1,10.000000000002274,0.6899999999999977,5.0,369.85,0.03000000000002956,2,2023,14
SPY,2023-08-09,long,449.1999,448.03,2023-08-09T18:10:00+00:00,2023-08-09T18:15:00+00:00,448.435,0.27520000000004075,447.85,449.60499999999996,2,2,2023-08-09T18:20:00+00:00,448.44,2023-08-09T19:07:00+00:00,447.84000000000003,STOP_LOSS,-1.1999999999999318,0.179256,0.029999999999972715,-1.3792559999999319,-1.0256410256410031,-1.178851282051265,5.216785614100043,1.169999999999959,0.005,0.001121380181732653,,HYP-FCR-04,baseline,1043.3571228200085,1041.9778668200086,27.520000000004075,0.30737142857143696,0.8953337051497642,1,1,16.999999999995907,0.5849999999999795,5.0,447.74,0.11000000000001364,2,2023,14
QQQ,2023-08-10,short,373.98,370.3214,2023-08-10T14:15:00+00:00,2023-08-10T14:40:00+00:00,372.23,0.5409000000000219,374.27,368.1500000000001,2,2,2023-08-10T14:45:00+00:00,372.18,2023-08-10T17:38:00+00:00,368.1600000000001,TAKE_PROFIT,8.03999999999985,0.14806800000000003,0.12000000000000455,7.89193199999985,1.970588235294116,1.934297058823527,5.209621438850062,4.079999999999927,0.005,0.003915831551188987,,HYP-FCR-04,baseline,1041.9242877700124,1049.8162197700121,54.09000000000219,0.7781999999999901,0.695065535852003,5,5,27.99999999999727,2.0399999999999636,25.0,373.68,0.589999999999975,6,2023,10
SPY,2023-08-10,short,451.23,447.99,2023-08-10T14:30:00+00:00,2023-08-10T14:40:00+00:00,449.81,0.4300000000000068,451.32,446.79,2,2,2023-08-10T14:45:00+00:00,449.79,2023-08-10T16:25:00+00:00,446.8,TAKE_PROFIT,5.980000000000018,0.179318,0.05999999999994543,5.800682000000018,1.9801324503311437,1.9207556291390904,5.209889334100043,3.019999999999982,0.005,0.0028983341164593637,,HYP-FCR-04,baseline,1041.9778668200086,1047.7785488200086,43.00000000000068,0.6331000000000009,0.6791975991154734,2,2,7.999999999998408,1.509999999999991,10.0,451.11,0.20999999999997954,3,2023,10
QQQ,2023-08-11,short,366.608,365.05,2023-08-11T14:50:00+00:00,2023-08-11T14:55:00+00:00,366.23,0.2999999999999545,367.0799,364.53020000000004,2,2,2023-08-11T15:00:00+00:00,366.22,2023-08-11T18:32:00+00:00,367.0899,STOP_LOSS,-1.7397999999999456,0.14666198,0.03999999999996362,-1.8864619799999456,-1.0235321802564796,-1.1098140840098634,5.249081098850061,1.699799999999982,0.005,0.0016191405390672709,,HYP-FCR-04,baseline,1049.8162197700121,1047.9297577900122,29.999999999995453,0.7647642857142907,0.3922777326346434,1,1,46.19000000000142,0.849899999999991,5.0,367.1295,0.04959999999999809,2,2023,11
QQQ,2023-08-15,long,370.169,368.1399,2023-08-15T15:50:00+00:00,2023-08-15T16:00:00+00:00,368.5508,0.08000000000004093,368.09000000000003,369.4723999999999,2,2,2023-08-15T16:05:00+00:00,368.57,2023-08-15T16:09:00+00:00,368.08000000000004,STOP_LOSS,-0.9799999999999045,0.14733000000000002,0.058400000000006,-1.1273299999999045,-1.0633680555555691,-1.2232313368055867,5.239648788950062,0.9215999999998985,0.005,0.0008794482580048766,,HYP-FCR-04,baseline,1047.9297577900122,1046.8024277900124,8.000000000004093,0.456700000000004,0.1751696956427419,2,2,3.9899999999988722,0.46079999999994925,10.0,368.17,0.07999999999998408,3,2023,12
QQQ,2023-08-16,short,367.03,365.2,2023-08-16T14:20:00+00:00,2023-08-16T14:30:00+00:00,366.5,0.05000000000001137,367.44,364.62,2,2,2023-08-16T14:35:00+00:00,366.47,2023-08-16T16:10:00+00:00,364.63,TAKE_PROFIT,3.6800000000000637,0.14622000000000002,0.07999999999992724,3.5337800000000636,1.9574468085106769,1.8796702127659959,5.234012138950062,1.8799999999999955,0.005,0.0017959453953206935,,HYP-FCR-04,baseline,1046.8024277900124,1050.3362077900124,5.000000000001137,0.7470384615384572,0.06693095814242409,2,2,40.00000000000341,0.9399999999999977,10.0,367.25,0.18999999999999773,3,2023,10
SPY,2023-08-17,long,441.43,439.8,2023-08-17T14:45:00+00:00,2023-08-17T14:50:00+00:00,440.5278,0.12999999999999545,439.69,442.20340000000004,2,2,2023-08-17T14:55:00+00:00,440.53,2023-08-17T15:03:00+00:00,439.68,STOP_LOSS,-1.6999999999999318,0.176042,0.0243999999999005,-1.8760419999999318,-1.0145619479588803,-1.1196240152780477,5.238892744100043,1.6756000000000313,0.005,0.0015991928846864304,,HYP-FCR-04,baseline,1047.7785488200086,1045.9025068200087,12.999999999999545,0.5262857142857139,0.24701411509228252,1,1,10.000000000002274,0.8378000000000156,5.0,439.71930000000003,0.029300000000034743,2,2023,10
QQQ,2023-08-17,long,364.31,361.87,2023-08-17T16:20:00+00:00,2023-08-17T16:25:00+00:00,362.655,0.2599999999999909,361.7,364.56499999999994,2,2,2023-08-17T16:30:00+00:00,362.67,2023-08-17T17:30:00+00:00,361.69,STOP_LOSS,-1.9600000000000364,0.144872,0.05000000000006821,-2.1048720000000363,-1.0261780104712404,-1.1020272251309273,5.251681038950062,1.9099999999999682,0.005,0.0018184653502698474,,HYP-FCR-04,baseline,1050.3362077900124,1048.2313357900123,25.99999999999909,0.5834785714285796,0.445603339576655,1,1,16.0000000000025,0.9549999999999841,5.0,361.825,0.125,2,2023,12
QQQ,2023-08-18,long,356.83,355.02,2023-08-18T14:15:00+00:00,2023-08-18T14:40:00+00:00,356.75,0.410000000000025,354.7,360.85,2,2,2023-08-18T14:45:00+00:00,356.78,2023-08-18T19:59:00+00:00,358.13,FORCED_SESSION_CLOSE,2.7000000000000455,0.142982,0.07999999999992724,2.5570180000000455,0.6585365853658611,0.6236629268292759,5.241156678950062,4.100000000000023,0.005,0.003911350347974484,,HYP-FCR-04,baseline,1048.2313357900123,1050.7883537900123,41.0000000000025,0.8049357142857089,0.5093574464686966,5,5,31.000000000000227,2.0500000000000114,25.0,355.36,0.660000000000025,6,2023,10
QQQ,2023-08-21,short,362.16,359.55,2023-08-21T14:10:00+00:00,2023-08-21T14:15:00+00:00,361.53,0.4300000000000068,362.4,359.78999999999996,2,2,2023-08-21T14:20:00+00:00,361.545,2023-08-21T15:10:00+00:00,359.79999999999995,TAKE_PROFIT,3.490000000000123,0.144269,0.05000000000006821,3.345731000000123,2.005747126436842,1.9228339080460375,5.253941768950061,1.740000000000009,0.005,0.0016558995859862068,,HYP-FCR-04,baseline,1050.7883537900123,1054.1340847900124,43.00000000000068,0.6650399999999991,0.646577649464705,1,1,22.999999999996135,0.8700000000000045,5.0,362.36,0.03999999999996362,2,2023,10
SPY,2023-08-21,short,438.71,437.33,2023-08-21T14:05:00+00:00,2023-08-21T14:15:00+00:00,437.82,0.5399999999999636,438.9,435.66,2,2,2023-08-21T14:20:00+00:00,437.81,2023-08-21T15:42:00+00:00,435.67,TAKE_PROFIT,4.279999999999973,0.17469600000000002,0.03999999999996362,4.105303999999973,1.981481481481498,1.9006037037037191,5.229512534100044,2.159999999999968,0.005,0.002065202048867148,,HYP-FCR-04,baseline,1045.9025068200087,1050.0078108200087,53.99999999999636,0.6009999999999991,0.898502495840207,2,2,18.000000000000682,1.079999999999984,10.0,438.59,0.3100000000000023,3,2023,10
QQQ,2023-08-22,long,366.56,364.25,2023-08-22T14:45:00+00:00,2023-08-22T14:55:00+00:00,365.465,0.5999999999999659,364.041,368.31299999999993,2,2,2023-08-22T15:00:00+00:00,365.48,2023-08-22T15:52:00+00:00,364.031,STOP_LOSS,-2.8980000000000246,0.1459022,0.05000000000006821,-3.0439022000000246,-1.0175561797753052,-1.0687858848314857,5.270670423950062,2.8479999999999563,0.005,0.002701743583756035,,HYP-FCR-04,baseline,1054.1340847900124,1051.0901825900123,59.99999999999659,0.689935714285716,0.8696462403328987,2,2,19.900000000001228,1.4239999999999782,10.0,364.26,0.2189999999999941,3,2023,11
SPY,2023-08-22,long,441.18,439.58,2023-08-22T14:50:00+00:00,2023-08-22T14:55:00+00:00,439.7606,0.3100000000000023,439.13,441.02180000000004,2,2,2023-08-22T15:00:00+00:00,439.78,2023-08-22T15:08:00+00:00,439.12,STOP_LOSS,-1.3199999999999363,0.17578,0.058799999999905594,-1.4957799999999364,-1.0466222645099146,-1.1859974627338248,5.250039054100044,1.2612000000000307,0.005,0.0012011339220563421,,HYP-FCR-04,baseline,1050.0078108200087,1048.5120308200087,31.000000000000227,0.5662571428571539,0.5474544628891401,1,1,43.99999999999977,0.6306000000000154,5.0,439.12,0.009999999999990905,2,2023,11
QQQ,2023-08-25,long,363.495,361.98,2023-08-25T18:10:00+00:00,2023-08-25T18:15:00+00:00,363.1299,0.009999999999990905,361.85,365.6897,2,2,2023-08-25T18:20:00+00:00,363.135,2023-08-25T19:59:00+00:00,364.06,FORCED_SESSION_CLOSE,1.8500000000000227,0.14543899999999998,0.03019999999992251,1.7045610000000226,0.7227127119306297,0.6658961637628039,5.255450912950062,2.5597999999999956,0.005,0.002435376185982768,,HYP-FCR-04,baseline,1051.0901825900123,1052.7947435900123,0.9999999999990905,0.6454857142857163,0.015492209631713907,1,1,12.000000000000455,1.2798999999999978,5.0,361.735,0.1150000000000091,2,2023,14
SPY,2023-08-28,short,443.209,441.785,2023-08-28T14:30:00+00:00,2023-08-28T14:40:00+00:00,442.25,0.29359999999996944,443.24,440.27,2,2,2023-08-28T14:45:00+00:00,442.24,2023-08-28T17:05:00+00:00,443.25,STOP_LOSS,-2.019999999999982,0.177098,0.03999999999996362,-2.197097999999982,-1.0202020202020017,-1.109645454545435,5.242560154100044,1.9800000000000182,0.005,0.001888390349180373,,HYP-FCR-04,baseline,1048.5120308200087,1046.3149328200088,29.359999999996944,0.5703428571428658,0.5147780783488014,2,2,2.1000000000015007,0.9900000000000091,10.0,443.18,0.060000000000002274,3,2023,10
QQQ,2023-08-28,long,367.71,364.71,2023-08-28T16:30:00+00:00,2023-08-28T16:40:00+00:00,365.56,0.2300000000000182,364.54,367.59999999999997,2,2,2023-08-28T16:45:00+00:00,365.57,2023-08-28T19:59:00+00:00,366.84000000000003,FORCED_SESSION_CLOSE,2.5400000000000773,0.14648200000000003,0.03999999999996362,2.393518000000077,1.2450980392157465,1.1732931372549606,5.263973717950062,2.0399999999999636,0.005,0.0019376996441334785,,HYP-FCR-04,baseline,1052.7947435900123,1055.1882615900124,23.00000000000182,0.4898642857142842,0.4695177964742807,2,2,15.999999999996817,1.0199999999999818,10.0,364.75,0.20999999999997954,3,2023,12
QQQ,2023-08-30,short,376.3239,374.13,2023-08-30T14:15:00+00:00,2023-08-30T14:20:00+00:00,374.7799,0.4300000000000068,377.08,370.1797,2,2,2023-08-30T14:25:00+00:00,374.77,2023-08-30T16:15:00+00:00,377.09,STOP_LOSS,-4.639999999999986,0.15037199999999998,0.039800000000013824,-4.790371999999986,-1.008651797747927,-1.0413399417416667,5.275941307950062,4.6001999999999725,0.005,0.004359601189145293,,HYP-FCR-04,baseline,1055.1882615900124,1050.3978895900125,43.00000000000068,0.911718181818189,0.4716369691591339,1,1,74.61000000000126,2.3000999999999863,5.0,377.03999999999996,0.040000000000020464,2,2023,10
SPY,2023-08-30,short,451.3383,449.4501,2023-08-30T14:15:00+00:00,2023-08-30T14:20:00+00:00,449.8187,0.48099999999999454,451.57,446.31609999999995,2,2,2023-08-30T14:25:00+00:00,449.79,2023-08-30T16:34:00+00:00,451.58,STOP_LOSS,-3.5799999999999272,0.18027400000000002,0.07739999999989777,-3.760273999999927,-1.0220978701535708,-1.0735664934619698,5.2315746641000445,3.5026000000000295,0.005,0.0033475580727495556,,HYP-FCR-04,baseline,1046.3149328200088,1042.5546588200089,48.099999999999454,0.6929272727272798,0.6941565427304303,1,1,22.169999999999845,1.7513000000000147,5.0,451.53,0.040000000000020464,2,2023,10
SPY,2023-08-31,short,452.55,451.39,2023-08-31T14:45:00+00:00,2023-08-31T14:50:00+00:00,452.26,0.06999999999999318,452.57,451.64,2,2,2023-08-31T14:55:00+00:00,452.24,2023-08-31T15:23:00+00:00,451.65,TAKE_PROFIT,1.1800000000000637,0.180778,0.05999999999994543,0.9992220000000637,1.9032258064517016,1.611648387096865,5.212773294100044,0.6200000000000045,0.005,0.0005946930405564895,,HYP-FCR-04,baseline,1042.5546588200089,1043.553880820009,6.999999999999318,0.4792000000000038,0.14607679465774756,1,1,0.9999999999990905,0.3100000000000023,5.0,452.75,0.18000000000000682,2,2023,10
QQQ,2023-08-31,short,378.775,376.86,2023-08-31T16:15:00+00:00,2023-08-31T16:20:00+00:00,377.69,0.30000000000001137,378.82,375.43,2,2,2023-08-31T16:25:00+00:00,377.67,2023-08-31T17:26:00+00:00,378.83,STOP_LOSS,-2.3199999999999363,0.15130000000000002,0.05999999999994543,-2.4712999999999363,-1.0265486725663477,-1.0934955752212152,5.251989447950063,2.259999999999991,0.005,0.0021515656327928323,,HYP-FCR-04,baseline,1050.3978895900125,1047.9265895900126,30.000000000001137,0.5083714285714304,0.5901197099983342,1,1,3.500000000002501,1.1299999999999955,5.0,378.99,0.17000000000001592,2,2023,12
QQQ,2023-09-01,long,380.83,377.15,2023-09-01T15:15:00+00:00,2023-09-01T15:20:00+00:00,377.66,0.13999999999998636,376.92,379.14000000000004,2,2,2023-09-01T15:25:00+00:00,377.65999999999997,2023-09-01T15:45:00+00:00,376.91,STOP_LOSS,-1.4999999999998863,0.150914,0.020000000000095497,-1.6509139999998863,-1.0135135135134243,-1.1154824324323418,5.239632947950063,1.4800000000000182,0.005,0.0014123126702787919,,HYP-FCR-04,baseline,1047.9265895900126,1046.2756755900127,13.999999999998636,0.6535000000000041,0.2142310635041859,1,1,21.999999999997044,0.7400000000000091,5.0,376.98,0.060000000000002274,2,2023,11
QQQ,2023-09-05,long,377.36,375.9,2023-09-05T14:05:00+00:00,2023-09-05T14:10:00+00:00,376.53,0.08999999999997499,375.85,377.8899999999999,2,2,2023-09-05T14:15:00+00:00,376.56,2023-09-05T14:52:00+00:00,377.8799999999999,TAKE_PROFIT,2.639999999999759,0.15088799999999997,0.08000000000004093,2.489111999999759,1.9411764705882009,1.8302294117646631,5.2313783779500636,1.3599999999999,0.005,0.0012998486266374994,,HYP-FCR-04,baseline,1046.2756755900127,1048.7647875900125,8.999999999997499,0.8141999999999965,0.11053795136327116,1,1,3.999999999996362,0.67999999999995,5.0,375.8801,0.030100000000004457,2,2023,10
SPY,2023-09-05,long,450.93,449.38,2023-09-05T14:35:00+00:00,2023-09-05T14:50:00+00:00,450.17,0.13999999999998636,449.22,452.07,2,2,2023-09-05T14:55:00+00:00,450.18,2023-09-05T19:59:00+00:00,449.21000000000004,STOP_LOSS,-1.9399999999999409,0.17987800000000004,0.03999999999996362,-2.119877999999941,-1.0210526315789286,-1.115725263157877,5.2177694041000455,1.8999999999999773,0.005,0.0018207013887073906,,HYP-FCR-04,baseline,1043.553880820009,1041.434002820009,13.999999999998636,0.5042857142857267,0.2776203966005327,3,3,14.999999999997726,0.9499999999999886,15.0,449.56,0.339999999999975,4,2023,10
SPY,2023-09-07,long,444.4,442.805,2023-09-07T14:35:00+00:00,2023-09-07T14:45:00+00:00,444.25,0.3050000000000068,442.79,447.16999999999996,2,2,2023-09-07T14:50:00+00:00,444.26,2023-09-07T19:59:00+00:00,444.83,FORCED_SESSION_CLOSE,1.1399999999999864,0.177818,0.03999999999996362,0.9621819999999863,0.3904109589041104,0.32951438356164375,5.207170014100045,2.919999999999959,0.005,0.002803826255041744,,HYP-FCR-04,baseline,1041.434002820009,1042.396184820009,30.500000000000682,0.6058214285714273,0.5034486824264699,2,2,0.49999999999954525,1.4599999999999795,10.0,442.81,0.01999999999998181,3,2023,10
QQQ,2023-09-07,short,371.16,369.15,2023-09-07T15:40:00+00:00,2023-09-07T15:45:00+00:00,370.69,0.339999999999975,371.46999999999997,369.13000000000005,2,2,2023-09-07T15:50:00+00:00,370.6924,2023-09-07T16:19:00+00:00,371.47999999999996,STOP_LOSS,-1.5751999999998816,0.14843447999999998,0.024800000000027467,-1.7236344799998815,-1.0097435897435492,-1.1048938974358602,5.243823937950062,1.5599999999999454,0.005,0.0014874641277618744,,HYP-FCR-04,baseline,1048.7647875900125,1047.0411531100126,33.9999999999975,0.5770571428571551,0.5891964153091485,1,1,29.999999999995453,0.7799999999999727,5.0,371.53,0.060000000000002274,2,2023,11
QQQ,2023-09-08,short,374.4,371.92,2023-09-08T14:30:00+00:00,2023-09-08T14:35:00+00:00,373.96,0.03000000000002956,374.78,372.32,2,2,2023-09-08T14:40:00+00:00,373.93,2023-09-08T18:14:00+00:00,372.33,TAKE_PROFIT,3.2000000000000455,0.149252,0.07999999999992724,3.0507480000000453,1.9512195121951659,1.8602121951219943,5.235205765550063,1.6399999999999864,0.005,0.0015663185684046093,,HYP-FCR-04,baseline,1047.0411531100126,1050.0919011100127,3.000000000002956,0.7549999999999873,0.03973509933778816,1,1,37.000000000000455,0.8199999999999932,5.0,374.61,0.16999999999995907,2,2023,10
SPY,2023-09-08,short,446.1,444.8,2023-09-08T16:45:00+00:00,2023-09-08T16:50:00+00:00,445.82,0.08999999999997499,446.24,444.97999999999996,2,2,2023-09-08T16:55:00+00:00,445.8,2023-09-08T18:39:00+00:00,444.98999999999995,TAKE_PROFIT,1.6200000000001182,0.178158,0.05999999999994543,1.4418420000001182,1.9285714285714963,1.716478571428647,5.211980924100045,0.8400000000000318,0.005,0.0008058356431389615,,HYP-FCR-04,baseline,1042.396184820009,1043.8380268200092,8.999999999997499,0.33317142857142457,0.2701312065859843,1,1,12.999999999999545,0.4200000000000159,5.0,446.1384,0.10160000000001901,2,2023,12
QQQ,2023-09-11,long,376.31,374.0,2023-09-11T14:20:00+00:00,2023-09-11T14:25:00+00:00,374.65,0.020000000000038654,373.8001,376.34979999999996,2,2,2023-09-11T14:30:00+00:00,374.67,2023-09-11T14:31:00+00:00,373.7901,STOP_LOSS,-1.759800000000041,0.14969202,0.06000000000005912,-1.9094920200000411,-1.0352982703847864,-1.1233627603247802,5.250459505550063,1.699799999999982,0.005,0.0016187154650018605,,HYP-FCR-04,baseline,1050.0919011100127,1048.1824090900127,2.0000000000038654,0.7485333333333273,0.026718916993283062,1,1,18.990000000002283,0.849899999999991,5.0,373.87,0.06990000000001828,2,2023,10
SPY,2023-09-11,long,448.77,446.93,2023-09-11T14:15:00+00:00,2023-09-11T14:25:00+00:00,447.8,0.15999999999996817,446.8,449.8,2,2,2023-09-11T14:30:00+00:00,447.81,2023-09-11T14:57:00+00:00,446.79,STOP_LOSS,-2.0399999999999636,0.17892000000000002,0.03999999999996362,-2.218919999999964,-1.0199999999999818,-1.109459999999982,5.219190134100046,2.0,0.005,0.0019160060743263797,,HYP-FCR-04,baseline,1043.8380268200092,1041.6191068200092,15.999999999996817,0.5099166666666642,0.31377676090858425,2,2,12.000000000000455,1.0,10.0,446.89,0.08999999999997499,3,2023,10
SPY,2023-09-12,long,447.82,446.79,2023-09-12T15:30:00+00:00,2023-09-12T15:35:00+00:00,446.87,0.10050000000001091,446.72,447.16999999999996,2,2,2023-09-12T15:40:00+00:00,446.88,2023-09-12T15:52:00+00:00,447.15999999999997,TAKE_PROFIT,0.5599999999999454,0.178808,0.03999999999996362,0.38119199999994546,1.8666666666667677,1.2706400000000109,5.208095534100046,0.2999999999999545,0.005,0.0002880131499467533,,HYP-FCR-04,baseline,1041.6191068200092,1042.0002988200092,10.050000000001091,0.3817499999999906,0.26326129666015297,1,1,6.000000000000227,0.14999999999997726,5.0,446.41,0.3100000000000023,2,2023,11
QQQ,2023-09-12,long,376.675,374.93,2023-09-12T17:20:00+00:00,2023-09-12T17:25:00+00:00,375.31,0.5,374.73,376.46999999999997,2,2,2023-09-12T17:30:00+00:00,375.32,2023-09-12T17:42:00+00:00,374.72,STOP_LOSS,-1.1999999999999318,0.150008,0.03999999999996362,-1.3500079999999317,-1.0344827586206593,-1.163799999999973,5.240912045450064,1.1599999999999682,0.005,0.0011066776068175297,,HYP-FCR-04,baseline,1048.1824090900127,1046.8324010900128,50.0,0.3698999999999931,1.3517166801838585,1,1,18.999999999999773,0.5799999999999841,5.0,374.4012,0.3288000000000011,2,2023,13
QQQ,2023-09-13,long,374.44,372.78,2023-09-13T14:20:00+00:00,2023-09-13T14:25:00+00:00,373.5182,0.5199999999999818,372.13,376.29459999999995,2,2,2023-09-13T14:30:00+00:00,373.55,2023-09-13T19:59:00+00:00,374.23,FORCED_SESSION_CLOSE,1.3600000000000136,0.149556,0.08360000000004675,1.2104440000000136,0.4898429621092169,0.4359760841377424,5.234162005450064,2.776399999999967,0.005,0.00265219150372977,,HYP-FCR-04,baseline,1046.8324010900128,1048.0428450900129,51.99999999999818,0.895716666666677,0.5805407215823186,1,1,63.999999999998636,1.3881999999999834,5.0,372.17,0.040000000000020464,2,2023,10
SPY,2023-09-13,long,447.26,445.99,2023-09-13T14:25:00+00:00,2023-09-13T14:30:00+00:00,446.37,0.2400000000000091,445.725,447.65999999999997,2,2,2023-09-13T14:35:00+00:00,446.38,2023-09-13T17:45:00+00:00,447.65,TAKE_PROFIT,2.5399999999999636,0.178806,0.03999999999996362,2.361193999999964,1.9689922480620428,1.8303829457364578,5.210001494100046,1.2899999999999636,0.005,0.0012380034837425635,,HYP-FCR-04,baseline,1042.0002988200092,1044.3614928200093,24.00000000000091,0.6469846153846106,0.37095163361394173,1,1,25.499999999999545,0.6449999999999818,5.0,445.23,0.49500000000000455,2,2023,10
QQQ,2023-09-14,long,376.44,374.0,2023-09-14T14:20:00+00:00,2023-09-14T14:30:00+00:00,375.61,0.11000000000001364,373.88,379.07000000000005,2,2,2023-09-14T14:35:00+00:00,375.63,2023-09-14T19:59:00+00:00,377.27,FORCED_SESSION_CLOSE,3.2799999999999727,0.15058,0.05999999999994543,3.1294199999999726,0.9479768786126989,0.9044566473988265,5.240214225450065,3.4600000000000364,0.005,0.0033013917476845795,,HYP-FCR-04,baseline,1048.0428450900129,1051.1722650900128,11.000000000001364,0.8386461538461538,0.13116378045202684,2,2,11.000000000001364,1.7300000000000182,10.0,374.03000000000003,0.1500000000000341,3,2023,10
SPY,2023-09-14,long,449.31,448.0696,2023-09-14T14:20:00+00:00,2023-09-14T14:30:00+00:00,448.765,0.040000000000020464,447.705,450.885,2,2,2023-09-14T14:35:00+00:00,448.78,2023-09-14T19:04:00+00:00,450.875,TAKE_PROFIT,4.190000000000055,0.179931,0.049999999999954525,4.010069000000055,1.9764150943396441,1.8915419811320973,5.2218074641000465,2.1200000000000045,0.005,0.0020299484561380476,,HYP-FCR-04,baseline,1044.3614928200093,1048.3715618200094,4.000000000002046,0.5811846153846082,0.06882494639599128,2,2,35.46000000000049,1.0600000000000023,10.0,447.86,0.15500000000002956,3,2023,10
QQQ,2023-09-18,short,371.2,369.03,2023-09-18T14:20:00+00:00,2023-09-18T14:40:00+00:00,369.96,0.015000000000043201,371.33,367.21999999999997,2,2,2023-09-18T14:45:00+00:00,369.94,2023-09-18T15:31:00+00:00,371.34,STOP_LOSS,-2.7999999999999545,0.148256,0.05999999999994543,-2.9482559999999545,-1.0218978102189582,-1.0760058394160381,5.255861325450065,2.740000000000009,0.005,0.002606613674082602,,HYP-FCR-04,baseline,1051.1722650900128,1048.224009090013,1.50000000000432,0.6752928571428478,0.022212585016089074,4,4,12.000000000000455,1.3700000000000045,20.0,370.5,0.8299999999999841,5,2023,10
SPY,2023-09-18,short,443.76,442.56,2023-09-18T15:00:00+00:00,2023-09-18T15:10:00+00:00,443.45,0.023000000000024556,443.84999999999997,442.65000000000003,2,2,2023-09-18T15:15:00+00:00,443.43,2023-09-18T15:19:00+00:00,443.85999999999996,STOP_LOSS,-0.8599999999999,0.177458,0.05999999999994543,-1.0374579999999,-1.074999999999936,-1.2968224999999487,5.241857809100047,0.7999999999999545,0.005,0.000763088230484931,,HYP-FCR-04,baseline,1048.3715618200094,1047.3341038200097,2.3000000000024556,0.40887857142856127,0.05625141938758482,2,2,7.999999999998408,0.39999999999997726,10.0,443.68,0.16999999999995907,3,2023,11
QQQ,2023-09-19,long,369.765,368.09,2023-09-19T17:00:00+00:00,2023-09-19T17:05:00+00:00,368.54,0.18000000000000682,367.98,369.66,2,2,2023-09-19T17:10:00+00:00,368.53999999999996,2023-09-19T17:47:00+00:00,369.65000000000003,TAKE_PROFIT,2.220000000000141,0.14763800000000002,0.020000000000095497,2.072362000000141,1.982142857142975,1.8503232142858326,5.241120045450065,1.1200000000000045,0.005,0.0010684739047069737,,HYP-FCR-04,baseline,1048.224009090013,1050.296371090013,18.000000000000682,0.3392428571428598,0.5305933381058819,1,1,9.99999999999659,0.5600000000000023,5.0,367.82,0.160000000000025,2,2023,13
SPY,2023-09-19,long,443.25,442.15,2023-09-19T18:30:00+00:00,2023-09-19T18:35:00+00:00,443.03,0.1400000000000432,442.01,445.06999999999994,2,2,2023-09-19T18:40:00+00:00,443.03,2023-09-19T19:00:00+00:00,442.0,STOP_LOSS,-2.0599999999999454,0.177006,0.01999999999998181,-2.2370059999999454,-1.0098039215686188,-1.0965715686274438,5.236670519100048,2.0399999999999636,0.005,0.0019478025136003298,,HYP-FCR-04,baseline,1047.3341038200097,1045.0970978200098,14.00000000000432,0.3464928571428548,0.4040487332248898,1,1,12.999999999999545,1.0199999999999818,5.0,442.03000000000003,0.020000000000038654,2,2023,14
SPY,2023-09-20,short,444.42,443.44,2023-09-20T14:00:00+00:00,2023-09-20T14:15:00+00:00,443.623,0.13999999999998636,444.445,441.979,2,2,2023-09-20T14:20:00+00:00,443.61,2023-09-20T18:01:00+00:00,441.989,TAKE_PROFIT,3.2420000000000755,0.1771198,0.045999999999935426,3.0648802000000757,1.972019464720234,1.8642823600973635,5.225485489100049,1.6440000000000055,0.005,0.0015730595783198134,,HYP-FCR-04,baseline,1045.0970978200098,1048.1619780200099,13.999999999998636,0.4184300000000121,0.3345840403412334,3,3,1.4999999999986358,0.8220000000000027,15.0,444.09999999999997,0.3450000000000273,4,2023,10
QQQ,2023-09-21,long,361.6,359.435,2023-09-21T14:05:00+00:00,2023-09-21T14:10:00+00:00,360.0,0.01999999999998181,359.40000000000003,361.19999999999993,2,2,2023-09-21T14:15:00+00:00,359.99,2023-09-21T14:19:00+00:00,361.18999999999994,TAKE_PROFIT,2.3999999999998636,0.144236,0.03999999999996362,2.2557639999998638,2.0,1.8798033333333266,5.2514818554500655,1.1999999999999318,0.005,0.0011425346531042035,,HYP-FCR-04,baseline,1050.296371090013,1052.5521350900128,1.999999999998181,0.8249888888888867,0.024242750744095782,1,1,2.4999999999977263,0.5999999999999659,5.0,359.46000000000004,0.060000000000002274,2,2023,10
SPY,2023-09-21,long,435.97,434.11,2023-09-21T14:05:00+00:00,2023-09-21T14:10:00+00:00,434.68,0.12999999999999545,434.0,436.04,2,2,2023-09-21T14:15:00+00:00,434.68,2023-09-21T15:13:00+00:00,433.99,STOP_LOSS,-1.3799999999999955,0.17373400000000003,0.01999999999998181,-1.5537339999999955,-1.0147058823529276,-1.1424514705882205,5.240809890100049,1.3600000000000136,0.005,0.0012975093816788407,,HYP-FCR-04,baseline,1048.1619780200099,1046.6082440200098,12.999999999999545,0.6188888888888945,0.2100538599640841,1,1,10.000000000002274,0.6800000000000068,5.0,434.05,0.05000000000001137,2,2023,10
SPY,2023-09-22,short,432.64,431.67,2023-09-22T14:10:00+00:00,2023-09-22T14:15:00+00:00,432.445,0.0835999999999899,432.92109999999997,431.49280000000005,2,2,2023-09-22T14:20:00+00:00,432.44,2023-09-22T14:24:00+00:00,432.93109999999996,STOP_LOSS,-0.9821999999999207,0.17307422,0.029999999999972715,-1.1552742199999206,-1.0315059861373392,-1.213268452005864,5.233041220100049,0.952199999999948,0.005,0.0009097960057552759,,HYP-FCR-04,baseline,1046.6082440200098,1045.45296980001,8.35999999999899,0.6017799999999965,0.13892120043868256,1,1,27.10999999999899,0.476099999999974,5.0,432.86,0.061099999999953525,2,2023,10
QQQ,2023-09-22,short,359.94,358.44,2023-09-22T17:25:00+00:00,2023-09-22T17:40:00+00:00,359.175,0.040000000000020464,359.96999999999997,357.5850000000001,2,2,2023-09-22T17:45:00+00:00,359.16,2023-09-22T19:08:00+00:00,359.97999999999996,STOP_LOSS,-1.6399999999998727,0.143828,0.049999999999954525,-1.7838279999998727,-1.0314465408804763,-1.121904402515701,5.262760675450064,1.5899999999999181,0.005,0.0015106140085535463,,HYP-FCR-04,baseline,1052.5521350900128,1050.768307090013,4.000000000002046,0.3789428571428622,0.10555681218432462,3,3,1.999999999998181,0.7949999999999591,15.0,359.8,0.16999999999995907,4,2023,13
QQQ,2023-09-25,short,358.68,355.93,2023-09-25T16:40:00+00:00,2023-09-25T16:45:00+00:00,358.42,0.009999999999990905,358.88009999999997,357.4998000000001,2,2,2023-09-25T16:50:00+00:00,358.41,2023-09-25T17:08:00+00:00,358.89009999999996,STOP_LOSS,-0.9601999999998725,0.14346002,0.03999999999996362,-1.1036600199998725,-1.0434688111279804,-1.1993697239730297,5.253841535450065,0.9201999999999089,0.005,0.0008757401548856201,,HYP-FCR-04,baseline,1050.768307090013,1049.6646470700132,0.9999999999990905,0.4020071428571441,0.024875179900831938,1,1,19.009999999997262,0.46009999999995443,5.0,359.15999999999997,0.2798999999999978,2,2023,12
SPY,2023-09-25,short,430.76,428.72,2023-09-25T19:00:00+00:00,2023-09-25T19:05:00+00:00,430.03,0.44999999999998863,431.01,428.06999999999994,2,2,2023-09-25T19:10:00+00:00,430.015,2023-09-25T19:16:00+00:00,431.02,STOP_LOSS,-2.009999999999991,0.172207,0.049999999999954525,-2.182206999999991,-1.025510204081609,-1.1133709183673217,5.22726484900005,1.9600000000000364,0.005,0.001874785434274461,,HYP-FCR-04,baseline,1045.45296980001,1043.2707628000098,44.99999999999886,0.4182214285714281,1.075985038684198,1,1,24.00000000000091,0.9800000000000182,5.0,431.07,0.060000000000002274,2,2023,15
QQQ,2023-09-27,long,356.63,355.28,2023-09-27T19:00:00+00:00,2023-09-27T19:05:00+00:00,356.2701,0.5600000000000023,354.84000000000003,359.1303,2,2,2023-09-27T19:10:00+00:00,356.31,2023-09-27T19:40:00+00:00,354.83000000000004,STOP_LOSS,-2.9599999999999227,0.14222800000000002,0.09979999999995925,-3.102227999999923,-1.034892664848598,-1.0846192573945748,5.248323235350066,2.8601999999999634,0.005,0.002724870279268524,,HYP-FCR-04,baseline,1049.6646470700132,1046.5624190700132,56.00000000000023,0.6415785714285798,0.8728471070239621,1,1,42.999999999995,1.4300999999999817,5.0,355.0,0.15999999999996817,2,2023,15
SPY,2023-09-27,long,427.67,426.64,2023-09-27T19:05:00+00:00,2023-09-27T19:10:00+00:00,426.75,0.020000000000038654,426.52,427.21000000000004,2,2,2023-09-27T19:15:00+00:00,426.75,2023-09-27T19:15:00+00:00,426.51,STOP_LOSS,-0.4800000000000182,0.170652,0.01999999999998181,-0.6506520000000182,-1.0434782608695223,-1.414460869565145,5.216353814000049,0.4600000000000364,0.005,0.00044092101149796744,,HYP-FCR-04,baseline,1043.2707628000098,1042.6201108000098,2.0000000000038654,0.6745642857142887,0.02964876798785882,1,1,11.000000000001364,0.2300000000000182,5.0,425.875,0.6449999999999818,2,2023,15
QQQ,2023-09-29,short,362.55,360.87,2023-09-29T14:05:00+00:00,2023-09-29T14:25:00+00:00,361.04,0.3100000000000023,362.76,357.6000000000001,2,2,2023-09-29T14:30:00+00:00,361.04,2023-09-29T17:15:00+00:00,357.61000000000007,TAKE_PROFIT,6.8599999999999,0.14373000000000002,0.01999999999998181,6.7162699999999,1.994186046511633,1.9524040697674465,5.2328120953500665,3.439999999999941,0.005,0.0032869515829325904,,HYP-FCR-04,baseline,1046.5624190700132,1053.2786890700131,31.000000000000227,0.7384083333333488,0.4198219142524969,4,4,19.999999999998863,1.7199999999999704,20.0,362.15999999999997,0.6000000000000227,5,2023,10
SPY,2023-10-02,short,427.75,426.195,2023-10-02T15:35:00+00:00,2023-10-02T15:40:00+00:00,426.8108,0.4300000000000068,428.24,423.9523999999999,2,2,2023-10-02T15:45:00+00:00,426.8,2023-10-02T19:59:00+00:00,427.37,FORCED_SESSION_CLOSE,-1.1399999999999864,0.170834,0.04159999999990305,-1.3108339999999863,-0.3988245172124114,-0.4585901203470306,5.213100554000049,2.858400000000074,0.005,0.002741554637582047,,HYP-FCR-04,baseline,1042.6201108000098,1041.30927680001,43.00000000000068,0.7414214285714341,0.5799670517057053,1,1,48.00000000000182,1.429200000000037,5.0,428.3382,0.09819999999996298,2,2023,11
QQQ,2023-10-02,short,360.63,357.92,2023-10-02T15:50:00+00:00,2023-10-02T15:55:00+00:00,359.63,0.4449999999999932,360.68,357.53,2,2,2023-10-02T16:00:00+00:00,359.63,2023-10-02T19:54:00+00:00,360.69,STOP_LOSS,-2.1200000000000045,0.144064,0.01999999999998181,-2.2640640000000047,-1.0095238095238008,-1.0781257142857048,5.266393445350066,2.1000000000000227,0.005,0.0019937743180337263,,HYP-FCR-04,baseline,1053.2786890700131,1051.0146250700132,44.49999999999932,0.747414285714281,0.5953859974387836,1,1,4.000000000002046,1.0500000000000114,5.0,360.67,0.009999999999990905,2,2023,12
QQQ,2023-10-04,long,357.73,355.69,2023-10-04T14:30:00+00:00,2023-10-04T14:35:00+00:00,357.3,0.6555000000000177,355.41,361.08,2,2,2023-10-04T14:40:00+00:00,357.3,2023-10-04T19:59:00+00:00,359.75,FORCED_SESSION_CLOSE,4.899999999999977,0.14341,0.01999999999998181,4.756589999999977,1.2962962962962996,1.2583571428571458,5.255073125350066,3.7799999999999727,0.005,0.003596524643744295,,HYP-FCR-04,baseline,1051.0146250700132,1055.771215070013,65.55000000000177,1.000078571428568,0.6554485004749826,1,1,26.99999999999818,1.8899999999999864,5.0,355.41,0.0,2,2023,10
SPY,2023-10-04,long,423.37,421.91,2023-10-04T14:35:00+00:00,2023-10-04T14:40:00+00:00,422.02,0.07999999999998408,421.8197,422.4205999999999,2,2,2023-10-04T14:45:00+00:00,422.025,2023-10-04T14:46:00+00:00,421.8097,STOP_LOSS,-0.43059999999991305,0.16876694,0.029999999999972715,-0.5993669399999131,-1.074887668497197,-1.4961730903644592,5.20654638400005,0.40059999999994034,0.005,0.0003847079911080809,,HYP-FCR-04,baseline,1041.30927680001,1040.70990986001,7.999999999998408,0.8375071428571427,0.09552157337675392,1,1,8.030000000002246,0.20029999999997017,5.0,420.605,1.2146999999999935,2,2023,10
QQQ,2023-10-05,long,360.15,357.57,2023-10-05T17:35:00+00:00,2023-10-05T17:40:00+00:00,358.3,0.41060000000004493,357.535,359.83,2,2,2023-10-05T17:45:00+00:00,358.3399,2023-10-05T19:59:00+00:00,358.66,FORCED_SESSION_CLOSE,0.6402000000000498,0.14339998,0.09979999999995925,0.49680002000004986,0.41843137254905965,0.324705895424875,5.278856075350066,1.5299999999999727,0.005,0.0014491776041635227,,HYP-FCR-04,baseline,1055.771215070013,1056.2680150900133,41.06000000000449,0.47353571428571073,0.8670940493250882,1,1,2.4999999999977263,0.7649999999999864,5.0,357.51,0.025000000000034106,2,2023,13
SPY,2023-10-05,long,425.26,423.33,2023-10-05T17:35:00+00:00,2023-10-05T17:40:00+00:00,423.99,0.36000000000001364,423.24,425.49,2,2,2023-10-05T17:45:00+00:00,424.008,2023-10-05T19:59:00+00:00,424.45,FORCED_SESSION_CLOSE,0.8840000000000146,0.1696916,0.05599999999992633,0.7143084000000146,0.589333333333343,0.4762056000000097,5.20354954930005,1.5,0.005,0.001441323836535554,,HYP-FCR-04,baseline,1040.70990986001,1041.4242182600099,36.000000000001364,0.489299999999998,0.7357449417535563,1,1,7.999999999998408,0.75,5.0,422.90500000000003,0.33499999999997954,2,2023,13
SPY,2023-10-06,long,423.0,421.0,2023-10-06T14:20:00+00:00,2023-10-06T14:25:00+00:00,422.99,0.46999999999997044,420.79,427.39,2,2,2023-10-06T14:30:00+00:00,423.0,2023-10-06T15:41:00+00:00,427.38,TAKE_PROFIT,8.759999999999991,0.170076,0.03999999999996362,8.589923999999991,1.9909090909090992,1.9522554545454627,5.207121091300049,4.399999999999977,0.005,0.004224983366866009,,HYP-FCR-04,baseline,1041.4242182600099,1050.0141422600097,46.999999999997044,1.0479083333333346,0.4485125130219436,1,1,19.999999999998863,2.1999999999999886,5.0,421.31,0.5199999999999818,2,2023,10
QQQ,2023-10-09,short,363.529,360.78,2023-10-09T14:00:00+00:00,2023-10-09T14:05:00+00:00,362.52,0.3299999999999841,363.6297,360.3005999999999,2,2,2023-10-09T14:10:00+00:00,362.505,2023-10-09T16:08:00+00:00,363.6397,STOP_LOSS,-2.2694000000000187,0.14522894000000003,0.049999999999954525,-2.4146289400000187,-1.022528611336376,-1.0879647382175133,5.281340075450067,2.219400000000064,0.005,0.002101171263631353,,HYP-FCR-04,baseline,1056.2680150900133,1053.8533861500132,32.99999999999841,1.0852750000000029,0.304070396903995,1,1,9.070000000002665,1.109700000000032,5.0,363.32,0.30970000000002074,2,2023,10
SPY,2023-10-09,short,429.09,427.35,2023-10-09T14:00:00+00:00,2023-10-09T14:05:00+00:00,428.16,0.2400000000000091,429.15,426.1800000000001,2,2,2023-10-09T14:10:00+00:00,428.1438,2023-10-09T16:07:00+00:00,429.15999999999997,STOP_LOSS,-2.0323999999999387,0.17146076,0.0524000000000342,-2.2038607599999387,-1.026464646464665,-1.1130609898990127,5.250070711300049,1.9799999999999045,0.005,0.0018856888877117686,,HYP-FCR-04,baseline,1050.0141422600097,1047.8102815000098,24.00000000000091,0.731887499999992,0.32791924988473187,1,1,5.000000000001137,0.9899999999999523,5.0,428.86,0.2899999999999636,2,2023,10
QQQ,2023-10-11,long,371.412,369.74,2023-10-11T14:45:00+00:00,2023-10-11T14:55:00+00:00,370.7097,0.4500000000000455,369.423,373.2831,2,2,2023-10-11T15:00:00+00:00,370.74,2023-10-11T15:41:00+00:00,369.413,STOP_LOSS,-2.6539999999999964,0.1480306,0.080600000000004,-2.8020305999999966,-1.0313204321131593,-1.0888437864304052,5.269266930750066,2.5733999999999924,0.005,0.002441895650590694,,HYP-FCR-04,baseline,1053.8533861500132,1051.051355550013,45.00000000000455,0.6010142857142731,0.7487342825224941,2,2,30.700000000001637,1.2866999999999962,10.0,369.84000000000003,0.41700000000003,3,2023,11
SPY,2023-10-11,long,436.46,435.3,2023-10-11T19:30:00+00:00,2023-10-11T19:40:00+00:00,436.03,0.1349999999999909,435.29,437.5099999999999,2,2,2023-10-11T19:45:00+00:00,436.03,2023-10-11T19:59:00+00:00,436.3,FORCED_SESSION_CLOSE,0.5400000000000773,0.17446599999999998,0.01999999999998181,0.3655340000000773,0.36486486486494063,0.2469824324325006,5.239051407500049,1.4799999999999045,0.005,0.001412469438533459,,HYP-FCR-04,baseline,1047.8102815000098,1048.1758155000098,13.49999999999909,0.3942785714285719,0.34239750720119394,2,2,0.0,0.7399999999999523,10.0,435.41,0.12000000000000455,3,2023,15
SPY,2023-10-12,long,437.0,435.07,2023-10-12T14:00:00+00:00,2023-10-12T14:10:00+00:00,436.1698,0.10700000000002774,434.97,438.5694,2,2,2023-10-12T14:15:00+00:00,436.18,2023-10-12T17:05:00+00:00,434.96000000000004,STOP_LOSS,-2.439999999999941,0.17422800000000002,0.0403999999999769,-2.6142279999999407,-1.0168361393565502,-1.0894432405400816,5.240879077500049,2.399599999999964,0.005,0.002289310595145993,,HYP-FCR-04,baseline,1048.1758155000098,1045.5615875000099,10.700000000002774,0.5869888888888808,0.18228624429768933,2,2,8.999999999997499,1.199799999999982,10.0,435.39,0.4199999999999591,3,2023,10
QQQ,2023-10-18,short,367.33,365.48,2023-10-18T14:25:00+00:00,2023-10-18T14:30:00+00:00,365.7,1.0199999999999818,367.76,361.58,2,2,2023-10-18T14:35:00+00:00,365.68,2023-10-18T19:59:00+00:00,363.09999999999997,FORCED_SESSION_CLOSE,5.160000000000082,0.145756,0.05999999999994543,5.014244000000081,1.252427184466038,1.2170495145631253,5.255256777750065,4.1200000000000045,0.005,0.003919884578659829,,HYP-FCR-04,baseline,1051.051355550013,1056.0655995500133,101.99999999999818,0.9512538461538305,1.0722689891074924,1,1,42.00000000000159,2.0600000000000023,5.0,367.73,0.029999999999972715,2,2023,10
QQQ,2023-10-19,long,365.335,363.21,2023-10-19T14:35:00+00:00,2023-10-19T14:40:00+00:00,363.62,0.18000000000000682,363.01,364.84000000000003,2,2,2023-10-19T14:45:00+00:00,363.61,2023-10-19T14:53:00+00:00,363.0,STOP_LOSS,-1.2200000000000273,0.145322,0.03999999999996362,-1.3653220000000272,-1.0,-1.1191163934426203,5.280327997750066,1.2200000000000273,0.005,0.0011552312664287767,,HYP-FCR-04,baseline,1056.0655995500133,1054.7002775500132,18.000000000000682,0.8618142857142905,0.20886170371476134,1,1,18.999999999999773,0.6100000000000136,5.0,362.78000000000003,0.22999999999996135,2,2023,10
SPY,2023-10-19,long,431.39,430.173,2023-10-19T15:40:00+00:00,2023-10-19T15:45:00+00:00,430.5022,0.2300000000000182,429.84000000000003,431.8266,2,2,2023-10-19T15:50:00+00:00,430.53,2023-10-19T16:00:00+00:00,429.83000000000004,STOP_LOSS,-1.3999999999998636,0.172072,0.07559999999989486,-1.5720719999998636,-1.0570824524312117,-1.1870069465417552,5.2278079375000495,1.3243999999999687,0.005,0.0012666876976292476,,HYP-FCR-04,baseline,1045.5615875000099,1043.98951550001,23.00000000000182,0.5332357142857153,0.43132894860223286,1,1,32.29999999999791,0.6621999999999844,5.0,429.77,0.07000000000005002,2,2023,11
QQQ,2023-10-24,short,358.97,357.06,2023-10-24T15:15:00+00:00,2023-10-24T15:25:00+00:00,358.08,0.2715000000000032,359.09,356.06,2,2,2023-10-24T15:30:00+00:00,358.08,2023-10-24T16:43:00+00:00,356.07,TAKE_PROFIT,4.019999999999982,0.14283,0.01999999999998181,3.877169999999982,1.990099009900999,1.9193910891089192,5.273501387750066,2.019999999999982,0.005,0.001915236056154536,,HYP-FCR-04,baseline,1054.7002775500132,1058.5774475500132,27.15000000000032,0.713400000000003,0.3805719091673704,2,2,10.99999999999568,1.009999999999991,10.0,359.061,0.028999999999996362,3,2023,11
SPY,2023-10-24,short,423.89,422.43,2023-10-24T15:15:00+00:00,2023-10-24T15:25:00+00:00,422.96,0.25,423.90999999999997,421.06,2,2,2023-10-24T15:30:00+00:00,422.955,2023-10-24T16:47:00+00:00,421.07,TAKE_PROFIT,3.769999999999982,0.168805,0.029999999999972715,3.601194999999982,1.9842105263158036,1.8953657894736975,5.21994757750005,1.8999999999999773,0.005,0.001819941648638098,,HYP-FCR-04,baseline,1043.98951550001,1047.59071050001,25.0,0.6034642857142914,0.414274723323663,2,2,0.9999999999990905,0.9499999999999886,10.0,423.78999999999996,0.12000000000000455,3,2023,11
SPY,2023-10-25,long,421.92,419.51,2023-10-25T14:35:00+00:00,2023-10-25T14:40:00+00:00,420.22,0.10000000000002274,419.38,421.9000000000001,2,2,2023-10-25T14:45:00+00:00,420.21,2023-10-25T16:00:00+00:00,419.37,STOP_LOSS,-1.67999999999995,0.16791599999999998,0.04000000000007731,-1.84791599999995,-0.9999999999999323,-1.0999499999999285,5.237953552500049,1.6800000000000637,0.005,0.0016036797416790838,,HYP-FCR-04,baseline,1047.59071050001,1045.74279450001,10.000000000002274,0.6633642857142864,0.1507467347180839,1,1,12.000000000000455,0.8400000000000318,5.0,419.29,0.08999999999997499,2,2023,10
QQQ,2023-10-25,long,356.88,353.42,2023-10-25T14:25:00+00:00,2023-10-25T15:05:00+00:00,354.73,0.4399999999999977,353.22,357.75,2,2,2023-10-25T15:10:00+00:00,354.74,2023-10-25T15:42:00+00:00,353.21000000000004,STOP_LOSS,-3.0599999999999454,0.14159000000000002,0.03999999999996362,-3.2015899999999453,-1.0132450331125709,-1.060129139072836,5.292887237750066,3.019999999999982,0.005,0.002852885263132625,,HYP-FCR-04,baseline,1058.5774475500132,1055.3758575500133,43.99999999999977,0.8382928571428587,0.5248762365692143,8,8,18.999999999999773,1.509999999999991,40.0,353.84000000000003,0.6200000000000045,9,2023,11
QQQ,2023-10-26,long,350.07,346.54,2023-10-26T14:40:00+00:00,2023-10-26T14:45:00+00:00,347.8,0.32000000000005,345.53000000000003,352.34,2,2,2023-10-26T14:50:00+00:00,347.8,2023-10-26T15:15:00+00:00,345.52000000000004,STOP_LOSS,-4.559999999999945,0.138664,0.01999999999998181,-4.698663999999946,-1.0044052863436084,-1.0349480176211416,5.2768792877500665,4.539999999999964,0.005,0.004301784968380156,,HYP-FCR-04,baseline,1055.3758575500133,1050.6771935500133,32.000000000005,1.0788285714285613,0.29661802484180877,1,1,100.0,2.269999999999982,5.0,345.6,0.06999999999999318,2,2023,10
SPY,2023-10-26,long,417.325,415.25,2023-10-26T14:40:00+00:00,2023-10-26T14:45:00+00:00,416.375,0.4596000000000231,414.6125,419.9,2,2,2023-10-26T14:50:00+00:00,416.379,2023-10-26T15:14:00+00:00,414.6025,STOP_LOSS,-3.5529999999999973,0.16619630000000002,0.02800000000002001,-3.7191962999999975,-1.0079432624113533,-1.0550911489361763,5.22871397250005,3.5249999999999773,0.005,0.0033708097426435996,,HYP-FCR-04,baseline,1045.74279450001,1042.02359820001,45.96000000000231,0.8688142857142915,0.5289968265452324,1,1,62.74999999999977,1.7624999999999886,5.0,414.67,0.05750000000000455,2,2023,10
QQQ,2023-10-27,long,347.62,346.065,2023-10-27T14:45:00+00:00,2023-10-27T14:55:00+00:00,347.15,0.2899999999999636,345.6499,350.1501999999999,3,3,2023-10-27T15:00:00+00:00,347.15999999999997,2023-10-27T17:05:00+00:00,345.6399,STOP_LOSS,-4.56029999999987,0.20783997,0.05999999999994543,-4.76813996999987,-1.0133324445036878,-1.0595160255982823,5.2533859677500665,4.500299999999925,0.005,0.004283237542060254,,HYP-FCR-04,baseline,1050.6771935500133,1045.9090535800135,28.999999999996362,0.9608071428571634,0.30182956294182745,2,2,40.510000000000446,1.500099999999975,10.0,345.73,0.08010000000001583,3,2023,11
SPY,2023-10-27,long,414.47,412.62,2023-10-27T14:45:00+00:00,2023-10-27T14:55:00+00:00,413.52,0.34159999999997126,412.0,416.55999999999995,2,2,2023-10-27T15:00:00+00:00,413.53,2023-10-27T16:50:00+00:00,411.99,STOP_LOSS,-3.0799999999999272,0.165104,0.03999999999996362,-3.245103999999927,-1.0131578947368303,-1.0674684210526204,5.2101179910000495,3.0399999999999636,0.005,0.002917400340310196,,HYP-FCR-04,baseline,1042.02359820001,1038.77849420001,34.159999999997126,0.823192857142861,0.41496958706079773,2,2,61.000000000001364,1.5199999999999818,10.0,412.09000000000003,0.09000000000003183,3,2023,11
QQQ,2023-10-30,long,350.54,347.11,2023-10-30T14:50:00+00:00,2023-10-30T15:05:00+00:00,348.27,0.2716000000000349,347.0101,350.7897999999999,3,3,2023-10-30T15:10:00+00:00,348.27,2023-10-30T15:23:00+00:00,347.00010000000003,STOP_LOSS,-3.80969999999985,0.20858103000000003,0.029999999999972715,-4.018281029999851,-1.0079371378680777,-1.0631216842606506,5.229545267900067,3.7796999999998775,0.005,0.003613794131585768,,HYP-FCR-04,baseline,1045.9090535800135,1041.8907725500137,27.160000000003492,0.8332714285714238,0.32594421299872367,3,3,8.990000000000009,1.2598999999999592,15.0,347.3488,0.33869999999996026,4,2023,11
SPY,2023-10-30,long,415.345,413.53,2023-10-30T15:00:00+00:00,2023-10-30T15:05:00+00:00,413.8,0.382000000000005,413.01,415.38000000000005,2,2,2023-10-30T15:10:00+00:00,413.8,2023-10-30T15:22:00+00:00,413.0,STOP_LOSS,-1.6000000000000227,0.16536,0.01999999999998181,-1.7653600000000227,-1.0126582278480893,-1.1173164556961879,5.1938924710000505,1.580000000000041,0.005,0.0015210172417141148,,HYP-FCR-04,baseline,1038.77849420001,1037.01313420001,38.2000000000005,0.6583642857142868,0.5802258844972997,1,1,50.99999999999909,0.7900000000000205,5.0,413.01,0.0,2,2023,11
SPY,2023-10-31,long,416.37,414.28,2023-10-31T14:00:00+00:00,2023-10-31T14:10:00+00:00,415.77,0.4399999999999977,414.2,418.90999999999997,2,2,2023-10-31T14:15:00+00:00,415.78999999999996,2023-10-31T19:59:00+00:00,418.22,FORCED_SESSION_CLOSE,4.860000000000127,0.166802,0.05999999999994543,4.693198000000128,1.5477707006369898,1.4946490445860343,5.18506567100005,3.1399999999999864,0.005,0.0030279269340424486,,HYP-FCR-04,baseline,1037.01313420001,1041.7063322000101,43.99999999999977,0.6879555555555612,0.6395762000129122,2,2,6.999999999999318,1.5699999999999932,10.0,414.37,0.17000000000001592,3,2023,10
QQQ,2023-10-31,short,349.45,346.62,2023-10-31T15:00:00+00:00,2023-10-31T15:45:00+00:00,348.17,0.07999999999998408,349.59,345.3300000000001,2,2,2023-10-31T15:50:00+00:00,348.18,2023-10-31T16:42:00+00:00,349.59999999999997,STOP_LOSS,-2.839999999999918,0.139556,0.03999999999996362,-2.979555999999918,-1.0,-1.0491394366197198,5.209453862750069,2.839999999999918,0.005,0.002725813563977591,,HYP-FCR-04,baseline,1041.8907725500137,1038.9112165500137,7.999999999998408,0.7238571428571439,0.11051904479966208,9,9,12.999999999999545,1.419999999999959,45.0,348.93,0.6599999999999682,10,2023,11
SPY,2023-11-01,short,419.88,418.6499,2023-11-01T16:35:00+00:00,2023-11-01T16:40:00+00:00,419.5127,0.2599999999999909,420.21999999999997,418.09810000000004,2,2,2023-11-01T16:45:00+00:00,419.5,2023-11-01T17:12:00+00:00,420.22999999999996,STOP_LOSS,-1.4599999999999227,0.167946,0.04539999999997235,-1.6279459999999226,-1.0320938781280744,-1.1508171921391064,5.208531661000051,1.4145999999999503,0.005,0.0013579642901972336,,HYP-FCR-04,baseline,1041.7063322000101,1040.0783862000103,25.99999999999909,0.35377857142856733,0.73492297441901,1,1,32.99999999999841,0.7072999999999752,5.0,420.18,0.03999999999996362,2,2023,12
QQQ,2023-11-02,long,362.31,361.05,2023-11-02T14:25:00+00:00,2023-11-02T14:30:00+00:00,361.46,0.009999999999990905,360.93,362.5199999999999,2,2,2023-11-02T14:35:00+00:00,361.47499999999997,2023-11-02T14:52:00+00:00,362.50999999999993,TAKE_PROFIT,2.0699999999999363,0.14479699999999998,0.049999999999954525,1.9252029999999363,1.9528301886792858,1.8162292452830522,5.1945560827500685,1.0599999999999454,0.005,0.0010202989274867614,,HYP-FCR-04,baseline,1038.9112165500137,1040.8364195500137,0.9999999999990905,0.6676769230769187,0.014977303624493952,1,1,11.000000000001364,0.5299999999999727,5.0,360.96000000000004,0.03000000000002956,2,2023,10
QQQ,2023-11-03,short,366.885,364.52,2023-11-03T14:00:00+00:00,2023-11-03T14:05:00+00:00,365.83,0.12009999999997945,367.40999999999997,362.67,2,2,2023-11-03T14:10:00+00:00,365.84000000000003,2023-11-03T16:14:00+00:00,367.41999999999996,STOP_LOSS,-3.1599999999998545,0.146652,0.04000000000007731,-3.3066519999998545,-0.999999999999964,-1.0464088607594582,5.204182097750069,3.159999999999968,0.005,0.0030360198208342244,,HYP-FCR-04,baseline,1040.8364195500137,1037.529767550014,12.009999999997945,0.891862500000002,0.13466201348299672,1,1,51.499999999998636,1.579999999999984,5.0,366.56,0.8499999999999659,2,2023,10
SPY,2023-11-03,short,435.0,433.01,2023-11-03T14:00:00+00:00,2023-11-03T14:05:00+00:00,434.2372,0.023700000000019372,435.49,431.7315999999999,2,2,2023-11-03T14:10:00+00:00,434.23,2023-11-03T16:18:00+00:00,435.5,STOP_LOSS,-2.5399999999999636,0.17394600000000002,0.034399999999891406,-2.7139459999999636,-1.0137292464878234,-1.083152139208128,5.200391931000052,2.505600000000072,0.005,0.0024090491959499654,,HYP-FCR-04,baseline,1040.0783862000103,1037.3644402000104,2.3700000000019372,0.6601625000000055,0.03590025183196436,1,1,48.00000000000182,1.252800000000036,5.0,434.69,0.8000000000000114,2,2023,10
QQQ,2023-11-06,long,369.78,368.33,2023-11-06T15:15:00+00:00,2023-11-06T15:40:00+00:00,369.15,0.2249999999999659,368.06,371.3299999999999,2,2,2023-11-06T15:45:00+00:00,369.17,2023-11-06T17:51:00+00:00,368.05,STOP_LOSS,-2.240000000000009,0.14744400000000002,0.06000000000005912,-2.3874440000000092,-1.0275229357798443,-1.095157798165167,5.18764883775007,2.17999999999995,0.005,0.002101144534048141,,HYP-FCR-04,baseline,1037.529767550014,1035.142323550014,22.49999999999659,0.6488928571428646,0.3467444548406061,5,5,25.99999999999909,1.089999999999975,25.0,368.63,0.5699999999999932,6,2023,10
SPY,2023-11-06,long,436.1498,435.01,2023-11-06T15:15:00+00:00,2023-11-06T15:40:00+00:00,435.5301,0.12000000000000455,434.76,437.07030000000003,2,2,2023-11-06T15:45:00+00:00,435.545,2023-11-06T17:46:00+00:00,434.75,STOP_LOSS,-1.5900000000000318,0.17405900000000002,0.04980000000000473,-1.7640590000000318,-1.0323334631866017,-1.145344111154396,5.186822201000052,1.540200000000027,0.005,0.0014847241146063064,,HYP-FCR-04,baseline,1037.3644402000104,1035.6003812000104,12.000000000000455,0.45157857142857794,0.2657344869584536,5,5,24.00000000000091,0.7701000000000136,25.0,435.2,0.4399999999999977,6,2023,10
QQQ,2023-11-08,long,373.79,372.76,2023-11-08T20:40:00+00:00,2023-11-08T20:45:00+00:00,372.9116,0.2300000000000182,372.6101,373.5146000000001,2,2,2023-11-08T20:50:00+00:00,372.94,2023-11-08T20:59:00+00:00,372.96000000000004,FORCED_SESSION_CLOSE,0.04000000000007731,0.14918000000000003,0.0767999999999347,-0.10917999999992273,0.06633499170824704,-0.18106135986718222,5.17571161775007,0.6030000000000655,0.005,0.0005825285917515969,,HYP-FCR-04,baseline,1035.142323550014,1035.033143550014,23.00000000000182,0.29697142857143277,0.7744852799692633,1,1,13.990000000001146,0.30150000000003274,5.0,372.37,0.240099999999984,2,2023,15
QQQ,2023-11-09,short,374.08,372.72,2023-11-09T15:00:00+00:00,2023-11-09T15:10:00+00:00,373.1096,0.24399999999997135,374.33,370.66880000000003,2,2,2023-11-09T15:15:00+00:00,373.1,2023-11-09T16:50:00+00:00,374.34,STOP_LOSS,-2.4799999999999045,0.149488,0.03919999999993706,-2.6294879999999043,-1.0160603080956807,-1.077305801376573,5.175165717750071,2.4407999999999674,0.005,0.0023581853539765656,,HYP-FCR-04,baseline,1035.033143550014,1032.4036555500143,24.399999999997135,0.7023333333333299,0.3474133839581954,2,2,24.00000000000091,1.2203999999999837,10.0,374.09,0.2400000000000091,3,2023,10
SPY,2023-11-09,long,438.47,436.98,2023-11-09T16:00:00+00:00,2023-11-09T16:05:00+00:00,437.645,0.2400000000000091,436.94,439.05499999999995,2,2,2023-11-09T16:10:00+00:00,437.65999999999997,2023-11-09T18:01:00+00:00,436.93,STOP_LOSS,-1.4599999999999227,0.174918,0.049999999999954525,-1.6349179999999226,-1.03546099290777,-1.159516312056709,5.178001906000052,1.4099999999999682,0.005,0.0013615290469149105,,HYP-FCR-04,baseline,1035.6003812000104,1033.9654632000104,24.00000000000091,0.49522142857143436,0.48463169433587977,1,1,3.000000000002956,0.7049999999999841,5.0,436.79,0.14999999999997726,2,2023,11
SPY,2023-11-10,long,436.24,434.88,2023-11-10T15:45:00+00:00,2023-11-10T15:50:00+00:00,435.12,0.21510000000000673,434.555,436.25,2,2,2023-11-10T15:55:00+00:00,435.14,2023-11-10T16:05:00+00:00,436.24,TAKE_PROFIT,2.2000000000000455,0.17427600000000001,0.05999999999994543,2.0257240000000456,1.9469026548673047,1.7926761061947378,5.169827316000052,1.1299999999999955,0.005,0.0010928798303405307,,HYP-FCR-04,baseline,1033.9654632000104,1035.9911872000105,21.510000000000673,0.5324928571428619,0.40394908047057204,1,1,31.499999999999773,0.5649999999999977,5.0,434.57,0.014999999999986358,2,2023,10
QQQ,2023-11-14,short,385.01,383.18,2023-11-14T16:45:00+00:00,2023-11-14T16:55:00+00:00,384.4,0.08999999999997499,385.31,382.5799999999999,2,2,2023-11-14T17:00:00+00:00,384.40000000000003,2023-11-14T18:05:00+00:00,385.32,STOP_LOSS,-1.8399999999999181,0.15394400000000003,0.020000000000095497,-1.9939439999999182,-1.0109890109889381,-1.0955736263735514,5.162018277750072,1.82000000000005,0.005,0.001762876361601454,,HYP-FCR-04,baseline,1032.4036555500143,1030.4097115500144,8.999999999997499,0.3844500000000072,0.23410066328514323,2,2,29.000000000002046,0.910000000000025,10.0,385.25,0.060000000000002274,3,2023,12
SPY,2023-11-15,short,450.75,449.4,2023-11-15T16:30:00+00:00,2023-11-15T16:35:00+00:00,450.22,0.009999999999990905,450.825,449.0100000000001,2,2,2023-11-15T16:40:00+00:00,450.2,2023-11-15T18:13:00+00:00,449.0200000000001,TAKE_PROFIT,2.3599999999997863,0.179844,0.06000000000005912,2.180155999999786,1.9504132231404439,1.8017818181817566,5.179955936000052,1.2099999999999227,0.005,0.0011679636033103801,,HYP-FCR-04,baseline,1035.9911872000105,1038.1713432000104,0.9999999999990905,0.37862142857141684,0.026411606014276796,1,1,6.499999999999773,0.6049999999999613,5.0,451.03999999999996,0.214999999999975,2,2023,11
QQQ,2023-11-15,short,387.65,385.9906,2023-11-15T15:50:00+00:00,2023-11-15T16:40:00+00:00,386.175,0.20939999999995962,387.76,383.00500000000005,2,2,2023-11-15T16:45:00+00:00,386.17,2023-11-15T20:59:00+00:00,385.62,FORCED_SESSION_CLOSE,1.1000000000000227,0.154358,0.029999999999972715,0.9456420000000227,0.34700315457414416,0.29830977917982177,5.1520485577500725,3.169999999999959,0.005,0.003076446159684795,,HYP-FCR-04,baseline,1030.4097115500144,1031.3553535500146,20.939999999995962,0.4600428571428584,0.45517498369708204,10,10,10.000000000002274,1.5849999999999795,50.0,387.28,0.4800000000000182,11,2023,11
SPY,2023-11-16,short,450.47,449.13,2023-11-16T15:05:00+00:00,2023-11-16T15:15:00+00:00,449.31,0.025000000000034106,450.5,446.93,2,2,2023-11-16T15:20:00+00:00,449.31,2023-11-16T20:59:00+00:00,450.21999999999997,FORCED_SESSION_CLOSE,-1.8199999999999363,0.179906,0.01999999999998181,-1.9999059999999362,-0.7647058823529159,-0.840296638655437,5.190856716000052,2.3799999999999955,0.005,0.0022924924826609023,,HYP-FCR-04,baseline,1038.1713432000104,1036.1714372000104,2.5000000000034106,0.4697999999999979,0.05321413367397663,2,2,1.999999999998181,1.1899999999999977,10.0,450.03,0.4700000000000273,3,2023,10
QQQ,2023-11-16,short,385.985,384.21,2023-11-16T15:05:00+00:00,2023-11-16T15:35:00+00:00,384.6099,0.17000000000001592,386.18,381.46969999999993,2,2,2023-11-16T15:40:00+00:00,384.57,2023-11-16T20:47:00+00:00,386.19,STOP_LOSS,-3.240000000000009,0.154152,0.09979999999995925,-3.394152000000009,-1.0317814151964708,-1.0808712820839295,5.156776767750073,3.14020000000005,0.005,0.0030447313713854386,,HYP-FCR-04,baseline,1031.3553535500146,1027.9612015500145,17.00000000000159,0.625785714285712,0.27165848647417323,6,6,18.500000000000227,1.570100000000025,30.0,385.62,0.5600000000000023,7,2023,10
QQQ,2023-11-17,long,385.63,384.45,2023-11-17T15:10:00+00:00,2023-11-17T15:20:00+00:00,385.45,0.11000000000001364,384.33,387.69,2,2,2023-11-17T15:25:00+00:00,385.46,2023-11-17T16:05:00+00:00,384.32,STOP_LOSS,-2.2799999999999727,0.153956,0.03999999999996362,-2.4339559999999727,-1.0178571428571266,-1.0865874999999834,5.139806007750073,2.240000000000009,0.005,0.0021790705686386006,,HYP-FCR-04,baseline,1027.9612015500145,1025.5272455500144,11.000000000001364,0.5619090909090997,0.19576120368874472,2,2,11.000000000001364,1.1200000000000045,10.0,384.7385,0.40850000000000364,3,2023,10
SPY,2023-11-17,long,450.6,449.46,2023-11-17T16:05:00+00:00,2023-11-17T17:05:00+00:00,450.5599,0.12999999999999545,449.28000000000003,453.1197,2,2,2023-11-17T17:10:00+00:00,450.57,2023-11-17T20:59:00+00:00,450.77,FORCED_SESSION_CLOSE,0.39999999999997726,0.18026799999999998,0.040199999999913416,0.21973199999997728,0.15626220798499021,0.08583951871239068,5.180857186000052,2.5597999999999956,0.005,0.0024704406125275985,,HYP-FCR-04,baseline,1036.1714372000104,1036.3911692000104,12.999999999999545,0.3679071428571571,0.35335003009297106,12,12,16.999999999995907,1.2798999999999978,60.0,449.93,0.6499999999999773,13,2023,12
QQQ,2023-11-20,short,388.52,386.04,2023-11-20T15:10:00+00:00,2023-11-20T15:15:00+00:00,387.9,0.11000000000001364,388.6287,386.44259999999997,2,2,2023-11-20T15:20:00+00:00,387.87,2023-11-20T16:00:00+00:00,388.6387,STOP_LOSS,-1.5373999999999342,0.15530174,0.07999999999992724,-1.6927017399999342,-1.0548922739123967,-1.1614530945518913,5.127636227750072,1.457400000000007,0.005,0.001421122653078192,,HYP-FCR-04,baseline,1025.5272455500144,1023.8345438100145,11.000000000001364,0.5985299999999881,0.18378360316110443,1,1,9.8700000000008,0.7287000000000035,5.0,388.46,0.16870000000000118,2,2023,10
SPY,2023-11-21,long,453.32,452.71,2023-11-21T16:50:00+00:00,2023-11-21T17:30:00+00:00,453.2,0.060000000000002274,452.67,454.25999999999993,2,2,2023-11-21T17:35:00+00:00,453.21,2023-11-21T18:26:00+00:00,452.66,STOP_LOSS,-1.099999999999909,0.181174,0.03999999999996362,-1.281173999999909,-1.0377358490565713,-1.2086547169811084,5.181955846000052,1.0599999999999454,0.005,0.0010227798455849047,,HYP-FCR-04,baseline,1036.3911692000104,1035.1099952000104,6.000000000000227,0.22161428571428538,0.2707406691162358,8,8,2.9999999999972715,0.5299999999999727,40.0,452.94,0.2699999999999818,9,2023,12
QQQ,2023-11-21,long,389.23,388.23,2023-11-21T19:55:00+00:00,2023-11-21T20:00:00+00:00,388.43,0.0999999999999659,388.0578,389.17440000000005,2,2,2023-11-21T20:05:00+00:00,388.45,2023-11-21T20:59:00+00:00,388.42,FORCED_SESSION_CLOSE,-0.05999999999994543,0.155374,0.05999999999994543,-0.21537399999994544,-0.08060182697466696,-0.28932563138088857,5.119172719050073,0.7444000000000415,0.005,0.000727070603839847,,HYP-FCR-04,baseline,1023.8345438100145,1023.6191698100145,9.99999999999659,0.35995000000000993,0.2778163633837009,1,1,16.22000000000412,0.37220000000002074,5.0,388.08,0.022199999999998,2,2023,15
QQQ,2023-11-22,long,393.07,389.74,2023-11-22T15:20:00+00:00,2023-11-22T15:25:00+00:00,390.3835,0.08500000000003638,389.48,392.19050000000004,2,2,2023-11-22T15:30:00+00:00,390.4,2023-11-22T19:39:00+00:00,389.47,STOP_LOSS,-1.8599999999999,0.155974,0.052999999999883585,-2.0159739999999,-1.0293303818483028,-1.1156469286108919,5.118095849050072,1.8070000000000164,0.005,0.0017653049623283226,,HYP-FCR-04,baseline,1023.6191698100145,1021.6031958100145,8.500000000003638,0.9491666666666608,0.08955223880600903,1,1,25.0,0.9035000000000082,5.0,389.66,0.18000000000000682,2,2023,10
SPY,2023-11-22,long,456.38,454.34,2023-11-22T15:20:00+00:00,2023-11-22T15:25:00+00:00,454.96,0.06130000000001701,454.26,456.35999999999996,2,2,2023-11-22T15:30:00+00:00,454.96999999999997,2023-11-22T19:38:00+00:00,454.25,STOP_LOSS,-1.4399999999999409,0.181844,0.03999999999996362,-1.6218439999999408,-1.0285714285714032,-1.1584599999999765,5.1755499760000525,1.3999999999999773,0.005,0.0013525132657321703,,HYP-FCR-04,baseline,1035.1099952000104,1033.4881512000104,6.130000000001701,0.6657666666666747,0.09207430030543674,1,1,6.999999999999318,0.6999999999999886,5.0,454.38,0.12000000000000455,2,2023,10
SPY,2023-11-24,short,455.382,454.73,2023-11-24T15:05:00+00:00,2023-11-24T15:10:00+00:00,454.965,0.01999999999998181,455.405,454.085,2,2,2023-11-24T15:15:00+00:00,454.96000000000004,2023-11-24T17:59:00+00:00,455.27,FORCED_SESSION_CLOSE,-0.6199999999998909,0.182046,0.02999999999985903,-0.8020459999998909,-0.7045454545453341,-0.9114159090907898,5.167440756000052,0.8799999999999955,0.005,0.0008514853305073737,,HYP-FCR-04,baseline,1033.4881512000104,1032.6861052000106,1.999999999998181,0.3391111111111134,0.0589777195281242,1,1,1.2999999999976808,0.4399999999999977,5.0,455.39,0.014999999999986358,2,2023,10
QQQ,2023-11-27,short,389.912,388.28,2023-11-27T16:00:00+00:00,2023-11-27T16:05:00+00:00,389.5401,0.3300000000000409,390.01,388.6003,2,2,2023-11-27T16:10:00+00:00,389.53000000000003,2023-11-27T16:38:00+00:00,390.02,STOP_LOSS,-0.9799999999999045,0.15591,0.040199999999913416,-1.1359099999999045,-1.0427750585229982,-1.2086720578845662,5.108015979050073,0.9397999999999911,0.005,0.0009199266445665699,,HYP-FCR-04,baseline,1021.6031958100145,1020.4672858100147,33.00000000000409,0.4571999999999881,0.7217847769029955,1,1,8.800000000002228,0.46989999999999554,5.0,390.01,0.0,2,2023,11
SPY,2023-11-27,short,455.245,454.0799,2023-11-27T19:00:00+00:00,2023-11-27T19:20:00+00:00,454.985,0.044899999999984175,455.3,454.355,2,2,2023-11-27T19:25:00+00:00,454.97,2023-11-27T19:43:00+00:00,454.365,TAKE_PROFIT,1.2100000000000364,0.18186700000000003,0.049999999999954525,1.0281330000000364,1.9206349206349922,1.6319571428572124,5.163430526000053,0.6299999999999955,0.005,0.0006100595300233821,,HYP-FCR-04,baseline,1032.6861052000106,1033.7142382000106,4.4899999999984175,0.1746642857142961,0.25706457285394063,4,4,4.500000000001592,0.3149999999999977,20.0,455.1509,0.14910000000003265,5,2023,14
QQQ,2023-11-28,short,389.23,388.05,2023-11-28T18:05:00+00:00,2023-11-28T18:15:00+00:00,388.75,0.1782000000000039,389.25,387.75,2,2,2023-11-28T18:20:00+00:00,388.75,2023-11-28T18:41:00+00:00,389.26,STOP_LOSS,-1.0199999999999818,0.15560200000000002,0.01999999999998181,-1.1756019999999818,-1.0199999999999818,-1.1756019999999818,5.102336429050074,1.0,0.005,0.0009799432219977846,,HYP-FCR-04,baseline,1020.4672858100147,1019.2916838100147,17.82000000000039,0.3883857142857039,0.45882223121346993,2,2,0.9999999999990905,0.5,10.0,389.08,0.17000000000001592,3,2023,13
SPY,2023-11-28,short,454.23,453.5,2023-11-28T18:10:00+00:00,2023-11-28T18:15:00+00:00,454.2,0.009900000000016007,454.4,453.8,2,2,2023-11-28T18:20:00+00:00,454.2,2023-11-28T18:27:00+00:00,454.40999999999997,STOP_LOSS,-0.4199999999999591,0.181722,0.01999999999998181,-0.601721999999959,-1.0499999999999574,-1.5043049999999831,5.168571191000053,0.39999999999997726,0.005,0.0003869541360835762,,HYP-FCR-04,baseline,1033.7142382000106,1033.1125162000108,0.9900000000016007,0.36714999999999726,0.02696445594448068,1,1,15.999999999996817,0.19999999999998863,5.0,454.40999999999997,0.009999999999990905,2,2023,13
QQQ,2023-11-30,long,390.55,388.01,2023-11-30T15:10:00+00:00,2023-11-30T15:15:00+00:00,388.84,0.4919999999999618,387.63,391.25999999999993,2,2,2023-11-30T15:20:00+00:00,388.84,2023-11-30T15:37:00+00:00,387.62,STOP_LOSS,-2.439999999999941,0.155292,0.01999999999998181,-2.595291999999941,-1.00826446280991,-1.0724347107437955,5.096458419050073,2.419999999999959,0.005,0.0023741977281264877,,HYP-FCR-04,baseline,1019.2916838100147,1016.6963918100147,49.19999999999618,0.8927600000000098,0.5510999596755639,1,1,37.000000000000455,1.2099999999999795,5.0,387.4001,0.22989999999998645,2,2023,10
SPY,2023-11-30,long,455.71,454.14,2023-11-30T15:50:00+00:00,2023-11-30T16:00:00+00:00,454.7979,0.17000000000001592,454.06010000000003,456.2735,2,2,2023-11-30T16:05:00+00:00,454.8,2023-11-30T16:43:00+00:00,454.05010000000004,STOP_LOSS,-1.4997999999999365,0.18177002000000003,0.024199999999950705,-1.6815700199999366,-1.0164001084304357,-1.1395839116291357,5.165562581000054,1.4755999999999858,0.005,0.0014283052202557088,,HYP-FCR-04,baseline,1033.1125162000108,1031.4309461800108,17.00000000000159,0.6099571428571429,0.278708105955948,2,2,6.989999999996144,0.7377999999999929,10.0,454.115,0.05489999999997508,3,2023,11
QQQ,2023-12-04,long,386.42,385.13,2023-12-04T17:10:00+00:00,2023-12-04T17:30:00+00:00,385.8315,0.03489999999999327,385.02,387.45450000000005,2,2,2023-12-04T17:35:00+00:00,385.84,2023-12-04T18:30:00+00:00,385.01,STOP_LOSS,-1.6599999999999682,0.15417,0.036999999999920874,-1.814169999999968,-1.0227972889709918,-1.1177880468268115,5.083481959050074,1.6230000000000473,0.005,0.00159634676888214,,HYP-FCR-04,baseline,1016.6963918100147,1014.8822218100147,3.489999999999327,0.3781214285714246,0.0922983924287192,4,4,10.000000000002274,0.8115000000000236,20.0,385.26,0.2400000000000091,5,2023,12
SPY,2023-12-04,long,456.83,455.51,2023-12-04T19:05:00+00:00,2023-12-04T19:15:00+00:00,455.94,0.19499999999999318,455.485,456.84999999999997,2,2,2023-12-04T19:20:00+00:00,455.95,2023-12-04T20:50:00+00:00,456.84,TAKE_PROFIT,1.7799999999999727,0.182558,0.03999999999996362,1.5974419999999727,1.9560439560439944,1.7554307692308007,5.157154730900054,0.9099999999999682,0.005,0.0008822694368151624,,HYP-FCR-04,baseline,1031.4309461800108,1033.0283881800108,19.499999999999318,0.28463571428570894,0.6850862004065236,2,2,1.4999999999986358,0.4549999999999841,10.0,455.6,0.1150000000000091,3,2023,14
QQQ,2023-12-05,short,386.15,384.21,2023-12-05T17:40:00+00:00,2023-12-05T17:45:00+00:00,385.975,0.12999999999999545,386.34499999999997,385.2350000000001,2,2,2023-12-05T17:50:00+00:00,385.96000000000004,2023-12-05T17:59:00+00:00,386.35499999999996,STOP_LOSS,-0.7899999999998499,0.15446300000000002,0.049999999999954525,-0.94446299999985,-1.0675675675675156,-1.276301351351329,5.074411109050073,0.7399999999998954,0.005,0.0007291486480865983,,HYP-FCR-04,baseline,1014.8822218100147,1013.9377588100149,12.999999999999545,0.6181999999999975,0.210287932707855,1,1,18.500000000000227,0.3699999999999477,5.0,386.33,0.014999999999986358,2,2023,12
SPY,2023-12-05,short,455.7883,454.87,2023-12-05T17:40:00+00:00,2023-12-05T17:45:00+00:00,455.7399,0.07499999999998863,456.019,455.1816999999999,2,2,2023-12-05T17:50:00+00:00,455.72,2023-12-05T17:56:00+00:00,456.029,STOP_LOSS,-0.6179999999999382,0.1823498,0.05979999999988195,-0.8003497999999382,-1.1071300609098458,-1.4338047294873837,5.165141940900054,0.5582000000000562,0.005,0.0005403530109985582,,HYP-FCR-04,baseline,1033.0283881800108,1032.2280383800107,7.499999999998863,0.4764785714285803,0.15740477011405418,1,1,22.07000000000221,0.2791000000000281,5.0,456.0,0.019000000000005457,2,2023,12
QQQ,2023-12-07,short,389.2299,386.96,2023-12-07T16:10:00+00:00,2023-12-07T16:15:00+00:00,388.27,0.37000000000000455,389.92,384.9699999999999,2,2,2023-12-07T16:20:00+00:00,388.26,2023-12-07T16:39:00+00:00,389.93,STOP_LOSS,-3.340000000000032,0.15563800000000003,0.03999999999996362,-3.495638000000032,-1.0121212121212009,-1.0592842424242301,5.069688794050075,3.300000000000068,0.005,0.003254637645483327,,HYP-FCR-04,baseline,1013.9377588100149,1010.4421208100149,37.000000000000455,0.5973357142857115,0.61941717387926,1,1,68.01000000000386,1.650000000000034,5.0,389.7401,0.17990000000003192,2,2023,11
SPY,2023-12-07,short,457.23,456.29,2023-12-07T16:15:00+00:00,2023-12-07T16:20:00+00:00,456.89,0.2411999999999921,457.33,456.01,2,2,2023-12-07T16:25:00+00:00,456.865,2023-12-07T16:32:00+00:00,457.34,STOP_LOSS,-0.9499999999999318,0.182841,0.06999999999993634,-1.1328409999999318,-1.0795454545453826,-1.2873193181817473,5.161140191900054,0.8799999999999955,0.005,0.0008525247980873262,,HYP-FCR-04,baseline,1032.2280383800107,1031.0951973800109,24.11999999999921,0.3633642857142953,0.6637966621453874,1,1,8.999999999997499,0.4399999999999977,5.0,457.9,0.5699999999999932,2,2023,11
SPY,2023-12-08,short,458.74,457.21,2023-12-08T16:15:00+00:00,2023-12-08T16:20:00+00:00,458.44,0.2699999999999818,458.9601,457.39979999999997,2,2,2023-12-08T16:25:00+00:00,458.435,2023-12-08T17:42:00+00:00,458.9701,STOP_LOSS,-1.0701999999999998,0.18348102,0.029999999999972715,-1.2536810199999997,-1.0288406075754393,-1.2052307440876437,5.155475986900054,1.040200000000027,0.005,0.0010088302250298045,,HYP-FCR-04,baseline,1031.0951973800109,1029.841516360011,26.99999999999818,0.5292928571428612,0.5101145733525481,1,1,21.010000000001128,0.5201000000000136,5.0,459.205,0.2448999999999728,2,2023,11
QQQ,2023-12-08,short,390.4,388.4801,2023-12-08T16:35:00+00:00,2023-12-08T16:40:00+00:00,390.32,0.410000000000025,391.13,388.7,2,2,2023-12-08T16:45:00+00:00,390.32,2023-12-08T17:28:00+00:00,391.14,STOP_LOSS,-1.6399999999999864,0.15629200000000001,0.01999999999998181,-1.7962919999999865,-1.0123456790123344,-1.1088222222222108,5.0522106040500745,1.6200000000000045,0.005,0.0016032585802156993,,HYP-FCR-04,baseline,1010.4421208100149,1008.6458288100149,41.0000000000025,0.686871428571432,0.5969093820844327,1,1,72.00000000000273,0.8100000000000023,5.0,391.08,0.05000000000001137,2,2023,11
QQQ,2023-12-11,short,393.81,391.53,2023-12-11T16:05:00+00:00,2023-12-11T16:10:00+00:00,393.1393,0.29000000000002046,394.24,390.93789999999996,2,2,2023-12-11T16:15:00+00:00,393.12,2023-12-11T17:13:00+00:00,394.25,STOP_LOSS,-2.259999999999991,0.157474,0.0585999999999558,-2.417473999999991,-1.0266194240028867,-1.0981529935495378,5.043229144050074,2.201400000000035,0.005,0.0021825302173679867,,HYP-FCR-04,baseline,1008.6458288100149,1006.2283548100149,29.000000000002046,0.5146214285714328,0.563521034880044,1,1,42.00000000000159,1.1007000000000176,5.0,394.24,0.0,2,2023,11
SPY,2023-12-11,short,460.42,459.47,2023-12-11T16:10:00+00:00,2023-12-11T16:15:00+00:00,460.34,0.10500000000001819,460.64,459.73999999999995,2,2,2023-12-11T16:20:00+00:00,460.33,2023-12-11T17:03:00+00:00,460.65,STOP_LOSS,-0.6399999999999864,0.184196,0.03999999999996362,-0.8241959999999864,-1.0666666666666036,-1.3736599999999253,5.149207581800055,0.6000000000000227,0.005,0.0005826139172566388,,HYP-FCR-04,baseline,1029.841516360011,1029.017320360011,10.500000000001819,0.38606428571428963,0.27197542970272154,1,1,20.999999999997954,0.30000000000001137,5.0,460.96999999999997,0.3299999999999841,2,2023,11
SPY,2023-12-13,long,464.855,464.3,2023-12-13T15:05:00+00:00,2023-12-13T15:10:00+00:00,464.64,0.06839999999999691,464.23,465.4599999999999,2,2,2023-12-13T15:15:00+00:00,464.65,2023-12-13T18:08:00+00:00,464.22,STOP_LOSS,-0.8599999999999,0.18577400000000002,0.03999999999996362,-1.0457739999999,-1.0487804878048375,-1.2753341463414405,5.145086601800054,0.8199999999999363,0.005,0.0007968767714357345,,HYP-FCR-04,baseline,1029.017320360011,1027.971546360011,6.839999999999691,0.2692888888888787,0.2540023106123104,1,1,6.000000000000227,0.40999999999996817,5.0,464.41,0.18000000000000682,2,2023,10
SPY,2023-12-14,long,473.73,472.255,2023-12-14T16:45:00+00:00,2023-12-14T16:50:00+00:00,472.57,0.009999999999990905,472.24,473.22999999999996,2,2,2023-12-14T16:55:00+00:00,472.58,2023-12-14T17:15:00+00:00,473.21999999999997,TAKE_PROFIT,1.2799999999999727,0.18916,0.03999999999996362,1.0908399999999727,1.9393939393939916,1.652787878787917,5.139857731800055,0.6599999999999682,0.005,0.0006420411171272111,,HYP-FCR-04,baseline,1027.971546360011,1029.062386360011,0.9999999999990905,0.49463571428572906,0.020216898438947636,1,1,0.49999999999954525,0.3299999999999841,5.0,471.83,0.410000000000025,2,2023,11
QQQ,2023-12-15,short,405.57,403.8,2023-12-15T17:35:00+00:00,2023-12-15T17:40:00+00:00,405.39,0.1349999999999909,405.76,404.65,2,2,2023-12-15T17:45:00+00:00,405.38,2023-12-15T17:57:00+00:00,404.65999999999997,TAKE_PROFIT,1.4400000000000546,0.162008,0.03999999999996362,1.2779920000000546,1.9459459459459958,1.7270162162162688,5.031141774050075,0.7400000000000091,0.005,0.0007354195461324759,,HYP-FCR-04,baseline,1006.2283548100149,1007.506346810015,13.49999999999909,0.3523142857142797,0.3831806017354442,1,1,18.000000000000682,0.37000000000000455,5.0,406.01,0.25,2,2023,12
SPY,2023-12-15,short,469.82,468.81,2023-12-15T17:50:00+00:00,2023-12-15T18:00:00+00:00,469.455,0.0049999999999954525,469.93,468.50499999999994,2,2,2023-12-15T18:05:00+00:00,469.44,2023-12-15T18:30:00+00:00,469.94,STOP_LOSS,-1.0,0.18787600000000002,0.049999999999954525,-1.187876,-1.052631578947318,-1.2503957894736242,5.145311931800055,0.9500000000000455,0.005,0.0009231704633189206,,HYP-FCR-04,baseline,1029.062386360011,1027.874510360011,0.49999999999954525,0.30784999999999385,0.0162416761409633,2,2,10.000000000002274,0.47500000000002274,10.0,469.84,0.09000000000003183,3,2023,13
SPY,2023-12-18,short,471.43,470.8,2023-12-18T15:45:00+00:00,2023-12-18T15:50:00+00:00,471.15,0.029999999999972715,471.48,470.4899999999999,2,2,2023-12-18T15:55:00+00:00,471.15000000000003,2023-12-18T16:10:00+00:00,471.49,STOP_LOSS,-0.67999999999995,0.18852800000000003,0.020000000000095497,-0.86852799999995,-1.0303030303028267,-1.3159515151512762,5.139372551800055,0.6600000000000819,0.005,0.0006421017287109476,,HYP-FCR-04,baseline,1027.874510360011,1027.005982360011,2.9999999999972715,0.319814285714289,0.09380444007674403,1,1,4.000000000002046,0.3300000000000409,5.0,471.45,0.03000000000002956,2,2023,10
QQQ,2023-12-19,short,408.5286,407.345,2023-12-19T15:35:00+00:00,2023-12-19T15:40:00+00:00,408.0307,0.2300000000000182,408.88,406.3321000000001,2,2,2023-12-19T15:45:00+00:00,408.02,2023-12-19T16:04:00+00:00,408.89,STOP_LOSS,-1.740000000000009,0.163382,0.04140000000006694,-1.903382000000009,-1.024373013069627,-1.1205592841163745,5.037531734050075,1.6985999999999422,0.005,0.0016859447142721041,,HYP-FCR-04,baseline,1007.506346810015,1005.602964810015,23.00000000000182,0.5141928571428593,0.44730298526126117,1,1,34.140000000002146,0.8492999999999711,5.0,408.61,0.2699999999999818,2,2023,10
QQQ,2023-12-20,short,409.28,407.97,2023-12-20T19:20:00+00:00,2023-12-20T19:25:00+00:00,408.9233,0.047000000000025466,409.33,408.1099,2,2,2023-12-20T19:30:00+00:00,408.92,2023-12-20T19:37:00+00:00,408.1199,TAKE_PROFIT,1.6002000000000862,0.16340798,0.02659999999991669,1.436792020000086,1.967297762478588,1.7664027784608847,5.028014824050075,0.8134000000000015,0.005,0.0008088679413884527,,HYP-FCR-04,baseline,1005.602964810015,1007.0397568300151,4.700000000002547,0.2577642857142775,0.18233712971440616,1,1,4.000000000002046,0.4067000000000007,5.0,409.5799,0.2499000000000251,2,2023,14
SPY,2023-12-20,short,474.66,473.77,2023-12-20T19:25:00+00:00,2023-12-20T19:30:00+00:00,474.23,0.1150000000000091,474.81,473.07000000000005,2,2,2023-12-20T19:35:00+00:00,474.2197,2023-12-20T19:47:00+00:00,473.08000000000004,TAKE_PROFIT,2.279399999999896,0.18945994000000002,0.04060000000004038,2.089940059999896,1.9649999999999643,1.8016724655172012,5.135029911800055,1.1599999999999682,0.005,0.0011294968285718678,,HYP-FCR-04,baseline,1027.005982360011,1029.095922420011,11.50000000000091,0.23958571428571776,0.4799952298611007,1,1,13.999999999998636,0.5799999999999841,5.0,474.8899,0.07990000000000919,2,2023,14
QQQ,2023-12-21,long,407.92,406.135,2023-12-21T15:15:00+00:00,2023-12-21T15:20:00+00:00,407.12,0.07999999999998408,405.81,409.74,2,2,2023-12-21T15:25:00+00:00,407.13,2023-12-21T15:28:00+00:00,405.8,STOP_LOSS,-2.659999999999968,0.162586,0.03999999999996362,-2.8225859999999683,-1.0152671755725051,-1.077322900763345,5.035198784150076,2.6200000000000045,0.005,0.0026016847718577725,,HYP-FCR-04,baseline,1007.0397568300151,1004.2171708300151,7.999999999998408,0.8688000000000009,0.09208103130753223,1,1,31.499999999999773,1.3100000000000023,5.0,405.27,0.5400000000000205,2,2023,10
SPY,2023-12-21,short,472.3,470.98,2023-12-21T15:25:00+00:00,2023-12-21T15:55:00+00:00,471.17,0.2400000000000091,472.39,468.7300000000001,2,2,2023-12-21T16:00:00+00:00,471.15000000000003,2023-12-21T20:38:00+00:00,472.4,STOP_LOSS,-2.4999999999998863,0.18871,0.05999999999994543,-2.6887099999998862,-1.0245901639344044,-1.1019303278688326,5.145479612100055,2.439999999999941,0.005,0.0023710131843317998,,HYP-FCR-04,baseline,1029.095922420011,1026.407212420011,24.00000000000091,0.6631142857142801,0.36192856219571673,6,6,7.999999999998408,1.2199999999999704,30.0,471.59,0.8000000000000114,7,2023,11
QQQ,2023-12-22,long,409.97,408.77,2023-12-22T17:35:00+00:00,2023-12-22T17:40:00+00:00,409.04,0.08999999999997499,408.69,409.74000000000007,2,2,2023-12-22T17:45:00+00:00,409.05,2023-12-22T19:04:00+00:00,408.68,STOP_LOSS,-0.7400000000000091,0.16354600000000002,0.03999999999996362,-0.9035460000000091,-1.0571428571428014,-1.290779999999929,5.021085854150075,0.7000000000000455,0.005,0.000697060377310094,,HYP-FCR-04,baseline,1004.2171708300151,1003.3136248300151,8.999999999997499,0.3181142857142853,0.28291719058731174,1,1,6.999999999999318,0.35000000000002274,5.0,408.695,0.0049999999999954525,2,2023,12
SPY,2023-12-22,long,475.38,473.77,2023-12-22T17:25:00+00:00,2023-12-22T17:40:00+00:00,474.3801,0.05500000000000682,473.76,475.6203000000001,2,2,2023-12-22T17:45:00+00:00,474.39,2023-12-22T19:05:00+00:00,473.75,STOP_LOSS,-1.2799999999999727,0.18962800000000002,0.03979999999990014,-1.4696279999999726,-1.0320915981292516,-1.1849927431058593,5.132036062100055,1.2402000000000726,0.005,0.001208292366804391,,HYP-FCR-04,baseline,1026.407212420011,1024.937584420011,5.500000000000682,0.2857428571428581,0.19248075192483077,3,3,0.0,0.6201000000000363,15.0,474.0,0.2400000000000091,4,2023,12
QQQ,2023-12-26,short,410.24,409.15,2023-12-26T15:40:00+00:00,2023-12-26T15:50:00+00:00,409.775,0.11000000000001364,410.425,408.4749999999999,2,2,2023-12-26T15:55:00+00:00,409.77,2023-12-26T18:24:00+00:00,410.435,STOP_LOSS,-1.330000000000041,0.164041,0.029999999999972715,-1.494041000000041,-1.0230769230769008,-1.149262307692279,5.0165681241500755,1.3000000000000682,0.005,0.001295706514720478,,HYP-FCR-04,baseline,1003.3136248300151,1001.8195838300151,11.000000000001364,0.274942857142865,0.4000831341577853,2,2,17.500000000001137,0.6500000000000341,10.0,410.36,0.06499999999999773,3,2023,10
SPY,2023-12-27,short,476.14,475.27,2023-12-27T15:00:00+00:00,2023-12-27T15:15:00+00:00,475.48,0.14999999999997726,476.15,474.1400000000001,2,2,2023-12-27T15:20:00+00:00,475.47,2023-12-27T18:06:00+00:00,476.15999999999997,STOP_LOSS,-1.3799999999998818,0.190326,0.03999999999996362,-1.5703259999998818,-1.0298507462686315,-1.171885074626849,5.124687922100056,1.3399999999999181,0.005,0.0013073966848022203,,HYP-FCR-04,baseline,1024.937584420011,1023.3672584200111,14.999999999997726,0.3490399999999966,0.42975017190000786,3,3,0.0,0.6699999999999591,15.0,476.03,0.12000000000000455,4,2023,10
QQQ,2023-12-27,long,411.655,410.94,2023-12-27T18:05:00+00:00,2023-12-27T18:10:00+00:00,411.32,0.10000000000002274,410.86,412.23999999999995,2,2,2023-12-27T18:15:00+00:00,411.34999999999997,2023-12-27T19:00:00+00:00,410.85,STOP_LOSS,-0.9999999999998863,0.16444000000000003,0.07999999999992724,-1.1644399999998862,-1.0869565217390553,-1.2656956521738456,5.009097919150076,0.9199999999999591,0.005,0.0009183290233584226,,HYP-FCR-04,baseline,1001.8195838300151,1000.6551438300152,10.000000000002274,0.2876071428571346,0.3476965106172503,1,1,6.999999999999318,0.45999999999997954,5.0,410.57,0.29000000000002046,2,2023,13
QQQ,2023-12-28,long,412.92,411.84,2023-12-28T15:20:00+00:00,2023-12-28T15:30:00+00:00,412.2,0.1349999999999909,411.71000000000004,413.1799999999999,2,2,2023-12-28T15:35:00+00:00,412.21,2023-12-28T16:19:00+00:00,411.70000000000005,STOP_LOSS,-1.0199999999998681,0.164782,0.03999999999996362,-1.184781999999868,-1.0408163265305792,-1.2089612244897792,5.003275719150076,0.9799999999999045,0.005,0.0009793583794002667,,HYP-FCR-04,baseline,1000.6551438300152,999.4703618300153,13.49999999999909,0.3342153846153818,0.4039311360706814,2,2,11.99999999999477,0.48999999999995225,10.0,411.76,0.049999999999954525,3,2023,10
SPY,2023-12-28,short,477.385,476.8,2023-12-28T15:50:00+00:00,2023-12-28T16:00:00+00:00,476.985,0.08500000000003638,477.505,475.94500000000005,2,2,2023-12-28T16:05:00+00:00,476.97,2023-12-28T18:37:00+00:00,477.515,STOP_LOSS,-1.0899999999999181,0.190897,0.049999999999954525,-1.2808969999999182,-1.048076923076881,-1.2316317307691953,5.116836292100055,1.0399999999999636,0.005,0.0010162529545899603,,HYP-FCR-04,baseline,1023.3672584200111,1022.0863614200113,8.500000000003638,0.2399928571428518,0.3541772076551492,2,2,11.000000000001364,0.5199999999999818,10.0,477.48,0.024999999999977263,3,2023,11
SPY,2023-12-29,short,476.93,476.41,2023-12-29T15:05:00+00:00,2023-12-29T15:15:00+00:00,476.6699,0.014999999999986358,477.03999999999996,475.9297,2,2,2023-12-29T15:20:00+00:00,476.65000000000003,2023-12-29T15:42:00+00:00,475.9397,TAKE_PROFIT,1.4206000000000358,0.19051794,0.05979999999988195,1.230082060000036,1.9192110240477098,1.6618239124562337,5.110431807100056,0.7401999999999589,0.005,0.000724204947781105,,HYP-FCR-04,baseline,1022.0863614200113,1023.3164434800113,1.4999999999986358,0.23999999999999205,0.062499999999945224,2,2,9.99999999999659,0.37009999999997945,10.0,476.835,0.20499999999998408,3,2023,10
SPY,2024-01-02,long,472.8,471.36,2024-01-02T15:35:00+00:00,2024-01-02T15:45:00+00:00,471.67,0.009999999999990905,471.29,472.43,2,2,2024-01-02T15:50:00+00:00,471.6798,2024-01-02T16:11:00+00:00,472.42,TAKE_PROFIT,1.4804000000000315,0.18881996,0.03959999999995034,1.2915800400000315,1.94789473684217,1.6994474210526933,5.116582217400057,0.7599999999999909,0.005,0.0007426832675681872,,HYP-FCR-04,baseline,1023.3164434800113,1024.6080235200113,0.9999999999990905,0.5196500000000006,0.019243721735766176,2,2,6.000000000000227,0.37999999999999545,10.0,471.5,0.20999999999997954,3,2024,10
QQQ,2024-01-02,long,406.09,402.5,2024-01-02T16:00:00+00:00,2024-01-02T16:05:00+00:00,402.97,0.12000000000000455,402.31,404.2900000000001,2,2,2024-01-02T16:10:00+00:00,402.96999999999997,2024-01-02T18:08:00+00:00,402.3,STOP_LOSS,-1.3399999999999181,0.161054,0.020000000000095497,-1.5010539999999182,-1.0151515151514148,-1.1371621212120162,4.997351809150077,1.32000000000005,0.005,0.0013206994928625494,,HYP-FCR-04,baseline,999.4703618300153,997.9693078300154,12.000000000000455,0.5853999999999928,0.2049880423642057,1,1,18.000000000000682,0.660000000000025,5.0,402.07,0.2400000000000091,2,2024,11
QQQ,2024-01-03,long,400.76,399.26,2024-01-03T15:55:00+00:00,2024-01-03T16:00:00+00:00,399.9399,0.2599999999999909,398.96000000000004,401.8997,2,2,2024-01-03T16:05:00+00:00,399.95,2024-01-03T16:40:00+00:00,398.95000000000005,STOP_LOSS,-1.9999999999998863,0.15978000000000003,0.040199999999913416,-2.1597799999998863,-1.020512297173137,-1.1020410245943035,4.9898465391500775,1.959799999999973,0.005,0.0019637878486076514,,HYP-FCR-04,baseline,997.9693078300154,995.8095278300156,25.99999999999909,0.7152714285714329,0.3634983722462852,1,1,28.999999999996362,0.9798999999999864,5.0,398.81,0.1500000000000341,2,2024,11
SPY,2024-01-03,long,470.53,469.65,2024-01-03T17:35:00+00:00,2024-01-03T18:00:00+00:00,470.445,0.36000000000001364,469.63,472.075,2,2,2024-01-03T18:05:00+00:00,470.45,2024-01-03T19:00:00+00:00,469.62,STOP_LOSS,-1.6599999999999682,0.188014,0.029999999999972715,-1.848013999999968,-1.0184049079754434,-1.1337509202453824,5.123040117600056,1.6299999999999955,0.005,0.001590852269924822,,HYP-FCR-04,baseline,1024.6080235200113,1022.7600095200114,36.000000000001364,0.31575714285713324,1.1401167262363354,5,5,0.9999999999990905,0.8149999999999977,25.0,469.83,0.19999999999998863,6,2024,13
QQQ,2024-01-04,short,397.56,396.1928,2024-01-04T20:10:00+00:00,2024-01-04T20:20:00+00:00,397.2401,0.05000000000001137,397.8599,396.0005,2,2,2024-01-04T20:25:00+00:00,397.22,2024-01-04T20:59:00+00:00,396.25,FORCED_SESSION_CLOSE,1.9400000000000546,0.158694,0.060199999999895226,1.7813060000000545,1.565020974507955,1.4370006453695228,4.979047639150078,1.2395999999999958,0.005,0.0012448163683483006,,HYP-FCR-04,baseline,995.8095278300156,997.5908338300156,5.000000000001137,0.3675500000000064,0.13603591348118757,2,2,28.989999999998872,0.6197999999999979,10.0,397.82,0.03989999999998872,3,2024,15
SPY,2024-01-04,short,469.26,468.11,2024-01-04T19:00:00+00:00,2024-01-04T20:20:00+00:00,468.23,0.13999999999998636,469.34,466.0100000000001,2,2,2024-01-04T20:25:00+00:00,468.22,2024-01-04T20:59:00+00:00,467.28,FORCED_SESSION_CLOSE,1.8800000000001091,0.18710000000000002,0.03999999999996362,1.692900000000109,0.846846846846929,0.7625675675676464,5.113800047600058,2.2199999999999136,0.005,0.0021705971873516795,,HYP-FCR-04,baseline,1022.7600095200114,1024.4529095200114,13.999999999998636,0.371600000000013,0.37674919268025153,16,16,6.999999999999318,1.1099999999999568,80.0,468.995,0.34499999999997044,17,2024,15
SPY,2024-01-05,short,468.59,467.13,2024-01-05T17:00:00+00:00,2024-01-05T17:05:00+00:00,467.58,0.03000000000002956,468.84999999999997,465.04,2,2,2024-01-05T17:10:00+00:00,467.575,2024-01-05T19:10:00+00:00,468.85999999999996,STOP_LOSS,-2.5699999999999363,0.187287,0.029999999999972715,-2.7572869999999363,-1.0118110236220366,-1.0855460629921165,5.122264547600057,2.5399999999999636,0.005,0.0024793721374563073,,HYP-FCR-04,baseline,1024.4529095200114,1021.6956225200115,3.000000000002956,0.49257857142856665,0.06090398921135394,1,1,25.0,1.2699999999999818,5.0,468.95,0.10000000000002274,2,2024,12
QQQ,2024-01-05,short,397.57,396.16,2024-01-05T17:05:00+00:00,2024-01-05T17:10:00+00:00,397.0457,0.6213000000000193,397.88169999999997,395.3737000000001,2,2,2024-01-05T17:15:00+00:00,397.04,2024-01-05T20:28:00+00:00,395.3837000000001,TAKE_PROFIT,3.312599999999861,0.15848474,0.03139999999996235,3.154115259999861,1.9812200956938015,1.8864325717703514,4.987954169150078,1.6719999999999118,0.005,0.001676037853696651,,HYP-FCR-04,baseline,997.5908338300156,1000.7449490900156,62.13000000000193,0.5236785714285678,1.1864147855146057,1,1,30.169999999998254,0.8359999999999559,5.0,398.06,0.17830000000003565,2,2024,12
QQQ,2024-01-10,long,406.9,405.4591,2024-01-10T15:05:00+00:00,2024-01-10T15:15:00+00:00,406.23,0.29000000000002046,405.16,408.37,2,2,2024-01-10T15:20:00+00:00,406.245,2024-01-10T19:05:00+00:00,408.36,TAKE_PROFIT,4.230000000000018,0.162921,0.049999999999954525,4.067079000000018,1.9766355140187126,1.9005042056074972,5.003724745450078,2.1399999999999864,0.005,0.0021384069956544905,,HYP-FCR-04,baseline,1000.7449490900156,1004.8120280900156,29.000000000002046,0.6360099999999932,0.4559676734642908,2,2,28.909999999996217,1.0699999999999932,10.0,405.46000000000004,0.30000000000001137,3,2024,10
SPY,2024-01-10,long,475.34,474.14,2024-01-10T15:05:00+00:00,2024-01-10T15:30:00+00:00,474.8499,0.18000000000000682,473.86,476.82969999999995,2,2,2024-01-10T15:35:00+00:00,474.84,2024-01-10T19:26:00+00:00,476.81969999999995,TAKE_PROFIT,3.9593999999999596,0.19033194,0.039800000000013824,3.7690680599999595,1.999898979694944,1.903762026467343,5.108478112600058,1.9797999999999547,0.005,0.0019377591098186165,,HYP-FCR-04,baseline,1021.6956225200115,1025.4646905800114,18.000000000000682,0.4732538461538437,0.3803455618224243,5,5,26.99999999999818,0.9898999999999774,25.0,474.3,0.4399999999999977,6,2024,10
QQQ,2024-01-11,long,411.2004,408.4295,2024-01-11T18:55:00+00:00,2024-01-11T19:00:00+00:00,408.56,0.2599999999999909,407.935,409.81,2,2,2024-01-11T19:05:00+00:00,408.6001,2024-01-11T20:59:00+00:00,409.33,FORCED_SESSION_CLOSE,1.459799999999973,0.16358602000000003,0.10019999999997253,1.2962139799999728,1.1678399999999782,1.0369711839999782,5.024060140450078,1.25,0.005,0.0012440137707905895,,HYP-FCR-04,baseline,1004.8120280900156,1006.1082420700155,25.99999999999909,0.47463571428570667,0.5477885295489671,1,1,48.45000000000255,0.625,5.0,407.69,0.24500000000000455,2,2024,14
SPY,2024-01-11,long,478.12,475.72,2024-01-11T19:25:00+00:00,2024-01-11T19:30:00+00:00,476.08,0.060000000000002274,475.52,477.2,2,2,2024-01-11T19:35:00+00:00,476.09,2024-01-11T20:18:00+00:00,475.51,STOP_LOSS,-1.1599999999999682,0.19032,0.03999999999996362,-1.3503199999999682,-1.0357142857142532,-1.205642857142824,5.127323452900057,1.1200000000000045,0.005,0.0010921877762232097,,HYP-FCR-04,baseline,1025.4646905800114,1024.1143705800114,6.000000000000227,0.44313571428571663,0.1353987008172323,1,1,19.000000000005457,0.5600000000000023,5.0,475.53000000000003,0.010000000000047748,2,2024,14
QQQ,2024-01-16,short,409.02,406.83,2024-01-16T17:00:00+00:00,2024-01-16T17:05:00+00:00,408.434,0.08999999999997499,409.38,406.5420000000001,2,2,2024-01-16T17:10:00+00:00,408.42,2024-01-16T20:58:00+00:00,409.39,STOP_LOSS,-1.9399999999999409,0.16356199999999999,0.04800000000000182,-2.1035619999999406,-1.0253699788583528,-1.1118192389006387,5.030541210350078,1.891999999999939,0.005,0.0018805133691254204,,HYP-FCR-04,baseline,1006.1082420700155,1004.0046800700156,8.999999999997499,0.8402357142857154,0.10711279997956764,1,1,35.000000000002274,0.9459999999999695,5.0,409.28,0.10000000000002274,2,2024,12
SPY,2024-01-16,short,475.61,473.47,2024-01-16T16:50:00+00:00,2024-01-16T17:05:00+00:00,474.65,0.060000000000002274,475.884,472.1819999999999,2,2,2024-01-16T17:10:00+00:00,474.63,2024-01-16T20:59:00+00:00,474.96,FORCED_SESSION_CLOSE,-0.6599999999999682,0.189918,0.05999999999994543,-0.8499179999999682,-0.26742301458668893,-0.34437520259316956,5.120571852900057,2.4680000000000746,0.005,0.0024098870896639333,,HYP-FCR-04,baseline,1024.1143705800114,1023.2644525800114,6.000000000000227,0.7195285714285669,0.08338793257490393,3,3,26.400000000001,1.2340000000000373,15.0,475.33,0.5540000000000305,4,2024,12
SPY,2024-01-17,long,471.94,471.05,2024-01-17T15:00:00+00:00,2024-01-17T15:05:00+00:00,471.87,0.03999999999996362,471.04,473.53,2,2,2024-01-17T15:10:00+00:00,471.88,2024-01-17T18:15:00+00:00,471.03000000000003,STOP_LOSS,-1.6999999999999318,0.18858200000000003,0.03999999999996362,-1.8885819999999318,-1.0240963855421472,-1.1376999999999808,5.116322262900057,1.6599999999999682,0.005,0.001622259031684841,,HYP-FCR-04,baseline,1023.2644525800114,1021.3758705800115,3.999999999996362,0.5919749999999979,0.06757042104812494,1,1,0.0,0.8299999999999841,5.0,471.3,0.2599999999999909,2,2024,10
QQQ,2024-01-17,long,406.61,403.27,2024-01-17T15:00:00+00:00,2024-01-17T15:30:00+00:00,404.38,0.08699999999998909,402.91,407.31999999999994,2,2,2024-01-17T15:35:00+00:00,404.38,2024-01-17T20:52:00+00:00,407.30999999999995,TAKE_PROFIT,5.8599999999999,0.16233799999999998,0.01999999999998181,5.6976619999999,1.9931972789115706,1.9379802721088484,5.0200234003500785,2.939999999999941,0.005,0.002928273202665665,,HYP-FCR-04,baseline,1004.0046800700156,1009.7023420700156,8.699999999998909,0.7896307692307687,0.11017807738766501,6,6,34.99999999999659,1.4699999999999704,30.0,403.92,1.009999999999991,7,2024,10
QQQ,2024-01-18,long,411.86,410.49,2024-01-18T15:10:00+00:00,2024-01-18T15:15:00+00:00,410.95,0.060000000000002274,410.45,411.95,2,2,2024-01-18T15:20:00+00:00,410.96,2024-01-18T15:37:00+00:00,411.94,TAKE_PROFIT,1.9600000000000364,0.16458,0.03999999999996362,1.7954200000000364,1.9600000000000364,1.7954200000000364,5.048511710350078,1.0,0.005,0.0009903908888137026,,HYP-FCR-04,baseline,1009.7023420700156,1011.4977620700156,6.000000000000227,0.7554099999999891,0.07942706609656099,1,1,3.000000000002956,0.5,5.0,410.33,0.12000000000000455,2,2024,10
SPY,2024-01-18,short,474.47,473.39,2024-01-18T15:55:00+00:00,2024-01-18T16:00:00+00:00,473.7,0.06999999999999318,474.67,471.75999999999993,2,2,2024-01-18T16:05:00+00:00,473.69,2024-01-18T16:21:00+00:00,474.68,STOP_LOSS,-1.9800000000000182,0.189674,0.03999999999996362,-2.1696740000000183,-1.0206185567010115,-1.1183886597937924,5.106879352900058,1.9400000000000546,0.005,0.0018993986992255668,,HYP-FCR-04,baseline,1021.3758705800115,1019.2061965800115,6.999999999999318,0.5460214285714277,0.12820009680414246,1,1,18.999999999999773,0.9700000000000273,5.0,474.84,0.16999999999995907,2,2024,11
QQQ,2024-01-19,short,415.75,414.625,2024-01-19T15:05:00+00:00,2024-01-19T15:10:00+00:00,415.2399,0.009999999999990905,415.935,413.8496999999999,2,2,2024-01-19T15:15:00+00:00,415.228,2024-01-19T15:40:00+00:00,415.945,STOP_LOSS,-1.433999999999969,0.1662346,0.04379999999991924,-1.6002345999999692,-1.0315062580923016,-1.1510822903178763,5.057488810350078,1.3902000000000498,0.005,0.0013743975045036438,,HYP-FCR-04,baseline,1011.4977620700156,1009.8975274700156,0.9999999999990905,0.7399222222222256,0.013514934002059937,1,1,17.500000000001137,0.6951000000000249,5.0,415.86,0.07499999999998863,2,2024,10
SPY,2024-01-19,short,477.97,476.94,2024-01-19T15:05:00+00:00,2024-01-19T15:10:00+00:00,477.3491,0.029999999999972715,478.03999999999996,475.96730000000014,2,2,2024-01-19T15:15:00+00:00,477.34000000000003,2024-01-19T15:21:00+00:00,478.04999999999995,STOP_LOSS,-1.4199999999998454,0.191078,0.03819999999996071,-1.6110779999998455,-1.0276451005934026,-1.165927051671718,5.096030982900057,1.3817999999998847,0.005,0.00135576098794981,,HYP-FCR-04,baseline,1019.2061965800115,1017.5951185800117,2.9999999999972715,0.588766666666667,0.050953971578960595,1,1,5.999999999994543,0.6908999999999423,5.0,477.96999999999997,0.06999999999999318,2,2024,10
SPY,2024-01-22,short,485.2,483.9,2024-01-22T15:00:00+00:00,2024-01-22T15:30:00+00:00,483.98,0.015000000000043201,485.23,481.48,2,2,2024-01-22T15:35:00+00:00,483.98,2024-01-22T20:59:00+00:00,483.53,FORCED_SESSION_CLOSE,0.900000000000091,0.193502,0.01999999999998181,0.7064980000000909,0.3600000000000364,0.28259920000003635,5.087975592900058,2.5,0.005,0.0024567727914109774,,HYP-FCR-04,baseline,1017.5951185800117,1018.3016165800118,1.50000000000432,0.5961461538461558,0.025161614988652884,6,6,2.0000000000038654,1.25,30.0,484.69,0.5400000000000205,7,2024,10
SPY,2024-01-23,long,484.3737,483.54,2024-01-23T17:50:00+00:00,2024-01-23T17:55:00+00:00,483.91,0.18000000000000682,483.385,484.9600000000001,2,2,2024-01-23T18:00:00+00:00,483.92,2024-01-23T20:55:00+00:00,484.9500000000001,TAKE_PROFIT,2.060000000000173,0.19377400000000003,0.03999999999996362,1.8662260000001727,1.9619047619047991,1.7773580952381443,5.091508082900059,1.0500000000000682,0.005,0.0010311286782854338,,HYP-FCR-04,baseline,1018.3016165800118,1020.167842580012,18.000000000000682,0.25127857142857124,0.7163364507234706,1,1,14.500000000003865,0.5250000000000341,5.0,483.27,0.1150000000000091,2,2024,13
QQQ,2024-01-23,short,422.44,420.57,2024-01-23T18:20:00+00:00,2024-01-23T18:35:00+00:00,421.85,0.07000000000005002,422.52,420.5100000000001,2,2,2024-01-23T18:40:00+00:00,421.84000000000003,2024-01-23T19:45:00+00:00,422.53,STOP_LOSS,-1.3799999999998818,0.168874,0.03999999999996362,-1.5488739999998817,-1.0298507462686315,-1.1558761194029674,5.049487637350078,1.3399999999999181,0.005,0.0013268672945035045,,HYP-FCR-04,baseline,1009.8975274700156,1008.3486534700157,7.000000000005002,0.2778642857142789,0.25192154443349124,3,3,6.999999999999318,0.6699999999999591,15.0,422.27,0.25,4,2024,13
SPY,2024-01-24,long,487.83,486.95,2024-01-24T15:10:00+00:00,2024-01-24T15:15:00+00:00,487.32,0.060000000000002274,486.69,488.58,2,2,2024-01-24T15:20:00+00:00,487.32,2024-01-24T15:45:00+00:00,488.57,TAKE_PROFIT,2.5,0.19517800000000002,0.01999999999998181,2.304822,1.9841269841269984,1.829223809523823,5.10083921290006,1.259999999999991,0.005,0.0012350908815292997,,HYP-FCR-04,baseline,1020.167842580012,1022.472664580012,6.000000000000227,0.46251000000000886,0.1297269248232495,1,1,25.0,0.6299999999999955,5.0,486.5435,0.14650000000000318,2,2024,10
QQQ,2024-01-24,short,427.54,426.12,2024-01-24T19:10:00+00:00,2024-01-24T19:15:00+00:00,427.0,0.4200000000000159,427.65999999999997,425.68000000000006,2,2,2024-01-24T19:20:00+00:00,426.98,2024-01-24T20:20:00+00:00,425.69000000000005,TAKE_PROFIT,2.5799999999999272,0.17053400000000002,0.05999999999994543,2.4094659999999273,1.9545454545454937,1.8253530303030632,5.041743267350078,1.3199999999999363,0.005,0.0013090710196889135,,HYP-FCR-04,baseline,1008.3486534700157,1010.7581194700157,42.00000000000159,0.4896428571428625,0.8577680525164345,1,1,10.99999999999568,0.6599999999999682,5.0,427.87,0.21000000000003638,2,2024,14
QQQ,2024-01-25,long,428.45,426.85,2024-01-25T15:00:00+00:00,2024-01-25T15:10:00+00:00,427.96,0.14999999999997726,426.58,430.71999999999997,2,2,2024-01-25T15:15:00+00:00,427.9715,2024-01-25T17:32:00+00:00,426.57,STOP_LOSS,-2.8029999999999973,0.1709083,0.043000000000006366,-2.973908299999997,-1.01557971014493,-1.0775030072463794,5.053790597350079,2.759999999999991,0.005,0.002730623624816567,,HYP-FCR-04,baseline,1010.7581194700157,1007.7842111700157,14.999999999997726,0.7438555555555568,0.2016520531166136,2,2,26.000000000004775,1.3799999999999955,10.0,427.05,0.4700000000000273,3,2024,10
SPY,2024-01-25,short,487.7,486.77,2024-01-25T15:30:00+00:00,2024-01-25T15:35:00+00:00,487.2914,0.3900000000000432,488.1801,485.51400000000007,2,2,2024-01-25T15:40:00+00:00,487.29,2024-01-25T19:01:00+00:00,485.52400000000006,TAKE_PROFIT,3.5319999999999254,0.19456280000000004,0.022799999999961074,3.3374371999999255,1.9871722741082696,1.877707437830557,5.11236332290006,1.7773999999999432,0.005,0.0017383349810432566,,HYP-FCR-04,baseline,1022.472664580012,1025.8101017800118,39.00000000000432,0.5246500000000042,0.7433527113314402,1,1,47.01000000000022,0.8886999999999716,5.0,488.12,0.06009999999997717,2,2024,10
SPY,2024-01-26,long,488.35,487.235,2024-01-26T15:15:00+00:00,2024-01-26T15:25:00+00:00,488.14,0.19999999999998863,487.14,490.14,2,2,2024-01-26T15:30:00+00:00,488.1519,2024-01-26T17:48:00+00:00,487.13,STOP_LOSS,-2.043800000000033,0.19505638,0.043800000000032924,-2.238856380000033,-1.0219000000000165,-1.1194281900000165,5.129050508900059,2.0,0.005,0.0019496785969737957,,HYP-FCR-04,baseline,1025.8101017800118,1023.5712454000118,19.999999999998863,0.4737666666666674,0.4221487370716703,2,2,8.500000000003638,1.0,10.0,487.44,0.30000000000001137,3,2024,10
QQQ,2024-01-26,short,424.76,423.48,2024-01-26T17:35:00+00:00,2024-01-26T17:40:00+00:00,424.23,0.2300000000000182,424.86,422.97,2,2,2024-01-26T17:45:00+00:00,424.21000000000004,2024-01-26T20:59:00+00:00,423.78,FORCED_SESSION_CLOSE,0.8600000000001273,0.169598,0.05999999999994543,0.6904020000001273,0.6825396825397885,0.5479380952382003,5.0389210558500785,1.259999999999991,0.005,0.0012502676525733203,,HYP-FCR-04,baseline,1007.7842111700157,1008.4746131700159,23.00000000000182,0.5132214285714147,0.44814964301127913,1,1,9.000000000003183,0.6299999999999955,5.0,425.40999999999997,0.5499999999999545,2,2024,12
QQQ,2024-01-29,long,425.12,423.85,2024-01-29T15:05:00+00:00,2024-01-29T15:15:00+00:00,424.72,0.150100000000009,423.75,426.6600000000001,2,2,2024-01-29T15:20:00+00:00,424.71999999999997,2024-01-29T16:00:00+00:00,423.74,STOP_LOSS,-1.9599999999999227,0.169692,0.020000000000095497,-2.1296919999999226,-1.0103092783504473,-1.0977793814432282,5.04237306585008,1.9400000000000546,0.005,0.001923697408605957,,HYP-FCR-04,baseline,1008.4746131700159,1006.3449211700159,15.0100000000009,0.5195300000000088,0.28891498084808664,2,2,9.000000000003183,0.9700000000000273,10.0,423.855,0.10500000000001819,3,2024,10
SPY,2024-01-29,short,488.15,487.4568,2024-01-29T15:20:00+00:00,2024-01-29T15:25:00+00:00,487.67,0.39440000000001874,488.265,486.4800000000001,2,2,2024-01-29T15:30:00+00:00,487.67,2024-01-29T17:24:00+00:00,488.275,STOP_LOSS,-1.2099999999999227,0.195189,0.01999999999998181,-1.4051889999999227,-1.0168067226890611,-1.1808310924369685,5.117856227000059,1.1899999999999409,0.005,0.0011625961605973884,,HYP-FCR-04,baseline,1023.5712454000118,1022.1660564000118,39.440000000001874,0.359366666666664,1.0974863185233883,1,1,10.500000000001819,0.5949999999999704,5.0,488.25,0.014999999999986358,2,2024,10
SPY,2024-01-30,short,491.32,490.52,2024-01-30T15:00:00+00:00,2024-01-30T15:05:00+00:00,490.9346,0.09030000000001337,491.3696,490.0646,2,2,2024-01-30T15:10:00+00:00,490.9244,2024-01-30T16:48:00+00:00,491.3796,STOP_LOSS,-0.9103999999999814,0.1964608,0.0403999999999769,-1.1068607999999815,-1.0464367816091686,-1.2722537931034203,5.110830282000059,0.8700000000000045,0.005,0.0008511337219160611,,HYP-FCR-04,baseline,1022.1660564000118,1021.0591956000119,9.030000000001337,0.3977874999999855,0.22700562486256268,1,1,3.9600000000007185,0.4350000000000023,5.0,491.31,0.059599999999988995,2,2024,10
QQQ,2024-01-31,long,421.53,419.62,2024-01-31T17:00:00+00:00,2024-01-31T17:05:00+00:00,420.1,0.2300000000000182,419.37,421.56000000000006,2,2,2024-01-31T17:10:00+00:00,420.14,2024-01-31T17:37:00+00:00,419.36,STOP_LOSS,-1.5599999999999454,0.16790000000000002,0.09999999999990905,-1.7278999999999454,-1.0684931506848676,-1.1834931506848645,5.03172460585008,1.4600000000000364,0.005,0.0014507948212254932,,HYP-FCR-04,baseline,1006.3449211700159,1004.617021170016,23.00000000000182,0.4306357142857077,0.534094113354062,1,1,24.00000000000091,0.7300000000000182,5.0,419.17,0.19999999999998863,2,2024,12
SPY,2024-01-31,long,489.0813,487.52,2024-01-31T19:35:00+00:00,2024-01-31T19:40:00+00:00,488.45,0.9700000000000273,485.97,493.4099999999999,2,2,2024-01-31T19:45:00+00:00,488.46,2024-01-31T20:01:00+00:00,485.96000000000004,STOP_LOSS,-4.999999999999886,0.19488400000000003,0.03999999999996362,-5.194883999999886,-1.0080645161290251,-1.0473556451612838,5.1052959780000595,4.959999999999923,0.005,0.0048577007301572215,,HYP-FCR-04,baseline,1021.0591956000119,1015.864311600012,97.00000000000273,0.8327428571428551,1.1648253619708036,1,1,153.99999999999636,2.4799999999999613,5.0,486.14,0.16999999999995907,2,2024,14
SPY,2024-02-01,long,485.75,484.56,2024-02-01T15:00:00+00:00,2024-02-01T15:10:00+00:00,485.74,0.2699999999999818,484.25,488.72,2,2,2024-02-01T15:15:00+00:00,485.75,2024-02-01T15:59:00+00:00,484.24,STOP_LOSS,-3.019999999999982,0.193998,0.03999999999996362,-3.213997999999982,-1.013422818791934,-1.0785228187919336,5.07932155800006,2.980000000000018,0.005,0.0029334626346962053,,HYP-FCR-04,baseline,1015.864311600012,1012.650313600012,26.99999999999818,0.6688888888888869,0.4036544850498079,2,2,30.000000000001137,1.490000000000009,10.0,485.0,0.75,3,2024,10
QQQ,2024-02-01,long,419.5699,418.3399,2024-02-01T16:30:00+00:00,2024-02-01T16:35:00+00:00,419.15,0.02010000000001355,418.175,421.0999999999999,2,2,2024-02-01T16:40:00+00:00,419.15999999999997,2024-02-01T17:52:00+00:00,421.0899999999999,TAKE_PROFIT,3.8599999999999,0.16804999999999998,0.03999999999996362,3.6919499999999,1.9794871794871973,1.8933076923077072,5.02308510585008,1.9499999999999318,0.005,0.0019410381856051833,,HYP-FCR-04,baseline,1004.617021170016,1008.3089711700159,2.010000000001355,0.5797642857142762,0.03466926213857779,1,1,15.489999999999782,0.9749999999999659,5.0,418.175,0.0,2,2024,11
QQQ,2024-02-05,long,429.42,427.95,2024-02-05T17:20:00+00:00,2024-02-05T17:30:00+00:00,428.4,0.010000000000047748,427.7,429.79999999999995,2,2,2024-02-05T17:35:00+00:00,428.42,2024-02-05T20:59:00+00:00,428.44,FORCED_SESSION_CLOSE,0.03999999999996362,0.17137200000000002,0.06000000000005912,-0.1313720000000364,0.02857142857140305,-0.09383714285717039,5.04154485585008,1.3999999999999773,0.005,0.001388463298482263,,HYP-FCR-04,baseline,1008.3089711700159,1008.1775991700158,1.0000000000047748,0.3737357142857109,0.026756875561544588,2,2,24.00000000000091,0.6999999999999886,10.0,428.01,0.3100000000000023,3,2024,12
SPY,2024-02-05,long,493.71,492.88,2024-02-05T17:30:00+00:00,2024-02-05T17:35:00+00:00,493.285,0.1449999999999818,492.74,494.37500000000006,2,2,2024-02-05T17:40:00+00:00,493.28999999999996,2024-02-05T18:01:00+00:00,492.73,STOP_LOSS,-1.1199999999998909,0.19720400000000002,0.02999999999985903,-1.3172039999998908,-1.0275229357796865,-1.2084440366971123,5.0632515680000605,1.0900000000000318,0.005,0.0010763834122808284,,HYP-FCR-04,baseline,1012.650313600012,1011.3331096000121,14.499999999998181,0.3458499999999885,0.4192569032817309,1,1,12.999999999999545,0.5450000000000159,5.0,492.625,0.1150000000000091,2,2024,12
SPY,2024-02-06,long,494.32,492.98,2024-02-06T18:30:00+00:00,2024-02-06T18:35:00+00:00,493.33,0.06499999999999773,492.89,494.21,2,2,2024-02-06T18:40:00+00:00,493.34,2024-02-06T19:06:00+00:00,492.88,STOP_LOSS,-0.9199999999999591,0.197244,0.03999999999996362,-1.117243999999959,-1.0454545454545043,-1.2695954545454147,5.056665548000061,0.8799999999999955,0.005,0.0008701386236114037,,HYP-FCR-04,baseline,1011.3331096000121,1010.2158656000122,6.499999999999773,0.35992857142856644,0.1805913871799922,1,1,8.000000000004093,0.4399999999999977,5.0,492.52,0.37000000000000455,2,2024,13
SPY,2024-02-08,long,498.35,497.66,2024-02-08T15:45:00+00:00,2024-02-08T15:50:00+00:00,498.17,0.15899999999999181,497.64,499.2300000000001,2,2,2024-02-08T15:55:00+00:00,498.17,2024-02-08T16:16:00+00:00,497.63,STOP_LOSS,-1.080000000000041,0.19916,0.01999999999998181,-1.279160000000041,-1.0188679245282837,-1.2067547169811035,5.051079328000061,1.0600000000000591,0.005,0.0010492806894994446,,HYP-FCR-04,baseline,1010.2158656000122,1008.9367056000121,15.899999999999181,0.33061428571428614,0.4809229572656705,1,1,1.0000000000047748,0.5300000000000296,5.0,497.69,0.05000000000001137,2,2024,10
SPY,2024-02-12,long,501.47,501.14,2024-02-12T15:20:00+00:00,2024-02-12T15:25:00+00:00,501.325,0.015000000000043201,501.1,501.7749999999999,2,2,2024-02-12T15:30:00+00:00,501.34499999999997,2024-02-12T15:46:00+00:00,501.76499999999993,TAKE_PROFIT,0.8399999999999181,0.200622,0.05999999999994543,0.6393779999999182,1.8666666666667677,1.4208400000000336,5.044683528000061,0.4499999999999318,0.005,0.0004460141032655938,,HYP-FCR-04,baseline,1008.9367056000121,1009.5760836000121,1.50000000000432,0.19593333333332907,0.07655665192264474,1,1,2.9999999999972715,0.2249999999999659,5.0,501.1388,0.03879999999998063,2,2024,10
QQQ,2024-02-12,short,437.45,436.3806,2024-02-12T18:30:00+00:00,2024-02-12T18:35:00+00:00,436.41,0.2950000000000159,437.57,434.0900000000001,2,2,2024-02-12T18:40:00+00:00,436.419,2024-02-12T20:59:00+00:00,435.32,FORCED_SESSION_CLOSE,2.197999999999979,0.17434780000000002,0.03799999999989723,2.023652199999979,0.9474137931034653,0.8722638793103598,5.040887995850079,2.3199999999999363,0.005,0.0023011818571548118,,HYP-FCR-04,baseline,1008.1775991700158,1010.2012513700158,29.50000000000159,0.39492142857141793,0.7469840293729918,1,1,11.000000000001364,1.1599999999999682,5.0,438.06,0.4900000000000091,2,2024,13
SPY,2024-02-13,long,495.19,493.62,2024-02-13T15:15:00+00:00,2024-02-13T15:25:00+00:00,494.89,0.37000000000000455,493.21000000000004,498.2499999999999,2,2,2024-02-13T15:30:00+00:00,494.905,2024-02-13T19:02:00+00:00,493.20000000000005,STOP_LOSS,-3.4099999999998545,0.19762100000000002,0.049999999999954525,-3.6076209999998543,-1.0148809523809392,-1.0736967261904649,5.0478804180000605,3.3599999999999,0.005,0.0033281295531671007,,HYP-FCR-04,baseline,1009.5760836000121,1005.9684626000122,37.000000000000455,0.5868333333333359,0.6305026980971365,2,2,39.999999999997726,1.67999999999995,10.0,493.57,0.3599999999999568,3,2024,10
QQQ,2024-02-13,short,428.665,426.28,2024-02-13T17:50:00+00:00,2024-02-13T17:55:00+00:00,428.41,0.4701000000000022,429.27799999999996,426.67400000000015,2,2,2024-02-13T18:00:00+00:00,428.40000000000003,2024-02-13T19:13:00+00:00,426.68400000000014,TAKE_PROFIT,3.431999999999789,0.17101680000000005,0.03999999999996362,3.260983199999789,1.9769585253456414,1.8784465437788143,5.051006256850079,1.7359999999998763,0.005,0.0017184694610559489,,HYP-FCR-04,baseline,1010.2012513700158,1013.4622345700157,47.01000000000022,0.5143357142857131,0.9139944727595991,1,1,60.29999999999518,0.8679999999999382,5.0,429.545,0.26700000000005275,2,2024,13
QQQ,2024-02-14,short,431.97,430.13,2024-02-14T15:35:00+00:00,2024-02-14T15:40:00+00:00,431.33,0.22019999999997708,432.26,429.46999999999997,2,2,2024-02-14T15:45:00+00:00,431.32,2024-02-14T16:01:00+00:00,429.47999999999996,TAKE_PROFIT,3.6800000000000637,0.17216,0.03999999999996362,3.507840000000064,1.9784946236559338,1.8859354838709883,5.067311172850078,1.8600000000000136,0.005,0.0018352928570536827,,HYP-FCR-04,baseline,1013.4622345700157,1016.9700745700158,22.019999999997708,0.6712214285714343,0.3280586563939569,1,1,27.99999999999727,0.9300000000000068,5.0,432.45,0.18999999999999773,2,2024,10
SPY,2024-02-14,short,497.3,495.78,2024-02-14T15:40:00+00:00,2024-02-14T15:45:00+00:00,497.02,0.12000000000000455,497.36,496.3399999999999,2,2,2024-02-14T15:50:00+00:00,497.0199,2024-02-14T15:54:00+00:00,496.3499999999999,TAKE_PROFIT,1.3398000000001957,0.19867398,0.020199999999931606,1.1411260200001958,1.9702941176471622,1.6781265000001309,5.029842313000061,0.6800000000000637,0.005,0.0006759655250449353,,HYP-FCR-04,baseline,1005.9684626000122,1007.1095886200125,12.000000000000455,0.5221500000000064,0.22981901752370595,1,1,5.000000000001137,0.34000000000003183,5.0,497.6599,0.2998999999999796,2,2024,10
QQQ,2024-02-15,long,434.28,432.03,2024-02-15T15:05:00+00:00,2024-02-15T15:10:00+00:00,433.17,0.20999999999997954,431.89,435.7300000000001,2,2,2024-02-15T15:15:00+00:00,433.18,2024-02-15T16:04:00+00:00,431.88,STOP_LOSS,-2.6000000000000227,0.173012,0.03999999999996362,-2.7730120000000227,-1.0156249999999853,-1.0832078124999838,5.084850372850079,2.560000000000059,0.005,0.0025172815444765673,,HYP-FCR-04,baseline,1016.9700745700158,1014.1970625700158,20.999999999997954,0.7774000000000127,0.27013120658602535,1,1,12.999999999999545,1.2800000000000296,5.0,431.95,0.060000000000002274,2,2024,10
SPY,2024-02-15,short,500.38,499.2699,2024-02-15T15:25:00+00:00,2024-02-15T15:30:00+00:00,499.58,0.0049999999999954525,500.58,497.58,2,2,2024-02-15T15:35:00+00:00,499.56,2024-02-15T17:45:00+00:00,500.59,STOP_LOSS,-2.0599999999999454,0.20003,0.05999999999994543,-2.2600299999999454,-1.0299999999999727,-1.1300149999999727,5.035547943100062,2.0,0.005,0.0019858812016083486,,HYP-FCR-04,baseline,1007.1095886200125,1004.8495586200125,0.49999999999954525,0.5682692307692299,0.00879864636209015,1,1,18.999999999999773,1.0,5.0,500.4201,0.15989999999999327,2,2024,10
SPY,2024-02-16,long,501.91,499.29,2024-02-16T15:00:00+00:00,2024-02-16T15:10:00+00:00,500.16,0.029999999999972715,498.74,503.00000000000006,2,2,2024-02-16T15:15:00+00:00,500.17,2024-02-16T20:59:00+00:00,499.48,FORCED_SESSION_CLOSE,-1.3799999999999955,0.19993000000000002,0.03999999999996362,-1.5799299999999954,-0.48591549295773945,-0.5563133802816823,5.024247793100063,2.840000000000032,0.005,0.00282629372291339,,HYP-FCR-04,baseline,1004.8495586200125,1003.2696286200126,2.9999999999972715,0.6685666666666698,0.04487211447370879,2,2,54.000000000002046,1.420000000000016,10.0,499.64,0.8999999999999773,3,2024,10
QQQ,2024-02-16,long,434.99,430.72,2024-02-16T15:35:00+00:00,2024-02-16T15:40:00+00:00,431.9003,0.7100000000000364,430.54,434.6209,2,2,2024-02-16T15:45:00+00:00,431.92,2024-02-16T20:47:00+00:00,430.53000000000003,STOP_LOSS,-2.7799999999999727,0.17249,0.059399999999982356,-2.9524899999999725,-1.0218334190987217,-1.0852348746599951,5.070985312850079,2.7205999999999904,0.005,0.002682516150368136,,HYP-FCR-04,baseline,1014.1970625700158,1011.2445725700157,71.00000000000364,0.94711428571428,0.7496455398353321,1,1,17.00000000000159,1.3602999999999952,5.0,430.68,0.13999999999998636,2,2024,10
SPY,2024-02-20,long,498.41,496.17,2024-02-20T15:40:00+00:00,2024-02-20T15:45:00+00:00,496.595,0.11000000000001364,496.02,497.7450000000001,2,2,2024-02-20T15:50:00+00:00,496.59999999999997,2024-02-20T16:56:00+00:00,496.01,STOP_LOSS,-1.17999999999995,0.19852199999999998,0.02999999999985903,-1.37852199999995,-1.0260869565216144,-1.1987147826085573,5.016348143100063,1.150000000000091,0.005,0.0011462521810631351,,HYP-FCR-04,baseline,1003.2696286200126,1001.8911066200126,11.000000000001364,0.5017785714285716,0.21922020242283738,1,1,14.00000000000432,0.5750000000000455,5.0,495.909,0.11099999999999,2,2024,10
QQQ,2024-02-20,long,430.08,425.69,2024-02-20T15:50:00+00:00,2024-02-20T15:55:00+00:00,426.45,0.14999999999997726,425.54,428.2699999999999,2,2,2024-02-20T16:00:00+00:00,426.46,2024-02-20T16:33:00+00:00,425.53000000000003,STOP_LOSS,-1.8599999999999,0.17039800000000002,0.03999999999996362,-2.0303979999999,-1.0219780219780028,-1.1156032967032807,5.0562228628500785,1.8199999999999363,0.005,0.0017997624406275116,,HYP-FCR-04,baseline,1011.2445725700157,1009.2141745700159,14.999999999997726,0.6774714285714286,0.22141155135690294,1,1,13.999999999998636,0.9099999999999682,5.0,425.25,0.29000000000002046,2,2024,11
QQQ,2024-02-21,short,424.96,423.445,2024-02-21T15:20:00+00:00,2024-02-21T15:30:00+00:00,423.99,0.15579999999999927,424.99,421.99,2,2,2024-02-21T15:35:00+00:00,423.98,2024-02-21T16:14:00+00:00,425.0,STOP_LOSS,-2.0399999999999636,0.169796,0.03999999999996362,-2.2097959999999635,-1.0199999999999818,-1.1048979999999817,5.04607087285008,2.0,0.005,0.0019817399025852138,,HYP-FCR-04,baseline,1009.2141745700159,1007.0043785700159,15.579999999999927,0.7888615384615429,0.19749980497698524,2,2,2.0000000000038654,1.0,10.0,424.73,0.2599999999999909,3,2024,10
SPY,2024-02-21,short,495.6803,494.91,2024-02-21T15:25:00+00:00,2024-02-21T15:30:00+00:00,495.195,0.2999999999999545,495.86,493.86499999999995,2,2,2024-02-21T15:35:00+00:00,495.185,2024-02-21T16:08:00+00:00,495.87,STOP_LOSS,-1.3700000000000045,0.19821100000000003,0.03999999999996362,-1.5682110000000047,-1.0300751879698966,-1.1791060150375612,5.009455533100063,1.330000000000041,0.005,0.0013274895756754833,,HYP-FCR-04,baseline,1001.8911066200126,1000.3228956200126,29.999999999995453,0.44655384615385596,0.6718114793632128,1,1,16.970000000003438,0.6650000000000205,5.0,495.83,0.03000000000002956,2,2024,10
QQQ,2024-02-22,short,436.285,433.71,2024-02-22T15:35:00+00:00,2024-02-22T15:40:00+00:00,435.43,0.009899999999959164,436.4,433.49000000000007,2,2,2024-02-22T15:45:00+00:00,435.40000000000003,2024-02-22T16:19:00+00:00,436.40999999999997,STOP_LOSS,-2.019999999999868,0.174362,0.07999999999992724,-2.194361999999868,-1.0412371134020255,-1.1311144329896572,5.03502189285008,1.9399999999999409,0.005,0.0019265060225009288,,HYP-FCR-04,baseline,1007.0043785700159,1004.810016570016,0.9899999999959164,0.8192571428571357,0.012084118016271666,1,1,10.499999999996135,0.9699999999999704,5.0,436.26,0.13999999999998636,2,2024,10
SPY,2024-02-22,short,505.425,503.02,2024-02-22T15:35:00+00:00,2024-02-22T15:45:00+00:00,504.59,0.160000000000025,505.7099,502.3501999999999,1,1,2024-02-22T15:50:00+00:00,504.59000000000003,2024-02-22T16:33:00+00:00,505.7199,STOP_LOSS,-1.1298999999999637,0.10103099,0.010000000000047748,-1.2309309899999636,-1.0089293686935743,-1.0991436646128503,5.001614478100063,1.1199000000000296,0.005,0.0011195385059200326,,HYP-FCR-04,baseline,1000.3228956200126,999.0919646300126,16.0000000000025,0.6008142857142867,0.2663052523955996,2,2,27.490000000000236,1.1199000000000296,10.0,505.63,0.07990000000000919,3,2024,10
QQQ,2024-02-26,short,438.4,436.355,2024-02-26T16:55:00+00:00,2024-02-26T17:05:00+00:00,437.818,0.18000000000000682,438.525,436.404,2,2,2024-02-26T17:10:00+00:00,437.82,2024-02-26T17:26:00+00:00,438.53499999999997,STOP_LOSS,-1.42999999999995,0.175271,0.02400000000000091,-1.60527099999995,-1.011315417255985,-1.1352694483733836,5.0240500828500805,1.4139999999999873,0.005,0.0014072311946359448,,HYP-FCR-04,baseline,1004.810016570016,1003.2047455700161,18.000000000000682,0.43259285714285867,0.41609563594935634,2,2,11.50000000000091,0.7069999999999936,10.0,438.515,0.009999999999990905,3,2024,12
QQQ,2024-02-27,short,437.89,435.81,2024-02-27T15:20:00+00:00,2024-02-27T15:40:00+00:00,436.97,0.07000000000005002,438.0,434.9100000000001,2,2,2024-02-27T15:45:00+00:00,436.968,2024-02-27T20:59:00+00:00,437.63,FORCED_SESSION_CLOSE,-1.3239999999999554,0.1749196,0.02400000000000091,-1.4989195999999554,-0.6427184466019371,-0.7276308737864053,5.016023727850081,2.0599999999999454,0.005,0.002053419313551456,,HYP-FCR-04,baseline,1003.2047455700161,1001.7058259700162,7.000000000005002,0.6163285714285597,0.11357578286172948,4,4,10.000000000002274,1.0299999999999727,20.0,437.49,0.5099999999999909,5,2024,10
SPY,2024-02-27,long,506.74,505.53,2024-02-27T16:45:00+00:00,2024-02-27T16:55:00+00:00,505.9,0.09039999999998827,505.51,506.67999999999995,1,1,2024-02-27T17:00:00+00:00,505.93,2024-02-27T17:22:00+00:00,505.5,STOP_LOSS,-0.4300000000000068,0.10114300000000001,0.040000000000020464,-0.5311430000000068,-1.1025641025641586,-1.3619051282051933,4.995459823150063,0.38999999999998636,0.005,0.00039035445565255105,,HYP-FCR-04,baseline,999.0919646300126,998.5608216300126,9.039999999998827,0.29524285714286486,0.30618860986108354,2,2,0.9999999999990905,0.38999999999998636,10.0,505.57,0.060000000000002274,3,2024,12
QQQ,2024-02-28,short,435.98,434.3,2024-02-28T17:20:00+00:00,2024-02-28T17:30:00+00:00,435.05,0.040000000000020464,436.03999999999996,433.0700000000001,2,2,2024-02-28T17:35:00+00:00,435.05,2024-02-28T18:30:00+00:00,436.04999999999995,STOP_LOSS,-1.9999999999998863,0.17421999999999999,0.01999999999998181,-2.1742199999998864,-1.0101010101010015,-1.0980909090909046,5.008529129850081,1.9799999999999045,0.005,0.001976628216255549,,HYP-FCR-04,baseline,1001.7058259700162,999.5316059700164,4.000000000002046,0.3559214285714266,0.112384354492422,2,2,4.9999999999954525,0.9899999999999523,10.0,435.9,0.13999999999998636,3,2024,12
SPY,2024-02-28,short,505.82,504.96,2024-02-28T17:30:00+00:00,2024-02-28T17:35:00+00:00,505.5211,0.06400000000002137,506.06,504.44329999999997,1,1,2024-02-28T17:40:00+00:00,505.51,2024-02-28T18:16:00+00:00,506.07,STOP_LOSS,-0.5600000000000023,0.101158,0.021099999999989905,-0.6611580000000022,-1.0391538318797355,-1.226865837817753,4.992804108150063,0.5389000000000124,0.005,0.0005396766910205154,,HYP-FCR-04,baseline,998.5608216300126,997.8996636300126,6.400000000002137,0.3086071428571456,0.2073834046985977,1,1,23.00000000000182,0.5389000000000124,5.0,506.21,0.14999999999997726,2,2024,12
QQQ,2024-02-29,long,439.27,437.98,2024-02-29T18:00:00+00:00,2024-02-29T18:10:00+00:00,438.4,0.029999999999972715,437.91,439.3799999999999,2,2,2024-02-29T18:15:00+00:00,438.40999999999997,2024-02-29T19:28:00+00:00,437.90000000000003,STOP_LOSS,-1.0199999999998681,0.175262,0.03999999999996362,-1.1952619999998682,-1.0408163265305792,-1.2196551020408006,4.997658029850082,0.9799999999999045,0.005,0.0009804592412551508,,HYP-FCR-04,baseline,999.5316059700164,998.3363439700165,2.9999999999972715,0.389085714285715,0.07710383316192122,2,2,6.000000000000227,0.48999999999995225,10.0,437.95,0.03999999999996362,3,2024,13
SPY,2024-02-29,long,508.8455,507.99,2024-02-29T20:25:00+00:00,2024-02-29T20:30:00+00:00,508.28,0.10000000000002274,507.96500000000003,508.90999999999985,1,1,2024-02-29T20:35:00+00:00,508.28999999999996,2024-02-29T20:48:00+00:00,508.89999999999986,TAKE_PROFIT,0.6099999999999,0.10171899999999999,0.01999999999998181,0.5082809999999,1.9365079365079823,1.6135904761904614,4.989498318150063,0.3149999999999409,0.005,0.00031566299847629993,,HYP-FCR-04,baseline,997.8996636300126,998.4079446300125,10.000000000002274,0.29814285714285965,0.335409678965095,1,1,1.4999999999986358,0.3149999999999409,5.0,507.92,0.045000000000015916,2,2024,15
QQQ,2024-03-04,long,445.73,444.59,2024-03-04T15:25:00+00:00,2024-03-04T15:35:00+00:00,445.54,0.03989999999998872,444.44,447.74000000000007,2,2,2024-03-04T15:40:00+00:00,445.55,2024-03-04T18:24:00+00:00,444.43,STOP_LOSS,-2.240000000000009,0.17799600000000002,0.03999999999996362,-2.417996000000009,-1.0181818181818012,-1.0990890909090723,4.9916817198500825,2.2000000000000455,0.005,0.0022036661424660294,,HYP-FCR-04,baseline,998.3363439700165,995.9183479700165,3.9899999999988722,0.5776357142857113,0.06907467632836378,2,2,13.999999999998636,1.1000000000000227,10.0,444.67,0.2300000000000182,3,2024,10
QQQ,2024-03-06,long,440.83,438.59,2024-03-06T15:45:00+00:00,2024-03-06T15:50:00+00:00,439.4799,0.39049999999997453,438.45,441.5397,2,2,2024-03-06T15:55:00+00:00,439.48,2024-03-06T17:10:00+00:00,441.5297,TAKE_PROFIT,4.099399999999946,0.17620194000000003,0.020200000000045293,3.923198059999946,1.990193222642953,1.9046499951451377,4.979591739850083,2.0597999999999956,0.005,0.002068241843519092,,HYP-FCR-04,baseline,995.9183479700165,999.8415460300164,39.04999999999745,0.81603571428572,0.47853297737315464,1,1,12.999999999999545,1.0298999999999978,5.0,438.46000000000004,0.010000000000047748,2,2024,10
SPY,2024-03-06,long,510.8504,509.63,2024-03-06T15:45:00+00:00,2024-03-06T15:55:00+00:00,510.455,0.3199999999999932,509.57210000000003,512.2207999999998,1,1,2024-03-06T16:00:00+00:00,510.48,2024-03-06T18:37:00+00:00,509.56210000000004,STOP_LOSS,-0.9178999999999746,0.10200421000000001,0.03500000000002501,-1.0199042099999747,-1.0396420885717828,-1.1551752293578355,4.992039723150063,0.8828999999999496,0.005,0.00088430786708847,,HYP-FCR-04,baseline,998.4079446300125,997.3880404200125,31.999999999999318,0.5640357142857023,0.5673399607421009,2,2,4.789999999997008,0.8828999999999496,10.0,509.635,0.06289999999995644,3,2024,11
SPY,2024-03-08,short,517.8004,515.31,2024-03-08T15:55:00+00:00,2024-03-08T16:05:00+00:00,515.77,0.724999999999909,517.85,511.6099999999999,1,1,2024-03-08T16:10:00+00:00,515.75,2024-03-08T18:36:00+00:00,511.6199999999999,TAKE_PROFIT,4.130000000000109,0.102737,0.029999999999972715,4.027263000000109,1.9855769230769365,1.936184134615399,4.986940202100063,2.080000000000041,0.005,0.002085447103540691,,HYP-FCR-04,baseline,997.3880404200125,1001.4153034200126,72.4999999999909,0.6193571428571545,1.1705685618727408,2,2,3.960000000006403,2.080000000000041,10.0,517.63,0.22000000000002728,3,2024,11
QQQ,2024-03-11,long,438.13,435.66,2024-03-11T14:20:00+00:00,2024-03-11T14:35:00+00:00,436.52,0.01999999999998181,435.59000000000003,438.3799999999999,2,2,2024-03-11T14:40:00+00:00,436.55,2024-03-11T14:55:00+00:00,438.3699999999999,TAKE_PROFIT,3.639999999999759,0.17498399999999997,0.08000000000004093,3.465015999999759,1.9569892473118036,1.8629118279569599,4.999207730150082,1.8599999999999,0.005,0.001860294771091719,,HYP-FCR-04,baseline,999.8415460300164,1003.3065620300162,1.999999999998181,1.1607642857142852,0.017230027014205264,3,3,6.000000000000227,0.92999999999995,15.0,435.77,0.17999999999994998,4,2024,10
SPY,2024-03-11,long,510.94,509.4299,2024-03-11T14:45:00+00:00,2024-03-11T14:50:00+00:00,510.4297,0.03000000000002956,509.16,512.9691,1,1,2024-03-11T14:55:00+00:00,510.44,2024-03-11T19:59:00+00:00,511.25,FORCED_SESSION_CLOSE,0.8100000000000023,0.10216900000000001,0.020299999999963347,0.7078310000000023,0.6379459714893299,0.5574789320311901,5.007076517100063,1.2697000000000003,0.005,0.001267905528968598,,HYP-FCR-04,baseline,1001.4153034200126,1002.1231344200127,3.000000000002956,0.7275071428571331,0.04123670852523976,1,1,25.989999999995916,1.2697000000000003,5.0,509.01,0.1500000000000341,2,2024,10
SPY,2024-03-13,long,517.12,515.95,2024-03-13T14:05:00+00:00,2024-03-13T14:10:00+00:00,516.2799,0.03999999999996362,515.9350000000001,516.9696999999999,1,1,2024-03-13T14:15:00+00:00,516.28,2024-03-13T14:55:00+00:00,515.9250000000001,STOP_LOSS,-0.3549999999999045,0.10322049999999999,0.010099999999965803,-0.4582204999999045,-1.0292838503913238,-1.3285604523049752,5.010615672100063,0.3448999999999387,0.005,0.0003441692823502698,,HYP-FCR-04,baseline,1002.1231344200127,1001.6649139200127,3.999999999996362,0.3884000000000217,0.10298661174037432,1,1,0.49999999999954525,0.3448999999999387,5.0,515.985,0.049999999999954525,2,2024,10
QQQ,2024-03-13,long,442.67,440.435,2024-03-13T15:00:00+00:00,2024-03-13T15:05:00+00:00,440.99,0.060000000000002274,440.165,442.64,2,2,2024-03-13T15:10:00+00:00,441.0,2024-03-13T15:28:00+00:00,440.15500000000003,STOP_LOSS,-1.6899999999999409,0.176231,0.03999999999996362,-1.866230999999941,-1.0242424242424026,-1.1310490909090707,5.016532810150081,1.6499999999999773,0.005,0.0016445621532281116,,HYP-FCR-04,baseline,1003.3065620300162,1001.4403310300162,6.000000000000227,0.6967214285714363,0.08611763258527415,1,1,25.99999999999909,0.8249999999999886,5.0,440.36,0.19499999999999318,2,2024,11
QQQ,2024-03-14,long,442.03,438.02,2024-03-14T14:00:00+00:00,2024-03-14T14:10:00+00:00,439.97,0.05200000000002092,437.38,445.1500000000001,1,1,2024-03-14T14:15:00+00:00,439.98,2024-03-14T19:09:00+00:00,437.37,STOP_LOSS,-2.6100000000000136,0.08773500000000001,0.01999999999998181,-2.6977350000000135,-1.0077220077220006,-1.0415965250965176,5.007201655150081,2.590000000000032,0.005,0.0025862749079978904,,HYP-FCR-04,baseline,1001.4403310300162,998.7425960300162,5.200000000002092,1.15644444444444,0.04496541122215508,2,2,62.999999999999545,2.590000000000032,10.0,438.23,0.8500000000000227,3,2024,10
SPY,2024-03-14,long,517.125,513.95,2024-03-14T14:00:00+00:00,2024-03-14T14:15:00+00:00,514.8,0.21000000000003638,513.34,517.7199999999998,1,1,2024-03-14T14:20:00+00:00,514.81,2024-03-14T17:18:00+00:00,513.33,STOP_LOSS,-1.4799999999999045,0.10281399999999999,0.01999999999998181,-1.5828139999999045,-1.0136986301369746,-1.0841191780821837,5.008324569600064,1.4599999999999227,0.005,0.0014575732659799542,,HYP-FCR-04,baseline,1001.6649139200127,1000.0820999200129,21.000000000003638,0.7986199999999826,0.2629535949513423,3,3,60.000000000002274,1.4599999999999227,15.0,514.15,0.8099999999999454,4,2024,10
QQQ,2024-03-15,long,436.78,434.22,2024-03-15T14:05:00+00:00,2024-03-15T14:15:00+00:00,434.78,0.36009999999998854,433.29,437.7599999999999,2,2,2024-03-15T14:20:00+00:00,434.78,2024-03-15T16:17:00+00:00,433.28000000000003,STOP_LOSS,-2.9999999999998863,0.173612,0.01999999999998181,-3.173611999999886,-1.0067114093959673,-1.0649704697986537,4.9937129801500815,2.9799999999999045,0.005,0.0029837517813352016,,HYP-FCR-04,baseline,998.7425960300162,995.5689840300163,36.009999999998854,1.0289799999999958,0.3499582110439367,2,2,92.00000000000159,1.4899999999999523,10.0,434.25,0.9599999999999795,3,2024,10
SPY,2024-03-15,long,511.33,509.62,2024-03-15T14:10:00+00:00,2024-03-15T14:15:00+00:00,510.19,0.4300000000000068,509.51,511.55,1,1,2024-03-15T14:20:00+00:00,510.19,2024-03-15T14:48:00+00:00,511.54,TAKE_PROFIT,1.3500000000000227,0.102173,0.009999999999990905,1.2478270000000227,1.9852941176470724,1.835039705882368,5.000410499600064,0.6800000000000068,0.005,0.0006799441766374917,,HYP-FCR-04,baseline,1000.0820999200129,1001.3299269200129,43.00000000000068,0.8051300000000083,0.5340752425074241,1,1,10.000000000002274,0.6800000000000068,5.0,509.55,0.040000000000020464,2,2024,10
QQQ,2024-03-18,short,440.58,438.57,2024-03-18T15:00:00+00:00,2024-03-18T15:15:00+00:00,439.52,0.18000000000000682,440.68,437.19999999999993,2,2,2024-03-18T15:20:00+00:00,439.53000000000003,2024-03-18T19:59:00+00:00,437.48,FORCED_SESSION_CLOSE,4.100000000000023,0.175402,0.04000000000007731,3.9245980000000227,1.7672413793103166,1.6916370689654905,4.977844920150082,2.32000000000005,0.005,0.002330325710438266,,HYP-FCR-04,baseline,995.5689840300163,999.4935820300163,18.000000000000682,0.5332714285714327,0.3375391786546754,3,3,9.000000000003183,1.160000000000025,15.0,440.3025,0.3774999999999977,4,2024,11
SPY,2024-03-18,short,514.83,513.26,2024-03-18T15:10:00+00:00,2024-03-18T15:15:00+00:00,514.49,0.06770000000005894,514.97,513.53,1,1,2024-03-18T15:20:00+00:00,514.49,2024-03-18T16:50:00+00:00,513.54,TAKE_PROFIT,0.9500000000000455,0.102803,0.009999999999990905,0.8471970000000455,1.9791666666666865,1.764993750000028,5.006649634600064,0.4800000000000182,0.005,0.000479362482929526,,HYP-FCR-04,baseline,1001.3299269200129,1002.177123920013,6.7700000000058935,0.3738571428571455,0.1810852120750513,1,1,12.999999999999545,0.4800000000000182,5.0,514.96,0.009999999999990905,2,2024,11
SPY,2024-03-20,short,515.99,515.21,2024-03-20T14:35:00+00:00,2024-03-20T14:40:00+00:00,515.6913,0.1999999999999318,516.0668,514.9403,1,1,2024-03-20T14:45:00+00:00,515.69,2024-03-20T15:04:00+00:00,516.0767999999999,STOP_LOSS,-0.38679999999988013,0.10317667999999999,0.011299999999891952,-0.48997667999988015,-1.0300932090543071,-1.3048646604524516,5.010885619600065,0.3754999999999882,0.005,0.00037468426592219645,,HYP-FCR-04,baseline,1002.177123920013,1001.687147240013,19.99999999999318,0.32045714285713495,0.6241084165475914,1,1,6.679999999994379,0.3754999999999882,5.0,516.355,0.2882000000000744,2,2024,10
QQQ,2024-03-21,long,449.32,447.38,2024-03-21T15:05:00+00:00,2024-03-21T15:35:00+00:00,448.655,0.06999999999999318,447.21000000000004,451.54499999999985,2,2,2024-03-21T15:40:00+00:00,448.6651,2024-03-21T17:54:00+00:00,447.20000000000005,STOP_LOSS,-2.9301999999998998,0.17917302000000002,0.0402000000000271,-3.1093730199998997,-1.0139100346020862,-1.0759076193771753,4.997467910150082,2.8899999999998727,0.005,0.002891464289475629,,HYP-FCR-04,baseline,999.4935820300163,996.3842090100164,6.999999999999318,0.5721500000000016,0.12234553875730662,6,6,15.999999999996817,1.4449999999999363,30.0,448.14,0.92999999999995,7,2024,11
SPY,2024-03-21,short,524.01,522.765,2024-03-21T16:30:00+00:00,2024-03-21T16:35:00+00:00,523.75,0.001199999999926149,524.12,523.01,1,1,2024-03-21T16:40:00+00:00,523.76,2024-03-21T17:48:00+00:00,523.02,TAKE_PROFIT,0.7400000000000091,0.10467800000000001,0.01999999999998181,0.635322000000009,2.0,1.7170864864864899,5.008435736200065,0.37000000000000455,0.005,0.0003693768069396515,,HYP-FCR-04,baseline,1001.687147240013,1002.322469240013,0.1199999999926149,0.26137142857144874,0.0045911674680161755,1,1,10.000000000002274,0.37000000000000455,5.0,524.02,0.10000000000002274,2,2024,12
SPY,2024-03-22,long,522.44,521.42,2024-03-22T15:15:00+00:00,2024-03-22T15:25:00+00:00,521.7,0.013199999999983447,521.3,522.5000000000002,1,1,2024-03-22T15:30:00+00:00,521.715,2024-03-22T16:15:00+00:00,521.29,STOP_LOSS,-0.4250000000000682,0.10430050000000002,0.024999999999977263,-0.5293005000000682,-1.062499999999929,-1.3232512499998696,5.0116123462000655,0.40000000000009095,0.005,0.0003990731648502117,,HYP-FCR-04,baseline,1002.322469240013,1001.7931687400129,1.3199999999983447,0.30727857142857473,0.042957762848919376,2,2,11.000000000001364,0.40000000000009095,10.0,521.4300000000001,0.13000000000010914,3,2024,11
QQQ,2024-03-22,short,445.58,444.49,2024-03-22T16:30:00+00:00,2024-03-22T16:35:00+00:00,445.52,0.029999999999972715,445.86,444.8399999999999,2,2,2024-03-22T16:40:00+00:00,445.5125,2024-03-22T16:45:00+00:00,445.87,STOP_LOSS,-0.7150000000000318,0.1782765,0.03499999999996817,-0.8932765000000318,-1.0514705882352424,-1.3136419117646296,4.981921045050083,0.6800000000000637,0.005,0.0006824676604175567,,HYP-FCR-04,baseline,996.3842090100164,995.4909325100164,2.9999999999972715,0.35996428571429206,0.08334160134926294,1,1,27.000000000003865,0.34000000000003183,5.0,445.81,0.05000000000001137,2,2024,12
SPY,2024-03-25,short,520.41,519.61,2024-03-25T19:45:00+00:00,2024-03-25T19:50:00+00:00,519.89,0.029999999999972715,520.61,518.4499999999999,1,1,2024-03-25T19:55:00+00:00,519.89,2024-03-25T19:59:00+00:00,519.8199999999999,FORCED_SESSION_CLOSE,0.07000000000005002,0.10397100000000001,0.009999999999990905,-0.033970999999949986,0.09722222222228802,-0.047181944444373194,5.008965843700064,0.7200000000000273,0.005,0.0007187112294902092,,HYP-FCR-04,baseline,1001.7931687400129,1001.759197740013,2.9999999999972715,0.2412071428571494,0.12437442624881004,1,1,19.000000000005457,0.7200000000000273,5.0,520.535,0.07500000000004547,2,2024,15
SPY,2024-03-26,short,521.44,520.83,2024-03-26T14:25:00+00:00,2024-03-26T14:30:00+00:00,520.99,0.18999999999994088,521.4501,520.0698,1,1,2024-03-26T14:35:00+00:00,520.98,2024-03-26T15:56:00+00:00,521.4601,STOP_LOSS,-0.4800999999999931,0.10424401000000001,0.01999999999998181,-0.5843440099999931,-1.043468811127975,-1.2700369702238183,5.008795988700065,0.4601000000000113,0.005,0.0004592920145260511,,HYP-FCR-04,baseline,1001.759197740013,1001.174853730013,18.99999999999409,0.35941538461539635,0.528636246896488,1,1,0.009999999997489795,0.4601000000000113,5.0,521.4497,0.0004000000000132786,2,2024,10
QQQ,2024-03-26,long,446.91,445.85,2024-03-26T15:00:00+00:00,2024-03-26T15:55:00+00:00,446.54,0.20999999999997954,445.82,447.9800000000001,2,2,2024-03-26T16:00:00+00:00,446.56,2024-03-26T16:23:00+00:00,445.81,STOP_LOSS,-1.5,0.17847400000000002,0.05999999999994543,-1.678474,-1.0416666666666272,-1.1656069444444004,4.977454662550082,1.4400000000000546,0.005,0.0014465224674314807,,HYP-FCR-04,baseline,995.4909325100164,993.8124585100163,20.999999999997954,0.33500714285714495,0.6268523059209175,11,11,2.0000000000038654,0.7200000000000273,55.0,445.98,0.160000000000025,12,2024,12
QQQ,2024-03-27,long,446.54,443.5196,2024-03-27T18:20:00+00:00,2024-03-27T18:25:00+00:00,443.7,0.08999999999997499,443.37,444.35999999999996,2,2,2024-03-27T18:30:00+00:00,443.73,2024-03-27T18:35:00+00:00,443.36,STOP_LOSS,-0.7400000000000091,0.17741800000000002,0.08000000000004093,-0.9174180000000092,-1.121212121212189,-1.3900272727273537,4.969062292550082,0.6599999999999682,0.005,0.0006641092032489511,,HYP-FCR-04,baseline,993.8124585100163,992.8950405100163,8.999999999997499,0.27084999999999987,0.332287243861824,1,1,13.960000000002992,0.3299999999999841,5.0,443.121,0.24900000000002365,2,2024,14
SPY,2024-03-27,long,521.78,520.74,2024-03-27T19:25:00+00:00,2024-03-27T19:30:00+00:00,521.05,0.25700000000006185,520.3188,522.5123999999998,1,1,2024-03-27T19:35:00+00:00,521.06,2024-03-27T19:45:00+00:00,522.5023999999999,TAKE_PROFIT,1.4423999999999069,0.10435623999999999,0.01999999999998181,1.3380437599999069,1.972647702407025,1.829928555798699,5.005874268650065,0.7311999999999443,0.005,0.0007303419550298925,,HYP-FCR-04,baseline,1001.174853730013,1002.5128974900128,25.700000000006185,0.3431499999999882,0.7489436106660956,1,1,41.1200000000008,0.7311999999999443,5.0,519.97,0.3487999999999829,2,2024,15
QQQ,2024-03-28,short,445.61,443.76,2024-03-28T14:00:00+00:00,2024-03-28T14:10:00+00:00,444.5001,0.21999999999997044,445.65,442.20029999999997,2,2,2024-03-28T14:15:00+00:00,444.46000000000004,2024-03-28T19:59:00+00:00,443.98,FORCED_SESSION_CLOSE,0.9600000000000364,0.177688,0.10019999999985885,0.7823120000000363,0.4174276024002237,0.3401652317592985,4.964475202550082,2.2998000000000047,0.005,0.002316256911524783,,HYP-FCR-04,baseline,992.8950405100163,993.6773525100164,21.999999999997044,0.6914111111111083,0.3181898532790817,2,2,2.9999999999972715,1.1499000000000024,10.0,445.49,0.15999999999996817,3,2024,10
QQQ,2024-04-02,long,440.19,438.55,2024-04-02T14:20:00+00:00,2024-04-02T14:25:00+00:00,438.91,0.13990000000001146,438.19,440.3500000000001,2,2,2024-04-02T14:30:00+00:00,438.925,2024-04-02T14:59:00+00:00,438.18,STOP_LOSS,-1.490000000000009,0.17542100000000002,0.049999999999954525,-1.6654210000000091,-1.0347222222221892,-1.1565423611110737,4.9683867625500815,1.4400000000000546,0.005,0.0014491625439209547,,HYP-FCR-04,baseline,993.6773525100164,992.0119315100163,13.990000000001146,0.7562583333333398,0.1849896970832413,1,1,35.000000000002274,0.7200000000000273,5.0,438.21000000000004,0.020000000000038654,2,2024,10
SPY,2024-04-02,long,518.46,516.85,2024-04-02T14:20:00+00:00,2024-04-02T14:25:00+00:00,517.17,0.11000000000001364,516.79,517.93,1,1,2024-04-02T14:30:00+00:00,517.18,2024-04-02T14:59:00+00:00,516.78,STOP_LOSS,-0.39999999999997726,0.103396,0.01999999999998181,-0.5033959999999773,-1.0526315789473213,-1.3247263157894298,5.0125644874500646,0.37999999999999545,0.005,0.00037904749250747776,,HYP-FCR-04,baseline,1002.5128974900128,1002.0095014900129,11.000000000001364,0.6142750000000016,0.17907289080625674,1,1,5.000000000006821,0.37999999999999545,5.0,516.61,0.17999999999994998,2,2024,10
SPY,2024-04-04,long,523.7,522.58,2024-04-04T15:25:00+00:00,2024-04-04T15:30:00+00:00,522.8,0.009999999999990905,522.51,523.3799999999999,1,1,2024-04-04T15:35:00+00:00,522.8149999999999,2024-04-04T16:04:00+00:00,523.3699999999999,TAKE_PROFIT,0.55499999999995,0.1046185,0.024999999999977263,0.45038149999995,1.9137931034483435,1.5530396551724361,5.010047507450064,0.2899999999999636,0.005,0.0002894184132672659,,HYP-FCR-04,baseline,1002.0095014900129,1002.4598829900128,0.9999999999990905,0.23752857142858375,0.042100198472323755,1,1,6.000000000005912,0.2899999999999636,5.0,522.4113,0.098700000000008,2,2024,11
QQQ,2024-04-04,long,446.95,445.4906,2024-04-04T15:35:00+00:00,2024-04-04T15:40:00+00:00,445.8301,0.06999999999999318,445.37,446.75030000000004,2,2,2024-04-04T15:45:00+00:00,445.86,2024-04-04T16:09:00+00:00,446.74030000000005,TAKE_PROFIT,1.7606000000000677,0.17852006,0.07979999999997744,1.5820799400000676,1.9132797217996353,1.7192783525320896,4.960059657550082,0.9202000000000226,0.005,0.0009276098106998739,,HYP-FCR-04,baseline,992.0119315100163,993.5940114500164,6.999999999999318,0.2880214285714341,0.24303747241025858,1,1,11.059999999997672,0.4601000000000113,5.0,445.39,0.01999999999998181,2,2024,11
QQQ,2024-04-08,short,441.6,439.2,2024-04-08T15:25:00+00:00,2024-04-08T15:35:00+00:00,441.0801,0.03000000000002956,442.02,439.2003000000001,2,2,2024-04-08T15:40:00+00:00,441.035,2024-04-08T19:59:00+00:00,440.63,FORCED_SESSION_CLOSE,0.8100000000000591,0.176333,0.11019999999996344,0.6336670000000592,0.4308969039259966,0.33709277582725933,4.967970057250082,1.879799999999932,0.005,0.001891919615393633,,HYP-FCR-04,baseline,993.5940114500164,994.2276784500165,3.000000000002956,0.5226714285714219,0.05739743624790488,2,2,40.99999999999682,0.939899999999966,10.0,441.96999999999997,0.05000000000001137,3,2024,11
SPY,2024-04-08,short,519.39,517.98,2024-04-08T15:30:00+00:00,2024-04-08T15:35:00+00:00,519.09,0.03499999999996817,519.52,518.2300000000001,1,1,2024-04-08T15:40:00+00:00,519.063,2024-04-08T16:13:00+00:00,518.2400000000001,TAKE_PROFIT,0.8229999999998654,0.10373030000000001,0.03700000000003456,0.7192696999998653,1.9139534883720026,1.672720232558021,5.012299414950064,0.42999999999995,0.005,0.00042894484586994083,,HYP-FCR-04,baseline,1002.4598829900128,1003.1791526900126,3.4999999999968168,0.41530714285714304,0.08427497721128152,1,1,12.000000000000455,0.42999999999995,5.0,519.87,0.35000000000002274,2,2024,11
QQQ,2024-04-10,short,438.67,436.28,2024-04-10T14:40:00+00:00,2024-04-10T14:50:00+00:00,437.335,0.040000000000020464,439.03999999999996,433.925,2,2,2024-04-10T14:55:00+00:00,437.33,2024-04-10T17:27:00+00:00,439.04999999999995,STOP_LOSS,-3.439999999999941,0.175276,0.029999999999972715,-3.615275999999941,-1.0087976539589363,-1.0601982404692007,4.971138392250082,3.409999999999968,0.005,0.0034297978963089204,,HYP-FCR-04,baseline,994.2276784500165,990.6124024500165,4.000000000002046,1.0954357142857094,0.03651515052720633,2,2,35.99999999999568,1.704999999999984,10.0,438.99,0.049999999999954525,3,2024,10
SPY,2024-04-10,short,514.48,512.67,2024-04-10T15:30:00+00:00,2024-04-10T15:40:00+00:00,513.13,0.11000000000001364,514.54,510.31000000000006,1,1,2024-04-10T15:45:00+00:00,513.14,2024-04-10T17:22:00+00:00,514.55,STOP_LOSS,-1.4099999999999682,0.10276900000000001,0.01999999999998181,-1.5127689999999683,-1.0,-1.0728858156028387,5.015895763450064,1.4099999999999682,0.005,0.0014055316004315584,,HYP-FCR-04,baseline,1003.1791526900126,1001.6663836900127,11.000000000001364,0.6720499999999967,0.16367829774572454,2,2,4.9999999999954525,1.4099999999999682,10.0,514.5,0.03999999999996362,3,2024,11
QQQ,2024-04-11,long,440.48,439.26,2024-04-11T14:35:00+00:00,2024-04-11T14:45:00+00:00,439.945,0.03000000000002956,439.02,441.795,2,2,2024-04-11T14:50:00+00:00,439.96999999999997,2024-04-11T17:03:00+00:00,441.785,TAKE_PROFIT,3.630000000000109,0.176351,0.06999999999993634,3.453649000000109,1.962162162162197,1.8668372972973335,4.953062012250083,1.8500000000000227,0.005,0.0018675316354050682,,HYP-FCR-04,baseline,990.6124024500165,994.0660514500166,3.000000000002956,0.7417142857142949,0.04044684129433827,2,2,23.00000000000182,0.9250000000000114,10.0,439.08,0.060000000000002274,3,2024,10
SPY,2024-04-11,long,515.87,514.09,2024-04-11T15:45:00+00:00,2024-04-11T16:00:00+00:00,515.12,0.36009999999998854,513.87,517.62,1,1,2024-04-11T16:05:00+00:00,515.135,2024-04-11T17:20:00+00:00,517.61,TAKE_PROFIT,2.4750000000000227,0.10327449999999999,0.024999999999977263,2.371725500000023,1.9800000000000182,1.8973804000000183,5.008331918450064,1.25,0.005,0.0012479204856562696,,HYP-FCR-04,baseline,1001.6663836900127,1004.0381091900127,36.009999999998854,0.5726571428571431,0.6288230304844381,3,3,21.000000000003638,1.25,15.0,514.28,0.40999999999996817,4,2024,12
SPY,2024-04-16,short,505.2,502.95,2024-04-16T14:15:00+00:00,2024-04-16T14:25:00+00:00,503.18,0.28010000000000446,505.28999999999996,498.9600000000001,1,1,2024-04-16T14:30:00+00:00,503.16,2024-04-16T15:54:00+00:00,505.29999999999995,STOP_LOSS,-2.1399999999999295,0.100846,0.029999999999972715,-2.2408459999999297,-1.0142180094786604,-1.0620123222748699,5.020190545950064,2.109999999999957,0.005,0.002101513857578729,,HYP-FCR-04,baseline,1004.0381091900127,1001.7972631900128,28.010000000000446,0.8971833333333356,0.3121992903717231,2,2,7.999999999998408,2.109999999999957,10.0,504.90999999999997,0.37999999999999545,3,2024,10
QQQ,2024-04-16,short,431.9285,429.78,2024-04-16T14:20:00+00:00,2024-04-16T14:30:00+00:00,430.7548,0.009999999999990905,432.27,427.7244,2,2,2024-04-16T14:35:00+00:00,430.77,2024-04-16T15:54:00+00:00,432.28,STOP_LOSS,-3.019999999999982,0.17260999999999999,0.050399999999967804,-3.192609999999982,-0.9965681098204844,-1.0535275871172112,4.970330257250083,3.030399999999986,0.005,0.0030484895803247936,,HYP-FCR-04,baseline,994.0660514500166,990.8734414500167,0.9999999999990905,0.8856230769230776,0.011291485351458918,2,2,33.150000000000546,1.515199999999993,10.0,431.99,0.2799999999999727,3,2024,10
QQQ,2024-04-18,short,426.61,423.53,2024-04-18T16:40:00+00:00,2024-04-18T16:50:00+00:00,425.0,0.32000000000005,426.65999999999997,421.68000000000006,2,2,2024-04-18T16:55:00+00:00,424.96000000000004,2024-04-18T19:59:00+00:00,423.37,FORCED_SESSION_CLOSE,3.1800000000000637,0.169666,0.09999999999990905,3.010334000000064,0.9578313253012424,0.9067271084337716,4.954367207250083,3.3199999999999363,0.005,0.0033505792577723553,,HYP-FCR-04,baseline,990.8734414500167,993.8837754500167,32.000000000005,0.6081857142857123,0.5261550748127587,2,2,3.999999999996362,1.6599999999999682,10.0,426.61,0.049999999999954525,3,2024,12
SPY,2024-04-18,short,502.08,499.73,2024-04-18T16:40:00+00:00,2024-04-18T16:50:00+00:00,500.86,0.23999999999995225,502.40999999999997,497.7600000000001,2,2,2024-04-18T16:55:00+00:00,500.83,2024-04-18T19:59:00+00:00,499.49,FORCED_SESSION_CLOSE,2.67999999999995,0.200064,0.08000000000004093,2.47993599999995,0.8645161290322673,0.7999793548387171,5.0089863159500645,3.099999999999909,0.005,0.003094438479626717,,HYP-FCR-04,baseline,1001.7972631900128,1004.2771991900128,23.999999999995225,0.6115928571428607,0.39241792509014073,2,2,31.999999999999318,1.5499999999999545,10.0,502.36,0.049999999999954525,3,2024,12
SPY,2024-04-22,long,498.07,496.74,2024-04-22T15:50:00+00:00,2024-04-22T15:55:00+00:00,497.39,0.2849000000000501,496.6643,498.8413999999999,2,2,2024-04-22T16:00:00+00:00,497.40999999999997,2024-04-22T17:05:00+00:00,498.8313999999999,TAKE_PROFIT,2.8427999999998974,0.19924828,0.05999999999994543,2.6435517199998975,1.9586606035552234,1.8213805429241012,5.021385995950064,1.4513999999999214,0.005,0.0014452185125486568,,HYP-FCR-04,baseline,1004.2771991900128,1006.9207509100127,28.49000000000501,0.4311214285714219,0.6608347002006003,1,1,6.569999999999254,0.7256999999999607,5.0,496.5212,0.143100000000004,2,2024,12
QQQ,2024-04-22,long,418.33,416.71,2024-04-22T16:10:00+00:00,2024-04-22T16:15:00+00:00,416.94,0.05000000000001137,416.43,417.96,2,2,2024-04-22T16:20:00+00:00,416.95,2024-04-22T16:30:00+00:00,416.42,STOP_LOSS,-1.0599999999999454,0.16667400000000002,0.03999999999996362,-1.2266739999999454,-1.0392156862744748,-1.2026215686274189,4.969418877250084,1.0199999999999818,0.005,0.0010262769402168176,,HYP-FCR-04,baseline,993.8837754500167,992.6571014500169,5.000000000001137,0.5400571428571327,0.09258279547140148,1,1,26.99999999999818,0.5099999999999909,5.0,416.43,0.0,2,2024,12
SPY,2024-04-25,long,499.355,497.865,2024-04-25T14:00:00+00:00,2024-04-25T14:15:00+00:00,499.34,0.3199999999999932,497.48,503.0599999999999,2,2,2024-04-25T14:20:00+00:00,499.34999999999997,2024-04-25T17:46:00+00:00,503.0499999999999,TAKE_PROFIT,7.399999999999864,0.20048,0.03999999999996362,7.199519999999864,1.9892473118279665,1.9353548387096857,5.034603754550063,3.7199999999999136,0.005,0.0036944317580484202,,HYP-FCR-04,baseline,1006.9207509100127,1014.1202709100126,31.999999999999318,0.7954899999999953,0.40226778463587864,3,3,37.5,1.8599999999999568,15.0,497.89,0.40999999999996817,4,2024,10
QQQ,2024-04-25,short,419.945,418.14,2024-04-25T14:45:00+00:00,2024-04-25T14:55:00+00:00,419.25,0.07999999999998408,420.3867,416.97659999999996,2,2,2024-04-25T15:00:00+00:00,419.25,2024-04-25T15:28:00+00:00,420.3967,STOP_LOSS,-2.2934000000000196,0.16792934,0.01999999999998181,-2.46132934000002,-1.0087973959707845,-1.0826644409254766,4.9632855072500845,2.273400000000038,0.005,0.00229021682983901,,HYP-FCR-04,baseline,992.6571014500169,990.1957721100168,7.999999999998408,0.8083071428571357,0.09897227892507154,2,2,43.17000000000348,1.136700000000019,10.0,420.2,0.1867000000000303,3,2024,11
SPY,2024-04-29,long,510.75,509.02,2024-04-29T15:35:00+00:00,2024-04-29T16:00:00+00:00,509.775,0.06020000000000891,508.995,511.3349999999999,1,1,2024-04-29T16:05:00+00:00,509.78,2024-04-29T18:32:00+00:00,508.985,STOP_LOSS,-0.7949999999999591,0.10187650000000001,0.014999999999986358,-0.8968764999999591,-1.0192307692307525,-1.1498416666666544,5.070601354550063,0.7799999999999727,0.005,0.0007691395413090856,,HYP-FCR-04,baseline,1014.1202709100126,1013.2233944100126,6.020000000000891,0.33041428571429166,0.18219551212765567,5,5,1.4999999999986358,0.7799999999999727,25.0,509.3399,0.34489999999999554,6,2024,12
QQQ,2024-04-30,short,432.36,430.87,2024-04-30T14:00:00+00:00,2024-04-30T14:30:00+00:00,431.17,0.39999999999997726,432.57,428.37000000000006,2,2,2024-04-30T14:35:00+00:00,431.14,2024-04-30T16:34:00+00:00,428.38000000000005,TAKE_PROFIT,5.519999999999868,0.171904,0.08000000000004093,5.3480959999998685,1.9714285714285564,1.9100342857142698,4.950978860550085,2.7999999999999545,0.005,0.0028277236470454826,,HYP-FCR-04,baseline,990.1957721100168,995.5438681100167,39.999999999997726,0.6872153846153861,0.582059146163972,6,6,19.999999999998863,1.3999999999999773,30.0,431.9,0.6700000000000159,7,2024,10
SPY,2024-04-30,short,509.54,508.2,2024-04-30T14:05:00+00:00,2024-04-30T14:30:00+00:00,508.32,0.47999999999996135,509.57,505.82,1,1,2024-04-30T14:35:00+00:00,508.3,2024-04-30T16:33:00+00:00,505.83,TAKE_PROFIT,2.4700000000000273,0.101413,0.029999999999972715,2.3685870000000273,1.9760000000000217,1.8948696000000218,5.066116972050063,1.25,0.005,0.001233686477134551,,HYP-FCR-04,baseline,1013.2233944100126,1015.5919814100126,47.999999999996135,0.5400538461538531,0.8888002620820455,5,5,1.999999999998181,1.25,25.0,509.25,0.3199999999999932,6,2024,10
QQQ,2024-05-01,long,423.52,422.04,2024-05-01T15:35:00+00:00,2024-05-01T15:40:00+00:00,422.55,0.06999999999999318,422.015,423.62000000000006,2,2,2024-05-01T15:45:00+00:00,422.53999999999996,2024-05-01T15:49:00+00:00,422.005,STOP_LOSS,-1.0699999999999363,0.168909,0.04000000000007731,-1.2389089999999363,-0.9999999999998938,-1.1578588785045592,4.977719340550084,1.07000000000005,0.005,0.0010747894033352684,,HYP-FCR-04,baseline,995.5438681100167,994.3049591100167,6.999999999999318,0.53030714285714,0.1319989763344571,1,1,1.50000000000432,0.535000000000025,5.0,421.93,0.08499999999997954,2,2024,11
SPY,2024-05-01,long,501.83,500.4187,2024-05-01T15:20:00+00:00,2024-05-01T15:40:00+00:00,501.315,0.07999999999998408,500.1335,503.67799999999994,2,2,2024-05-01T15:45:00+00:00,501.33,2024-05-01T16:00:00+00:00,500.12350000000004,STOP_LOSS,-2.4129999999998972,0.20029070000000002,0.049999999999954525,-2.6132906999998973,-1.0211595429538534,-1.1059207363520782,5.077959907050063,2.3629999999999427,0.005,0.0023267217969949266,,HYP-FCR-04,baseline,1015.5919814100126,1012.9786907100128,7.999999999998408,0.4115357142857111,0.19439382105350791,4,4,27.51999999999839,1.1814999999999714,20.0,500.83,0.6964999999999577,5,2024,11
QQQ,2024-05-02,long,425.76,422.92,2024-05-02T14:20:00+00:00,2024-05-02T14:25:00+00:00,423.3,0.4300000000000068,421.84000000000003,426.21999999999997,2,2,2024-05-02T14:30:00+00:00,423.28999999999996,2024-05-02T18:08:00+00:00,426.21,TAKE_PROFIT,5.840000000000032,0.1699,0.04000000000007731,5.670100000000032,2.000000000000039,1.9418150684931887,4.971524795550084,2.919999999999959,0.005,0.002936724767634263,,HYP-FCR-04,baseline,994.3049591100167,999.9750591100168,43.00000000000068,1.1484083333333313,0.37443127807328197,1,1,106.99999999999932,1.4599999999999795,5.0,422.02,0.17999999999994998,2,2024,10
SPY,2024-05-02,long,504.68,501.6604,2024-05-02T14:20:00+00:00,2024-05-02T14:25:00+00:00,502.02,0.4549999999999841,500.73,504.5999999999999,2,2,2024-05-02T14:30:00+00:00,502.03,2024-05-02T14:43:00+00:00,500.72,STOP_LOSS,-2.619999999999891,0.20055,0.03999999999996362,-2.8205499999998906,-1.0155038759689785,-1.0932364341085157,5.064893453550064,2.5799999999999272,0.005,0.002546944001548112,,HYP-FCR-04,baseline,1012.9786907100128,1010.1581407100128,45.49999999999841,0.9821250000000011,0.4632811505663572,1,1,92.03999999999724,1.2899999999999636,5.0,500.79,0.060000000000002274,2,2024,10
QQQ,2024-05-03,short,435.88,433.49,2024-05-03T14:00:00+00:00,2024-05-03T14:05:00+00:00,434.21,0.4571000000000254,436.49,429.6499999999999,2,2,2024-05-03T14:10:00+00:00,434.15000000000003,2024-05-03T19:59:00+00:00,435.49,FORCED_SESSION_CLOSE,-2.67999999999995,0.17392800000000003,0.13999999999987267,-2.85392799999995,-0.5877192982455954,-0.6258614035087529,4.999875295550084,4.560000000000059,0.005,0.004560113733294992,,HYP-FCR-04,baseline,999.9750591100168,997.1211311100168,45.71000000000254,1.1591499999999968,0.3943406806712044,1,1,60.000000000002274,2.2800000000000296,5.0,435.62,0.8700000000000045,2,2024,10
SPY,2024-05-03,short,511.98,509.61,2024-05-03T14:00:00+00:00,2024-05-03T14:05:00+00:00,510.13,0.660000000000025,512.56,505.2700000000001,1,1,2024-05-03T14:10:00+00:00,510.1,2024-05-03T19:59:00+00:00,511.3,FORCED_SESSION_CLOSE,-1.1999999999999886,0.10214000000000001,0.03999999999996362,-1.3021399999999885,-0.49382716049383263,-0.5358600823045331,5.0507907035500645,2.42999999999995,0.005,0.0024055639429802237,,HYP-FCR-04,baseline,1010.1581407100128,1008.8560007100128,66.0000000000025,1.1387499999999946,0.5795828759605077,1,1,56.99999999999363,2.42999999999995,5.0,511.69,0.8699999999999477,2,2024,10
QQQ,2024-05-06,short,438.16,436.52,2024-05-06T16:00:00+00:00,2024-05-06T16:05:00+00:00,437.97,0.07120000000003301,438.23,437.45000000000005,2,2,2024-05-06T16:10:00+00:00,437.95,2024-05-06T16:20:00+00:00,437.46000000000004,TAKE_PROFIT,0.9799999999999045,0.17508200000000002,0.06000000000005912,0.8049179999999045,1.884615384615267,1.5479192307691014,4.985605655550084,0.5199999999999818,0.005,0.0005215013339664225,,HYP-FCR-04,baseline,997.1211311100168,997.9260491100167,7.1200000000033015,0.2927357142857098,0.243222799697552,1,1,6.000000000000227,0.2599999999999909,5.0,438.23,0.0,2,2024,12
SPY,2024-05-06,short,514.36,513.3,2024-05-06T16:00:00+00:00,2024-05-06T16:05:00+00:00,514.17,0.010799999999903775,514.37,513.7699999999999,1,1,2024-05-06T16:10:00+00:00,514.16,2024-05-06T16:21:00+00:00,513.7799999999999,TAKE_PROFIT,0.38000000000010914,0.10279399999999998,0.01999999999998181,0.27720600000010914,1.9000000000001136,1.3860300000002306,5.044280003550064,0.20000000000004547,0.005,0.00019824434791416163,,HYP-FCR-04,baseline,1008.8560007100128,1009.1332067100129,1.0799999999903775,0.2510642857143109,0.04301687103435025,1,1,0.0,0.20000000000004547,5.0,514.37,0.0,2,2024,12
QQQ,2024-05-07,long,441.2914,440.14,2024-05-07T14:00:00+00:00,2024-05-07T14:15:00+00:00,440.84,0.18500000000000227,439.97,442.57999999999987,2,2,2024-05-07T14:20:00+00:00,440.83,2024-05-07T18:19:00+00:00,439.96000000000004,STOP_LOSS,-1.7399999999998954,0.176158,0.03999999999996362,-1.9161579999998954,-1.0,-1.1012402298850636,4.989630245550083,1.7399999999998954,0.005,0.0017436161743164082,,HYP-FCR-04,baseline,997.9260491100167,996.0098911100168,18.500000000000227,0.5453800000000001,0.3392130257801941,3,3,15.999999999996817,0.8699999999999477,15.0,440.33,0.3599999999999568,4,2024,10
SPY,2024-05-07,long,517.93,517.165,2024-05-07T14:00:00+00:00,2024-05-07T14:15:00+00:00,517.67,0.06979999999998654,516.9350000000001,519.1399999999998,1,1,2024-05-07T14:20:00+00:00,517.68,2024-05-07T17:59:00+00:00,516.9250000000001,STOP_LOSS,-0.7549999999998818,0.10346050000000001,0.01999999999998181,-0.8584604999998817,-1.0272108843537204,-1.1679734693877533,5.045666033550065,0.7349999999999,0.005,0.0007283478485423694,,HYP-FCR-04,baseline,1009.1332067100129,1008.2747462100131,6.979999999998654,0.4035199999999918,0.17297779540044597,3,3,21.99999999999136,0.7349999999999,15.0,517.25,0.3149999999999409,4,2024,10
QQQ,2024-05-08,short,439.85,437.55,2024-05-08T17:05:00+00:00,2024-05-08T17:25:00+00:00,439.158,0.18000000000000682,440.01,437.45400000000006,2,2,2024-05-08T17:30:00+00:00,439.12,2024-05-08T18:00:00+00:00,440.02,STOP_LOSS,-1.7999999999999545,0.175828,0.09600000000000364,-1.9758279999999546,-1.0563380281690178,-1.1595234741784106,4.980049455550084,1.7039999999999509,0.005,0.0017108263835622203,,HYP-FCR-04,baseline,996.0098911100168,994.0340631100169,18.000000000000682,0.3681714285714333,0.48890268508460016,4,4,14.999999999997726,0.8519999999999754,20.0,439.61,0.39999999999997726,5,2024,13
SPY,2024-05-08,short,516.53,515.14,2024-05-08T17:20:00+00:00,2024-05-08T17:25:00+00:00,516.29,0.08499999999992269,516.6,515.6699999999998,1,1,2024-05-08T17:30:00+00:00,516.27,2024-05-08T17:42:00+00:00,516.61,STOP_LOSS,-0.34000000000003183,0.10328800000000002,0.029999999999972715,-0.4432880000000319,-1.0967741935482807,-1.4299612903224108,5.041373731050065,0.3100000000000591,0.005,0.0003074558806171759,,HYP-FCR-04,baseline,1008.2747462100131,1007.831458210013,8.49999999999227,0.3153642857142976,0.26952956897892977,1,1,6.000000000005912,0.3100000000000591,5.0,516.66,0.05999999999994543,2,2024,13
QQQ,2024-05-09,short,440.76,438.46,2024-05-09T15:45:00+00:00,2024-05-09T15:50:00+00:00,440.465,0.1199999999999477,441.02,439.35499999999996,2,2,2024-05-09T15:55:00+00:00,440.45,2024-05-09T16:46:00+00:00,441.03,STOP_LOSS,-1.1599999999999682,0.176296,0.049999999999954525,-1.3362959999999682,-1.0450450450450035,-1.2038702702702269,4.970170315550084,1.1100000000000136,0.005,0.0011166619346294595,,HYP-FCR-04,baseline,994.0340631100169,992.6977671100169,11.99999999999477,0.39428571428571707,0.30434782608682176,1,1,25.0,0.5550000000000068,5.0,441.19,0.17000000000001592,2,2024,11
SPY,2024-05-13,long,522.67,521.1,2024-05-13T16:00:00+00:00,2024-05-13T16:05:00+00:00,521.33,0.0301000000000613,521.0,521.9900000000001,1,1,2024-05-13T16:10:00+00:00,521.34,2024-05-13T16:59:00+00:00,520.99,STOP_LOSS,-0.35000000000002274,0.10423299999999999,0.01999999999998181,-0.45423300000002276,-1.060606060605998,-1.3764636363635345,5.039157291050065,0.3300000000000409,0.005,0.00032743570099126156,,HYP-FCR-04,baseline,1007.831458210013,1007.377225210013,3.01000000000613,0.26727142857142133,0.11261959484763205,1,1,9.000000000003183,0.3300000000000409,5.0,521.0304,0.030399999999985994,2,2024,12
QQQ,2024-05-13,long,444.09,442.08,2024-05-13T17:10:00+00:00,2024-05-13T17:20:00+00:00,443.0,0.3450000000000273,441.64,445.72,2,2,2024-05-13T17:25:00+00:00,443.02,2024-05-13T19:59:00+00:00,443.09000000000003,FORCED_SESSION_CLOSE,0.14000000000010004,0.17722200000000002,0.05999999999994543,-0.037221999999899974,0.051470588235330385,-0.013684558823492501,4.963488835550085,2.7200000000000273,0.005,0.002740008177835037,,HYP-FCR-04,baseline,992.6977671100169,992.660545110017,34.50000000000273,0.31110000000000226,1.108968177434988,2,2,43.00000000000068,1.3600000000000136,10.0,442.05,0.410000000000025,3,2024,13
QQQ,2024-05-14,short,443.911,442.46,2024-05-14T14:35:00+00:00,2024-05-14T14:40:00+00:00,443.35,1.089999999999975,444.57,440.9100000000001,2,2,2024-05-14T14:45:00+00:00,443.33,2024-05-14T15:16:00+00:00,444.58,STOP_LOSS,-2.5,0.177582,0.06000000000005912,-2.677582,-1.024590163934451,-1.097369672131174,4.9633027255500854,2.439999999999941,0.005,0.0024580406786788474,,HYP-FCR-04,baseline,992.660545110017,989.982963110017,108.9999999999975,0.6995714285714314,1.5580967939554409,1,1,64.90000000000009,1.2199999999999704,5.0,444.83,0.2599999999999909,2,2024,10
SPY,2024-05-14,short,521.68,520.88,2024-05-14T14:35:00+00:00,2024-05-14T14:40:00+00:00,521.13,0.7649999999999864,522.0699999999999,519.2500000000001,1,1,2024-05-14T14:45:00+00:00,521.11,2024-05-14T15:16:00+00:00,522.0799999999999,STOP_LOSS,-0.9699999999999136,0.10431900000000001,0.029999999999972715,-1.0743189999999136,-1.0319148936169942,-1.1428925531914693,5.036886126050065,0.9399999999999409,0.005,0.0009331161917066115,,HYP-FCR-04,baseline,1007.377225210013,1006.302906210013,76.49999999999864,0.5477428571428504,1.3966407594804575,1,1,37.999999999999545,0.9399999999999409,5.0,522.24,0.17000000000007276,2,2024,10
QQQ,2024-05-16,short,453.619,452.53,2024-05-16T17:20:00+00:00,2024-05-16T17:25:00+00:00,452.98,0.6400000000000432,454.09,450.7600000000001,2,2,2024-05-16T17:30:00+00:00,452.96000000000004,2024-05-16T19:59:00+00:00,451.96999999999997,FORCED_SESSION_CLOSE,1.9800000000001319,0.180986,0.05999999999994543,1.7990140000001318,0.891891891891986,0.8103666666667576,4.949914815550085,2.2199999999999136,0.005,0.002242462832921706,,HYP-FCR-04,baseline,989.982963110017,991.7819771100171,64.00000000000432,0.3941357142857141,1.6238061581399825,1,1,46.09999999999559,1.1099999999999568,5.0,454.11,0.020000000000038654,2,2024,13
SPY,2024-05-16,long,530.33,529.86,2024-05-16T17:50:00+00:00,2024-05-16T17:55:00+00:00,530.05,0.03499999999996817,529.465,531.2199999999998,1,1,2024-05-16T18:00:00+00:00,530.0649999999999,2024-05-16T18:11:00+00:00,529.455,STOP_LOSS,-0.6099999999999,0.105952,0.024999999999977263,-0.7159519999999,-1.0427350427350095,-1.2238495726495635,5.031514531050065,0.5849999999999227,0.005,0.0005813358943811244,,HYP-FCR-04,baseline,1006.302906210013,1005.5869542100131,3.4999999999968168,0.4147785714285663,0.08438237269447733,1,1,38.49999999999909,0.5849999999999227,5.0,529.51,0.04499999999995907,2,2024,14
SPY,2024-05-17,long,529.2,528.36,2024-05-17T14:10:00+00:00,2024-05-17T14:25:00+00:00,529.17,0.16999999999995907,528.332,530.8459999999999,1,1,2024-05-17T14:30:00+00:00,529.18,2024-05-17T15:40:00+00:00,528.322,STOP_LOSS,-0.8579999999999472,0.1057502,0.01999999999998181,-0.9637501999999473,-1.0238663484486665,-1.1500599045345907,5.027934771050066,0.8379999999999654,0.005,0.0008333441444238867,,HYP-FCR-04,baseline,1005.5869542100131,1004.6232040100132,16.999999999995907,0.3440083333333253,0.4941740752403179,3,3,1.8000000000029104,0.8379999999999654,15.0,528.5600000000001,0.22800000000006548,4,2024,10
QQQ,2024-05-17,short,452.48,451.35,2024-05-17T14:55:00+00:00,2024-05-17T15:05:00+00:00,452.13,0.13999999999998636,452.59,451.21000000000004,2,2,2024-05-17T15:10:00+00:00,452.125,2024-05-17T16:45:00+00:00,451.22,TAKE_PROFIT,1.8099999999999454,0.18066900000000002,0.029999999999972715,1.6293309999999455,1.9673913043478544,1.7710119565217586,4.958909885550086,0.9199999999999591,0.005,0.0009276232289285739,,HYP-FCR-04,baseline,991.7819771100171,993.4113081100171,13.999999999998636,0.42107857142857646,0.3324795168868697,2,2,9.99999999999659,0.45999999999997954,10.0,452.58,0.009999999999990905,3,2024,11
QQQ,2024-05-20,short,454.64,451.785,2024-05-20T14:50:00+00:00,2024-05-20T15:00:00+00:00,454.31,0.13269999999999982,455.02,452.89000000000004,2,2,2024-05-20T15:05:00+00:00,454.3199,2024-05-20T16:41:00+00:00,455.03,STOP_LOSS,-1.4201999999999089,0.18186998,0.039800000000013824,-1.602069979999909,-1.0001408450703873,-1.1282182957746163,4.967056540550086,1.419999999999959,0.005,0.0014294179947493598,,HYP-FCR-04,baseline,993.4113081100171,991.8092381300172,13.269999999999982,0.3333285714285564,0.39810568722412065,2,2,37.000000000000455,0.7099999999999795,10.0,454.92,0.0999999999999659,3,2024,11
SPY,2024-05-20,short,531.23,529.47,2024-05-20T15:40:00+00:00,2024-05-20T15:45:00+00:00,530.975,0.17999999999994998,531.381,530.1630000000001,1,1,2024-05-20T15:50:00+00:00,530.97,2024-05-20T17:53:00+00:00,530.1730000000001,TAKE_PROFIT,0.7969999999999118,0.10611430000000001,0.014999999999986358,0.6908856999999118,1.9630541871921472,1.701688916256154,5.023116020050066,0.40599999999994907,0.005,0.00040413161708725815,,HYP-FCR-04,baseline,1004.6232040100132,1005.3140897100131,17.999999999994998,0.23542857142856682,0.764563106795919,1,1,14.099999999996271,0.40599999999994907,5.0,531.4901,0.10910000000001219,2,2024,11
QQQ,2024-05-22,short,456.61,455.62,2024-05-22T15:45:00+00:00,2024-05-22T15:50:00+00:00,456.21,0.05000000000001137,456.6597,455.31059999999997,2,2,2024-05-22T15:55:00+00:00,456.18,2024-05-22T16:10:00+00:00,456.6697,STOP_LOSS,-0.9793999999999414,0.18256994000000001,0.07999999999992724,-1.1619699399999415,-1.0889481876805938,-1.2919390037802125,4.959046190650086,0.8994000000000142,0.005,0.0009068276090024793,,HYP-FCR-04,baseline,991.8092381300172,990.6472681900173,5.000000000001137,0.2390285714285767,0.20918001434381536,1,1,3.9699999999982083,0.4497000000000071,5.0,456.72499999999997,0.06529999999997926,2,2024,11
SPY,2024-05-22,short,531.19,530.625,2024-05-22T15:20:00+00:00,2024-05-22T15:55:00+00:00,530.71,0.09500000000002728,531.27,529.5900000000001,1,1,2024-05-22T16:00:00+00:00,530.6800000000001,2024-05-22T17:44:00+00:00,529.6000000000001,TAKE_PROFIT,1.0799999999999272,0.10602800000000003,0.03999999999996362,0.9739719999999272,1.9285714285714866,1.7392357142857537,5.026570448550066,0.5599999999999454,0.005,0.0005570398403164524,,HYP-FCR-04,baseline,1005.3140897100131,1006.288061710013,9.500000000002728,0.20134285714284975,0.4718319852420998,7,7,6.9999999999936335,0.5599999999999454,35.0,530.96,0.30999999999994543,8,2024,12
QQQ,2024-05-23,long,460.58,457.07,2024-05-23T15:05:00+00:00,2024-05-23T15:10:00+00:00,458.11,0.5099999999999909,456.94,460.45000000000005,2,2,2024-05-23T15:15:00+00:00,458.12,2024-05-23T17:03:00+00:00,456.93,STOP_LOSS,-2.3799999999999955,0.18301,0.03999999999996362,-2.5630099999999953,-1.0170940170940013,-1.0953034188034019,4.953236340950086,2.340000000000032,0.005,0.002362092013109144,,HYP-FCR-04,baseline,990.6472681900173,988.0842581900173,50.99999999999909,0.8280499999999985,0.6159048366644427,1,1,12.000000000000455,1.170000000000016,5.0,456.32,0.6200000000000045,2,2024,11
SPY,2024-05-23,long,533.07,529.545,2024-05-23T15:05:00+00:00,2024-05-23T15:10:00+00:00,530.375,0.37150000000008276,529.3802000000001,532.3645999999999,1,1,2024-05-23T15:15:00+00:00,530.39,2024-05-23T17:03:00+00:00,529.3702000000001,STOP_LOSS,-1.0197999999999183,0.10597602000000002,0.024999999999977263,-1.1257760199999183,-1.0251306795335533,-1.1316606554081072,5.031440308550065,0.9947999999999411,0.005,0.0009885837245345534,,HYP-FCR-04,baseline,1006.288061710013,1005.1622856900132,37.150000000008276,0.6719999999999929,0.5528273809525099,1,1,15.479999999990923,0.9947999999999411,5.0,529.05,0.3302000000001044,2,2024,11
SPY,2024-05-28,long,530.51,529.12,2024-05-28T14:00:00+00:00,2024-05-28T14:45:00+00:00,529.93,0.08000000000004093,528.99,531.8099999999998,1,1,2024-05-28T14:50:00+00:00,529.99,2024-05-28T17:50:00+00:00,528.98,STOP_LOSS,-1.009999999999991,0.105897,0.07000000000005002,-1.1158969999999908,-1.074468085106441,-1.1871244680851714,5.025811428450066,0.9399999999999409,0.005,0.0009351723730408962,,HYP-FCR-04,baseline,1005.1622856900132,1004.0463886900131,8.000000000004093,0.46622857142857094,0.17158965559513636,9,9,12.000000000000455,0.9399999999999409,45.0,529.2,0.21000000000003638,10,2024,10
QQQ,2024-05-28,short,459.56,457.09,2024-05-28T17:40:00+00:00,2024-05-28T17:50:00+00:00,458.6299,0.2799999999999727,459.7,456.4897000000001,2,2,2024-05-28T17:55:00+00:00,458.61,2024-05-28T19:59:00+00:00,459.71,STOP_LOSS,-2.199999999999932,0.183664,0.059799999999995634,-2.3836639999999316,-1.0279413138958964,-1.1137575927483425,4.940421290950087,2.140199999999936,0.005,0.0021660096112859606,,HYP-FCR-04,baseline,988.0842581900173,985.7005941900173,27.99999999999727,0.4623928571428613,0.6055456862593006,2,2,12.999999999999545,1.070099999999968,10.0,459.65999999999997,0.040000000000020464,3,2024,13
QQQ,2024-05-29,short,457.5,455.34,2024-05-29T15:05:00+00:00,2024-05-29T15:10:00+00:00,457.14,0.2599999999999909,457.83,455.76,2,2,2024-05-29T15:15:00+00:00,457.13,2024-05-29T16:37:00+00:00,457.84,STOP_LOSS,-1.419999999999959,0.18299400000000002,0.03999999999996362,-1.6029939999999592,-1.0289855072463505,-1.161589855072438,4.9285029709500865,1.3799999999999955,0.005,0.001400019446203121,,HYP-FCR-04,baseline,985.7005941900173,984.0976001900174,25.99999999999909,0.5247500000000075,0.4954740352548589,1,1,31.999999999999318,0.6899999999999977,5.0,457.96,0.12999999999999545,2,2024,11
SPY,2024-05-29,short,526.42,525.37,2024-05-29T15:10:00+00:00,2024-05-29T15:15:00+00:00,526.251,0.020100000000070395,526.45,525.8529999999998,1,1,2024-05-29T15:20:00+00:00,526.2513,2024-05-29T15:22:00+00:00,526.46,STOP_LOSS,-0.20870000000002165,0.10527113,0.010300000000029286,-0.31397113000002164,-1.0487437185927093,-1.5777443718588573,5.0202319434500655,0.19900000000006912,0.005,0.0001981980137986512,,HYP-FCR-04,baseline,1004.0463886900131,1003.7324175600131,2.0100000000070395,0.39963571428572614,0.05029580510839821,1,1,2.0000000000095497,0.19900000000006912,5.0,526.8,0.34999999999990905,2,2024,11
SPY,2024-05-30,long,524.99,523.92,2024-05-30T16:00:00+00:00,2024-05-30T16:05:00+00:00,524.12,0.07999999999992724,523.6850000000001,524.9899999999999,1,1,2024-05-30T16:10:00+00:00,524.14,2024-05-30T17:01:00+00:00,524.9799999999999,TAKE_PROFIT,0.8399999999999181,0.10491199999999999,0.029999999999972715,0.7350879999999181,1.9310344827586747,1.6898574712643917,5.018662087800066,0.43499999999994543,0.005,0.00043338243578641493,,HYP-FCR-04,baseline,1003.7324175600131,1004.467505560013,7.999999999992724,0.3894428571428453,0.20542166464895187,1,1,22.499999999990905,0.43499999999994543,5.0,523.69,0.0049999999999954525,2,2024,12
SPY,2024-05-31,long,524.81,522.94,2024-05-31T19:40:00+00:00,2024-05-31T19:45:00+00:00,524.665,1.080000000000041,522.46,529.0749999999998,1,1,2024-05-31T19:50:00+00:00,524.68,2024-05-31T19:59:00+00:00,527.34,FORCED_SESSION_CLOSE,2.660000000000082,0.105202,0.024999999999977263,2.554798000000082,1.2063492063492833,1.1586385487529098,5.022337527800065,2.2049999999999272,0.005,0.0021951929632313895,,HYP-FCR-04,baseline,1004.467505560013,1007.0223035600131,108.00000000000409,0.6056285714285617,1.7832712176252317,1,1,47.00000000000273,2.2049999999999272,5.0,522.46,0.0,2,2024,15
SPY,2024-06-03,short,529.16,527.345,2024-06-03T14:00:00+00:00,2024-06-03T14:35:00+00:00,527.35,0.2400000000000091,529.3199999999999,523.4100000000002,1,1,2024-06-03T14:40:00+00:00,527.35,2024-06-03T16:34:00+00:00,523.4200000000002,TAKE_PROFIT,3.9299999999998363,0.10507700000000003,0.009999999999990905,3.824922999999836,1.9949238578680246,1.9415852791878192,5.035111517800066,1.9699999999999136,0.005,0.001956262530666494,,HYP-FCR-04,baseline,1007.0223035600131,1010.8472265600129,24.00000000000091,0.6778357142857041,0.354068094881838,7,7,14.999999999997726,1.9699999999999136,35.0,528.24,1.0799999999999272,8,2024,10
SPY,2024-06-04,short,526.79,525.77,2024-06-04T14:50:00+00:00,2024-06-04T15:00:00+00:00,526.02,0.19039999999995416,526.93,524.2,1,1,2024-06-04T15:05:00+00:00,525.99,2024-06-04T16:48:00+00:00,526.9399999999999,STOP_LOSS,-0.9499999999999318,0.10529299999999998,0.03999999999996362,-1.0552929999999319,-1.0439560439560056,-1.159662637362603,5.054236132800065,0.9099999999999682,0.005,0.0009002349475664733,,HYP-FCR-04,baseline,1010.8472265600129,1009.791933560013,19.039999999995416,0.7668071428571466,0.2483023296972926,2,2,12.999999999999545,0.9099999999999682,10.0,526.64,0.2899999999999636,3,2024,11
QQQ,2024-06-04,short,453.15,451.44,2024-06-04T14:40:00+00:00,2024-06-04T15:30:00+00:00,451.5394,0.2729999999999677,453.21999999999997,448.17820000000006,2,2,2024-06-04T15:35:00+00:00,451.51,2024-06-04T18:12:00+00:00,453.22999999999996,STOP_LOSS,-3.439999999999941,0.180948,0.07880000000000109,-3.6209479999999408,-1.0234440080923488,-1.0772783529691794,4.920488000950087,3.36119999999994,0.005,0.0034155148832300097,,HYP-FCR-04,baseline,984.0976001900174,980.4766521900175,27.29999999999677,0.6909571428571439,0.39510409990277895,10,10,6.000000000000227,1.68059999999997,50.0,452.5,0.7199999999999704,11,2024,11
SPY,2024-06-05,long,530.82,529.51,2024-06-05T14:20:00+00:00,2024-06-05T14:25:00+00:00,530.265,0.38999999999998636,529.42,531.955,1,1,2024-06-05T14:30:00+00:00,530.29,2024-06-05T15:16:00+00:00,531.945,TAKE_PROFIT,1.6550000000000864,0.10622350000000001,0.03499999999996817,1.5487765000000864,1.9585798816568438,1.832871597633179,5.048959667800065,0.8450000000000273,0.005,0.0008368060507484812,,HYP-FCR-04,baseline,1009.791933560013,1011.3407100600131,38.999999999998636,0.624133333333352,0.624866481521002,1,1,8.000000000004093,0.8450000000000273,5.0,529.3100000000001,0.10999999999989996,2,2024,10
SPY,2024-06-06,long,535.42,534.33,2024-06-06T18:50:00+00:00,2024-06-06T18:55:00+00:00,534.405,0.2054000000000542,534.11,534.9949999999999,1,1,2024-06-06T19:00:00+00:00,534.415,2024-06-06T19:22:00+00:00,534.1,STOP_LOSS,-0.3149999999999409,0.10685149999999999,0.01999999999998181,-0.42185149999994087,-1.0677966101694392,-1.4300050847457606,5.056703550300066,0.2949999999999591,0.005,0.0002916920055383252,,HYP-FCR-04,baseline,1011.3407100600131,1010.9188585600132,20.54000000000542,0.43926428571427323,0.46760004553081297,1,1,21.000000000003638,0.2949999999999591,5.0,533.87,0.2400000000000091,2,2024,15
QQQ,2024-06-06,long,464.54,462.48,2024-06-06T18:15:00+00:00,2024-06-06T19:50:00+00:00,463.39,0.06999999999999318,462.4601,465.24979999999994,2,2,2024-06-06T19:55:00+00:00,463.38,2024-06-06T19:59:00+00:00,463.40000000000003,FORCED_SESSION_CLOSE,0.04000000000007731,0.185356,0.03999999999996362,-0.14535599999992269,0.02150768899885922,-0.0781567910527619,4.902383260950088,1.8597999999999502,0.005,0.0018968325210456096,,HYP-FCR-04,baseline,980.4766521900175,980.3312961900176,6.999999999999318,0.3779357142857082,0.1852166846213302,19,19,0.9900000000016007,0.9298999999999751,95.0,462.92,0.45990000000000464,20,2024,15
QQQ,2024-06-07,short,463.58,461.84,2024-06-07T15:00:00+00:00,2024-06-07T15:05:00+00:00,462.78,0.18500000000000227,463.885,460.56999999999994,2,2,2024-06-07T15:10:00+00:00,462.7525,2024-06-07T15:30:00+00:00,463.895,STOP_LOSS,-2.284999999999968,0.1853295,0.07499999999993179,-2.470329499999968,-1.033936651583679,-1.117796153846121,4.901656480950088,2.2100000000000364,0.005,0.0022543399446585373,,HYP-FCR-04,baseline,980.3312961900176,977.8609666900177,18.500000000000227,0.5757000000000038,0.3213479242661127,1,1,29.50000000000159,1.1050000000000182,5.0,464.39,0.5049999999999955,2,2024,11
SPY,2024-06-12,short,542.96,541.21,2024-06-12T17:25:00+00:00,2024-06-12T17:30:00+00:00,542.5899,0.1350000000001046,543.38,541.0096999999998,1,1,2024-06-12T17:35:00+00:00,542.58,2024-06-12T18:00:00+00:00,541.0196999999998,TAKE_PROFIT,1.5603000000002112,0.10835996999999999,0.019899999999893225,1.4519400300002112,1.974813314770419,1.8376661561829075,5.054594292800066,0.7901000000000522,0.005,0.00078156618932354,,HYP-FCR-04,baseline,1010.9188585600132,1012.3707985900134,13.50000000001046,0.29160000000000047,0.4629629629633209,1,1,40.99999999999682,0.7901000000000522,5.0,543.16,0.22000000000002728,2,2024,13
QQQ,2024-06-12,short,474.4599,471.29,2024-06-12T18:00:00+00:00,2024-06-12T18:05:00+00:00,473.98,0.18999999999999773,475.06,471.82000000000005,2,2,2024-06-12T18:10:00+00:00,473.98,2024-06-12T18:28:00+00:00,475.07,STOP_LOSS,-2.17999999999995,0.18981,0.01999999999998181,-2.36980999999995,-1.009259259259251,-1.0971342592592523,4.889304833450089,2.159999999999968,0.005,0.002208902976576924,,HYP-FCR-04,baseline,977.8609666900177,975.4911566900178,18.999999999999773,0.4732142857142776,0.40150943396226624,1,1,59.01000000000067,1.079999999999984,5.0,474.78499999999997,0.2750000000000341,2,2024,14
SPY,2024-06-13,long,543.19,541.74,2024-06-13T18:05:00+00:00,2024-06-13T18:10:00+00:00,541.9899,0.14049999999997453,541.3201,543.3295,1,1,2024-06-13T18:15:00+00:00,542.01,2024-06-13T19:59:00+00:00,542.39,FORCED_SESSION_CLOSE,0.37999999999999545,0.10844000000000001,0.030099999999947613,0.27155999999999547,0.567333532397716,0.4054344580471659,5.061853992950067,0.6698000000000093,0.005,0.0006616152904971953,,HYP-FCR-04,baseline,1012.3707985900134,1012.6423585900134,14.049999999997453,0.3767214285714268,0.3729546273297155,1,1,40.98999999999933,0.6698000000000093,5.0,541.34,0.019900000000006912,2,2024,14
SPY,2024-06-14,long,541.6295,540.665,2024-06-14T14:15:00+00:00,2024-06-14T14:20:00+00:00,541.22,0.13000000000010914,540.095,543.47,1,1,2024-06-14T14:25:00+00:00,541.2325,2024-06-14T14:36:00+00:00,540.085,STOP_LOSS,-1.1474999999999227,0.10813175000000001,0.022499999999922693,-1.2556317499999228,-1.0199999999999312,-1.1161171111110424,5.063211792950067,1.125,0.005,0.001110954909654808,,HYP-FCR-04,baseline,1012.6423585900134,1011.3867268400135,13.000000000010914,0.5630272727272541,0.23089467650545717,1,1,55.99999999999454,1.125,5.0,540.12,0.024999999999977263,2,2024,10
QQQ,2024-06-14,short,478.14,476.05,2024-06-14T14:25:00+00:00,2024-06-14T14:35:00+00:00,476.5225,0.22000000000002728,478.255,473.05749999999995,2,2,2024-06-14T14:40:00+00:00,476.52,2024-06-14T17:09:00+00:00,478.265,STOP_LOSS,-3.490000000000009,0.19095700000000002,0.024999999999977263,-3.680957000000009,-1.0072150072150006,-1.0623252525252453,4.877455783450089,3.465000000000032,0.005,0.0035520568036283146,,HYP-FCR-04,baseline,975.4911566900178,971.8101996900177,22.00000000000273,0.6981285714285548,0.3151281998813619,2,2,10.500000000001819,1.732500000000016,10.0,478.25,0.0049999999999954525,3,2024,10
QQQ,2024-06-17,short,479.82,478.14,2024-06-17T14:20:00+00:00,2024-06-17T14:25:00+00:00,479.23,0.060000000000002274,479.90999999999997,477.8700000000001,2,2,2024-06-17T14:30:00+00:00,479.26,2024-06-17T14:37:00+00:00,479.91999999999996,STOP_LOSS,-1.3199999999999363,0.191836,0.07999999999992724,-1.5118359999999362,-0.9705882352941423,-1.1116441176470937,4.859050998450089,1.3599999999999,0.005,0.001399450222310596,,HYP-FCR-04,baseline,971.8101996900177,970.2983636900178,6.000000000000227,0.635083333333327,0.09447579057866874,1,1,7.999999999998408,0.67999999999995,5.0,479.84,0.06999999999999318,2,2024,10
SPY,2024-06-18,long,548.22,547.11,2024-06-18T15:35:00+00:00,2024-06-18T15:40:00+00:00,547.535,0.13999999999998636,547.0301000000001,548.5447999999998,1,1,2024-06-18T15:45:00+00:00,547.54,2024-06-18T17:50:00+00:00,548.5347999999998,TAKE_PROFIT,0.9947999999998274,0.10960748,0.014999999999986358,0.8851925199998274,1.9702911467617565,1.7532036442859789,5.0569336342000675,0.5048999999999069,0.005,0.0004992155686850087,,HYP-FCR-04,baseline,1011.3867268400135,1012.2719193600133,13.999999999998636,0.3139214285714128,0.44597146692755407,1,1,6.989999999996144,0.5048999999999069,5.0,547.05,0.019899999999893225,2,2024,11
QQQ,2024-06-18,long,485.68,484.38,2024-06-18T15:40:00+00:00,2024-06-18T15:45:00+00:00,484.705,0.07999999999998408,484.2957,485.52359999999993,2,2,2024-06-18T15:50:00+00:00,484.715,2024-06-18T17:22:00+00:00,485.51359999999994,TAKE_PROFIT,1.5971999999999298,0.19404572,0.03999999999996362,1.4031542799999297,1.9511360860005298,1.7140902516491827,4.851491818450089,0.8185999999999467,0.005,0.0008436580237926338,,HYP-FCR-04,baseline,970.2983636900178,971.7015179700178,7.999999999998408,0.4109642857142798,0.19466411749366358,1,1,7.4299999999993815,0.40929999999997335,5.0,484.14,0.15570000000002437,2,2024,11
QQQ,2024-06-20,long,486.8387,485.27,2024-06-20T14:55:00+00:00,2024-06-20T15:00:00+00:00,485.56,0.1450999999999567,485.02,486.64000000000004,2,2,2024-06-20T15:05:00+00:00,485.53999999999996,2024-06-20T15:22:00+00:00,485.01,STOP_LOSS,-1.0599999999999454,0.19411,0.06000000000005912,-1.2541099999999454,-0.9814814814813938,-1.1612129629628685,4.858507589850089,1.080000000000041,0.005,0.001111452416227845,,HYP-FCR-04,baseline,971.7015179700178,970.4474079700178,14.50999999999567,0.7034,0.20628376457201691,1,1,24.00000000000091,0.5400000000000205,5.0,484.74,0.2799999999999727,2,2024,11
SPY,2024-06-20,long,550.12,548.81,2024-06-20T14:50:00+00:00,2024-06-20T15:00:00+00:00,549.19,0.08010000000001583,548.7,550.1700000000001,1,1,2024-06-20T15:05:00+00:00,549.18,2024-06-20T15:27:00+00:00,548.69,STOP_LOSS,-0.4899999999998954,0.109787,0.020000000000095497,-0.5997869999998954,-0.999999999999768,-1.22405510204058,5.061359596800067,0.4900000000000091,0.005,0.00048405965890054606,,HYP-FCR-04,baseline,1012.2719193600133,1011.6721323600134,8.010000000001583,0.45792857142857557,0.17491810949933106,2,2,9.999999999990905,0.4900000000000091,10.0,548.7,0.0,3,2024,11
QQQ,2024-06-21,short,481.45,478.67,2024-06-21T15:20:00+00:00,2024-06-21T15:30:00+00:00,480.25,0.21999999999997044,481.78999999999996,477.1700000000001,2,2,2024-06-21T15:35:00+00:00,480.25,2024-06-21T15:48:00+00:00,481.79999999999995,STOP_LOSS,-3.099999999999909,0.19241,0.01999999999998181,-3.2924099999999092,-1.0064935064935008,-1.0689642857142816,4.852237039850089,3.0799999999999272,0.005,0.0031737938343744687,,HYP-FCR-04,baseline,970.4474079700178,967.1549979700179,21.999999999997044,0.6464071428571531,0.3403427737935553,2,2,32.99999999999841,1.5399999999999636,10.0,481.5969,0.19309999999995853,3,2024,11
SPY,2024-06-21,short,544.86,543.02,2024-06-21T15:20:00+00:00,2024-06-21T15:30:00+00:00,544.12,0.18500000000005912,545.26,541.84,1,1,2024-06-21T15:35:00+00:00,544.12,2024-06-21T15:50:00+00:00,545.27,STOP_LOSS,-1.1499999999999773,0.108939,0.009999999999990905,-1.2589389999999772,-1.0087719298245534,-1.104332456140344,5.058360661800067,1.1399999999999864,0.005,0.0011268472892898727,,HYP-FCR-04,baseline,1011.6721323600134,1010.4131933600135,18.50000000000591,0.47279285714284114,0.39129186747456834,2,2,38.999999999998636,1.1399999999999864,10.0,545.13,0.12999999999999545,3,2024,11
QQQ,2024-06-24,short,479.21,476.82,2024-06-24T14:15:00+00:00,2024-06-24T14:30:00+00:00,477.97,0.2899999999999636,479.51,474.8900000000001,2,2,2024-06-24T14:35:00+00:00,478.01,2024-06-24T18:14:00+00:00,474.9000000000001,TAKE_PROFIT,6.2199999999998,0.19058200000000003,0.09999999999990905,6.0294179999998,2.0194805194805023,1.957603246753228,4.83577498985009,3.0799999999999272,0.005,0.003184598132113885,,HYP-FCR-04,baseline,967.1549979700179,973.1844159700178,28.999999999996362,1.0948384615384594,0.2648792586190821,3,3,29.000000000002046,1.5399999999999636,15.0,479.11,0.39999999999997726,4,2024,10
SPY,2024-06-24,short,545.802,543.76,2024-06-24T14:40:00+00:00,2024-06-24T14:45:00+00:00,544.85,0.2900000000000773,546.22,542.11,1,1,2024-06-24T14:50:00+00:00,544.85,2024-06-24T15:18:00+00:00,546.23,STOP_LOSS,-1.3799999999999955,0.109108,0.009999999999990905,-1.4891079999999954,-1.0072992700729861,-1.0869401459853945,5.052065966800067,1.3700000000000045,0.005,0.0013558809494997055,,HYP-FCR-04,baseline,1010.4131933600135,1008.9240853600135,29.00000000000773,0.7683571428571392,0.37742865111100693,1,1,40.800000000001546,1.3700000000000045,5.0,546.2299,0.009900000000016007,2,2024,10
SPY,2024-06-25,long,544.07,543.03,2024-06-25T14:00:00+00:00,2024-06-25T14:05:00+00:00,543.79,0.18239999999991596,543.02,545.3299999999999,1,1,2024-06-25T14:10:00+00:00,543.81,2024-06-25T16:35:00+00:00,543.01,STOP_LOSS,-0.7999999999999545,0.108682,0.029999999999972715,-0.9086819999999545,-1.0389610389610044,-1.1801064935064622,5.044620426800067,0.7699999999999818,0.005,0.0007631892341287734,,HYP-FCR-04,baseline,1008.9240853600135,1008.0154033600135,18.239999999991596,0.490325000000027,0.3719981644825492,1,1,0.0,0.7699999999999818,5.0,543.09,0.07000000000005002,2,2024,10
SPY,2024-06-26,short,544.39,543.17,2024-06-26T14:25:00+00:00,2024-06-26T14:30:00+00:00,544.065,0.09109999999998308,544.6899999999999,542.8150000000003,1,1,2024-06-26T14:35:00+00:00,544.0550000000001,2024-06-26T15:50:00+00:00,544.6999999999999,STOP_LOSS,-0.6449999999998681,0.10887550000000001,0.01999999999998181,-0.7538754999998681,-1.0319999999999767,-1.2062008000000084,5.040077016800067,0.6249999999998863,0.005,0.000620030207789064,,HYP-FCR-04,baseline,1008.0154033600135,1007.2615278600136,9.109999999998308,0.4829615384615391,0.18862785697217146,1,1,28.999999999996362,0.6249999999998863,5.0,544.65,0.03999999999996362,2,2024,10
QQQ,2024-06-26,short,480.27,478.33,2024-06-26T14:55:00+00:00,2024-06-26T15:10:00+00:00,478.57,0.049999999999954525,480.37,474.96999999999997,2,2,2024-06-26T15:15:00+00:00,478.54,2024-06-26T15:53:00+00:00,480.38,STOP_LOSS,-3.67999999999995,0.191784,0.07999999999992724,-3.87178399999995,-1.022222222222202,-1.075495555555535,4.865922079850089,3.6000000000000227,0.005,0.003699196103969397,,HYP-FCR-04,baseline,973.1844159700178,969.3126319700178,4.9999999999954525,0.7488642857142948,0.06676777215014688,3,3,9.000000000003183,1.8000000000000114,15.0,479.67,0.6999999999999886,4,2024,11
QQQ,2024-06-27,short,482.76,480.12,2024-06-27T14:15:00+00:00,2024-06-27T14:50:00+00:00,480.8405,0.5599999999999454,483.11,476.30150000000003,2,2,2024-06-27T14:55:00+00:00,480.89,2024-06-27T19:59:00+00:00,481.58,FORCED_SESSION_CLOSE,-1.3799999999999955,0.19249400000000003,0.11899999999991451,-1.5724939999999954,-0.30403172504957027,-0.3464406256884776,4.846563159850089,4.538999999999987,0.005,0.004682699729988028,,HYP-FCR-04,baseline,969.3126319700178,967.7401379700178,55.99999999999454,0.8199000000000021,0.6830101231856861,7,7,34.00000000000318,2.2694999999999936,35.0,482.115,0.9950000000000045,8,2024,10
SPY,2024-06-27,short,546.84,545.14,2024-06-27T14:15:00+00:00,2024-06-27T14:50:00+00:00,545.83,0.1959999999999127,546.97,543.5500000000001,1,1,2024-06-27T14:55:00+00:00,545.82,2024-06-27T19:59:00+00:00,546.36,FORCED_SESSION_CLOSE,-0.5399999999999636,0.10921800000000001,0.01999999999998181,-0.6492179999999637,-0.47368421052628956,-0.5694894736841855,5.036307639300069,1.1399999999999864,0.005,0.0011317815368387825,,HYP-FCR-04,baseline,1007.2615278600136,1006.6123098600136,19.59999999999127,0.561857142857158,0.34884312229833503,7,7,12.000000000000455,1.1399999999999864,35.0,546.7,0.2699999999999818,8,2024,10
QQQ,2024-06-28,short,484.27,481.67,2024-06-28T14:55:00+00:00,2024-06-28T15:00:00+00:00,483.45,0.11000000000001364,484.4799,481.3902,2,2,2024-06-28T15:05:00+00:00,483.44,2024-06-28T16:18:00+00:00,481.4002,TAKE_PROFIT,4.079600000000028,0.19296804,0.03999999999996362,3.8866319600000274,1.980580638896998,1.886897737644449,4.838700689850089,2.0597999999999956,0.005,0.002128463953474886,,HYP-FCR-04,baseline,967.7401379700178,971.6267699300179,11.000000000001364,0.8986357142857051,0.12240777686812603,1,1,19.990000000001373,1.0298999999999978,5.0,485.4,0.9200999999999908,2,2024,11
SPY,2024-06-28,short,548.26,546.67,2024-06-28T15:00:00+00:00,2024-06-28T15:05:00+00:00,547.47,0.10500000000001819,548.64,545.1300000000001,1,1,2024-06-28T15:10:00+00:00,547.45,2024-06-28T18:43:00+00:00,545.1400000000001,TAKE_PROFIT,2.3099999999999454,0.10925900000000002,0.029999999999972715,2.200740999999945,1.9743589743589969,1.8809752136752327,5.0330615493000685,1.169999999999959,0.005,0.0011623144169205196,,HYP-FCR-04,baseline,1006.6123098600136,1008.8130508600136,10.500000000001819,0.7375999999999863,0.1423535791757323,1,1,37.000000000000455,1.169999999999959,5.0,548.84,0.20000000000004547,2,2024,11
QQQ,2024-07-01,long,480.4,476.945,2024-07-01T14:15:00+00:00,2024-07-01T14:25:00+00:00,479.21,0.049999999999954525,476.245,485.13999999999993,1,1,2024-07-01T14:30:00+00:00,479.25,2024-07-01T19:59:00+00:00,481.93,FORCED_SESSION_CLOSE,2.680000000000007,0.09611800000000001,0.05000000000001137,2.5838820000000067,0.9038785834738716,0.871461045531207,4.858133849650089,2.964999999999975,0.005,0.003051583274319965,,HYP-FCR-04,baseline,971.6267699300179,974.2106519300179,4.9999999999954525,1.2287166666666895,0.040692863828075576,2,2,68.99999999999977,2.964999999999975,10.0,476.475,0.2300000000000182,3,2024,10
SPY,2024-07-01,long,545.8599,544.095,2024-07-01T16:05:00+00:00,2024-07-01T16:10:00+00:00,545.015,0.13999999999998636,544.0600000000001,546.9249999999998,1,1,2024-07-01T16:15:00+00:00,545.02,2024-07-01T19:26:00+00:00,544.0500000000001,STOP_LOSS,-0.9699999999999136,0.10890700000000002,0.014999999999986358,-1.0789069999999137,-1.0157068062827095,-1.1297455497382156,5.044065254300068,0.9549999999999272,0.005,0.0009466570631553481,,HYP-FCR-04,baseline,1008.8130508600136,1007.7341438600137,13.999999999998636,0.5231142857142815,0.2676279425418953,1,1,2.4999999999977263,0.9549999999999272,5.0,544.059,0.00100000000009004,2,2024,12
QQQ,2024-07-02,short,483.18,480.28,2024-07-02T15:55:00+00:00,2024-07-02T16:00:00+00:00,483.12,0.6650999999999954,483.9,481.56000000000006,2,2,2024-07-02T16:05:00+00:00,483.0799,2024-07-02T17:00:00+00:00,483.90999999999997,STOP_LOSS,-1.660199999999918,0.19339798000000002,0.10019999999997253,-1.853597979999918,-1.0642307692307538,-1.1882038333333225,4.87105325965009,1.5599999999999454,0.005,0.001601296389963931,,HYP-FCR-04,baseline,974.2106519300179,972.357053950018,66.50999999999954,0.5038499999999958,1.3200357249181323,1,1,70.99999999999795,0.7799999999999727,5.0,484.03,0.12999999999999545,2,2024,12
QQQ,2024-07-03,short,487.86,486.2,2024-07-03T14:20:00+00:00,2024-07-03T14:25:00+00:00,487.3,0.20999999999997954,488.01959999999997,485.8608000000001,1,1,2024-07-03T14:30:00+00:00,487.28000000000003,2024-07-03T14:43:00+00:00,488.02959999999996,STOP_LOSS,-0.7495999999999299,0.09753096000000001,0.029999999999972715,-0.8471309599999299,-1.0416898276820101,-1.1772247915508343,4.86178526975009,0.7195999999999572,0.005,0.0007400573658377005,,HYP-FCR-04,baseline,972.357053950018,971.509922990018,20.999999999997954,0.7149249999999986,0.2937371052907367,1,1,14.959999999996398,0.7195999999999572,5.0,487.89,0.12959999999998217,2,2024,10
SPY,2024-07-03,short,549.63,548.65,2024-07-03T14:20:00+00:00,2024-07-03T14:25:00+00:00,549.18,0.10500000000001819,549.74,548.0599999999998,1,1,2024-07-03T14:30:00+00:00,549.15,2024-07-03T14:46:00+00:00,549.75,STOP_LOSS,-0.6000000000000227,0.10989000000000002,0.03999999999996362,-0.7098900000000228,-1.071428571428499,-1.267660714285621,5.038670719300068,0.5600000000000591,0.005,0.0005557021198617339,,HYP-FCR-04,baseline,1007.7341438600137,1007.0242538600137,10.500000000001819,0.47791666666667726,0.2197035745423174,1,1,10.000000000002274,0.5600000000000591,5.0,549.79,0.049999999999954525,2,2024,10
QQQ,2024-07-05,short,493.7,491.59,2024-07-05T14:05:00+00:00,2024-07-05T14:10:00+00:00,493.12,0.3686999999999898,494.28999999999996,490.7800000000001,1,1,2024-07-05T14:15:00+00:00,493.11,2024-07-05T14:46:00+00:00,494.29999999999995,STOP_LOSS,-1.1899999999999409,0.098741,0.01999999999998181,-1.2887409999999409,-1.0170940170940022,-1.1014880341880222,4.8575496149500905,1.169999999999959,0.005,0.0012043109105865308,,HYP-FCR-04,baseline,971.509922990018,970.2211819900181,36.86999999999898,0.949999999999995,0.38810526315788607,1,1,57.99999999999841,1.169999999999959,5.0,494.02,0.2699999999999818,2,2024,10
SPY,2024-07-05,short,552.53,551.39,2024-07-05T14:05:00+00:00,2024-07-05T14:10:00+00:00,551.79,0.31979999999998654,552.58,550.2099999999998,1,1,2024-07-05T14:15:00+00:00,551.78,2024-07-05T14:45:00+00:00,552.59,STOP_LOSS,-0.8100000000000591,0.110437,0.01999999999998181,-0.9204370000000591,-1.0253164556961771,-1.1651101265822392,5.035121269300069,0.7900000000000773,0.005,0.0007844895462765042,,HYP-FCR-04,baseline,1007.0242538600137,1006.1038168600136,31.979999999998654,0.6089666666666744,0.5251518966555079,1,1,4.000000000007731,0.7900000000000773,5.0,552.55,0.030000000000086402,2,2024,10
QQQ,2024-07-08,long,497.04,495.781,2024-07-08T14:55:00+00:00,2024-07-08T15:05:00+00:00,496.46,0.22000000000002728,495.57,498.23999999999995,1,1,2024-07-08T15:10:00+00:00,496.48,2024-07-08T19:59:00+00:00,497.40000000000003,FORCED_SESSION_CLOSE,0.9200000000000159,0.09938800000000002,0.03000000000002956,0.8206120000000159,1.0337078651685732,0.9220359550562117,4.851105909950091,0.8899999999999864,0.005,0.0009173166042144223,,HYP-FCR-04,baseline,970.2211819900181,971.041793990018,22.00000000000273,0.5090499999999898,0.43217758569891307,2,2,20.100000000002183,0.8899999999999864,10.0,495.89,0.3199999999999932,3,2024,11
QQQ,2024-07-09,long,499.835,498.76,2024-07-09T14:05:00+00:00,2024-07-09T14:15:00+00:00,499.68,0.19499999999999318,498.601,501.838,1,1,2024-07-09T14:20:00+00:00,499.6987,2024-07-09T14:25:00+00:00,498.591,STOP_LOSS,-1.1076999999999657,0.09982897,0.02869999999995798,-1.2075289699999656,-1.0265987025022778,-1.1191186005560305,4.85520896995009,1.0790000000000077,0.005,0.0011111777131305425,,HYP-FCR-04,baseline,971.041793990018,969.834265020018,19.499999999999318,0.7097100000000068,0.274760113285696,2,2,14.900000000000091,1.0790000000000077,10.0,499.03000000000003,0.42900000000003047,3,2024,10
SPY,2024-07-09,long,556.82,556.11,2024-07-09T14:30:00+00:00,2024-07-09T14:35:00+00:00,556.46,0.030000000000086402,555.75,557.8800000000001,1,1,2024-07-09T14:40:00+00:00,556.47,2024-07-09T15:24:00+00:00,555.74,STOP_LOSS,-0.7300000000000182,0.11122100000000001,0.01999999999998181,-0.8412210000000182,-1.02816901408448,-1.1848183098591198,5.030519084300068,0.7100000000000364,0.005,0.0007056925817217367,,HYP-FCR-04,baseline,1006.1038168600136,1005.2625958600136,3.00000000000864,0.3821785714285722,0.07849733669773082,1,1,35.000000000002274,0.7100000000000364,5.0,556.0,0.25,2,2024,10
QQQ,2024-07-10,short,500.19,498.83,2024-07-10T14:15:00+00:00,2024-07-10T14:20:00+00:00,499.8494,0.18999999999999773,500.59,498.36820000000006,1,1,2024-07-10T14:25:00+00:00,499.8599,2024-07-10T16:22:00+00:00,500.59999999999997,STOP_LOSS,-0.740099999999984,0.10004599,0.020499999999969987,-0.840145989999984,-0.9993248717256438,-1.1344126248987518,4.84917132510009,0.7405999999999722,0.005,0.000763635630036938,,HYP-FCR-04,baseline,969.834265020018,968.994119030018,18.999999999999773,0.5789090909090749,0.3282035175879448,1,1,38.999999999998636,0.7405999999999722,5.0,500.53,0.060000000000002274,2,2024,10
QQQ,2024-07-15,short,497.96,495.92,2024-07-15T16:05:00+00:00,2024-07-15T16:10:00+00:00,497.19,0.4200000000000159,498.39,494.79,1,1,2024-07-15T16:15:00+00:00,497.15000000000003,2024-07-15T16:42:00+00:00,498.4,STOP_LOSS,-1.2499999999999432,0.099555,0.049999999999954525,-1.3495549999999432,-1.0416666666666292,-1.12462916666663,4.84497059515009,1.1999999999999886,0.005,0.001238397608853614,,HYP-FCR-04,baseline,968.994119030018,967.6445640300182,42.00000000000159,0.7512428571428538,0.5590735352844096,1,1,42.00000000000159,1.1999999999999886,5.0,498.73,0.34000000000003183,2,2024,12
SPY,2024-07-15,short,562.83,561.39,2024-07-15T16:10:00+00:00,2024-07-15T16:15:00+00:00,562.44,0.22000000000002728,563.15,561.0200000000002,1,1,2024-07-15T16:20:00+00:00,562.45,2024-07-15T16:42:00+00:00,563.16,STOP_LOSS,-0.7099999999999227,0.11256100000000002,0.01999999999998181,-0.8225609999999227,-1.0,-1.158536619718327,5.026312979300068,0.7099999999999227,0.005,0.0007062831173903468,,HYP-FCR-04,baseline,1005.2625958600136,1004.4400348600136,22.00000000000273,0.5140642857142877,0.4279620392113785,1,1,30.999999999994543,0.7099999999999227,5.0,563.37,0.22000000000002728,2,2024,12
SPY,2024-07-16,long,563.61,562.74,2024-07-16T14:35:00+00:00,2024-07-16T14:40:00+00:00,563.3001,0.17989999999997508,562.46,564.9803,1,1,2024-07-16T14:45:00+00:00,563.3199999999999,2024-07-16T16:16:00+00:00,562.45,STOP_LOSS,-0.8699999999998909,0.11257700000000001,0.02989999999988413,-0.9825769999998909,-1.0355910010711629,-1.169595286275304,5.022200174300068,0.8401000000000067,0.005,0.0008363864151602533,,HYP-FCR-04,baseline,1004.4400348600136,1003.4574578600137,17.989999999997508,0.6185357142857291,0.2908482013972621,1,1,26.99999999999818,0.8401000000000067,5.0,562.63,0.16999999999995907,2,2024,10
QQQ,2024-07-16,long,498.44,495.6,2024-07-16T15:05:00+00:00,2024-07-16T15:10:00+00:00,495.72,0.013900000000035106,495.46000000000004,496.24,1,1,2024-07-16T15:15:00+00:00,495.76,2024-07-16T15:20:00+00:00,495.45000000000005,STOP_LOSS,-0.30999999999994543,0.09912100000000001,0.049999999999954525,-0.40912099999994544,-1.1923076923075242,-1.5735423076921529,4.838222820150091,0.2599999999999909,0.005,0.00026869370186626213,,HYP-FCR-04,baseline,967.6445640300182,967.2354430300182,1.3900000000035106,0.9232142857142743,0.015056092843365098,1,1,12.999999999999545,0.2599999999999909,5.0,494.95,0.5100000000000477,2,2024,11
SPY,2024-07-22,long,554.4101,552.275,2024-07-22T14:20:00+00:00,2024-07-22T14:30:00+00:00,553.46,0.1150000000000091,552.21,555.96,1,1,2024-07-22T14:35:00+00:00,553.472,2024-07-22T15:23:00+00:00,552.2,STOP_LOSS,-1.2719999999999345,0.1105672,0.021999999999934516,-1.3825671999999345,-1.0175999999999477,-1.1060537599999476,5.017287289300069,1.25,0.005,0.0012456930687084293,,HYP-FCR-04,baseline,1003.4574578600137,1002.0748906600138,11.50000000000091,0.8480769230769213,0.13560090702948946,2,2,5.499999999994998,1.25,10.0,552.33,0.12000000000000455,3,2024,10
QQQ,2024-07-22,long,482.86,479.44,2024-07-22T16:30:00+00:00,2024-07-22T16:40:00+00:00,480.495,0.14500000000003865,479.42,482.645,2,2,2024-07-22T16:45:00+00:00,480.5,2024-07-22T17:48:00+00:00,482.635,TAKE_PROFIT,4.269999999999982,0.19262700000000002,0.029999999999972715,4.077372999999982,1.9860465116279196,1.8964525581395466,4.836177215150092,2.1499999999999773,0.005,0.002222830041530283,,HYP-FCR-04,baseline,967.2354430300182,971.3128160300182,14.500000000003865,0.6895928571428556,0.21026899930606527,2,2,0.9999999999990905,1.0749999999999886,10.0,479.69,0.2699999999999818,3,2024,12
SPY,2024-07-23,short,555.81,554.13,2024-07-23T14:35:00+00:00,2024-07-23T14:40:00+00:00,555.37,0.09999999999990905,556.09,553.93,1,1,2024-07-23T14:45:00+00:00,555.34,2024-07-23T15:12:00+00:00,556.1,STOP_LOSS,-0.7599999999999909,0.111144,0.03999999999996362,-0.8711439999999909,-1.055555555555503,-1.2099222222221637,5.010374453300069,0.7200000000000273,0.005,0.0007185091720298483,,HYP-FCR-04,baseline,1002.0748906600138,1001.2037466600138,9.999999999990905,0.5753142857142767,0.17381803734589152,1,1,27.00000000000955,0.7200000000000273,5.0,556.03,0.06000000000005912,2,2024,10
QQQ,2024-07-23,short,483.28,480.87,2024-07-23T14:25:00+00:00,2024-07-23T14:50:00+00:00,481.18,0.49500000000000455,483.36,476.82,2,2,2024-07-23T14:55:00+00:00,481.13,2024-07-23T15:13:00+00:00,483.37,STOP_LOSS,-4.480000000000018,0.19290000000000002,0.12000000000000455,-4.672900000000018,-1.0275229357798175,-1.0717660550458723,4.8565640801500916,4.360000000000014,0.005,0.0044887701758331055,,HYP-FCR-04,baseline,971.3128160300182,966.6399160300182,49.500000000000455,0.9253357142857104,0.5349409866689382,5,5,7.000000000005002,2.180000000000007,25.0,482.21,1.150000000000034,6,2024,10
QQQ,2024-07-25,long,463.95,458.87,2024-07-25T14:20:00+00:00,2024-07-25T14:25:00+00:00,460.36,0.3599999999999568,458.0,465.08000000000004,2,2,2024-07-25T14:30:00+00:00,460.38,2024-07-25T15:17:00+00:00,465.07000000000005,TAKE_PROFIT,9.38000000000011,0.18509,0.05999999999994543,9.194910000000108,1.987288135593232,1.9480741525423846,4.833199580150091,4.720000000000027,0.005,0.004882893745361796,,HYP-FCR-04,baseline,966.6399160300182,975.8348260300183,35.99999999999568,1.8497916666666658,0.19461651086831777,1,1,86.00000000000136,2.3600000000000136,5.0,456.68,1.3199999999999932,2,2024,10
SPY,2024-07-25,long,541.62,539.61,2024-07-25T14:20:00+00:00,2024-07-25T14:25:00+00:00,540.6,0.09000000000003183,538.96,543.88,1,1,2024-07-25T14:30:00+00:00,540.59,2024-07-25T15:14:00+00:00,543.87,TAKE_PROFIT,3.2799999999999727,0.10844600000000001,0.01999999999998181,3.171553999999973,2.0,1.933874390243902,5.00601873330007,1.6399999999999864,0.005,0.0016380282289903307,,HYP-FCR-04,baseline,1001.2037466600138,1004.3753006600139,9.000000000003183,1.119591666666641,0.08038645041722106,1,1,63.999999999998636,1.6399999999999864,5.0,538.1800000000001,0.7799999999999727,2,2024,10
QQQ,2024-07-26,long,462.71,460.23,2024-07-26T14:10:00+00:00,2024-07-26T14:25:00+00:00,462.05,0.3650000000000091,460.15000000000003,465.84999999999997,2,2,2024-07-26T14:30:00+00:00,462.05,2024-07-26T14:35:00+00:00,460.14000000000004,STOP_LOSS,-3.8199999999999363,0.18443800000000002,0.01999999999998181,-4.004437999999936,-1.0052631578947322,-1.0537994736842065,4.8791741301500915,3.7999999999999545,0.005,0.003894101643676181,,HYP-FCR-04,baseline,975.8348260300183,971.8303880300184,36.50000000000091,1.5476416666666541,0.23584270691429135,3,3,6.999999999999318,1.8999999999999773,15.0,460.89,0.7399999999999523,4,2024,10
SPY,2024-07-26,short,543.18,541.49,2024-07-26T14:30:00+00:00,2024-07-26T14:35:00+00:00,542.12,1.19500000000005,543.84,538.68,1,1,2024-07-26T14:40:00+00:00,542.14,2024-07-26T15:02:00+00:00,543.85,STOP_LOSS,-1.7100000000000364,0.108599,0.029999999999972715,-1.8185990000000363,-0.9941860465116333,-1.0573250000000043,5.02187650330007,1.7200000000000273,0.005,0.0017125072658295646,,HYP-FCR-04,baseline,1004.3753006600139,1002.5567016600138,119.500000000005,1.1160785714285535,1.0707131474359184,1,1,65.0000000000091,1.7200000000000273,5.0,543.698,0.14200000000005275,2,2024,10
QQQ,2024-07-29,short,467.67,464.2,2024-07-29T14:00:00+00:00,2024-07-29T14:10:00+00:00,465.0,0.5799999999999841,467.92,459.15999999999997,1,1,2024-07-29T14:15:00+00:00,465.03000000000003,2024-07-29T19:59:00+00:00,463.84999999999997,FORCED_SESSION_CLOSE,1.1800000000000637,0.092888,0.040000000000020464,1.0871120000000636,0.4041095890411155,0.37229863013700604,4.859151940150092,2.920000000000016,0.005,0.003004639529660212,,HYP-FCR-04,baseline,971.8303880300184,972.9175000300185,57.99999999999841,1.3433333333333368,0.4317617866004833,2,2,24.00000000000091,2.920000000000016,10.0,467.46,0.4600000000000364,3,2024,10
SPY,2024-07-29,short,546.65,544.75,2024-07-29T14:05:00+00:00,2024-07-29T14:10:00+00:00,545.17,0.30999999999994543,547.05,541.41,1,1,2024-07-29T14:15:00+00:00,545.19,2024-07-29T17:13:00+00:00,547.06,STOP_LOSS,-1.8699999999998909,0.109225,0.030000000000086402,-1.9792249999998908,-0.9946808510637741,-1.0527792553190933,5.012783508300069,1.8799999999999955,0.005,0.0018752056585798372,,HYP-FCR-04,baseline,1002.5567016600138,1000.5774766600139,30.999999999994543,0.9455555555555546,0.3278495887190966,1,1,38.999999999998636,1.8799999999999955,5.0,546.96,0.08999999999991815,2,2024,10
QQQ,2024-07-31,short,468.9,466.41,2024-07-31T17:30:00+00:00,2024-07-31T17:35:00+00:00,468.41,0.5400000000000205,469.57,466.0900000000001,2,2,2024-07-31T17:40:00+00:00,468.37,2024-07-31T17:53:00+00:00,469.58,STOP_LOSS,-2.419999999999959,0.18759,0.10000000000002274,-2.607589999999959,-1.043103448275873,-1.123961206896565,4.864587500150092,2.3199999999999363,0.005,0.0023845803985727,,HYP-FCR-04,baseline,972.9175000300185,970.3099100300185,54.000000000002046,0.6328928571428533,0.8532249873032371,1,1,66.0000000000025,1.1599999999999682,5.0,469.76,0.18999999999999773,2,2024,13
QQQ,2024-08-02,long,453.57,448.285,2024-08-02T15:35:00+00:00,2024-08-02T15:40:00+00:00,450.01,0.650100000000009,447.26,455.51,1,1,2024-08-02T15:45:00+00:00,449.94,2024-08-02T16:55:00+00:00,447.25,STOP_LOSS,-2.6899999999999977,0.08971900000000001,0.07999999999998408,-2.779718999999998,-0.9781818181818174,-1.0108069090909082,4.851549550150093,2.75,0.005,0.0028341460512496704,,HYP-FCR-04,baseline,970.3099100300185,967.5301910300185,65.0100000000009,1.5793714285714324,0.411619450776082,1,1,101.50000000000432,2.75,5.0,446.755,0.5049999999999955,2,2024,11
SPY,2024-08-05,short,518.04,510.27,2024-08-05T18:35:00+00:00,2024-08-05T18:40:00+00:00,516.5901,0.4800000000000182,519.0,511.7703,1,1,2024-08-05T18:45:00+00:00,516.58,2024-08-05T19:59:00+00:00,517.42,FORCED_SESSION_CLOSE,-0.8399999999999181,0.1034,0.020099999999956708,-0.9433999999999182,-0.34856218100332814,-0.3914685256649325,5.002887383300069,2.4098999999999933,0.005,0.0024085091421849514,,HYP-FCR-04,baseline,1000.5774766600139,999.634076660014,48.00000000000182,1.0503571428571215,0.4569874192451813,1,1,95.00000000000455,2.4098999999999933,5.0,518.92,0.08000000000004093,2,2024,14
QQQ,2024-08-05,short,434.2,423.45,2024-08-05T18:40:00+00:00,2024-08-05T18:45:00+00:00,433.005,1.0900000000000318,435.5,428.015,1,1,2024-08-05T18:50:00+00:00,432.99,2024-08-05T19:37:00+00:00,435.51,STOP_LOSS,-2.519999999999982,0.08685000000000001,0.024999999999977263,-2.606849999999982,-1.0100200400801511,-1.0448296593186281,4.837650955150092,2.4950000000000045,0.005,0.0025787308996981935,,HYP-FCR-04,baseline,967.5301910300185,964.9233410300185,109.00000000000318,1.2708071428571333,0.8577225947513988,1,1,129.00000000000205,2.4950000000000045,5.0,436.13,0.6299999999999955,2,2024,14
SPY,2024-08-07,short,531.19,527.94,2024-08-07T14:10:00+00:00,2024-08-07T14:20:00+00:00,529.69,0.1150000000000091,531.26,526.5500000000002,1,1,2024-08-07T14:25:00+00:00,529.69,2024-08-07T16:03:00+00:00,526.5600000000002,TAKE_PROFIT,3.1299999999998818,0.10562500000000002,0.009999999999990905,3.024374999999882,1.9936305732484132,1.9263535031847163,4.99817038330007,1.5699999999999363,0.005,0.0015705747099434965,,HYP-FCR-04,baseline,999.634076660014,1002.6584516600138,11.50000000000091,1.246227272727269,0.09227851333115249,2,2,5.999999999994543,1.5699999999999363,10.0,531.06,0.20000000000004547,3,2024,10
QQQ,2024-08-07,long,449.0,446.15,2024-08-07T14:40:00+00:00,2024-08-07T14:45:00+00:00,448.38,0.6599999999999682,445.88,453.38,1,1,2024-08-07T14:50:00+00:00,448.4,2024-08-07T15:44:00+00:00,445.87,STOP_LOSS,-2.5299999999999727,0.089427,0.029999999999972715,-2.619426999999973,-1.0119999999999891,-1.0477707999999892,4.824616705150093,2.5,0.005,0.002590879392897001,,HYP-FCR-04,baseline,964.9233410300185,962.3039140300185,65.99999999999682,1.4571428571428677,0.4529411764705631,1,1,25.99999999999909,2.5,5.0,446.04,0.160000000000025,2,2024,10
QQQ,2024-08-09,short,448.62,446.07,2024-08-09T14:20:00+00:00,2024-08-09T14:35:00+00:00,446.87,0.16999999999995907,448.9,442.81000000000006,2,2,2024-08-09T14:40:00+00:00,446.87,2024-08-09T14:53:00+00:00,448.90999999999997,STOP_LOSS,-4.079999999999927,0.179156,0.01999999999998181,-4.259155999999927,-1.00492610837438,-1.0490532019704395,4.811519570150093,4.059999999999945,0.005,0.004219041345261842,,HYP-FCR-04,baseline,962.3039140300185,958.0447580300186,16.999999999995907,1.416021428571432,0.12005468036699511,3,3,26.99999999999818,2.0299999999999727,15.0,448.09499999999997,0.8050000000000068,4,2024,10
SPY,2024-08-09,short,531.1101,528.56,2024-08-09T14:20:00+00:00,2024-08-09T14:35:00+00:00,530.04,0.049999999999954525,531.1785,527.7629999999999,1,1,2024-08-09T14:40:00+00:00,530.0394,2024-08-09T14:51:00+00:00,531.1885,STOP_LOSS,-1.1490999999999758,0.10612279,0.01059999999995398,-1.2552227899999757,-1.0093104962669774,-1.1025233113745732,5.013292258300069,1.1385000000000218,0.005,0.0011354813776467021,,HYP-FCR-04,baseline,1002.6584516600138,1001.4032288700139,4.9999999999954525,1.1685214285714258,0.042789116893715805,3,3,5.8400000000006,1.1385000000000218,15.0,530.789,0.3894999999999982,4,2024,10
QQQ,2024-08-12,short,452.14,448.5546,2024-08-12T15:20:00+00:00,2024-08-12T15:25:00+00:00,451.13,2.430000000000007,454.02,445.35,1,1,2024-08-12T15:30:00+00:00,451.1,2024-08-12T19:59:00+00:00,451.49,FORCED_SESSION_CLOSE,-0.38999999999998636,0.090259,0.03999999999996362,-0.48025899999998634,-0.13494809688580905,-0.16617958477508257,4.790223790150093,2.8899999999999864,0.005,0.003016560526819806,,HYP-FCR-04,baseline,958.0447580300186,957.5644990300186,243.00000000000068,1.0181571428571365,2.3866649829524147,1,1,187.00000000000045,2.8899999999999864,5.0,453.96,0.060000000000002274,2,2024,11
SPY,2024-08-12,short,534.48,530.95,2024-08-12T15:20:00+00:00,2024-08-12T15:25:00+00:00,532.89,1.9443999999999733,535.25,528.17,1,1,2024-08-12T15:30:00+00:00,532.85,2024-08-12T19:59:00+00:00,533.26,FORCED_SESSION_CLOSE,-0.40999999999996817,0.10661100000000001,0.049999999999954525,-0.5166109999999682,-0.17372881355930755,-0.21890296610168017,5.00701614435007,2.3600000000000136,0.005,0.002356693020316146,,HYP-FCR-04,baseline,1001.4032288700139,1000.8866178700139,194.43999999999733,0.8011214285714345,2.4270977290761544,1,1,75.99999999999909,2.3600000000000136,5.0,535.225,0.024999999999977263,2,2024,11
QQQ,2024-08-14,long,464.43,460.48,2024-08-14T14:45:00+00:00,2024-08-14T14:50:00+00:00,461.4899,0.3957999999999515,459.845,464.7796999999999,2,2,2024-08-14T14:55:00+00:00,461.49,2024-08-14T15:56:00+00:00,464.7696999999999,TAKE_PROFIT,6.559399999999755,0.18525193999999998,0.020200000000045293,6.374148059999755,1.9938598091069226,1.9375488053984888,4.787822495150094,3.2897999999999,0.005,0.0034355910263301945,,HYP-FCR-04,baseline,957.5644990300186,963.9386470900184,39.57999999999515,1.0834785714285837,0.365304871215019,1,1,62.5,1.64489999999995,5.0,459.59520000000003,0.24979999999999336,2,2024,10
SPY,2024-08-14,long,543.27,541.29,2024-08-14T14:45:00+00:00,2024-08-14T14:55:00+00:00,542.36,0.10000000000002274,541.11,544.86,1,1,2024-08-14T15:00:00+00:00,542.374,2024-08-14T16:06:00+00:00,544.85,TAKE_PROFIT,2.475999999999999,0.10872240000000002,0.02400000000000091,2.367277599999999,1.9807999999999992,1.8938220799999992,5.004433089350069,1.25,0.005,0.0012488927094061104,,HYP-FCR-04,baseline,1000.8866178700139,1003.2538954700138,10.000000000002274,0.7289214285714333,0.13718899744243543,2,2,16.999999999995907,1.25,10.0,541.2,0.09000000000003183,3,2024,11
SPY,2024-08-15,short,550.29,548.95,2024-08-15T14:00:00+00:00,2024-08-15T14:05:00+00:00,549.14,0.26499999999998636,550.64,546.14,1,1,2024-08-15T14:10:00+00:00,549.13,2024-08-15T14:29:00+00:00,550.65,STOP_LOSS,-1.5199999999999818,0.109978,0.01999999999998181,-1.6299779999999817,-1.0133333333333212,-1.0866519999999877,5.016269477350069,1.5,0.005,0.001495134987038616,,HYP-FCR-04,baseline,1003.2538954700138,1001.6239174700139,26.499999999998636,0.7453374999999909,0.3555436295637743,1,1,34.00000000000318,1.5,5.0,550.18,0.4600000000000364,2,2024,10
SPY,2024-08-19,short,555.5313,554.52,2024-08-19T14:10:00+00:00,2024-08-19T14:20:00+00:00,554.94,0.13010000000008404,555.6899999999999,553.4400000000003,1,1,2024-08-19T14:25:00+00:00,554.95,2024-08-19T14:32:00+00:00,555.6999999999999,STOP_LOSS,-0.7499999999998863,0.11106500000000001,0.01999999999998181,-0.8610649999998863,-1.0,-1.1480866666666891,5.00811958735007,0.7499999999998863,0.005,0.0007487840365217112,,HYP-FCR-04,baseline,1001.6239174700139,1000.762852470014,13.010000000008404,0.7545363636363411,0.17242376414185318,2,2,14.869999999996253,0.7499999999998863,10.0,555.47,0.2199999999999136,3,2024,10
QQQ,2024-08-19,long,475.67,473.71,2024-08-19T14:20:00+00:00,2024-08-19T14:30:00+00:00,475.36,0.3350000000000364,473.40000000000003,479.28,2,2,2024-08-19T14:35:00+00:00,475.4,2024-08-19T18:42:00+00:00,479.27,TAKE_PROFIT,7.740000000000009,0.190934,0.09999999999990905,7.549066000000009,1.9744897959183902,1.925782142857165,4.819693235450092,3.919999999999959,0.005,0.004066648859690223,,HYP-FCR-04,baseline,963.9386470900184,971.4877130900185,33.50000000000364,1.0346846153846145,0.3237701566438288,2,2,29.999999999995453,1.9599999999999795,10.0,473.41,0.009999999999990905,3,2024,10
QQQ,2024-08-20,long,482.94,480.33,2024-08-20T15:55:00+00:00,2024-08-20T16:00:00+00:00,481.06,0.339999999999975,480.31,482.56,2,2,2024-08-20T16:05:00+00:00,481.05,2024-08-20T16:16:00+00:00,480.3,STOP_LOSS,-1.5,0.19227000000000002,0.03999999999996362,-1.69227,-1.0,-1.12818,4.857438565450092,1.5,0.005,0.0015440236451667911,,HYP-FCR-04,baseline,971.4877130900185,969.7954430900185,33.9999999999975,0.6517071428571545,0.5217067262902448,1,1,0.9999999999990905,0.75,5.0,479.71000000000004,0.5999999999999659,2,2024,12
SPY,2024-08-20,long,560.84,559.14,2024-08-20T18:15:00+00:00,2024-08-20T18:20:00+00:00,559.705,0.12000000000000455,559.11,560.8950000000001,1,1,2024-08-20T18:25:00+00:00,559.72,2024-08-20T18:45:00+00:00,559.1,STOP_LOSS,-0.6200000000000045,0.11188200000000002,0.024999999999977263,-0.7318820000000046,-1.042016806722649,-1.2300537815125563,5.00381426235007,0.5950000000000273,0.005,0.0005945464487730428,,HYP-FCR-04,baseline,1000.762852470014,1000.0309704700139,12.000000000000455,0.33948571428569657,0.35347584581723435,1,1,1.999999999998181,0.5950000000000273,5.0,558.72,0.38999999999998636,2,2024,14
QQQ,2024-08-21,short,482.04,480.35,2024-08-21T14:50:00+00:00,2024-08-21T14:55:00+00:00,480.84,1.4300000000000068,482.8,476.9199999999999,2,2,2024-08-21T15:00:00+00:00,480.8,2024-08-21T18:00:00+00:00,482.81,STOP_LOSS,-4.019999999999982,0.192722,0.09999999999990905,-4.212721999999982,-1.025510204081609,-1.074673979591812,4.848977215450092,3.9200000000000728,0.005,0.004042089523033787,,HYP-FCR-04,baseline,969.7954430900185,965.5827210900185,143.00000000000068,1.1256428571428623,1.2703851767244116,1,1,75.0,1.9600000000000364,5.0,484.05,1.25,2,2024,11
SPY,2024-08-21,long,560.45,559.35,2024-08-21T15:05:00+00:00,2024-08-21T15:10:00+00:00,560.21,0.2115000000000009,559.34,561.95,1,1,2024-08-21T15:15:00+00:00,560.17,2024-08-21T15:49:00+00:00,559.33,STOP_LOSS,-0.8399999999999181,0.11195000000000001,0.05000000000006821,-0.9519499999999181,-0.9655172413792112,-1.0941954022987508,5.00015485235007,0.8700000000000045,0.005,0.0008699730565255445,,HYP-FCR-04,baseline,1000.0309704700139,999.079020470014,21.15000000000009,0.9339571428571551,0.22645578720344875,1,1,0.0,0.8700000000000045,5.0,559.215,0.125,2,2024,11
SPY,2024-08-23,short,559.83,558.83,2024-08-23T14:45:00+00:00,2024-08-23T14:50:00+00:00,559.71,1.2699999999999818,561.92,555.2900000000002,1,1,2024-08-23T14:55:00+00:00,559.65,2024-08-23T15:15:00+00:00,561.93,STOP_LOSS,-2.2799999999999727,0.112158,0.07000000000005002,-2.3921579999999727,-1.03167420814482,-1.0824244343891658,4.99539510235007,2.2099999999999227,0.005,0.0022120372410184674,,HYP-FCR-04,baseline,999.079020470014,996.686862470014,126.99999999999818,1.388207142857157,0.9148490601958109,1,1,207.99999999999272,2.2099999999999227,5.0,561.83,0.08999999999991815,2,2024,10
QQQ,2024-08-23,short,479.42,478.02,2024-08-23T15:40:00+00:00,2024-08-23T15:45:00+00:00,479.0,0.15499999999997272,480.7,475.6,2,2,2024-08-23T15:50:00+00:00,479.0,2024-08-23T16:43:00+00:00,475.61,TAKE_PROFIT,6.779999999999973,0.190922,0.01999999999998181,6.589077999999973,1.9941176470588289,1.9379641176470639,4.827913605450092,3.3999999999999773,0.005,0.003521189770423621,,HYP-FCR-04,baseline,965.5827210900185,972.1717990900185,15.499999999997272,1.4405071428571432,0.10760099369763712,1,1,126.99999999999818,1.6999999999999886,5.0,479.99,0.7099999999999795,2,2024,11
QQQ,2024-08-28,long,477.02,473.97,2024-08-28T14:05:00+00:00,2024-08-28T14:25:00+00:00,475.17,0.009999999999990905,473.58,478.3500000000001,2,2,2024-08-28T14:30:00+00:00,475.17,2024-08-28T14:44:00+00:00,473.57,STOP_LOSS,-3.2000000000000455,0.189748,0.01999999999998181,-3.3897480000000453,-1.0062893081760949,-1.0659584905660306,4.8608589954500925,3.1800000000000637,0.005,0.0032710267907139845,,HYP-FCR-04,baseline,972.1717990900185,968.7820510900184,0.9999999999990905,0.8387166666666749,0.011922977564919588,4,4,38.00000000000523,1.5900000000000318,20.0,474.25,0.6700000000000159,5,2024,10
QQQ,2024-08-29,short,476.95,472.78,2024-08-29T14:00:00+00:00,2024-08-29T14:20:00+00:00,475.07,0.040000000000020464,477.78,469.65000000000003,1,1,2024-08-29T14:25:00+00:00,475.05,2024-08-29T14:50:00+00:00,477.78999999999996,STOP_LOSS,-2.7399999999999523,0.095284,0.029999999999972715,-2.835283999999952,-1.011070110701097,-1.0462302583025733,4.843910255450092,2.7099999999999795,0.005,0.0027973268052921105,,HYP-FCR-04,baseline,968.7820510900184,965.9467670900184,4.000000000002046,1.6896909090909171,0.023672968697891116,4,4,81.99999999999932,2.7099999999999795,20.0,475.88,1.8999999999999773,5,2024,10
SPY,2024-08-29,short,561.28,559.37,2024-08-29T18:25:00+00:00,2024-08-29T18:30:00+00:00,559.93,1.1200000000000045,562.04,555.7099999999999,1,1,2024-08-29T18:35:00+00:00,559.91,2024-08-29T19:59:00+00:00,558.325,FORCED_SESSION_CLOSE,1.5849999999999227,0.11182350000000002,0.029999999999972715,1.4731764999999226,0.7511848341231813,0.6981879146919019,4.98343431235007,2.1100000000000136,0.005,0.002117013958397083,,HYP-FCR-04,baseline,996.686862470014,998.1600389700139,112.00000000000045,0.5885071428571435,1.9031204864609057,1,1,75.0,2.1100000000000136,5.0,561.98,0.05999999999994543,2,2024,14
SPY,2024-08-30,short,561.9295,560.41,2024-08-30T14:40:00+00:00,2024-08-30T15:00:00+00:00,560.4163,0.5,562.18,556.8889,1,1,2024-08-30T15:05:00+00:00,560.38,2024-08-30T19:50:00+00:00,562.1899999999999,STOP_LOSS,-1.8099999999999454,0.112257,0.04629999999997381,-1.9222569999999455,-1.0262516300958069,-1.0899002097862314,4.9908001948500695,1.7636999999999716,0.005,0.0017669511212048787,,HYP-FCR-04,baseline,998.1600389700139,996.237781970014,50.0,0.7694285714285586,0.6498329001114108,4,4,24.049999999999727,1.7636999999999716,20.0,561.79,0.38999999999998636,5,2024,11
QQQ,2024-08-30,long,476.12,473.97,2024-08-30T19:15:00+00:00,2024-08-30T19:25:00+00:00,475.1301,0.410000000000025,473.84000000000003,477.7103,2,2,2024-08-30T19:30:00+00:00,475.155,2024-08-30T19:59:00+00:00,476.38,FORCED_SESSION_CLOSE,2.4500000000000455,0.190307,0.06979999999987285,2.2596930000000457,0.9495387954422349,0.875782109913981,4.829733835450092,2.5801999999999907,0.005,0.00267116169121102,,HYP-FCR-04,baseline,965.9467670900184,968.2064600900185,41.0000000000025,0.4834214285714365,0.8481212783877209,2,2,12.000000000000455,1.2900999999999954,10.0,473.89,0.049999999999954525,3,2024,15
SPY,2024-09-04,short,552.555,550.03,2024-09-04T15:25:00+00:00,2024-09-04T15:30:00+00:00,552.11,0.2599999999999909,553.03,550.2700000000001,1,1,2024-09-04T15:35:00+00:00,552.12,2024-09-04T16:35:00+00:00,553.04,STOP_LOSS,-0.9199999999999591,0.11051599999999999,0.01999999999998181,-1.0305159999999591,-1.0,-1.120126086956527,4.98118890985007,0.9199999999999591,0.005,0.0009234743117056872,,HYP-FCR-04,baseline,996.237781970014,995.2072659700141,25.99999999999909,0.7901214285714185,0.32906334469384624,1,1,46.50000000000318,0.9199999999999591,5.0,553.3195,0.28949999999997544,2,2024,11
QQQ,2024-09-04,short,461.44,458.24,2024-09-04T18:35:00+00:00,2024-09-04T18:40:00+00:00,460.73,0.25,461.46,459.2700000000001,2,2,2024-09-04T18:45:00+00:00,460.69,2024-09-04T19:41:00+00:00,461.46999999999997,STOP_LOSS,-1.5599999999999454,0.184432,0.10000000000002274,-1.7444319999999454,-1.0684931506849507,-1.1948164383561901,4.841032300450093,1.4599999999999227,0.005,0.0015079428408938523,,HYP-FCR-04,baseline,968.2064600900185,966.4620280900185,25.0,0.6862071428571507,0.36432147727154024,1,1,0.9999999999990905,0.7299999999999613,5.0,462.02,0.5600000000000023,2,2024,14
SPY,2024-09-05,short,552.27,550.65,2024-09-05T14:40:00+00:00,2024-09-05T14:45:00+00:00,550.91,0.5150000000001,552.88,546.9699999999999,1,1,2024-09-05T14:50:00+00:00,550.85,2024-09-05T19:59:00+00:00,549.58,FORCED_SESSION_CLOSE,1.2699999999999818,0.11004300000000002,0.06999999999993634,1.1599569999999817,0.6446700507614032,0.5888106598984597,4.9760363298500705,1.9700000000000273,0.005,0.0019794871554518817,,HYP-FCR-04,baseline,995.2072659700141,996.367222970014,51.500000000010004,0.9381642857142732,0.5489443670390882,1,1,60.000000000002274,1.9700000000000273,5.0,553.025,0.1449999999999818,2,2024,10
QQQ,2024-09-05,short,463.2,458.97,2024-09-05T14:45:00+00:00,2024-09-05T14:50:00+00:00,461.91,1.2350000000000136,463.53,458.67000000000013,2,2,2024-09-05T14:55:00+00:00,461.93,2024-09-05T15:26:00+00:00,458.6800000000001,TAKE_PROFIT,6.499999999999773,0.18412200000000004,0.05999999999994543,6.315877999999772,2.0061728395061675,1.9493450617283876,4.832310140450093,3.2399999999998954,0.005,0.0033524338316767415,,HYP-FCR-04,baseline,966.4620280900185,972.7779060900183,123.50000000000136,1.2394285714285656,0.9964269248501771,1,1,31.999999999999318,1.6199999999999477,5.0,464.46999999999997,0.9399999999999977,2,2024,10
QQQ,2024-09-09,short,454.65,452.465,2024-09-09T14:15:00+00:00,2024-09-09T14:20:00+00:00,453.15,0.5600000000000023,454.78999999999996,449.87,2,2,2024-09-09T14:25:00+00:00,453.13,2024-09-09T15:13:00+00:00,449.88,TAKE_PROFIT,6.5,0.180602,0.05999999999994543,6.319398,1.9817073170731871,1.9266457317073329,4.863889530450091,3.2799999999999727,0.005,0.0033717871052228133,,HYP-FCR-04,baseline,972.7779060900183,979.0973040900183,56.00000000000023,0.9540545454545447,0.5869685361995721,1,1,12.999999999999545,1.6399999999999864,5.0,454.745,0.04499999999995907,2,2024,10
SPY,2024-09-09,short,545.49,544.06,2024-09-09T14:20:00+00:00,2024-09-09T14:25:00+00:00,544.73,0.21000000000003638,545.68,542.8300000000002,1,1,2024-09-09T14:30:00+00:00,544.71,2024-09-09T15:13:00+00:00,542.8400000000001,TAKE_PROFIT,1.8699999999998909,0.10875500000000002,0.029999999999972715,1.761244999999891,1.9684210526316055,1.8539421052631762,4.98183611485007,0.9499999999999318,0.005,0.0009534637211048865,,HYP-FCR-04,baseline,996.367222970014,998.128467970014,21.000000000003638,0.6710999999999862,0.3129190880644326,1,1,17.999999999994998,0.9499999999999318,5.0,546.055,0.375,2,2024,10
QQQ,2024-09-10,long,457.82,455.4,2024-09-10T15:05:00+00:00,2024-09-10T15:15:00+00:00,456.375,0.12999999999999545,454.96000000000004,459.2049999999999,2,2,2024-09-10T15:20:00+00:00,456.3701,2024-09-10T15:50:00+00:00,454.95000000000005,STOP_LOSS,-2.840199999999868,0.18226402000000003,0.02980000000002292,-3.022464019999868,-1.0036042402826646,-1.0680084876324896,4.895486520450091,2.8299999999999272,0.005,0.0028904175184407787,,HYP-FCR-04,baseline,979.0973040900183,976.0748400700184,12.999999999999545,1.1046357142857184,0.11768585635858814,2,2,42.999999999995,1.4149999999999636,10.0,455.38,0.4199999999999591,3,2024,11
SPY,2024-09-10,long,548.66,547.63,2024-09-10T18:25:00+00:00,2024-09-10T18:30:00+00:00,548.1899,0.030000000000086402,547.49,549.5896999999999,1,1,2024-09-10T18:35:00+00:00,548.2,2024-09-10T19:59:00+00:00,548.8100000000001,FORCED_SESSION_CLOSE,0.6100000000000136,0.10970100000000002,0.020100000000070395,0.5002990000000136,0.8715530790113605,0.714814973567716,4.99064233985007,0.6998999999999569,0.005,0.0007012123413566273,,HYP-FCR-04,baseline,998.128467970014,998.628766970014,3.00000000000864,0.4442785714285752,0.06752520136999085,1,1,12.999999999999545,0.6998999999999569,5.0,547.65,0.15999999999996817,2,2024,14
QQQ,2024-09-11,long,459.94,456.76,2024-09-11T15:40:00+00:00,2024-09-11T15:45:00+00:00,457.39,0.6100000000000136,456.25,459.66999999999996,2,2,2024-09-11T15:50:00+00:00,457.4,2024-09-11T15:56:00+00:00,456.24,STOP_LOSS,-2.3199999999999363,0.182728,0.03999999999996362,-2.5027279999999363,-1.017543859649107,-1.0976877192982308,4.880374200350092,2.2799999999999727,0.005,0.0023358864570634953,,HYP-FCR-04,baseline,976.0748400700184,973.5721120700184,61.000000000001364,1.0463571428571308,0.5829749470953847,1,1,50.0,1.1399999999999864,5.0,454.81,1.4399999999999977,2,2024,11
SPY,2024-09-11,long,548.76,544.5101,2024-09-11T15:40:00+00:00,2024-09-11T15:45:00+00:00,544.86,0.5099999999999909,543.91,546.7600000000001,1,1,2024-09-11T15:50:00+00:00,544.89,2024-09-11T15:56:00+00:00,543.9,STOP_LOSS,-0.9900000000000091,0.108879,0.03999999999996362,-1.098879000000009,-1.0421052631578545,-1.1567147368420594,4.99314383485007,0.9500000000000455,0.005,0.0009513044600973039,,HYP-FCR-04,baseline,998.628766970014,997.529887970014,50.99999999999909,0.880671428571426,0.5791036060148826,1,1,59.01000000000067,0.9500000000000455,5.0,542.69,1.2199999999999136,2,2024,11
QQQ,2024-09-12,short,469.33,466.8491,2024-09-12T15:40:00+00:00,2024-09-12T15:45:00+00:00,468.7,0.060000000000002274,469.62,466.85999999999996,2,2,2024-09-12T15:50:00+00:00,468.695,2024-09-12T16:06:00+00:00,469.63,STOP_LOSS,-1.8700000000000045,0.18766500000000003,0.029999999999972715,-2.0576650000000045,-1.0163043478260718,-1.118296195652157,4.867860560350092,1.8400000000000318,0.005,0.001889947315857072,,HYP-FCR-04,baseline,973.5721120700184,971.5144470700184,6.000000000000227,1.0714428571428496,0.055999253343291276,1,1,28.000000000002956,0.9200000000000159,5.0,469.21,0.410000000000025,2,2024,11
SPY,2024-09-12,short,555.37,552.74,2024-09-12T15:40:00+00:00,2024-09-12T15:45:00+00:00,554.6499,0.125,555.49,552.9697,1,1,2024-09-12T15:50:00+00:00,554.64,2024-09-12T16:21:00+00:00,555.5,STOP_LOSS,-0.8600000000000136,0.11101399999999999,0.019900000000006912,-0.9710140000000136,-1.023687656231409,-1.155831448637074,4.98764943985007,0.8401000000000067,0.005,0.0008421802796401629,,HYP-FCR-04,baseline,997.529887970014,996.558873970014,12.5,0.8266357142856984,0.15121533928401987,1,1,11.000000000001364,0.8401000000000067,5.0,555.06,0.43000000000006366,2,2024,11
QQQ,2024-09-13,short,474.69,472.25,2024-09-13T14:25:00+00:00,2024-09-13T14:30:00+00:00,473.62,0.6499999999999773,475.39,470.08000000000004,2,2,2024-09-13T14:35:00+00:00,473.55,2024-09-13T14:45:00+00:00,475.4,STOP_LOSS,-3.699999999999932,0.18979000000000001,0.15999999999996817,-3.8897899999999317,-1.0451977401129857,-1.098810734463269,4.857572235350092,3.5399999999999636,0.005,0.0036437955304485874,,HYP-FCR-04,baseline,971.5144470700184,967.6246570700184,64.99999999999773,1.06628461538461,0.6095933399222135,1,1,68.99999999999977,1.7699999999999818,5.0,475.24,0.14999999999997726,2,2024,10
SPY,2024-09-13,short,561.28,559.45,2024-09-13T14:25:00+00:00,2024-09-13T14:30:00+00:00,560.97,0.2800000000000864,562.37,558.1700000000001,1,1,2024-09-13T14:35:00+00:00,560.9699,2024-09-13T14:44:00+00:00,562.38,STOP_LOSS,-1.410099999999943,0.11233499000000002,0.010099999999965803,-1.522434989999943,-1.0072142857142614,-1.0874535642856913,4.98279436985007,1.3999999999999773,0.005,0.0014048342115732368,,HYP-FCR-04,baseline,996.558873970014,995.036438980014,28.00000000000864,0.7926769230769056,0.3532334446084546,1,1,108.00000000000409,1.3999999999999773,5.0,562.31,0.06000000000005912,2,2024,10
QQQ,2024-09-16,long,473.8599,470.5301,2024-09-16T15:05:00+00:00,2024-09-16T15:10:00+00:00,471.7031,0.022499999999979536,470.3,474.5093,2,2,2024-09-16T15:15:00+00:00,471.72499999999997,2024-09-16T16:21:00+00:00,470.29,STOP_LOSS,-2.869999999999891,0.18840300000000001,0.06379999999990105,-3.058402999999891,-1.0227353716769658,-1.0898734944052106,4.838123285350092,2.80619999999999,0.005,0.0029000914553967694,,HYP-FCR-04,baseline,967.6246570700184,964.5662540700185,2.2499999999979536,0.9780785714285726,0.02300428683057256,1,1,22.01000000000022,1.403099999999995,5.0,470.40520000000004,0.10520000000002483,2,2024,11
SPY,2024-09-16,long,562.92,560.82,2024-09-16T15:05:00+00:00,2024-09-16T15:10:00+00:00,561.11,0.17999999999994998,560.41,562.5100000000001,1,1,2024-09-16T15:15:00+00:00,561.0801,2024-09-16T16:21:00+00:00,560.4,STOP_LOSS,-0.6801000000000386,0.11214801,0.03989999999998872,-0.7922480100000385,-0.9715714285714205,-1.131782871428553,4.9751821949000705,0.7000000000000455,0.005,0.0007034918245985013,,HYP-FCR-04,baseline,995.036438980014,994.244190970014,17.999999999994998,0.686935714285726,0.2620332532675398,1,1,40.000000000009095,0.7000000000000455,5.0,560.48,0.07000000000005002,2,2024,11
QQQ,2024-09-17,short,477.05,474.23,2024-09-17T14:50:00+00:00,2024-09-17T15:00:00+00:00,475.44,0.4700000000000273,477.364,471.59200000000004,2,2,2024-09-17T15:05:00+00:00,475.46000000000004,2024-09-17T16:50:00+00:00,471.60200000000003,TAKE_PROFIT,7.716000000000008,0.18941240000000004,0.06000000000005912,7.526587600000008,2.00519750519753,1.9559739085239327,4.822831270350092,3.8479999999999563,0.005,0.003989357894041178,,HYP-FCR-04,baseline,964.5662540700185,972.0928416700185,47.00000000000273,0.9131428571428485,0.514705882352976,2,2,30.399999999997362,1.9239999999999782,10.0,477.33,0.033999999999991815,3,2024,11
SPY,2024-09-17,short,565.57,564.07,2024-09-17T15:25:00+00:00,2024-09-17T16:10:00+00:00,564.52,0.12000000000000455,565.73,562.0999999999999,1,1,2024-09-17T16:15:00+00:00,564.51,2024-09-17T16:47:00+00:00,562.1099999999999,TAKE_PROFIT,2.400000000000091,0.112662,0.01999999999998181,2.287338000000091,1.9834710743801809,1.890361983471093,4.97122095485007,1.2100000000000364,0.005,0.0012170048474907606,,HYP-FCR-04,baseline,994.244190970014,996.531528970014,12.000000000000455,0.38645000000000856,0.3105188252037829,9,9,14.999999999997726,1.2100000000000364,45.0,564.98,0.75,10,2024,12
QQQ,2024-09-18,long,474.8299,473.19,2024-09-18T14:25:00+00:00,2024-09-18T14:30:00+00:00,473.5499,0.05369999999999209,472.8,475.0496999999999,2,2,2024-09-18T14:35:00+00:00,473.53999999999996,2024-09-18T15:22:00+00:00,472.79,STOP_LOSS,-1.4999999999998863,0.189266,0.039800000000013824,-1.6892659999998862,-1.0001333511134483,-1.126327510334683,4.860464208350093,1.4997999999999365,0.005,0.0015428567475338439,,HYP-FCR-04,baseline,972.0928416700185,970.4035756700187,5.369999999999209,0.8196153846153825,0.06551853589862965,1,1,37.999999999999545,0.7498999999999683,5.0,473.03000000000003,0.2300000000000182,2,2024,10
SPY,2024-09-18,long,563.93,562.53,2024-09-18T14:35:00+00:00,2024-09-18T14:45:00+00:00,563.1,0.09000000000003183,562.41,564.4800000000001,1,1,2024-09-18T14:50:00+00:00,563.09,2024-09-18T15:22:00+00:00,562.4,STOP_LOSS,-0.6900000000000546,0.11254900000000001,0.01999999999998181,-0.8025490000000546,-1.0,-1.1631144927536103,4.982657644850071,0.6900000000000546,0.005,0.0006924015748033767,,HYP-FCR-04,baseline,996.531528970014,995.728979970014,9.000000000003183,0.5515785714285845,0.16316805014185465,2,2,11.000000000001364,0.6900000000000546,10.0,562.5,0.09000000000003183,3,2024,10
SPY,2024-09-19,short,571.09,568.08,2024-09-19T14:40:00+00:00,2024-09-19T14:45:00+00:00,570.425,0.25,571.555,568.165,1,1,2024-09-19T14:50:00+00:00,570.42,2024-09-19T16:19:00+00:00,571.5649999999999,STOP_LOSS,-1.1449999999999818,0.1141985,0.014999999999986358,-1.259198499999982,-1.0132743362831738,-1.1143349557522009,4.97864489985007,1.1299999999999955,0.005,0.0011348469540718048,,HYP-FCR-04,baseline,995.728979970014,994.469781470014,25.0,0.9184928571428698,0.27218502360232616,1,1,45.499999999992724,1.1299999999999955,5.0,571.59,0.035000000000081855,2,2024,10
QQQ,2024-09-20,long,483.63,481.43,2024-09-20T16:20:00+00:00,2024-09-20T16:25:00+00:00,482.08,0.28000000000002956,481.38,483.47999999999996,2,2,2024-09-20T16:30:00+00:00,482.05,2024-09-20T18:01:00+00:00,481.37,STOP_LOSS,-1.3600000000000136,0.19268400000000002,0.07999999999992724,-1.5526840000000137,-0.971428571428597,-1.109060000000028,4.852017878350093,1.3999999999999773,0.005,0.0014426987236040862,,HYP-FCR-04,baseline,970.4035756700187,968.8508916700187,28.000000000002956,0.6165285714285663,0.4541557568876945,1,1,4.000000000002046,0.6999999999999886,5.0,481.41110000000003,0.031100000000037653,2,2024,12
SPY,2024-09-20,long,568.4958,566.93,2024-09-20T16:05:00+00:00,2024-09-20T16:25:00+00:00,567.95,0.32000000000005,566.9,570.0500000000002,1,1,2024-09-20T16:30:00+00:00,567.92,2024-09-20T18:09:00+00:00,566.89,STOP_LOSS,-1.0299999999999727,0.113481,0.04000000000007731,-1.1434809999999727,-0.9809523809522912,-1.089029523809427,4.97234890735007,1.0500000000000682,0.005,0.001055839020516008,,HYP-FCR-04,baseline,994.469781470014,993.3263004700141,32.000000000005,0.5402785714285626,0.592287047687142,4,4,1.999999999998181,1.0500000000000682,20.0,567.1403,0.24030000000004748,5,2024,12
QQQ,2024-09-23,short,483.67,481.87,2024-09-23T14:55:00+00:00,2024-09-23T15:05:00+00:00,482.885,0.2599999999999909,483.8,481.05499999999995,2,2,2024-09-23T15:10:00+00:00,482.89,2024-09-23T15:39:00+00:00,483.81,STOP_LOSS,-1.8400000000000318,0.19334,0.029999999999972715,-2.033340000000032,-1.0054644808743118,-1.1111147540983533,4.844254458350093,1.830000000000041,0.005,0.001888835542944746,,HYP-FCR-04,baseline,968.8508916700187,966.8175516700186,25.99999999999909,0.8574714285714354,0.30321710011161085,2,2,12.000000000000455,0.9150000000000205,10.0,483.74399999999997,0.05600000000004002,3,2024,11
SPY,2024-09-23,short,569.42,568.25,2024-09-23T15:00:00+00:00,2024-09-23T15:05:00+00:00,569.14,0.2300000000000182,569.88,567.66,1,1,2024-09-23T15:10:00+00:00,569.15,2024-09-23T15:31:00+00:00,569.89,STOP_LOSS,-0.7400000000000091,0.113904,0.01999999999998181,-0.8539040000000091,-1.0,-1.1539243243243225,4.9666315023500704,0.7400000000000091,0.005,0.0007449717174002761,,HYP-FCR-04,baseline,993.3263004700141,992.472396470014,23.00000000000182,0.6992571428571394,0.3289204870475066,1,1,45.00000000000455,0.7400000000000091,5.0,569.88,0.0,2,2024,11
QQQ,2024-09-24,long,484.89,483.21,2024-09-24T15:05:00+00:00,2024-09-24T15:15:00+00:00,483.775,0.1600999999999999,483.01,485.30499999999995,1,1,2024-09-24T15:20:00+00:00,483.8,2024-09-24T15:51:00+00:00,485.29499999999996,TAKE_PROFIT,1.4949999999999477,0.09690950000000001,0.03500000000002501,1.3980904999999477,1.9542483660130383,1.8275692810457158,4.834087758350093,0.7649999999999864,0.005,0.00079125580486057,,HYP-FCR-04,baseline,966.8175516700186,968.2156421700186,16.00999999999999,0.7381428571428614,0.21689568414940832,2,2,18.999999999999773,0.7649999999999864,10.0,483.29,0.28000000000002956,3,2024,11
SPY,2024-09-24,long,570.55,569.23,2024-09-24T14:55:00+00:00,2024-09-24T15:15:00+00:00,569.83,0.03499999999996817,569.17,571.1500000000002,1,1,2024-09-24T15:20:00+00:00,569.85,2024-09-24T16:45:00+00:00,571.1400000000002,TAKE_PROFIT,1.290000000000191,0.11409900000000003,0.029999999999972715,1.175901000000191,1.9545454545455014,1.7816681818182503,4.96236198235007,0.6600000000000819,0.005,0.0006650059007661507,,HYP-FCR-04,baseline,992.472396470014,993.6482974700142,3.4999999999968168,0.5661785714285575,0.06181795243796964,4,4,5.000000000006821,0.6600000000000819,20.0,569.495,0.3250000000000455,5,2024,11
SPY,2024-09-25,short,571.8281,570.86,2024-09-25T14:10:00+00:00,2024-09-25T14:25:00+00:00,571.0999,0.07009999999991123,571.84,569.6197000000001,1,1,2024-09-25T14:30:00+00:00,571.09,2024-09-25T17:00:00+00:00,569.6297000000001,TAKE_PROFIT,1.460299999999961,0.11407197000000002,0.019900000000006912,1.3462280299999612,1.973111741656523,1.818981259289272,4.968241487350071,0.740099999999984,0.005,0.0007448309445951809,,HYP-FCR-04,baseline,993.6482974700142,994.9945255000141,7.009999999991123,0.459083333333344,0.1526955890359258,3,3,0.19000000000914952,0.740099999999984,15.0,571.65,0.19000000000005457,4,2024,10
QQQ,2024-09-25,long,486.93,484.68,2024-09-25T17:45:00+00:00,2024-09-25T17:55:00+00:00,486.09,0.4800000000000182,484.62,489.0299999999999,1,1,2024-09-25T18:00:00+00:00,486.09,2024-09-25T19:59:00+00:00,485.92,FORCED_SESSION_CLOSE,-0.16999999999995907,0.09720100000000001,0.009999999999990905,-0.26720099999995905,-0.11564625850337584,-0.18176938775507784,4.8410782108500925,1.4699999999999704,0.005,0.0015182568179804706,,HYP-FCR-04,baseline,968.2156421700186,967.9484411700186,48.00000000000182,0.5807214285714265,0.8265580989164067,2,2,5.000000000001137,1.4699999999999704,10.0,484.9396,0.3195999999999799,3,2024,14
SPY,2024-09-27,short,573.56,572.705,2024-09-27T15:05:00+00:00,2024-09-27T15:15:00+00:00,573.0099,0.009199999999964348,573.7193,571.5911000000001,1,1,2024-09-27T15:20:00+00:00,573.02,2024-09-27T17:37:00+00:00,571.6011000000001,TAKE_PROFIT,1.4188999999998941,0.11446211,0.020099999999956708,1.304437889999894,2.000140964195059,1.8387903721454304,4.974972627500071,0.7093999999999596,0.005,0.0007129687468817632,,HYP-FCR-04,baseline,994.9945255000141,996.298963390014,0.9199999999964348,0.44972142857143027,0.020457108368593317,2,2,14.930000000003929,0.7093999999999596,10.0,573.64,0.07929999999998927,3,2024,11
QQQ,2024-09-30,long,487.79,485.53,2024-09-30T14:25:00+00:00,2024-09-30T14:30:00+00:00,486.2662,0.03000000000002956,484.58,489.6386000000001,1,1,2024-09-30T14:35:00+00:00,486.2501,2024-09-30T18:17:00+00:00,484.57,STOP_LOSS,-1.6800999999999817,0.09708201,0.0261000000000422,-1.7771820099999818,-0.9963823982919818,-1.0539568319297459,4.839742205850093,1.686200000000042,0.005,0.001742034935209802,,HYP-FCR-04,baseline,967.9484411700186,966.1712591600186,3.000000000002956,0.8995384615384759,0.03335043612112006,1,1,93.99999999999977,1.686200000000042,5.0,484.86,0.28000000000002956,2,2024,10
SPY,2024-09-30,long,571.49,570.4,2024-09-30T14:25:00+00:00,2024-09-30T14:30:00+00:00,571.2999,0.10500000000001819,570.24,573.4196999999999,1,1,2024-09-30T14:35:00+00:00,571.31,2024-09-30T18:15:00+00:00,570.23,STOP_LOSS,-1.0799999999999272,0.114154,0.020099999999956708,-1.1941539999999273,-1.0189640532125268,-1.1266666666666294,4.98149481695007,1.0598999999999705,0.005,0.00106383730079729,,HYP-FCR-04,baseline,996.298963390014,995.1048093900141,10.500000000001819,0.48078461538461154,0.21839301142367404,1,1,14.999999999997726,1.0598999999999705,5.0,570.4,0.15999999999996817,2,2024,10
SPY,2024-10-01,long,573.46,568.53,2024-10-01T15:35:00+00:00,2024-10-01T15:40:00+00:00,569.02,0.1228000000000975,568.17,570.72,1,1,2024-10-01T15:45:00+00:00,569.01,2024-10-01T16:00:00+00:00,568.16,STOP_LOSS,-0.8500000000000227,0.11371700000000001,0.01999999999998181,-0.9637170000000228,-1.0,-1.1337847058823494,4.9755240469500706,0.8500000000000227,0.005,0.0008541813806739225,,HYP-FCR-04,baseline,995.1048093900141,994.1410923900141,12.28000000000975,0.8453428571428715,0.14526650218012435,1,1,35.000000000002274,0.8500000000000227,5.0,567.9,0.2699999999999818,2,2024,11
QQQ,2024-10-01,long,488.0,481.25,2024-10-01T17:55:00+00:00,2024-10-01T18:00:00+00:00,482.15,1.0500000000000114,480.46000000000004,485.52999999999986,2,2,2024-10-01T18:05:00+00:00,482.19,2024-10-01T19:59:00+00:00,481.16,FORCED_SESSION_CLOSE,-2.0599999999999454,0.19267,0.10000000000002274,-2.2526699999999455,-0.609467455621307,-0.6664704142011907,4.830856295800094,3.3799999999998818,0.005,0.003498344592591614,,HYP-FCR-04,baseline,966.1712591600186,963.9185891600187,105.00000000000114,0.9299285714285597,1.1291189799524037,1,1,77.99999999999727,1.6899999999999409,5.0,479.82,0.6400000000000432,2,2024,14
QQQ,2024-10-03,short,482.99,479.37,2024-10-03T14:15:00+00:00,2024-10-03T14:25:00+00:00,481.0,0.660000000000025,483.61,475.78,1,1,2024-10-03T14:30:00+00:00,480.96000000000004,2024-10-03T19:59:00+00:00,481.64,FORCED_SESSION_CLOSE,-0.67999999999995,0.09626000000000001,0.049999999999954525,-0.77625999999995,-0.26053639846741244,-0.2974176245210521,4.8195929458000935,2.6100000000000136,0.005,0.0027076975476470777,,HYP-FCR-04,baseline,963.9185891600187,963.1423291600187,66.0000000000025,1.3437500000000095,0.49116279069768953,2,2,61.000000000001364,2.6100000000000136,10.0,482.53999999999996,1.07000000000005,3,2024,10
SPY,2024-10-03,short,568.29,566.82,2024-10-03T14:20:00+00:00,2024-10-03T14:25:00+00:00,567.1699,0.41000000000008185,568.72,564.0696999999999,1,1,2024-10-03T14:30:00+00:00,567.14,2024-10-03T15:41:00+00:00,568.73,STOP_LOSS,-1.5900000000000318,0.113587,0.03989999999998872,-1.7035870000000317,-1.0257402748209714,-1.0990174827430388,4.970705461950071,1.550100000000043,0.005,0.0015592354162460465,,HYP-FCR-04,baseline,994.1410923900141,992.437505390014,41.000000000008185,1.0877083333333342,0.37693928366220864,1,1,42.000000000007276,1.550100000000043,5.0,568.54,0.18000000000006366,2,2024,10
QQQ,2024-10-04,long,487.72,483.79,2024-10-04T14:45:00+00:00,2024-10-04T15:00:00+00:00,485.435,0.029999999999972715,483.6,489.10499999999996,1,1,2024-10-04T15:05:00+00:00,485.43,2024-10-04T15:22:00+00:00,483.59000000000003,STOP_LOSS,-1.839999999999975,0.096902,0.014999999999986358,-1.936901999999975,-1.0027247956403245,-1.055532425068118,4.815711645800094,1.8349999999999795,0.005,0.0019052220470886483,,HYP-FCR-04,baseline,963.1423291600187,961.2054271600186,2.9999999999972715,1.21268571428571,0.02473847893692981,3,3,18.000000000000682,1.8349999999999795,15.0,484.2364,0.6363999999999805,4,2024,11
SPY,2024-10-04,long,572.71,569.89,2024-10-04T14:55:00+00:00,2024-10-04T15:05:00+00:00,570.34,0.1999999999999318,569.5216,571.9768,1,1,2024-10-04T15:10:00+00:00,570.37,2024-10-04T15:15:00+00:00,569.5116,STOP_LOSS,-0.8583999999999605,0.11398816000000002,0.03999999999996362,-0.9723881599999605,-1.048875855327424,-1.188157575757532,4.96218752695007,0.8183999999999969,0.005,0.0008246363076316601,,HYP-FCR-04,baseline,992.437505390014,991.4651172300141,19.99999999999318,1.045199999999982,0.1913509376195324,2,2,35.83999999999605,0.8183999999999969,10.0,569.64,0.11839999999995143,3,2024,11
QQQ,2024-10-07,short,486.04,484.25,2024-10-07T14:40:00+00:00,2024-10-07T14:45:00+00:00,485.67,0.043800000000032924,486.28,484.4500000000001,1,1,2024-10-07T14:50:00+00:00,485.67,2024-10-07T14:58:00+00:00,486.28999999999996,STOP_LOSS,-0.6199999999999477,0.097196,0.009999999999990905,-0.7171959999999478,-1.016393442622937,-1.1757311475409813,4.806027135800093,0.6099999999999568,0.005,0.0006346198042204831,,HYP-FCR-04,baseline,961.2054271600186,960.4882311600187,4.380000000003292,0.8161428571428563,0.05366707509193607,1,1,22.999999999996135,0.6099999999999568,5.0,486.23,0.049999999999954525,2,2024,10
SPY,2024-10-07,short,571.65,570.53,2024-10-07T14:20:00+00:00,2024-10-07T15:05:00+00:00,571.1,0.10000000000002274,571.87,569.5600000000001,1,1,2024-10-07T15:10:00+00:00,571.11,2024-10-07T18:04:00+00:00,569.57,TAKE_PROFIT,1.5399999999999636,0.11406800000000002,0.01999999999998181,1.4259319999999636,2.0,1.8518597402597368,4.957325586150071,0.7699999999999818,0.005,0.0007766284326283022,,HYP-FCR-04,baseline,991.4651172300141,992.8910492300141,10.000000000002274,0.5306071428571337,0.18846335060918656,9,9,21.000000000003638,0.7699999999999818,45.0,571.4,0.4700000000000273,10,2024,11
SPY,2024-10-08,short,570.86,569.5299,2024-10-08T14:10:00+00:00,2024-10-08T14:15:00+00:00,570.73,0.0061000000000603904,571.11,569.97,1,1,2024-10-08T14:20:00+00:00,570.71,2024-10-08T14:30:00+00:00,571.12,STOP_LOSS,-0.40999999999996817,0.11418299999999999,0.029999999999972715,-0.5241829999999682,-1.0789473684209818,-1.3794289473683539,4.964455246150071,0.37999999999999545,0.005,0.00038272074292006663,,HYP-FCR-04,baseline,992.8910492300141,992.3668662300141,0.610000000006039,0.6249900000000139,0.00976015616259501,1,1,24.00000000000091,0.37999999999999545,5.0,571.25,0.13999999999998636,2,2024,10
SPY,2024-10-10,short,576.3199,574.56,2024-10-10T17:00:00+00:00,2024-10-10T17:10:00+00:00,575.63,0.2599999999999909,576.41,574.07,1,1,2024-10-10T17:15:00+00:00,575.62,2024-10-10T17:22:00+00:00,576.42,STOP_LOSS,-0.7999999999999545,0.115204,0.01999999999998181,-0.9152039999999545,-1.0256410256410031,-1.1733384615384443,4.9618343311500706,0.7799999999999727,0.005,0.0007859996403982936,,HYP-FCR-04,baseline,992.3668662300141,991.4516622300142,25.99999999999909,0.48319285714286153,0.5380874244238236,2,2,8.010000000001583,0.7799999999999727,10.0,576.2205,0.1894999999999527,3,2024,13
QQQ,2024-10-14,short,498.62,495.54,2024-10-14T14:00:00+00:00,2024-10-14T14:10:00+00:00,497.62,0.19999999999998863,498.84,495.18000000000006,1,1,2024-10-14T14:15:00+00:00,497.62,2024-10-14T19:59:00+00:00,497.51,FORCED_SESSION_CLOSE,0.11000000000001364,0.099513,0.009999999999990905,0.010487000000013638,0.09016393442624288,0.00859590163935565,4.802441155800094,1.2199999999999704,0.005,0.001270187348913718,,HYP-FCR-04,baseline,960.4882311600187,960.4987181600187,19.999999999998863,0.6722222222222235,0.2975206611570073,2,2,20.999999999997954,1.2199999999999704,10.0,498.64,0.19999999999998863,3,2024,10
SPY,2024-10-14,short,583.3,580.73,2024-10-14T14:55:00+00:00,2024-10-14T15:00:00+00:00,582.57,0.01999999999998181,583.4257,580.8586000000001,1,1,2024-10-14T15:05:00+00:00,582.55,2024-10-14T15:59:00+00:00,583.4357,STOP_LOSS,-0.8857000000000426,0.11659857,0.030000000000086402,-1.0022985700000426,-1.0350590160103867,-1.1713200537572677,4.957258311150071,0.8556999999999562,0.005,0.0008630778812506908,,HYP-FCR-04,baseline,991.4516622300142,990.4493636600142,1.999999999998181,0.4419357142857215,0.04525545085738727,1,1,11.570000000006075,0.8556999999999562,5.0,583.4257,0.0,2,2024,11
QQQ,2024-10-16,long,491.23,487.79,2024-10-16T14:00:00+00:00,2024-10-16T14:10:00+00:00,489.89,0.4300000000000068,487.56,494.54999999999995,1,1,2024-10-16T14:15:00+00:00,489.92,2024-10-16T19:59:00+00:00,490.92,FORCED_SESSION_CLOSE,1.0,0.098084,0.040000000000020464,0.9019159999999999,0.42918454935622613,0.38708841201717,4.802493590800093,2.329999999999984,0.005,0.0024258231228704327,,HYP-FCR-04,baseline,960.4987181600187,961.4006341600187,43.00000000000068,1.05825555555556,0.40632907405269103,2,2,22.00000000000273,2.329999999999984,10.0,487.96000000000004,0.4000000000000341,3,2024,10
SPY,2024-10-16,short,579.96,578.96,2024-10-16T14:40:00+00:00,2024-10-16T14:45:00+00:00,579.87,0.13999999999998636,580.29,579.0300000000001,1,1,2024-10-16T14:50:00+00:00,579.87,2024-10-16T14:51:00+00:00,580.3,STOP_LOSS,-0.42999999999995,0.11601700000000001,0.009999999999990905,-0.54601699999995,-1.0238095238095044,-1.3000404761904838,4.952246818300071,0.4199999999999591,0.005,0.0004240499468321432,,HYP-FCR-04,baseline,990.4493636600142,989.9033466600142,13.999999999998636,0.4859999999999819,0.2880658436213818,1,1,31.999999999993634,0.4199999999999591,5.0,581.0,0.7100000000000364,2,2024,10
QQQ,2024-10-17,long,496.49,492.34,2024-10-17T14:10:00+00:00,2024-10-17T14:20:00+00:00,493.68,0.019000000000005457,491.5301,497.9798,1,1,2024-10-17T14:25:00+00:00,493.7,2024-10-17T18:36:00+00:00,491.5201,STOP_LOSS,-2.179899999999975,0.09852201000000001,0.029999999999972715,-2.278422009999975,-1.013954137401727,-1.0597804595562457,4.807003170800094,2.1499000000000024,0.005,0.002236216540337923,,HYP-FCR-04,baseline,961.4006341600187,959.1222121500188,1.9000000000005457,1.30462727272728,0.014563546537155081,2,2,79.98999999999796,2.1499000000000024,10.0,491.8,0.2699000000000069,3,2024,10
SPY,2024-10-17,long,586.12,583.2,2024-10-17T15:10:00+00:00,2024-10-17T15:30:00+00:00,584.2067,0.18999999999994088,583.19,586.2400999999998,1,1,2024-10-17T15:35:00+00:00,584.2198999999999,2024-10-17T18:05:00+00:00,583.1800000000001,STOP_LOSS,-1.039899999999875,0.11673998999999999,0.023199999999974352,-1.156639989999875,-1.022818923969683,-1.1376413789711695,4.949516733300071,1.0166999999999007,0.005,0.001027069969437218,,HYP-FCR-04,baseline,989.9033466600142,988.7467066700143,18.99999999999409,0.6104142857142847,0.3112640127313039,4,4,0.0,1.0166999999999007,20.0,583.48,0.2899999999999636,5,2024,11
QQQ,2024-10-18,short,495.16,493.3,2024-10-18T14:10:00+00:00,2024-10-18T14:55:00+00:00,493.872,0.3901000000000181,495.45,490.71600000000007,1,1,2024-10-18T15:00:00+00:00,493.87,2024-10-18T15:31:00+00:00,495.46,STOP_LOSS,-1.589999999999975,0.098933,0.012000000000000455,-1.688932999999975,-1.007604562737643,-1.0702997465145767,4.795611060750094,1.5779999999999745,0.005,0.0016452543586313645,,HYP-FCR-04,baseline,959.1222121500188,957.4332791500187,39.01000000000181,0.6147000000000113,0.6346185130958368,9,9,27.99999999999727,1.5779999999999745,45.0,494.87,0.5799999999999841,10,2024,11
SPY,2024-10-21,short,584.47,583.74,2024-10-21T14:20:00+00:00,2024-10-21T14:25:00+00:00,583.92,0.13540000000000418,584.7397,582.2805999999999,1,1,2024-10-21T14:30:00+00:00,583.92,2024-10-21T14:46:00+00:00,582.2905999999999,TAKE_PROFIT,1.6294000000000324,0.11662106,0.009999999999990905,1.5127789400000324,1.9878004147859085,1.845527558863012,4.943733533350072,0.8197000000000116,0.005,0.0008290293100046496,,HYP-FCR-04,baseline,988.7467066700143,990.2594856100143,13.540000000000418,0.39195833333333024,0.34544488147125824,1,1,25.969999999995252,0.8197000000000116,5.0,584.68,0.059700000000020736,2,2024,10
QQQ,2024-10-21,short,495.0,493.12,2024-10-21T14:35:00+00:00,2024-10-21T14:40:00+00:00,493.41,0.4700000000000273,495.03,490.17000000000013,1,1,2024-10-21T14:45:00+00:00,493.41,2024-10-21T19:54:00+00:00,495.03999999999996,STOP_LOSS,-1.6299999999999386,0.09884500000000002,0.009999999999990905,-1.7288449999999387,-1.0061728395061673,-1.0671882716049348,4.787166395750094,1.6199999999999477,0.005,0.0016920239094238884,,HYP-FCR-04,baseline,957.4332791500187,955.7044341500188,47.00000000000273,0.770707142857138,0.6098295628319468,1,1,1.999999999998181,1.6199999999999477,5.0,495.15,0.12000000000000455,2,2024,10
QQQ,2024-10-22,short,494.57,491.97,2024-10-22T14:40:00+00:00,2024-10-22T14:45:00+00:00,494.21,0.10000000000002274,494.96,492.71,1,1,2024-10-22T14:50:00+00:00,494.2,2024-10-22T14:54:00+00:00,494.96999999999997,STOP_LOSS,-0.7699999999999818,0.098917,0.01999999999998181,-0.8689169999999818,-1.0266666666666424,-1.1585559999999757,4.778522170750094,0.75,0.005,0.0007847614526001782,,HYP-FCR-04,baseline,955.7044341500188,954.8355171500187,10.000000000002274,0.7703571428571406,0.12980992118686346,1,1,37.999999999999545,0.75,5.0,494.96999999999997,0.009999999999990905,2,2024,10
QQQ,2024-10-23,long,494.25,492.95,2024-10-23T14:25:00+00:00,2024-10-23T14:30:00+00:00,493.71,0.177599999999984,491.93,497.2699999999999,1,1,2024-10-23T14:35:00+00:00,493.73,2024-10-23T15:12:00+00:00,491.92,STOP_LOSS,-1.8100000000000023,0.09856500000000001,0.03000000000002956,-1.9085650000000023,-1.0168539325842865,-1.0722275280899054,4.774177585750094,1.7799999999999727,0.005,0.0018641954221737527,,HYP-FCR-04,baseline,954.8355171500187,952.9269521500188,17.7599999999984,0.9189692307692431,0.19326000703126922,1,1,100.99999999999909,1.7799999999999727,5.0,492.0741,0.14409999999998035,2,2024,10
QQQ,2024-10-24,short,492.19,490.29,2024-10-24T14:00:00+00:00,2024-10-24T14:50:00+00:00,490.85,0.37000000000000455,492.238,488.07400000000007,1,1,2024-10-24T14:55:00+00:00,490.85,2024-10-24T17:04:00+00:00,492.248,STOP_LOSS,-1.3979999999999677,0.0983098,0.009999999999990905,-1.4963097999999677,-1.0072046109510022,-1.0780329971181504,4.764634760750094,1.3879999999999768,0.005,0.0014565649516663736,,HYP-FCR-04,baseline,952.9269521500188,951.4306423500188,37.000000000000455,0.8370142857142875,0.4420474134252746,10,10,3.8000000000010914,1.3879999999999768,50.0,491.925,0.3129999999999882,11,2024,10
SPY,2024-10-24,long,580.06,578.62,2024-10-24T15:05:00+00:00,2024-10-24T15:15:00+00:00,579.2765,0.3000000000000682,578.24,581.3495000000001,1,1,2024-10-24T15:20:00+00:00,579.285,2024-10-24T15:39:00+00:00,578.23,STOP_LOSS,-1.05499999999995,0.1157515,0.018499999999903594,-1.17075149999995,-1.0178485287022698,-1.129523878436949,4.951297428050071,1.0365000000000464,0.005,0.001046695351129656,,HYP-FCR-04,baseline,990.2594856100143,989.0887341100143,30.00000000000682,0.49104285714283996,0.6109446367790274,2,2,37.000000000000455,1.0365000000000464,10.0,578.6,0.36000000000001364,3,2024,11
QQQ,2024-10-25,short,499.1,495.12,2024-10-25T15:25:00+00:00,2024-10-25T15:30:00+00:00,498.75,0.10000000000002274,499.48,497.28999999999996,1,1,2024-10-25T15:35:00+00:00,498.6999,2024-10-25T17:21:00+00:00,497.29999999999995,TAKE_PROFIT,1.3999000000000592,0.09959999000000001,0.06009999999997717,1.3003000100000592,1.9176712328767456,1.7812328904109958,4.7571532117500945,0.7300000000000182,0.005,0.000767265597203102,,HYP-FCR-04,baseline,951.4306423500188,952.730942360019,10.000000000002274,0.6637785714285859,0.15065264879642393,1,1,37.000000000000455,0.7300000000000182,5.0,499.4,0.08000000000004093,2,2024,11
SPY,2024-10-25,short,583.49,581.47,2024-10-25T15:10:00+00:00,2024-10-25T15:30:00+00:00,582.5199,0.18000000000006366,583.65,580.2597000000001,1,1,2024-10-25T15:35:00+00:00,582.475,2024-10-25T17:21:00+00:00,580.2697000000001,TAKE_PROFIT,2.2052999999999656,0.11627447000000002,0.05489999999997508,2.0890255299999656,1.9514202282984014,1.8485315724272369,4.9454436705500715,1.1300999999999704,0.005,0.0011425668507050973,,HYP-FCR-04,baseline,989.0887341100143,991.1777596400143,18.000000000006366,0.46367142857142035,0.3882059340051354,4,4,14.999999999997726,1.1300999999999704,20.0,583.2,0.4499999999999318,5,2024,11
QQQ,2024-10-28,long,498.52,496.15,2024-10-28T16:05:00+00:00,2024-10-28T16:20:00+00:00,496.92,0.11000000000001364,496.12,498.52000000000004,1,1,2024-10-28T16:25:00+00:00,496.93,2024-10-28T16:36:00+00:00,496.11,STOP_LOSS,-0.8199999999999932,0.099304,0.01999999999998181,-0.9193039999999932,-1.0249999999999768,-1.1491299999999751,4.763654711800095,0.8000000000000114,0.005,0.0008396914222375561,,HYP-FCR-04,baseline,952.730942360019,951.811638360019,11.000000000001364,0.4778428571428565,0.23020120182967996,3,3,1.999999999998181,0.8000000000000114,15.0,496.34000000000003,0.22000000000002728,4,2024,12
SPY,2024-10-28,long,582.71,581.35,2024-10-28T16:15:00+00:00,2024-10-28T16:20:00+00:00,581.5499,0.10000000000002274,581.14,582.3697,1,1,2024-10-28T16:25:00+00:00,581.55,2024-10-28T16:34:00+00:00,581.13,STOP_LOSS,-0.4199999999999591,0.11626799999999998,0.010099999999965803,-0.5362679999999591,-1.0246401561355598,-1.308289826786943,4.955888798200071,0.40989999999999327,0.005,0.00041354842359342766,,HYP-FCR-04,baseline,991.1777596400143,990.6414916400144,10.000000000002274,0.40249285714285016,0.2484516140482249,1,1,20.000000000004547,0.40989999999999327,5.0,580.97,0.16999999999995907,2,2024,12
QQQ,2024-10-30,short,499.6,496.6,2024-10-30T14:45:00+00:00,2024-10-30T14:50:00+00:00,498.69,0.0402000000000271,500.09,495.89000000000004,1,1,2024-10-30T14:55:00+00:00,498.68,2024-10-30T19:55:00+00:00,495.90000000000003,TAKE_PROFIT,2.7799999999999727,0.099458,0.01999999999998181,2.680541999999973,1.9857142857142984,1.9146728571428688,4.7590581918000945,1.3999999999999773,0.005,0.001470879261796159,,HYP-FCR-04,baseline,951.811638360019,954.4921803600189,4.02000000000271,0.6990928571428624,0.057503090740079,1,1,47.999999999996135,1.3999999999999773,5.0,499.99,0.0999999999999659,2,2024,10
SPY,2024-10-30,short,581.91,579.29,2024-10-30T17:25:00+00:00,2024-10-30T17:30:00+00:00,580.9813,0.37000000000000455,582.08,578.7839,1,1,2024-10-30T17:35:00+00:00,580.96,2024-10-30T19:59:00+00:00,579.98,FORCED_SESSION_CLOSE,0.9800000000000182,0.11609400000000002,0.03129999999998745,0.8639060000000182,0.8919632292709666,0.7862983525985363,4.953207458200072,1.098700000000008,0.005,0.001109079328164523,,HYP-FCR-04,baseline,990.6414916400144,991.5053976400144,37.000000000000455,0.34204999999998825,1.0817131998246374,1,1,16.000000000008185,1.098700000000008,5.0,582.13,0.049999999999954525,2,2024,13
QQQ,2024-10-31,long,492.43,487.21,2024-10-31T14:15:00+00:00,2024-10-31T14:20:00+00:00,488.22,0.2699999999999818,486.78000000000003,491.1,1,1,2024-10-31T14:25:00+00:00,488.21,2024-10-31T14:30:00+00:00,486.77000000000004,STOP_LOSS,-1.4399999999999409,0.097498,0.020000000000038654,-1.537497999999941,-0.9999999999999605,-1.0677069444444052,4.772460901800095,1.4399999999999977,0.005,0.0015086556282282513,,HYP-FCR-04,baseline,954.4921803600189,952.954682360019,26.99999999999818,1.2369181818181894,0.21828444594702243,1,1,41.99999999999591,1.4399999999999977,5.0,486.79,0.009999999999990905,2,2024,10
SPY,2024-11-01,short,573.3599,570.68,2024-11-01T17:30:00+00:00,2024-11-01T17:35:00+00:00,571.995,0.9600000000000364,573.76,568.465,1,1,2024-11-01T17:40:00+00:00,571.98,2024-11-01T19:59:00+00:00,571.03,FORCED_SESSION_CLOSE,0.9500000000000455,0.114301,0.024999999999977263,0.8356990000000455,0.5382436260623529,0.47348385269124754,4.957526988200072,1.7649999999999864,0.005,0.0017801214236463536,,HYP-FCR-04,baseline,991.5053976400144,992.3410966400145,96.00000000000364,0.6877000000000066,1.3959575396248758,1,1,39.009999999996126,1.7649999999999864,5.0,573.71,0.049999999999954525,2,2024,13
QQQ,2024-11-01,short,488.09,485.2,2024-11-01T19:25:00+00:00,2024-11-01T19:30:00+00:00,487.78,0.35000000000002274,488.4,486.53999999999996,1,1,2024-11-01T19:35:00+00:00,487.78000000000003,2024-11-01T19:59:00+00:00,487.40999999999997,FORCED_SESSION_CLOSE,0.3700000000000614,0.09751900000000001,0.010000000000047748,0.27248100000006137,0.5967741935484817,0.4394854838710635,4.764773411800095,0.6200000000000045,0.005,0.0006506080629821317,,HYP-FCR-04,baseline,952.954682360019,953.2271633600191,35.000000000002274,0.4628357142857169,0.7562078491288625,1,1,30.000000000001137,0.6200000000000045,5.0,488.62,0.22000000000002728,2,2024,15
SPY,2024-11-04,short,571.54,569.27,2024-11-04T16:20:00+00:00,2024-11-04T16:25:00+00:00,571.11,0.10019999999997253,571.6172,570.0956,1,1,2024-11-04T16:30:00+00:00,571.1,2024-11-04T16:38:00+00:00,570.1056,TAKE_PROFIT,0.9944000000000415,0.11412056000000001,0.01999999999998181,0.8802794400000414,1.9605678233438852,1.735566719242944,4.961705483200072,0.5072000000000116,0.005,0.000511114577152301,,HYP-FCR-04,baseline,992.3410966400145,993.2213760800146,10.019999999997253,0.5350928571428751,0.18725721837325543,1,1,6.720000000007076,0.5072000000000116,5.0,571.93,0.3127999999999247,2,2024,11
QQQ,2024-11-04,short,487.32,484.2545,2024-11-04T16:35:00+00:00,2024-11-04T16:40:00+00:00,486.54,0.39999999999997726,487.63,484.36000000000007,1,1,2024-11-04T16:45:00+00:00,486.47,2024-11-04T18:23:00+00:00,487.64,STOP_LOSS,-1.169999999999959,0.09741100000000001,0.07999999999998408,-1.267410999999959,-1.0733944954128312,-1.16276238532109,4.766135816800095,1.089999999999975,0.005,0.0011434839898580387,,HYP-FCR-04,baseline,953.2271633600191,951.9597523600191,39.999999999997726,0.6502071428571453,0.615188566281038,1,1,30.000000000001137,1.089999999999975,5.0,488.23,0.6000000000000227,2,2024,11
QQQ,2024-11-05,short,491.13,487.52,2024-11-05T15:50:00+00:00,2024-11-05T15:55:00+00:00,490.15,0.33499999999997954,491.3,487.8499999999999,1,1,2024-11-05T16:00:00+00:00,490.09000000000003,2024-11-05T16:22:00+00:00,491.31,STOP_LOSS,-1.2199999999999704,0.09814000000000002,0.06999999999993634,-1.3181399999999706,-1.060869565217334,-1.1462086956521143,4.759798761800096,1.150000000000034,0.005,0.0012080342652607426,,HYP-FCR-04,baseline,951.9597523600191,950.6416123600192,33.499999999997954,0.7300642857142796,0.4588637008482377,1,1,16.0000000000025,1.150000000000034,5.0,491.3,0.0,2,2024,11
QQQ,2024-11-06,short,503.46,499.6,2024-11-06T15:30:00+00:00,2024-11-06T15:40:00+00:00,502.02,0.42999999999995,503.7994,498.46119999999996,1,1,2024-11-06T15:45:00+00:00,501.96500000000003,2024-11-06T17:49:00+00:00,503.8094,STOP_LOSS,-1.8443999999999505,0.10057744,0.06499999999994088,-1.9449774399999504,-1.036529167134956,-1.0930523996852535,4.753208061800096,1.7794000000000096,0.005,0.0018717884604089157,,HYP-FCR-04,baseline,950.6416123600192,948.6966349200192,42.999999999995,1.2591857142857106,0.34149053243021665,2,2,32.9400000000021,1.7794000000000096,10.0,503.28999999999996,0.5094000000000278,3,2024,10
QQQ,2024-11-08,long,514.156,512.8,2024-11-08T16:00:00+00:00,2024-11-08T16:55:00+00:00,513.79,0.07999999999992724,512.66,516.05,1,1,2024-11-08T17:00:00+00:00,513.77,2024-11-08T20:59:00+00:00,514.15,FORCED_SESSION_CLOSE,0.37999999999999545,0.10279200000000001,0.029999999999972715,0.27720799999999546,0.33628318584070527,0.245316814159289,4.743483174600096,1.1299999999999955,0.005,0.001191107840384889,,HYP-FCR-04,baseline,948.6966349200192,948.9738429200191,7.999999999992724,0.38367142857145253,0.20851174740270906,11,11,12.999999999999545,1.1299999999999955,55.0,513.34,0.6800000000000637,12,2024,12
QQQ,2024-11-11,long,515.58,512.43,2024-11-11T15:05:00+00:00,2024-11-11T15:10:00+00:00,513.12,0.01999999999998181,512.23,514.9,1,1,2024-11-11T15:15:00+00:00,513.03,2024-11-11T18:00:00+00:00,512.22,STOP_LOSS,-0.8099999999999454,0.102525,0.10000000000002274,-0.9125249999999454,-0.9101123595505144,-1.0253089887639992,4.7448692146000955,0.8899999999999864,0.005,0.0009378551438904062,,HYP-FCR-04,baseline,948.9738429200191,948.0613179200192,1.999999999998181,0.7854111111111151,0.025464371100744888,1,1,18.99999999999409,0.8899999999999864,5.0,512.33,0.10000000000002274,2,2024,10
SPY,2024-11-11,long,600.17,598.8901,2024-11-11T15:30:00+00:00,2024-11-11T15:55:00+00:00,599.68,0.10999999999989996,598.87,601.2999999999998,1,1,2024-11-11T16:00:00+00:00,599.7,2024-11-11T17:18:00+00:00,598.86,STOP_LOSS,-0.8400000000000318,0.119856,0.030000000000086402,-0.9598560000000318,-1.0370370370371462,-1.1850074074075265,4.966106880400073,0.8099999999999454,0.005,0.0008155281586838212,,HYP-FCR-04,baseline,993.2213760800146,992.2615200800145,10.999999999989996,0.4382714285714298,0.25098601649313784,5,5,1.0099999999965803,0.8099999999999454,25.0,599.1561,0.2861000000000331,6,2024,11
QQQ,2024-11-12,long,514.66,512.93,2024-11-12T20:35:00+00:00,2024-11-12T20:40:00+00:00,513.355,0.029999999999972715,512.71,514.645,1,1,2024-11-12T20:45:00+00:00,513.36,2024-11-12T20:54:00+00:00,512.69,GAP_THROUGH_STOP,-0.6699999999999591,0.10260500000000003,0.014999999999986358,-0.7726049999999591,-1.0387596899224465,-1.197837209302296,4.740306589600096,0.6449999999999818,0.005,0.0006803357418010336,,HYP-FCR-04,baseline,948.0613179200192,947.2887129200192,2.9999999999972715,0.3335714285714175,0.0899357601712274,1,1,20.99999999999227,0.6449999999999818,5.0,512.85,0.13999999999998636,2,2024,15
QQQ,2024-11-13,long,513.04,511.51,2024-11-13T16:45:00+00:00,2024-11-13T16:50:00+00:00,512.72,0.25999999999993406,511.21000000000004,515.74,1,1,2024-11-13T16:55:00+00:00,512.71,2024-11-13T20:59:00+00:00,512.26,FORCED_SESSION_CLOSE,-0.4500000000000455,0.102497,0.01999999999998181,-0.5524970000000455,-0.29801324503314447,-0.3658920529801648,4.736443564600096,1.509999999999991,0.005,0.0015940230041857177,,HYP-FCR-04,baseline,947.2887129200192,946.7362159200192,25.999999999993406,0.6545000000000007,0.3972498090144137,1,1,28.999999999996362,1.509999999999991,5.0,511.21000000000004,0.0,2,2024,11
SPY,2024-11-13,short,597.72,596.3404,2024-11-13T19:35:00+00:00,2024-11-13T19:40:00+00:00,597.07,0.09999999999990905,597.8,595.6100000000002,1,1,2024-11-13T19:45:00+00:00,597.05,2024-11-13T20:15:00+00:00,597.81,STOP_LOSS,-0.7599999999999909,0.119486,0.030000000000086402,-0.8794859999999909,-1.0410958904110827,-1.2047753424658985,4.9613076004000725,0.7299999999999045,0.005,0.0007356931466424682,,HYP-FCR-04,baseline,992.2615200800145,991.3820340800145,9.999999999990905,0.428121428571436,0.23357859085351326,1,1,6.9999999999936335,0.7299999999999045,5.0,597.93,0.12999999999999545,2,2024,14
SPY,2024-11-14,long,597.81,595.7901,2024-11-14T15:25:00+00:00,2024-11-14T15:30:00+00:00,596.41,0.30999999999994543,595.42,598.39,1,1,2024-11-14T15:35:00+00:00,596.41,2024-11-14T17:00:00+00:00,595.41,STOP_LOSS,-1.0,0.119182,0.009999999999990905,-1.119182,-1.0101010101010008,-1.130486868686858,4.956910170400072,0.9900000000000091,0.005,0.0009986059520623774,,HYP-FCR-04,baseline,991.3820340800145,990.2628520800145,30.999999999994543,0.7224076923076924,0.4291205690372249,1,1,36.01000000001022,0.9900000000000091,5.0,595.14,0.2799999999999727,2,2024,10
QQQ,2024-11-14,long,512.79,510.1397,2024-11-14T15:25:00+00:00,2024-11-14T15:40:00+00:00,511.665,0.1524000000000001,509.89,515.2150000000001,1,1,2024-11-14T15:45:00+00:00,511.62,2024-11-14T17:27:00+00:00,509.88,STOP_LOSS,-1.740000000000009,0.10215,0.05500000000000682,-1.842150000000009,-0.9802816901408313,-1.0378309859154782,4.733681079600096,1.775000000000034,0.005,0.0018748622585174107,,HYP-FCR-04,baseline,946.7362159200192,944.8940659200191,15.240000000000009,0.871549999999993,0.17486088004130723,3,3,23.970000000002756,1.775000000000034,15.0,510.89,1.0,4,2024,10
QQQ,2024-11-20,long,503.21,499.8,2024-11-20T16:40:00+00:00,2024-11-20T16:45:00+00:00,501.24,0.5507000000000062,499.49,504.74,1,1,2024-11-20T16:50:00+00:00,501.21999999999997,2024-11-20T17:20:00+00:00,499.48,STOP_LOSS,-1.7399999999999523,0.10007,0.03000000000002956,-1.8400699999999524,-0.994285714285687,-1.051468571428544,4.724470329600096,1.75,0.005,0.0018520594668949158,,HYP-FCR-04,baseline,944.8940659200191,943.0539959200191,55.07000000000062,0.7578785714285671,0.7266335541879241,1,1,30.000000000001137,1.75,5.0,498.7299,0.7601000000000226,2,2024,11
SPY,2024-11-20,long,590.53,587.4,2024-11-20T16:45:00+00:00,2024-11-20T16:50:00+00:00,588.5,0.5177999999999656,587.2,591.0999999999999,1,1,2024-11-20T16:55:00+00:00,588.5268,2024-11-20T17:14:00+00:00,587.19,STOP_LOSS,-1.3367999999999256,0.11757168000000003,0.03679999999997108,-1.4543716799999256,-1.028307692307671,-1.118747446153828,4.951314260400072,1.2999999999999545,0.005,0.0013127827599201034,,HYP-FCR-04,baseline,990.2628520800145,988.8084804000146,51.77999999999656,0.6611285714285974,0.7832062058384185,1,1,18.99999999999409,1.2999999999999545,5.0,586.45,0.75,2,2024,11
QQQ,2024-11-21,long,506.96,500.31,2024-11-21T15:10:00+00:00,2024-11-21T15:15:00+00:00,501.685,1.160000000000025,499.4701,506.1148,1,1,2024-11-21T15:20:00+00:00,501.68,2024-11-21T15:24:00+00:00,499.4601,STOP_LOSS,-2.2198999999999955,0.10011401000000002,0.014999999999986358,-2.3200140099999955,-1.0022574382590617,-1.047457677547517,4.715269979600095,2.2149,0.005,0.002348646004982144,,HYP-FCR-04,baseline,943.0539959200191,940.7339819100191,116.0000000000025,2.1193099999999845,0.5473479575899861,1,1,82.99000000000092,2.2149,5.0,499.89,0.4198999999999842,2,2024,10
SPY,2024-11-21,long,593.57,588.56,2024-11-21T15:05:00+00:00,2024-11-21T15:15:00+00:00,590.53,0.9114000000000715,588.4,594.79,1,1,2024-11-21T15:20:00+00:00,590.52,2024-11-21T15:27:00+00:00,588.39,STOP_LOSS,-2.1299999999999955,0.117891,0.01999999999998181,-2.2478909999999956,-1.0,-1.055347887323944,4.944042402000073,2.1299999999999955,0.005,0.0021541077389812847,,HYP-FCR-04,baseline,988.8084804000146,986.5605894000146,91.14000000000715,1.6293600000000084,0.5593607305936483,2,2,14.999999999997726,2.1299999999999955,10.0,589.05,0.6499999999999773,3,2024,10
QQQ,2024-11-22,long,506.36,504.05,2024-11-22T15:35:00+00:00,2024-11-22T15:40:00+00:00,505.66,0.8600000000000136,503.3301,510.31980000000004,1,1,2024-11-22T15:45:00+00:00,505.635,2024-11-22T16:21:00+00:00,503.3201,STOP_LOSS,-2.314899999999966,0.10089551000000001,0.03500000000002501,-2.415795509999966,-0.9935619554487132,-1.0368666080089086,4.703669909550095,2.329900000000009,0.005,0.0024766831482684374,,HYP-FCR-04,baseline,940.7339819100191,938.3181864000192,86.00000000000136,1.1606071428571414,0.7409914761362714,1,1,70.99000000000046,2.329900000000009,5.0,503.25,0.08010000000001583,2,2024,10
SPY,2024-11-22,long,596.131,593.57,2024-11-22T15:25:00+00:00,2024-11-22T15:40:00+00:00,595.52,0.4399999999999409,593.1425,600.2749999999999,1,1,2024-11-22T15:45:00+00:00,595.49,2024-11-22T20:59:00+00:00,595.47,FORCED_SESSION_CLOSE,-0.01999999999998181,0.11909600000000001,0.03999999999996362,-0.13909599999998182,-0.008412197686638194,-0.05850515247107688,4.932802947000073,2.377499999999941,0.005,0.002409887467171011,,HYP-FCR-04,baseline,986.5605894000146,986.4214934000146,43.99999999999409,0.9800928571428601,0.4489370540691592,3,3,41.75000000000182,2.377499999999941,15.0,593.77,0.6274999999999409,4,2024,10
QQQ,2024-11-25,long,511.4525,507.58,2024-11-25T16:15:00+00:00,2024-11-25T16:20:00+00:00,508.01,0.1301000000000272,507.34000000000003,509.3499999999999,1,1,2024-11-25T16:25:00+00:00,508.01,2024-11-25T16:36:00+00:00,507.33000000000004,STOP_LOSS,-0.67999999999995,0.10153400000000001,0.009999999999990905,-0.78153399999995,-1.0149253731343157,-1.1664686567164144,4.6915909320000955,0.6699999999999591,0.005,0.0007140434979423152,,HYP-FCR-04,baseline,938.3181864000192,937.5366524000192,13.01000000000272,0.7866571428571376,0.16538335815207142,1,1,22.999999999996135,0.6699999999999591,5.0,507.23,0.11000000000001364,2,2024,11
SPY,2024-11-26,long,599.61,598.5,2024-11-26T15:35:00+00:00,2024-11-26T15:45:00+00:00,599.035,0.021399999999971442,598.21,600.6849999999998,1,1,2024-11-26T15:50:00+00:00,599.045,2024-11-26T20:44:00+00:00,600.6749999999998,TAKE_PROFIT,1.6299999999998818,0.11997199999999998,0.01999999999998181,1.5100279999998818,1.9757575757575958,1.8303369696969778,4.932107467000073,0.8249999999999318,0.005,0.0008363564718732026,,HYP-FCR-04,baseline,986.4214934000146,987.9315214000145,2.139999999997144,0.6602785714285672,0.03241056264126636,2,2,27.99999999999727,0.8249999999999318,10.0,598.3681,0.15809999999999036,3,2024,10
QQQ,2024-11-26,long,510.14,508.08,2024-11-26T17:30:00+00:00,2024-11-26T17:35:00+00:00,508.5399,0.1199999999999477,508.06,509.49969999999996,1,1,2024-11-26T17:40:00+00:00,508.53999999999996,2024-11-26T19:17:00+00:00,508.05,STOP_LOSS,-0.48999999999995225,0.101659,0.010099999999965803,-0.5916589999999522,-1.0210460512606085,-1.2328797666179807,4.687683262000096,0.47989999999998645,0.005,0.000511873321188543,,HYP-FCR-04,baseline,937.5366524000192,936.9449934000193,11.99999999999477,0.45686428571428905,0.26266005847301566,1,1,0.9999999999990905,0.47989999999998645,5.0,507.83,0.2300000000000182,2,2024,12
SPY,2024-12-02,long,603.6799,602.47,2024-12-02T15:55:00+00:00,2024-12-02T16:10:00+00:00,603.2099,0.2705000000000837,602.46,604.7096999999998,1,1,2024-12-02T16:15:00+00:00,603.22,2024-12-02T20:59:00+00:00,603.64,FORCED_SESSION_CLOSE,0.4199999999999591,0.12068600000000002,0.020100000000070395,0.29931399999995906,0.5600746766235614,0.39913855180690017,4.939657607000073,0.7498999999999114,0.005,0.0007590607079094059,,HYP-FCR-04,baseline,987.9315214000145,988.2308354000145,27.050000000008367,0.39386428571429277,0.6867847880889182,3,3,0.0,0.7498999999999114,15.0,602.551,0.09100000000000819,4,2024,11
QQQ,2024-12-03,short,515.19,513.37,2024-12-03T15:15:00+00:00,2024-12-03T15:25:00+00:00,514.42,0.18999999999994088,515.49,512.2799999999999,1,1,2024-12-03T15:30:00+00:00,514.39,2024-12-03T16:01:00+00:00,515.5,STOP_LOSS,-1.1100000000000136,0.102989,0.03999999999996362,-1.2129890000000136,-1.0373831775700577,-1.133634579439212,4.684724967000096,1.07000000000005,0.005,0.0011420094109443886,,HYP-FCR-04,baseline,936.9449934000193,935.7320044000193,18.99999999999409,0.6382583333333306,0.2976851066051234,2,2,28.999999999996362,1.07000000000005,10.0,515.33,0.15999999999996817,3,2024,10
SPY,2024-12-03,long,603.72,602.77,2024-12-03T15:55:00+00:00,2024-12-03T16:00:00+00:00,603.0802,0.08510000000001128,602.44,604.3605999999999,1,1,2024-12-03T16:05:00+00:00,603.0801,2024-12-03T16:44:00+00:00,602.4300000000001,STOP_LOSS,-0.6500999999999522,0.12055101,0.010099999999965803,-0.7706510099999522,-1.0154639175257998,-1.2037660262418448,4.941154177000072,0.6401999999999362,0.005,0.0006478243514237208,,HYP-FCR-04,baseline,988.2308354000145,987.4601843900145,8.510000000001128,0.3742714285714247,0.22737509065234746,1,1,31.999999999993634,0.6401999999999362,5.0,602.5701,0.13009999999997035,2,2024,11
SPY,2024-12-04,long,606.21,605.51,2024-12-04T15:25:00+00:00,2024-12-04T15:35:00+00:00,606.04,0.1993000000001075,605.5,607.1199999999999,1,1,2024-12-04T15:40:00+00:00,606.05,2024-12-04T18:30:00+00:00,605.49,STOP_LOSS,-0.5599999999999454,0.121154,0.01999999999998181,-0.6811539999999454,-1.037037037037006,-1.2613962962962801,4.937300921950073,0.5399999999999636,0.005,0.0005468574921160378,,HYP-FCR-04,baseline,987.4601843900145,986.7790303900146,19.93000000001075,0.39467857142856083,0.5049678762105837,2,2,0.0,0.5399999999999636,10.0,605.5,0.0,3,2024,10
SPY,2024-12-05,short,607.85,607.37,2024-12-05T15:10:00+00:00,2024-12-05T15:15:00+00:00,607.635,0.014999999999986358,607.93,607.0450000000001,1,1,2024-12-05T15:20:00+00:00,607.64,2024-12-05T15:30:00+00:00,607.0550000000001,TAKE_PROFIT,0.5849999999999227,0.12146950000000002,0.014999999999986358,0.4635304999999227,1.9830508474576403,1.5712898305084304,4.933895151950073,0.2949999999999591,0.005,0.00029895244113908995,,HYP-FCR-04,baseline,986.7790303900146,987.2425608900145,1.4999999999986358,0.322059999999999,0.046575172328095396,1,1,6.9999999999936335,0.2949999999999591,5.0,608.1,0.17000000000007276,2,2024,10
QQQ,2024-12-05,long,523.65,522.36,2024-12-05T15:50:00+00:00,2024-12-05T16:20:00+00:00,523.2601,0.27510000000006585,522.1238,525.5327,1,1,2024-12-05T16:25:00+00:00,523.27,2024-12-05T18:24:00+00:00,522.1138,STOP_LOSS,-1.1562000000000126,0.10453838000000001,0.019900000000006912,-1.2607383800000125,-1.0175129807269268,-1.1095119070668011,4.678660022000097,1.1363000000000056,0.005,0.0012143434174067694,,HYP-FCR-04,baseline,935.7320044000193,934.4712660200192,27.510000000006585,0.42854285714284807,0.6419427961865797,6,6,22.620000000006257,1.1363000000000056,30.0,522.55,0.42619999999999436,7,2024,11
QQQ,2024-12-06,short,525.4,522.35,2024-12-06T16:05:00+00:00,2024-12-06T16:10:00+00:00,524.95,0.019000000000005457,525.89,523.0700000000002,1,1,2024-12-06T16:15:00+00:00,524.9,2024-12-06T16:36:00+00:00,525.9,STOP_LOSS,-1.0,0.10508,0.06000000000005912,-1.10508,-1.0638297872341094,-1.1756170212766697,4.672356330100096,0.9399999999999409,0.005,0.0010059164301578463,,HYP-FCR-04,baseline,934.4712660200192,933.3661860200192,1.9000000000005457,0.5594142857142889,0.033964095099475844,1,1,48.00000000000182,0.9399999999999409,5.0,525.6364,0.2536000000000058,2,2024,11
SPY,2024-12-06,short,609.04,607.34,2024-12-06T15:10:00+00:00,2024-12-06T16:10:00+00:00,607.88,0.13999999999998636,609.0699,605.5002000000001,1,1,2024-12-06T16:15:00+00:00,607.8425,2024-12-06T20:59:00+00:00,607.89,FORCED_SESSION_CLOSE,-0.04750000000001364,0.12157325000000001,0.04750000000001364,-0.16907325000001366,-0.03991932095135305,-0.14209030170604126,4.936212804450072,1.189899999999966,0.005,0.001205276238219767,,HYP-FCR-04,baseline,987.2425608900145,987.0734876400145,13.999999999998636,0.41503571428571767,0.33732036829873385,12,12,1.9900000000006912,1.189899999999966,60.0,608.72,0.34989999999993415,13,2024,11
QQQ,2024-12-10,short,524.95,522.8,2024-12-10T15:20:00+00:00,2024-12-10T15:25:00+00:00,524.3,0.2237999999999829,525.25,522.3999999999999,1,1,2024-12-10T15:30:00+00:00,524.28,2024-12-10T16:08:00+00:00,522.4099999999999,TAKE_PROFIT,1.8700000000001182,0.10466899999999998,0.029999999999972715,1.7653310000001183,1.9684210526316093,1.8582431578947725,4.6668309301000965,0.9500000000000455,0.005,0.0010178213162520433,,HYP-FCR-04,baseline,933.3661860200192,935.1315170200194,22.37999999999829,0.7219166666666771,0.31000808034165483,1,1,28.999999999996362,0.9500000000000455,5.0,525.25,0.0,2,2024,10
SPY,2024-12-10,short,605.4,604.2737,2024-12-10T15:50:00+00:00,2024-12-10T15:55:00+00:00,605.0083,0.06009999999992033,605.58,603.8648999999998,1,1,2024-12-10T16:00:00+00:00,604.99,2024-12-10T19:01:00+00:00,603.8748999999998,TAKE_PROFIT,1.1151000000002114,0.12088648999999999,0.028299999999944703,0.9942135100002114,1.9504985132063306,1.7390475948925586,4.935367438200073,0.571700000000078,0.005,0.000579186866184554,,HYP-FCR-04,baseline,987.0734876400145,988.0677011500147,6.009999999992033,0.4034357142857305,0.1489704502397002,1,1,17.000000000007276,0.571700000000078,5.0,605.5649999999999,0.015000000000100044,2,2024,11
QQQ,2024-12-12,long,527.75,526.7611,2024-12-12T15:15:00+00:00,2024-12-12T15:20:00+00:00,527.7,0.313199999999938,526.0737,530.9526000000001,1,1,2024-12-12T15:25:00+00:00,527.7401,2024-12-12T20:59:00+00:00,526.49,FORCED_SESSION_CLOSE,-1.250099999999975,0.10542301,0.05009999999992942,-1.3555230099999749,-0.7686773657996455,-0.8335012051896714,4.6756575851000965,1.6263000000000147,0.005,0.0017391136651906886,,HYP-FCR-04,baseline,935.1315170200194,933.7759940100194,31.319999999993797,0.8026090909090933,0.3902273267864247,1,1,67.74000000000342,1.6263000000000147,5.0,526.54,0.4662999999999329,2,2024,10
SPY,2024-12-12,long,606.64,605.72,2024-12-12T15:20:00+00:00,2024-12-12T15:25:00+00:00,606.5626,0.15999999999996817,605.7,608.2877999999998,1,1,2024-12-12T15:30:00+00:00,606.5699999999999,2024-12-12T19:00:00+00:00,605.69,STOP_LOSS,-0.8799999999998818,0.121226,0.017399999999952342,-1.0012259999998818,-1.0201715743101714,-1.1607071643866957,4.9403385057500735,0.8625999999999294,0.005,0.000873017100949608,,HYP-FCR-04,baseline,988.0677011500147,987.0664751500149,15.999999999996817,0.5359083333333293,0.29855852213525824,1,1,0.9999999999990905,0.8625999999999294,5.0,605.44,0.2599999999999909,2,2024,10
QQQ,2024-12-13,long,533.1661,530.29,2024-12-13T19:20:00+00:00,2024-12-13T19:25:00+00:00,530.675,0.1999999999999318,530.04,531.9449999999999,1,1,2024-12-13T19:30:00+00:00,530.7198999999999,2024-12-13T20:21:00+00:00,530.03,STOP_LOSS,-0.689899999999966,0.10607498999999998,0.05489999999997508,-0.795974989999966,-1.086456692913348,-1.253503921259807,4.668879970050098,0.6349999999999909,0.005,0.0006800346165176499,,HYP-FCR-04,baseline,933.7759940100194,932.9800190200194,19.99999999999318,0.41250714285713946,0.4848400893489408,1,1,24.00000000000091,0.6349999999999909,5.0,529.86,0.17999999999994998,2,2024,14
SPY,2024-12-16,short,606.4,605.5801,2024-12-16T15:10:00+00:00,2024-12-16T15:15:00+00:00,605.765,0.15499999999997272,606.5,604.295,1,1,2024-12-16T15:20:00+00:00,605.755,2024-12-16T15:30:00+00:00,606.51,STOP_LOSS,-0.7549999999999955,0.12122649999999999,0.01999999999998181,-0.8762264999999955,-1.0272108843537162,-1.1921448979591553,4.935332375750074,0.7350000000000136,0.005,0.0007446306996581035,,HYP-FCR-04,baseline,987.0664751500149,986.1902486500148,15.499999999997272,0.48385999999998147,0.320340594386762,1,1,9.000000000003183,0.7350000000000136,5.0,606.67,0.16999999999995907,2,2024,10
QQQ,2024-12-17,long,537.09,535.04,2024-12-17T16:05:00+00:00,2024-12-17T16:10:00+00:00,536.74,0.35039999999992233,535.03,540.1600000000001,1,1,2024-12-17T16:15:00+00:00,536.75,2024-12-17T19:23:00+00:00,535.02,STOP_LOSS,-1.7300000000000182,0.10717700000000001,0.01999999999998181,-1.8371770000000183,-1.0116959064327375,-1.0743725146198708,4.664900095100097,1.7100000000000364,0.005,0.0018328366793923204,,HYP-FCR-04,baseline,932.9800190200194,931.1428420200194,35.03999999999223,0.7272000000000064,0.48184818481837083,1,1,0.0,1.7100000000000364,5.0,535.58,0.5500000000000682,2,2024,11
SPY,2024-12-17,short,604.86,603.6004,2024-12-17T16:15:00+00:00,2024-12-17T16:20:00+00:00,604.35,0.2599999999999909,605.03,602.9900000000001,1,1,2024-12-17T16:25:00+00:00,604.335,2024-12-17T16:36:00+00:00,605.04,STOP_LOSS,-0.7049999999999272,0.1209375,0.024999999999977263,-0.8259374999999273,-1.0367647058823222,-1.2146139705882177,4.930951243250075,0.67999999999995,0.005,0.0006895221291538774,,HYP-FCR-04,baseline,986.1902486500148,985.3643111500149,25.99999999999909,0.42822142857145146,0.6071625160547244,1,1,15.999999999996817,0.67999999999995,5.0,605.04,0.009999999999990905,2,2024,11
QQQ,2024-12-18,short,535.67,533.46,2024-12-18T16:10:00+00:00,2024-12-18T16:15:00+00:00,534.852,0.5499999999999545,536.33,531.8959999999998,1,1,2024-12-18T16:20:00+00:00,534.84,2024-12-18T19:07:00+00:00,531.9059999999998,TAKE_PROFIT,2.9340000000001965,0.1066746,0.021999999999934516,2.8273254000001966,1.9851150202977446,1.9129400541272472,4.655714210100097,1.4780000000000655,0.005,0.0015872967425638962,,HYP-FCR-04,baseline,931.1428420200194,933.9701674200196,54.99999999999545,0.5578214285714337,0.9859786157883722,1,1,65.0000000000091,1.4780000000000655,5.0,536.4399999999999,0.10999999999989996,2,2024,11
QQQ,2024-12-19,long,521.7599,518.28,2024-12-19T15:10:00+00:00,2024-12-19T15:15:00+00:00,519.78,0.7699999999999818,517.88,523.5799999999999,1,1,2024-12-19T15:20:00+00:00,519.73,2024-12-19T15:23:00+00:00,517.87,STOP_LOSS,-1.8600000000000136,0.10375999999999999,0.05999999999994543,-1.9637600000000137,-0.9789473684210716,-1.0335578947368618,4.669850837100098,1.8999999999999773,0.005,0.0020343262196998208,,HYP-FCR-04,baseline,933.9701674200196,932.0064074200196,76.99999999999818,1.6558100000000309,0.4650292002101494,1,1,38.999999999998636,1.8999999999999773,5.0,518.13,0.25,2,2024,10
SPY,2024-12-19,long,593.0,589.81,2024-12-19T15:10:00+00:00,2024-12-19T15:15:00+00:00,590.45,0.41000000000008185,589.23,592.8900000000001,1,1,2024-12-19T15:20:00+00:00,590.41,2024-12-19T15:22:00+00:00,589.22,STOP_LOSS,-1.1899999999999409,0.11796300000000001,0.05000000000006821,-1.307962999999941,-0.9754098360655035,-1.0721008196720587,4.926821555750075,1.2200000000000273,0.005,0.0012381207500565654,,HYP-FCR-04,baseline,985.3643111500149,984.056348150015,41.000000000008185,1.407979999999975,0.29119731814378697,1,1,56.99999999999363,1.2200000000000273,5.0,589.41,0.17999999999994998,2,2024,10
QQQ,2024-12-23,long,520.83,517.95,2024-12-23T15:55:00+00:00,2024-12-23T16:05:00+00:00,519.48,0.12999999999999545,517.59,523.26,1,1,2024-12-23T16:10:00+00:00,519.48,2024-12-23T20:59:00+00:00,522.91,FORCED_SESSION_CLOSE,3.42999999999995,0.104239,0.009999999999990905,3.32576099999995,1.8148148148148016,1.7596619047618909,4.660032037100098,1.8899999999999864,0.005,0.0020278830541861667,,HYP-FCR-04,baseline,932.0064074200196,935.3321684200196,12.999999999999545,1.1567785714286012,0.11238105823437561,2,2,35.000000000002274,1.8899999999999864,10.0,517.85,0.2599999999999909,3,2024,11
SPY,2024-12-23,long,591.77,589.18,2024-12-23T16:00:00+00:00,2024-12-23T16:05:00+00:00,590.09,0.04000000000007731,588.95,592.37,1,1,2024-12-23T16:10:00+00:00,590.09,2024-12-23T16:58:00+00:00,592.36,TAKE_PROFIT,2.269999999999982,0.11824500000000002,0.009999999999990905,2.151754999999982,1.9912280701754466,1.887504385964919,4.920281740750075,1.1399999999999864,0.005,0.001158470246285326,,HYP-FCR-04,baseline,984.056348150015,986.208103150015,4.000000000007731,1.0620571428571322,0.03766275691387926,1,1,21.99999999999136,1.1399999999999864,5.0,589.02,0.06999999999993634,2,2024,11
QQQ,2024-12-26,short,529.54,526.31,2024-12-26T16:20:00+00:00,2024-12-26T16:25:00+00:00,529.28,0.365099999999984,529.92,528.0,1,1,2024-12-26T16:30:00+00:00,529.27,2024-12-26T16:40:00+00:00,529.93,STOP_LOSS,-0.6599999999999682,0.10591999999999999,0.01999999999998181,-0.7659199999999682,-1.0312499999999722,-1.1967499999999758,4.676660842100098,0.6399999999999864,0.005,0.0006842488921140029,,HYP-FCR-04,baseline,935.3321684200196,934.5662484200196,36.5099999999984,0.5440071428571319,0.6711308937645092,1,1,37.000000000000455,0.6399999999999864,5.0,529.84,0.07999999999992724,2,2024,11
QQQ,2024-12-30,long,515.71,512.54,2024-12-30T15:35:00+00:00,2024-12-30T15:40:00+00:00,514.6601,0.7400000000000091,512.49,519.0003000000002,1,1,2024-12-30T15:45:00+00:00,514.71,2024-12-30T17:47:00+00:00,518.9903000000002,TAKE_PROFIT,4.280300000000125,0.10337003000000003,0.05989999999997053,4.176929970000125,1.972397585364744,1.9247638219437047,4.672831242100099,2.1701000000000477,0.005,0.0023220397737119492,,HYP-FCR-04,baseline,934.5662484200196,938.7431783900198,74.00000000000091,1.3196357142857056,0.5607608160260784,1,1,3.999999999996362,2.1701000000000477,5.0,512.48,0.009999999999990905,2,2024,10
SPY,2024-12-30,long,588.01,585.19,2024-12-30T15:35:00+00:00,2024-12-30T15:40:00+00:00,586.658,0.4699999999999136,584.8100000000001,590.3539999999999,1,1,2024-12-30T15:45:00+00:00,586.65,2024-12-30T17:23:00+00:00,590.3439999999999,TAKE_PROFIT,3.69399999999996,0.1176994,0.018000000000029104,3.57630059999996,1.9989177489177745,1.9352275974026216,4.931040515750075,1.8479999999999563,0.005,0.0018738438612472563,,HYP-FCR-04,baseline,986.208103150015,989.7844037500149,46.99999999999136,1.0349928571428595,0.4541094141435604,1,1,37.000000000000455,1.8479999999999563,5.0,584.75,0.06000000000005912,2,2024,10
SPY,2024-12-31,short,590.58,588.5559,2024-12-31T15:00:00+00:00,2024-12-31T15:10:00+00:00,589.13,0.41030000000000655,590.6499,586.0902,1,1,2024-12-31T15:15:00+00:00,589.11,2024-12-31T17:27:00+00:00,586.1002,TAKE_PROFIT,3.009800000000041,0.11752102,0.029999999999972715,2.8922789800000412,1.980261859332869,1.9029403118626411,4.948922018750075,1.519900000000007,0.005,0.0015355869361464304,,HYP-FCR-04,baseline,989.7844037500149,992.6766827300149,41.030000000000655,1.12646666666669,0.3642362549564994,2,2,5.989999999997053,1.519900000000007,10.0,590.02,0.6299000000000206,3,2024,10
QQQ,2024-12-31,long,517.66,514.8,2024-12-31T15:15:00+00:00,2024-12-31T15:20:00+00:00,516.45,0.40999999999996817,514.78,519.7900000000002,1,1,2024-12-31T15:25:00+00:00,516.4628,2024-12-31T15:49:00+00:00,514.77,STOP_LOSS,-1.6928000000000338,0.10312328000000001,0.022799999999961074,-1.7959232800000338,-1.0136526946107545,-1.07540316167662,4.693715891950099,1.6700000000000728,0.005,0.0017789743120841487,,HYP-FCR-04,baseline,938.7431783900198,936.9472551100198,40.99999999999682,1.3481909090909001,0.3041112332350881,1,1,0.9999999999990905,1.6700000000000728,5.0,514.3,0.4800000000000182,2,2024,10
