symbol,session_date,direction,opening_high,opening_low,last_sweep_time,signal_time,signal_close,fvg_size,stop,target,intended_quantity,actual_quantity,entry_time,entry_price,exit_time,exit_price,exit_reason,gross_pnl,commission,slippage_cost,net_pnl,intended_R,realized_R,intended_risk,realized_risk,risk_percent_intended,risk_percent_realized,quantity_rejection_reason,hypothesis_id,scenario,equity_before,equity_after,fvg_size_ticks,atr_14,fvg_size_normalized_by_atr,bars_since_last_sweep,confirmation_offset_bars,sweep_depth_ticks,stop_distance,minutes_between_last_touch_and_confirmation,original_body_stop,structural_stop_distance_from_original,structural_segment_bars,year,entry_hour
QQQ,2022-01-05,short,395.37,392.36,2022-01-05T15:00:00+00:00,2022-01-05T15:15:00+00:00,394.04,0.009999999999990905,395.9,390.3200000000001,2,2,2022-01-05T15:20:00+00:00,394.02000000000004,2022-01-05T19:05:00+00:00,390.3400000000001,TAKE_PROFIT,7.3599999999999,0.3137440000000001,0.07999999999992724,7.0462559999999,1.978494623655933,1.8941548387096945,5.0,3.7199999999999136,0.005,0.0037199999999999135,,HYP-FCR-04,stress,1000.0,1007.0462559999999,0.9999999999990905,1.275169999999997,0.007842091642675823,3,3,51.99999999999818,1.8599999999999568,15.0,394.86,1.0399999999999636,4,2022,10
SPY,2022-01-05,short,477.66,476.13,2022-01-05T15:30:00+00:00,2022-01-05T15:35:00+00:00,477.16,0.08999999999997499,477.74,476.00000000000006,2,2,2022-01-05T15:40:00+00:00,477.14000000000004,2022-01-05T17:49:00+00:00,476.02000000000004,TAKE_PROFIT,2.240000000000009,0.38126400000000005,0.07999999999992724,1.858736000000009,1.9310344827586816,1.602358620689707,5.0,1.1599999999999682,0.005,0.0011599999999999681,,HYP-FCR-04,stress,1000.0,1001.858736,8.999999999997499,0.6519857142857249,0.13803983435215816,1,1,6.999999999999318,0.5799999999999841,5.0,477.75,0.009999999999990905,2,2022,10
QQQ,2022-01-06,long,386.26,381.94,2022-01-06T15:20:00+00:00,2022-01-06T15:30:00+00:00,385.31,0.4000000000000341,381.78000000000003,392.36999999999995,1,1,2022-01-06T15:35:00+00:00,385.32,2022-01-06T20:59:00+00:00,384.01,FORCED_SESSION_CLOSE,-1.3100000000000023,0.153866,0.029999999999972715,-1.4638660000000023,-0.37110481586402616,-0.4146929178470294,5.03523128,3.5299999999999727,0.005,0.0035053007535335826,,HYP-FCR-04,stress,1007.0462559999999,1005.5823899999998,40.00000000000341,1.801538461538467,0.22203245089668777,2,2,14.999999999997726,3.5299999999999727,10.0,382.18,0.39999999999997726,3,2022,10
SPY,2022-01-06,long,470.395,466.81,2022-01-06T15:20:00+00:00,2022-01-06T15:30:00+00:00,468.785,0.11459999999999582,466.35,473.65500000000003,2,2,2022-01-06T15:35:00+00:00,468.81,2022-01-06T20:59:00+00:00,467.91,FORCED_SESSION_CLOSE,-1.7999999999999545,0.374688,0.08999999999991815,-2.1746879999999544,-0.369609856262824,-0.44654784394249536,5.00929368,4.8700000000000045,0.005,0.004860964749824774,,HYP-FCR-04,stress,1001.858736,999.6840480000001,11.459999999999582,1.2711846153846147,0.09015212944920828,2,2,44.99999999999886,2.4350000000000023,10.0,466.44,0.08999999999997499,3,2022,10
QQQ,2022-01-07,long,385.76,381.1,2022-01-07T16:45:00+00:00,2022-01-07T16:50:00+00:00,381.96,0.3199999999999932,380.14,385.59999999999997,2,2,2022-01-07T16:55:00+00:00,381.97999999999996,2022-01-07T17:37:00+00:00,380.12,STOP_LOSS,-3.7199999999999136,0.30484,0.07999999999992724,-4.024839999999914,-1.0219780219780021,-1.1057252747252553,5.027911949999999,3.6399999999999864,0.005,0.003619792904289013,,HYP-FCR-04,stress,1005.5823899999998,1001.5575499999999,31.999999999999318,1.0049928571428464,0.31841022324252144,1,1,95.00000000000455,1.8199999999999932,5.0,380.26,0.12000000000000455,2,2022,11
SPY,2022-01-07,long,469.2,466.73,2022-01-07T16:45:00+00:00,2022-01-07T16:50:00+00:00,468.025,0.5683999999999969,466.46000000000004,471.15499999999986,2,2,2022-01-07T16:55:00+00:00,468.03999999999996,2022-01-07T19:23:00+00:00,466.44000000000005,STOP_LOSS,-3.199999999999818,0.373792,0.06999999999993634,-3.573791999999818,-1.0223642172523766,-1.1417865814696335,4.998420240000001,3.1299999999998818,0.005,0.003130989242312969,,HYP-FCR-04,stress,999.6840480000001,996.1102560000003,56.83999999999969,0.7352928571428582,0.7730253251862664,1,1,25.99999999999909,1.5649999999999409,5.0,466.42,0.040000000000020464,2,2022,11
QQQ,2022-01-10,long,375.71,371.47,2022-01-10T16:10:00+00:00,2022-01-10T16:15:00+00:00,372.62,0.21299999999996544,370.98,375.9,2,2,2022-01-10T16:20:00+00:00,372.59999999999997,2022-01-10T17:19:00+00:00,370.96000000000004,STOP_LOSS,-3.279999999999859,0.29742399999999997,0.08000000000004093,-3.577423999999859,-0.9999999999999654,-1.090678048780454,5.007787749999999,3.2799999999999727,0.005,0.003274899180780948,,HYP-FCR-04,stress,1001.5575499999999,997.980126,21.299999999996544,0.9975857142857153,0.21351548739095194,1,1,48.00000000000182,1.6399999999999864,5.0,370.61,0.37000000000000455,2,2022,11
SPY,2022-01-10,long,463.02,459.01,2022-01-10T16:15:00+00:00,2022-01-10T16:20:00+00:00,459.8,0.060000000000002274,458.54,462.32,2,2,2022-01-10T16:25:00+00:00,459.82,2022-01-10T16:41:00+00:00,458.52000000000004,STOP_LOSS,-2.599999999999909,0.36733600000000005,0.07999999999992724,-2.967335999999909,-1.0317460317460032,-1.177514285714258,4.980551280000001,2.519999999999982,0.005,0.00252984043163991,,HYP-FCR-04,stress,996.1102560000003,993.1429200000003,6.000000000000227,0.8690071428571409,0.06904431165287428,1,1,45.999999999997954,1.259999999999991,5.0,458.44,0.10000000000002274,2,2022,11
QQQ,2022-01-11,short,380.0598,377.2182,2022-01-11T15:30:00+00:00,2022-01-11T15:35:00+00:00,379.26,0.29000000000002046,381.43,374.91999999999996,2,2,2022-01-11T15:40:00+00:00,379.25,2022-01-11T16:06:00+00:00,381.45,STOP_LOSS,-4.399999999999977,0.30428000000000005,0.05999999999994543,-4.704279999999978,-1.0138248847926141,-1.0839354838709547,4.98990063,4.340000000000032,0.005,0.004348783995724612,,HYP-FCR-04,stress,997.980126,993.2758460000001,29.000000000002046,1.4701142857142844,0.19726357523226037,1,1,136.02000000000203,2.170000000000016,5.0,380.39,1.0400000000000205,2,2022,10
SPY,2022-01-12,short,472.68,470.89,2022-01-12T15:25:00+00:00,2022-01-12T15:30:00+00:00,471.89,0.040000000000020464,472.73,470.2099999999999,2,2,2022-01-12T15:35:00+00:00,471.88,2022-01-12T15:42:00+00:00,470.2299999999999,TAKE_PROFIT,3.300000000000182,0.37684399999999996,0.05999999999994543,2.9231560000001817,1.9642857142857482,1.7399738095238517,4.965714600000002,1.6800000000000637,0.005,0.001691599432637614,,HYP-FCR-04,stress,993.1429200000003,996.0660760000005,4.000000000002046,0.8139923076923048,0.04914051351839158,1,1,4.000000000002046,0.8400000000000318,5.0,472.9,0.16999999999995907,2,2022,10
QQQ,2022-01-12,short,389.75,387.14,2022-01-12T15:25:00+00:00,2022-01-12T15:35:00+00:00,387.18,0.6100000000000136,389.99,381.56,1,1,2022-01-12T15:40:00+00:00,387.17,2022-01-12T20:59:00+00:00,387.44,FORCED_SESSION_CLOSE,-0.2699999999999818,0.154922,0.029999999999972715,-0.4249219999999818,-0.09608540925266248,-0.15121779359429946,4.96637923,2.8100000000000023,0.005,0.0028290227848750105,,HYP-FCR-04,stress,993.2758460000001,992.8509240000001,61.000000000001364,1.1885714285714317,0.513221153846164,2,2,23.00000000000182,2.8100000000000023,10.0,389.59,0.4000000000000341,3,2022,10
QQQ,2022-01-14,short,380.08,374.86,2022-01-14T15:15:00+00:00,2022-01-14T15:30:00+00:00,378.02,0.22999999999996135,380.21999999999997,373.62,2,2,2022-01-14T15:35:00+00:00,377.98,2022-01-14T20:39:00+00:00,380.23999999999995,STOP_LOSS,-4.519999999999868,0.303288,0.11999999999989086,-4.823287999999868,-1.0272727272727027,-1.0962018181817939,4.96425462,4.399999999999977,0.005,0.004431682434532313,,HYP-FCR-04,stress,992.8509240000001,988.0276360000003,22.999999999996135,1.5346153846153838,0.14987468671676688,3,3,12.999999999999545,2.1999999999999886,15.0,379.99,0.22999999999996135,4,2022,10
SPY,2022-01-14,short,464.5,460.73,2022-01-14T15:20:00+00:00,2022-01-14T16:10:00+00:00,461.23,0.1500000000000341,464.8,454.09000000000003,1,1,2022-01-14T16:15:00+00:00,461.19,2022-01-14T20:45:00+00:00,464.82,STOP_LOSS,-3.6299999999999955,0.185202,0.060000000000002274,-3.8152019999999953,-1.0168067226890762,-1.0686840336134462,4.9803303800000025,3.569999999999993,0.005,0.0035840995753378025,,HYP-FCR-04,stress,996.0660760000005,992.2508740000005,15.00000000000341,1.0470500000000007,0.14325963421043314,10,10,29.000000000002046,3.569999999999993,50.0,462.62,2.180000000000007,11,2022,11
QQQ,2022-01-18,short,374.78,372.31,2022-01-18T15:45:00+00:00,2022-01-18T15:55:00+00:00,373.31,0.15999999999996817,375.05,369.83,2,2,2022-01-18T16:00:00+00:00,373.3,2022-01-18T20:55:00+00:00,369.84999999999997,TAKE_PROFIT,6.900000000000091,0.29726,0.05999999999994543,6.602740000000091,1.982758620689671,1.8973390804597865,4.940138180000002,3.480000000000018,0.005,0.0035221686855731,,HYP-FCR-04,stress,988.0276360000003,994.6303760000003,15.999999999996817,1.1217857142857253,0.14262973575291515,2,2,26.000000000004775,1.740000000000009,10.0,374.8,0.25,3,2022,11
SPY,2022-01-18,long,459.96,457.14,2022-01-18T16:35:00+00:00,2022-01-18T16:40:00+00:00,457.85,0.13999999999998636,456.65000000000003,460.25,2,2,2022-01-18T16:45:00+00:00,457.85999999999996,2022-01-18T17:28:00+00:00,456.63000000000005,STOP_LOSS,-2.459999999999809,0.365796,0.059999999999831743,-2.825795999999809,-1.0249999999999302,-1.1774149999999315,4.9612543700000025,2.3999999999999773,0.005,0.0024187431453952806,,HYP-FCR-04,stress,992.2508740000005,989.4250780000007,13.999999999998636,0.7114285714285741,0.1967871485943576,1,1,47.999999999996135,1.1999999999999886,5.0,456.73,0.07999999999998408,2,2022,11
QQQ,2022-01-19,short,374.609,371.75,2022-01-19T15:00:00+00:00,2022-01-19T15:25:00+00:00,372.5063,0.009999999999990905,374.7,368.11890000000005,2,2,2022-01-19T15:30:00+00:00,372.5,2022-01-19T20:45:00+00:00,368.13890000000004,TAKE_PROFIT,8.72219999999993,0.29625556000000003,0.05259999999998399,8.42594443999993,1.9880111227606363,1.9204869489902932,4.973151880000001,4.387399999999957,0.005,0.004411085872567354,,HYP-FCR-04,stress,994.6303760000003,1003.0563204400003,0.9999999999990905,1.2624166666666714,0.007921314938272521,5,5,8.100000000001728,2.1936999999999784,25.0,374.32,0.37999999999999545,6,2022,10
QQQ,2022-01-20,short,372.55,369.53,2022-01-20T16:40:00+00:00,2022-01-20T16:45:00+00:00,372.02,0.19999999999998863,372.78999999999996,370.48,2,2,2022-01-20T16:50:00+00:00,371.98,2022-01-20T16:57:00+00:00,372.80999999999995,STOP_LOSS,-1.6599999999998545,0.297916,0.11999999999989086,-1.9579159999998546,-1.077922077922009,-1.2713740259739617,5.015281602200002,1.5399999999999636,0.005,0.0015353076079760186,,HYP-FCR-04,stress,1003.0563204400003,1001.0984044400004,19.999999999998863,0.6686714285714288,0.2991005618817527,1,1,22.999999999996135,0.7699999999999818,5.0,372.87,0.08000000000004093,2,2022,11
SPY,2022-01-20,short,457.01,453.51,2022-01-20T17:50:00+00:00,2022-01-20T17:55:00+00:00,456.73,0.349899999999991,457.39,455.4100000000001,2,2,2022-01-20T18:00:00+00:00,456.70000000000005,2022-01-20T18:17:00+00:00,455.43000000000006,TAKE_PROFIT,2.5399999999999636,0.36485200000000007,0.09999999999990905,2.1751479999999637,1.9242424242424896,1.6478393939394458,4.947125390000004,1.3199999999999363,0.005,0.001334108088980473,,HYP-FCR-04,stress,989.4250780000007,991.6002260000006,34.9899999999991,0.4653571428571297,0.7518956254796643,1,1,37.000000000000455,0.6599999999999682,5.0,457.65,0.2599999999999909,2,2022,13
QQQ,2022-01-21,long,361.24,356.66,2022-01-21T15:30:00+00:00,2022-01-21T15:35:00+00:00,358.39,1.0300000000000296,356.23,362.7099999999999,2,2,2022-01-21T15:40:00+00:00,358.41999999999996,2022-01-21T17:49:00+00:00,356.21000000000004,STOP_LOSS,-4.419999999999845,0.285852,0.09999999999990905,-4.705851999999846,-1.0231481481481275,-1.0893175925925729,5.005492022200002,4.319999999999936,0.005,0.004315260099147276,,HYP-FCR-04,stress,1001.0984044400004,996.3925524400006,103.00000000000296,1.9367857142857068,0.5318089618292631,1,1,42.00000000000159,2.159999999999968,5.0,355.48,0.75,2,2022,10
SPY,2022-01-21,long,446.67,443.14,2022-01-21T15:30:00+00:00,2022-01-21T15:35:00+00:00,444.26,0.5699999999999932,442.35110000000003,448.0777999999999,2,2,2022-01-21T15:40:00+00:00,444.27,2022-01-21T17:49:00+00:00,442.33110000000005,STOP_LOSS,-3.8777999999998656,0.35464044000000006,0.05999999999994543,-4.232440439999865,-1.0157158573000018,-1.1086071664309167,4.958001130000003,3.81779999999992,0.005,0.003850140308459266,,HYP-FCR-04,stress,991.6002260000006,987.3677855600007,56.99999999999932,1.681828571428574,0.33891682522424116,1,1,77.88999999999646,1.90889999999996,5.0,441.97,0.38110000000000355,2,2022,10
QQQ,2022-01-24,long,347.66,342.53,2022-01-24T18:45:00+00:00,2022-01-24T18:50:00+00:00,344.98,1.079999999999984,341.92,351.1,1,1,2022-01-24T18:55:00+00:00,344.97999999999996,2022-01-24T19:37:00+00:00,341.90000000000003,STOP_LOSS,-3.0799999999999272,0.137376,0.020000000000038654,-3.2173759999999274,-1.0065359477123939,-1.0514300653594526,4.981962762200003,3.0600000000000023,0.005,0.003071078755563325,,HYP-FCR-04,stress,996.3925524400006,993.1751764400007,107.99999999999841,1.850442857142854,0.583644069759355,1,1,59.99999999999659,3.0600000000000023,5.0,341.98,0.060000000000002274,2,2022,13
SPY,2022-01-24,long,433.46,428.45,2022-01-24T18:45:00+00:00,2022-01-24T18:50:00+00:00,430.3701,0.9300000000000068,427.43,436.2502999999999,1,1,2022-01-24T18:55:00+00:00,430.41999999999996,2022-01-24T19:37:00+00:00,427.41,STOP_LOSS,-3.009999999999934,0.171566,0.06989999999996144,-3.181565999999934,-1.023774701540751,-1.0821284990306328,4.936838927800004,2.9400999999999726,0.005,0.0029777151361409368,,HYP-FCR-04,stress,987.3677855600007,984.1862195600007,93.00000000000068,1.795100000000003,0.5180769873544678,1,1,100.99999999999909,2.9400999999999726,5.0,427.51,0.07999999999998408,2,2022,13
QQQ,2022-01-25,long,348.73,342.85,2022-01-25T15:10:00+00:00,2022-01-25T15:15:00+00:00,344.21,0.21999999999997044,342.34000000000003,347.9499999999999,2,2,2022-01-25T15:20:00+00:00,344.24,2022-01-25T16:37:00+00:00,342.32000000000005,STOP_LOSS,-3.839999999999918,0.27462400000000003,0.10000000000002274,-4.114623999999918,-1.0267379679144453,-1.100166844919795,4.965875882200003,3.7399999999998954,0.005,0.003765700239715803,,HYP-FCR-04,stress,993.1751764400007,989.0605524400007,21.999999999997044,2.0279900000000053,0.10848179724750609,1,1,50.0,1.8699999999999477,5.0,342.68,0.339999999999975,2,2022,10
SPY,2022-01-25,long,434.67,428.38,2022-01-25T15:10:00+00:00,2022-01-25T15:15:00+00:00,430.0,0.410000000000025,427.59000000000003,434.81999999999994,2,2,2022-01-25T15:20:00+00:00,430.03,2022-01-25T18:45:00+00:00,434.79999999999995,TAKE_PROFIT,9.539999999999964,0.34593199999999996,0.09999999999990905,9.194067999999964,1.9792531120332135,1.907482987551885,4.920931097800004,4.819999999999936,0.005,0.004897447154009949,,HYP-FCR-04,stress,984.1862195600007,993.3802875600007,41.0000000000025,2.0340000000000034,0.20157325467061177,1,1,77.99999999999727,2.409999999999968,5.0,427.73,0.13999999999998636,2,2022,10
QQQ,2022-01-26,short,353.47,349.8501,2022-01-26T15:05:00+00:00,2022-01-26T15:15:00+00:00,352.18,0.5022999999999911,353.83,348.88000000000005,2,2,2022-01-26T15:20:00+00:00,352.135,2022-01-26T17:38:00+00:00,353.84999999999997,STOP_LOSS,-3.42999999999995,0.282394,0.12999999999999545,-3.71239399999995,-1.0393939393939386,-1.1249678787878792,4.945302762200003,3.2999999999999545,0.005,0.003336499460886286,,HYP-FCR-04,stress,989.0605524400007,985.3481584400008,50.22999999999911,1.4424500000000022,0.348226974938466,2,2,34.99999999999659,1.6499999999999773,10.0,353.625,0.20499999999998408,3,2022,10
SPY,2022-01-26,short,442.35,438.79,2022-01-26T15:10:00+00:00,2022-01-26T15:15:00+00:00,441.32,0.6200000000000045,442.46,439.04,2,2,2022-01-26T15:20:00+00:00,441.3,2022-01-26T15:28:00+00:00,439.06,TAKE_PROFIT,4.480000000000018,0.352144,0.07999999999992724,4.127856000000018,1.9649122807017858,1.8104631578947665,4.966901437800003,2.2799999999999727,0.005,0.0022951935211038294,,HYP-FCR-04,stress,993.3802875600007,997.5081435600008,62.000000000000455,1.5012800000000026,0.4129809229457553,1,1,9.99999999999659,1.1399999999999864,5.0,442.83,0.37000000000000455,2,2022,10
QQQ,2022-01-27,short,350.94,346.96,2022-01-27T15:15:00+00:00,2022-01-27T15:25:00+00:00,347.4797,0.2599999999999909,351.21,340.0191,1,1,2022-01-27T15:30:00+00:00,347.40500000000003,2022-01-27T20:59:00+00:00,341.03999999999996,FORCED_SESSION_CLOSE,6.365000000000066,0.137689,0.09469999999993206,6.227311000000066,1.7062970806637714,1.669386108355914,4.926740792200004,3.7302999999999997,0.005,0.003785768479951082,,HYP-FCR-04,stress,985.3481584400008,991.5754694400009,25.99999999999909,1.647499999999989,0.15781487101668748,2,2,25.99999999999909,3.7302999999999997,10.0,351.09,0.12000000000000455,3,2022,10
SPY,2022-01-27,short,441.27,436.98,2022-01-27T15:15:00+00:00,2022-01-27T15:25:00+00:00,437.46,0.3100000000000023,441.44,429.49999999999994,1,1,2022-01-27T15:30:00+00:00,437.38,2022-01-27T20:15:00+00:00,429.5199999999999,TAKE_PROFIT,7.8600000000000705,0.17337999999999998,0.0999999999999659,7.686620000000071,1.9748743718593051,1.9313115577889537,4.987540717800004,3.980000000000018,0.005,0.0039899423635739156,,HYP-FCR-04,stress,997.5081435600008,1005.1947635600009,31.000000000000227,1.6445833333333297,0.18849759310869194,2,2,16.0000000000025,3.980000000000018,10.0,441.3,0.13999999999998636,3,2022,10
SPY,2022-01-28,long,433.15,427.88,2022-01-28T15:00:00+00:00,2022-01-28T15:10:00+00:00,430.206,0.37999999999999545,427.81,434.99800000000005,2,2,2022-01-28T15:15:00+00:00,430.24,2022-01-28T16:17:00+00:00,434.97800000000007,TAKE_PROFIT,9.476000000000113,0.34608720000000004,0.10799999999994725,9.129912800000113,1.9774624373956706,1.9052405676126996,5.025973817800004,4.79200000000003,0.005,0.004767235339576052,,HYP-FCR-04,stress,1005.1947635600009,1014.3246763600009,37.999999999999545,1.557222222222227,0.24402425972172306,2,2,6.000000000000227,2.396000000000015,10.0,428.49,0.6800000000000068,3,2022,10
QQQ,2022-01-28,long,343.84,338.08,2022-01-28T15:00:00+00:00,2022-01-28T15:15:00+00:00,342.35,0.12999999999999545,337.94,351.1700000000001,1,1,2022-01-28T15:20:00+00:00,342.39,2022-01-28T20:55:00+00:00,351.1500000000001,TAKE_PROFIT,8.760000000000105,0.13870800000000003,0.05999999999994543,8.621292000000105,1.9863945578231417,1.9549414965986522,4.957877347200005,4.410000000000025,0.005,0.00444746782863699,,HYP-FCR-04,stress,991.5754694400009,1000.1967614400011,12.999999999999545,1.725,0.07536231884057706,3,3,12.999999999999545,4.410000000000025,15.0,338.75,0.8100000000000023,4,2022,10
QQQ,2022-02-01,long,364.63,360.53,2022-02-01T15:50:00+00:00,2022-02-01T15:55:00+00:00,362.275,0.5900000000000318,360.4269,365.97119999999995,2,2,2022-02-01T16:00:00+00:00,362.28,2022-02-01T20:54:00+00:00,365.9512,TAKE_PROFIT,7.342399999999998,0.29129247999999996,0.049999999999954525,7.051107519999998,1.9864725934743912,1.9076639575780647,5.000983807200005,3.696199999999976,0.005,0.003695472873435914,,HYP-FCR-04,stress,1000.1967614400011,1007.247868960001,59.00000000000318,1.3857642857142878,0.4257578334802576,1,1,9.309999999999263,1.848099999999988,5.0,360.24,0.18689999999998008,2,2022,11
SPY,2022-02-01,long,451.02,448.62,2022-02-01T15:50:00+00:00,2022-02-01T15:55:00+00:00,450.01,0.6700000000000159,448.14,453.75,2,2,2022-02-01T16:00:00+00:00,450.02,2022-02-01T20:59:00+00:00,452.95000000000005,FORCED_SESSION_CLOSE,5.860000000000127,0.361188,0.05999999999994543,5.498812000000127,1.5668449197861265,1.4702705882353244,5.071623381800005,3.740000000000009,0.005,0.0036871823067751337,,HYP-FCR-04,stress,1014.3246763600009,1019.8234883600011,67.00000000000159,1.2390428571428547,0.5407399720982925,1,1,47.00000000000273,1.8700000000000045,5.0,448.28000000000003,0.1400000000000432,2,2022,11
SPY,2022-02-02,long,456.39,453.9808,2022-02-02T16:20:00+00:00,2022-02-02T16:25:00+00:00,454.28,0.07999999999998408,453.69,455.4599999999999,2,2,2022-02-02T16:30:00+00:00,454.29999999999995,2022-02-02T16:31:00+00:00,453.67,STOP_LOSS,-1.2599999999998772,0.363188,0.07999999999992724,-1.6231879999998773,-1.0677966101694327,-1.3755830508474118,5.099117441800005,1.17999999999995,0.005,0.001157062975571912,,HYP-FCR-04,stress,1019.8234883600011,1018.2003003600012,7.999999999998408,0.954107142857144,0.08384802545384809,1,1,28.079999999999927,0.589999999999975,5.0,453.28000000000003,0.40999999999996817,2,2022,11
QQQ,2022-02-02,long,370.1,366.37,2022-02-02T17:05:00+00:00,2022-02-02T17:10:00+00:00,367.28,0.4800000000000182,365.8,370.2399999999999,2,2,2022-02-02T17:15:00+00:00,367.315,2022-02-02T20:59:00+00:00,368.52000000000004,FORCED_SESSION_CLOSE,2.410000000000082,0.29433400000000004,0.11000000000001364,2.1156660000000818,0.8141891891892381,0.7147520270270733,5.036239344800006,2.9599999999999227,0.005,0.0029387006825402056,,HYP-FCR-04,stress,1007.247868960001,1009.3635349600011,48.00000000000182,1.0202857142857178,0.47045645477458914,1,1,56.00000000000023,1.4799999999999613,5.0,365.8008,0.0007999999999697138,2,2022,12
QQQ,2022-02-03,short,360.86,357.89,2022-02-03T16:15:00+00:00,2022-02-03T16:25:00+00:00,359.06,0.9600000000000364,361.01,355.16,2,2,2022-02-03T16:30:00+00:00,359.05,2022-02-03T19:45:00+00:00,355.18,TAKE_PROFIT,7.740000000000009,0.285692,0.05999999999994543,7.454308000000009,1.9846153846153984,1.9113610256410392,5.046817674800005,3.8999999999999773,0.005,0.0038638209772007726,,HYP-FCR-04,stress,1009.3635349600011,1016.817842960001,96.00000000000364,1.0981999999999914,0.874157712620692,2,2,13.999999999998636,1.9499999999999886,10.0,360.94,0.06999999999999318,3,2022,11
SPY,2022-02-03,short,452.34,450.0,2022-02-03T16:20:00+00:00,2022-02-03T16:25:00+00:00,451.58,0.44999999999998863,452.67,449.3999999999999,2,2,2022-02-03T16:30:00+00:00,451.56,2022-02-03T17:19:00+00:00,449.4199999999999,TAKE_PROFIT,4.2800000000002,0.360392,0.07999999999992724,3.9196080000002,1.9633027522936124,1.7979853211009567,5.091001501800006,2.1800000000000637,0.005,0.002141032564250167,,HYP-FCR-04,stress,1018.2003003600012,1022.1199083600013,44.99999999999886,0.8445714285714335,0.5328146143436912,1,1,32.000000000005,1.0900000000000318,5.0,452.825,0.15499999999997272,2,2022,11
QQQ,2022-02-04,short,356.19,351.97,2022-02-04T15:25:00+00:00,2022-02-04T15:30:00+00:00,355.74,0.13999999999998636,357.21,352.80000000000007,2,2,2022-02-04T15:35:00+00:00,355.72,2022-02-04T16:10:00+00:00,352.82000000000005,TAKE_PROFIT,5.7999999999999545,0.28341600000000006,0.07999999999992724,5.516583999999955,1.9727891156462827,1.8763891156462809,5.084089214800005,2.939999999999941,0.005,0.0028913733372749172,,HYP-FCR-04,stress,1016.817842960001,1022.334426960001,13.999999999998636,1.6814384615384528,0.08326204211594615,1,1,100.99999999999909,1.4699999999999704,5.0,357.09999999999997,0.11000000000001364,2,2022,10
SPY,2022-02-04,short,448.31,445.07,2022-02-04T15:20:00+00:00,2022-02-04T15:30:00+00:00,446.51,0.6099999999999568,448.53,442.47,2,2,2022-02-04T15:35:00+00:00,446.4459,2022-02-04T17:57:00+00:00,448.54999999999995,STOP_LOSS,-4.20819999999992,0.35799835999999996,0.16819999999995616,-4.56619835999992,-1.0416336633663261,-1.1302471188118715,5.110599541800006,4.039999999999964,0.005,0.0039525695243351365,,HYP-FCR-04,stress,1022.1199083600013,1017.5537100000014,60.99999999999568,1.3337538461538498,0.45735575703044135,2,2,20.999999999997954,2.019999999999982,10.0,448.303,0.22699999999997544,3,2022,10
SPY,2022-02-07,short,450.41,448.21,2022-02-07T15:35:00+00:00,2022-02-07T15:45:00+00:00,449.5112,0.2799999999999727,450.84,446.8536,2,2,2022-02-07T15:50:00+00:00,449.49,2022-02-07T17:39:00+00:00,446.87359999999995,TAKE_PROFIT,5.232800000000111,0.35854544,0.08239999999989323,4.874254560000111,1.9689945815774033,1.8340813365442907,5.087768550000007,2.657600000000002,0.005,0.0026117540272149356,,HYP-FCR-04,stress,1017.5537100000014,1022.4279645600016,27.99999999999727,1.0117857142857158,0.2767384398164216,2,2,41.99999999999591,1.328800000000001,10.0,450.81,0.029999999999972715,3,2022,10
QQQ,2022-02-07,long,361.05,357.74,2022-02-07T19:25:00+00:00,2022-02-07T19:30:00+00:00,358.18,0.5300000000000296,357.0,360.54,2,2,2022-02-07T19:35:00+00:00,358.2,2022-02-07T20:28:00+00:00,356.98,STOP_LOSS,-2.439999999999941,0.28607200000000005,0.07999999999992724,-2.7260719999999408,-1.0338983050847148,-1.1551152542372563,5.111672134800005,2.3600000000000136,0.005,0.0023084422648444658,,HYP-FCR-04,stress,1022.334426960001,1019.6083549600011,53.000000000002956,0.6137785714285704,0.8635035901733322,1,1,73.00000000000182,1.1800000000000068,5.0,357.04040000000003,0.04040000000003374,2,2022,14
QQQ,2022-02-08,long,355.72,353.59,2022-02-08T15:15:00+00:00,2022-02-08T15:20:00+00:00,354.44,0.34000000000003183,353.53000000000003,356.25999999999993,2,2,2022-02-08T15:25:00+00:00,354.46999999999997,2022-02-08T15:27:00+00:00,353.51000000000005,STOP_LOSS,-1.9199999999998454,0.283192,0.09999999999990905,-2.2031919999998455,-1.0549450549450068,-1.2105450549450123,5.098041774800006,1.8199999999999363,0.005,0.0017849991039660855,,HYP-FCR-04,stress,1019.6083549600011,1017.4051629600012,34.00000000000318,1.1563636363636285,0.2940251572327339,1,1,4.9999999999954525,0.9099999999999682,5.0,353.44,0.09000000000003183,2,2022,10
SPY,2022-02-08,long,447.47,446.06,2022-02-08T15:10:00+00:00,2022-02-08T15:20:00+00:00,446.825,0.07999999999998408,445.95,448.575,2,2,2022-02-08T15:25:00+00:00,446.85999999999996,2022-02-08T15:35:00+00:00,445.93,STOP_LOSS,-1.8599999999999,0.357116,0.10999999999989996,-2.2171159999999,-1.0628571428570857,-1.2669234285713713,5.112139822800008,1.75,0.005,0.0017116120261373197,,HYP-FCR-04,stress,1022.4279645600016,1020.2108485600016,7.999999999998408,0.8804545454545457,0.09086215797623383,2,2,10.000000000002274,0.875,10.0,446.26,0.3100000000000023,3,2022,10
QQQ,2022-02-09,long,364.54,362.42,2022-02-09T15:20:00+00:00,2022-02-09T15:30:00+00:00,363.94,0.011000000000024102,362.18,367.46,2,2,2022-02-09T15:35:00+00:00,363.96,2022-02-09T20:59:00+00:00,366.75,FORCED_SESSION_CLOSE,5.580000000000041,0.29228400000000004,0.07999999999992724,5.2877160000000405,1.5852272727272925,1.5021920454545648,5.087025814800007,3.519999999999982,0.005,0.003459781931673143,,HYP-FCR-04,stress,1017.4051629600012,1022.6928789600013,1.1000000000024102,1.0528076923076897,0.01044825192710435,2,2,23.00000000000182,1.759999999999991,10.0,362.265,0.08499999999997954,3,2022,10
QQQ,2022-02-10,short,364.15,359.32,2022-02-10T16:10:00+00:00,2022-02-10T16:35:00+00:00,362.52,0.37000000000000455,364.3,358.9599999999999,2,2,2022-02-10T16:40:00+00:00,362.48,2022-02-10T16:47:00+00:00,364.32,STOP_LOSS,-3.67999999999995,0.29072,0.11999999999989086,-3.97071999999995,-1.033707865168508,-1.1153707865168214,5.1134643948000065,3.560000000000059,0.005,0.003481005953244048,,HYP-FCR-04,stress,1022.6928789600013,1018.7221589600014,37.000000000000455,1.0609071428571448,0.34875813825096136,5,5,14.00000000000432,1.7800000000000296,25.0,363.62,0.6800000000000068,6,2022,11
SPY,2022-02-10,short,455.55,451.29,2022-02-10T16:15:00+00:00,2022-02-10T16:35:00+00:00,454.49,0.12340000000000373,455.65,452.1700000000001,2,2,2022-02-10T16:40:00+00:00,454.44,2022-02-10T16:46:00+00:00,455.66999999999996,STOP_LOSS,-2.4599999999999227,0.364044,0.13999999999998636,-2.8240439999999225,-1.0603448275862026,-1.2172603448275863,5.101054242800008,2.3199999999999363,0.005,0.0022740397274490366,,HYP-FCR-04,stress,1020.2108485600016,1017.3868045600017,12.340000000000373,0.9242071428571462,0.1335198509919735,4,4,8.999999999997499,1.1599999999999682,20.0,455.21999999999997,0.4300000000000068,5,2022,11
SPY,2022-02-11,long,451.605,448.79,2022-02-11T15:15:00+00:00,2022-02-11T15:25:00+00:00,449.7018,0.21000000000003638,448.27,452.5654,2,2,2022-02-11T15:30:00+00:00,449.74,2022-02-11T16:10:00+00:00,448.25,STOP_LOSS,-2.980000000000018,0.359196,0.11639999999999873,-3.339196000000018,-1.0406481352144148,-1.1660832518508155,5.086934022800008,2.8636000000000195,0.005,0.0028146620215292314,,HYP-FCR-04,stress,1017.3868045600017,1014.0476085600017,21.000000000003638,1.1919833333333354,0.17617695996870986,2,2,51.000000000004775,1.4318000000000097,10.0,449.0,0.7300000000000182,3,2022,10
SPY,2022-02-14,long,441.28,438.97,2022-02-14T16:30:00+00:00,2022-02-14T17:30:00+00:00,440.94,0.3549000000000433,438.85,445.11999999999995,2,2,2022-02-14T17:35:00+00:00,440.96009999999995,2022-02-14T18:48:00+00:00,438.83000000000004,STOP_LOSS,-4.260199999999827,0.35191604,0.08019999999987704,-4.612116039999827,-1.019186602870784,-1.1033770430621728,5.070238042800009,4.17999999999995,0.005,0.004122094430986095,,HYP-FCR-04,stress,1014.0476085600017,1009.4354925200018,35.49000000000433,0.8136214285714232,0.43619795096004976,12,12,11.000000000001364,2.089999999999975,60.0,439.97,1.1200000000000045,13,2022,12
QQQ,2022-02-14,short,349.55,345.81,2022-02-14T18:20:00+00:00,2022-02-14T18:25:00+00:00,348.65,0.6400000000000432,349.96,346.03,2,2,2022-02-14T18:30:00+00:00,348.63,2022-02-14T18:53:00+00:00,346.04999999999995,TAKE_PROFIT,5.160000000000082,0.277872,0.07999999999992724,4.8821280000000815,1.9694656488549898,1.863407633587814,5.093610794800007,2.6200000000000045,0.005,0.0025718494262211046,,HYP-FCR-04,stress,1018.7221589600014,1023.6042869600014,64.00000000000432,0.6614142857142927,0.967623490788193,1,1,39.999999999997726,1.3100000000000023,5.0,349.92,0.03999999999996362,2,2022,13
SPY,2022-02-15,short,445.78,443.45,2022-02-15T17:00:00+00:00,2022-02-15T17:15:00+00:00,444.34,0.06499999999999773,445.92,441.1799999999999,2,2,2022-02-15T17:20:00+00:00,444.34000000000003,2022-02-15T20:05:00+00:00,445.94,STOP_LOSS,-3.199999999999932,0.356112,0.04000000000007731,-3.5561119999999318,-1.0126582278480534,-1.1253518987341264,5.047177462600009,3.160000000000082,0.005,0.003130462544081257,,HYP-FCR-04,stress,1009.4354925200018,1005.8793805200019,6.499999999999773,0.5134142857142885,0.12660341133586955,3,3,13.00000000000523,1.580000000000041,15.0,445.42,0.5,4,2022,12
QQQ,2022-02-15,short,354.07,352.22,2022-02-15T17:15:00+00:00,2022-02-15T17:20:00+00:00,352.96,0.6200000000000045,354.09999999999997,350.68,2,2,2022-02-15T17:25:00+00:00,352.97,2022-02-15T18:21:00+00:00,354.11999999999995,STOP_LOSS,-2.299999999999841,0.282836,0.06000000000005912,-2.582835999999841,-1.0087719298245037,-1.1328228070174877,5.118021434800007,2.2799999999999727,0.005,0.0022274232621390597,,HYP-FCR-04,stress,1023.6042869600014,1021.0214509600016,62.000000000000455,0.5198142857142898,1.1927336686179124,1,1,1.999999999998181,1.1399999999999864,5.0,354.23,0.1300000000000523,2,2022,12
SPY,2022-02-16,long,444.81,442.42,2022-02-16T15:15:00+00:00,2022-02-16T16:30:00+00:00,443.37,0.01999999999998181,442.24,445.63,2,2,2022-02-16T16:35:00+00:00,443.39,2022-02-16T17:33:00+00:00,442.22,STOP_LOSS,-2.339999999999918,0.354244,0.07999999999992724,-2.694243999999918,-1.0353982300884634,-1.192143362831827,5.029396902600009,2.259999999999991,0.005,0.0022467902650829324,,HYP-FCR-04,stress,1005.8793805200019,1003.185136520002,1.999999999998181,0.5252857142857132,0.038074517269478636,15,15,17.00000000000159,1.1299999999999955,75.0,442.93,0.6899999999999977,16,2022,11
SPY,2022-02-17,long,443.8,440.54,2022-02-17T15:55:00+00:00,2022-02-17T16:00:00+00:00,440.7,0.12999999999999545,440.35,441.3999999999999,2,2,2022-02-17T16:05:00+00:00,440.72999999999996,2022-02-17T16:13:00+00:00,441.37999999999994,TAKE_PROFIT,1.2999999999999545,0.352844,0.09999999999990905,0.9471559999999546,1.8571428571429731,1.353080000000067,5.01592568260001,0.6999999999999318,0.005,0.0006977774834545456,,HYP-FCR-04,stress,1003.185136520002,1004.1322925200019,12.999999999999545,0.708907142857141,0.1833808578596775,1,1,18.000000000000682,0.3499999999999659,5.0,440.28000000000003,0.06999999999999318,2,2022,11
SPY,2022-02-18,short,438.66,435.91,2022-02-18T15:15:00+00:00,2022-02-18T15:35:00+00:00,435.96,0.2899999999999636,438.67,430.5399999999999,1,1,2022-02-18T15:40:00+00:00,435.94,2022-02-18T20:59:00+00:00,434.28999999999996,FORCED_SESSION_CLOSE,1.650000000000034,0.174046,0.03999999999996362,1.4759540000000342,0.60885608856089,0.5446324723247286,5.0206614626000095,2.7100000000000364,0.005,0.002698847572364131,,HYP-FCR-04,stress,1004.1322925200019,1005.6082465200019,28.999999999996362,1.009985714285721,0.2871327741551835,4,4,0.0,2.7100000000000364,20.0,437.03,1.6400000000000432,5,2022,10
QQQ,2022-02-22,short,343.73,338.04,2022-02-22T15:30:00+00:00,2022-02-22T15:40:00+00:00,341.56,0.12009999999997945,344.05,336.58,2,2,2022-02-22T15:45:00+00:00,341.52000000000004,2022-02-22T18:16:00+00:00,336.59999999999997,TAKE_PROFIT,9.840000000000146,0.271248,0.11999999999989086,9.568752000000146,1.9759036144578532,1.9214361445783354,5.105107254800008,4.980000000000018,0.005,0.0048774685343952765,,HYP-FCR-04,stress,1021.0214509600016,1030.5902029600018,12.009999999997945,1.6123071428571458,0.0744895292017078,2,2,31.000000000000227,2.490000000000009,10.0,344.0064,0.043600000000026284,3,2022,10
SPY,2022-02-22,short,435.3,430.49,2022-02-22T15:30:00+00:00,2022-02-22T15:40:00+00:00,433.28,0.11009999999998854,435.51,428.81999999999994,2,2,2022-02-22T15:45:00+00:00,433.26,2022-02-22T18:16:00+00:00,428.8399999999999,TAKE_PROFIT,8.840000000000146,0.34484,0.07999999999992724,8.495160000000146,1.9820627802690747,1.9047443946188514,5.0280412326000095,4.460000000000036,0.005,0.004435126716029099,,HYP-FCR-04,stress,1005.6082465200019,1014.1034065200021,11.009999999998854,1.3412928571428608,0.08208498197367334,2,2,19.999999999998863,2.230000000000018,10.0,435.45,0.060000000000002274,3,2022,10
QQQ,2022-02-25,long,341.81,338.05,2022-02-25T15:05:00+00:00,2022-02-25T15:10:00+00:00,339.09,0.30000000000001137,337.73,341.8099999999999,3,3,2022-02-25T15:15:00+00:00,339.13,2022-02-25T15:31:00+00:00,341.7899999999999,TAKE_PROFIT,7.979999999999734,0.40855199999999997,0.18000000000000682,7.571447999999734,1.9558823529411733,1.8557470588235232,5.152951014800009,4.07999999999987,0.005,0.003958896551006918,,HYP-FCR-04,stress,1030.5902029600018,1038.1616509600015,30.000000000001137,1.8916000000000015,0.1585958976527866,1,1,31.000000000000227,1.3599999999999568,5.0,337.75,0.01999999999998181,2,2022,10
SPY,2022-02-25,long,431.26,428.26,2022-02-25T15:00:00+00:00,2022-02-25T15:10:00+00:00,429.81,0.36000000000001364,427.85,433.72999999999996,2,2,2022-02-25T15:15:00+00:00,429.88,2022-02-25T15:55:00+00:00,433.71,TAKE_PROFIT,7.659999999999968,0.34543599999999997,0.17999999999994998,7.314563999999968,1.9540816326530734,1.8659602040816439,5.07051703260001,3.919999999999959,0.005,0.003865483514597228,,HYP-FCR-04,stress,1014.1034065200021,1021.4179705200021,36.000000000001364,1.6538888888888816,0.21766879408801726,2,2,39.999999999997726,1.9599999999999795,10.0,428.35,0.5,3,2022,10
QQQ,2022-02-28,short,345.03,342.15,2022-02-28T15:00:00+00:00,2022-02-28T15:15:00+00:00,342.62,0.04199999999997317,345.3,337.26,1,1,2022-02-28T15:20:00+00:00,342.61990000000003,2022-02-28T15:38:00+00:00,345.32,STOP_LOSS,-2.7000999999999635,0.13758798000000003,0.020099999999956708,-2.8376879799999637,-1.0074999999999839,-1.0588387985074466,5.190808254800007,2.680000000000007,0.005,0.0025814862237704276,,HYP-FCR-04,stress,1038.1616509600015,1035.3239629800014,4.199999999997317,1.4077000000000113,0.029835902536032417,3,3,26.000000000004775,2.680000000000007,15.0,343.7,1.6000000000000227,4,2022,10
SPY,2022-02-28,short,434.49,431.87,2022-02-28T17:30:00+00:00,2022-02-28T17:45:00+00:00,433.44,0.20999999999997954,434.98,430.35999999999996,2,2,2022-02-28T17:50:00+00:00,433.42,2022-02-28T18:06:00+00:00,435.0,STOP_LOSS,-3.159999999999968,0.34736800000000007,0.07999999999992724,-3.507367999999968,-1.025974025974002,-1.1387558441558188,5.10708985260001,3.080000000000041,0.005,0.0030154159109145283,,HYP-FCR-04,stress,1021.4179705200021,1017.9106025200022,20.999999999997954,0.8607142857142824,0.2439834024896037,3,3,48.00000000000182,1.5400000000000205,15.0,434.34,0.6400000000000432,4,2022,12
QQQ,2022-03-01,long,347.635,345.18,2022-03-01T15:10:00+00:00,2022-03-01T15:20:00+00:00,347.54,1.0499999999999545,345.03000000000003,352.56,2,2,2022-03-01T15:25:00+00:00,347.59,2022-03-01T15:52:00+00:00,345.01000000000005,STOP_LOSS,-5.1599999999998545,0.27704,0.13999999999987267,-5.437039999999855,-1.027888446215114,-1.0830756972111304,5.176619814900007,5.019999999999982,0.005,0.004848723857941796,,HYP-FCR-04,stress,1035.3239629800014,1029.8869229800016,104.99999999999545,1.480690909090914,0.7091284167096111,2,2,13.999999999998636,2.509999999999991,10.0,345.76,0.7299999999999613,3,2022,10
QQQ,2022-03-02,long,344.62,341.725,2022-03-02T15:25:00+00:00,2022-03-02T15:30:00+00:00,342.55,0.3299999999999841,340.23,347.19,2,2,2022-03-02T15:35:00+00:00,342.59,2022-03-02T18:05:00+00:00,347.17,TAKE_PROFIT,9.160000000000082,0.275904,0.11999999999989086,8.884096000000081,1.9741379310345062,1.9146758620689888,5.1494346149000085,4.639999999999986,0.005,0.004505348981977593,,HYP-FCR-04,stress,1029.8869229800016,1038.7710189800016,32.99999999999841,1.6150307692307662,0.20433047238918053,1,1,148.50000000000136,2.319999999999993,5.0,341.06,0.8299999999999841,2,2022,10
SPY,2022-03-02,long,434.77,431.9,2022-03-02T15:25:00+00:00,2022-03-02T15:30:00+00:00,433.89,0.36000000000001364,431.66,438.3499999999999,2,2,2022-03-02T15:35:00+00:00,433.9,2022-03-02T18:02:00+00:00,438.3299999999999,TAKE_PROFIT,8.8599999999999,0.348892,0.05999999999994543,8.5111079999999,1.9865470852018057,1.9083201793722082,5.089553012600011,4.459999999999923,0.005,0.0043815242605376855,,HYP-FCR-04,stress,1017.9106025200022,1026.421710520002,36.000000000001364,1.4226923076923081,0.25304136253042314,1,1,22.999999999996135,2.2299999999999613,5.0,432.19,0.5299999999999727,2,2022,10
SPY,2022-03-04,long,432.49,429.37,2022-03-04T17:05:00+00:00,2022-03-04T17:10:00+00:00,431.0746,0.2249999999999659,428.77,435.68379999999996,2,2,2022-03-04T17:15:00+00:00,431.07,2022-03-04T20:59:00+00:00,432.22,FORCED_SESSION_CLOSE,2.300000000000068,0.345316,0.04919999999992797,1.9546840000000683,0.4990019960080002,0.42408313807169873,5.132108552600011,4.609199999999987,0.005,0.004490551936654663,,HYP-FCR-04,stress,1026.421710520002,1028.3763945200021,22.49999999999659,0.906328571428576,0.24825433854006798,1,1,59.00000000000318,2.3045999999999935,5.0,429.19,0.4200000000000159,2,2022,12
QQQ,2022-03-04,long,341.31,337.35,2022-03-04T17:10:00+00:00,2022-03-04T17:15:00+00:00,338.12,1.089999999999975,336.37,341.62,2,2,2022-03-04T17:20:00+00:00,338.15,2022-03-04T19:01:00+00:00,336.35,STOP_LOSS,-3.599999999999909,0.26980000000000004,0.09999999999990905,-3.869799999999909,-1.0285714285714025,-1.105657142857117,5.193855094900008,3.5,0.005,0.003369366237649514,,HYP-FCR-04,stress,1038.7710189800016,1034.9012189800017,108.9999999999975,0.9416642857142798,1.1575250506322199,1,1,97.00000000000273,1.75,5.0,336.03000000000003,0.339999999999975,2,2022,12
QQQ,2022-03-08,long,326.13,322.46,2022-03-08T15:50:00+00:00,2022-03-08T15:55:00+00:00,324.63,1.0300000000000296,321.19,331.51,1,1,2022-03-08T16:00:00+00:00,324.65,2022-03-08T16:31:00+00:00,321.17,STOP_LOSS,-3.4799999999999613,0.129164,0.03999999999996362,-3.609163999999961,-1.0116279069767335,-1.0491755813953383,5.174506094900009,3.4399999999999977,0.005,0.003323988741061162,,HYP-FCR-04,stress,1034.9012189800017,1031.2920549800017,103.00000000000296,1.671771428571422,0.6161129340990084,1,1,125.99999999999909,3.4399999999999977,5.0,321.49,0.30000000000001137,2,2022,11
SPY,2022-03-08,long,421.19,417.76,2022-03-08T15:50:00+00:00,2022-03-08T15:55:00+00:00,419.32,0.5099999999999909,416.56,424.84,1,1,2022-03-08T16:00:00+00:00,419.37,2022-03-08T16:26:00+00:00,416.54,STOP_LOSS,-2.829999999999984,0.16718200000000003,0.06999999999999318,-2.997181999999984,-1.0253623188405774,-1.0859355072463746,5.141881972600011,2.759999999999991,0.005,0.0026838422339402583,,HYP-FCR-04,stress,1028.3763945200021,1025.379212520002,50.99999999999909,1.5460285714285646,0.32987747408105117,1,1,118.99999999999977,2.759999999999991,5.0,417.02,0.45999999999997954,2,2022,11
SPY,2022-03-10,short,425.0,422.0493,2022-03-10T15:20:00+00:00,2022-03-10T15:30:00+00:00,422.3338,0.150100000000009,425.2,416.6014,1,1,2022-03-10T15:35:00+00:00,422.31,2022-03-10T19:05:00+00:00,425.21999999999997,STOP_LOSS,-2.909999999999968,0.169506,0.04379999999997608,-3.0795059999999683,-1.0152815574628344,-1.0744211848440364,5.12689606260001,2.866199999999992,0.005,0.0027952585394782235,,HYP-FCR-04,stress,1025.379212520002,1022.2997065200021,15.0100000000009,1.2339538461538557,0.12164150261199783,2,2,18.999999999999773,2.866199999999992,10.0,425.18,0.01999999999998181,3,2022,10
QQQ,2022-03-10,long,331.51,328.92,2022-03-10T18:45:00+00:00,2022-03-10T18:50:00+00:00,329.89,0.6730000000000018,328.5,332.66999999999996,3,3,2022-03-10T18:55:00+00:00,329.91999999999996,2022-03-10T20:59:00+00:00,331.39500000000004,FORCED_SESSION_CLOSE,4.425000000000239,0.39678900000000006,0.14999999999986358,4.028211000000239,1.0611510791367582,0.9659978417266855,5.156460274900009,4.169999999999959,0.005,0.004043471468497662,,HYP-FCR-04,stress,1031.2920549800017,1035.320265980002,67.30000000000018,0.7427000000000054,0.9061532247206099,1,1,41.0000000000025,1.3899999999999864,5.0,328.5,0.0,2,2022,13
QQQ,2022-03-14,short,325.32,322.02,2022-03-14T15:10:00+00:00,2022-03-14T15:15:00+00:00,324.45,0.5100000000000477,325.39,322.57,3,3,2022-03-14T15:20:00+00:00,324.45000000000005,2022-03-14T15:37:00+00:00,322.59,TAKE_PROFIT,5.5800000000002115,0.38822400000000007,0.06000000000011596,5.191776000000211,1.978723404255399,1.8410553191490155,5.17660132990001,2.819999999999993,0.005,0.0027237948417156393,,HYP-FCR-04,stress,1035.320265980002,1040.512041980002,51.000000000004775,1.0260071428571353,0.49707256284770507,1,1,6.000000000000227,0.9399999999999977,5.0,325.77,0.37999999999999545,2,2022,11
SPY,2022-03-14,short,421.97,419.11,2022-03-14T15:35:00+00:00,2022-03-14T15:40:00+00:00,420.775,0.29000000000002046,422.34,417.645,2,2,2022-03-14T15:45:00+00:00,420.77000000000004,2022-03-14T17:03:00+00:00,417.66499999999996,TAKE_PROFIT,6.21000000000015,0.335374,0.04999999999984084,5.87462600000015,1.984025559105482,1.8768773162939805,5.11149853260001,3.1299999999999955,0.005,0.003061724443465596,,HYP-FCR-04,stress,1022.2997065200021,1028.1743325200023,29.000000000002046,0.7834714285714232,0.37014751198879664,1,1,35.99999999999568,1.5649999999999977,5.0,422.34,0.0,2,2022,11
QQQ,2022-03-16,short,335.27,332.01,2022-03-16T16:45:00+00:00,2022-03-16T16:50:00+00:00,334.79,0.4399999999999977,336.11,332.15000000000003,3,3,2022-03-16T16:55:00+00:00,334.77000000000004,2022-03-16T18:05:00+00:00,332.17,TAKE_PROFIT,7.800000000000068,0.4001640000000001,0.11999999999989086,7.399836000000068,1.969696969696997,1.8686454545454814,5.20256020990001,3.9599999999999795,0.005,0.0038058185203358637,,HYP-FCR-04,stress,1040.512041980002,1047.9118779800021,43.99999999999977,0.6066285714285787,0.7253202712886084,1,1,83.00000000000409,1.3199999999999932,5.0,336.11,0.0,2,2022,12
SPY,2022-03-16,short,432.67,429.8,2022-03-16T16:45:00+00:00,2022-03-16T16:50:00+00:00,431.46,0.5,432.9,428.58,2,2,2022-03-16T16:55:00+00:00,431.43,2022-03-16T18:05:00+00:00,428.59999999999997,TAKE_PROFIT,5.660000000000082,0.344012,0.09999999999990905,5.315988000000082,1.9652777777778092,1.845829166666698,5.140871662600012,2.8799999999999955,0.005,0.0028010814011873494,,HYP-FCR-04,stress,1028.1743325200023,1033.4903205200023,50.0,0.5800000000000003,0.862068965517241,1,1,21.999999999997044,1.4399999999999977,5.0,432.875,0.024999999999977263,2,2022,12
QQQ,2022-03-17,short,341.045,337.0406,2022-03-17T14:10:00+00:00,2022-03-17T14:15:00+00:00,339.78,0.3199999999999932,341.81,335.7199999999999,2,2,2022-03-17T14:20:00+00:00,339.76,2022-03-17T17:26:00+00:00,341.83,STOP_LOSS,-4.139999999999986,0.272636,0.07999999999992724,-4.412635999999987,-1.0197044334975187,-1.086856157635449,5.239559389900011,4.060000000000059,0.005,0.0038743715815363036,,HYP-FCR-04,stress,1047.9118779800021,1043.4992419800021,31.999999999999318,1.2060600000000021,0.26532676649585646,1,1,75.49999999999955,2.0300000000000296,5.0,341.52,0.29000000000002046,2,2022,10
SPY,2022-03-17,short,436.24,433.19,2022-03-17T14:30:00+00:00,2022-03-17T14:35:00+00:00,435.86,0.19999999999998863,436.53999999999996,434.5000000000001,2,2,2022-03-17T14:40:00+00:00,435.85,2022-03-17T14:48:00+00:00,434.5200000000001,TAKE_PROFIT,2.6599999999998545,0.34814800000000007,0.05999999999994543,2.3118519999998544,1.9558823529412133,1.6998911764706062,5.1674516026000115,1.3599999999999,0.005,0.0013159291122490763,,HYP-FCR-04,stress,1033.4903205200023,1035.8021725200022,19.999999999998863,0.8428500000000066,0.23729014652665012,1,1,28.999999999996362,0.67999999999995,5.0,436.61,0.07000000000005002,2,2022,10
QQQ,2022-03-21,long,352.48,348.21,2022-03-21T14:45:00+00:00,2022-03-21T14:50:00+00:00,349.01,0.25,347.71000000000004,351.6099999999999,2,2,2022-03-21T14:55:00+00:00,349.02009999999996,2022-03-21T15:25:00+00:00,351.5899999999999,TAKE_PROFIT,5.139799999999923,0.28024403999999997,0.060199999999895226,4.8595559599999225,1.9768461538461934,1.8690599846154201,5.217496209900011,2.599999999999909,0.005,0.0024916165679876325,,HYP-FCR-04,stress,1043.4992419800021,1048.358797940002,25.0,0.9891357142857048,0.25274590371103445,1,1,48.999999999995225,1.2999999999999545,5.0,347.83,0.1199999999999477,2,2022,10
SPY,2022-03-21,long,446.46,443.82,2022-03-21T14:45:00+00:00,2022-03-21T14:50:00+00:00,444.51,0.05000000000001137,443.46000000000004,446.6099999999999,2,2,2022-03-21T14:55:00+00:00,444.53999999999996,2022-03-21T16:35:00+00:00,443.44000000000005,STOP_LOSS,-2.199999999999818,0.355192,0.09999999999990905,-2.5551919999998183,-1.0476190476190064,-1.2167580952380614,5.179010862600011,2.099999999999909,0.005,0.0020274141681811894,,HYP-FCR-04,stress,1035.8021725200022,1033.2469805200024,5.000000000001137,0.7374357142857134,0.06780252031655641,1,1,34.99999999999659,1.0499999999999545,5.0,443.56,0.0999999999999659,2,2022,10
SPY,2022-03-23,short,447.31,445.64,2022-03-23T14:40:00+00:00,2022-03-23T14:45:00+00:00,446.97,0.37000000000000455,447.86,445.19000000000005,2,2,2022-03-23T14:50:00+00:00,446.98,2022-03-23T15:21:00+00:00,447.88,STOP_LOSS,-1.7999999999999545,0.35794400000000004,0.05999999999994543,-2.1579439999999543,-1.0112359550561698,-1.2123280898876334,5.166234902600012,1.7799999999999727,0.005,0.0017227246084998496,,HYP-FCR-04,stress,1033.2469805200024,1031.0890365200023,37.000000000000455,0.7092357142857192,0.5216883365393359,1,1,54.000000000002046,0.8899999999999864,5.0,447.78,0.08000000000004093,2,2022,10
QQQ,2022-03-23,short,354.34,352.26,2022-03-23T17:20:00+00:00,2022-03-23T17:25:00+00:00,353.26,0.4000000000000341,354.74,350.29999999999995,2,2,2022-03-23T17:30:00+00:00,353.21000000000004,2022-03-23T19:59:00+00:00,351.85999999999996,FORCED_SESSION_CLOSE,2.700000000000159,0.282028,0.13999999999987267,2.417972000000159,0.9121621621622047,0.8168824324324762,5.24179398970001,2.9600000000000364,0.005,0.0028234608283121774,,HYP-FCR-04,stress,1048.358797940002,1050.7767699400022,40.00000000000341,0.6821714285714222,0.5863628748534647,1,1,39.00000000000432,1.4800000000000182,5.0,355.26,0.5199999999999818,2,2022,13
SPY,2022-03-24,short,446.35,444.76,2022-03-24T14:15:00+00:00,2022-03-24T14:20:00+00:00,445.62,0.2400000000000091,446.59999999999997,443.6600000000001,2,2,2022-03-24T14:25:00+00:00,445.61,2022-03-24T14:35:00+00:00,446.61999999999995,STOP_LOSS,-2.019999999999868,0.35689200000000004,0.05999999999994543,-2.3768919999998683,-1.0306122448979325,-1.2126999999999806,5.155445182600012,1.9599999999999227,0.005,0.0019009027645324015,,HYP-FCR-04,stress,1031.0890365200023,1028.7121445200025,24.00000000000091,0.8295727272727205,0.28930555707758887,1,1,23.999999999995225,0.9799999999999613,5.0,446.75,0.1500000000000341,2,2022,10
QQQ,2022-03-24,long,354.47,352.51,2022-03-24T14:30:00+00:00,2022-03-24T14:35:00+00:00,353.2299,0.2599999999999909,351.5839,356.5218999999999,2,2,2022-03-24T14:40:00+00:00,353.28,2022-03-24T15:30:00+00:00,356.5018999999999,TAKE_PROFIT,6.4437999999998965,0.28391276,0.14019999999993615,6.159887239999897,1.9574119076549394,1.8711686634265046,5.253883849700011,3.2919999999999163,0.005,0.003132920420564574,,HYP-FCR-04,stress,1050.7767699400022,1056.9366571800022,25.99999999999909,1.184728571428573,0.21945955071082396,1,1,91.60999999999717,1.6459999999999582,5.0,352.06,0.476099999999974,2,2022,10
QQQ,2022-03-25,long,360.18,358.2607,2022-03-25T14:15:00+00:00,2022-03-25T14:25:00+00:00,359.11,0.2699999999999818,357.92,361.49,2,2,2022-03-25T14:30:00+00:00,359.13,2022-03-25T15:08:00+00:00,357.90000000000003,STOP_LOSS,-2.4599999999999227,0.286812,0.07999999999992724,-2.7468119999999225,-1.0336134453781207,-1.1541226890756,5.284683285900011,2.3799999999999955,0.005,0.0022517905721522046,,HYP-FCR-04,stress,1056.9366571800022,1054.1898451800023,26.99999999999818,0.9986166666666776,0.27037401739070266,2,2,33.06999999999789,1.1899999999999977,10.0,358.38,0.45999999999997954,3,2022,10
SPY,2022-03-25,long,451.63,450.3,2022-03-25T17:40:00+00:00,2022-03-25T17:50:00+00:00,450.88,0.01979999999997517,450.05,452.53999999999996,2,2,2022-03-25T17:55:00+00:00,450.9,2022-03-25T19:29:00+00:00,450.03000000000003,STOP_LOSS,-1.7399999999998954,0.360372,0.07999999999992724,-2.1003719999998953,-1.0481927710842944,-1.2652843373493587,5.143560722600013,1.6599999999999682,0.005,0.0016136681275154235,,HYP-FCR-04,stress,1028.7121445200025,1026.6117725200027,1.979999999997517,0.5807357142857167,0.034094682852988355,2,2,24.00000000000091,0.8299999999999841,10.0,450.44,0.38999999999998636,3,2022,13
QQQ,2022-03-28,long,363.19,359.26,2022-03-28T16:45:00+00:00,2022-03-28T16:55:00+00:00,360.1,0.3499999999999659,359.21070000000003,361.8786,2,2,2022-03-28T17:00:00+00:00,360.15,2022-03-28T18:10:00+00:00,361.8586,TAKE_PROFIT,3.4172000000000935,0.28880344,0.13999999999987267,3.1283965600000934,1.921286405037741,1.7589095693242567,5.2709492259000115,1.778599999999983,0.005,0.0016871723894250643,,HYP-FCR-04,stress,1054.1898451800023,1057.3182417400023,34.99999999999659,0.6375642857142826,0.5489642501035802,2,2,3.9299999999968804,0.8892999999999915,10.0,359.5299,0.3191999999999666,3,2022,13
SPY,2022-03-28,long,453.649,451.67,2022-03-28T17:15:00+00:00,2022-03-28T17:25:00+00:00,452.3411,0.22000000000002728,451.63,453.76329999999996,2,2,2022-03-28T17:30:00+00:00,452.34999999999997,2022-03-28T18:50:00+00:00,453.7433,TAKE_PROFIT,2.7866000000000213,0.36243732,0.05779999999992924,2.424162680000021,1.9593587399803611,1.7045160174378169,5.133058862600014,1.4221999999999753,0.005,0.0013853338117377422,,HYP-FCR-04,stress,1026.6117725200027,1029.0359352000028,22.00000000000273,0.39073571428571896,0.5630404182586595,2,2,3.000000000002956,0.7110999999999876,10.0,451.68,0.05000000000001137,3,2022,13
QQQ,2022-03-29,long,370.72,367.86,2022-03-29T14:50:00+00:00,2022-03-29T14:55:00+00:00,368.3989,0.08100000000001728,367.8199,369.55690000000004,2,2,2022-03-29T15:00:00+00:00,368.46999999999997,2022-03-29T15:05:00+00:00,367.79990000000004,STOP_LOSS,-1.340199999999868,0.29450796,0.18219999999985248,-1.634707959999868,-1.1573402417960708,-1.4116649050085026,5.2865912087000115,1.1580000000000155,0.005,0.0010952237030303418,,HYP-FCR-04,stress,1057.3182417400023,1055.6835337800026,8.100000000001728,1.0901428571428653,0.0743021884418971,1,1,3.0100000000004457,0.5790000000000077,5.0,367.14,0.6799000000000319,2,2022,11
SPY,2022-03-29,long,461.75,458.68,2022-03-29T14:50:00+00:00,2022-03-29T14:55:00+00:00,459.19,0.009999999999990905,458.59000000000003,460.38999999999993,2,2,2022-03-29T15:00:00+00:00,459.21,2022-03-29T15:13:00+00:00,458.57000000000005,STOP_LOSS,-1.279999999999859,0.367112,0.07999999999992724,-1.6471119999998591,-1.0666666666666098,-1.372593333333294,5.145179676000014,1.1999999999999318,0.005,0.0011661400335515985,,HYP-FCR-04,stress,1029.0359352000028,1027.388823200003,0.9999999999990905,0.8368642857142845,0.011949368817257694,1,1,7.999999999998408,0.5999999999999659,5.0,458.37,0.22000000000002728,2,2022,11
QQQ,2022-03-30,short,370.3698,368.71,2022-03-30T14:50:00+00:00,2022-03-30T14:55:00+00:00,369.09,0.4399999999999977,370.53,366.21,2,2,2022-03-30T15:00:00+00:00,369.08000000000004,2022-03-30T19:18:00+00:00,366.22999999999996,TAKE_PROFIT,5.700000000000159,0.294124,0.059999999999831743,5.405876000000159,1.9791666666667251,1.8770402777778359,5.278417668900013,2.8799999999999955,0.005,0.002728090292066797,,HYP-FCR-04,stress,1055.6835337800026,1061.0894097800028,43.99999999999977,0.8275785714285705,0.5316715719698583,1,1,15.01999999999839,1.4399999999999977,5.0,370.3,0.22999999999996135,2,2022,11
QQQ,2022-03-31,long,367.46,364.79,2022-03-31T14:05:00+00:00,2022-03-31T14:15:00+00:00,366.23,0.029999999999972715,364.75,369.19000000000005,2,2,2022-03-31T14:20:00+00:00,366.25,2022-03-31T16:58:00+00:00,364.73,STOP_LOSS,-3.0399999999999636,0.29239200000000004,0.07999999999992724,-3.3323919999999636,-1.027027027027002,-1.125808108108082,5.305447048900014,2.9600000000000364,0.005,0.0027895858470717728,,HYP-FCR-04,stress,1061.0894097800028,1057.7570177800028,2.9999999999972715,1.1124999999999943,0.026966292134807075,2,2,3.000000000002956,1.4800000000000182,10.0,364.82,0.06999999999999318,3,2022,10
SPY,2022-03-31,long,458.15,457.111,2022-03-31T14:30:00+00:00,2022-03-31T14:35:00+00:00,457.54,0.18000000000000682,457.01,458.6000000000001,2,2,2022-03-31T14:40:00+00:00,457.58,2022-03-31T14:57:00+00:00,458.5800000000001,TAKE_PROFIT,2.0000000000002274,0.36646400000000007,0.11999999999989086,1.6335360000002273,1.886792452830298,1.5410716981133359,5.136944116000015,1.0600000000000591,0.005,0.0010317418060851414,,HYP-FCR-04,stress,1027.388823200003,1029.0223592000032,18.000000000000682,0.6942142857142812,0.2592859347669628,1,1,9.100000000000819,0.5300000000000296,5.0,456.83,0.18000000000000682,2,2022,10
QQQ,2022-04-01,long,363.61,360.59,2022-04-01T18:25:00+00:00,2022-04-01T18:30:00+00:00,361.49,0.05099999999998772,360.31,363.85,2,2,2022-04-01T18:35:00+00:00,361.51,2022-04-01T19:12:00+00:00,360.29,STOP_LOSS,-2.439999999999941,0.28872,0.07999999999992724,-2.728719999999941,-1.0338983050847148,-1.1562372881355616,5.288785088900014,2.3600000000000136,0.005,0.002231136225362163,,HYP-FCR-04,stress,1057.7570177800028,1055.028297780003,5.099999999998772,0.5447428571428645,0.09362215462076713,1,1,26.99999999999818,1.1800000000000068,5.0,360.39,0.07999999999998408,2,2022,14
SPY,2022-04-01,long,453.46,451.66,2022-04-01T18:25:00+00:00,2022-04-01T18:30:00+00:00,452.5801,0.21000000000003638,451.49,454.76030000000003,2,2,2022-04-01T18:35:00+00:00,452.63,2022-04-01T19:11:00+00:00,451.47,STOP_LOSS,-2.3199999999999363,0.36164,0.13979999999992287,-2.6816399999999363,-1.0641225575634905,-1.2299972479588661,5.145111796000016,2.1802000000000135,0.005,0.002118710036286262,,HYP-FCR-04,stress,1029.0223592000032,1026.3407192000032,21.000000000003638,0.5361714285714315,0.39166577853571527,1,1,16.0000000000025,1.0901000000000067,5.0,451.44,0.05000000000001137,2,2022,14
SPY,2022-04-06,long,447.59,445.44,2022-04-06T15:45:00+00:00,2022-04-06T15:50:00+00:00,446.05,0.3399000000000001,445.35,447.45,2,2,2022-04-06T15:55:00+00:00,446.07,2022-04-06T16:13:00+00:00,445.33000000000004,STOP_LOSS,-1.4799999999999045,0.35656000000000004,0.07999999999992724,-1.8365599999999045,-1.057142857142806,-1.3118285714285245,5.1317035960000155,1.3999999999999773,0.005,0.0013640694301705466,,HYP-FCR-04,stress,1026.3407192000032,1024.5041592000032,33.99000000000001,0.5804571428571462,0.5855729474305933,1,1,7.999999999998408,0.6999999999999886,5.0,445.05,0.30000000000001137,2,2022,11
QQQ,2022-04-06,long,356.61,353.13,2022-04-06T17:35:00+00:00,2022-04-06T17:40:00+00:00,354.04,0.11000000000001364,352.76,356.6000000000001,2,2,2022-04-06T17:45:00+00:00,354.03999999999996,2022-04-06T18:09:00+00:00,352.74,STOP_LOSS,-2.599999999999909,0.282712,0.04000000000007731,-2.882711999999909,-1.015624999999941,-1.1260593749999386,5.275141488900015,2.560000000000059,0.005,0.0024264752001314344,,HYP-FCR-04,stress,1055.028297780003,1052.145585780003,11.000000000001364,0.5297571428571481,0.20764231588600918,1,1,36.000000000001364,1.2800000000000296,5.0,352.76,0.0,2,2022,13
SPY,2022-04-07,long,447.655,445.29,2022-04-07T17:10:00+00:00,2022-04-07T17:15:00+00:00,446.09,0.450999999999965,445.03000000000003,448.20999999999987,2,2,2022-04-07T17:20:00+00:00,446.12,2022-04-07T18:27:00+00:00,448.1899999999999,TAKE_PROFIT,4.139999999999759,0.357724,0.10000000000002274,3.782275999999759,1.952830188679232,1.7840924528301667,5.122520796000016,2.119999999999891,0.005,0.0020692936977974976,,HYP-FCR-04,stress,1024.5041592000032,1028.2864352000029,45.0999999999965,0.6195071428571453,0.7279980629762698,1,1,25.0,1.0599999999999454,5.0,444.84000000000003,0.18999999999999773,2,2022,13
QQQ,2022-04-07,long,355.0,352.09,2022-04-07T17:55:00+00:00,2022-04-07T18:00:00+00:00,353.13,1.0,351.64,356.11,2,2,2022-04-07T18:05:00+00:00,353.1599,2022-04-07T19:14:00+00:00,356.09000000000003,TAKE_PROFIT,5.860200000000077,0.28369996000000003,0.09979999999995925,5.576500040000077,1.9665100671141078,1.871308738255048,5.260727928900016,2.980000000000018,0.005,0.0028323076580612267,,HYP-FCR-04,stress,1052.145585780003,1057.7220858200033,100.0,0.8215428571428528,1.2172219517284617,1,1,43.99999999999977,1.490000000000009,5.0,351.39,0.25,2,2022,14
SPY,2022-04-08,long,448.2,445.97,2022-04-08T14:00:00+00:00,2022-04-08T14:05:00+00:00,447.39,0.15999999999996817,445.93,450.30999999999995,2,2,2022-04-08T14:10:00+00:00,447.4,2022-04-08T16:25:00+00:00,450.28999999999996,TAKE_PROFIT,5.779999999999973,0.359076,0.05999999999994543,5.420923999999973,1.979452054794539,1.8564808219178248,5.141432176000015,2.919999999999959,0.005,0.0028396756973965293,,HYP-FCR-04,stress,1028.2864352000029,1033.7073592000029,15.999999999996817,0.8093750000000028,0.19768339768335766,1,1,3.000000000002956,1.4599999999999795,5.0,446.07,0.13999999999998636,2,2022,10
QQQ,2022-04-08,short,352.54,348.62,2022-04-08T15:10:00+00:00,2022-04-08T15:20:00+00:00,351.16,0.2785999999999831,352.64,348.2000000000001,3,3,2022-04-08T15:25:00+00:00,351.14000000000004,2022-04-08T16:21:00+00:00,352.65999999999997,STOP_LOSS,-4.559999999999775,0.42228000000000004,0.11999999999989086,-4.982279999999775,-1.0270270270270032,-1.1221351351351136,5.288610429100016,4.439999999999884,0.005,0.004197700000333978,,HYP-FCR-04,stress,1057.7220858200033,1052.7398058200035,27.85999999999831,0.9479928571428624,0.29388407085645174,2,2,8.999999999997499,1.4799999999999613,10.0,352.3,0.339999999999975,3,2022,11
QQQ,2022-04-11,long,345.75,343.375,2022-04-11T17:00:00+00:00,2022-04-11T17:05:00+00:00,343.83,0.2899999999999636,343.11,345.2699999999999,3,3,2022-04-11T17:10:00+00:00,343.84499999999997,2022-04-11T17:22:00+00:00,343.09000000000003,STOP_LOSS,-2.264999999999816,0.412161,0.1049999999999045,-2.677160999999816,-1.048611111111069,-1.2394263888888546,5.263699029100017,2.1599999999999113,0.005,0.0020517890442239306,,HYP-FCR-04,stress,1052.7398058200035,1050.0626448200037,28.999999999996362,0.4813142857142907,0.6025169179626393,1,1,25.499999999999545,0.7199999999999704,5.0,342.66,0.44999999999998863,2,2022,13
QQQ,2022-04-12,short,347.33,343.685,2022-04-12T14:10:00+00:00,2022-04-12T14:20:00+00:00,345.94,0.18000000000000682,347.7,342.42,2,2,2022-04-12T14:25:00+00:00,345.94,2022-04-12T17:03:00+00:00,342.44,TAKE_PROFIT,7.0,0.275352,0.03999999999996362,6.724648,1.988636363636374,1.9104113636363735,5.250313224100019,3.519999999999982,0.005,0.003352180955454674,,HYP-FCR-04,stress,1050.0626448200037,1056.7872928200036,18.000000000000682,1.2360818181818187,0.14562142841383507,2,2,36.000000000001364,1.759999999999991,10.0,347.02,0.6800000000000068,3,2022,10
SPY,2022-04-12,long,445.75,442.37,2022-04-12T15:10:00+00:00,2022-04-12T15:20:00+00:00,443.59,0.37000000000000455,442.31,446.1499999999999,2,2,2022-04-12T15:25:00+00:00,443.62,2022-04-12T16:24:00+00:00,442.29,STOP_LOSS,-2.659999999999968,0.35436400000000007,0.10000000000002274,-3.014363999999968,-1.0390625000000098,-1.1774859375000126,5.168536796000015,2.5599999999999454,0.005,0.0024765229513129873,,HYP-FCR-04,stress,1033.7073592000029,1030.692995200003,37.000000000000455,0.6650071428571452,0.5563850012352225,2,2,5.000000000001137,1.2799999999999727,10.0,442.375,0.06499999999999773,3,2022,11
SPY,2022-04-18,short,439.46,436.73,2022-04-18T14:45:00+00:00,2022-04-18T14:55:00+00:00,438.57,0.2699999999999818,439.48,436.74999999999994,2,2,2022-04-18T15:00:00+00:00,438.56,2022-04-18T15:39:00+00:00,436.7699999999999,TAKE_PROFIT,3.5800000000001546,0.350132,0.05999999999994543,3.2298680000001547,1.967032967032998,1.7746527472527835,5.1534649760000155,1.82000000000005,0.005,0.0017658022403139397,,HYP-FCR-04,stress,1030.692995200003,1033.9228632000031,26.99999999999818,0.7782142857142966,0.34694814134921453,2,2,1.0000000000047748,0.910000000000025,10.0,439.26,0.22000000000002728,3,2022,11
QQQ,2022-04-18,short,339.35,336.8,2022-04-18T15:10:00+00:00,2022-04-18T15:15:00+00:00,338.5295,0.17000000000001592,339.56,336.46849999999995,3,3,2022-04-18T15:20:00+00:00,338.5,2022-04-18T16:15:00+00:00,336.48849999999993,TAKE_PROFIT,6.034500000000207,0.4049931,0.14849999999989905,5.629506900000207,1.951965065502217,1.8209629306162414,5.283936464100018,3.091500000000053,0.005,0.0029253758263410633,,HYP-FCR-04,stress,1056.7872928200036,1062.4167997200038,17.00000000000159,0.8140357142857104,0.20883604615454165,1,1,19.999999999998863,1.0305000000000177,5.0,339.805,0.24500000000000455,2,2022,11
QQQ,2022-04-20,long,347.56,342.56,2022-04-20T14:10:00+00:00,2022-04-20T14:15:00+00:00,343.34,0.08999999999997499,342.46500000000003,345.08999999999986,3,3,2022-04-20T14:20:00+00:00,343.37,2022-04-20T15:12:00+00:00,342.44500000000005,STOP_LOSS,-2.7749999999998636,0.41148900000000005,0.1500000000000341,-3.1864889999998636,-1.0571428571428738,-1.2139005714285984,5.312083998600019,2.6249999999998295,0.005,0.0024707817126871853,,HYP-FCR-04,stress,1062.4167997200038,1059.230310720004,8.999999999997499,1.157550000000009,0.07775042114809234,1,1,8.499999999997954,0.8749999999999432,5.0,342.51,0.04499999999995907,2,2022,10
SPY,2022-04-20,long,447.57,444.41,2022-04-20T14:05:00+00:00,2022-04-20T14:15:00+00:00,445.4,0.12000000000000455,444.36,447.4799999999999,2,2,2022-04-20T14:20:00+00:00,445.44,2022-04-20T18:52:00+00:00,444.34000000000003,STOP_LOSS,-2.199999999999932,0.355912,0.12000000000000455,-2.555911999999932,-1.057692307692312,-1.2288038461538564,5.169614316000016,2.0799999999999272,0.005,0.002011755493598723,,HYP-FCR-04,stress,1033.9228632000031,1031.366951200003,12.000000000000455,0.7976900000000114,0.15043437927014608,2,2,4.000000000002046,1.0399999999999636,10.0,444.75,0.38999999999998636,3,2022,10
QQQ,2022-04-21,long,347.87,344.983,2022-04-21T14:25:00+00:00,2022-04-21T14:30:00+00:00,345.41,0.4199999999999591,343.92,348.39000000000004,3,3,2022-04-21T14:35:00+00:00,345.41999999999996,2022-04-21T14:46:00+00:00,343.90000000000003,STOP_LOSS,-4.559999999999775,0.413592,0.08999999999974762,-4.973591999999775,-1.020134228187863,-1.1126604026845066,5.296151553600019,4.470000000000027,0.005,0.004220045399721972,,HYP-FCR-04,stress,1059.230310720004,1054.256718720004,41.99999999999591,1.0872461538461597,0.38629706668926705,1,1,105.29999999999973,1.490000000000009,5.0,344.15000000000003,0.2300000000000182,2,2022,10
SPY,2022-04-25,long,423.87,420.27,2022-04-25T14:20:00+00:00,2022-04-25T14:25:00+00:00,422.6599,0.8201000000000249,420.26,427.4597,2,2,2022-04-25T14:30:00+00:00,422.67949999999996,2022-04-25T15:10:00+00:00,420.24,STOP_LOSS,-4.878999999999905,0.3371678,0.07919999999990068,-5.216167799999905,-1.0165006875286262,-1.0867469061210675,5.156834756000015,4.799800000000005,0.005,0.004653823737919275,,HYP-FCR-04,stress,1031.366951200003,1026.150783400003,82.01000000000249,1.458108333333333,0.562441062335349,1,1,0.0,2.3999000000000024,5.0,420.89,0.6299999999999955,2,2022,10
QQQ,2022-04-25,short,325.6,322.43,2022-04-25T14:50:00+00:00,2022-04-25T14:55:00+00:00,324.62,0.6399999999999864,327.0312,319.7976,2,2,2022-04-25T15:00:00+00:00,324.63,2022-04-25T18:21:00+00:00,327.0512,STOP_LOSS,-4.842399999999998,0.26067248,0.05999999999994543,-5.103072479999998,-1.0041473125414693,-1.0582018248175142,5.27128359360002,4.822400000000016,0.005,0.004574217943666507,,HYP-FCR-04,stress,1054.256718720004,1049.153646240004,63.999999999998636,1.4707428571428482,0.4351542466392039,1,1,142.1199999999999,2.411200000000008,5.0,327.01,0.021200000000021646,2,2022,11
QQQ,2022-04-27,long,322.88,316.94,2022-04-27T14:35:00+00:00,2022-04-27T14:40:00+00:00,318.18,0.8500000000000227,316.06,322.42,2,2,2022-04-27T14:45:00+00:00,318.16999999999996,2022-04-27T19:59:00+00:00,316.71000000000004,FORCED_SESSION_CLOSE,-2.9199999999998454,0.253952,0.06000000000005912,-3.1739519999998453,-0.688679245282981,-0.7485735849056223,5.24576823120002,4.240000000000009,0.005,0.004041352775349425,,HYP-FCR-04,stress,1049.153646240004,1045.9796942400042,85.00000000000227,1.6238500000000005,0.5234473627490362,1,1,87.00000000000045,2.1200000000000045,5.0,315.75,0.3100000000000023,2,2022,10
SPY,2022-04-27,long,422.02,417.15,2022-04-27T14:35:00+00:00,2022-04-27T14:40:00+00:00,418.05,1.2700000000000387,415.8,422.55,2,2,2022-04-27T14:45:00+00:00,418.07,2022-04-27T16:43:00+00:00,422.53000000000003,TAKE_PROFIT,8.920000000000073,0.33624000000000004,0.07999999999992724,8.583760000000073,1.9822222222222383,1.9075022222222384,5.130753917000016,4.5,0.005,0.00438532043516051,,HYP-FCR-04,stress,1026.150783400003,1034.734543400003,127.00000000000387,1.6978142857142748,0.7480205642549099,1,1,133.9999999999975,2.25,5.0,415.92,0.12000000000000455,2,2022,10
QQQ,2022-04-28,long,323.505,319.03,2022-04-28T14:15:00+00:00,2022-04-28T14:20:00+00:00,319.99,0.12319999999999709,318.48,323.01,3,3,2022-04-28T14:25:00+00:00,319.96999999999997,2022-04-28T14:29:00+00:00,318.46000000000004,STOP_LOSS,-4.529999999999802,0.383058,0.12000000000006139,-4.913057999999802,-0.9999999999999624,-1.0845602649006252,5.229898471200021,4.529999999999973,0.005,0.0043308680129698065,,HYP-FCR-04,stress,1045.9796942400042,1041.0666362400043,12.319999999999709,1.5939818181818168,0.07729071849798498,1,1,53.99999999999636,1.509999999999991,5.0,319.23,0.75,2,2022,10
SPY,2022-04-28,long,423.08,419.56,2022-04-28T15:05:00+00:00,2022-04-28T15:10:00+00:00,420.84,0.4199999999999591,419.5,423.5199999999999,2,2,2022-04-28T15:15:00+00:00,420.84,2022-04-28T15:47:00+00:00,419.48,STOP_LOSS,-2.7199999999999136,0.336128,0.03999999999996362,-3.0561279999999136,-1.014925373134315,-1.1403462686567054,5.173672717000016,2.67999999999995,0.005,0.002590036272678999,,HYP-FCR-04,stress,1034.734543400003,1031.6784154000031,41.99999999999591,1.0293999999999974,0.4080046629103945,1,1,5.000000000001137,1.339999999999975,5.0,419.3,0.19999999999998863,2,2022,11
QQQ,2022-05-02,short,316.1135,310.4414,2022-05-02T14:40:00+00:00,2022-05-02T14:45:00+00:00,315.35,0.160000000000025,317.5,311.05000000000007,2,2,2022-05-02T14:50:00+00:00,315.36,2022-05-02T17:44:00+00:00,311.07000000000005,TAKE_PROFIT,8.579999999999927,0.250572,0.05999999999994543,8.329427999999927,1.9953488372093064,1.937076279069771,5.205333181200022,4.2999999999999545,0.005,0.004130379219076852,,HYP-FCR-04,stress,1041.0666362400043,1049.3960642400043,16.0000000000025,1.9237714285714236,0.08316996376167186,1,1,137.65000000000214,2.1499999999999773,5.0,317.115,0.3849999999999909,2,2022,10
SPY,2022-05-02,short,413.37,409.25,2022-05-02T14:55:00+00:00,2022-05-02T15:00:00+00:00,410.89,0.44999999999998863,413.94,404.78999999999996,1,1,2022-05-02T15:05:00+00:00,410.89000000000004,2022-05-02T19:50:00+00:00,413.96,STOP_LOSS,-3.0699999999999363,0.16497,0.020000000000038654,-3.234969999999936,-1.0065573770491556,-1.0606459016393195,5.158392077000015,3.0500000000000114,0.005,0.0029563475928857763,,HYP-FCR-04,stress,1031.6784154000031,1028.4434454000032,44.99999999999886,1.6250357142857135,0.2769169908353594,1,1,56.00000000000023,3.0500000000000114,5.0,413.89,0.05000000000001137,2,2022,11
QQQ,2022-05-03,short,319.48,315.98,2022-05-03T14:05:00+00:00,2022-05-03T14:10:00+00:00,318.64,0.5300000000000296,320.32,315.28,3,3,2022-05-03T14:15:00+00:00,318.64000000000004,2022-05-03T17:15:00+00:00,320.34,STOP_LOSS,-5.099999999999795,0.383388,0.06000000000011596,-5.483387999999795,-1.0119047619047172,-1.0879738095237645,5.246980321200022,5.0400000000000205,0.005,0.004802762438079182,,HYP-FCR-04,stress,1049.3960642400043,1043.9126762400044,53.000000000002956,1.6300222222222247,0.3251489413914097,1,1,82.99999999999841,1.6800000000000068,5.0,320.13,0.18999999999999773,2,2022,10
SPY,2022-05-03,short,415.7117,413.36,2022-05-03T14:05:00+00:00,2022-05-03T14:10:00+00:00,415.07,0.11000000000001364,416.245,412.71999999999997,2,2,2022-05-03T14:15:00+00:00,415.05,2022-05-03T14:32:00+00:00,416.265,STOP_LOSS,-2.42999999999995,0.33252600000000004,0.07999999999992724,-2.76252599999995,-1.034042553191458,-1.1755429787233715,5.142217227000016,2.3500000000000227,0.005,0.002285006541206564,,HYP-FCR-04,stress,1028.4434454000032,1025.6809194000032,11.000000000001364,1.4685111111111142,0.07490580028147335,1,1,52.33000000000061,1.1750000000000114,5.0,416.01,0.23500000000001364,2,2022,10
QQQ,2022-05-04,long,319.47,317.11,2022-05-04T16:20:00+00:00,2022-05-04T16:25:00+00:00,318.15,0.6899999999999977,316.44010000000003,321.5697999999999,3,3,2022-05-04T16:30:00+00:00,318.15999999999997,2022-05-04T18:01:00+00:00,321.5497999999999,TAKE_PROFIT,10.169399999999769,0.38382587999999995,0.08999999999991815,9.785574119999769,1.982455114334187,1.907630878998785,5.219563381200023,5.129699999999843,0.005,0.004913916764068953,,HYP-FCR-04,stress,1043.9126762400044,1053.6982503600043,68.99999999999977,0.7209000000000044,0.957136912193083,1,1,65.98999999999933,1.7098999999999478,5.0,316.08,0.3601000000000454,2,2022,12
SPY,2022-05-04,long,417.42,416.02,2022-05-04T16:20:00+00:00,2022-05-04T16:25:00+00:00,416.98,0.5100000000000477,415.88,419.18000000000006,2,2,2022-05-04T16:30:00+00:00,417.0,2022-05-04T18:01:00+00:00,419.1600000000001,TAKE_PROFIT,4.320000000000164,0.33446400000000004,0.07999999999992724,3.9855360000001636,1.9636363636363974,1.8116072727273096,5.128404597000016,2.2000000000000455,0.005,0.0021449165704349737,,HYP-FCR-04,stress,1025.6809194000032,1029.6664554000033,51.000000000004775,0.6535285714285725,0.7803790412486783,1,1,12.999999999999545,1.1000000000000227,5.0,415.385,0.49500000000000455,2,2022,12
QQQ,2022-05-06,short,311.73,305.105,2022-05-06T14:25:00+00:00,2022-05-06T14:35:00+00:00,308.87,0.2400000000000091,312.19,302.23,1,1,2022-05-06T14:40:00+00:00,308.82,2022-05-06T14:46:00+00:00,312.21,STOP_LOSS,-3.3899999999999864,0.124206,0.06999999999999318,-3.5142059999999864,-1.0210843373493956,-1.0584957831325281,5.268491251800022,3.319999999999993,0.005,0.003150807167863939,,HYP-FCR-04,stress,1053.6982503600043,1050.1840443600042,24.00000000000091,2.1464285714285682,0.11181364392679309,2,2,44.99999999999886,3.319999999999993,10.0,310.95,1.240000000000009,3,2022,10
SPY,2022-05-06,short,411.77,405.73,2022-05-06T15:35:00+00:00,2022-05-06T15:40:00+00:00,410.78,0.5500000000000114,411.96999999999997,408.4,2,2,2022-05-06T15:45:00+00:00,410.77000000000004,2022-05-06T16:06:00+00:00,411.98999999999995,STOP_LOSS,-2.439999999999827,0.329104,0.059999999999831743,-2.7691039999998273,-1.0252100840335427,-1.1634890756301817,5.148332277000017,2.3799999999999955,0.005,0.002311428120745583,,HYP-FCR-04,stress,1029.6664554000033,1026.8973514000036,55.00000000000114,1.6839357142857116,0.3266157937824302,1,1,18.999999999999773,1.1899999999999977,5.0,413.76,1.7900000000000205,2,2022,11
QQQ,2022-05-10,long,305.76,300.62,2022-05-10T17:25:00+00:00,2022-05-10T17:30:00+00:00,301.93,1.378599999999949,299.15000000000003,307.48999999999995,1,1,2022-05-10T17:35:00+00:00,301.959,2022-05-10T19:59:00+00:00,300.8,FORCED_SESSION_CLOSE,-1.1589999999999918,0.12055180000000001,0.04899999999997817,-1.279551799999992,-0.41690647482014503,-0.46027043165467785,5.250920221800022,2.7799999999999727,0.005,0.0026471550533736597,,HYP-FCR-04,stress,1050.1840443600042,1048.9044925600042,137.8599999999949,1.232921428571432,1.1181572223927623,1,1,145.99999999999795,2.7799999999999727,5.0,299.08,0.07000000000005002,2,2022,13
SPY,2022-05-11,short,403.17,395.22,2022-05-11T14:45:00+00:00,2022-05-11T14:50:00+00:00,401.461,0.060000000000002274,404.05,396.283,1,1,2022-05-11T14:55:00+00:00,401.46000000000004,2022-05-11T17:05:00+00:00,396.303,TAKE_PROFIT,5.157000000000039,0.15955260000000002,0.020999999999958163,4.9974474000000395,1.991888760139066,1.9302616454229595,5.134486757000018,2.5889999999999986,0.005,0.002521186753934391,,HYP-FCR-04,stress,1026.8973514000036,1031.8947988000036,6.000000000000227,1.886571428571423,0.031803725579283446,1,1,87.00000000000045,2.5889999999999986,5.0,403.78,0.27000000000003865,2,2022,10
SPY,2022-05-12,short,391.28,386.92,2022-05-12T15:45:00+00:00,2022-05-12T15:50:00+00:00,389.63,0.9899999999999523,391.56,385.77,2,2,2022-05-12T15:55:00+00:00,389.6,2022-05-12T16:32:00+00:00,391.58,STOP_LOSS,-3.9599999999999227,0.312472,0.09999999999990905,-4.272471999999922,-1.0259067357512717,-1.106858031088059,5.1594739940000185,3.8600000000000136,0.005,0.0037406914004110008,,HYP-FCR-04,stress,1031.8947988000036,1027.6223268000037,98.99999999999523,1.408064285714289,0.7030928985587761,1,1,27.000000000003865,1.9300000000000068,5.0,392.73,1.170000000000016,2,2022,11
QQQ,2022-05-12,short,290.25,285.04,2022-05-12T15:50:00+00:00,2022-05-12T15:55:00+00:00,288.78,0.6100000000000136,290.73,284.8799999999999,2,2,2022-05-12T16:00:00+00:00,288.76,2022-05-12T16:31:00+00:00,290.75,STOP_LOSS,-3.980000000000018,0.231804,0.07999999999992724,-4.2118040000000185,-1.0205128205128013,-1.0799497435897232,5.244522462800021,3.900000000000091,0.005,0.0037181650261422497,,HYP-FCR-04,stress,1048.9044925600042,1044.6926885600042,61.000000000001364,1.4826928571428613,0.411413595918631,1,1,47.00000000000273,1.9500000000000455,5.0,291.65999999999997,0.92999999999995,2,2022,12
QQQ,2022-05-13,short,299.29,294.0825,2022-05-13T18:00:00+00:00,2022-05-13T18:05:00+00:00,298.75,0.7450000000000045,299.90999999999997,296.43000000000006,3,3,2022-05-13T18:10:00+00:00,298.70000000000005,2022-05-13T18:31:00+00:00,299.92999999999995,STOP_LOSS,-3.6899999999997135,0.359178,0.209999999999809,-4.0491779999997135,-1.0603448275861536,-1.1635568965516738,5.223463442800021,3.4799999999999045,0.005,0.0033311231504804615,,HYP-FCR-04,stress,1044.6926885600042,1040.6435105600044,74.50000000000045,0.7661571428571351,0.9723853741306492,1,1,60.99999999999568,1.1599999999999682,5.0,300.37,0.4600000000000364,2,2022,14
SPY,2022-05-13,short,399.07,395.61,2022-05-13T18:00:00+00:00,2022-05-13T18:05:00+00:00,398.33,0.6399999999999864,399.36,396.2699999999999,2,2,2022-05-13T18:10:00+00:00,398.31,2022-05-13T18:31:00+00:00,399.38,STOP_LOSS,-2.1399999999999864,0.319076,0.07999999999992724,-2.4590759999999863,-1.0388349514562742,-1.193726213592192,5.138111634000019,2.060000000000059,0.005,0.002004627523435443,,HYP-FCR-04,stress,1027.6223268000037,1025.1632508000037,63.999999999998636,0.8196428571428669,0.7808278867102137,1,1,28.000000000002956,1.0300000000000296,5.0,400.015,0.6549999999999727,2,2022,14
QQQ,2022-05-16,long,301.23,297.821,2022-05-16T14:00:00+00:00,2022-05-16T14:10:00+00:00,299.82,0.7799999999999727,297.47,304.5199999999999,2,2,2022-05-16T14:15:00+00:00,299.82,2022-05-16T15:00:00+00:00,297.45000000000005,STOP_LOSS,-4.739999999999895,0.238908,0.03999999999996362,-4.978907999999896,-1.0085106382978648,-1.0593421276595676,5.203217552800022,4.699999999999932,0.005,0.004516436178486048,,HYP-FCR-04,stress,1040.6435105600044,1035.6646025600046,77.99999999999727,1.7210000000000036,0.45322486926204014,2,2,34.10000000000082,2.349999999999966,10.0,298.44,0.9699999999999704,3,2022,10
SPY,2022-05-16,short,401.29,397.6,2022-05-16T14:30:00+00:00,2022-05-16T14:50:00+00:00,398.87,0.23099999999999454,401.76,393.09000000000003,1,1,2022-05-16T14:55:00+00:00,398.90000000000003,2022-05-16T16:02:00+00:00,401.78,STOP_LOSS,-2.8799999999999386,0.16013600000000003,0.05000000000001137,-3.0401359999999387,-0.9965397923875268,-1.0519501730103644,5.125816254000019,2.8899999999999864,0.005,0.002819063205537972,,HYP-FCR-04,stress,1025.1632508000037,1022.1231148000037,23.099999999999454,1.2937785714285692,0.17854678157555826,4,4,45.999999999997954,2.8899999999999864,20.0,400.43,1.329999999999984,5,2022,10
QQQ,2022-05-17,long,305.54,303.02,2022-05-17T15:25:00+00:00,2022-05-17T15:30:00+00:00,304.09,0.37999999999999545,302.6,307.0699999999999,3,3,2022-05-17T15:35:00+00:00,304.115,2022-05-17T18:20:00+00:00,302.58000000000004,STOP_LOSS,-4.6049999999999045,0.36401700000000003,0.13500000000004775,-4.969016999999905,-1.0302013422818908,-1.1116369127516923,5.178323012800023,4.469999999999857,0.005,0.004316069110550559,,HYP-FCR-04,stress,1035.6646025600046,1030.6955855600047,37.999999999999545,0.7730214285714193,0.4915775759311791,1,1,40.99999999999682,1.4899999999999523,5.0,302.32,0.28000000000002956,2,2022,11
SPY,2022-05-17,long,406.63,404.4,2022-05-17T15:20:00+00:00,2022-05-17T15:30:00+00:00,405.87,0.3405999999999949,404.33,408.95000000000005,2,2,2022-05-17T15:35:00+00:00,405.89,2022-05-17T18:20:00+00:00,404.31,STOP_LOSS,-3.159999999999968,0.32408000000000003,0.07999999999992724,-3.484079999999968,-1.025974025974002,-1.1311948051947798,5.110615574000018,3.080000000000041,0.005,0.003013335629928198,,HYP-FCR-04,stress,1022.1231148000037,1018.6390348000037,34.05999999999949,0.7460285714285776,0.45655087893989976,2,2,6.000000000000227,1.5400000000000205,10.0,404.46000000000004,0.1300000000000523,3,2022,11
QQQ,2022-05-19,short,292.06,287.58,2022-05-19T16:35:00+00:00,2022-05-19T16:40:00+00:00,290.54,0.6499999999999773,292.55,286.52000000000004,2,2,2022-05-19T16:45:00+00:00,290.49,2022-05-19T18:38:00+00:00,292.57,STOP_LOSS,-4.159999999999968,0.233224,0.13999999999998636,-4.393223999999968,-1.034825870646763,-1.0928417910447732,5.153477927800024,4.019999999999982,0.005,0.003900278662604155,,HYP-FCR-04,stress,1030.6955855600047,1026.3023615600048,64.99999999999773,0.9488071428571426,0.6850707279064452,1,1,48.00000000000182,2.009999999999991,5.0,292.989,0.43899999999996453,2,2022,12
SPY,2022-05-19,short,391.79,387.11,2022-05-19T16:30:00+00:00,2022-05-19T16:40:00+00:00,389.35,0.5913999999999646,391.93,384.19000000000005,1,1,2022-05-19T16:45:00+00:00,389.28000000000003,2022-05-19T17:57:00+00:00,391.95,STOP_LOSS,-2.669999999999959,0.15624600000000002,0.08999999999997499,-2.826245999999959,-1.034883720930223,-1.0954441860465025,5.0931951740000185,2.579999999999984,0.005,0.002532791216376793,,HYP-FCR-04,stress,1018.6390348000037,1015.8127888000038,59.13999999999646,1.0552214285714285,0.5604510901570764,2,2,12.999999999999545,2.579999999999984,10.0,391.71999999999997,0.21000000000003638,3,2022,12
SPY,2022-05-23,long,394.44,391.1,2022-05-23T14:10:00+00:00,2022-05-23T14:15:00+00:00,392.995,0.19999999999998863,391.07,396.845,2,2,2022-05-23T14:20:00+00:00,393.0,2022-05-23T15:34:00+00:00,396.82500000000005,TAKE_PROFIT,7.650000000000091,0.31593000000000004,0.049999999999954525,7.334070000000091,1.9870129870129989,1.9049532467532593,5.079063944000019,3.8500000000000227,0.005,0.0037900684480927736,,HYP-FCR-04,stress,1015.8127888000038,1023.1468588000039,19.999999999998863,1.576890000000003,0.12683192866971588,1,1,2.0000000000038654,1.9250000000000114,5.0,391.1,0.03000000000002956,2,2022,10
QQQ,2022-05-23,long,292.005,288.1306,2022-05-23T14:25:00+00:00,2022-05-23T15:05:00+00:00,290.8,0.8700000000000045,287.90000000000003,296.59999999999997,1,1,2022-05-23T15:10:00+00:00,290.87,2022-05-23T19:59:00+00:00,293.42,FORCED_SESSION_CLOSE,2.5500000000000114,0.116858,0.08999999999997499,2.4331420000000112,0.8793103448275971,0.8390144827586311,5.131511807800024,2.8999999999999773,0.005,0.0028256779957048,,HYP-FCR-04,stress,1026.3023615600048,1028.7355035600049,87.00000000000045,1.4575714285714167,0.5968832696265883,8,8,22.059999999999036,2.8999999999999773,40.0,289.42,1.5199999999999818,9,2022,11
QQQ,2022-05-24,long,288.86,284.67,2022-05-24T15:45:00+00:00,2022-05-24T15:50:00+00:00,285.56,0.8199999999999932,284.44,287.8,3,3,2022-05-24T15:55:00+00:00,285.59999999999997,2022-05-24T16:15:00+00:00,287.78000000000003,TAKE_PROFIT,6.540000000000191,0.34402800000000006,0.1799999999998363,6.195972000000191,1.9464285714286205,1.844039285714335,5.1436775178000245,3.3600000000000136,0.005,0.0032661456597663043,,HYP-FCR-04,stress,1028.7355035600049,1034.931475560005,81.99999999999932,0.9585428571428614,0.8554651405406908,1,1,22.00000000000273,1.1200000000000045,5.0,283.94,0.5,2,2022,11
SPY,2022-05-24,long,393.6,390.66,2022-05-24T16:05:00+00:00,2022-05-24T16:10:00+00:00,391.679,0.25,390.01,395.01699999999994,2,2,2022-05-24T16:15:00+00:00,391.71,2022-05-24T16:33:00+00:00,389.99,STOP_LOSS,-3.439999999999941,0.31268,0.10199999999997544,-3.7526799999999407,-1.030557219892144,-1.1242300778909466,5.11573429400002,3.3379999999999654,0.005,0.0032624837493172125,,HYP-FCR-04,stress,1023.1468588000039,1019.3941788000039,25.0,0.9692571428571414,0.25792948944699956,1,1,64.00000000000432,1.6689999999999827,5.0,390.24,0.2300000000000182,2,2022,12
QQQ,2022-05-25,short,289.09,285.5,2022-05-25T15:30:00+00:00,2022-05-25T15:35:00+00:00,288.55,0.45050000000003365,289.51,286.63000000000005,3,3,2022-05-25T15:40:00+00:00,288.57,2022-05-25T15:58:00+00:00,289.53,STOP_LOSS,-2.8799999999999386,0.34686,0.11999999999989086,-3.2268599999999386,-1.0,-1.1204375000000026,5.174657377800026,2.8799999999999386,0.005,0.0027827929365483455,,HYP-FCR-04,stress,1034.931475560005,1031.704615560005,45.050000000003365,0.8652714285714264,0.5206458749525738,1,1,41.0000000000025,0.9599999999999795,5.0,289.76,0.25,2,2022,11
SPY,2022-05-25,short,395.36,391.89,2022-05-25T15:30:00+00:00,2022-05-25T15:35:00+00:00,394.58,0.45999999999997954,395.93,391.87999999999994,2,2,2022-05-25T15:40:00+00:00,394.56,2022-05-25T18:00:00+00:00,395.95,STOP_LOSS,-2.7799999999999727,0.316204,0.07999999999992724,-3.0962039999999726,-1.0296296296296021,-1.1467422222221928,5.09697089400002,2.7000000000000455,0.005,0.0026486319582267907,,HYP-FCR-04,stress,1019.3941788000039,1016.297974800004,45.999999999997954,0.8439571428571517,0.545051373630994,1,1,56.00000000000023,1.3500000000000227,5.0,396.2,0.2699999999999818,2,2022,11
SPY,2022-05-27,short,411.55,407.7,2022-05-27T14:55:00+00:00,2022-05-27T15:00:00+00:00,410.82,0.18500000000000227,411.63,409.2,2,2,2022-05-27T15:05:00+00:00,410.8,2022-05-27T15:12:00+00:00,411.65,STOP_LOSS,-1.6999999999999318,0.32898000000000005,0.07999999999992724,-2.028979999999932,-1.0493827160493376,-1.2524567901234112,5.08148987400002,1.6200000000000045,0.005,0.001594020690948245,,HYP-FCR-04,stress,1016.297974800004,1014.2689948000041,18.500000000000227,0.5843571428571457,0.3165872142769856,1,1,6.999999999999318,0.8100000000000023,5.0,411.56,0.06999999999999318,2,2022,11
SPY,2022-05-31,long,413.93,410.22,2022-05-31T14:10:00+00:00,2022-05-31T14:15:00+00:00,411.862,0.11000000000001364,410.02,415.5460000000001,2,2,2022-05-31T14:20:00+00:00,411.885,2022-05-31T16:03:00+00:00,415.5260000000001,TAKE_PROFIT,7.2820000000002665,0.33096440000000005,0.08599999999989905,6.951035600000266,1.9766558089033939,1.8868174809989442,5.07134497400002,3.6840000000000828,0.005,0.0036321725487886993,,HYP-FCR-04,stress,1014.2689948000041,1021.2200304000044,11.000000000001364,1.1478199999999958,0.09583384154311132,1,1,19.000000000005457,1.8420000000000414,5.0,410.05,0.03000000000002956,2,2022,10
QQQ,2022-05-31,long,309.35,305.28,2022-05-31T14:10:00+00:00,2022-05-31T14:20:00+00:00,306.63,0.4399999999999977,304.32,311.25,2,2,2022-05-31T14:25:00+00:00,306.65999999999997,2022-05-31T18:02:00+00:00,311.23,TAKE_PROFIT,9.1400000000001,0.24715600000000001,0.09999999999990905,8.8928440000001,1.978354978354998,1.9248580086580283,5.158523077800026,4.6200000000000045,0.005,0.004478025910054,,HYP-FCR-04,stress,1031.704615560005,1040.5974595600053,43.99999999999977,1.2412727272727322,0.35447487915628795,2,2,94.99999999999886,2.3100000000000023,10.0,304.34000000000003,0.020000000000038654,3,2022,10
QQQ,2022-06-02,short,306.54,303.4001,2022-06-02T14:20:00+00:00,2022-06-02T14:25:00+00:00,305.4784,0.7400000000000091,306.77,302.8952000000001,3,3,2022-06-02T14:30:00+00:00,305.46000000000004,2022-06-02T14:40:00+00:00,306.78999999999996,STOP_LOSS,-3.9899999999997817,0.36735,0.11519999999990205,-4.357349999999782,-1.029730566738904,-1.1245354598946828,5.202987297800027,3.8747999999998797,0.005,0.003723630078472666,,HYP-FCR-04,stress,1040.5974595600053,1036.2401095600055,74.00000000000091,1.4258166666666672,0.5190008065553137,1,1,21.999999999997044,1.29159999999996,5.0,307.71,0.9399999999999977,2,2022,10
SPY,2022-06-02,short,409.68,407.32,2022-06-02T14:15:00+00:00,2022-06-02T14:25:00+00:00,407.9663,0.8199999999999932,410.36,403.17889999999994,2,2,2022-06-02T14:30:00+00:00,407.94,2022-06-02T15:02:00+00:00,410.38,STOP_LOSS,-4.8799999999999955,0.327328,0.09259999999994761,-5.207327999999995,-1.0193424405731601,-1.0877152525379001,5.106100152000022,4.787400000000048,0.005,0.004687922149475328,,HYP-FCR-04,stress,1021.2200304000044,1016.0127024000044,81.99999999999932,1.4296749999999985,0.5735569272736769,2,2,67.00000000000159,2.393700000000024,10.0,410.3,0.060000000000002274,3,2022,10
SPY,2022-06-03,long,413.98,411.36,2022-06-03T16:50:00+00:00,2022-06-03T17:00:00+00:00,413.09,0.27010000000001355,411.05,417.1699999999999,2,2,2022-06-03T17:05:00+00:00,413.12,2022-06-03T17:19:00+00:00,411.03000000000003,STOP_LOSS,-4.17999999999995,0.32966000000000006,0.10000000000002274,-4.5096599999999505,-1.0245098039215745,-1.1053088235294193,5.080063512000022,4.079999999999927,0.005,0.0040156978257872514,,HYP-FCR-04,stress,1016.0127024000044,1011.5030424000045,27.010000000001355,0.8097714285714233,0.333550913838139,2,2,30.000000000001137,2.0399999999999636,10.0,411.58,0.5299999999999727,3,2022,13
QQQ,2022-06-03,long,310.14,307.5,2022-06-03T17:00:00+00:00,2022-06-03T17:05:00+00:00,307.91,0.05000000000001137,307.29,309.15000000000003,3,3,2022-06-03T17:10:00+00:00,307.91999999999996,2022-06-03T17:14:00+00:00,307.27000000000004,STOP_LOSS,-1.9499999999997613,0.36911400000000005,0.08999999999974762,-2.3191139999997614,-1.0483870967740574,-1.2468354838708304,5.181200547800028,1.8600000000000136,0.005,0.0017949507868304597,,HYP-FCR-04,stress,1036.2401095600055,1033.9209955600058,5.000000000001137,0.7482714285714239,0.06682067240689622,1,1,19.999999999998863,0.6200000000000045,5.0,307.1,0.18999999999999773,2,2022,13
QQQ,2022-06-06,short,311.79,309.04,2022-06-06T15:00:00+00:00,2022-06-06T15:10:00+00:00,309.49,0.9499999999999886,311.9384,304.5932,2,2,2022-06-06T15:15:00+00:00,309.48,2022-06-06T19:59:00+00:00,307.27,FORCED_SESSION_CLOSE,4.420000000000073,0.2467,0.05999999999994543,4.173300000000073,0.9026302891684542,0.8522504492730122,5.169604977800029,4.896799999999985,0.005,0.004736145238396785,,HYP-FCR-04,stress,1033.9209955600058,1038.094295560006,94.99999999999886,0.769364285714285,1.2347856764861391,2,2,13.839999999999009,2.4483999999999924,10.0,311.63,0.308400000000006,3,2022,11
SPY,2022-06-06,short,415.495,413.66,2022-06-06T15:05:00+00:00,2022-06-06T15:10:00+00:00,414.43,0.5099999999999909,416.18,410.93,2,2,2022-06-06T15:15:00+00:00,414.41,2022-06-06T16:30:00+00:00,410.95,TAKE_PROFIT,6.920000000000073,0.33014400000000005,0.07999999999992724,6.589856000000073,1.977142857142878,1.882816000000021,5.057515212000022,3.5,0.005,0.0034601972048403447,,HYP-FCR-04,stress,1011.5030424000045,1018.0928984000045,50.99999999999909,0.6852714285714318,0.7442306489607704,1,1,67.50000000000114,1.75,5.0,416.09999999999997,0.08000000000004093,2,2022,11
QQQ,2022-06-08,long,311.72,307.95,2022-06-08T19:20:00+00:00,2022-06-08T19:25:00+00:00,308.14,0.12999999999999545,307.63370000000003,309.1525999999999,3,3,2022-06-08T19:30:00+00:00,308.18,2022-06-08T19:46:00+00:00,307.61370000000005,STOP_LOSS,-1.6988999999998668,0.36947622,0.18000000000000682,-2.068376219999867,-1.1185068141418286,-1.3617593126605159,5.19047147780003,1.51889999999986,0.005,0.001463161878931702,,HYP-FCR-04,stress,1038.094295560006,1036.025919340006,12.999999999999545,0.5581785714285681,0.23290037750335238,1,1,30.62999999999647,0.5062999999999533,5.0,307.73,0.09629999999998518,2,2022,15
SPY,2022-06-09,short,411.69,408.42,2022-06-09T14:00:00+00:00,2022-06-09T14:05:00+00:00,409.81,0.061399999999991905,411.75,405.93,2,2,2022-06-09T14:10:00+00:00,409.81,2022-06-09T19:04:00+00:00,405.95,TAKE_PROFIT,7.720000000000027,0.32630400000000004,0.03999999999996362,7.393696000000027,1.989690721649494,1.9055917525773287,5.090464492000023,3.8799999999999955,0.005,0.003811047111808415,,HYP-FCR-04,stress,1018.0928984000045,1025.4865944000046,6.1399999999991905,1.4157375000000059,0.04336962184020106,1,1,5.000000000001137,1.9399999999999977,5.0,411.65999999999997,0.09000000000003183,2,2022,10
QQQ,2022-06-09,short,308.62,305.01,2022-06-09T14:40:00+00:00,2022-06-09T14:45:00+00:00,307.5199,0.18009999999998172,308.835,304.88970000000006,3,3,2022-06-09T14:50:00+00:00,307.46000000000004,2022-06-09T18:23:00+00:00,304.90970000000004,TAKE_PROFIT,7.650899999999979,0.36742182000000007,0.23969999999985703,7.283478179999979,1.9392441639419404,1.8461151699490865,5.180129596700031,3.945299999999918,0.005,0.003808109359380938,,HYP-FCR-04,stress,1036.025919340006,1043.309397520006,18.009999999998172,1.0339857142857178,0.17418035618064187,1,1,20.49999999999841,1.3150999999999726,5.0,308.76,0.07499999999998863,2,2022,10
QQQ,2022-06-13,long,282.34,279.64,2022-06-13T16:30:00+00:00,2022-06-13T16:35:00+00:00,281.0119,0.6600999999999999,278.85,285.33570000000003,2,2,2022-06-13T16:40:00+00:00,281.0499,2022-06-13T16:56:00+00:00,278.83000000000004,STOP_LOSS,-4.439799999999877,0.22395196,0.11599999999987176,-4.663751959999877,-1.0268282529256376,-1.078623423840111,5.21654698760003,4.323800000000006,0.005,0.0041443123298590765,,HYP-FCR-04,stress,1043.309397520006,1038.6456455600062,66.00999999999999,0.9684857142857278,0.6815794908103866,1,1,77.99999999999727,2.161900000000003,5.0,278.7521,0.09790000000003829,2,2022,12
SPY,2022-06-13,long,381.81,379.18,2022-06-13T16:30:00+00:00,2022-06-13T16:35:00+00:00,381.017,0.535000000000025,378.62,385.811,2,2,2022-06-13T16:40:00+00:00,381.03,2022-06-13T16:56:00+00:00,378.6,STOP_LOSS,-4.8599999999999,0.303852,0.06599999999991724,-5.1638519999999,-1.0137672090112468,-1.0771489361701958,5.127432972000023,4.793999999999983,0.005,0.004674853894901351,,HYP-FCR-04,stress,1025.4865944000046,1020.3227424000047,53.5000000000025,1.2072000000000125,0.44317428760770333,1,1,55.00000000000114,2.3969999999999914,5.0,378.91,0.29000000000002046,2,2022,12
SPY,2022-06-14,short,377.63,374.5,2022-06-14T14:00:00+00:00,2022-06-14T14:10:00+00:00,375.38,0.3826999999999998,377.95,370.24,1,1,2022-06-14T14:15:00+00:00,375.35,2022-06-14T19:59:00+00:00,373.84,FORCED_SESSION_CLOSE,1.5100000000000477,0.14983800000000003,0.049999999999954525,1.3601620000000478,0.5875486381323158,0.5292459143969072,5.101613712000024,2.569999999999993,0.005,0.002518810855822772,,HYP-FCR-04,stress,1020.3227424000047,1021.6829044000048,38.26999999999998,1.3739333333333295,0.2785433548449713,2,2,31.000000000000227,2.569999999999993,10.0,377.45,0.5,3,2022,10
QQQ,2022-06-14,long,278.37,274.76,2022-06-14T14:45:00+00:00,2022-06-14T14:50:00+00:00,276.12,0.6100000000000136,274.53000000000003,279.29999999999995,3,3,2022-06-14T14:55:00+00:00,276.145,2022-06-14T19:08:00+00:00,274.51000000000005,STOP_LOSS,-4.904999999999802,0.33039300000000005,0.13499999999987722,-5.235392999999802,-1.0283018867924276,-1.0975666666666424,5.193228227800031,4.769999999999925,0.005,0.004592519133345123,,HYP-FCR-04,stress,1038.6456455600062,1033.4102525600065,61.000000000001364,1.2157142857142884,0.5017626321974249,1,1,21.999999999997044,1.589999999999975,5.0,274.65000000000003,0.12000000000000455,2,2022,10
QQQ,2022-06-15,short,280.91,278.76,2022-06-15T14:15:00+00:00,2022-06-15T14:20:00+00:00,280.51,0.01999999999998181,281.21,279.11,3,3,2022-06-15T14:25:00+00:00,280.47,2022-06-15T14:46:00+00:00,279.13,TAKE_PROFIT,4.0200000000000955,0.33576000000000006,0.1799999999998363,3.6842400000000954,1.9142857142857908,1.754400000000074,5.167051262800032,2.099999999999966,0.005,0.0020321067986288693,,HYP-FCR-04,stress,1033.4102525600065,1037.0944925600065,1.999999999998181,1.034109090909076,0.019340319291072078,1,1,28.999999999996362,0.6999999999999886,5.0,281.11,0.0999999999999659,2,2022,10
SPY,2022-06-15,short,379.13,376.7,2022-06-15T14:10:00+00:00,2022-06-15T14:45:00+00:00,377.3999,0.1500000000000341,379.38,373.4397,2,2,2022-06-15T14:50:00+00:00,377.36,2022-06-15T18:00:00+00:00,379.4,STOP_LOSS,-4.079999999999927,0.30270400000000003,0.11979999999994106,-4.3827039999999275,-1.0302509974243577,-1.1066875410332666,5.108414522000024,3.960199999999986,0.005,0.003876153729248959,,HYP-FCR-04,stress,1021.6829044000048,1017.3002004000049,15.00000000000341,0.7364571428571358,0.20367783985107246,7,7,24.00000000000091,1.980099999999993,35.0,377.94,1.4399999999999977,8,2022,10
SPY,2022-06-16,long,370.94,368.01,2022-06-16T14:20:00+00:00,2022-06-16T14:25:00+00:00,368.93,0.07499999999998863,367.56,371.67,2,2,2022-06-16T14:30:00+00:00,368.96,2022-06-16T14:41:00+00:00,367.54,STOP_LOSS,-2.839999999999918,0.29460000000000003,0.09999999999990905,-3.134599999999918,-1.0364963503649303,-1.1440145985401122,5.086501002000024,2.740000000000009,0.005,0.002693403578336694,,HYP-FCR-04,stress,1017.3002004000049,1014.165600400005,7.499999999998863,1.1870750000000025,0.06318050670765409,1,1,43.99999999999977,1.3700000000000045,5.0,367.56,0.0,2,2022,10
QQQ,2022-06-17,long,276.06,272.03,2022-06-17T15:00:00+00:00,2022-06-17T15:05:00+00:00,274.02,0.37999999999999545,270.93,280.19999999999993,1,1,2022-06-17T15:10:00+00:00,274.04999999999995,2022-06-17T19:59:00+00:00,274.69,FORCED_SESSION_CLOSE,0.6400000000000432,0.10974800000000001,0.049999999999954525,0.5302520000000432,0.2071197411003393,0.17160258899677913,5.185472462800033,3.089999999999975,0.005,0.0029794777835262555,,HYP-FCR-04,stress,1037.0944925600065,1037.6247445600065,37.999999999999545,1.183028571428569,0.3212094865478401,1,1,108.9999999999975,3.089999999999975,5.0,271.34000000000003,0.410000000000025,2,2022,11
SPY,2022-06-17,long,369.38,365.43,2022-06-17T16:55:00+00:00,2022-06-17T17:05:00+00:00,368.01,0.6050000000000182,365.06,373.90999999999997,1,1,2022-06-17T17:10:00+00:00,368.03999999999996,2022-06-17T19:59:00+00:00,365.82,FORCED_SESSION_CLOSE,-2.2199999999999704,0.14677199999999999,0.049999999999954525,-2.3667719999999703,-0.7525423728813488,-0.8022955932203321,5.070828002000026,2.9499999999999886,0.005,0.002908795169976635,,HYP-FCR-04,stress,1014.165600400005,1011.798828400005,60.50000000000182,1.0004857142857142,0.6047062855184807,2,2,36.000000000001364,2.9499999999999886,10.0,365.22,0.160000000000025,3,2022,13
QQQ,2022-06-21,short,282.345,278.64,2022-06-21T17:35:00+00:00,2022-06-21T18:00:00+00:00,281.3,0.07999999999998408,282.36,279.18,3,3,2022-06-21T18:05:00+00:00,281.28900000000004,2022-06-21T19:10:00+00:00,282.38,STOP_LOSS,-3.272999999999854,0.33820140000000004,0.0929999999998472,-3.611201399999854,-1.02924528301882,-1.1355979245282535,5.188123722800033,3.180000000000007,0.005,0.00306469175554256,,HYP-FCR-04,stress,1037.6247445600065,1034.0135431600067,7.999999999998408,0.4199214285714317,0.19051183044443157,5,5,0.49999999999954525,1.0600000000000023,25.0,282.03,0.3300000000000409,6,2022,14
SPY,2022-06-21,short,374.91,371.81,2022-06-21T17:55:00+00:00,2022-06-21T18:00:00+00:00,374.74,0.11000000000001364,375.07,374.08000000000004,2,2,2022-06-21T18:05:00+00:00,374.71000000000004,2022-06-21T18:08:00+00:00,375.09,STOP_LOSS,-0.7599999999998772,0.29992,0.09999999999990905,-1.0599199999998772,-1.151515151515021,-1.6059393939392852,5.058994142000025,0.6599999999999682,0.005,0.0006523035819715769,,HYP-FCR-04,stress,1011.798828400005,1010.7389084000051,11.000000000001364,0.41884285714286307,0.2626283297520668,1,1,14.999999999997726,0.3299999999999841,5.0,375.2799,0.20990000000000464,2,2022,14
QQQ,2022-06-22,short,282.11,277.91,2022-06-22T15:50:00+00:00,2022-06-22T15:55:00+00:00,281.34,0.07409999999998718,282.48,279.0599999999999,3,3,2022-06-22T16:00:00+00:00,281.3,2022-06-22T16:34:00+00:00,282.5,STOP_LOSS,-3.599999999999966,0.33828,0.1799999999998363,-3.938279999999966,-1.0526315789473186,-1.1515438596490692,5.170067715800034,3.4200000000001296,0.005,0.003307500199222156,,HYP-FCR-04,stress,1034.0135431600067,1030.0752631600067,7.409999999998718,0.7543499999999922,0.09823026446608066,1,1,36.000000000001364,1.1400000000000432,5.0,282.62989999999996,0.14989999999994552,2,2022,12
SPY,2022-06-23,short,377.38,374.8,2022-06-23T14:05:00+00:00,2022-06-23T14:10:00+00:00,375.95,0.2699999999999818,377.44,372.96999999999997,2,2,2022-06-23T14:15:00+00:00,375.93,2022-06-23T14:40:00+00:00,377.46,STOP_LOSS,-3.0599999999999454,0.301356,0.07999999999992724,-3.3613559999999456,-1.026845637583868,-1.1279718120805118,5.053694542000025,2.980000000000018,0.005,0.002948338067560241,,HYP-FCR-04,stress,1010.7389084000051,1007.3775524000051,26.99999999999818,1.3911111111111216,0.19408945686899504,1,1,5.000000000001137,1.490000000000009,5.0,377.17,0.2699999999999818,2,2022,10
QQQ,2022-06-23,short,283.78,280.31,2022-06-23T15:35:00+00:00,2022-06-23T15:40:00+00:00,283.5901,0.0999999999999659,283.86,283.0503,3,3,2022-06-23T15:45:00+00:00,283.55,2022-06-23T15:50:00+00:00,283.88,STOP_LOSS,-0.9899999999999523,0.340458,0.18029999999993152,-1.3304579999999522,-1.222675064838739,-1.6431493145608473,5.150376315800034,0.8097000000000207,0.005,0.0007860590667094255,,HYP-FCR-04,stress,1030.0752631600067,1028.7448051600068,9.99999999999659,0.8145571428571381,0.12276609551198116,1,1,7.000000000005002,0.2699000000000069,5.0,284.5,0.6399999999999864,2,2022,11
QQQ,2022-06-27,long,296.5799,291.92,2022-06-27T19:05:00+00:00,2022-06-27T19:15:00+00:00,292.79,0.25,291.54,295.29,3,3,2022-06-27T19:20:00+00:00,292.79499999999996,2022-06-27T19:52:00+00:00,291.52000000000004,STOP_LOSS,-3.8249999999997613,0.35058900000000004,0.07499999999976126,-4.1755889999997615,-1.0199999999999363,-1.1134903999999364,5.143724025800034,3.75,0.005,0.0036452188931508046,,HYP-FCR-04,stress,1028.7448051600068,1024.569216160007,25.0,0.5495357142857082,0.4549294859296859,2,2,37.000000000000455,1.25,10.0,291.90000000000003,0.36000000000001364,3,2022,15
SPY,2022-06-27,long,391.36,387.52,2022-06-27T19:05:00+00:00,2022-06-27T19:15:00+00:00,389.04,0.30000000000001137,387.45,392.2200000000001,2,2,2022-06-27T19:20:00+00:00,389.03999999999996,2022-06-27T19:53:00+00:00,387.43,STOP_LOSS,-3.2199999999999136,0.31058800000000003,0.04000000000007731,-3.5305879999999137,-1.0125786163521537,-1.110247798742089,5.036887762000026,3.1800000000000637,0.005,0.003156711197727149,,HYP-FCR-04,stress,1007.3775524000051,1003.8469644000052,30.000000000001137,0.6242500000000015,0.48057669203045356,2,2,6.000000000000227,1.5900000000000318,10.0,387.8231,0.3731000000000222,3,2022,15
QQQ,2022-06-29,short,284.7,280.84,2022-06-29T14:10:00+00:00,2022-06-29T14:15:00+00:00,282.6105,0.2400000000000091,285.0,277.8315,2,2,2022-06-29T14:20:00+00:00,282.58000000000004,2022-06-29T14:45:00+00:00,285.02,STOP_LOSS,-4.879999999999882,0.22704000000000002,0.1009999999998854,-5.1070399999998815,-1.0211341284787372,-1.068641975308618,5.122846080800035,4.778999999999996,0.005,0.004664399363774814,,HYP-FCR-04,stress,1024.569216160007,1019.4621761600072,24.00000000000091,1.5935499999999991,0.15060713501302703,1,1,29.000000000002046,2.389499999999998,5.0,284.93,0.06999999999999318,2,2022,10
SPY,2022-06-29,short,381.91,378.42,2022-06-29T14:10:00+00:00,2022-06-29T14:20:00+00:00,380.37,0.6599999999999682,382.13,376.85,2,2,2022-06-29T14:25:00+00:00,380.36,2022-06-29T14:45:00+00:00,382.15,STOP_LOSS,-3.5799999999999272,0.305004,0.05999999999994543,-3.885003999999927,-1.017045454545439,-1.103694318181803,5.019234822000026,3.519999999999982,0.005,0.0035065105786357288,,HYP-FCR-04,stress,1003.8469644000052,999.9619604000052,65.99999999999682,1.3706545454545458,0.4815217679675038,2,2,20.999999999997954,1.759999999999991,10.0,381.34499999999997,0.785000000000025,3,2022,10
SPY,2022-06-30,long,377.0,373.05,2022-06-30T14:10:00+00:00,2022-06-30T14:15:00+00:00,373.55,0.01999999999998181,372.83,374.99000000000007,2,2,2022-06-30T14:20:00+00:00,373.58,2022-06-30T14:34:00+00:00,374.9700000000001,TAKE_PROFIT,2.7800000000002,0.29942,0.09999999999990905,2.4805800000002,1.9305555555556213,1.7226250000000736,4.999809802000026,1.4400000000000546,0.005,0.0014400547791078224,,HYP-FCR-04,stress,999.9619604000052,1002.4425404000053,1.999999999998181,1.0775500000000022,0.018560623636937282,1,1,21.000000000003638,0.7200000000000273,5.0,372.76,0.06999999999999318,2,2022,10
QQQ,2022-06-30,long,281.5196,276.81,2022-06-30T14:30:00+00:00,2022-06-30T14:35:00+00:00,277.52,0.5600000000000023,276.4911,279.5777999999999,3,3,2022-06-30T14:40:00+00:00,277.53499999999997,2022-06-30T15:09:00+00:00,279.55779999999993,TAKE_PROFIT,6.068399999999883,0.33425567999999994,0.1049999999999045,5.734144319999883,1.9659830887355725,1.857694081057466,5.097310880800036,3.086699999999894,0.005,0.0030277729494845216,,HYP-FCR-04,stress,1019.4621761600072,1025.196320480007,56.00000000000023,1.1695285714285757,0.47882541194864864,1,1,30.889999999999418,1.0288999999999646,5.0,276.535,0.04390000000000782,2,2022,10
SPY,2022-07-01,short,379.71,375.75,2022-07-01T14:00:00+00:00,2022-07-01T14:05:00+00:00,377.8131,0.2599999999999909,380.03999999999996,373.35930000000013,2,2,2022-07-01T14:10:00+00:00,377.805,2022-07-01T16:59:00+00:00,375.69,FORCED_SESSION_CLOSE,4.230000000000018,0.301398,0.056199999999989814,3.9286020000000184,0.9497507746194542,0.8820786743904346,5.012212702000027,4.453799999999887,0.005,0.004442947920209656,,HYP-FCR-04,stress,1002.4425404000053,1006.3711424000054,25.99999999999909,1.5762500000000017,0.16494845360824148,1,1,31.999999999999318,2.2268999999999437,5.0,379.07,0.9699999999999704,2,2022,10
QQQ,2022-07-01,short,281.82,277.4,2022-07-01T14:00:00+00:00,2022-07-01T14:15:00+00:00,279.2201,0.4900000000000091,282.27,273.12030000000004,1,1,2022-07-01T14:20:00+00:00,279.20000000000005,2022-07-01T16:59:00+00:00,277.9,FORCED_SESSION_CLOSE,1.3000000000000682,0.11142,0.04009999999993852,1.1885800000000681,0.42624348339292334,0.3897111380701256,5.125981602400035,3.0498999999999796,0.005,0.0029749423979321212,,HYP-FCR-04,stress,1025.196320480007,1026.384900480007,49.00000000000091,1.6889999999999872,0.2901124925991787,3,3,43.99999999999977,3.0498999999999796,15.0,280.88,1.3899999999999864,4,2022,10
SPY,2022-07-05,long,376.33,373.28,2022-07-05T14:05:00+00:00,2022-07-05T14:15:00+00:00,374.1895,0.01999999999998181,372.91,376.7485,2,2,2022-07-05T14:20:00+00:00,374.19,2022-07-05T16:23:00+00:00,376.7285,TAKE_PROFIT,5.076999999999998,0.3003674,0.04099999999993997,4.776632599999998,1.9839781164517623,1.866601250488494,5.031855712000027,2.558999999999969,0.005,0.002542799462529536,,HYP-FCR-04,stress,1006.3711424000054,1011.1477750000054,1.999999999998181,1.271960000000007,0.015723764898252852,2,2,35.99999999999568,1.2794999999999845,10.0,373.17,0.2599999999999909,3,2022,10
QQQ,2022-07-06,long,288.7355,285.63,2022-07-06T15:30:00+00:00,2022-07-06T17:00:00+00:00,287.49,0.11000000000001364,285.58,291.31000000000006,2,2,2022-07-06T17:05:00+00:00,287.52,2022-07-06T19:59:00+00:00,288.73,FORCED_SESSION_CLOSE,2.4200000000000728,0.2305,0.09999999999990905,2.1895000000000726,0.6335078534031521,0.5731675392670272,5.131924502400035,3.82000000000005,0.005,0.003721800659980052,,HYP-FCR-04,stress,1026.384900480007,1028.5744004800072,11.000000000001364,0.5074999999999891,0.21674876847293795,18,18,4.000000000002046,1.910000000000025,90.0,287.01,1.4300000000000068,19,2022,13
SPY,2022-07-06,long,383.66,380.81,2022-07-06T16:55:00+00:00,2022-07-06T17:00:00+00:00,381.35,0.1150000000000091,380.61,382.83000000000004,2,2,2022-07-06T17:05:00+00:00,381.40999999999997,2022-07-06T18:06:00+00:00,382.81000000000006,TAKE_PROFIT,2.800000000000182,0.305688,0.15999999999985448,2.494312000000182,1.8918918918919916,1.6853459459460483,5.055738875000027,1.4800000000000182,0.005,0.0014636831891362372,,HYP-FCR-04,stress,1011.1477750000054,1013.6420870000055,11.50000000000091,0.5589000000000023,0.20576131687244342,1,1,18.999999999999773,0.7400000000000091,5.0,380.71000000000004,0.10000000000002274,2,2022,13
SPY,2022-07-08,long,388.54,385.8738,2022-07-08T14:00:00+00:00,2022-07-08T14:15:00+00:00,387.21,0.3199999999999932,385.65000000000003,390.32999999999987,2,2,2022-07-08T14:20:00+00:00,387.25,2022-07-08T15:10:00+00:00,390.3099999999999,TAKE_PROFIT,6.119999999999777,0.31102399999999997,0.12000000000000455,5.808975999999777,1.9615384615384588,1.8618512820512758,5.068210435000028,3.119999999999891,0.005,0.0030780095262558627,,HYP-FCR-04,stress,1013.6420870000055,1019.4510630000053,31.999999999999318,0.9541099999999971,0.3353910974625506,3,3,21.3799999999992,1.5599999999999454,15.0,386.44,0.7899999999999636,4,2022,10
QQQ,2022-07-08,short,293.87,291.12,2022-07-08T16:35:00+00:00,2022-07-08T16:40:00+00:00,293.21,0.05570000000000164,294.0,291.62999999999994,3,3,2022-07-08T16:45:00+00:00,293.17,2022-07-08T17:26:00+00:00,294.02,STOP_LOSS,-2.5499999999998977,0.352314,0.1799999999998363,-2.9023139999998975,-1.0759493670885365,-1.2246050632910643,5.142872002400036,2.3700000000000614,0.005,0.002304160009129187,,HYP-FCR-04,stress,1028.5744004800072,1025.6720864800072,5.570000000000164,0.653964285714291,0.08517284692261663,1,1,12.000000000000455,0.7900000000000205,5.0,293.78,0.22000000000002728,2,2022,12
QQQ,2022-07-11,long,293.11,288.2,2022-07-11T14:00:00+00:00,2022-07-11T14:30:00+00:00,289.94,9.999999997489795e-05,288.13,293.56,2,2,2022-07-11T14:35:00+00:00,289.97999999999996,2022-07-11T19:59:00+00:00,288.96000000000004,FORCED_SESSION_CLOSE,-2.03999999999985,0.23157600000000003,0.11999999999989086,-2.27157599999985,-0.5635359116021678,-0.6275071823203997,5.1283604324000365,3.6200000000000045,0.005,0.003529393114736546,,HYP-FCR-04,stress,1025.6720864800072,1023.4005104800074,0.009999999997489795,0.9885692307692318,0.00010115629423048633,6,6,6.000000000000227,1.8100000000000023,30.0,289.01,0.8799999999999955,7,2022,10
SPY,2022-07-11,long,386.87,383.67,2022-07-11T14:20:00+00:00,2022-07-11T15:10:00+00:00,384.9,0.2699999999999818,383.65000000000003,387.39999999999986,2,2,2022-07-11T15:15:00+00:00,384.9414,2022-07-11T19:50:00+00:00,383.63000000000005,STOP_LOSS,-2.62279999999987,0.30742856,0.12279999999998381,-2.93022855999987,-1.0491199999999958,-1.1720914240000013,5.097255315000027,2.4999999999998863,0.005,0.002452300155186432,,HYP-FCR-04,stress,1019.4510630000053,1016.5208344400055,26.99999999999818,0.6810000000000035,0.3964757709250814,10,10,0.9999999999990905,1.2499999999999432,50.0,384.1,0.44999999999998863,11,2022,11
QQQ,2022-07-12,long,292.28,288.03,2022-07-12T14:50:00+00:00,2022-07-12T15:10:00+00:00,289.42,0.12069999999999936,287.524,293.21200000000005,2,2,2022-07-12T15:15:00+00:00,289.49,2022-07-12T18:57:00+00:00,287.504,STOP_LOSS,-3.97199999999998,0.23079760000000002,0.17999999999994998,-4.20279759999998,-1.0474683544303662,-1.1083327004219268,5.117002552400037,3.79200000000003,0.005,0.0037052942236871288,,HYP-FCR-04,stress,1023.4005104800074,1019.1977128800074,12.069999999999936,0.9491357142857046,0.12716832607108786,4,4,49.59999999999809,1.896000000000015,20.0,288.33,0.8059999999999832,5,2022,11
SPY,2022-07-12,long,386.16,383.59,2022-07-12T15:05:00+00:00,2022-07-12T15:10:00+00:00,384.7432,0.09000000000003183,383.49,387.2496,2,2,2022-07-12T15:15:00+00:00,384.78,2022-07-12T18:32:00+00:00,383.47,STOP_LOSS,-2.619999999999891,0.3073,0.11359999999990578,-2.927299999999891,-1.0453239706351367,-1.16793009894666,5.0826041722000275,2.506399999999985,0.005,0.0024656651542029084,,HYP-FCR-04,stress,1016.5208344400055,1013.5935344400056,9.000000000003183,0.7967214285714265,0.11296294636057136,1,1,8.999999999997499,1.2531999999999925,5.0,383.77,0.2799999999999727,2,2022,11
SPY,2022-07-14,long,374.4,371.7416,2022-07-14T14:45:00+00:00,2022-07-14T15:25:00+00:00,374.2,0.03500000000002501,371.66,379.2799999999999,1,1,2022-07-14T15:30:00+00:00,374.21,2022-07-14T19:59:00+00:00,377.94,FORCED_SESSION_CLOSE,3.730000000000018,0.15043,0.029999999999972715,3.579570000000018,1.4685039370079023,1.4092795275590824,5.0679676722000275,2.5399999999999636,0.005,0.0025059354797515292,,HYP-FCR-04,stress,1013.5935344400056,1017.1731044400055,3.500000000002501,0.8282214285714247,0.04225923019209429,8,8,7.159999999998945,2.5399999999999636,40.0,373.2,1.5399999999999636,9,2022,11
QQQ,2022-07-14,short,283.93,280.68,2022-07-14T16:20:00+00:00,2022-07-14T16:30:00+00:00,283.48,0.04989999999997963,284.49,281.46000000000004,3,3,2022-07-14T16:35:00+00:00,283.46000000000004,2022-07-14T17:28:00+00:00,284.51,STOP_LOSS,-3.1499999999998636,0.34078200000000003,0.11999999999989086,-3.4907819999998635,-1.039603960396004,-1.152073267326698,5.095988564400037,3.0299999999999727,0.005,0.002972926608555588,,HYP-FCR-04,stress,1019.1977128800074,1015.7069308800076,4.989999999997963,0.6951142857142908,0.07178675654565639,2,2,55.00000000000114,1.009999999999991,10.0,284.15999999999997,0.3300000000000409,3,2022,12
QQQ,2022-07-15,short,291.23,288.08,2022-07-15T14:00:00+00:00,2022-07-15T14:45:00+00:00,290.0299,0.17009999999999081,291.34,287.40970000000004,3,3,2022-07-15T14:50:00+00:00,290.01,2022-07-15T15:15:00+00:00,291.35999999999996,STOP_LOSS,-4.049999999999898,0.348822,0.11969999999996617,-4.398821999999898,-1.0304556904053046,-1.1192076940691484,5.078534654400038,3.9302999999999315,0.005,0.003869521690272137,,HYP-FCR-04,stress,1015.7069308800076,1011.3081088800077,17.00999999999908,1.0564214285714277,0.16101528745967675,9,9,9.99999999999659,1.3100999999999772,45.0,290.63,0.7099999999999795,10,2022,10
SPY,2022-07-18,long,389.09,387.67,2022-07-18T15:30:00+00:00,2022-07-18T15:40:00+00:00,388.37,0.04450000000002774,387.39,390.33000000000004,2,2,2022-07-18T15:45:00+00:00,388.38,2022-07-18T16:53:00+00:00,387.37,STOP_LOSS,-2.019999999999982,0.3103,0.05999999999994543,-2.3302999999999816,-1.0306122448979307,-1.18892857142854,5.085865522200028,1.9600000000000364,0.005,0.0019269089906570965,,HYP-FCR-04,stress,1017.1731044400055,1014.8428044400056,4.450000000002774,0.4197071428571389,0.10602631086308383,2,2,27.000000000003865,0.9800000000000182,10.0,387.63,0.2400000000000091,3,2022,11
SPY,2022-07-20,long,392.93,391.31,2022-07-20T14:05:00+00:00,2022-07-20T14:10:00+00:00,392.245,0.060000000000002274,391.02,394.69500000000005,2,2,2022-07-20T14:15:00+00:00,392.28,2022-07-20T14:36:00+00:00,394.67500000000007,TAKE_PROFIT,4.790000000000191,0.314782,0.10999999999989996,4.475218000000191,1.9551020408163682,1.8266195918367787,5.074214022200028,2.4500000000000455,0.005,0.002414166991460284,,HYP-FCR-04,stress,1014.8428044400056,1019.3180224400057,6.000000000000227,0.7541888888888858,0.0795556668680146,1,1,28.000000000002956,1.2250000000000227,5.0,391.45,0.4300000000000068,2,2022,10
QQQ,2022-07-21,short,304.3,301.7,2022-07-21T14:00:00+00:00,2022-07-21T14:05:00+00:00,302.79,0.33089999999998554,304.89,298.5900000000001,2,2,2022-07-21T14:10:00+00:00,302.74,2022-07-21T15:37:00+00:00,304.90999999999997,STOP_LOSS,-4.339999999999918,0.24306,0.13999999999998636,-4.583059999999918,-1.0333333333333306,-1.09120476190476,5.056540544400039,4.199999999999932,0.005,0.004153037005360613,,HYP-FCR-04,stress,1011.3081088800077,1006.7250488800078,33.089999999998554,1.4383875000000046,0.23004927392652152,1,1,57.99999999999841,2.099999999999966,5.0,304.26,0.6299999999999955,2,2022,10
SPY,2022-07-21,short,395.5,392.77,2022-07-21T14:00:00+00:00,2022-07-21T14:05:00+00:00,393.67,0.6406000000000063,395.77,389.4700000000001,2,2,2022-07-21T14:10:00+00:00,393.66,2022-07-21T15:34:00+00:00,395.78999999999996,STOP_LOSS,-4.259999999999877,0.31578000000000006,0.05999999999994543,-4.575779999999877,-1.0142857142857016,-1.089471428571417,5.096590112200029,4.199999999999932,0.005,0.004120401982048868,,HYP-FCR-04,stress,1019.3180224400057,1014.7422424400058,64.06000000000063,1.2861375000000095,0.49808049294885,1,1,25.99999999999909,2.099999999999966,5.0,395.34999999999997,0.4200000000000159,2,2022,10
QQQ,2022-07-22,long,308.55,305.46,2022-07-22T14:10:00+00:00,2022-07-22T14:15:00+00:00,306.293,0.4300000000000068,305.19,308.499,3,3,2022-07-22T14:20:00+00:00,306.325,2022-07-22T14:27:00+00:00,305.17,STOP_LOSS,-3.464999999999918,0.366897,0.15599999999989222,-3.831896999999918,-1.0471441523118437,-1.1580226654578083,5.033625244400039,3.309000000000026,0.005,0.003286895467318831,,HYP-FCR-04,stress,1006.7250488800078,1002.8931518800078,43.00000000000068,1.15938000000001,0.37088788835412295,1,1,25.99999999999909,1.1030000000000086,5.0,305.22,0.03000000000002956,2,2022,10
SPY,2022-07-22,long,400.18,397.91,2022-07-22T14:10:00+00:00,2022-07-22T14:15:00+00:00,398.83,0.4700000000000273,397.40000000000003,401.6899999999999,2,2,2022-07-22T14:20:00+00:00,398.87,2022-07-22T15:22:00+00:00,397.38000000000005,STOP_LOSS,-2.9799999999999045,0.3185,0.12000000000000455,-3.2984999999999047,-1.041958041958045,-1.1533216783216853,5.073711212200029,2.8599999999999,0.005,0.0028184497307640077,,HYP-FCR-04,stress,1014.7422424400058,1011.443742440006,47.00000000000273,1.0700000000000045,0.43925233644862177,1,1,50.0,1.42999999999995,5.0,397.44,0.03999999999996362,2,2022,10
SPY,2022-07-25,long,396.05,394.03,2022-07-25T14:35:00+00:00,2022-07-25T14:45:00+00:00,395.2489,0.4399999999999977,393.86,398.02669999999995,2,2,2022-07-25T14:50:00+00:00,395.26,2022-07-25T18:48:00+00:00,393.84000000000003,STOP_LOSS,-2.839999999999918,0.31564000000000003,0.06219999999996162,-3.1556399999999183,-1.0223918208654197,-1.1360213118294937,5.05721871220003,2.7777999999999565,0.005,0.002746371234942632,,HYP-FCR-04,stress,1011.443742440006,1008.288102440006,43.99999999999977,0.8272214285714361,0.5319011147472962,2,2,15.999999999996817,1.3888999999999783,10.0,394.29,0.4300000000000068,3,2022,10
QQQ,2022-07-25,long,302.5,300.364,2022-07-25T15:30:00+00:00,2022-07-25T15:35:00+00:00,300.7179,0.1500000000000341,300.33,301.4937,3,3,2022-07-25T15:40:00+00:00,300.74,2022-07-25T16:02:00+00:00,300.31,STOP_LOSS,-1.2900000000000205,0.36063000000000006,0.12630000000001473,-1.6506300000000205,-1.1085331270946241,-1.4184325857179791,5.014465759400039,1.1637000000000057,0.005,0.001160342951608107,,HYP-FCR-04,stress,1002.8931518800078,1001.2425218800079,15.00000000000341,0.69527857142858,0.21574086440177645,1,1,2.400000000000091,0.3879000000000019,5.0,299.79,0.5399999999999636,2,2022,11
SPY,2022-07-28,long,402.77,398.33,2022-07-28T14:25:00+00:00,2022-07-28T14:40:00+00:00,399.76,0.17000000000001592,398.14,403.0,2,2,2022-07-28T14:45:00+00:00,399.84999999999997,2022-07-28T15:24:00+00:00,402.98,TAKE_PROFIT,6.260000000000105,0.321132,0.2199999999999136,5.938868000000104,1.9320987654321256,1.832983950617311,5.0414405122000305,3.240000000000009,0.005,0.0032133672827829403,,HYP-FCR-04,stress,1008.288102440006,1014.2269704400061,17.00000000000159,1.030371428571438,0.16498904694563687,3,3,18.000000000000682,1.6200000000000045,15.0,398.75,0.6100000000000136,4,2022,10
QQQ,2022-07-28,long,307.69,302.87,2022-07-28T14:30:00+00:00,2022-07-28T14:50:00+00:00,305.06,0.5800000000000409,302.735,309.71,2,2,2022-07-28T14:55:00+00:00,305.07,2022-07-28T17:42:00+00:00,309.69,TAKE_PROFIT,9.240000000000009,0.245904,0.05999999999994543,8.99409600000001,1.9870967741935601,1.9342141935483985,5.006212609400039,4.649999999999977,0.005,0.004644229443300899,,HYP-FCR-04,stress,1001.2425218800079,1010.2366178800079,58.00000000000409,0.9699857142857208,0.5979469506178676,4,4,12.5,2.3249999999999886,20.0,303.88,1.1449999999999818,5,2022,10
QQQ,2022-07-29,short,313.36,309.931,2022-07-29T14:55:00+00:00,2022-07-29T15:00:00+00:00,312.31,0.6299999999999955,313.947,309.036,3,3,2022-07-29T15:05:00+00:00,312.29,2022-07-29T17:22:00+00:00,313.967,STOP_LOSS,-5.030999999999892,0.37575420000000004,0.11999999999989086,-5.4067541999998925,-1.0244349419669907,-1.1009477092241684,5.051183089400039,4.911000000000001,0.005,0.004861237370613021,,HYP-FCR-04,stress,1010.2366178800079,1004.829863680008,62.999999999999545,0.7606000000000067,0.8282934525374571,1,1,57.69999999999982,1.6370000000000005,5.0,314.01,0.06299999999998818,2,2022,11
SPY,2022-07-29,short,409.47,406.77,2022-07-29T15:05:00+00:00,2022-07-29T15:25:00+00:00,408.3,0.16669999999999163,409.51,405.88000000000005,2,2,2022-07-29T15:30:00+00:00,408.26,2022-07-29T15:43:00+00:00,409.53,STOP_LOSS,-2.5399999999999636,0.327116,0.12000000000000455,-2.867115999999964,-1.0495867768595069,-1.1847586776859556,5.07113485220003,2.419999999999959,0.005,0.0023860536847586304,,HYP-FCR-04,stress,1014.2269704400061,1011.3598544400061,16.669999999999163,0.6411642857142762,0.259995766629894,4,4,2.9999999999972715,1.2099999999999795,20.0,409.37,0.13999999999998636,5,2022,11
QQQ,2022-08-01,short,316.738,312.53,2022-08-01T14:15:00+00:00,2022-08-01T14:20:00+00:00,316.38,0.4800000000000182,317.63,313.88,3,3,2022-08-01T14:25:00+00:00,316.33000000000004,2022-08-01T14:46:00+00:00,317.65,STOP_LOSS,-3.959999999999809,0.380388,0.209999999999809,-4.340387999999809,-1.055999999999949,-1.157436799999949,5.02414931840004,3.75,0.005,0.003731975069158775,,HYP-FCR-04,stress,1004.829863680008,1000.4894756800081,48.00000000000182,1.1501454545454572,0.41733851844827435,1,1,88.2000000000005,1.25,5.0,317.59999999999997,0.03000000000002956,2,2022,10
SPY,2022-08-01,short,411.76,408.4,2022-08-01T14:15:00+00:00,2022-08-01T14:20:00+00:00,411.0707,0.9399999999999977,412.55,408.11209999999994,2,2,2022-08-01T14:25:00+00:00,411.04,2022-08-01T14:49:00+00:00,412.57,STOP_LOSS,-3.0599999999999454,0.329444,0.10139999999989868,-3.3894439999999455,-1.03427296694379,-1.1456242817548477,5.05679927220003,2.9586000000000467,0.005,0.0029253682425809113,,HYP-FCR-04,stress,1011.3598544400061,1007.9704104400062,93.99999999999977,1.021363636363648,0.9203382287494309,1,1,78.00000000000296,1.4793000000000234,5.0,412.46,0.09000000000003183,2,2022,10
QQQ,2022-08-02,long,315.15,312.61,2022-08-02T14:10:00+00:00,2022-08-02T14:45:00+00:00,314.9642,0.17000000000001592,311.8301,321.2324,1,1,2022-08-02T14:50:00+00:00,314.96999999999997,2022-08-02T19:59:00+00:00,314.28000000000003,FORCED_SESSION_CLOSE,-0.6899999999999409,0.12585000000000002,0.025799999999946976,-0.8158499999999409,-0.22015889729107022,-0.26031396573177107,5.002447378400041,3.1340999999999894,0.005,0.0031325666847917804,,HYP-FCR-04,stress,1000.4894756800081,999.6736256800082,17.00000000000159,1.1234642857142856,0.15131767174239266,7,7,76.99000000000069,3.1340999999999894,35.0,313.71000000000004,1.8799000000000206,8,2022,10
SPY,2022-08-02,short,409.77,407.6787,2022-08-02T19:05:00+00:00,2022-08-02T19:20:00+00:00,408.62,0.03000000000002956,409.84139999999996,406.1772000000001,2,2,2022-08-02T19:25:00+00:00,408.59000000000003,2022-08-02T19:36:00+00:00,409.86139999999995,STOP_LOSS,-2.542799999999829,0.32738056,0.09999999999990905,-2.870180559999829,-1.0409366300965746,-1.1749551989519906,5.039852052200031,2.44279999999992,0.005,0.0024234838391075115,,HYP-FCR-04,stress,1007.9704104400062,1005.1002298800063,3.000000000002956,0.6413000000000011,0.04677997816938953,3,3,6.1399999999991905,1.22139999999996,15.0,409.51,0.3313999999999737,4,2022,15
QQQ,2022-08-03,short,319.32,315.99,2022-08-03T14:15:00+00:00,2022-08-03T14:20:00+00:00,319.02,0.39999999999997726,320.09999999999997,316.86,3,3,2022-08-03T14:25:00+00:00,319.01,2022-08-03T15:10:00+00:00,320.11999999999995,STOP_LOSS,-3.3299999999998704,0.383478,0.08999999999991815,-3.7134779999998706,-1.027777777777753,-1.1461351851851622,4.998368128400041,3.2399999999999523,0.005,0.00324105779803484,,HYP-FCR-04,stress,999.6736256800082,995.9601476800083,39.999999999997726,1.0034727272727288,0.3986157163305379,1,1,76.99999999999818,1.079999999999984,5.0,320.13,0.03000000000002956,2,2022,10
SPY,2022-08-03,short,411.725,410.0,2022-08-03T14:15:00+00:00,2022-08-03T14:20:00+00:00,410.965,0.9099999999999682,412.3412,408.2125999999999,2,2,2022-08-03T14:25:00+00:00,410.97,2022-08-03T15:12:00+00:00,412.3612,STOP_LOSS,-2.7823999999999387,0.32933248000000004,0.05000000000006821,-3.111732479999939,-1.0108995785495778,-1.130552419706383,5.025501149400031,2.7524000000000797,0.005,0.0027384333603512104,,HYP-FCR-04,stress,1005.1002298800063,1001.9884974000064,90.99999999999682,0.8156727272727267,1.1156435290445876,1,1,60.62000000000012,1.3762000000000398,5.0,412.17,0.1711999999999989,2,2022,10
SPY,2022-08-04,short,415.05,413.43,2022-08-04T14:05:00+00:00,2022-08-04T14:20:00+00:00,413.7,0.10000000000002274,415.09999999999997,410.90000000000003,2,2,2022-08-04T14:25:00+00:00,413.67,2022-08-04T19:59:00+00:00,414.19,FORCED_SESSION_CLOSE,-1.0399999999999636,0.331144,0.09999999999990905,-1.3711439999999637,-0.37142857142856445,-0.4896942857142807,5.009942487000032,2.7999999999999545,0.005,0.0027944432568492443,,HYP-FCR-04,stress,1001.9884974000064,1000.6173534000064,10.000000000002274,0.8204545454545485,0.12188365650972255,3,3,3.999999999996362,1.3999999999999773,15.0,414.5935,0.50649999999996,4,2022,10
QQQ,2022-08-04,long,324.52,322.21,2022-08-04T15:45:00+00:00,2022-08-04T15:50:00+00:00,323.16,0.4200000000000159,322.02,325.4400000000001,3,3,2022-08-04T15:55:00+00:00,323.16999999999996,2022-08-04T19:59:00+00:00,324.305,FORCED_SESSION_CLOSE,3.4050000000001432,0.38848499999999997,0.08999999999974762,3.016515000000143,0.9956140350877235,0.8820219298245698,4.979800738400042,3.4200000000001296,0.005,0.003433872337127831,,HYP-FCR-04,stress,995.9601476800083,998.9766626800084,42.00000000000159,0.7597214285714203,0.5528342155489594,1,1,18.000000000000682,1.1400000000000432,5.0,321.25,0.7699999999999818,2,2022,11
QQQ,2022-08-05,short,321.43,319.09,2022-08-05T15:00:00+00:00,2022-08-05T15:05:00+00:00,321.04,0.5500000000000114,321.88,319.36000000000007,3,3,2022-08-05T15:10:00+00:00,321.01,2022-08-05T15:23:00+00:00,319.38000000000005,TAKE_PROFIT,4.889999999999816,0.384234,0.1500000000000341,4.505765999999816,1.9404761904761751,1.788002380952361,4.9948833134000425,2.519999999999925,0.005,0.002522581451742211,,HYP-FCR-04,stress,998.9766626800084,1003.4824286800082,55.00000000000114,0.7950642857142854,0.6917679612610087,1,1,43.99999999999977,0.839999999999975,5.0,322.1357,0.25569999999999027,2,2022,11
SPY,2022-08-05,short,412.23,409.6,2022-08-05T15:10:00+00:00,2022-08-05T15:25:00+00:00,410.22,0.5199999999999818,412.67,405.32000000000005,2,2,2022-08-05T15:30:00+00:00,410.195,2022-08-05T17:04:00+00:00,412.69,STOP_LOSS,-4.990000000000009,0.329154,0.09000000000003183,-5.319154000000009,-1.0183673469387822,-1.085541632653068,5.003086767000032,4.899999999999977,0.005,0.004896976834701322,,HYP-FCR-04,stress,1000.6173534000064,995.2981994000064,51.99999999999818,0.6564999999999982,0.7920792079207666,3,3,43.00000000000068,2.4499999999999886,15.0,411.90999999999997,0.7600000000000477,4,2022,11
QQQ,2022-08-08,short,326.29,321.91,2022-08-08T14:00:00+00:00,2022-08-08T14:50:00+00:00,324.34,0.5695999999999799,326.48,320.0599999999999,2,2,2022-08-08T14:55:00+00:00,324.31,2022-08-08T18:05:00+00:00,320.07999999999987,TAKE_PROFIT,8.460000000000264,0.257756,0.09999999999990905,8.202244000000263,1.9766355140187133,1.916412149532733,5.017412143400041,4.280000000000086,0.005,0.004265146930006582,,HYP-FCR-04,stress,1003.4824286800082,1011.6846726800085,56.95999999999799,0.7975214285714287,0.7142127842511815,10,10,18.000000000000682,2.140000000000043,50.0,325.55,0.9300000000000068,11,2022,10
SPY,2022-08-08,short,417.62,414.92,2022-08-08T14:00:00+00:00,2022-08-08T14:50:00+00:00,416.63,0.1500000000000341,417.63,414.63,2,2,2022-08-08T14:55:00+00:00,416.58000000000004,2022-08-08T15:39:00+00:00,414.65,TAKE_PROFIT,3.8600000000001273,0.332492,0.13999999999987267,3.527508000000127,1.9300000000000637,1.7637540000000635,4.976490997000032,2.0,0.005,0.0020094480239245443,,HYP-FCR-04,stress,995.2981994000064,998.8257074000065,15.00000000000341,0.5893499999999919,0.25451768897944543,10,10,0.0,1.0,50.0,417.34999999999997,0.28000000000002956,11,2022,10
QQQ,2022-08-09,long,319.03,316.1606,2022-08-09T15:10:00+00:00,2022-08-09T15:15:00+00:00,317.51,0.5600000000000023,316.09000000000003,320.3499999999999,3,3,2022-08-09T15:20:00+00:00,317.5499,2022-08-09T16:11:00+00:00,316.07000000000005,STOP_LOSS,-4.439699999999789,0.38017194,0.1796999999999116,-4.819871939999789,-1.0421830985915297,-1.131425338028152,5.058423363400043,4.259999999999877,0.005,0.004210798201296163,,HYP-FCR-04,stress,1011.6846726800085,1006.8648007400087,56.00000000000023,0.7905999999999916,0.7083227928155935,1,1,6.059999999996535,1.419999999999959,5.0,315.93,0.160000000000025,2,2022,11
SPY,2022-08-09,long,412.75,410.91,2022-08-09T15:10:00+00:00,2022-08-09T15:15:00+00:00,412.0112,0.5388999999999555,410.64,414.75359999999995,2,2,2022-08-09T15:20:00+00:00,412.03999999999996,2022-08-09T16:28:00+00:00,410.62,STOP_LOSS,-2.839999999999918,0.329064,0.09759999999994307,-3.169063999999918,-1.0355892648774592,-1.1555805134188837,4.994128537000033,2.742399999999975,0.005,0.002745624166140637,,HYP-FCR-04,stress,998.8257074000065,995.6566434000066,53.88999999999555,0.6749928571428582,0.7983788188234126,1,1,26.000000000004775,1.3711999999999875,5.0,410.39,0.25,2,2022,11
SPY,2022-08-10,long,418.86,417.205,2022-08-10T14:20:00+00:00,2022-08-10T14:35:00+00:00,418.16,0.3100000000000023,416.71000000000004,421.06,2,2,2022-08-10T14:40:00+00:00,418.19,2022-08-10T19:59:00+00:00,419.93,FORCED_SESSION_CLOSE,3.480000000000018,0.335248,0.09999999999990905,3.144752000000018,1.2000000000000157,1.084397241379325,4.978283217000033,2.8999999999999773,0.005,0.0029126506805568493,,HYP-FCR-04,stress,995.6566434000066,998.8013954000066,31.000000000000227,0.7489285714285724,0.4139246542680044,3,3,48.49999999999568,1.4499999999999886,15.0,417.3301,0.6200999999999794,4,2022,10
QQQ,2022-08-10,long,325.05,322.81,2022-08-10T14:20:00+00:00,2022-08-10T14:45:00+00:00,324.1006,0.14999999999997726,322.0501,328.2016,2,2,2022-08-10T14:50:00+00:00,324.16999999999996,2022-08-10T19:59:00+00:00,325.90000000000003,FORCED_SESSION_CLOSE,3.46000000000015,0.260028,0.17879999999991014,3.19997200000015,0.8436966593514145,0.7802906608144722,5.034324003700044,4.100999999999999,0.005,0.004073039396139297,,HYP-FCR-04,stress,1006.8648007400087,1010.0647727400088,14.999999999997726,0.8666214285714285,0.17308595778348446,5,5,74.99000000000251,2.0504999999999995,25.0,323.5,1.4499000000000137,6,2022,10
QQQ,2022-08-11,short,328.82,327.47,2022-08-11T14:40:00+00:00,2022-08-11T14:45:00+00:00,327.96,0.4300000000000068,329.21999999999997,325.44,3,3,2022-08-11T14:50:00+00:00,327.92,2022-08-11T15:51:00+00:00,325.46,TAKE_PROFIT,7.380000000000109,0.392028,0.1799999999998363,6.987972000000109,1.9523809523809954,1.8486698412698834,5.0503238637000445,3.7799999999999727,0.005,0.0037423342561942277,,HYP-FCR-04,stress,1010.0647727400088,1017.052744740009,43.00000000000068,0.6711071428571488,0.6407322654462287,1,1,38.999999999998636,1.259999999999991,5.0,329.37,0.1500000000000341,2,2022,10
SPY,2022-08-11,long,423.53,422.24,2022-08-11T17:10:00+00:00,2022-08-11T17:20:00+00:00,422.6801,0.0999999999999659,422.005,424.03029999999995,2,2,2022-08-11T17:25:00+00:00,422.705,2022-08-11T17:48:00+00:00,421.985,STOP_LOSS,-1.4399999999999409,0.33787600000000007,0.08979999999996835,-1.777875999999941,-1.0665086653828841,-1.3167501110946358,4.9940069770000335,1.3501999999999725,0.005,0.0013518202980275528,,HYP-FCR-04,stress,998.8013954000066,997.0235194000066,9.99999999999659,0.44308571428570886,0.22568996646884507,2,2,22.500000000002274,0.6750999999999863,10.0,422.02500000000003,0.020000000000038654,3,2022,13
SPY,2022-08-12,long,422.89,421.4585,2022-08-12T14:05:00+00:00,2022-08-12T15:05:00+00:00,422.71,0.03000000000002956,421.26,425.60999999999996,2,2,2022-08-12T15:10:00+00:00,422.72069999999997,2022-08-12T18:34:00+00:00,425.59,TAKE_PROFIT,5.7386000000000195,0.33932428000000003,0.06139999999993506,5.39927572000002,1.9788275862069187,1.8618192137931249,4.985117597000033,2.8999999999999773,0.005,0.0029086575628076983,,HYP-FCR-04,stress,997.0235194000066,1002.4227951200066,3.000000000002956,0.7006285714285809,0.04281869341819673,12,12,18.85000000000332,1.4499999999999886,60.0,422.29,1.0300000000000296,13,2022,11
QQQ,2022-08-16,long,332.47,330.63,2022-08-16T15:10:00+00:00,2022-08-16T15:15:00+00:00,331.6,0.4900000000000091,330.21000000000004,334.38,3,3,2022-08-16T15:20:00+00:00,331.62,2022-08-16T18:10:00+00:00,334.36,TAKE_PROFIT,8.220000000000027,0.39958800000000005,0.11999999999989086,7.820412000000028,1.9712230215827597,1.8753985611511041,5.085263723700045,4.169999999999959,0.005,0.004100082342401961,,HYP-FCR-04,stress,1017.052744740009,1024.8731567400089,49.00000000000091,0.6263571428571392,0.7823012886304217,1,1,40.99999999999682,1.3899999999999864,5.0,329.90000000000003,0.3100000000000023,2,2022,11
SPY,2022-08-16,short,428.78,427.62,2022-08-16T18:45:00+00:00,2022-08-16T18:50:00+00:00,428.5299,0.2999999999999545,429.24,427.1097,2,2,2022-08-16T18:55:00+00:00,428.5,2022-08-16T19:23:00+00:00,429.26,STOP_LOSS,-1.5199999999999818,0.343104,0.09979999999995925,-1.8631039999999819,-1.070271792705223,-1.311860301365971,5.012113975600033,1.4202000000000226,0.005,0.0014167674627051962,,HYP-FCR-04,stress,1002.4227951200066,1000.5596911200066,29.999999999995453,0.4796428571428635,0.6254653760237242,1,1,45.00000000000455,0.7101000000000113,5.0,429.62,0.37999999999999545,2,2022,14
SPY,2022-08-17,short,427.41,425.9,2022-08-17T14:05:00+00:00,2022-08-17T14:15:00+00:00,426.3799,0.22500000000002274,427.53999999999996,424.05970000000013,2,2,2022-08-17T14:20:00+00:00,426.35,2022-08-17T18:00:00+00:00,427.55999999999995,STOP_LOSS,-2.4199999999998454,0.341564,0.09979999999995925,-2.7615639999998454,-1.043013533316078,-1.1902267045944233,5.0027984556000336,2.320199999999886,0.005,0.0023189021310689624,,HYP-FCR-04,stress,1000.5596911200066,997.7981271200068,22.500000000002274,0.711590000000001,0.3161933135654273,2,2,11.99999999999477,1.160099999999943,10.0,426.9573,0.5826999999999884,3,2022,10
QQQ,2022-08-17,long,330.22,328.25,2022-08-17T18:00:00+00:00,2022-08-17T18:05:00+00:00,329.97,0.009999999999990905,327.95,334.0100000000001,2,2,2022-08-17T18:10:00+00:00,329.97999999999996,2022-08-17T19:59:00+00:00,328.46000000000004,FORCED_SESSION_CLOSE,-3.03999999999985,0.26337600000000005,0.059999999999831743,-3.30337599999985,-0.752475247524701,-0.8176673267326204,5.1243657837000445,4.040000000000077,0.005,0.0039419512292143575,,HYP-FCR-04,stress,1024.8731567400089,1021.569780740009,0.9999999999990905,0.647185714285724,0.015451515352169896,1,1,29.000000000002046,2.0200000000000387,5.0,328.26,0.3100000000000023,2,2022,14
QQQ,2022-08-18,long,328.72,327.12,2022-08-18T14:00:00+00:00,2022-08-18T14:20:00+00:00,328.32,0.05000000000001137,326.78000000000003,331.3999999999999,3,3,2022-08-18T14:25:00+00:00,328.33,2022-08-18T19:59:00+00:00,329.3,FORCED_SESSION_CLOSE,2.910000000000082,0.39457800000000004,0.08999999999991815,2.5154220000000818,0.6298701298701624,0.5444636363636669,5.107848903700045,4.619999999999891,0.005,0.0045224517082457505,,HYP-FCR-04,stress,1021.569780740009,1024.0852027400092,5.000000000001137,0.8436272727272726,0.05926788004182428,4,4,32.99999999999841,1.5399999999999636,20.0,327.89,1.1099999999999568,5,2022,10
SPY,2022-08-18,long,427.02,425.81,2022-08-18T14:10:00+00:00,2022-08-18T14:20:00+00:00,426.46,0.0776000000000181,425.71000000000004,427.95999999999987,2,2,2022-08-18T14:25:00+00:00,426.5,2022-08-18T15:42:00+00:00,427.9399999999999,TAKE_PROFIT,2.879999999999768,0.34177599999999997,0.12000000000000455,2.538223999999768,1.9199999999999908,1.692149333333307,4.988990635600034,1.4999999999998863,0.005,0.0015033100977343073,,HYP-FCR-04,stress,997.7981271200068,1000.3363511200066,7.76000000000181,0.6317909090909045,0.12282544570272173,2,2,8.999999999997499,0.7499999999999432,10.0,426.04,0.3299999999999841,3,2022,10
SPY,2022-08-19,long,425.26,422.82,2022-08-19T16:35:00+00:00,2022-08-19T16:40:00+00:00,423.399,0.21999999999997044,422.78000000000003,424.63699999999994,2,2,2022-08-19T16:45:00+00:00,423.40999999999997,2022-08-19T17:27:00+00:00,422.76000000000005,STOP_LOSS,-1.2999999999998408,0.33846800000000005,0.06199999999989814,-1.6384679999998408,-1.050080775444185,-1.3234798061388664,5.001681755600033,1.2379999999999427,0.005,0.0012375837373237919,,HYP-FCR-04,stress,1000.3363511200066,998.6978831200067,21.999999999997044,0.415699999999999,0.5292278085156867,1,1,2.9999999999972715,0.6189999999999714,5.0,422.58,0.20000000000004547,2,2022,12
QQQ,2022-08-23,short,316.17,313.33,2022-08-23T14:35:00+00:00,2022-08-23T14:55:00+00:00,314.13,0.42500000000001137,316.19,310.01,2,2,2022-08-23T15:00:00+00:00,314.0901,2022-08-23T19:59:00+00:00,314.12,FORCED_SESSION_CLOSE,-0.059799999999995634,0.25128404000000004,0.11979999999994106,-0.3110840399999957,-0.014514563106795041,-0.07550583495145517,5.120426013700047,4.1200000000000045,0.005,0.004023102754513654,,HYP-FCR-04,stress,1024.0852027400092,1023.7741187000092,42.50000000000114,0.9209857142857102,0.46146209806264915,4,4,0.9999999999990905,2.0600000000000023,20.0,315.43,0.7599999999999909,5,2022,11
SPY,2022-08-23,short,414.51,412.35,2022-08-23T14:35:00+00:00,2022-08-23T14:55:00+00:00,412.8999,0.2400000000000091,414.95,408.79970000000003,2,2,2022-08-23T15:00:00+00:00,412.89000000000004,2022-08-23T19:59:00+00:00,412.34999999999997,FORCED_SESSION_CLOSE,1.0800000000001546,0.330096,0.05979999999988195,0.7499040000001547,0.26340178527880637,0.1828944929516023,4.993489415600034,4.1001999999999725,0.005,0.004105545900618755,,HYP-FCR-04,stress,998.6978831200067,999.4477871200069,24.00000000000091,0.8343857142857141,0.28763675586831444,4,4,43.00000000000068,2.0500999999999863,20.0,414.09999999999997,0.8500000000000227,5,2022,11
QQQ,2022-08-25,short,317.85,315.7577,2022-08-25T15:10:00+00:00,2022-08-25T15:15:00+00:00,317.38,0.19999999999998863,318.14,315.86,3,3,2022-08-25T15:20:00+00:00,317.36,2022-08-25T17:30:00+00:00,318.15999999999997,STOP_LOSS,-2.3999999999998636,0.381312,0.11999999999989086,-2.7813119999998634,-1.0526315789473213,-1.219873684210481,5.118870593500047,2.2799999999999727,0.005,0.002227053759568685,,HYP-FCR-04,stress,1023.7741187000092,1020.9928067000094,19.999999999998863,0.5020857142857105,0.3983383599840469,1,1,27.99999999999727,0.7599999999999909,5.0,318.14,0.0,2,2022,11
SPY,2022-08-25,short,416.52,414.09,2022-08-25T15:10:00+00:00,2022-08-25T15:15:00+00:00,415.79,0.18999999999999773,416.7,413.9700000000001,2,2,2022-08-25T15:20:00+00:00,415.76,2022-08-25T17:42:00+00:00,416.71999999999997,STOP_LOSS,-1.919999999999959,0.332992,0.10000000000002274,-2.252991999999959,-1.0549450549450694,-1.237907692307713,4.997238935600034,1.8199999999999363,0.005,0.0018210055827372633,,HYP-FCR-04,stress,999.4477871200069,997.1947951200069,18.999999999999773,0.4805714285714292,0.39536266349583304,1,1,17.00000000000159,0.9099999999999682,5.0,416.67,0.029999999999972715,2,2022,11
QQQ,2022-08-29,short,307.14,304.013,2022-08-29T14:15:00+00:00,2022-08-29T14:30:00+00:00,305.36,0.029999999999972715,307.23,301.62,2,2,2022-08-29T14:35:00+00:00,305.37,2022-08-29T19:59:00+00:00,304.43,FORCED_SESSION_CLOSE,1.8799999999999955,0.24392,0.05999999999994543,1.6360799999999955,0.5026737967914414,0.4374545454545432,5.104964033500047,3.740000000000009,0.005,0.003663101224080323,,HYP-FCR-04,stress,1020.9928067000094,1022.6288867000094,2.9999999999972715,1.1050538461538553,0.027147998357173134,3,3,8.000000000004093,1.8700000000000045,15.0,306.90999999999997,0.32000000000005,4,2022,10
SPY,2022-08-29,short,404.17,401.5101,2022-08-29T14:25:00+00:00,2022-08-29T14:30:00+00:00,402.88,0.03000000000002956,404.4121,399.81579999999997,2,2,2022-08-29T14:35:00+00:00,402.86,2022-08-29T16:19:00+00:00,404.4321,STOP_LOSS,-3.1441999999999553,0.32291684000000004,0.07999999999992724,-3.4671168399999552,-1.0261079563996889,-1.1314916911428508,4.985973975600035,3.064200000000028,0.005,0.0030728198893489695,,HYP-FCR-04,stress,997.1947951200069,993.727678280007,3.000000000002956,0.9913538461538346,0.030261646854370775,1,1,23.210000000000264,1.532100000000014,5.0,404.21,0.20210000000002992,2,2022,10
QQQ,2022-09-01,long,297.9373,295.89,2022-09-01T14:20:00+00:00,2022-09-01T14:25:00+00:00,296.55,0.6999999999999886,295.04,299.57,3,3,2022-09-01T14:30:00+00:00,296.58,2022-09-01T14:39:00+00:00,295.02000000000004,STOP_LOSS,-4.679999999999836,0.35496000000000005,0.14999999999986358,-5.0349599999998365,-1.0331125827814271,-1.1114701986754674,5.113144433500047,4.529999999999973,0.005,0.004429759474737837,,HYP-FCR-04,stress,1022.6288867000094,1017.5939267000095,69.99999999999886,1.0089000000000017,0.6938249578749008,1,1,83.9999999999975,1.509999999999991,5.0,295.22,0.18000000000000682,2,2022,10
SPY,2022-09-01,long,393.46,391.95,2022-09-01T14:20:00+00:00,2022-09-01T14:25:00+00:00,392.62,0.9382999999999697,390.77,396.32000000000005,2,2,2022-09-01T14:30:00+00:00,392.65,2022-09-01T14:43:00+00:00,390.75,STOP_LOSS,-3.7999999999999545,0.31336,0.09999999999990905,-4.113359999999955,-1.027027027027002,-1.111718918918893,4.968638391400035,3.7000000000000455,0.005,0.0037233540746335943,,HYP-FCR-04,stress,993.727678280007,989.6143182800071,93.82999999999697,0.9600249999999969,0.9773703809796336,1,1,117.00000000000159,1.8500000000000227,5.0,390.93,0.160000000000025,2,2022,10
QQQ,2022-09-02,long,302.61,299.6,2022-09-02T14:05:00+00:00,2022-09-02T14:15:00+00:00,301.7,1.0100000000000477,299.285,306.5299999999999,2,2,2022-09-02T14:20:00+00:00,301.69,2022-09-02T16:33:00+00:00,299.26500000000004,STOP_LOSS,-4.849999999999909,0.24038200000000004,0.05999999999994543,-5.090381999999909,-1.0041407867494787,-1.0539093167701834,5.087969633500048,4.829999999999927,0.005,0.004746490592434352,,HYP-FCR-04,stress,1017.5939267000095,1012.5035447000097,101.00000000000477,1.2216600000000029,0.8267439385754182,2,2,30.500000000000682,2.4149999999999636,10.0,299.41,0.125,3,2022,10
SPY,2022-09-02,long,400.43,397.64,2022-09-02T14:05:00+00:00,2022-09-02T14:15:00+00:00,399.49,1.0699999999999932,397.12,404.23,2,2,2022-09-02T14:20:00+00:00,399.53,2022-09-02T16:41:00+00:00,397.1,STOP_LOSS,-4.8599999999999,0.318652,0.11999999999989086,-5.1786519999999,-1.0253164556961794,-1.0925426160337322,4.948071591400035,4.740000000000009,0.005,0.0047897447646456206,,HYP-FCR-04,stress,989.6143182800071,984.4356662800071,106.99999999999932,1.1799699999999973,0.9068027153232672,2,2,50.99999999999909,2.3700000000000045,10.0,397.23,0.11000000000001364,3,2022,10
QQQ,2022-09-06,long,296.6,293.03,2022-09-06T14:35:00+00:00,2022-09-06T14:40:00+00:00,293.7801,0.727800000000002,291.79,297.7603,2,2,2022-09-06T14:45:00+00:00,293.82,2022-09-06T17:51:00+00:00,291.77000000000004,STOP_LOSS,-4.099999999999909,0.23423600000000003,0.11979999999994106,-4.334235999999909,-1.030098990000488,-1.0889492990301854,5.062517723500049,3.980199999999968,0.005,0.00393104796603872,,HYP-FCR-04,stress,1012.5035447000097,1008.1693087000098,72.7800000000002,1.0721499999999935,0.678822925896569,1,1,122.99999999999613,1.990099999999984,5.0,292.22,0.4300000000000068,2,2022,10
SPY,2022-09-06,long,394.12,390.52,2022-09-06T14:35:00+00:00,2022-09-06T14:40:00+00:00,391.8701,0.726600000000019,389.66,396.2902999999999,2,2,2022-09-06T14:45:00+00:00,391.9,2022-09-06T17:12:00+00:00,389.64000000000004,STOP_LOSS,-4.519999999999868,0.312616,0.09979999999995925,-4.832615999999868,-1.0225781638839784,-1.0933025654947668,4.922178331400036,4.420199999999909,0.005,0.004490085184238594,,HYP-FCR-04,stress,984.4356662800071,979.6030502800072,72.6600000000019,1.1945285714285572,0.6082734372197273,1,1,84.99999999999659,2.2100999999999544,5.0,390.2292,0.5691999999999666,2,2022,10
QQQ,2022-09-07,long,295.66,293.42,2022-09-07T14:25:00+00:00,2022-09-07T14:55:00+00:00,294.39,0.06999999999999318,293.40000000000003,296.3699999999999,3,3,2022-09-07T15:00:00+00:00,294.41949999999997,2022-09-07T15:55:00+00:00,296.3499999999999,TAKE_PROFIT,5.7914999999998145,0.35446169999999994,0.14849999999989905,5.437038299999815,1.9500000000000315,1.8306526262626521,5.040846543500049,2.9699999999998568,0.005,0.0029459337577232357,,HYP-FCR-04,stress,1008.1693087000098,1013.6063470000096,6.999999999999318,0.8584428571428597,0.0815429931270824,6,6,0.9999999999990905,0.9899999999999523,30.0,294.1,0.6999999999999886,7,2022,11
QQQ,2022-09-08,short,299.23,295.45,2022-09-08T16:00:00+00:00,2022-09-08T16:05:00+00:00,297.29,1.829999999999984,300.51,290.8500000000001,1,1,2022-09-08T16:10:00+00:00,297.26930000000004,2022-09-08T19:59:00+00:00,300.53,STOP_LOSS,-3.260699999999929,0.11955986,0.040699999999958436,-3.3802598599999287,-1.0126397515527823,-1.0497701428571304,5.068031735000048,3.2199999999999704,0.005,0.0031767756876525752,,HYP-FCR-04,stress,1013.6063470000096,1010.2260871400097,182.9999999999984,0.7029285714285761,2.603393964028006,1,1,126.99999999999818,3.2199999999999704,5.0,300.67,0.160000000000025,2,2022,12
SPY,2022-09-08,short,397.7,394.12,2022-09-08T16:00:00+00:00,2022-09-08T16:05:00+00:00,396.41,1.9300000000000068,399.7,389.8300000000001,1,1,2022-09-08T16:10:00+00:00,396.375,2022-09-08T17:36:00+00:00,399.71999999999997,STOP_LOSS,-3.3449999999999704,0.159219,0.05500000000000682,-3.5042189999999707,-1.0167173252279658,-1.065112158054714,4.898015251400036,3.2899999999999636,0.005,0.003358503221340071,,HYP-FCR-04,stress,979.6030502800072,976.0988312800073,193.00000000000068,0.7499214285714159,2.5736029488804117,1,1,199.0000000000009,3.2899999999999636,5.0,399.76,0.060000000000002274,2,2022,12
SPY,2022-09-12,short,411.03,408.46,2022-09-12T14:50:00+00:00,2022-09-12T14:55:00+00:00,410.51,0.024999999999977263,411.34999999999997,408.83000000000004,2,2,2022-09-12T15:00:00+00:00,410.5,2022-09-12T15:56:00+00:00,408.85,TAKE_PROFIT,3.2999999999999545,0.32774000000000003,0.05999999999994543,2.9722599999999546,1.9642857142857457,1.7692023809524067,4.880494156400037,1.67999999999995,0.005,0.0017211371903774148,,HYP-FCR-04,stress,976.0988312800073,979.0710912800073,2.4999999999977263,0.5198714285714264,0.04808881316804747,1,1,31.000000000000227,0.839999999999975,5.0,411.26,0.08999999999997499,2,2022,11
QQQ,2022-09-12,short,310.62,308.28,2022-09-12T14:35:00+00:00,2022-09-12T15:00:00+00:00,309.3,0.07999999999998408,310.86,306.18,3,3,2022-09-12T15:05:00+00:00,309.29,2022-09-12T19:59:00+00:00,310.78,FORCED_SESSION_CLOSE,-4.469999999999857,0.37204200000000004,0.08999999999991815,-4.842041999999857,-0.9551282051281731,-1.034624358974327,5.051130435700048,4.680000000000007,0.005,0.004632626359164089,,HYP-FCR-04,stress,1010.2260871400097,1005.3840451400098,7.999999999998408,0.5753571428571556,0.13904407200493513,5,5,23.00000000000182,1.5600000000000023,25.0,310.46,0.4000000000000341,6,2022,11
QQQ,2022-09-14,long,295.95,293.16,2022-09-14T14:30:00+00:00,2022-09-14T14:40:00+00:00,295.58,0.4199999999999591,293.05,300.63999999999993,1,1,2022-09-14T14:45:00+00:00,295.60999999999996,2022-09-14T19:59:00+00:00,296.05,FORCED_SESSION_CLOSE,0.44000000000005457,0.11833199999999999,0.049999999999954525,0.3216680000000546,0.17391304347828432,0.12714150197630752,5.026920225700049,2.5299999999999727,0.005,0.0025164513125406174,,HYP-FCR-04,stress,1005.3840451400098,1005.7057131400098,41.99999999999591,1.1987999999999974,0.350350350350317,2,2,10.000000000002274,2.5299999999999727,10.0,293.33,0.2799999999999727,3,2022,10
SPY,2022-09-14,long,395.61,393.02,2022-09-14T14:30:00+00:00,2022-09-14T14:40:00+00:00,394.71,0.4399999999999977,391.75,400.62999999999994,1,1,2022-09-14T14:45:00+00:00,394.74,2022-09-14T19:16:00+00:00,391.73,STOP_LOSS,-3.009999999999991,0.15729400000000002,0.05000000000001137,-3.1672939999999907,-1.0168918918918959,-1.070031756756761,4.895355456400036,2.9599999999999795,0.005,0.0030232738218530864,,HYP-FCR-04,stress,979.0710912800073,975.9037972800073,43.99999999999977,1.2122714285714349,0.3629550195029364,2,2,125.99999999999909,2.9599999999999795,10.0,391.99,0.2400000000000091,3,2022,10
QQQ,2022-09-15,short,296.22,293.53,2022-09-15T14:15:00+00:00,2022-09-15T14:25:00+00:00,293.595,0.8199999999999932,296.37,288.0450000000001,1,1,2022-09-15T14:30:00+00:00,293.565,2022-09-15T19:59:00+00:00,291.03999999999996,FORCED_SESSION_CLOSE,2.525000000000034,0.11692100000000001,0.05000000000001137,2.408079000000034,0.9099099099099297,0.8677762162162356,5.028528565700049,2.7749999999999773,0.005,0.0027592564740791664,,HYP-FCR-04,stress,1005.7057131400098,1008.1137921400099,81.99999999999932,0.9663333333333336,0.8485684718868503,2,2,13.999999999998636,2.7749999999999773,10.0,295.8583,0.5117000000000189,3,2022,10
SPY,2022-09-15,short,395.36,392.2929,2022-09-15T14:15:00+00:00,2022-09-15T14:25:00+00:00,392.92,0.8000000000000114,395.68,387.40000000000003,1,1,2022-09-15T14:30:00+00:00,392.90000000000003,2022-09-15T19:59:00+00:00,390.15,FORCED_SESSION_CLOSE,2.750000000000057,0.15661,0.03999999999996362,2.5933900000000567,0.9963768115942268,0.9396340579710382,4.879518986400036,2.759999999999991,0.005,0.0028281476183334175,,HYP-FCR-04,stress,975.9037972800073,978.4971872800074,80.00000000000114,0.969900000000005,0.8248273017836966,2,2,31.000000000000227,2.759999999999991,10.0,395.19,0.4900000000000091,3,2022,10
QQQ,2022-09-16,short,287.78,285.64,2022-09-16T14:45:00+00:00,2022-09-16T16:10:00+00:00,286.63,0.03000000000002956,287.81,284.27,3,3,2022-09-16T16:15:00+00:00,286.59200000000004,2022-09-16T18:27:00+00:00,287.83,STOP_LOSS,-3.713999999999828,0.34465320000000005,0.17399999999980764,-4.058653199999828,-1.0491525423728267,-1.1465122033897752,5.04056896070005,3.5400000000000205,0.005,0.003511508351140954,,HYP-FCR-04,stress,1008.1137921400099,1004.05513894001,3.000000000002956,0.7049714285714279,0.0425549161060645,17,17,2.0000000000038654,1.1800000000000068,85.0,287.59,0.22000000000002728,18,2022,12
SPY,2022-09-16,short,384.68,382.12,2022-09-16T15:15:00+00:00,2022-09-16T16:10:00+00:00,383.12,0.1300000000000523,384.69,379.98,2,2,2022-09-16T16:15:00+00:00,383.11,2022-09-16T18:48:00+00:00,384.71,STOP_LOSS,-3.199999999999932,0.307128,0.05999999999994543,-3.507127999999932,-1.0191082802547597,-1.1169197452229132,4.892485936400037,3.1399999999999864,0.005,0.0032090025815285678,,HYP-FCR-04,stress,978.4971872800074,974.9900592800075,13.00000000000523,0.7473999999999867,0.173936312550247,11,11,0.0,1.5699999999999932,55.0,384.28,0.410000000000025,12,2022,12
QQQ,2022-09-19,short,288.8495,286.04,2022-09-19T15:25:00+00:00,2022-09-19T15:30:00+00:00,287.92,0.2599999999999909,288.87,286.02000000000004,3,3,2022-09-19T15:35:00+00:00,287.89500000000004,2022-09-19T16:51:00+00:00,288.89,STOP_LOSS,-2.984999999999843,0.346071,0.13499999999987722,-3.3310709999998434,-1.047368421052589,-1.1687968421052222,5.02027569470005,2.849999999999966,0.005,0.0028384895305737256,,HYP-FCR-04,stress,1004.05513894001,1000.7240679400102,25.99999999999909,0.642628571428576,0.40458829806151597,1,1,1.0500000000035925,0.9499999999999886,5.0,289.21999999999997,0.3499999999999659,2,2022,11
SPY,2022-09-19,short,385.49,382.1784,2022-09-19T15:25:00+00:00,2022-09-19T15:30:00+00:00,384.93,0.3199999999999932,385.94,382.91,2,2,2022-09-19T15:35:00+00:00,384.92,2022-09-19T16:52:00+00:00,385.96,STOP_LOSS,-2.0799999999999272,0.308352,0.05999999999994543,-2.3883519999999274,-1.0297029702970029,-1.1823524752474994,4.874950296400037,2.019999999999982,0.005,0.0020718159952232474,,HYP-FCR-04,stress,974.9900592800075,972.6017072800075,31.999999999999318,0.7089285714285681,0.4513853904282041,1,1,43.99999999999977,1.009999999999991,5.0,386.3699,0.4298999999999751,2,2022,11
SPY,2022-09-20,long,385.3,383.41,2022-09-20T14:40:00+00:00,2022-09-20T14:55:00+00:00,384.65,0.10039999999997917,383.24,387.4699999999999,2,2,2022-09-20T15:00:00+00:00,384.68,2022-09-20T17:15:00+00:00,383.22,STOP_LOSS,-2.919999999999959,0.30716000000000004,0.10000000000002274,-3.227159999999959,-1.0354609929078102,-1.1443829787234157,4.863008536400038,2.8199999999999363,0.005,0.0028994396975575857,,HYP-FCR-04,stress,972.6017072800075,969.3745472800076,10.039999999997917,0.764971428571414,0.13124673190406133,3,3,16.0000000000025,1.4099999999999682,15.0,383.86,0.6200000000000045,4,2022,11
QQQ,2022-09-20,short,289.22,287.79,2022-09-20T17:00:00+00:00,2022-09-20T17:05:00+00:00,288.94,0.06999999999999318,289.42,287.97999999999996,3,3,2022-09-20T17:10:00+00:00,288.90000000000003,2022-09-20T17:29:00+00:00,287.99999999999994,TAKE_PROFIT,2.700000000000273,0.34614,0.1799999999998363,2.3538600000002727,1.8750000000001183,1.6346250000001274,5.003620339700051,1.4400000000000546,0.005,0.0014389580965753063,,HYP-FCR-04,stress,1000.7240679400102,1003.0779279400105,6.999999999999318,0.4300000000000068,0.16279069767440016,1,1,18.999999999999773,0.4800000000000182,5.0,289.3795,0.04050000000000864,2,2022,13
QQQ,2022-09-21,short,290.48,289.025,2022-09-21T14:30:00+00:00,2022-09-21T14:40:00+00:00,289.44,0.009999999999990905,290.57,287.18,3,3,2022-09-21T14:45:00+00:00,289.41,2022-09-21T16:34:00+00:00,290.59,STOP_LOSS,-3.53999999999985,0.34800000000000003,0.14999999999986358,-3.88799999999985,-1.0442477876105793,-1.146902654867217,5.015389639700053,3.3899999999999864,0.005,0.00337959784137801,,HYP-FCR-04,stress,1003.0779279400105,999.1899279400106,0.9999999999990905,0.6465214285714305,0.015467391424422156,2,2,7.999999999998408,1.1299999999999955,10.0,290.50149999999996,0.06850000000002865,3,2022,10
SPY,2022-09-21,long,386.88,385.42,2022-09-21T15:05:00+00:00,2022-09-21T16:10:00+00:00,386.34,0.160000000000025,385.39,388.23999999999995,2,2,2022-09-21T16:15:00+00:00,386.34999999999997,2022-09-21T18:00:00+00:00,385.37,STOP_LOSS,-1.9599999999999227,0.308688,0.05999999999994543,-2.2686879999999228,-1.0315789473683927,-1.1940463157894474,4.846872736400038,1.8999999999999773,0.005,0.0019600267051896863,,HYP-FCR-04,stress,969.3745472800076,967.1058592800077,16.0000000000025,0.3626571428571432,0.4411880564091129,13,13,2.0000000000038654,0.9499999999999886,65.0,385.93,0.5400000000000205,14,2022,12
SPY,2022-09-22,long,377.66,374.44,2022-09-22T15:45:00+00:00,2022-09-22T15:50:00+00:00,374.94,0.11000000000001364,374.16,376.49999999999994,2,2,2022-09-22T15:55:00+00:00,374.95,2022-09-22T15:59:00+00:00,374.14000000000004,STOP_LOSS,-1.6199999999998909,0.299636,0.05999999999994543,-1.9196359999998909,-1.0384615384615048,-1.2305358974358704,4.835529296400039,1.5599999999999454,0.005,0.0016130602302020342,,HYP-FCR-04,stress,967.1058592800077,965.1862232800079,11.000000000001364,0.7176785714285521,0.15327195819858,1,1,26.99999999999818,0.7799999999999727,5.0,374.31,0.14999999999997726,2,2022,11
QQQ,2022-09-22,long,282.94,280.3,2022-09-22T16:20:00+00:00,2022-09-22T16:25:00+00:00,280.36,0.06999999999999318,279.76,281.56000000000006,3,3,2022-09-22T16:30:00+00:00,280.3873,2022-09-22T17:10:00+00:00,279.74,STOP_LOSS,-1.9418999999999187,0.33607638,0.14189999999985048,-2.277976379999919,-1.0788333333332474,-1.2655424333332403,4.995949639700053,1.8000000000000682,0.005,0.0018014593118558103,,HYP-FCR-04,stress,999.1899279400106,996.9119515600107,6.999999999999318,0.7067500000000037,0.09904492394763752,1,1,53.000000000002956,0.6000000000000227,5.0,279.8114,0.051400000000001,2,2022,12
QQQ,2022-09-26,short,278.53,274.75,2022-09-26T14:40:00+00:00,2022-09-26T14:50:00+00:00,277.34,0.07999999999998408,278.6099,274.80019999999996,3,3,2022-09-26T14:55:00+00:00,277.33050000000003,2022-09-26T16:25:00+00:00,274.82019999999994,TAKE_PROFIT,7.530900000000258,0.33129042000000003,0.08849999999978309,7.199609580000258,1.9767698243956788,1.8898101110324221,4.984559757800054,3.8097000000000207,0.005,0.0038215009801401603,,HYP-FCR-04,stress,996.9119515600107,1004.111561140011,7.999999999998408,0.8655642857142831,0.09242525520096556,2,2,6.990000000001828,1.269900000000007,10.0,278.53499999999997,0.07490000000001373,3,2022,10
SPY,2022-09-26,short,368.67,366.06,2022-09-26T15:00:00+00:00,2022-09-26T15:10:00+00:00,367.39,0.7450000000000045,368.84999999999997,364.47,2,2,2022-09-26T15:15:00+00:00,367.36060000000003,2022-09-26T16:28:00+00:00,364.49,TAKE_PROFIT,5.741200000000049,0.29274024,0.09879999999986921,5.448459760000049,1.9661643835616882,1.8659108767123718,4.82593111640004,2.919999999999959,0.005,0.003025322916521618,,HYP-FCR-04,stress,965.1862232800079,970.634683040008,74.50000000000045,0.9609285714285656,0.7752917564855517,2,2,16.999999999995907,1.4599999999999795,10.0,368.53999999999996,0.3100000000000023,3,2022,11
SPY,2022-09-29,long,367.11,362.81,2022-09-29T15:40:00+00:00,2022-09-29T15:45:00+00:00,363.75,0.08999999999997499,362.54,366.16999999999996,2,2,2022-09-29T15:50:00+00:00,363.76,2022-09-29T16:22:00+00:00,362.52000000000004,STOP_LOSS,-2.4799999999999045,0.290512,0.05999999999994543,-2.7705119999999046,-1.02479338842973,-1.1448396694214675,4.85317341520004,2.419999999999959,0.005,0.002493214019944732,,HYP-FCR-04,stress,970.634683040008,967.864171040008,8.999999999997499,0.8641499999999951,0.10414858531502112,1,1,25.99999999999909,1.2099999999999795,5.0,362.91,0.37000000000000455,2,2022,11
QQQ,2022-09-29,long,276.25,272.48,2022-09-29T15:50:00+00:00,2022-09-29T15:55:00+00:00,272.8224,0.11000000000001364,272.375,273.71720000000005,3,3,2022-09-29T16:00:00+00:00,272.85999999999996,2022-09-29T16:10:00+00:00,272.355,STOP_LOSS,-1.5149999999998158,0.327129,0.1727999999997678,-1.8421289999998158,-1.1287438533748784,-1.372469825659179,5.020557805700055,1.342200000000048,0.005,0.0013367040595331765,,HYP-FCR-04,stress,1004.111561140011,1002.2694321400112,11.000000000001364,0.7056999999999951,0.15587360068019612,1,1,9.500000000002728,0.447400000000016,5.0,272.27,0.10500000000001819,2,2022,12
QQQ,2022-09-30,short,273.15,270.0,2022-09-30T15:45:00+00:00,2022-09-30T15:50:00+00:00,272.41,0.22000000000002728,273.18,270.87000000000006,3,3,2022-09-30T15:55:00+00:00,272.35,2022-09-30T17:37:00+00:00,270.89000000000004,TAKE_PROFIT,4.379999999999939,0.32594400000000007,0.23999999999995225,4.054055999999939,1.8961038961039143,1.7550025974026124,5.011347160700056,2.3099999999999454,0.005,0.002304769482062037,,HYP-FCR-04,stress,1002.2694321400112,1006.3234881400111,22.00000000000273,0.6795857142857155,0.32372664017998115,1,1,2.0000000000038654,0.7699999999999818,5.0,273.83,0.6499999999999773,2,2022,11
SPY,2022-09-30,short,363.69,360.1623,2022-09-30T15:45:00+00:00,2022-09-30T15:50:00+00:00,362.8832,0.29000000000002046,363.86,360.92959999999994,2,2,2022-09-30T15:55:00+00:00,362.86,2022-09-30T17:46:00+00:00,360.9495999999999,TAKE_PROFIT,3.8208000000001903,0.28952384,0.08639999999991232,3.53127616000019,1.9557739557740017,1.8075737919738417,4.83932085520004,1.9536000000000513,0.005,0.002018465047529171,,HYP-FCR-04,stress,967.864171040008,971.3954472000082,29.000000000002046,0.7842785714285745,0.3697665734660854,1,1,16.0000000000025,0.9768000000000256,5.0,364.67,0.8100000000000023,2,2022,11
QQQ,2022-10-04,short,281.53,278.99,2022-10-04T16:45:00+00:00,2022-10-04T16:50:00+00:00,280.97,0.24010000000004084,281.74,279.43000000000006,3,3,2022-10-04T16:55:00+00:00,280.94,2022-10-04T17:19:00+00:00,279.45000000000005,TAKE_PROFIT,4.469999999999857,0.33623400000000003,0.1500000000000341,4.133765999999857,1.9350649350649187,1.7895090909090712,5.031617440700056,2.3099999999999454,0.005,0.002295484530793891,,HYP-FCR-04,stress,1006.3234881400111,1010.457254140011,24.010000000004084,0.4542785714285742,0.5285303228039043,1,1,20.000000000004547,0.7699999999999818,5.0,282.01,0.2699999999999818,2,2022,12
SPY,2022-10-04,short,376.07,372.31,2022-10-04T17:05:00+00:00,2022-10-04T17:15:00+00:00,374.32,0.2617999999999938,376.09,370.78000000000003,2,2,2022-10-04T17:20:00+00:00,374.3,2022-10-04T17:51:00+00:00,376.10999999999996,STOP_LOSS,-3.619999999999891,0.300164,0.07999999999992724,-3.920163999999891,-1.0225988700564768,-1.107390960451958,4.856977236000041,3.5399999999999636,0.005,0.0036442419101343445,,HYP-FCR-04,stress,971.3954472000082,967.4752832000083,26.17999999999938,0.5584285714285622,0.4688155538500862,2,2,0.9999999999990905,1.7699999999999818,10.0,376.07,0.01999999999998181,3,2022,13
QQQ,2022-10-05,long,279.62,277.84,2022-10-05T16:05:00+00:00,2022-10-05T16:10:00+00:00,278.92,0.7200000000000273,277.265,282.2300000000001,3,3,2022-10-05T16:15:00+00:00,278.94,2022-10-05T18:59:00+00:00,282.2100000000001,TAKE_PROFIT,9.810000000000286,0.33669000000000004,0.11999999999989086,9.473310000000286,1.9758308157099922,1.908018126888241,5.052286270700055,4.965000000000089,0.005,0.004913617057681223,,HYP-FCR-04,stress,1010.457254140011,1019.9305641400113,72.00000000000273,0.6216642857142786,1.1581813794768074,1,1,56.49999999999977,1.6550000000000296,5.0,277.28000000000003,0.015000000000043201,2,2022,12
SPY,2022-10-05,long,375.18,373.3,2022-10-05T16:05:00+00:00,2022-10-05T16:10:00+00:00,374.315,0.6499999999999773,372.5799,377.7852,2,2,2022-10-05T16:15:00+00:00,374.34,2022-10-05T19:00:00+00:00,377.7652,TAKE_PROFIT,6.850400000000036,0.30084208,0.08999999999991815,6.549557920000036,1.9740648953951014,1.8873718863466311,4.837376416000041,3.470199999999977,0.005,0.0035868616596818783,,HYP-FCR-04,stress,967.4752832000083,974.0248411200083,64.99999999999773,0.6996357142857212,0.9290549163339689,1,1,71.01000000000113,1.7350999999999885,5.0,372.57,0.009900000000016007,2,2022,12
QQQ,2022-10-06,long,284.18,280.95,2022-10-06T14:45:00+00:00,2022-10-06T14:50:00+00:00,281.5889,0.2500999999999749,280.27,284.2267000000001,3,3,2022-10-06T14:55:00+00:00,281.60499999999996,2022-10-06T16:13:00+00:00,280.25,STOP_LOSS,-4.064999999999884,0.337113,0.10829999999975826,-4.4021129999998845,-1.0273712942603066,-1.112571840169774,5.099652820700056,3.956700000000126,0.005,0.003879381733536293,,HYP-FCR-04,stress,1019.9305641400113,1015.5284511400114,25.00999999999749,1.0401500000000072,0.2404460895062954,1,1,67.00000000000159,1.318900000000042,5.0,280.23,0.03999999999996362,2,2022,10
SPY,2022-10-06,long,378.72,375.34,2022-10-06T14:45:00+00:00,2022-10-06T14:50:00+00:00,375.83,0.4399999999999977,374.3401,378.80979999999994,2,2,2022-10-06T14:55:00+00:00,375.878,2022-10-06T16:04:00+00:00,374.3201,STOP_LOSS,-3.115799999999922,0.30007924,0.13599999999996726,-3.415879239999922,-1.04564064702328,-1.1463451372575253,4.8701242056000416,2.9797999999999547,0.005,0.003059264891615652,,HYP-FCR-04,stress,974.0248411200083,970.6089618800085,43.99999999999977,1.1063071428571456,0.3977195689649576,1,1,98.98999999999774,1.4898999999999774,5.0,374.195,0.14510000000001355,2,2022,10
SPY,2022-10-07,long,369.37,365.36,2022-10-07T14:05:00+00:00,2022-10-07T14:20:00+00:00,366.44,0.05500000000000682,364.87,369.58,2,2,2022-10-07T14:25:00+00:00,366.45,2022-10-07T15:50:00+00:00,364.85,STOP_LOSS,-3.199999999999932,0.29252,0.05999999999994543,-3.492519999999932,-1.0191082802547597,-1.11226751592355,4.853044809400043,3.1399999999999864,0.005,0.003235082431052361,,HYP-FCR-04,stress,970.6089618800085,967.1164418800086,5.500000000000682,1.094890909090912,0.050233315066679406,3,3,48.00000000000182,1.5699999999999932,15.0,365.52070000000003,0.6507000000000289,4,2022,10
QQQ,2022-10-07,long,275.15,271.96,2022-10-07T14:40:00+00:00,2022-10-07T14:45:00+00:00,272.76,0.09000000000003183,271.75,274.78,3,3,2022-10-07T14:50:00+00:00,272.78999999999996,2022-10-07T15:19:00+00:00,271.73,STOP_LOSS,-3.1799999999998363,0.326712,0.14999999999986358,-3.5067119999998364,-1.049504950495005,-1.1573306930692633,5.077642255700057,3.0299999999999727,0.005,0.0029836682533104382,,HYP-FCR-04,stress,1015.5284511400114,1012.0217391400115,9.000000000003183,0.7882071428571423,0.11418318244845413,1,1,19.999999999998863,1.009999999999991,5.0,271.75,0.0,2,2022,10
QQQ,2022-10-10,long,269.7,266.71,2022-10-10T14:15:00+00:00,2022-10-10T14:20:00+00:00,267.145,0.28000000000002956,266.37,268.69499999999994,3,3,2022-10-10T14:25:00+00:00,267.13,2022-10-10T14:37:00+00:00,266.35,STOP_LOSS,-2.339999999999918,0.32008800000000004,0.1049999999999045,-2.6600879999999183,-1.0064516129032202,-1.1441238709677404,5.060108695700058,2.324999999999932,0.005,0.002297381479152467,,HYP-FCR-04,stress,1012.0217391400115,1009.3616511400115,28.000000000002956,0.9899999999999936,0.2828282828283145,1,1,32.99999999999841,0.7749999999999773,5.0,266.3,0.06999999999999318,2,2022,10
SPY,2022-10-10,long,364.21,361.54,2022-10-10T14:15:00+00:00,2022-10-10T14:20:00+00:00,361.7861,0.1099999999999568,361.13,363.09829999999994,2,2,2022-10-10T14:25:00+00:00,361.79999999999995,2022-10-10T14:37:00+00:00,361.11,STOP_LOSS,-1.3799999999998818,0.289164,0.06779999999992015,-1.6691639999998817,-1.0516689529034615,-1.27203475080013,4.835582209400043,1.3121999999999616,0.005,0.0013568169696806457,,HYP-FCR-04,stress,967.1164418800086,965.4472778800086,10.99999999999568,0.9653090909090917,0.11395313794917537,1,1,40.00000000000341,0.6560999999999808,5.0,361.04,0.08999999999997499,2,2022,10
QQQ,2022-10-11,long,265.32,262.32,2022-10-11T14:10:00+00:00,2022-10-11T14:15:00+00:00,262.59,0.12000000000000455,261.94,263.88999999999993,3,3,2022-10-11T14:20:00+00:00,262.59,2022-10-11T14:40:00+00:00,263.86999999999995,TAKE_PROFIT,3.839999999999918,0.315876,0.05999999999994543,3.5241239999999183,1.9692307692307962,1.8072430769230983,5.046808255700058,1.9499999999999318,0.005,0.0019319140942173972,,HYP-FCR-04,stress,1009.3616511400115,1012.8857751400114,12.000000000000455,0.8625,0.13913043478261397,1,1,37.000000000000455,0.6499999999999773,5.0,261.93,0.009999999999990905,2,2022,10
SPY,2022-10-11,long,358.9,356.5,2022-10-11T14:30:00+00:00,2022-10-11T14:40:00+00:00,358.24,0.17999999999994998,356.25,362.22,2,2,2022-10-11T14:45:00+00:00,358.28999999999996,2022-10-11T16:40:00+00:00,362.20000000000005,TAKE_PROFIT,7.820000000000164,0.288196,0.13999999999987267,7.531804000000164,1.9648241206030472,1.8924130653266655,4.827236389400043,3.980000000000018,0.005,0.004122441578311307,,HYP-FCR-04,stress,965.4472778800086,972.9790818800088,17.999999999994998,0.8285714285714343,0.21724137931028295,2,2,24.00000000000091,1.990000000000009,10.0,356.714,0.46399999999999864,3,2022,10
QQQ,2022-10-17,short,269.56,266.74,2022-10-17T14:20:00+00:00,2022-10-17T14:25:00+00:00,268.92,0.2300000000000182,269.71999999999997,267.3200000000001,3,3,2022-10-17T14:30:00+00:00,268.90500000000003,2022-10-17T15:18:00+00:00,267.3400000000001,TAKE_PROFIT,4.694999999999823,0.32174700000000006,0.1049999999999045,4.373252999999822,1.9562500000000373,1.8221887500000296,5.064428875700058,2.3999999999998636,0.005,0.002369467573644334,,HYP-FCR-04,stress,1012.8857751400114,1017.2590281400113,23.00000000000182,0.9159833333333248,0.25109627176624794,1,1,14.999999999997726,0.7999999999999545,5.0,269.83,0.11000000000001364,2,2022,10
SPY,2022-10-17,short,367.38,363.97,2022-10-17T14:20:00+00:00,2022-10-17T14:25:00+00:00,366.725,0.4399999999999977,367.9899,364.1952000000001,2,2,2022-10-17T14:30:00+00:00,366.70000000000005,2022-10-17T19:59:00+00:00,366.82,FORCED_SESSION_CLOSE,-0.2399999999998954,0.293408,0.08999999999991815,-0.5334079999998954,-0.09486915961732312,-0.21084986955487175,4.864895409400044,2.5297999999999092,0.005,0.002600055897514036,,HYP-FCR-04,stress,972.9790818800088,972.4456738800089,43.99999999999977,1.024008333333337,0.4296840032226263,1,1,59.9899999999991,1.2648999999999546,5.0,367.81,0.17989999999997508,2,2022,10
QQQ,2022-10-19,short,271.95,269.445,2022-10-19T14:50:00+00:00,2022-10-19T14:55:00+00:00,271.36,0.3300000000000409,272.26,269.56000000000006,3,3,2022-10-19T15:00:00+00:00,271.34000000000003,2022-10-19T15:11:00+00:00,272.28,STOP_LOSS,-2.8199999999998226,0.326172,0.11999999999989086,-3.1461719999998228,-1.0444444444444052,-1.1652488888888526,5.086295140700057,2.699999999999932,0.005,0.0026541912387218597,,HYP-FCR-04,stress,1017.2590281400113,1014.1128561400114,33.00000000000409,0.9560642857142706,0.3451650740760593,1,1,30.000000000001137,0.8999999999999773,5.0,272.36199999999997,0.10199999999997544,2,2022,11
SPY,2022-10-19,short,370.94,367.85,2022-10-19T14:40:00+00:00,2022-10-19T14:55:00+00:00,369.68,0.29000000000002046,371.27,366.50000000000006,2,2,2022-10-19T15:00:00+00:00,369.66,2022-10-19T17:02:00+00:00,366.52000000000004,TAKE_PROFIT,6.279999999999973,0.29447200000000007,0.07999999999992724,5.985527999999973,1.97484276729562,1.8822415094339833,4.862228369400045,3.17999999999995,0.005,0.003270105554906642,,HYP-FCR-04,stress,972.4456738800089,978.4312018800089,29.000000000002046,0.9162642857142893,0.3165025686600303,3,3,31.999999999999318,1.589999999999975,15.0,370.5799,0.6900999999999726,4,2022,11
SPY,2022-10-20,short,369.82,367.0,2022-10-20T16:00:00+00:00,2022-10-20T16:05:00+00:00,368.79,0.4300000000000068,370.3886,365.59280000000007,2,2,2022-10-20T16:10:00+00:00,368.74010000000004,2022-10-20T17:50:00+00:00,365.61280000000005,TAKE_PROFIT,6.254599999999982,0.29374116000000006,0.13979999999992287,5.9608588399999825,1.9562742399599884,1.8643997372701335,4.892156009400044,3.1971999999999525,0.005,0.0032676799287028923,,HYP-FCR-04,stress,978.4312018800089,984.3920607200089,43.00000000000068,0.7396928571428621,0.5813223635292694,1,1,55.860000000001264,1.5985999999999763,5.0,370.89,0.5013999999999896,2,2022,12
QQQ,2022-10-20,short,272.46,269.1132,2022-10-20T16:05:00+00:00,2022-10-20T16:10:00+00:00,272.12,0.30000000000001137,273.02,270.32000000000005,3,3,2022-10-20T16:15:00+00:00,272.11,2022-10-20T17:06:00+00:00,270.34000000000003,TAKE_PROFIT,5.309999999999945,0.32547000000000004,0.08999999999991815,4.984529999999945,1.966666666666696,1.8461222222222486,5.070564280700057,2.699999999999932,0.005,0.0026624255709338544,,HYP-FCR-04,stress,1014.1128561400114,1019.0973861400114,30.000000000001137,0.6963928571428661,0.4307913226319406,1,1,55.00000000000114,0.8999999999999773,5.0,273.472,0.4519999999999982,2,2022,12
QQQ,2022-10-21,short,270.75,266.8236,2022-10-21T14:20:00+00:00,2022-10-21T14:25:00+00:00,269.58,0.7799999999999727,271.74,265.25999999999993,2,2,2022-10-21T14:30:00+00:00,269.565,2022-10-21T15:50:00+00:00,271.76,STOP_LOSS,-4.389999999999986,0.21653000000000003,0.06999999999993634,-4.606529999999986,-1.0162037037036888,-1.0663263888888732,5.095486930700057,4.32000000000005,0.005,0.00423904531475909,,HYP-FCR-04,stress,1019.0973861400114,1014.4908561400114,77.99999999999727,1.4176166666666603,0.5502192647283418,1,1,98.00000000000182,2.160000000000025,5.0,271.74,0.0,2,2022,10
SPY,2022-10-21,short,369.125,363.54,2022-10-21T14:20:00+00:00,2022-10-21T14:25:00+00:00,367.35,1.0400999999999954,369.78,362.4900000000001,2,2,2022-10-21T14:30:00+00:00,367.34000000000003,2022-10-21T15:50:00+00:00,369.79999999999995,STOP_LOSS,-4.919999999999845,0.294856,0.05999999999994543,-5.214855999999846,-1.0123456790123346,-1.0730156378600726,4.921960303600044,4.8599999999999,0.005,0.004937057290410464,,HYP-FCR-04,stress,984.3920607200089,979.1772047200091,104.00999999999954,1.531241666666664,0.6792526762050387,1,1,64.49999999999818,2.42999999999995,5.0,369.84,0.060000000000002274,2,2022,10
SPY,2022-10-24,long,378.76,375.09,2022-10-24T14:30:00+00:00,2022-10-24T14:35:00+00:00,375.89,0.5849999999999795,374.14,379.39,2,2,2022-10-24T14:40:00+00:00,375.90999999999997,2022-10-24T18:57:00+00:00,379.37,TAKE_PROFIT,6.920000000000073,0.302112,0.07999999999992724,6.617888000000073,1.977142857142878,1.8908251428571636,4.895886023600045,3.5,0.005,0.0035744296161396116,,HYP-FCR-04,stress,979.1772047200091,985.7950927200092,58.499999999997954,1.62963571428572,0.3589759323950438,1,1,93.99999999999977,1.75,5.0,373.5,0.6399999999999864,2,2022,10
QQQ,2022-10-24,long,277.27,274.23,2022-10-24T14:50:00+00:00,2022-10-24T14:55:00+00:00,275.49,0.22000000000002728,273.65000000000003,279.16999999999996,2,2,2022-10-24T15:00:00+00:00,275.51,2022-10-24T19:15:00+00:00,279.15,TAKE_PROFIT,7.279999999999973,0.221864,0.07999999999992724,7.058135999999973,1.9782608695652368,1.9179717391304534,5.0724542807000566,3.67999999999995,0.005,0.0036274353560975495,,HYP-FCR-04,stress,1014.4908561400114,1021.5489921400114,22.00000000000273,1.2572857142857086,0.17498011589594342,1,1,56.99999999999932,1.839999999999975,5.0,273.67,0.01999999999998181,2,2022,11
SPY,2022-10-25,short,382.6,378.71,2022-10-25T14:00:00+00:00,2022-10-25T14:05:00+00:00,381.83,0.03000000000002956,382.77,379.95,2,2,2022-10-25T14:10:00+00:00,381.81,2022-10-25T14:29:00+00:00,382.78999999999996,STOP_LOSS,-1.9599999999999227,0.30584,0.07999999999992724,-2.2658399999999226,-1.0425531914893231,-1.2052340425531531,4.928975463600046,1.8799999999999955,0.005,0.0019070900371523387,,HYP-FCR-04,stress,985.7950927200092,983.5292527200093,3.000000000002956,1.0212499999999949,0.02937576499390914,1,1,15.999999999996817,0.9399999999999977,5.0,382.40999999999997,0.36000000000001364,2,2022,10
QQQ,2022-10-26,short,279.79,277.43,2022-10-26T17:20:00+00:00,2022-10-26T17:25:00+00:00,278.83,0.29000000000002046,279.9699,276.55019999999996,3,3,2022-10-26T17:30:00+00:00,278.81,2022-10-26T18:04:00+00:00,279.9899,STOP_LOSS,-3.5396999999999252,0.33527994,0.11999999999989086,-3.874979939999925,-1.0350907974383394,-1.1331344679357507,5.107744960700057,3.4197000000000344,0.005,0.003347563382972177,,HYP-FCR-04,stress,1021.5489921400114,1017.6740122000115,29.000000000002046,0.6225357142857116,0.46583672766913015,1,1,16.989999999998417,1.1399000000000115,5.0,279.86,0.1098999999999819,2,2022,13
SPY,2022-10-26,short,383.15,381.35,2022-10-26T18:25:00+00:00,2022-10-26T18:30:00+00:00,382.66,0.12000000000000455,383.34,381.3000000000001,2,2,2022-10-26T18:35:00+00:00,382.63,2022-10-26T19:59:00+00:00,382.09999999999997,FORCED_SESSION_CLOSE,1.0600000000000591,0.305892,0.10000000000002274,0.7541080000000591,0.7794117647059832,0.5544911764706725,4.917646263600046,1.3599999999999,0.005,0.0013827753432231306,,HYP-FCR-04,stress,983.5292527200093,984.2833607200093,12.000000000000455,0.5020428571428519,0.23902341860400098,1,1,18.000000000000682,0.67999999999995,5.0,383.45,0.11000000000001364,2,2022,14
SPY,2022-10-27,short,384.33,380.52,2022-10-27T14:35:00+00:00,2022-10-27T14:40:00+00:00,382.81,0.5500000000000114,384.4,379.63000000000005,2,2,2022-10-27T14:45:00+00:00,382.75,2022-10-27T19:09:00+00:00,379.65000000000003,TAKE_PROFIT,6.199999999999932,0.30496000000000006,0.15999999999996817,5.8950399999999314,1.949685534591204,1.85378616352202,4.921416803600047,3.17999999999995,0.005,0.003230776956011692,,HYP-FCR-04,stress,984.2833607200093,990.1784007200092,55.00000000000114,1.0759071428571392,0.5111965318302951,1,1,6.000000000000227,1.589999999999975,5.0,384.55,0.1500000000000341,2,2022,10
QQQ,2022-10-27,long,278.2795,273.395,2022-10-27T16:30:00+00:00,2022-10-27T17:10:00+00:00,274.711,0.42999999999995,273.0,278.13300000000004,2,2,2022-10-27T17:15:00+00:00,274.71279999999996,2022-10-27T18:10:00+00:00,272.98,STOP_LOSS,-3.465599999999881,0.21907712000000001,0.043599999999855754,-3.6846771199998813,-1.0127410870835347,-1.0767612857977364,5.088370061000058,3.4220000000000255,0.005,0.0033625698985889725,,HYP-FCR-04,stress,1017.6740122000115,1013.9893350800116,42.999999999995,0.6029214285714285,0.7131940906774515,8,8,38.49999999999909,1.7110000000000127,40.0,273.7701,0.7701000000000136,9,2022,13
SPY,2022-10-31,long,387.47,385.47,2022-10-31T14:35:00+00:00,2022-10-31T14:45:00+00:00,386.15,0.2300000000000182,385.36,387.7299999999999,2,2,2022-10-31T14:50:00+00:00,386.15999999999997,2022-10-31T15:42:00+00:00,387.7099999999999,TAKE_PROFIT,3.099999999999909,0.309548,0.05999999999994543,2.790451999999909,1.962025316455729,1.7661088607595175,4.950892003600046,1.5799999999999272,0.005,0.0015956720514717637,,HYP-FCR-04,stress,990.1784007200092,992.9688527200092,23.00000000000182,0.7478500000000038,0.3075483051414281,2,2,10.000000000002274,0.7899999999999636,10.0,385.75,0.38999999999998636,3,2022,10
QQQ,2022-10-31,long,279.76,277.13,2022-10-31T15:05:00+00:00,2022-10-31T15:25:00+00:00,278.2257,0.08000000000004093,276.96000000000004,280.7571,3,3,2022-10-31T15:30:00+00:00,278.25,2022-10-31T19:59:00+00:00,277.90000000000003,FORCED_SESSION_CLOSE,-1.0499999999998977,0.33369000000000004,0.13289999999989277,-1.3836899999998977,-0.27652682310181803,-0.3644070474835844,5.069946675400058,3.7970999999999435,0.005,0.00374471394188808,,HYP-FCR-04,stress,1013.9893350800116,1012.6056450800118,8.000000000004093,0.6366571428571441,0.12565632993768464,4,4,15.999999999996817,1.2656999999999812,20.0,277.67,0.7099999999999795,5,2022,11
SPY,2022-11-02,long,384.06,382.41,2022-11-02T17:35:00+00:00,2022-11-02T17:40:00+00:00,383.11,0.3450000000000273,382.16,385.01,2,2,2022-11-02T17:45:00+00:00,383.13,2022-11-02T18:00:00+00:00,382.14000000000004,STOP_FIRST_AMBIGUOUS_BAR,-1.9799999999999045,0.306108,0.07999999999992724,-2.2861079999999045,-1.042105263157857,-1.2032147368420694,4.964844263600046,1.8999999999999773,0.005,0.0019134537753076196,,HYP-FCR-04,stress,992.9688527200092,990.6827447200093,34.50000000000273,0.33877857142856066,1.0183642918890417,1,1,24.00000000000091,0.9499999999999886,5.0,382.14,0.020000000000038654,2,2022,13
SPY,2022-11-03,long,372.25,369.04,2022-11-03T14:00:00+00:00,2022-11-03T14:05:00+00:00,370.2015,0.12019999999995434,368.78000000000003,373.04449999999997,2,2,2022-11-03T14:10:00+00:00,370.24,2022-11-03T14:48:00+00:00,373.0245,TAKE_PROFIT,5.56899999999996,0.2973058,0.1169999999999618,5.27169419999996,1.9588462891312124,1.8542716144917455,4.953413723600047,2.842999999999961,0.005,0.002869738082299456,,HYP-FCR-04,stress,990.6827447200093,995.9544389200092,12.019999999995434,1.1662250000000043,0.10306758987326965,1,1,25.0,1.4214999999999804,5.0,369.16,0.37999999999999545,2,2022,10
QQQ,2022-11-03,long,263.48,260.47,2022-11-03T14:00:00+00:00,2022-11-03T14:15:00+00:00,262.08,0.11000000000001364,260.09000000000003,266.0599999999999,2,2,2022-11-03T14:20:00+00:00,262.13,2022-11-03T19:59:00+00:00,260.48,FORCED_SESSION_CLOSE,-3.2999999999999545,0.209044,0.13999999999998636,-3.5090439999999545,-0.8291457286432246,-0.881669346733678,5.063028225400059,3.9799999999999045,0.005,0.003930454090728896,,HYP-FCR-04,stress,1012.6056450800118,1009.0966010800119,11.000000000001364,1.0639999999999816,0.10338345864663115,3,3,37.000000000000455,1.9899999999999523,15.0,260.97,0.8799999999999955,4,2022,10
QQQ,2022-11-04,short,266.39,260.57,2022-11-04T14:40:00+00:00,2022-11-04T14:55:00+00:00,264.55,0.5901000000000067,266.62,260.41,2,2,2022-11-04T15:00:00+00:00,264.54,2022-11-04T15:51:00+00:00,260.43,TAKE_PROFIT,8.220000000000027,0.209988,0.05999999999994543,8.010012000000028,1.9855072463768246,1.93478550724639,5.045483005400059,4.139999999999986,0.005,0.004102679560677386,,HYP-FCR-04,stress,1009.0966010800119,1017.1066130800119,59.01000000000067,1.141042857142862,0.5171584891014522,3,3,22.00000000000273,2.069999999999993,15.0,265.8,0.8199999999999932,4,2022,11
SPY,2022-11-04,short,377.37,372.225,2022-11-04T14:50:00+00:00,2022-11-04T14:55:00+00:00,376.8,0.38999999999998636,378.25,373.90000000000003,2,2,2022-11-04T15:00:00+00:00,376.81,2022-11-04T15:37:00+00:00,373.92,TAKE_PROFIT,5.779999999999973,0.300292,0.05999999999994543,5.479707999999973,1.9931034482758683,1.8895544827586261,4.979772194600046,2.8999999999999773,0.005,0.002911779782963438,,HYP-FCR-04,stress,995.9544389200092,1001.4341469200092,38.999999999998636,1.1455000000000066,0.340462680052365,1,1,87.00000000000045,1.4499999999999886,5.0,378.05,0.19999999999998863,2,2022,11
SPY,2022-11-07,short,378.34,375.53,2022-11-07T15:15:00+00:00,2022-11-07T15:25:00+00:00,376.85,0.35000000000002274,378.4,373.7500000000001,2,2,2022-11-07T15:30:00+00:00,376.85,2022-11-07T19:10:00+00:00,378.41999999999996,STOP_LOSS,-3.1399999999998727,0.302108,0.03999999999996362,-3.4421079999998727,-1.0129032258064403,-1.1103574193548302,5.007170734600046,3.099999999999909,0.005,0.003095560511426744,,HYP-FCR-04,stress,1001.4341469200092,997.9920389200093,35.000000000002274,1.0346333333333366,0.3382840942040867,2,2,5.000000000001137,1.5499999999999545,10.0,377.76,0.6399999999999864,3,2022,10
QQQ,2022-11-08,short,269.33,267.4183,2022-11-08T18:55:00+00:00,2022-11-08T19:00:00+00:00,268.385,0.2798999999999978,269.59,265.975,3,3,2022-11-08T19:05:00+00:00,268.35,2022-11-08T19:26:00+00:00,265.995,TAKE_PROFIT,7.065000000000055,0.32060700000000003,0.16499999999984993,6.744393000000055,1.95435684647307,1.8656688796680896,5.0855330654000594,3.6149999999999523,0.005,0.0035541996812438127,,HYP-FCR-04,stress,1017.1066130800119,1023.851006080012,27.98999999999978,0.7417857142857096,0.3773326913818001,1,1,25.0,1.204999999999984,5.0,269.6079,0.017899999999997362,2,2022,14
SPY,2022-11-08,long,381.23,379.53,2022-11-08T19:35:00+00:00,2022-11-08T19:40:00+00:00,380.4699,1.0199999999999818,378.48990000000003,384.4298999999999,2,2,2022-11-08T19:45:00+00:00,380.49,2022-11-08T20:59:00+00:00,381.95000000000005,FORCED_SESSION_CLOSE,2.9200000000000728,0.304976,0.08019999999999072,2.615024000000073,0.7373737373737701,0.6603595959596272,4.989960194600047,3.9599999999999227,0.005,0.003967967524355495,,HYP-FCR-04,stress,997.9920389200093,1000.6070629200094,101.99999999999818,0.9247000000000014,1.1030604520384777,1,1,103.00999999999476,1.9799999999999613,5.0,378.12,0.36990000000002965,2,2022,14
QQQ,2022-11-09,short,268.34,266.42,2022-11-09T15:20:00+00:00,2022-11-09T15:30:00+00:00,266.54,0.3199999999999932,268.39,262.8400000000001,2,2,2022-11-09T15:35:00+00:00,266.52000000000004,2022-11-09T20:59:00+00:00,263.28999999999996,FORCED_SESSION_CLOSE,6.46000000000015,0.211924,0.07999999999992724,6.24807600000015,1.7459459459460187,1.688669189189261,5.11925503040006,3.699999999999932,0.005,0.003613807065703839,,HYP-FCR-04,stress,1023.851006080012,1030.099082080012,31.999999999999318,0.9754615384615328,0.32804983834081974,2,2,4.000000000002046,1.849999999999966,10.0,268.23,0.15999999999996817,3,2022,10
SPY,2022-11-09,short,380.09,378.15,2022-11-09T15:25:00+00:00,2022-11-09T15:30:00+00:00,378.78,0.400100000000009,380.77,374.79999999999995,2,2,2022-11-09T15:35:00+00:00,378.77000000000004,2022-11-09T19:50:00+00:00,374.81999999999994,TAKE_PROFIT,7.900000000000205,0.301436,0.059999999999831743,7.598564000000205,1.9849246231156201,1.9091869346734096,5.003035314600047,3.980000000000018,0.005,0.00397758535541957,,HYP-FCR-04,stress,1000.6070629200094,1008.2056269200096,40.0100000000009,1.0796000000000014,0.3706002223045651,1,1,67.00000000000159,1.990000000000009,5.0,380.755,0.014999999999986358,2,2022,10
QQQ,2022-11-10,short,278.395,273.85,2022-11-10T15:10:00+00:00,2022-11-10T15:35:00+00:00,276.22,0.22999999999996135,278.43,271.80000000000007,2,2,2022-11-10T15:40:00+00:00,276.18,2022-11-10T15:52:00+00:00,278.45,STOP_LOSS,-4.539999999999964,0.22185200000000002,0.12000000000000455,-4.761851999999964,-1.0271493212669696,-1.0773420814479655,5.150495410400061,4.419999999999959,0.005,0.004290849372542824,,HYP-FCR-04,stress,1030.099082080012,1025.3372300800122,22.999999999996135,1.1278571428571402,0.2039265357821068,5,5,2.5000000000034106,2.2099999999999795,25.0,277.93,0.5,6,2022,10
SPY,2022-11-10,short,389.83,385.642,2022-11-10T15:30:00+00:00,2022-11-10T15:35:00+00:00,388.18,0.25,390.01,384.52000000000004,2,2,2022-11-10T15:40:00+00:00,388.14000000000004,2022-11-10T15:49:00+00:00,390.03,STOP_LOSS,-3.779999999999859,0.31126800000000004,0.11999999999989086,-4.091267999999859,-1.0327868852458721,-1.1178327868852171,5.041028134600048,3.659999999999968,0.005,0.003630211836032879,,HYP-FCR-04,stress,1008.2056269200096,1004.1143589200097,25.0,1.2263642857142787,0.20385459925098112,1,1,17.00000000000159,1.829999999999984,5.0,389.9,0.11000000000001364,2,2022,10
SPY,2022-11-11,short,396.155,393.61,2022-11-11T16:05:00+00:00,2022-11-11T16:10:00+00:00,395.2,0.7210000000000036,396.98,391.63999999999993,2,2,2022-11-11T16:15:00+00:00,395.14000000000004,2022-11-11T18:09:00+00:00,397.0,STOP_LOSS,-3.7199999999999136,0.3168560000000001,0.15999999999985448,-4.036855999999914,-1.0449438202246775,-1.1339483146066986,5.020571794600049,3.560000000000059,0.005,0.003545412898814703,,HYP-FCR-04,stress,1004.1143589200097,1000.0775029200098,72.10000000000036,0.938528571428573,0.7682238153949217,1,1,81.50000000000546,1.7800000000000296,5.0,396.93,0.05000000000001137,2,2022,11
QQQ,2022-11-11,short,284.17,281.19,2022-11-11T16:25:00+00:00,2022-11-11T16:30:00+00:00,283.295,0.36000000000001364,284.49,280.90500000000003,3,3,2022-11-11T16:35:00+00:00,283.27000000000004,2022-11-11T16:50:00+00:00,284.51,STOP_LOSS,-3.7199999999998568,0.340668,0.13499999999987722,-4.060667999999857,-1.0376569037656564,-1.132682845188251,5.126686150400061,3.5849999999999795,0.005,0.0034964106391808516,,HYP-FCR-04,stress,1025.3372300800122,1021.2765620800124,36.000000000001364,0.8477785714285834,0.4246391830751055,1,1,31.000000000000227,1.1949999999999932,5.0,284.82,0.3299999999999841,2,2022,11
QQQ,2022-11-14,short,286.46,284.44,2022-11-14T16:10:00+00:00,2022-11-14T16:15:00+00:00,285.39,0.2300000000000182,286.61,282.94999999999993,3,3,2022-11-14T16:20:00+00:00,285.37,2022-11-14T16:34:00+00:00,286.63,STOP_LOSS,-3.7799999999999727,0.3432,0.11999999999989086,-4.123199999999973,-1.032786885245871,-1.1265573770491477,5.106382810400062,3.660000000000082,0.005,0.0035837501181323864,,HYP-FCR-04,stress,1021.2765620800124,1017.1533620800124,23.00000000000182,0.7027857142857101,0.3272690314056585,1,1,14.00000000000432,1.2200000000000273,5.0,286.56,0.05000000000001137,2,2022,11
SPY,2022-11-14,short,397.8,395.92,2022-11-14T16:10:00+00:00,2022-11-14T16:15:00+00:00,396.62,0.48999999999995225,398.03999999999996,393.7800000000001,2,2,2022-11-14T16:20:00+00:00,396.62,2022-11-14T16:34:00+00:00,398.05999999999995,STOP_LOSS,-2.8799999999998818,0.317872,0.03999999999996362,-3.1978719999998817,-1.014084507042241,-1.1260112676056246,5.000387514600049,2.839999999999918,0.005,0.0028397799087648036,,HYP-FCR-04,stress,1000.0775029200098,996.87963092001,48.999999999995225,0.6874214285714321,0.7128087365828091,1,1,22.999999999996135,1.419999999999959,5.0,397.99,0.049999999999954525,2,2022,11
QQQ,2022-11-15,long,293.26,290.815,2022-11-15T16:05:00+00:00,2022-11-15T16:35:00+00:00,292.23,0.45999999999997954,290.72,295.25,3,3,2022-11-15T16:40:00+00:00,292.25,2022-11-15T18:15:00+00:00,290.70000000000005,STOP_LOSS,-4.649999999999864,0.34977,0.11999999999989086,-4.999769999999864,-1.0264900662251417,-1.1037019867549436,5.085766810400062,4.529999999999973,0.005,0.004453605689054026,,HYP-FCR-04,stress,1017.1533620800124,1012.1535920800125,45.999999999997954,0.8284928571428541,0.5552250644457437,6,6,8.499999999997954,1.509999999999991,30.0,291.24,0.5199999999999818,7,2022,11
SPY,2022-11-15,long,402.31,399.97,2022-11-15T16:15:00+00:00,2022-11-15T16:35:00+00:00,401.15,0.18999999999999773,399.8254,403.7991999999999,2,2,2022-11-15T16:40:00+00:00,401.13,2022-11-15T17:31:00+00:00,399.8054,STOP_LOSS,-2.6491999999999507,0.32037416,0.07999999999992724,-2.969574159999951,-1.0,-1.1209324173335369,4.98439815460005,2.6491999999999507,0.005,0.002657492356980984,,HYP-FCR-04,stress,996.87963092001,993.91005676001,18.999999999999773,0.8949642857142928,0.21229897442036372,4,4,13.460000000003447,1.3245999999999754,20.0,400.195,0.36959999999999127,5,2022,11
QQQ,2022-11-16,long,287.735,285.62,2022-11-16T16:20:00+00:00,2022-11-16T16:25:00+00:00,286.025,0.01999999999998181,285.5,287.07499999999993,3,3,2022-11-16T16:30:00+00:00,286.04999999999995,2022-11-16T17:45:00+00:00,287.05499999999995,TAKE_PROFIT,3.0149999999999864,0.3438629999999999,0.13499999999987722,2.6711369999999865,1.9142857142857885,1.695960000000065,5.060767960400063,1.5749999999999318,0.005,0.0015560879419132916,,HYP-FCR-04,stress,1012.1535920800125,1014.8247290800124,1.999999999998181,0.5691714285714227,0.03513879825306815,1,1,11.000000000001364,0.5249999999999773,5.0,285.42,0.07999999999998408,2,2022,11
SPY,2022-11-16,long,397.78,395.73,2022-11-16T17:20:00+00:00,2022-11-16T17:45:00+00:00,397.19,0.25,395.7109,400.14820000000003,2,2,2022-11-16T17:50:00+00:00,397.21999999999997,2022-11-16T18:32:00+00:00,395.6909,STOP_LOSS,-3.0581999999999425,0.31716436,0.09999999999990905,-3.3753643599999426,-1.033804340477286,-1.1410196606043892,4.96955028380005,2.9582000000000335,0.005,0.002976325654298437,,HYP-FCR-04,stress,993.91005676001,990.53469240001,25.0,0.5034571428571398,0.49656659667442554,5,5,0.9100000000046293,1.4791000000000167,25.0,396.37,0.6591000000000236,6,2022,12
SPY,2022-11-17,long,391.7,390.27,2022-11-17T15:00:00+00:00,2022-11-17T15:20:00+00:00,391.575,0.26000000000004775,390.13,394.465,2,2,2022-11-17T15:25:00+00:00,391.59999999999997,2022-11-17T17:59:00+00:00,394.445,TAKE_PROFIT,5.690000000000055,0.314418,0.08999999999991815,5.375582000000055,1.9688581314879174,1.8600629757785745,4.9526734620000505,2.8899999999999864,0.005,0.0029176161341685856,,HYP-FCR-04,stress,990.53469240001,995.91027440001,26.000000000004775,0.7341818181818098,0.35413571074796407,4,4,12.999999999999545,1.4449999999999932,20.0,390.7305,0.6005000000000109,5,2022,10
QQQ,2022-11-17,short,282.97,280.72,2022-11-17T15:45:00+00:00,2022-11-17T15:50:00+00:00,282.72,0.1553000000000111,283.25,281.6600000000001,3,3,2022-11-17T15:55:00+00:00,282.71000000000004,2022-11-17T16:33:00+00:00,283.27,STOP_LOSS,-1.6799999999998363,0.339588,0.08999999999991815,-2.0195879999998363,-1.056603773584857,-1.2701811320754341,5.074123645400062,1.5899999999999181,0.005,0.0015667730145296418,,HYP-FCR-04,stress,1014.8247290800124,1012.8051410800125,15.53000000000111,0.696721428571424,0.2229011390082293,1,1,26.99999999999818,0.5299999999999727,5.0,283.26,0.009999999999990905,2,2022,10
SPY,2022-11-18,long,397.81,395.56,2022-11-18T20:35:00+00:00,2022-11-18T20:40:00+00:00,396.445,0.06499999999999773,395.5,398.335,2,2,2022-11-18T20:45:00+00:00,396.46999999999997,2022-11-18T20:54:00+00:00,395.48,STOP_LOSS,-1.9799999999999045,0.31678,0.08999999999991815,-2.2967799999999046,-1.0476190476190046,-1.2152275132274715,4.97955137200005,1.8899999999999864,0.005,0.0018977613230655986,,HYP-FCR-04,stress,995.91027440001,993.6134944000102,6.499999999999773,0.4910285714285741,0.13237518910740767,1,1,5.000000000001137,0.9449999999999932,5.0,395.5802,0.08019999999999072,2,2022,15
SPY,2022-11-21,long,395.82,394.28,2022-11-21T18:05:00+00:00,2022-11-21T18:10:00+00:00,395.0,0.21999999999997044,394.115,396.77,2,2,2022-11-21T18:15:00+00:00,395.02,2022-11-21T20:26:00+00:00,394.095,STOP_LOSS,-1.849999999999909,0.31564600000000004,0.07999999999992724,-2.165645999999909,-1.0451977401129537,-1.2235288135592832,4.968067472000051,1.7699999999999818,0.005,0.0017813767727347441,,HYP-FCR-04,stress,993.6134944000102,991.4478484000102,21.999999999997044,0.44047857142857083,0.4994567596931244,1,1,15.499999999997272,0.8849999999999909,5.0,393.91,0.20499999999998408,2,2022,13
QQQ,2022-11-23,short,288.45,285.89,2022-11-23T16:45:00+00:00,2022-11-23T16:50:00+00:00,286.97,0.5300000000000296,288.65999999999997,283.59000000000015,2,2,2022-11-23T16:55:00+00:00,286.93,2022-11-23T19:02:00+00:00,288.67999999999995,STOP_LOSS,-3.4999999999998863,0.23024399999999998,0.12000000000000455,-3.730243999999886,-1.0355029585798843,-1.1036224852071055,5.064025705400063,3.3799999999998818,0.005,0.0033372658400959467,,HYP-FCR-04,stress,1012.8051410800125,1009.0748970800126,53.000000000002956,0.45071428571427774,1.175911251981069,1,1,19.999999999998863,1.6899999999999409,5.0,288.65999999999997,0.0,2,2022,11
SPY,2022-11-23,short,401.85,399.49,2022-11-23T16:45:00+00:00,2022-11-23T16:50:00+00:00,400.3599,0.4800000000000182,401.895,397.2897,2,2,2022-11-23T16:55:00+00:00,400.33000000000004,2022-11-23T19:02:00+00:00,401.91499999999996,STOP_LOSS,-3.1699999999998454,0.320898,0.09979999999984557,-3.4908979999998455,-1.0325060256660301,-1.1370262523613595,4.9572392420000515,3.0702,0.005,0.00309668330508222,,HYP-FCR-04,stress,991.4478484000102,987.9569504000103,48.00000000000182,0.42424285714285553,1.1314274169108463,1,1,3.4999999999968168,1.5351,5.0,401.875,0.01999999999998181,2,2022,11
QQQ,2022-11-25,short,287.58,286.42,2022-11-25T16:10:00+00:00,2022-11-25T16:15:00+00:00,287.43,0.060000000000002274,287.6199,287.0502000000001,3,3,2022-11-25T16:20:00+00:00,287.40000000000003,2022-11-25T16:28:00+00:00,287.07020000000006,TAKE_PROFIT,0.9893999999999323,0.34468212000000004,0.14999999999986358,0.6447178799999322,1.7367035281729148,1.1316796208531643,5.045374485400063,0.569699999999898,0.005,0.0005645765261314638,,HYP-FCR-04,stress,1009.0748970800126,1009.7196149600126,6.000000000000227,0.3176000000000069,0.18891687657431036,1,1,2.9899999999997817,0.18989999999996598,5.0,287.65,0.030100000000004457,2,2022,11
SPY,2022-11-25,short,402.56,401.535,2022-11-25T16:25:00+00:00,2022-11-25T16:30:00+00:00,402.195,0.11000000000001364,402.57,401.445,2,2,2022-11-25T16:35:00+00:00,402.19,2022-11-25T16:54:00+00:00,402.59,STOP_LOSS,-0.7999999999999545,0.32191200000000003,0.049999999999954525,-1.1219119999999545,-1.066666666666606,-1.495882666666606,4.939784752000052,0.75,0.005,0.0007591423894495961,,HYP-FCR-04,stress,987.9569504000103,986.8350384000104,11.000000000001364,0.2784428571428594,0.3950541275460927,1,1,0.0,0.375,5.0,402.59999999999997,0.029999999999972715,2,2022,11
QQQ,2022-11-28,long,286.96,284.66,2022-11-28T17:15:00+00:00,2022-11-28T17:20:00+00:00,284.75,0.35000000000002274,284.2,285.85,3,3,2022-11-28T17:25:00+00:00,284.77099999999996,2022-11-28T17:53:00+00:00,284.18,STOP_LOSS,-1.772999999999854,0.34137059999999997,0.12299999999981992,-2.114370599999854,-1.074545454545344,-1.2814367272726122,5.048598074800063,1.650000000000034,0.005,0.0016341170118452915,,HYP-FCR-04,stress,1009.7196149600126,1007.6052443600128,35.000000000002274,0.5280571428571526,0.6628070555135035,1,1,45.00000000000455,0.5500000000000114,5.0,284.22,0.020000000000038654,2,2022,12
QQQ,2022-11-29,long,283.1,281.58,2022-11-29T15:10:00+00:00,2022-11-29T15:30:00+00:00,282.821,0.07999999999998408,281.48,285.50300000000004,3,3,2022-11-29T15:35:00+00:00,282.84,2022-11-29T16:03:00+00:00,281.46000000000004,STOP_LOSS,-4.139999999999816,0.33858000000000005,0.11699999999979127,-4.478579999999816,-1.029082774049165,-1.1132438478746678,5.038026221800064,4.023000000000025,0.005,0.003992635034919117,,HYP-FCR-04,stress,1007.6052443600128,1003.1266643600129,7.999999999998408,0.655415384615393,0.122059997183205,4,4,8.999999999997499,1.3410000000000082,20.0,282.33,0.8499999999999659,5,2022,10
SPY,2022-11-29,long,396.6399,395.24,2022-11-29T19:00:00+00:00,2022-11-29T19:05:00+00:00,395.685,0.5450000000000159,395.0,397.055,2,2,2022-11-29T19:10:00+00:00,395.71,2022-11-29T19:26:00+00:00,394.98,STOP_LOSS,-1.4599999999999227,0.31627600000000006,0.08999999999991815,-1.7762759999999227,-1.0656934306568744,-1.2965518248174575,4.934175192000052,1.3700000000000045,0.005,0.0013882766082376167,,HYP-FCR-04,stress,986.8350384000104,985.0587624000104,54.50000000000159,0.43456428571427963,1.2541297522971004,1,1,23.00000000000182,0.6850000000000023,5.0,394.72,0.2799999999999727,2,2022,14
QQQ,2022-11-30,long,281.97,280.47,2022-11-30T16:05:00+00:00,2022-11-30T16:10:00+00:00,281.155,0.05000000000001137,280.34000000000003,282.78499999999985,3,3,2022-11-30T16:15:00+00:00,281.16999999999996,2022-11-30T17:20:00+00:00,280.32000000000005,STOP_LOSS,-2.549999999999727,0.336894,0.1049999999999045,-2.886893999999727,-1.0429447852760376,-1.1807337423312625,5.015633321800065,2.4449999999998226,0.005,0.0024373791335311717,,HYP-FCR-04,stress,1003.1266643600129,1000.2397703600132,5.000000000001137,0.5518857142857071,0.09059846759165566,1,1,12.000000000000455,0.8149999999999409,5.0,280.355,0.014999999999986358,2,2022,11
SPY,2022-11-30,long,396.2094,394.865,2022-11-30T16:25:00+00:00,2022-11-30T16:30:00+00:00,395.31,0.06220000000001846,394.75,396.43,2,2,2022-11-30T16:35:00+00:00,395.33,2022-11-30T17:08:00+00:00,394.73,STOP_LOSS,-1.1999999999999318,0.31602399999999997,0.07999999999992724,-1.5160239999999319,-1.0714285714285061,-1.3535928571427909,4.925293812000052,1.1200000000000045,0.005,0.0011369880079755055,,HYP-FCR-04,stress,985.0587624000104,983.5427384000105,6.220000000001846,0.4896571428571487,0.12702765783642317,1,1,10.500000000001819,0.5600000000000023,5.0,394.79,0.040000000000020464,2,2022,11
QQQ,2022-12-01,short,295.56,293.0698,2022-12-01T15:00:00+00:00,2022-12-01T15:05:00+00:00,293.82,0.14999999999997726,295.76,289.94,2,2,2022-12-01T15:10:00+00:00,293.77000000000004,2022-12-01T20:59:00+00:00,293.74,FORCED_SESSION_CLOSE,0.06000000000005912,0.23500400000000002,0.13999999999987267,-0.1750039999999409,0.01546391752578845,-0.04510412371132503,5.001198851800066,3.8799999999999955,0.005,0.003879069914010197,,HYP-FCR-04,stress,1000.2397703600132,1000.0647663600132,14.999999999997726,0.9149250000000109,0.16394786457903707,1,1,18.999999999999773,1.9399999999999977,5.0,295.09,0.6700000000000159,2,2022,10
QQQ,2022-12-02,short,290.23,288.36,2022-12-02T15:55:00+00:00,2022-12-02T16:00:00+00:00,289.7584,0.045000000000015916,290.67,287.93519999999995,3,3,2022-12-02T16:05:00+00:00,289.73,2022-12-02T16:26:00+00:00,290.69,STOP_LOSS,-2.8799999999999386,0.348252,0.14519999999987476,-3.2282519999999386,-1.0530934620447094,-1.1804344010530434,5.000323831800066,2.734800000000064,0.005,0.0027346228884295716,,HYP-FCR-04,stress,1000.0647663600132,996.8365143600133,4.500000000001592,0.8645071428571457,0.052052779866333485,1,1,43.00000000000068,0.9116000000000213,5.0,290.68,0.009999999999990905,2,2022,11
QQQ,2022-12-05,long,291.68,290.19,2022-12-05T15:40:00+00:00,2022-12-05T15:45:00+00:00,290.56,0.19999999999998863,290.0965,291.487,3,3,2022-12-05T15:50:00+00:00,290.60999999999996,2022-12-05T15:53:00+00:00,290.0765,STOP_LOSS,-1.6004999999998404,0.3484119,0.209999999999809,-1.9489118999998403,-1.1510248112188453,-1.4015907227614501,4.9841825718000665,1.3905000000000314,0.005,0.0013949127865693774,,HYP-FCR-04,stress,996.8365143600133,994.8876024600135,19.999999999998863,0.6892785714285635,0.29015844723778206,1,1,8.3500000000015,0.46350000000001046,5.0,289.83,0.26650000000000773,2,2022,10
QQQ,2022-12-07,long,282.57,279.25,2022-12-07T15:00:00+00:00,2022-12-07T15:05:00+00:00,280.61,0.396000000000015,278.7701,284.2898,2,2,2022-12-07T15:10:00+00:00,280.65999999999997,2022-12-07T20:59:00+00:00,280.42,FORCED_SESSION_CLOSE,-0.4799999999999045,0.224432,0.13999999999987267,-0.7044319999999045,-0.13044187184083497,-0.19143214305122683,4.974438012300068,3.6798,0.005,0.0036987092721842405,,HYP-FCR-04,stress,994.8876024600135,994.1831704600136,39.6000000000015,1.1797124999999795,0.33567500556281454,1,1,46.989999999999554,1.8399,5.0,279.52,0.7498999999999683,2,2022,10
SPY,2022-12-07,long,395.3,392.34,2022-12-07T15:00:00+00:00,2022-12-07T15:05:00+00:00,393.82,0.5099999999999909,391.96000000000004,397.5399999999999,2,2,2022-12-07T15:10:00+00:00,393.82,2022-12-07T20:59:00+00:00,393.13,FORCED_SESSION_CLOSE,-1.3799999999999955,0.31478000000000006,0.03999999999996362,-1.6947799999999955,-0.37096774193549126,-0.45558602150538574,4.917713692000053,3.7199999999999136,0.005,0.0037822454020162524,,HYP-FCR-04,stress,983.5427384000105,981.8479584000105,50.99999999999909,1.1937874999999991,0.427211710626884,1,1,36.99999999999477,1.8599999999999568,5.0,392.77,0.8099999999999454,2,2022,10
SPY,2022-12-08,short,396.2501,393.45,2022-12-08T16:05:00+00:00,2022-12-08T16:10:00+00:00,395.9,0.14220000000000255,396.2793,395.1414,2,2,2022-12-08T16:15:00+00:00,395.89000000000004,2022-12-08T16:19:00+00:00,395.16139999999996,TAKE_PROFIT,1.4572000000001708,0.31642056,0.059999999999831743,1.1407794400001707,1.9209069338256899,1.503795728974649,4.909239792000053,0.7586000000000013,0.005,0.0007726247159857548,,HYP-FCR-04,stress,981.8479584000105,982.9887378400107,14.220000000000255,0.6009285714285681,0.2366337810531376,1,1,1.9200000000012096,0.37930000000000064,5.0,396.64,0.36070000000000846,2,2022,11
SPY,2022-12-09,short,396.89,394.12,2022-12-09T16:05:00+00:00,2022-12-09T16:10:00+00:00,396.26,0.29000000000002046,397.37,394.03999999999996,2,2,2022-12-09T16:15:00+00:00,396.26,2022-12-09T16:45:00+00:00,397.39,STOP_LOSS,-2.259999999999991,0.31746,0.03999999999996362,-2.577459999999991,-1.0180180180180014,-1.1610180180179996,4.9149436892000535,2.2200000000000273,0.005,0.0022584185500214246,,HYP-FCR-04,stress,982.9887378400107,980.4112778400107,29.000000000002046,0.7960000000000004,0.36432160804022656,1,1,47.00000000000273,1.1100000000000136,5.0,397.28999999999996,0.08000000000004093,2,2022,11
QQQ,2022-12-09,short,284.27,281.59,2022-12-09T18:05:00+00:00,2022-12-09T18:10:00+00:00,283.92,0.03000000000002956,284.46999999999997,282.8200000000001,3,3,2022-12-09T18:15:00+00:00,283.91,2022-12-09T18:33:00+00:00,284.48999999999995,STOP_LOSS,-1.7399999999997817,0.34103999999999995,0.08999999999991815,-2.0810399999997817,-1.0545454545454094,-1.2612363636363357,4.970915852300068,1.6499999999998636,0.005,0.0016596539239709723,,HYP-FCR-04,stress,994.1831704600136,992.1021304600138,3.000000000002956,0.44457142857142784,0.06748071979441107,1,1,18.999999999999773,0.5499999999999545,5.0,284.83,0.36000000000001364,2,2022,13
QQQ,2022-12-12,long,283.0236,281.42,2022-12-12T15:50:00+00:00,2022-12-12T16:00:00+00:00,282.34,0.18199999999995953,281.15000000000003,284.71999999999986,3,3,2022-12-12T16:05:00+00:00,282.37,2022-12-12T20:23:00+00:00,284.6999999999999,TAKE_PROFIT,6.989999999999611,0.34024199999999993,0.1500000000000341,6.649757999999611,1.9579831932772993,1.8626773109243533,4.960510652300069,3.5699999999998226,0.005,0.0035984198505294007,,HYP-FCR-04,stress,992.1021304600138,998.7518884600133,18.199999999995953,0.5424214285714258,0.33553246684831856,2,2,25.99999999999909,1.1899999999999409,10.0,281.37,0.21999999999997044,3,2022,11
QQQ,2022-12-14,short,290.09,288.04,2022-12-14T18:10:00+00:00,2022-12-14T18:15:00+00:00,289.62,0.12000000000000455,290.26,288.34000000000003,3,3,2022-12-14T18:20:00+00:00,289.61,2022-12-14T18:31:00+00:00,290.28,STOP_LOSS,-2.009999999999877,0.347934,0.08999999999991815,-2.357933999999877,-1.0468749999999583,-1.2280906249999621,4.993759442300067,1.919999999999959,0.005,0.0019223993688366671,,HYP-FCR-04,stress,998.7518884600133,996.3939544600134,12.000000000000455,0.40067142857142407,0.29949727243556934,1,1,16.0000000000025,0.6399999999999864,5.0,290.12,0.13999999999998636,2,2022,13
SPY,2022-12-15,long,395.25,391.17,2022-12-15T15:35:00+00:00,2022-12-15T15:40:00+00:00,391.8,0.12000000000000455,391.08,393.24000000000007,2,2,2022-12-15T15:45:00+00:00,391.83,2022-12-15T15:49:00+00:00,391.06,STOP_LOSS,-1.5399999999999636,0.313156,0.09999999999990905,-1.8531559999999636,-1.0694444444443787,-1.2869138888888147,4.9020563892000535,1.4400000000000546,0.005,0.0014687713539695147,,HYP-FCR-04,stress,980.4112778400107,978.5581218400107,12.000000000000455,0.9036142857142855,0.13280002529524798,1,1,8.000000000004093,0.7200000000000273,5.0,391.08,0.0,2,2022,10
SPY,2022-12-19,long,383.82,381.89,2022-12-19T15:05:00+00:00,2022-12-19T15:15:00+00:00,382.7701,0.2699999999999818,381.73,384.8503,2,2,2022-12-19T15:20:00+00:00,382.82,2022-12-19T15:59:00+00:00,381.71000000000004,STOP_LOSS,-2.2199999999999136,0.30581200000000003,0.13979999999992287,-2.5258119999999136,-1.0672050764349215,-1.2142159407748894,4.892790609200054,2.0801999999999907,0.005,0.0021257807314383446,,HYP-FCR-04,stress,978.5581218400107,976.0323098400108,26.99999999999818,0.7204600000000141,0.37476056963603327,2,2,14.999999999997726,1.0400999999999954,10.0,382.02,0.2899999999999636,3,2022,10
QQQ,2022-12-19,long,273.96,271.42,2022-12-19T15:15:00+00:00,2022-12-19T15:20:00+00:00,272.5401,0.12000000000000455,271.38,274.8603,3,3,2022-12-19T15:25:00+00:00,272.53999999999996,2022-12-19T15:50:00+00:00,271.36,STOP_LOSS,-3.53999999999985,0.32633999999999996,0.060300000000040654,-3.86633999999985,-1.0171536936470564,-1.1109214722868288,4.981969772300068,3.4802999999999997,0.005,0.003492895540385044,,HYP-FCR-04,stress,996.3939544600134,992.5276144600136,12.000000000000455,0.7952181818181636,0.15090198230332216,1,1,3.000000000002956,1.1601,5.0,271.18,0.19999999999998863,2,2022,10
QQQ,2022-12-20,short,269.63,266.95,2022-12-20T16:10:00+00:00,2022-12-20T16:15:00+00:00,268.45,0.3900000000000432,269.82,265.71,3,3,2022-12-20T16:20:00+00:00,268.4209,2022-12-20T17:00:00+00:00,269.84,STOP_LOSS,-4.257299999999873,0.32295654,0.1472999999998592,-4.580256539999873,-1.0358394160583597,-1.1144176496350018,4.962638072300068,4.110000000000014,0.005,0.0041409427205066395,,HYP-FCR-04,stress,992.5276144600136,987.9473579200138,39.00000000000432,0.7282142857142853,0.5355566454144784,1,1,18.000000000000682,1.3700000000000045,5.0,270.28,0.45999999999997954,2,2022,11
SPY,2022-12-20,short,380.27,377.85,2022-12-20T16:15:00+00:00,2022-12-20T16:20:00+00:00,379.6301,0.5300000000000296,380.64,377.6103000000001,2,2,2022-12-20T16:25:00+00:00,379.61,2022-12-20T16:59:00+00:00,380.65999999999997,STOP_LOSS,-2.099999999999909,0.304108,0.08019999999999072,-2.404107999999909,-1.03970690167343,-1.190270323794438,4.8801615492000545,2.0197999999999183,0.005,0.002069398707027434,,HYP-FCR-04,stress,976.0323098400108,973.6282018400109,53.000000000002956,0.8048499999999917,0.6585077964838604,1,1,36.000000000001364,1.0098999999999592,5.0,380.89,0.25,2,2022,11
QQQ,2022-12-23,long,266.72,263.63,2022-12-23T15:05:00+00:00,2022-12-23T15:20:00+00:00,266.4,0.5,263.52,272.15999999999997,1,1,2022-12-23T15:25:00+00:00,266.38,2022-12-23T20:59:00+00:00,267.43,FORCED_SESSION_CLOSE,1.0500000000000114,0.106762,0.03999999999996362,0.9432380000000113,0.36458333333333787,0.3275131944444489,4.939736789600069,2.8799999999999955,0.005,0.002915135079730803,,HYP-FCR-04,stress,987.9473579200138,988.8905959200139,50.0,1.3625454545454596,0.36696023485454893,3,3,10.000000000002274,2.8799999999999955,15.0,264.66,1.1400000000000432,4,2022,10
SPY,2022-12-23,short,381.27,378.03,2022-12-23T15:55:00+00:00,2022-12-23T16:05:00+00:00,380.34,0.19999999999998863,381.55,377.9199999999999,2,2,2022-12-23T16:10:00+00:00,380.33000000000004,2022-12-23T16:38:00+00:00,381.57,STOP_LOSS,-2.4799999999999045,0.30476000000000003,0.059999999999831743,-2.7847599999999044,-1.0247933884296818,-1.1507272727271987,4.8681410092000545,2.4200000000000728,0.005,0.0024855483801995842,,HYP-FCR-04,stress,973.6282018400109,970.843441840011,19.999999999998863,1.033200000000006,0.1935733643050595,2,2,27.000000000003865,1.2100000000000364,10.0,381.07,0.4800000000000182,3,2022,11
SPY,2022-12-27,long,383.01,380.03,2022-12-27T15:00:00+00:00,2022-12-27T15:15:00+00:00,382.05,0.22999999999996135,379.64,386.87000000000006,2,2,2022-12-27T15:20:00+00:00,382.09999999999997,2022-12-27T20:59:00+00:00,381.37,FORCED_SESSION_CLOSE,-1.4599999999999227,0.30538800000000005,0.13999999999987267,-1.7653879999999227,-0.3029045643153335,-0.36626307053939927,4.854217209200055,4.82000000000005,0.005,0.004964755172950281,,HYP-FCR-04,stress,970.843441840011,969.0780538400111,22.999999999996135,0.9204900000000009,0.24986691870629896,3,3,37.999999999999545,2.410000000000025,15.0,380.37010000000004,0.7301000000000499,4,2022,10
QQQ,2022-12-27,long,266.85,263.23,2022-12-27T15:00:00+00:00,2022-12-27T15:20:00+00:00,265.145,0.5949999999999704,263.02,269.395,2,2,2022-12-27T15:25:00+00:00,265.16999999999996,2022-12-27T20:59:00+00:00,263.52000000000004,FORCED_SESSION_CLOSE,-3.299999999999841,0.21147600000000003,0.08999999999991815,-3.511475999999841,-0.7764705882352567,-0.8262296470587861,4.94445297960007,4.25,0.005,0.004297745390172322,,HYP-FCR-04,stress,988.8905959200139,985.3791199200141,59.499999999997044,0.9290090909091036,0.6404673601393064,4,4,20.000000000004547,2.125,20.0,263.6,0.5800000000000409,5,2022,10
QQQ,2022-12-28,long,265.47,262.22,2022-12-28T18:00:00+00:00,2022-12-28T18:05:00+00:00,262.52,0.160000000000025,261.97,263.6199999999999,3,3,2022-12-28T18:10:00+00:00,262.54999999999995,2022-12-28T18:21:00+00:00,261.95000000000005,STOP_LOSS,-1.7999999999997272,0.31470000000000004,0.14999999999986358,-2.1146999999997274,-1.0909090909090158,-1.2816363636363044,4.926895599600071,1.6499999999998636,0.005,0.0016744824064607727,,HYP-FCR-04,stress,985.3791199200141,983.2644199200143,16.0000000000025,0.4571857142857141,0.3499671905759384,1,1,24.00000000000091,0.5499999999999545,5.0,261.77500000000003,0.19499999999999318,2,2022,13
QQQ,2022-12-30,short,264.49,262.29,2022-12-30T15:50:00+00:00,2022-12-30T16:15:00+00:00,263.6356,0.22410000000002128,264.93,261.0468,3,3,2022-12-30T16:20:00+00:00,263.6,2022-12-30T20:15:00+00:00,264.95,STOP_LOSS,-4.049999999999898,0.31713,0.1667999999999097,-4.367129999999897,-1.0429542645240808,-1.1246214462298905,4.916322099600072,3.883199999999988,0.005,0.003949293721332736,,HYP-FCR-04,stress,983.2644199200143,978.8972899200145,22.410000000002128,0.5802857142857079,0.3861890694239701,5,5,43.00000000000068,1.294399999999996,25.0,264.45,0.4800000000000182,6,2022,11
SPY,2022-12-30,long,381.62,379.02,2022-12-30T18:25:00+00:00,2022-12-30T18:35:00+00:00,379.72,0.2436999999999898,378.42,382.32000000000005,2,2,2022-12-30T18:40:00+00:00,379.74,2022-12-30T20:52:00+00:00,382.30000000000007,TAKE_PROFIT,5.120000000000118,0.30481600000000003,0.07999999999992724,4.8151840000001185,1.9692307692307975,1.8519938461538756,4.845390269200055,2.6000000000000227,0.005,0.002682962419484599,,HYP-FCR-04,stress,969.0780538400111,973.8932378400112,24.36999999999898,0.5048642857142868,0.4827039798531218,2,2,58.9999999999975,1.3000000000000114,10.0,378.95,0.5299999999999727,3,2022,13
SPY,2023-01-04,long,384.17,381.9,2023-01-04T15:40:00+00:00,2023-01-04T15:45:00+00:00,382.74,0.4249999999999545,380.99,386.24,2,2,2023-01-04T15:50:00+00:00,382.765,2023-01-04T20:59:00+00:00,383.72,FORCED_SESSION_CLOSE,1.9100000000000819,0.30659400000000003,0.08999999999991815,1.6034060000000818,0.5457142857143091,0.4581160000000234,4.869466189200057,3.5,0.005,0.0035938230845124434,,HYP-FCR-04,stress,973.8932378400112,975.4966438400113,42.49999999999545,1.1074714285714313,0.38375707854438995,1,1,89.99999999999773,1.75,5.0,381.25,0.2599999999999909,2,2023,10
QQQ,2023-01-04,long,266.92,264.72,2023-01-04T16:05:00+00:00,2023-01-04T16:15:00+00:00,265.32,0.18139999999999645,264.40000000000003,267.1599999999999,3,3,2023-01-04T16:20:00+00:00,265.34,2023-01-04T16:36:00+00:00,267.13999999999993,TAKE_PROFIT,5.399999999999864,0.319488,0.11999999999989086,5.080511999999864,1.9565217391304723,1.840765217391337,4.894486449600072,2.759999999999877,0.005,0.002819499071476024,,HYP-FCR-04,stress,978.8972899200145,983.9778019200144,18.139999999999645,0.7062785714285634,0.2568391670627716,2,2,31.000000000000227,0.9199999999999591,10.0,264.51,0.1099999999999568,3,2023,11
QQQ,2023-01-05,short,264.09,261.5001,2023-01-05T15:05:00+00:00,2023-01-05T15:55:00+00:00,262.16,0.029999999999972715,264.21999999999997,258.04000000000013,2,2,2023-01-05T16:00:00+00:00,262.14000000000004,2023-01-05T20:59:00+00:00,261.62,FORCED_SESSION_CLOSE,1.0400000000000773,0.209504,0.07999999999992724,0.8304960000000773,0.25242718446604484,0.20157669902915032,4.919889009600072,4.119999999999891,0.005,0.0041870863265010905,,HYP-FCR-04,stress,983.9778019200144,984.8082979200144,2.9999999999972715,0.8292857142857153,0.0361757105942823,10,10,12.000000000000455,2.0599999999999454,50.0,262.92,1.2999999999999545,11,2023,11
SPY,2023-01-05,short,381.76,378.89,2023-01-05T15:05:00+00:00,2023-01-05T15:55:00+00:00,379.39,0.30999999999994543,381.84999999999997,374.47,1,1,2023-01-05T16:00:00+00:00,379.38,2023-01-05T20:59:00+00:00,379.41999999999996,FORCED_SESSION_CLOSE,-0.03999999999996362,0.15176,0.029999999999972715,-0.19175999999996363,-0.016260162601611363,-0.07795121951218098,4.877483219200057,2.4599999999999795,0.005,0.0025217923767695072,,HYP-FCR-04,stress,975.4966438400113,975.3048838400114,30.999999999994543,0.9160642857142948,0.3384041980833529,10,10,7.999999999998408,2.4599999999999795,50.0,380.55,1.2999999999999545,11,2023,11
SPY,2023-01-09,short,391.67,389.35,2023-01-09T18:30:00+00:00,2023-01-09T18:35:00+00:00,391.12,0.24740000000002738,392.05,389.26,2,2,2023-01-09T18:40:00+00:00,391.08000000000004,2023-01-09T19:58:00+00:00,389.28,TAKE_PROFIT,3.6000000000001364,0.31214400000000003,0.11999999999989086,3.2878560000001364,1.935483870967801,1.7676645161290927,4.876524419200057,1.8600000000000136,0.005,0.001907095956165772,,HYP-FCR-04,stress,975.3048838400114,978.5927398400115,24.740000000002738,0.45032857142857907,0.5493766456238817,1,1,37.000000000000455,0.9300000000000068,5.0,392.23,0.18000000000000682,2,2023,13
QQQ,2023-01-09,short,273.5401,270.73,2023-01-09T18:40:00+00:00,2023-01-09T18:45:00+00:00,272.725,0.6000000000000227,273.825,270.5250000000001,3,3,2023-01-09T18:50:00+00:00,272.7081,2023-01-09T20:48:00+00:00,270.5450000000001,TAKE_PROFIT,6.489299999999787,0.32595186000000004,0.11070000000000846,6.163348139999787,1.966454545454542,1.867681254545448,4.924041489600072,3.2999999999998977,0.005,0.003350905965120048,,HYP-FCR-04,stress,984.8082979200144,990.9716460600142,60.000000000002274,0.4343999999999945,1.3812154696133294,1,1,27.490000000000236,1.099999999999966,5.0,274.26,0.4350000000000023,2,2023,13
QQQ,2023-01-10,short,272.02,269.38,2023-01-10T15:25:00+00:00,2023-01-10T15:30:00+00:00,269.7393,0.34080000000000155,272.1101,264.99770000000007,2,2,2023-01-10T15:35:00+00:00,269.70000000000005,2023-01-10T19:00:00+00:00,272.13009999999997,STOP_LOSS,-4.86019999999985,0.21673204000000001,0.11859999999990123,-5.07693203999985,-1.02501265395645,-1.070721283954763,4.954858230300071,4.7415999999999485,0.005,0.004784798857618165,,HYP-FCR-04,stress,990.9716460600142,985.8947140200144,34.080000000000155,1.2375615384615344,0.2753802452714106,1,1,8.010000000001583,2.3707999999999743,5.0,272.05,0.06009999999997717,2,2023,10
SPY,2023-01-10,short,389.23,387.02,2023-01-10T15:25:00+00:00,2023-01-10T15:35:00+00:00,387.2904,0.4900000000000091,389.245,383.3811999999999,2,2,2023-01-10T15:40:00+00:00,387.28000000000003,2023-01-10T18:07:00+00:00,389.265,STOP_LOSS,-3.9699999999999136,0.31061800000000006,0.0607999999998583,-4.280617999999913,-1.0155530543333309,-1.0950112554998088,4.892963699200058,3.9092000000000553,0.005,0.003994715923029598,,HYP-FCR-04,stress,978.5927398400115,974.3121218400116,49.00000000000091,1.1358000000000013,0.43141398133474956,2,2,0.49999999999954525,1.9546000000000276,10.0,388.73,0.5149999999999864,3,2023,10
QQQ,2023-01-11,short,274.85,273.12,2023-01-11T15:30:00+00:00,2023-01-11T15:35:00+00:00,274.25,0.2950000000000159,275.49,271.77,3,3,2023-01-11T15:40:00+00:00,274.23,2023-01-11T17:07:00+00:00,275.51,STOP_LOSS,-3.839999999999918,0.329844,0.11999999999989086,-4.169843999999918,-1.0322580645160995,-1.1209258064515826,4.929473570100072,3.7200000000000273,0.005,0.0037732223807465395,,HYP-FCR-04,stress,985.8947140200144,981.7248700200145,29.50000000000159,0.7360857142857193,0.4007685440360395,1,1,62.999999999999545,1.240000000000009,5.0,275.46,0.03000000000002956,2,2023,10
SPY,2023-01-11,long,393.1594,391.8,2023-01-11T16:05:00+00:00,2023-01-11T16:15:00+00:00,392.51,0.3599999999999568,391.71500000000003,394.0999999999999,2,2,2023-01-11T16:20:00+00:00,392.53999999999996,2023-01-11T18:14:00+00:00,394.0799999999999,TAKE_PROFIT,3.0799999999999272,0.314648,0.09999999999990905,2.765351999999927,1.9371069182390477,1.7392150943396665,4.871560609200058,1.5899999999999181,0.005,0.0016319205769473187,,HYP-FCR-04,stress,974.3121218400116,977.0774738400115,35.99999999999568,0.5289928571428513,0.6805384895825559,2,2,7.499999999998863,0.7949999999999591,10.0,391.85,0.1349999999999909,3,2023,11
SPY,2023-01-12,short,396.965,392.42,2023-01-12T15:40:00+00:00,2023-01-12T15:45:00+00:00,395.23,0.3499999999999659,397.0,391.69000000000005,2,2,2023-01-12T15:50:00+00:00,395.22,2023-01-12T17:09:00+00:00,397.02,STOP_LOSS,-3.599999999999909,0.316896,0.05999999999994543,-3.916895999999909,-1.0169491525423577,-1.106467796610155,4.885387369200058,3.5399999999999636,0.005,0.003623049445697906,,HYP-FCR-04,stress,977.0774738400115,973.1605778400116,34.99999999999659,1.2561785714285716,0.2786228072669105,1,1,2.5000000000034106,1.7699999999999818,5.0,396.87,0.12999999999999545,2,2023,10
QQQ,2023-01-12,short,278.76,273.74,2023-01-12T18:25:00+00:00,2023-01-12T18:30:00+00:00,278.09,1.1200000000000045,279.40999999999997,275.45,3,3,2023-01-12T18:35:00+00:00,278.11,2023-01-12T18:52:00+00:00,279.42999999999995,STOP_LOSS,-3.959999999999809,0.334524,0.12000000000006139,-4.294523999999809,-0.9999999999999569,-1.084475757575715,4.908624350100072,3.9599999999999795,0.005,0.004033716696938978,,HYP-FCR-04,stress,981.7248700200145,977.4303460200147,112.00000000000045,0.5470499999999967,2.0473448496481335,1,1,63.999999999998636,1.3199999999999932,5.0,279.57,0.160000000000025,2,2023,13
SPY,2023-01-17,short,399.1,397.62,2023-01-17T15:35:00+00:00,2023-01-17T15:40:00+00:00,398.418,0.13999999999998636,399.38,396.494,2,2,2023-01-17T15:45:00+00:00,398.38,2023-01-17T20:59:00+00:00,397.78,FORCED_SESSION_CLOSE,1.2000000000000455,0.318464,0.11599999999998545,0.8815360000000454,0.6237006237006544,0.45817879417882296,4.865802889200058,1.9239999999999782,0.005,0.001977063234795651,,HYP-FCR-04,stress,973.1605778400116,974.0421138400117,13.999999999998636,0.7403500000000024,0.1890997501181683,1,1,26.99999999999818,0.9619999999999891,5.0,399.71999999999997,0.339999999999975,2,2023,10
QQQ,2023-01-17,short,281.455,279.581,2023-01-17T15:40:00+00:00,2023-01-17T15:45:00+00:00,281.16,0.165300000000002,281.7,280.0800000000001,3,3,2023-01-17T15:50:00+00:00,281.13,2023-01-17T16:10:00+00:00,280.1000000000001,TAKE_PROFIT,3.0899999999997476,0.33673800000000004,0.1500000000000341,2.7532619999997476,1.9074074074073801,1.6995444444444032,4.887151730100073,1.6199999999998909,0.005,0.001657407104860563,,HYP-FCR-04,stress,977.4303460200147,980.1836080200144,16.5300000000002,0.7490428571428538,0.22068163179677286,1,1,23.500000000001364,0.5399999999999636,5.0,281.81,0.11000000000001364,2,2023,10
QQQ,2023-01-18,short,283.9,282.59,2023-01-18T15:15:00+00:00,2023-01-18T15:20:00+00:00,283.5136,0.1099999999999568,284.13,282.2808,3,3,2023-01-18T15:25:00+00:00,283.5,2023-01-18T15:38:00+00:00,282.3008,TAKE_PROFIT,3.5976000000000568,0.33948048000000003,0.10079999999993561,3.2581195200000566,1.9454899415964007,1.7619075924724548,4.9009180401000725,1.8491999999999962,0.005,0.0018865853140876412,,HYP-FCR-04,stress,980.1836080200144,983.4417275400144,10.99999999999568,0.8399545454545525,0.13095946750360027,1,1,22.00000000000273,0.6163999999999987,5.0,284.17,0.040000000000020464,2,2023,10
QQQ,2023-01-19,long,277.225,274.85,2023-01-19T16:05:00+00:00,2023-01-19T16:10:00+00:00,275.31,0.1301000000000272,274.42,277.09,3,3,2023-01-19T16:15:00+00:00,275.32,2023-01-19T16:28:00+00:00,274.40000000000003,STOP_LOSS,-2.759999999999877,0.329832,0.08999999999991815,-3.0898319999998773,-1.0337078651685092,-1.157240449438174,4.917208637700072,2.669999999999959,0.005,0.0027149549640106377,,HYP-FCR-04,stress,983.4417275400144,980.3518955400145,13.01000000000272,0.6748999999999918,0.19276929915547306,1,1,42.00000000000159,0.8899999999999864,5.0,274.53000000000003,0.11000000000001364,2,2023,11
SPY,2023-01-19,long,390.43,388.6196,2023-01-19T18:00:00+00:00,2023-01-19T18:05:00+00:00,389.06,0.12100000000003774,388.52,390.14000000000004,2,2,2023-01-19T18:10:00+00:00,389.085,2023-01-19T18:39:00+00:00,390.12000000000006,TAKE_PROFIT,2.0700000000001637,0.311682,0.08999999999991815,1.7583180000001637,1.9166666666667456,1.628072222222312,4.870210569200059,1.080000000000041,0.005,0.0011087816272566558,,HYP-FCR-04,stress,974.0421138400117,975.8004318400118,12.100000000003774,0.4766857142857077,0.2538360105491117,1,1,8.960000000001855,0.5400000000000205,5.0,388.0,0.5199999999999818,2,2023,13
SPY,2023-01-24,long,400.15,397.98,2023-01-24T15:10:00+00:00,2023-01-24T15:15:00+00:00,398.7613,0.07999999999998408,397.77,400.74390000000005,2,2,2023-01-24T15:20:00+00:00,398.78,2023-01-24T15:57:00+00:00,400.72390000000007,TAKE_PROFIT,3.8878000000001975,0.31980156000000004,0.07739999999989777,3.5679984400001974,1.9609603550893293,1.7996562291940439,4.879002159200059,1.9826000000000477,0.005,0.00203176790592475,,HYP-FCR-04,stress,975.8004318400118,979.368430280012,7.999999999998408,1.1179599999999994,0.0715589108733623,1,1,20.000000000004547,0.9913000000000238,5.0,398.27,0.5,2,2023,10
QQQ,2023-01-24,long,289.55,286.84,2023-01-24T15:05:00+00:00,2023-01-24T15:55:00+00:00,289.03,0.12999999999999545,286.77,293.54999999999995,2,2,2023-01-24T16:00:00+00:00,289.06,2023-01-24T20:59:00+00:00,288.39000000000004,FORCED_SESSION_CLOSE,-1.3399999999999181,0.23098000000000002,0.10000000000002274,-1.570979999999918,-0.29646017699113353,-0.34756194690263814,4.901759477700073,4.519999999999982,0.005,0.004610589340993926,,HYP-FCR-04,stress,980.3518955400145,978.7809155400146,12.999999999999545,0.9139214285714315,0.14224417541363593,10,10,6.000000000000227,2.259999999999991,50.0,288.19,1.420000000000016,11,2023,11
QQQ,2023-01-25,long,284.08,281.62,2023-01-25T15:50:00+00:00,2023-01-25T16:00:00+00:00,282.89,0.28000000000002956,281.58,285.51,3,3,2023-01-25T16:05:00+00:00,282.91999999999996,2023-01-25T16:56:00+00:00,285.49,TAKE_PROFIT,7.71000000000015,0.341046,0.14999999999986358,7.36895400000015,1.961832061068737,1.8750519083969814,4.893904577700073,3.930000000000007,0.005,0.004015198843381352,,HYP-FCR-04,stress,978.7809155400146,986.1498695400147,28.000000000002956,0.7566428571428584,0.37005569715853937,2,2,3.000000000002956,1.3100000000000023,10.0,281.90000000000003,0.32000000000005,3,2023,11
SPY,2023-01-25,long,396.65,394.32,2023-01-25T15:55:00+00:00,2023-01-25T16:00:00+00:00,395.12,0.37999999999999545,394.22,396.91999999999996,2,2,2023-01-25T16:05:00+00:00,395.1499,2023-01-25T16:51:00+00:00,396.9,TAKE_PROFIT,3.50019999999995,0.31681996,0.09979999999995925,3.1833800399999497,1.9445555555555767,1.7685444666666834,4.89684215140006,1.7999999999999545,0.005,0.00183791915723209,,HYP-FCR-04,stress,979.368430280012,982.551810320012,37.999999999999545,0.8125,0.4676923076923021,1,1,8.999999999997499,0.8999999999999773,5.0,394.28000000000003,0.060000000000002274,2,2023,11
QQQ,2023-01-26,long,292.64,289.54,2023-01-26T16:40:00+00:00,2023-01-26T17:05:00+00:00,290.83,0.06499999999999773,289.31,293.86999999999995,3,3,2023-01-26T17:10:00+00:00,290.85499999999996,2023-01-26T20:59:00+00:00,293.36,FORCED_SESSION_CLOSE,7.515000000000157,0.35052900000000003,0.13499999999987722,7.164471000000157,1.6480263157895279,1.5711559210526849,4.930749347700074,4.559999999999945,0.005,0.0046240436072124995,,HYP-FCR-04,stress,986.1498695400147,993.3143405400149,6.499999999999773,0.6891642857142861,0.09431713358829717,5,5,22.00000000000273,1.5199999999999818,25.0,289.87,0.5600000000000023,6,2023,12
SPY,2023-01-26,long,404.07,400.8,2023-01-26T16:25:00+00:00,2023-01-26T17:05:00+00:00,402.45,0.14060000000000628,400.09000000000003,407.1699999999999,2,2,2023-01-26T17:10:00+00:00,402.47999999999996,2023-01-26T20:59:00+00:00,404.69,FORCED_SESSION_CLOSE,4.420000000000073,0.322868,0.09999999999990905,4.097132000000073,0.9364406779661343,0.8680364406779975,4.9127590516000605,4.719999999999914,0.005,0.004803817926367296,,HYP-FCR-04,stress,982.551810320012,986.6489423200121,14.060000000000628,0.6878142857142718,0.20441564375767207,8,8,69.99999999999886,2.359999999999957,40.0,401.44,1.349999999999966,9,2023,12
QQQ,2023-01-27,short,294.4199,291.88,2023-01-27T15:45:00+00:00,2023-01-27T15:50:00+00:00,293.52,0.6299999999999955,294.805,290.94999999999993,3,3,2023-01-27T15:55:00+00:00,293.51,2023-01-27T16:30:00+00:00,294.825,STOP_LOSS,-3.944999999999993,0.353001,0.08999999999991815,-4.298000999999993,-1.023346303501924,-1.1149159533073696,4.966571702700074,3.855000000000075,0.005,0.0038809466879379854,,HYP-FCR-04,stress,993.3143405400149,989.0163395400149,62.999999999999545,0.7746357142857262,0.8132855074735407,1,1,37.510000000003174,1.285000000000025,5.0,294.86,0.05500000000000682,2,2023,10
SPY,2023-01-27,short,405.52,403.44,2023-01-27T15:40:00+00:00,2023-01-27T15:50:00+00:00,403.89,0.6311000000000035,405.59999999999997,400.47,2,2,2023-01-27T15:55:00+00:00,403.88,2023-01-27T16:33:00+00:00,405.61999999999995,STOP_LOSS,-3.4799999999999045,0.32380000000000003,0.05999999999994543,-3.8037999999999044,-1.017543859649107,-1.1122222222222076,4.933244711600061,3.419999999999959,0.005,0.0034662784839744024,,HYP-FCR-04,stress,986.6489423200121,982.8451423200122,63.110000000000355,0.7591928571428517,0.8312775786314519,2,2,6.999999999999318,1.7099999999999795,10.0,405.42,0.17999999999994998,3,2023,10
QQQ,2023-01-30,short,294.0925,292.33,2023-01-30T15:05:00+00:00,2023-01-30T15:15:00+00:00,292.8859,0.11000000000001364,294.39,289.8777,3,3,2023-01-30T15:20:00+00:00,292.82,2023-01-30T20:59:00+00:00,290.15999999999997,FORCED_SESSION_CLOSE,7.980000000000075,0.34978800000000004,0.257699999999943,7.630212000000075,1.7684994348780239,1.6909806528821456,4.945081697700075,4.512299999999982,0.005,0.0045624119841120355,,HYP-FCR-04,stress,989.0163395400149,996.6465515400149,11.000000000001364,0.946160000000009,0.11625940644289824,2,2,28.750000000002274,1.504099999999994,10.0,294.2,0.18999999999999773,3,2023,10
SPY,2023-01-30,short,404.6,402.66,2023-01-30T15:15:00+00:00,2023-01-30T15:25:00+00:00,403.9,0.0999999999999659,404.7,402.29999999999995,2,2,2023-01-30T15:30:00+00:00,403.89000000000004,2023-01-30T15:42:00+00:00,402.31999999999994,TAKE_PROFIT,3.1400000000002137,0.32248400000000005,0.059999999999831743,2.8175160000002135,1.9625000000001056,1.7609475000001085,4.914225711600061,1.6000000000000227,0.005,0.001627926853484988,,HYP-FCR-04,stress,982.8451423200122,985.6626583200124,9.99999999999659,0.8131833333333324,0.12297349921087825,2,2,8.999999999997499,0.8000000000000114,10.0,404.65,0.05000000000001137,3,2023,10
QQQ,2023-02-01,long,294.79,293.41,2023-02-01T16:10:00+00:00,2023-02-01T16:15:00+00:00,293.715,0.10210000000000719,293.34000000000003,294.46499999999986,3,3,2023-02-01T16:20:00+00:00,293.72999999999996,2023-02-01T17:15:00+00:00,293.32000000000005,STOP_LOSS,-1.229999999999734,0.35223000000000004,0.1049999999999045,-1.582229999999734,-1.0933333333332627,-1.4064266666666434,4.983232757700074,1.1249999999998295,0.005,0.0011287853234042532,,HYP-FCR-04,stress,996.6465515400149,995.0643215400152,10.210000000000719,0.5188785714285709,0.19677050782595737,1,1,6.000000000000227,0.37499999999994316,5.0,293.235,0.10500000000001819,2,2023,11
SPY,2023-02-01,long,406.43,404.81,2023-02-01T16:20:00+00:00,2023-02-01T16:25:00+00:00,405.26,0.25,404.66,406.4599999999999,2,2,2023-02-01T16:30:00+00:00,405.27,2023-02-01T16:56:00+00:00,404.64000000000004,STOP_LOSS,-1.2599999999998772,0.32396400000000003,0.05999999999994543,-1.5839639999998774,-1.0499999999999574,-1.3199699999999728,4.928313291600062,1.1999999999999318,0.005,0.001217455069308643,,HYP-FCR-04,stress,985.6626583200124,984.0786943200125,25.0,0.4946071428571323,0.5054516571593725,1,1,13.999999999998636,0.5999999999999659,5.0,404.58,0.08000000000004093,2,2023,11
QQQ,2023-02-02,long,309.15,307.25,2023-02-02T15:10:00+00:00,2023-02-02T15:20:00+00:00,308.6899,0.2599999999999909,306.99,312.08970000000005,2,2,2023-02-02T15:25:00+00:00,308.71,2023-02-02T18:33:00+00:00,312.06970000000007,TAKE_PROFIT,6.719400000000178,0.24831188000000004,0.08019999999987704,6.471088120000178,1.976410377081041,1.9033731748926777,4.975321607700076,3.3998000000000275,0.005,0.0034166635527021144,,HYP-FCR-04,stress,995.0643215400152,1001.5354096600154,25.99999999999909,1.1219999999999934,0.23172905525846027,2,2,25.0,1.6999000000000137,10.0,307.26,0.2699999999999818,3,2023,10
SPY,2023-02-02,long,415.08,413.33,2023-02-02T15:15:00+00:00,2023-02-02T15:20:00+00:00,414.46,0.5099999999999909,413.21000000000004,416.95999999999987,2,2,2023-02-02T15:25:00+00:00,414.47999999999996,2023-02-02T15:53:00+00:00,416.9399999999999,TAKE_PROFIT,4.919999999999845,0.332568,0.07999999999992724,4.587431999999845,1.9680000000000277,1.8349728000000216,4.920393471600063,2.4999999999998863,0.005,0.002540447237024432,,HYP-FCR-04,stress,984.0786943200125,988.6661263200123,50.99999999999909,1.0224727272727292,0.49879081015718485,1,1,10.99999999999568,1.2499999999999432,5.0,413.3,0.08999999999997499,2,2023,10
QQQ,2023-02-03,short,309.38,304.54,2023-02-03T17:55:00+00:00,2023-02-03T18:00:00+00:00,308.47,1.170000000000016,310.42,304.57000000000005,2,2,2023-02-03T18:05:00+00:00,308.43,2023-02-03T20:59:00+00:00,306.2,FORCED_SESSION_CLOSE,4.460000000000036,0.24585200000000001,0.12000000000000455,4.214148000000036,1.1435897435897595,1.0805507692307847,5.007677048300077,3.8999999999999773,0.005,0.0038940210824137357,,HYP-FCR-04,stress,1001.5354096600154,1005.7495576600154,117.00000000000159,0.7082214285714282,1.6520256981775505,1,1,103.00000000000296,1.9499999999999886,5.0,310.65,0.22999999999996135,2,2023,13
SPY,2023-02-03,short,414.43,411.44,2023-02-03T17:55:00+00:00,2023-02-03T18:00:00+00:00,413.7,1.0300000000000296,415.6399,409.82019999999994,2,2,2023-02-03T18:05:00+00:00,413.68,2023-02-03T20:59:00+00:00,412.38,FORCED_SESSION_CLOSE,2.6000000000000227,0.330424,0.07999999999992724,2.269576000000023,0.6701376359606145,0.5849724212588268,4.943330631600062,3.8798000000000457,0.005,0.003924277262781661,,HYP-FCR-04,stress,988.6661263200123,990.9357023200123,103.00000000000296,0.6530642857142895,1.5771801069682847,1,1,119.99000000000137,1.9399000000000228,5.0,415.78999999999996,0.15009999999995216,2,2023,13
QQQ,2023-02-06,short,304.96,303.33,2023-02-06T15:10:00+00:00,2023-02-06T15:15:00+00:00,303.63,0.09499999999997044,305.52,299.85,2,2,2023-02-06T15:20:00+00:00,303.6,2023-02-06T16:27:00+00:00,305.53999999999996,STOP_LOSS,-3.8799999999998818,0.243656,0.09999999999990905,-4.123655999999881,-1.0264550264550025,-1.0909142857142622,5.028747788300077,3.7799999999999727,0.005,0.0037583909147268727,,HYP-FCR-04,stress,1005.7495576600154,1001.6259016600155,9.499999999997044,1.071999999999997,0.08861940298504731,1,1,55.00000000000114,1.8899999999999864,5.0,305.48,0.03999999999996362,2,2023,10
SPY,2023-02-06,long,410.89,409.365,2023-02-06T15:50:00+00:00,2023-02-06T15:55:00+00:00,410.27,0.6099999999999568,409.26,412.28999999999996,2,2,2023-02-06T16:00:00+00:00,410.28999999999996,2023-02-06T18:11:00+00:00,409.24,STOP_LOSS,-2.099999999999909,0.327812,0.07999999999992724,-2.427811999999909,-1.039603960396004,-1.201887128712837,4.954678511600061,2.019999999999982,0.005,0.0020384773656562066,,HYP-FCR-04,stress,990.9357023200123,988.5078903200124,60.99999999999568,0.7029142857142899,0.8678156247458889,1,1,9.500000000002728,1.009999999999991,5.0,409.0,0.2599999999999909,2,2023,11
QQQ,2023-02-07,long,304.67,303.09,2023-02-07T15:10:00+00:00,2023-02-07T15:20:00+00:00,303.63,0.0999999999999659,302.76,305.37,3,3,2023-02-07T15:25:00+00:00,303.68,2023-02-07T16:33:00+00:00,305.35,TAKE_PROFIT,5.010000000000048,0.365418,0.20999999999997954,4.644582000000048,1.9195402298850657,1.7795333333333423,5.008129508300078,2.6100000000000136,0.005,0.0026057632851490824,,HYP-FCR-04,stress,1001.6259016600155,1006.2704836600155,9.99999999999659,0.7497818181818264,0.13337213249910432,2,2,31.999999999999318,0.8700000000000045,10.0,302.95,0.18999999999999773,3,2023,10
SPY,2023-02-07,short,409.58,408.5319,2023-02-07T18:30:00+00:00,2023-02-07T18:35:00+00:00,408.62,0.8100000000000023,409.81,406.24,2,2,2023-02-07T18:40:00+00:00,408.61,2023-02-07T19:01:00+00:00,409.83,STOP_LOSS,-2.439999999999941,0.32737600000000006,0.05999999999994543,-2.767375999999941,-1.0252100840335905,-1.1627630252100614,4.942539451600062,2.3799999999999955,0.005,0.0024076691985023117,,HYP-FCR-04,stress,988.5078903200124,985.7405143200125,81.00000000000023,1.5364285714285708,0.527196652719667,1,1,22.00000000000273,1.1899999999999977,5.0,411.37,1.5600000000000023,2,2023,13
QQQ,2023-02-08,long,309.5,307.31,2023-02-08T15:05:00+00:00,2023-02-08T15:15:00+00:00,308.8,0.06999999999999318,307.11,312.18,2,2,2023-02-08T15:20:00+00:00,308.83,2023-02-08T15:30:00+00:00,307.09000000000003,STOP_LOSS,-3.4799999999999045,0.24636800000000003,0.09999999999990905,-3.7263679999999044,-1.029585798816541,-1.1024757396449436,5.031352418300078,3.3799999999999955,0.005,0.003358937835189432,,HYP-FCR-04,stress,1006.2704836600155,1002.5441156600157,6.999999999999318,0.9099999999999853,0.07692307692307067,2,2,18.999999999999773,1.6899999999999977,10.0,307.73,0.6200000000000045,3,2023,10
SPY,2023-02-08,short,414.42,412.77,2023-02-08T15:15:00+00:00,2023-02-08T15:25:00+00:00,413.37,0.038000000000010914,414.53999999999996,411.0300000000001,2,2,2023-02-08T15:30:00+00:00,413.33000000000004,2023-02-08T16:25:00+00:00,411.05000000000007,TAKE_PROFIT,4.559999999999945,0.32975200000000005,0.11999999999989086,4.230247999999945,1.9487179487179935,1.8077982905983305,4.928702571600063,2.339999999999918,0.005,0.0023738498783466423,,HYP-FCR-04,stress,985.7405143200125,989.9707623200125,3.8000000000010914,0.7426166666666679,0.05117041093432347,2,2,10.99999999999568,1.169999999999959,10.0,414.39,0.14999999999997726,3,2023,10
QQQ,2023-02-10,short,300.92,298.93,2023-02-10T15:35:00+00:00,2023-02-10T15:45:00+00:00,299.78,0.34000000000003183,301.26,296.81999999999994,3,3,2023-02-10T15:50:00+00:00,299.73,2023-02-10T20:59:00+00:00,299.76,FORCED_SESSION_CLOSE,-0.08999999999991815,0.359694,0.209999999999809,-0.44969399999991816,-0.020270270270251585,-0.10128243243241275,5.012720578300079,4.440000000000055,0.005,0.004428732791551045,,HYP-FCR-04,stress,1002.5441156600157,1002.0944216600158,34.00000000000318,1.0153499999999878,0.3348599005269473,2,2,32.99999999999841,1.4800000000000182,10.0,300.78,0.4800000000000182,3,2023,10
SPY,2023-02-10,short,406.99,405.47,2023-02-10T16:35:00+00:00,2023-02-10T17:05:00+00:00,405.85,0.05009999999998627,407.08,403.3900000000001,2,2,2023-02-10T17:10:00+00:00,405.8,2023-02-10T18:07:00+00:00,407.09999999999997,STOP_LOSS,-2.599999999999909,0.32516,0.13999999999998636,-2.925159999999909,-1.0569105691056873,-1.1890894308943094,4.949853811600063,2.4599999999999227,0.005,0.0024849218720711234,,HYP-FCR-04,stress,989.9707623200125,987.0456023200126,5.009999999998627,0.594614285714284,0.08425630060300912,6,6,7.999999999998408,1.2299999999999613,30.0,406.645,0.4350000000000023,7,2023,12
QQQ,2023-02-13,short,302.67,299.93,2023-02-13T15:00:00+00:00,2023-02-13T15:10:00+00:00,301.86,0.12000000000000455,302.88,299.82000000000005,3,3,2023-02-13T15:15:00+00:00,301.86,2023-02-13T15:49:00+00:00,302.9,STOP_LOSS,-3.119999999999891,0.362856,0.05999999999994543,-3.4828559999998907,-1.0196078431372375,-1.1381882352941022,5.010472108300079,3.0599999999999454,0.005,0.003053604464668024,,HYP-FCR-04,stress,1002.0944216600158,998.6115656600159,12.000000000000455,0.8605555555555561,0.1394448030987786,2,2,19.999999999998863,1.0199999999999818,10.0,302.59,0.29000000000002046,3,2023,10
QQQ,2023-02-14,short,305.99,300.91,2023-02-14T15:30:00+00:00,2023-02-14T15:35:00+00:00,303.12,0.6000000000000227,306.15999999999997,297.0400000000001,1,1,2023-02-14T15:40:00+00:00,303.1,2023-02-14T18:17:00+00:00,306.17999999999995,STOP_LOSS,-3.0799999999999272,0.121856,0.03999999999996362,-3.2018559999999274,-1.0131578947368303,-1.0532421052631467,4.9930578283000795,3.0399999999999636,0.005,0.003044226708901299,,HYP-FCR-04,stress,998.6115656600159,995.409709660016,60.000000000002274,1.2364999999999984,0.4852405984634238,1,1,15.999999999996817,3.0399999999999636,5.0,306.83,0.6700000000000159,2,2023,10
SPY,2023-02-14,short,413.72,409.49,2023-02-14T15:30:00+00:00,2023-02-14T15:35:00+00:00,410.58,0.5150000000000432,413.75,404.23999999999995,1,1,2023-02-14T15:40:00+00:00,410.63,2023-02-14T20:59:00+00:00,412.69,FORCED_SESSION_CLOSE,-2.0600000000000023,0.164664,0.06999999999999318,-2.2246640000000024,-0.6498422712933728,-0.7017867507886407,4.935228011600063,3.170000000000016,0.005,0.003211604400596136,,HYP-FCR-04,stress,987.0456023200126,984.8209383200126,51.50000000000432,1.131764285714277,0.45504174897604,1,1,1.999999999998181,3.170000000000016,5.0,414.46,0.7099999999999795,2,2023,10
QQQ,2023-02-15,long,306.79,304.65,2023-02-15T15:10:00+00:00,2023-02-15T15:20:00+00:00,305.4901,0.13999999999998636,304.19,308.09029999999996,3,3,2023-02-15T15:25:00+00:00,305.52,2023-02-15T19:00:00+00:00,308.0703,TAKE_PROFIT,7.650899999999979,0.36815418,0.14969999999993888,7.282745819999978,1.9616183370510114,1.867227090223843,4.97704854830008,3.900299999999959,0.005,0.003918286070699585,,HYP-FCR-04,stress,995.409709660016,1002.692455480016,13.999999999998636,1.0863545454545416,0.1288713713085344,2,2,44.99999999999886,1.3000999999999863,10.0,304.73990000000003,0.5499000000000365,3,2023,10
SPY,2023-02-15,long,411.63,409.74,2023-02-15T15:10:00+00:00,2023-02-15T15:20:00+00:00,410.715,0.08999999999997499,409.46000000000004,413.22499999999985,2,2,2023-02-15T15:25:00+00:00,410.74,2023-02-15T19:09:00+00:00,413.20499999999987,TAKE_PROFIT,4.929999999999723,0.329578,0.09000000000003183,4.600421999999723,1.9641434262948063,1.8328374501991824,4.924104691600063,2.509999999999877,0.005,0.0025486866722001654,,HYP-FCR-04,stress,984.8209383200126,989.4213603200124,8.999999999997499,0.9760545454545567,0.09220796155204752,2,2,26.99999999999818,1.2549999999999386,10.0,410.1,0.6399999999999864,3,2023,10
QQQ,2023-02-16,short,306.0,303.71,2023-02-16T20:15:00+00:00,2023-02-16T20:20:00+00:00,304.98,0.7699999999999818,306.05,302.84000000000003,3,3,2023-02-16T20:25:00+00:00,304.96000000000004,2023-02-16T20:59:00+00:00,303.29999999999995,FORCED_SESSION_CLOSE,4.980000000000246,0.364956,0.11999999999989086,4.615044000000245,1.5514018691589648,1.437708411215039,5.013462277400079,3.2099999999999795,0.005,0.0032013804257291093,,HYP-FCR-04,stress,1002.692455480016,1007.3074994800162,76.99999999999818,0.5396428571428616,1.4268696227663342,1,1,4.000000000002046,1.0699999999999932,5.0,306.59,0.5399999999999636,2,2023,15
SPY,2023-02-16,short,409.75,408.26,2023-02-16T20:25:00+00:00,2023-02-16T20:30:00+00:00,408.97,0.17999999999994998,410.25,406.4100000000001,2,2,2023-02-16T20:35:00+00:00,408.94,2023-02-16T20:59:00+00:00,408.34999999999997,FORCED_SESSION_CLOSE,1.1800000000000637,0.326916,0.10000000000002274,0.8530840000000637,0.4609375000000347,0.333235937500032,4.947106801600062,2.5599999999999454,0.005,0.0025873708640896482,,HYP-FCR-04,stress,989.4213603200124,990.2744443200124,17.999999999994998,0.5713857142857209,0.3150236267719167,1,1,49.00000000000091,1.2799999999999727,5.0,410.23,0.01999999999998181,2,2023,15
SPY,2023-02-17,short,406.81,404.18,2023-02-17T15:35:00+00:00,2023-02-17T15:45:00+00:00,405.38,0.4200000000000159,407.24,401.65999999999997,2,2,2023-02-17T15:50:00+00:00,405.37,2023-02-17T19:56:00+00:00,407.26,STOP_LOSS,-3.7799999999999727,0.325052,0.05999999999994543,-4.105051999999973,-1.0161290322580496,-1.1035086021505223,4.951372221600062,3.7200000000000273,0.005,0.0037565343843185047,,HYP-FCR-04,stress,990.2744443200124,986.1693923200124,42.00000000000159,0.8148714285714261,0.5154187338931856,2,2,42.00000000000159,1.8600000000000136,10.0,406.46,0.7800000000000296,3,2023,10
QQQ,2023-02-17,long,301.93,298.88,2023-02-17T16:40:00+00:00,2023-02-17T16:45:00+00:00,299.3641,0.03300000000001546,298.83,300.43230000000005,3,3,2023-02-17T16:50:00+00:00,299.38,2023-02-17T16:53:00+00:00,298.81,STOP_LOSS,-1.7099999999999795,0.35891400000000007,0.10769999999990887,-2.0689139999999795,-1.0672158771764988,-1.2912151282530664,5.036537497400081,1.6023000000000707,0.005,0.0015906761349708967,,HYP-FCR-04,stress,1007.3074994800162,1005.2385854800162,3.300000000001546,0.5358571428571436,0.06158357771263874,1,1,4.000000000002046,0.5341000000000236,5.0,298.78000000000003,0.049999999999954525,2,2023,11
QQQ,2023-02-22,long,295.98,294.5399,2023-02-22T17:15:00+00:00,2023-02-22T17:20:00+00:00,294.73,0.3006000000000313,294.06,296.07000000000005,3,3,2023-02-22T17:25:00+00:00,294.76,2023-02-22T19:06:00+00:00,296.05000000000007,TAKE_PROFIT,3.870000000000232,0.3544860000000001,0.14999999999986358,3.515514000000232,1.925373134328428,1.7490119402985813,5.026192927400081,2.0100000000000477,0.005,0.0019995253157142224,,HYP-FCR-04,stress,1005.2385854800162,1008.7540994800165,30.06000000000313,0.475200000000005,0.6325757575758167,1,1,46.989999999999554,0.6700000000000159,5.0,294.05,0.009999999999990905,2,2023,12
SPY,2023-02-22,long,400.47,399.29,2023-02-22T17:15:00+00:00,2023-02-22T17:20:00+00:00,400.02,0.37999999999999545,399.272,401.51599999999996,2,2,2023-02-22T17:25:00+00:00,400.04999999999995,2023-02-22T19:02:00+00:00,399.252,STOP_LOSS,-1.59599999999989,0.31972079999999997,0.09999999999990905,-1.91572079999989,-1.0668449197860363,-1.2805620320855042,4.9308469616000625,1.495999999999981,0.005,0.0015169807658302664,,HYP-FCR-04,stress,986.1693923200124,984.2536715200125,37.999999999999545,0.45648571428571927,0.8324466420479248,1,1,0.8000000000038199,0.7479999999999905,5.0,399.27,0.0020000000000095497,2,2023,12
QQQ,2023-02-23,long,298.13,296.62,2023-02-23T19:30:00+00:00,2023-02-23T19:35:00+00:00,296.848,0.2599999999999909,296.2799,297.98420000000004,3,3,2023-02-23T19:40:00+00:00,296.87,2023-02-23T19:57:00+00:00,296.2599,STOP_LOSS,-1.8302999999999656,0.35587794000000006,0.1259999999999195,-2.1861779399999657,-1.0739306460129767,-1.2827424397112637,5.043770497400082,1.7043000000000461,0.005,0.0016895098625904603,,HYP-FCR-04,stress,1008.7540994800165,1006.5679215400165,25.99999999999909,0.47989999999999455,0.541779537403613,1,1,33.01000000000158,0.5681000000000154,5.0,296.27,0.009900000000016007,2,2023,14
SPY,2023-02-23,long,402.2,400.76,2023-02-23T20:20:00+00:00,2023-02-23T20:30:00+00:00,401.4399,0.12999999999999545,400.52500000000003,403.2697,2,2,2023-02-23T20:35:00+00:00,401.46,2023-02-23T20:53:00+00:00,400.50500000000005,STOP_LOSS,-1.9099999999998545,0.320786,0.08019999999987704,-2.2307859999998545,-1.043829926767886,-1.2191419827302885,4.921268357600063,1.8297999999999774,0.005,0.001859073583311264,,HYP-FCR-04,stress,984.2536715200125,982.0228855200127,12.999999999999545,0.4978500000000078,0.26112282816107946,2,2,22.49999999999659,0.9148999999999887,10.0,400.75,0.2249999999999659,3,2023,15
SPY,2023-02-24,long,396.47,394.16,2023-02-24T16:05:00+00:00,2023-02-24T16:10:00+00:00,394.665,0.17999999999994998,394.01,395.9750000000001,2,2,2023-02-24T16:15:00+00:00,394.69,2023-02-24T16:42:00+00:00,395.9550000000001,TAKE_PROFIT,2.5300000000002,0.31625800000000004,0.08999999999991815,2.2137420000002,1.9312977099237296,1.6898793893130537,4.910114427600063,1.3100000000000591,0.005,0.0013339811315154556,,HYP-FCR-04,stress,982.0228855200127,984.2366275200129,17.999999999994998,0.5878642857142731,0.3061931203751296,1,1,14.00000000000432,0.6550000000000296,5.0,394.04,0.03000000000002956,2,2023,11
QQQ,2023-02-24,long,292.97,290.82,2023-02-24T16:40:00+00:00,2023-02-24T16:45:00+00:00,291.745,0.125,290.77,293.69500000000005,3,3,2023-02-24T16:50:00+00:00,291.77,2023-02-24T17:40:00+00:00,290.75,STOP_LOSS,-3.0599999999999454,0.349512,0.13499999999987722,-3.4095119999999453,-1.0461538461538031,-1.1656451282050824,5.032839607700082,2.925000000000068,0.005,0.0029059141836399,,HYP-FCR-04,stress,1006.5679215400165,1003.1584095400166,12.5,0.5042214285714246,0.24790695697752033,1,1,4.000000000002046,0.9750000000000227,5.0,290.79,0.020000000000038654,2,2023,11
SPY,2023-02-27,short,400.35,399.08,2023-02-27T15:35:00+00:00,2023-02-27T15:40:00+00:00,399.4,0.9499999999999886,400.555,397.0899999999999,2,2,2023-02-27T15:45:00+00:00,399.39000000000004,2023-02-27T20:33:00+00:00,397.1099999999999,TAKE_PROFIT,4.5600000000002865,0.3186,0.059999999999831743,4.2414000000002865,1.9740259740260475,1.836103896103973,4.921183137600065,2.310000000000059,0.005,0.002346996581320673,,HYP-FCR-04,stress,984.2366275200129,988.4780275200133,94.99999999999886,0.5978571428571472,1.589008363201881,1,1,19.499999999999318,1.1550000000000296,5.0,400.69,0.1349999999999909,2,2023,10
QQQ,2023-02-27,long,295.57,294.47,2023-02-27T17:50:00+00:00,2023-02-27T17:55:00+00:00,294.7901,0.03000000000002956,294.42,295.53029999999995,3,3,2023-02-27T18:00:00+00:00,294.83,2023-02-27T18:43:00+00:00,294.40000000000003,STOP_LOSS,-1.28999999999985,0.353538,0.1796999999999116,-1.6435379999998498,-1.161848149148808,-1.4802647932990554,5.015792047700083,1.1102999999999383,0.005,0.001106804258869793,,HYP-FCR-04,stress,1003.1584095400166,1001.5148715400168,3.000000000002956,0.3341642857142761,0.08977620075677616,1,1,4.000000000002046,0.37009999999997945,5.0,294.29,0.12999999999999545,2,2023,13
QQQ,2023-02-28,short,294.68,292.96,2023-02-28T15:05:00+00:00,2023-02-28T15:15:00+00:00,294.12,0.21000000000003638,294.96999999999997,292.4200000000001,3,3,2023-02-28T15:20:00+00:00,294.11,2023-02-28T17:21:00+00:00,294.98999999999995,STOP_LOSS,-2.639999999999816,0.35345999999999994,0.08999999999991815,-2.993459999999816,-1.035294117647028,-1.173905882352916,5.007574357700084,2.5499999999998977,0.005,0.0025461429205527373,,HYP-FCR-04,stress,1001.5148715400168,998.521411540017,21.000000000003638,0.6547999999999945,0.3207086133171016,2,2,27.99999999999727,0.8499999999999659,10.0,294.71999999999997,0.25,3,2023,10
SPY,2023-02-28,short,398.03,396.45,2023-02-28T15:05:00+00:00,2023-02-28T15:15:00+00:00,397.31,0.3599999999999568,398.3,395.33,2,2,2023-02-28T15:20:00+00:00,397.27000000000004,2023-02-28T16:16:00+00:00,398.32,STOP_LOSS,-2.099999999999909,0.318236,0.11999999999989086,-2.4182359999999092,-1.0606060606060048,-1.221331313131256,4.942390137600066,1.9800000000000182,0.005,0.0020030794260218697,,HYP-FCR-04,stress,988.4780275200133,986.0597915200134,35.99999999999568,0.6411300000000096,0.5615085864020579,2,2,26.000000000004775,0.9900000000000091,10.0,397.95,0.35000000000002274,3,2023,10
QQQ,2023-03-01,long,293.93,292.1,2023-03-01T15:35:00+00:00,2023-03-01T15:40:00+00:00,292.615,0.6999999999999886,291.282,295.28100000000006,3,3,2023-03-01T15:45:00+00:00,292.64,2023-03-01T16:06:00+00:00,291.262,STOP_LOSS,-4.133999999999958,0.3503412,0.13499999999987722,-4.484341199999958,-1.0337584396098711,-1.1213656414103195,4.992607057700085,3.9990000000000805,0.005,0.004004921630906676,,HYP-FCR-04,stress,998.521411540017,994.0370703400171,69.99999999999886,0.7613571428571382,0.9194108265315603,1,1,80.80000000000496,1.3330000000000268,5.0,291.3,0.018000000000029104,2,2023,10
SPY,2023-03-01,long,396.69,395.16,2023-03-01T15:35:00+00:00,2023-03-01T15:40:00+00:00,395.9,0.5699999999999932,394.73,398.2399999999999,2,2,2023-03-01T15:45:00+00:00,395.90999999999997,2023-03-01T16:07:00+00:00,394.71000000000004,STOP_LOSS,-2.3999999999998636,0.31624800000000003,0.05999999999994543,-2.7162479999998634,-1.0256410256410031,-1.1607897435897259,4.930298957600067,2.339999999999918,0.005,0.002373081247327612,,HYP-FCR-04,stress,986.0597915200134,983.3435435200136,56.99999999999932,0.7539285714285638,0.7560397915679758,1,1,42.00000000000159,1.169999999999959,5.0,394.6,0.12999999999999545,2,2023,10
QQQ,2023-03-03,short,296.9752,294.87,2023-03-03T15:00:00+00:00,2023-03-03T15:05:00+00:00,295.7009,0.37999999999999545,297.02,293.0627,3,3,2023-03-03T15:10:00+00:00,295.68,2023-03-03T15:15:00+00:00,297.03999999999996,STOP_LOSS,-4.07999999999987,0.355632,0.12269999999989523,-4.43563199999987,-1.0310059889318213,-1.1208733227200107,4.970185351700086,3.957299999999975,0.005,0.003981038653464256,,HYP-FCR-04,stress,994.0370703400171,989.6014383400172,37.999999999999545,0.7544624999999883,0.5036698311711998,1,1,3.480000000001837,1.3190999999999917,5.0,296.76,0.2599999999999909,2,2023,10
SPY,2023-03-03,long,400.92,399.155,2023-03-03T15:05:00+00:00,2023-03-03T15:15:00+00:00,400.47,0.4399999999999977,399.02,403.3700000000001,2,2,2023-03-03T15:20:00+00:00,400.5,2023-03-03T19:11:00+00:00,403.35000000000014,TAKE_PROFIT,5.700000000000273,0.32154000000000005,0.09999999999990905,5.378460000000273,1.9655172413793427,1.8546413793103809,4.916717717600068,2.900000000000091,0.005,0.0029491219209302395,,HYP-FCR-04,stress,983.3435435200136,988.7220035200138,43.99999999999977,0.7707200000000057,0.5708947477683133,2,2,12.5,1.4500000000000455,10.0,399.32,0.30000000000001137,3,2023,10
SPY,2023-03-06,short,405.85,404.76,2023-03-06T18:05:00+00:00,2023-03-06T18:10:00+00:00,405.59,0.05000000000001137,405.93,404.9099999999999,2,2,2023-03-06T18:15:00+00:00,405.57,2023-03-06T18:49:00+00:00,404.9299999999999,TAKE_PROFIT,1.2800000000002,0.3242,0.07999999999992724,0.9558000000002,1.8823529411765887,1.4055882352942803,4.9436100176000695,0.6800000000000637,0.005,0.0006877565155616556,,HYP-FCR-04,stress,988.7220035200138,989.677803520014,5.000000000001137,0.33851428571428854,0.14770425388254416,1,1,6.999999999999318,0.34000000000003183,5.0,405.86,0.06999999999999318,2,2023,13
QQQ,2023-03-06,short,301.81,300.63,2023-03-06T18:30:00+00:00,2023-03-06T18:40:00+00:00,301.41,0.09000000000003183,301.87,300.49000000000007,3,3,2023-03-06T18:45:00+00:00,301.36,2023-03-06T19:51:00+00:00,300.51000000000005,TAKE_PROFIT,2.5499999999998977,0.36112200000000005,0.20999999999997954,2.1888779999998977,1.8478260869565297,1.586143478260866,4.9480071917000865,1.3799999999999386,0.005,0.001394500802580467,,HYP-FCR-04,stress,989.6014383400172,991.7903163400172,9.000000000003183,0.4135071428571483,0.21765041198121107,2,2,5.000000000001137,0.45999999999997954,10.0,301.8185,0.05150000000003274,3,2023,13
QQQ,2023-03-08,long,297.49,296.02,2023-03-08T15:20:00+00:00,2023-03-08T15:25:00+00:00,296.8,0.13999999999998636,295.51,299.38000000000005,3,3,2023-03-08T15:30:00+00:00,296.84,2023-03-08T20:59:00+00:00,297.86,FORCED_SESSION_CLOSE,3.060000000000116,0.35682,0.1799999999998363,2.703180000000116,0.790697674418622,0.6984961240310267,4.958951581700086,3.8700000000000614,0.005,0.0039020344686177626,,HYP-FCR-04,stress,991.7903163400172,994.4934963400173,13.999999999998636,0.8402833333333272,0.16661046869110108,1,1,50.0,1.2900000000000205,5.0,296.0,0.4900000000000091,2,2023,10
SPY,2023-03-08,long,399.1,397.94,2023-03-08T15:20:00+00:00,2023-03-08T15:25:00+00:00,398.63,0.07999999999998408,397.43,401.03,2,2,2023-03-08T15:30:00+00:00,398.65,2023-03-08T17:32:00+00:00,397.41,STOP_LOSS,-2.4799999999999045,0.318424,0.07999999999992724,-2.7984239999999043,-1.0333333333333032,-1.1660099999999711,4.94838901760007,2.3999999999999773,0.005,0.0024250316531944354,,HYP-FCR-04,stress,989.677803520014,986.879379520014,7.999999999998408,0.8435166666666731,0.09484104246110546,1,1,50.0,1.1999999999999886,5.0,397.96000000000004,0.5300000000000296,2,2023,10
QQQ,2023-03-09,short,300.61,297.96,2023-03-09T15:10:00+00:00,2023-03-09T15:15:00+00:00,299.57,0.10000000000002274,300.84,297.03000000000003,3,3,2023-03-09T15:20:00+00:00,299.545,2023-03-09T18:23:00+00:00,297.05,TAKE_PROFIT,7.485000000000014,0.357957,0.13499999999987722,7.127043000000014,1.96456692913389,1.8706149606299516,4.972467481700086,3.8099999999999454,0.005,0.0038310959438364258,,HYP-FCR-04,stress,994.4934963400173,1001.6205393400172,10.000000000002274,0.7942800000000034,0.12590018633230385,1,1,21.999999999997044,1.2699999999999818,5.0,300.7205,0.11949999999995953,2,2023,10
QQQ,2023-03-10,short,293.06,289.13,2023-03-10T16:45:00+00:00,2023-03-10T16:50:00+00:00,292.19,0.6999999999999886,293.49,289.59,3,3,2023-03-10T16:55:00+00:00,292.18,2023-03-10T18:15:00+00:00,289.60999999999996,TAKE_PROFIT,7.71000000000015,0.349074,0.08999999999991815,7.36092600000015,1.976923076923098,1.887416923076945,5.008102696700086,3.900000000000034,0.005,0.0038936901219795298,,HYP-FCR-04,stress,1001.6205393400172,1008.9814653400174,69.99999999999886,0.9128857142857255,0.7667991612155896,1,1,42.00000000000159,1.3000000000000114,5.0,293.8,0.3100000000000023,2,2023,11
SPY,2023-03-10,short,391.2,387.48,2023-03-10T16:45:00+00:00,2023-03-10T16:50:00+00:00,390.42,0.9300000000000068,391.99,387.28000000000003,2,2,2023-03-10T16:55:00+00:00,390.40000000000003,2023-03-10T18:15:00+00:00,387.3,TAKE_PROFIT,6.2000000000000455,0.31108,0.07999999999992724,5.888920000000045,1.9745222929936537,1.8754522292993856,4.93439689760007,3.1399999999999864,0.005,0.003181746488134325,,HYP-FCR-04,stress,986.879379520014,992.7682995200141,93.00000000000068,1.0221428571428532,0.9098532494759012,1,1,78.00000000000296,1.5699999999999932,5.0,392.48,0.4900000000000091,2,2023,11
SPY,2023-03-14,short,391.92,389.9014,2023-03-14T16:50:00+00:00,2023-03-14T17:10:00+00:00,389.96,0.6899999999999977,392.34,385.2,2,2,2023-03-14T17:15:00+00:00,389.93,2023-03-14T19:59:00+00:00,391.71,FORCED_SESSION_CLOSE,-3.5599999999999454,0.312656,0.09999999999990905,-3.8726559999999455,-0.7478991596638556,-0.813583193277301,4.963841497600071,4.759999999999991,0.005,0.004794673643690443,,HYP-FCR-04,stress,992.7682995200141,988.8956435200142,68.99999999999977,0.5866428571428628,1.176184098380601,4,4,40.99999999999682,2.3799999999999955,20.0,391.45,0.8899999999999864,5,2023,13
QQQ,2023-03-14,short,296.38,294.21,2023-03-14T17:10:00+00:00,2023-03-14T17:15:00+00:00,295.59,0.37000000000000455,296.5,293.7699999999999,3,3,2023-03-14T17:20:00+00:00,295.55,2023-03-14T19:10:00+00:00,293.7899999999999,TAKE_PROFIT,5.280000000000314,0.353604,0.1799999999998363,4.926396000000314,1.9340659340659958,1.8045406593407247,5.044907326700087,2.730000000000075,0.005,0.002705698859473192,,HYP-FCR-04,stress,1008.9814653400174,1013.9078613400177,37.000000000000455,0.5315928571428604,0.6960213912365844,1,1,11.000000000001364,0.910000000000025,5.0,297.07,0.5699999999999932,2,2023,13
QQQ,2023-03-15,long,296.17,294.27,2023-03-15T14:55:00+00:00,2023-03-15T15:00:00+00:00,295.01,0.18000000000000682,294.133,296.764,3,3,2023-03-15T15:05:00+00:00,295.03,2023-03-15T15:47:00+00:00,296.744,TAKE_PROFIT,5.142000000000166,0.35506440000000006,0.11999999999989086,4.786935600000167,1.9543899657925163,1.8194358038768965,5.069539306700088,2.6310000000000286,0.005,0.0025949103467082335,,HYP-FCR-04,stress,1013.9078613400177,1018.6947969400179,18.000000000000682,1.0257928571428547,0.17547402357758818,1,1,12.700000000000955,0.8770000000000095,5.0,293.76,0.37299999999999045,2,2023,11
SPY,2023-03-15,long,387.72,385.17,2023-03-15T14:55:00+00:00,2023-03-15T15:00:00+00:00,386.12,0.1349999999999909,385.09000000000003,388.17999999999995,2,2,2023-03-15T15:05:00+00:00,386.14,2023-03-15T16:06:00+00:00,385.07000000000005,STOP_LOSS,-2.1399999999998727,0.30848400000000004,0.07999999999992724,-2.4484839999998727,-1.0388349514562765,-1.1885844660193872,4.9444782176000714,2.0599999999999454,0.005,0.0020831318385297884,,HYP-FCR-04,stress,988.8956435200142,986.4471595200143,13.49999999999909,1.1475714285714145,0.1176397360886279,1,1,6.999999999999318,1.0299999999999727,5.0,384.74,0.35000000000002274,2,2023,11
SPY,2023-03-16,short,388.65,386.29,2023-03-16T14:00:00+00:00,2023-03-16T14:10:00+00:00,387.24,0.5640000000000214,388.9701,383.7798,2,2,2023-03-16T14:15:00+00:00,387.21000000000004,2023-03-16T14:41:00+00:00,388.9901,STOP_LOSS,-3.5601999999998952,0.31048004,0.09999999999990905,-3.870680039999895,-1.0289000635801138,-1.1186289925437578,4.932235797600072,3.460199999999986,0.005,0.003507739838476144,,HYP-FCR-04,stress,986.4471595200143,982.5764794800144,56.40000000000214,0.9906888888888956,0.5693008232206722,2,2,31.0100000000034,1.730099999999993,10.0,388.59999999999997,0.3701000000000363,3,2023,10
QQQ,2023-03-17,short,308.03,306.31,2023-03-17T14:15:00+00:00,2023-03-17T14:20:00+00:00,306.52,0.44999999999998863,308.17,303.2199999999999,3,3,2023-03-17T14:25:00+00:00,306.51,2023-03-17T19:59:00+00:00,305.34999999999997,FORCED_SESSION_CLOSE,3.480000000000075,0.367116,0.08999999999991815,3.112884000000075,0.7030303030303037,0.6288654545454566,5.09347398470009,4.950000000000102,0.005,0.004859159009027082,,HYP-FCR-04,stress,1018.6947969400179,1021.807680940018,44.99999999999886,1.0298454545454556,0.43695876698179514,1,1,13.00000000000523,1.650000000000034,5.0,308.32,0.14999999999997726,2,2023,10
QQQ,2023-03-20,short,304.5,302.01,2023-03-20T15:55:00+00:00,2023-03-20T16:10:00+00:00,303.39,0.3801000000000272,304.62,300.92999999999995,3,3,2023-03-20T16:15:00+00:00,303.40000000000003,2023-03-20T16:52:00+00:00,304.64,STOP_LOSS,-3.7199999999998568,0.364824,0.09000000000008868,-4.084823999999856,-1.0081300813007592,-1.1069983739836846,5.10903840470009,3.6900000000000546,0.005,0.003611247075971691,,HYP-FCR-04,stress,1021.807680940018,1017.7228569400181,38.01000000000272,0.5626499999999949,0.6755531858171699,3,3,11.000000000001364,1.2300000000000182,15.0,304.21999999999997,0.4000000000000341,4,2023,12
SPY,2023-03-20,short,392.13,390.07,2023-03-20T16:05:00+00:00,2023-03-20T16:10:00+00:00,391.2903,0.6099999999999568,392.53999999999996,388.7909000000001,2,2,2023-03-20T16:15:00+00:00,391.3,2023-03-20T16:50:00+00:00,392.55999999999995,STOP_LOSS,-2.519999999999868,0.313544,0.059399999999982356,-2.833543999999868,-1.008241978074716,-1.1336896855245078,4.912882397400073,2.4993999999999232,0.005,0.002543720567504955,,HYP-FCR-04,stress,982.5764794800144,979.7429354800146,60.99999999999568,0.5953499999999882,1.0246073738136707,1,1,39.999999999997726,1.2496999999999616,5.0,392.52,0.01999999999998181,2,2023,12
QQQ,2023-03-21,long,308.94,307.63,2023-03-21T15:10:00+00:00,2023-03-21T15:15:00+00:00,307.9,0.4199999999999591,307.19800000000004,309.30399999999986,3,3,2023-03-21T15:20:00+00:00,307.90999999999997,2023-03-21T15:37:00+00:00,307.17800000000005,STOP_LOSS,-2.195999999999742,0.36905280000000007,0.08999999999991815,-2.565052799999742,-1.0427350427350075,-1.2179737891737685,5.088614284700091,2.105999999999824,0.005,0.0020693256377595005,,HYP-FCR-04,stress,1017.7228569400181,1015.1578041400184,41.99999999999591,0.5759928571428726,0.7291757090240788,1,1,42.19999999999686,0.7019999999999413,5.0,306.85,0.3480000000000132,2,2023,11
SPY,2023-03-21,long,397.99,397.07,2023-03-21T17:30:00+00:00,2023-03-21T17:35:00+00:00,397.135,0.05000000000001137,396.94,397.525,2,2,2023-03-21T17:40:00+00:00,397.15999999999997,2023-03-21T17:49:00+00:00,396.92,STOP_LOSS,-0.4799999999999045,0.31763199999999997,0.08999999999991815,-0.7976319999999044,-1.230769230769029,-2.045210256410083,4.898714677400073,0.38999999999998636,0.005,0.000398063600028828,,HYP-FCR-04,stress,979.7429354800146,978.9453034800147,5.000000000001137,0.33800000000000197,0.14792899408287302,1,1,12.000000000000455,0.19499999999999318,5.0,396.69,0.25,2,2023,13
SPY,2023-03-22,short,398.875,398.08,2023-03-22T15:10:00+00:00,2023-03-22T15:15:00+00:00,398.67,0.03500000000002501,399.08,397.8500000000001,2,2,2023-03-22T15:20:00+00:00,398.66,2023-03-22T15:25:00+00:00,399.09999999999997,STOP_LOSS,-0.8799999999998818,0.319104,0.05999999999994543,-1.1991039999998818,-1.0731707317072563,-1.4623219512194816,4.894726517400073,0.8199999999999363,0.005,0.0008376361754685887,,HYP-FCR-04,stress,978.9453034800147,977.7461994800148,3.500000000002501,0.40735000000000404,0.08592119798704963,1,1,19.499999999999318,0.40999999999996817,5.0,399.07,0.009999999999990905,2,2023,11
QQQ,2023-03-22,short,310.82,309.74,2023-03-22T19:00:00+00:00,2023-03-22T19:05:00+00:00,309.81,0.8149999999999977,312.02,305.39000000000004,2,2,2023-03-22T19:10:00+00:00,309.81,2023-03-22T19:20:00+00:00,312.03999999999996,STOP_LOSS,-4.459999999999923,0.24874,0.03999999999996362,-4.708739999999922,-1.0090497737556479,-1.065325791855196,5.075789020700092,4.419999999999959,0.005,0.0043540028771628485,,HYP-FCR-04,stress,1015.1578041400184,1010.4490641400184,81.49999999999977,1.773907142857151,0.4594378027517915,1,1,118.99999999999977,2.2099999999999795,5.0,313.38,1.3600000000000136,2,2023,15
SPY,2023-03-23,short,396.17,394.92,2023-03-23T17:10:00+00:00,2023-03-23T17:15:00+00:00,395.81,0.20249999999998636,396.5401,394.3498,2,2,2023-03-23T17:20:00+00:00,395.77000000000004,2023-03-23T18:21:00+00:00,394.3698,TAKE_PROFIT,2.8004000000000815,0.31605592000000005,0.11999999999989086,2.4843440800000813,1.9178194767840762,1.7013724695247945,4.888730997400073,1.4601999999999862,0.005,0.0014934345955796608,,HYP-FCR-04,stress,977.7461994800148,980.2305435600148,20.249999999998636,0.5641071428571374,0.35897435897433827,1,1,36.009999999998854,0.7300999999999931,5.0,396.75,0.20990000000000464,2,2023,13
QQQ,2023-03-23,long,310.93,309.73,2023-03-23T19:45:00+00:00,2023-03-23T19:50:00+00:00,310.39,0.3100000000000023,309.3,312.56999999999994,3,3,2023-03-23T19:55:00+00:00,310.4,2023-03-23T19:59:00+00:00,309.76,FORCED_SESSION_CLOSE,-1.919999999999959,0.37209600000000004,0.08999999999991815,-2.292095999999959,-0.5871559633027532,-0.7009467889908293,5.052245320700092,3.269999999999925,0.005,0.003236184896447981,,HYP-FCR-04,stress,1010.4490641400184,1008.1569681400184,31.000000000000227,1.1760714285714269,0.2635894321287603,1,1,42.00000000000159,1.089999999999975,5.0,308.97,0.3299999999999841,2,2023,15
SPY,2023-03-24,short,391.98,389.4,2023-03-24T14:10:00+00:00,2023-03-24T14:20:00+00:00,390.97,0.09000000000003183,392.525,387.8600000000001,2,2,2023-03-24T14:25:00+00:00,390.96000000000004,2023-03-24T14:29:00+00:00,392.54499999999996,STOP_LOSS,-3.1699999999998454,0.313402,0.05999999999994543,-3.4834019999998453,-1.0192926045015909,-1.120064951768475,4.901152717800074,3.1099999999999,0.005,0.003172723009328968,,HYP-FCR-04,stress,980.2305435600148,976.7471415600149,9.000000000003183,1.1153090909090948,0.08069511916797192,2,2,53.49999999999682,1.55499999999995,10.0,391.81,0.714999999999975,3,2023,10
QQQ,2023-03-24,long,309.73,307.18,2023-03-24T15:30:00+00:00,2023-03-24T15:50:00+00:00,308.86,0.8100000000000023,307.13,312.32000000000005,2,2,2023-03-24T15:55:00+00:00,308.88,2023-03-24T19:59:00+00:00,310.93,FORCED_SESSION_CLOSE,4.100000000000023,0.24792399999999998,0.07999999999992724,3.852076000000023,1.18497109826589,1.1133167630057752,5.040784840700092,3.4600000000000364,0.005,0.003432005242579936,,HYP-FCR-04,stress,1008.1569681400184,1012.0090441400184,81.00000000000023,0.7014142857142807,1.1548096702580617,4,4,4.000000000002046,1.7300000000000182,20.0,307.6,0.4700000000000273,5,2023,11
SPY,2023-03-28,short,396.03,394.97,2023-03-28T14:20:00+00:00,2023-03-28T14:25:00+00:00,395.87,0.1150000000000091,396.34999999999997,394.9100000000001,2,2,2023-03-28T14:30:00+00:00,395.87,2023-03-28T14:33:00+00:00,394.93000000000006,TAKE_PROFIT,1.8799999999998818,0.31632000000000005,0.03999999999996362,1.5636799999998816,1.958333333333368,1.6288333333333411,4.883735707800075,0.9599999999999227,0.005,0.000982854168855468,,HYP-FCR-04,stress,976.7471415600149,978.3108215600148,11.50000000000091,0.5587083333333235,0.2058319039451314,1,1,31.000000000000227,0.47999999999996135,5.0,396.27,0.07999999999998408,2,2023,10
QQQ,2023-03-28,long,308.2,305.94,2023-03-28T15:05:00+00:00,2023-03-28T15:15:00+00:00,306.43,0.070699999999988,305.92,307.45,3,3,2023-03-28T15:20:00+00:00,306.45,2023-03-28T16:16:00+00:00,305.90000000000003,STOP_LOSS,-1.6499999999998636,0.36741,0.11999999999989086,-2.0174099999998636,-1.0784313725489496,-1.3185686274509147,5.0600452207000925,1.5299999999999727,0.005,0.0015118441963136119,,HYP-FCR-04,stress,1012.0090441400184,1009.9916341400186,7.0699999999987995,0.4905071428571505,0.14413653507300264,2,2,0.9999999999990905,0.5099999999999909,10.0,305.92,0.0,3,2023,11
QQQ,2023-03-29,short,311.83,310.75,2023-03-29T14:05:00+00:00,2023-03-29T14:30:00+00:00,310.8,0.05000000000001137,311.93,308.54,3,3,2023-03-29T14:35:00+00:00,310.8,2023-03-29T17:28:00+00:00,311.95,STOP_LOSS,-3.449999999999932,0.37365000000000004,0.05999999999994543,-3.823649999999932,-1.0176991150442318,-1.1279203539822853,5.049958170700093,3.3899999999999864,0.005,0.003356463445250695,,HYP-FCR-04,stress,1009.9916341400186,1006.1679841400187,5.000000000001137,0.5116076923076863,0.09773113413224607,5,5,9.000000000003183,1.1299999999999955,25.0,311.52,0.410000000000025,6,2023,10
SPY,2023-03-29,long,400.125,399.425,2023-03-29T15:30:00+00:00,2023-03-29T15:35:00+00:00,399.542,0.05000000000001137,399.255,400.11599999999993,2,2,2023-03-29T15:40:00+00:00,399.57,2023-03-29T16:31:00+00:00,400.09599999999995,TAKE_PROFIT,1.0519999999999072,0.3198664,0.09600000000000364,0.7321335999999072,1.8327526132403988,1.2754940766549896,4.891554107800074,0.5739999999999554,0.005,0.000586725596150163,,HYP-FCR-04,stress,978.3108215600148,979.0429551600147,5.000000000001137,0.36070714285713734,0.1386166062694647,1,1,16.0000000000025,0.2869999999999777,5.0,399.33,0.07499999999998863,2,2023,11
QQQ,2023-03-30,short,315.59,314.54,2023-03-30T14:00:00+00:00,2023-03-30T14:10:00+00:00,314.65,0.40999999999996817,315.93,312.0899999999999,3,3,2023-03-30T14:15:00+00:00,314.63,2023-03-30T14:27:00+00:00,315.95,STOP_LOSS,-3.9599999999999795,0.37834799999999996,0.11999999999989086,-4.338347999999979,-1.031249999999971,-1.1297781249999685,5.030839920700093,3.8400000000000887,0.005,0.003816460134419973,,HYP-FCR-04,stress,1006.1679841400187,1001.8296361400187,40.99999999999682,0.6044222222222149,0.6783337622706274,2,2,33.00000000000409,1.2800000000000296,10.0,315.57,0.36000000000001364,3,2023,10
SPY,2023-03-30,long,404.14,403.51,2023-03-30T14:25:00+00:00,2023-03-30T14:30:00+00:00,403.65,0.05000000000001137,403.34000000000003,404.26999999999987,2,2,2023-03-30T14:35:00+00:00,403.65999999999997,2023-03-30T15:14:00+00:00,403.32000000000005,STOP_LOSS,-0.6799999999998363,0.322792,0.05999999999994543,-1.0027919999998363,-1.0967741935483162,-1.6174064516129238,4.895214775800073,0.6199999999998909,0.005,0.0006332714992046065,,HYP-FCR-04,stress,979.0429551600147,978.0401631600148,5.000000000001137,0.494684615384616,0.10107449968124943,1,1,15.999999999996817,0.30999999999994543,5.0,403.16,0.18000000000000682,2,2023,10
QQQ,2023-04-03,short,320.01,318.49,2023-04-03T14:35:00+00:00,2023-04-03T14:40:00+00:00,319.375,0.07500000000004547,320.08,317.96500000000003,3,3,2023-04-03T14:45:00+00:00,319.36,2023-04-03T15:05:00+00:00,317.985,TAKE_PROFIT,4.125,0.38240700000000005,0.1049999999999045,3.742593,1.950354609929122,1.7695475177305364,5.009148180700094,2.1149999999999523,0.005,0.002111137386740627,,HYP-FCR-04,stress,1001.8296361400187,1005.5722291400187,7.5000000000045475,0.5589285714285707,0.13418530351445854,1,1,6.000000000000227,0.7049999999999841,5.0,320.045,0.03499999999996817,2,2023,10
SPY,2023-04-03,short,410.7,408.82,2023-04-03T14:35:00+00:00,2023-04-03T14:40:00+00:00,410.2699,0.4399999999999977,411.13009999999997,408.5495000000001,2,2,2023-04-03T14:45:00+00:00,410.23,2023-04-03T15:11:00+00:00,408.56950000000006,TAKE_PROFIT,3.3209999999999127,0.3275198,0.11979999999994106,2.9934801999999125,1.9303650313880807,1.7399908160893047,4.890200815800074,1.7203999999999269,0.005,0.0017590279671556356,,HYP-FCR-04,stress,978.0401631600148,981.0336433600147,43.99999999999977,0.5215214285714305,0.8436853710982901,1,1,42.00999999999908,0.8601999999999634,5.0,411.21,0.07990000000000919,2,2023,10
QQQ,2023-04-04,short,320.87,319.28,2023-04-04T14:15:00+00:00,2023-04-04T14:20:00+00:00,319.915,0.18999999999999773,321.46999999999997,316.8050000000001,3,3,2023-04-04T14:25:00+00:00,319.89000000000004,2023-04-04T19:59:00+00:00,319.15,FORCED_SESSION_CLOSE,2.220000000000198,0.383424,0.13499999999987722,1.8365760000001978,0.47588424437304805,0.39369260450166277,5.0278611457000935,4.66499999999985,0.005,0.004639149595439237,,HYP-FCR-04,stress,1005.5722291400187,1007.4088051400189,18.999999999999773,0.72627272727272,0.2616097133558638,1,1,58.9999999999975,1.55499999999995,5.0,321.37,0.0999999999999659,2,2023,10
SPY,2023-04-04,short,411.68,410.45,2023-04-04T14:10:00+00:00,2023-04-04T14:25:00+00:00,410.48,0.27010000000001355,411.71999999999997,408.0000000000001,2,2,2023-04-04T14:30:00+00:00,410.47,2023-04-04T16:06:00+00:00,408.0200000000001,TAKE_PROFIT,4.899999999999864,0.3273960000000001,0.05999999999994543,4.572603999999863,1.9758064516129243,1.8437919354838868,4.905168216800074,2.4799999999999045,0.005,0.0025279459239603333,,HYP-FCR-04,stress,981.0336433600147,985.6062473600145,27.010000000001355,0.5729083333333307,0.47145413024192023,3,3,2.9999999999972715,1.2399999999999523,15.0,411.53,0.18999999999999773,4,2023,10
QQQ,2023-04-10,short,315.24,313.25,2023-04-10T16:00:00+00:00,2023-04-10T16:05:00+00:00,314.8,0.42500000000001137,315.28999999999996,313.8200000000001,3,3,2023-04-10T16:10:00+00:00,314.78000000000003,2023-04-10T16:32:00+00:00,315.30999999999995,STOP_LOSS,-1.5899999999997476,0.378054,0.11999999999989086,-1.9680539999997477,-1.0816326530611582,-1.338812244897918,5.037044025700094,1.4699999999998568,0.005,0.0014591891519109192,,HYP-FCR-04,stress,1007.4088051400189,1005.4407511400192,42.50000000000114,0.39171428571428024,1.0849744711889573,1,1,3.999999999996362,0.48999999999995225,5.0,315.62,0.3300000000000409,2,2023,12
SPY,2023-04-10,short,406.84,405.97,2023-04-10T16:00:00+00:00,2023-04-10T16:05:00+00:00,406.58,0.29009999999999536,407.0333,405.67339999999996,2,2,2023-04-10T16:10:00+00:00,406.56,2023-04-10T16:31:00+00:00,407.0533,STOP_LOSS,-0.9865999999999531,0.32544532,0.07999999999992724,-1.312045319999953,-1.0882417824839234,-1.4472152217073855,4.928031236800073,0.9066000000000258,0.005,0.0009198399486898443,,HYP-FCR-04,stress,985.6062473600145,984.2942020400146,29.009999999999536,0.32488571428571944,0.8929293817605907,1,1,18.33000000000311,0.4533000000000129,5.0,407.34999999999997,0.3166999999999689,2,2023,12
QQQ,2023-04-11,long,317.89,316.26,2023-04-11T14:20:00+00:00,2023-04-11T14:25:00+00:00,316.5794,0.0999999999999659,315.9201,317.8980000000001,3,3,2023-04-11T14:30:00+00:00,316.58,2023-04-11T14:35:00+00:00,315.9001,STOP_LOSS,-2.0396999999999252,0.37948806,0.061799999999834654,-2.419188059999925,-1.0312452601242894,-1.2231093887455455,5.027203755700096,1.9779000000000906,0.005,0.0019671969708383594,,HYP-FCR-04,stress,1005.4407511400192,1003.0215630800193,9.99999999999659,0.5574083333333325,0.1794016953459601,1,1,32.99000000000092,0.6593000000000302,5.0,315.92990000000003,0.00980000000004111,2,2023,10
SPY,2023-04-11,long,410.2809,409.41,2023-04-11T14:15:00+00:00,2023-04-11T14:25:00+00:00,410.005,0.12999999999999545,409.32,411.375,2,2,2023-04-11T14:30:00+00:00,410.03,2023-04-11T14:36:00+00:00,409.3,STOP_LOSS,-1.4599999999999227,0.32773199999999997,0.08999999999991815,-1.7877319999999226,-1.0656934306568744,-1.304913868613078,4.921471010200073,1.3700000000000045,0.005,0.001391860276287912,,HYP-FCR-04,stress,984.2942020400146,982.5064700400147,12.999999999999545,0.4063333333333266,0.3199343724364174,2,2,8.000000000004093,0.6850000000000023,10.0,409.51,0.18999999999999773,3,2023,10
QQQ,2023-04-12,long,318.42,314.86,2023-04-12T15:40:00+00:00,2023-04-12T15:45:00+00:00,315.44,0.3059999999999832,314.53000000000003,317.25999999999993,3,3,2023-04-12T15:50:00+00:00,315.46999999999997,2023-04-12T18:29:00+00:00,314.51000000000005,STOP_LOSS,-2.879999999999768,0.37798800000000005,0.14999999999986358,-3.2579879999997683,-1.0549450549450068,-1.1934021978021547,5.015107815400096,2.7299999999999045,0.005,0.002721775982180066,,HYP-FCR-04,stress,1003.0215630800193,999.7635750800196,30.599999999998317,0.5648785714285752,0.5417093433480945,1,1,31.999999999999318,0.9099999999999682,5.0,314.535,0.0049999999999954525,2,2023,11
SPY,2023-04-12,long,412.17,410.14,2023-04-12T15:55:00+00:00,2023-04-12T17:10:00+00:00,411.4,0.11000000000001364,410.08,414.03999999999996,2,2,2023-04-12T17:15:00+00:00,411.41999999999996,2023-04-12T18:27:00+00:00,410.06,STOP_LOSS,-2.7199999999999136,0.32859200000000005,0.07999999999992724,-3.0485919999999136,-1.030303030303003,-1.1547696969696701,4.912532350200074,2.6399999999999864,0.005,0.0026870052060750976,,HYP-FCR-04,stress,982.5064700400147,979.4578780400149,11.000000000001364,0.36178571428573036,0.30404738400792153,15,15,5.000000000001137,1.3199999999999932,75.0,410.745,0.6650000000000205,16,2023,13
QQQ,2023-04-14,short,320.26,317.42,2023-04-14T14:00:00+00:00,2023-04-14T14:10:00+00:00,318.79,0.2400000000000091,320.37,315.63000000000005,3,3,2023-04-14T14:15:00+00:00,318.77000000000004,2023-04-14T16:46:00+00:00,315.65000000000003,TAKE_PROFIT,9.360000000000014,0.38065200000000005,0.11999999999989086,8.979348000000014,1.9746835443038202,1.8943772151898954,4.998817875400098,4.739999999999952,0.005,0.004741120919133876,,HYP-FCR-04,stress,999.7635750800196,1008.7429230800195,24.00000000000091,0.860000000000001,0.27906976744187073,2,2,10.000000000002274,1.579999999999984,10.0,320.24,0.12999999999999545,3,2023,10
QQQ,2023-04-17,long,319.1999,317.66,2023-04-17T14:10:00+00:00,2023-04-17T14:15:00+00:00,318.5,0.03499999999996817,317.61,320.28,3,3,2023-04-17T14:20:00+00:00,318.53,2023-04-17T14:38:00+00:00,317.59000000000003,STOP_LOSS,-2.8199999999998226,0.38167200000000007,0.14999999999986358,-3.2016719999998227,-1.0561797752808486,-1.1991280898875925,5.043714615400098,2.669999999999959,0.005,0.0026468587178263246,,HYP-FCR-04,stress,1008.7429230800195,1005.5412510800197,3.4999999999968168,0.7149900000000059,0.04895173359063466,1,1,4.000000000002046,0.8899999999999864,5.0,317.795,0.18500000000000227,2,2023,10
SPY,2023-04-17,long,413.19,412.23,2023-04-17T18:40:00+00:00,2023-04-17T18:45:00+00:00,412.4921,0.3849999999999909,411.925,413.62629999999996,2,2,2023-04-17T18:50:00+00:00,412.52,2023-04-17T19:51:00+00:00,413.6063,TAKE_PROFIT,2.1725999999999885,0.33045051999999997,0.09579999999994016,1.8421494799999887,1.9155351789808295,1.6241839887145535,4.897289390200075,1.1341999999999643,0.005,0.0011579875208820646,,HYP-FCR-04,stress,979.4578780400149,981.3000275200149,38.49999999999909,0.26971428571429457,1.4274364406778854,1,1,29.50000000000159,0.5670999999999822,5.0,411.83,0.09500000000002728,2,2023,14
QQQ,2023-04-20,short,317.48,315.57,2023-04-20T15:00:00+00:00,2023-04-20T15:05:00+00:00,316.9299,0.1349999999999909,317.66159999999996,315.4665,3,3,2023-04-20T15:10:00+00:00,316.90000000000003,2023-04-20T15:41:00+00:00,317.68159999999995,STOP_LOSS,-2.3447999999997364,0.38074896,0.14969999999976835,-2.7255489599997365,-1.0681973486400484,-1.2416513871804364,5.027706255400099,2.195099999999968,0.005,0.002183003429886423,,HYP-FCR-04,stress,1005.5412510800197,1002.81570212002,13.49999999999909,0.46894285714285744,0.28788155730211895,1,1,17.159999999995534,0.7316999999999894,5.0,317.76,0.09840000000002647,2,2023,11
SPY,2023-04-20,short,412.32,411.08,2023-04-20T16:00:00+00:00,2023-04-20T16:05:00+00:00,412.18,0.07110000000000127,412.39,411.76000000000005,2,2,2023-04-20T16:10:00+00:00,412.15500000000003,2023-04-20T16:10:00+00:00,412.40999999999997,STOP_LOSS,-0.5099999999998772,0.32982600000000006,0.08999999999991815,-0.8398259999998773,-1.2142857142855403,-1.999585714285617,4.906500137600075,0.4199999999999591,0.005,0.0004280036565997066,,HYP-FCR-04,stress,981.3000275200149,980.460201520015,7.110000000000127,0.36127142857143973,0.19680493495195284,1,1,6.000000000000227,0.20999999999997954,5.0,412.55,0.160000000000025,2,2023,12
QQQ,2023-04-21,long,316.3,314.39,2023-04-21T14:05:00+00:00,2023-04-21T14:10:00+00:00,315.18,0.19999999999998863,314.17,317.2,3,3,2023-04-21T14:15:00+00:00,315.21999999999997,2023-04-21T18:01:00+00:00,317.18,TAKE_PROFIT,5.880000000000109,0.37944,0.1799999999998363,5.500560000000109,1.940594059405994,1.8153663366337158,5.0140785106001,3.0299999999999727,0.005,0.003021492377507002,,HYP-FCR-04,stress,1002.81570212002,1008.31626212002,19.999999999998863,0.6340333333333459,0.3154408285578855,1,1,20.999999999997954,1.009999999999991,5.0,314.22,0.05000000000001137,2,2023,10
SPY,2023-04-21,long,412.28,410.914,2023-04-21T14:05:00+00:00,2023-04-21T14:10:00+00:00,411.46,0.029999999999972715,410.61,413.1599999999999,2,2,2023-04-21T14:15:00+00:00,411.49,2023-04-21T14:44:00+00:00,410.59000000000003,STOP_LOSS,-1.7999999999999545,0.328832,0.10000000000002274,-2.1288319999999548,-1.0588235294117805,-1.2522541176470825,4.902301007600075,1.6999999999999318,0.005,0.0017338796591278348,,HYP-FCR-04,stress,980.460201520015,978.331369520015,2.9999999999972715,0.5184333333333294,0.05786664952094054,1,1,29.399999999998272,0.8499999999999659,5.0,410.645,0.03499999999996817,2,2023,10
SPY,2023-04-24,long,412.95,411.94,2023-04-24T17:50:00+00:00,2023-04-24T17:55:00+00:00,412.17,0.14999999999997726,411.93,412.65000000000003,2,2,2023-04-24T18:00:00+00:00,412.2,2023-04-24T18:25:00+00:00,411.91,STOP_LOSS,-0.5799999999999272,0.32964400000000005,0.09999999999990905,-0.9096439999999273,-1.2083333333331359,-1.8950916666664435,4.891656847600075,0.4800000000000182,0.005,0.000490631308526388,,HYP-FCR-04,stress,978.331369520015,977.421725520015,14.999999999997726,0.22035714285714952,0.6807131280387742,1,1,0.0,0.2400000000000091,5.0,411.94,0.009999999999990905,2,2023,14
SPY,2023-04-25,long,411.16,410.04,2023-04-25T15:10:00+00:00,2023-04-25T15:15:00+00:00,410.31,0.05000000000001137,409.96000000000004,411.00999999999993,2,2,2023-04-25T15:20:00+00:00,410.325,2023-04-25T15:21:00+00:00,409.94000000000005,STOP_LOSS,-0.7699999999998681,0.32810600000000006,0.06999999999993634,-1.0981059999998681,-1.0999999999999188,-1.5687228571428216,4.8871086276000755,0.6999999999999318,0.005,0.0007161698801277542,,HYP-FCR-04,stress,977.421725520015,976.3236195200151,5.000000000001137,0.38308571428571064,0.13051909307878987,1,1,6.999999999999318,0.3499999999999659,5.0,409.74,0.22000000000002728,2,2023,11
QQQ,2023-04-26,short,313.78,312.22,2023-04-26T14:10:00+00:00,2023-04-26T14:20:00+00:00,312.35,0.6399999999999864,313.86,309.33000000000004,3,3,2023-04-26T14:25:00+00:00,312.31,2023-04-26T15:08:00+00:00,313.88,STOP_LOSS,-4.7099999999999795,0.37571400000000005,0.18000000000000682,-5.08571399999998,-1.03973509933775,-1.1226741721854328,5.0415813106001,4.529999999999973,0.005,0.004492638044412266,,HYP-FCR-04,stress,1008.31626212002,1003.2305481200201,63.999999999998636,0.7631818181818114,0.8385944014294119,2,2,7.000000000005002,1.509999999999991,10.0,313.52,0.34000000000003183,3,2023,10
SPY,2023-04-26,long,407.27,406.32,2023-04-26T15:00:00+00:00,2023-04-26T15:05:00+00:00,407.065,0.29000000000002046,406.2272,408.74060000000003,2,2,2023-04-26T15:10:00+00:00,407.07,2023-04-26T17:21:00+00:00,406.2072,STOP_LOSS,-1.7255999999999858,0.32531088,0.049999999999954525,-2.050910879999986,-1.0298400572928823,-1.223985963237018,4.881618097600075,1.6756000000000313,0.005,0.0017162342142493672,,HYP-FCR-04,stress,976.3236195200151,974.2727086400151,29.000000000002046,0.47462142857142453,0.6110132887866,1,1,8.280000000002019,0.8378000000000156,5.0,406.04,0.18719999999996162,2,2023,11
SPY,2023-04-27,short,407.85,406.74,2023-04-27T14:55:00+00:00,2023-04-27T15:00:00+00:00,407.7,0.060000000000002274,408.02,407.06,2,2,2023-04-27T15:05:00+00:00,407.69,2023-04-27T15:23:00+00:00,408.03999999999996,STOP_LOSS,-0.6999999999999318,0.326292,0.05999999999994543,-1.0262919999999318,-1.0937499999999167,-1.6035812499999276,4.871363543200076,0.6399999999999864,0.005,0.0006569002644992086,,HYP-FCR-04,stress,974.2727086400151,973.2464166400152,6.000000000000227,0.3836785714285692,0.15638089919017717,1,1,15.999999999996817,0.3199999999999932,5.0,408.375,0.3550000000000182,2,2023,11
QQQ,2023-04-28,short,320.705,318.96,2023-04-28T14:55:00+00:00,2023-04-28T15:00:00+00:00,319.31,0.9900000000000091,321.11,315.71,2,2,2023-04-28T15:05:00+00:00,319.3,2023-04-28T16:05:00+00:00,321.13,STOP_LOSS,-3.659999999999968,0.256172,0.05999999999994543,-3.916171999999968,-1.0166666666666515,-1.0878255555555398,5.0161527406001,3.6000000000000227,0.005,0.003588407476971427,,HYP-FCR-04,stress,1003.2305481200201,999.3143761200201,99.00000000000091,0.6719357142857234,1.4733552316866982,1,1,39.500000000003865,1.8000000000000114,5.0,321.15999999999997,0.049999999999954525,2,2023,11
SPY,2023-05-01,short,416.7299,415.38,2023-05-01T14:15:00+00:00,2023-05-01T14:25:00+00:00,415.9901,0.030100000000004457,416.7908,414.3887,2,2,2023-05-01T14:30:00+00:00,415.98,2023-05-01T14:46:00+00:00,416.8108,STOP_LOSS,-1.6615999999999076,0.33311632,0.060199999999895226,-1.9947163199999076,-1.0375921069063911,-1.2456077931808993,4.866232083200076,1.6014000000000124,0.005,0.0016454209053536528,,HYP-FCR-04,stress,973.2464166400152,971.2517003200153,3.0100000000004457,0.467116666666674,0.0644378634887872,2,2,5.090000000001282,0.8007000000000062,10.0,416.46999999999997,0.32080000000001974,3,2023,10
QQQ,2023-05-01,long,322.77,321.75,2023-05-01T14:40:00+00:00,2023-05-01T14:50:00+00:00,322.3519,0.1099999999999568,321.6,323.85569999999996,3,3,2023-05-01T14:55:00+00:00,322.39,2023-05-01T15:15:00+00:00,321.58000000000004,STOP_LOSS,-2.4299999999998363,0.38638200000000006,0.17429999999990287,-2.8163819999998365,-1.0772709136852898,-1.2485623088176263,4.996571880600101,2.2556999999999334,0.005,0.002257247622873203,,HYP-FCR-04,stress,999.3143761200201,996.4979941200203,10.99999999999568,0.45500714285714544,0.24175444655490283,2,2,13.999999999998636,0.7518999999999778,10.0,321.78000000000003,0.18000000000000682,3,2023,10
QQQ,2023-05-03,long,320.79,319.475,2023-05-03T15:45:00+00:00,2023-05-03T15:55:00+00:00,320.11,0.040000000000020464,319.39,321.55000000000007,3,3,2023-05-03T16:00:00+00:00,320.13,2023-05-03T18:23:00+00:00,321.5300000000001,TAKE_PROFIT,4.200000000000273,0.38499600000000006,0.11999999999989086,3.8150040000002727,1.944444444444497,1.7662055555556149,4.982489970600102,2.160000000000082,0.005,0.002167590916133773,,HYP-FCR-04,stress,996.4979941200203,1000.3129981200206,4.000000000002046,0.37464285714285744,0.10676835081035005,2,2,7.5000000000045475,0.7200000000000273,10.0,319.40000000000003,0.010000000000047748,3,2023,12
SPY,2023-05-03,long,412.65,411.25,2023-05-03T15:55:00+00:00,2023-05-03T16:00:00+00:00,411.54,0.2699999999999818,411.06,412.50000000000006,2,2,2023-05-03T16:05:00+00:00,411.56,2023-05-03T16:20:00+00:00,411.04,STOP_LOSS,-1.0399999999999636,0.32904,0.07999999999992724,-1.3690399999999636,-1.0833333333332544,-1.4260833333332414,4.8562585016000765,0.9600000000000364,0.005,0.0009884152580466304,,HYP-FCR-04,stress,971.2517003200153,969.8826603200154,26.99999999999818,0.3725000000000023,0.7248322147650474,1,1,18.000000000000682,0.4800000000000182,5.0,411.01,0.05000000000001137,2,2023,12
SPY,2023-05-04,long,407.27,404.89,2023-05-04T15:05:00+00:00,2023-05-04T15:10:00+00:00,406.16,0.6800000000000068,404.805,408.87000000000006,2,2,2023-05-04T15:15:00+00:00,406.19,2023-05-04T15:36:00+00:00,404.785,STOP_LOSS,-2.8099999999999454,0.32439,0.09999999999990905,-3.1343899999999456,-1.036900369003656,-1.1566014760147245,4.849413301600077,2.7100000000000364,0.005,0.0027941524380958255,,HYP-FCR-04,stress,969.8826603200154,966.7482703200154,68.00000000000068,0.9181071428571508,0.740654296495119,1,1,7.499999999998863,1.3550000000000182,5.0,404.85,0.045000000000015916,2,2023,11
QQQ,2023-05-04,short,317.13,315.72,2023-05-04T15:15:00+00:00,2023-05-04T15:20:00+00:00,316.63,0.05000000000001137,317.44,315.01,3,3,2023-05-04T15:25:00+00:00,316.61,2023-05-04T17:07:00+00:00,317.46,STOP_LOSS,-2.5499999999998977,0.380442,0.11999999999989086,-2.9304419999998976,-1.0493827160493376,-1.2059432098764977,5.0015649906001025,2.430000000000007,0.005,0.0024292396525556776,,HYP-FCR-04,stress,1000.3129981200206,997.3825561200207,5.000000000001137,0.7460714285714362,0.06701771182385372,1,1,30.000000000001137,0.8100000000000023,5.0,317.33,0.11000000000001364,2,2023,11
QQQ,2023-05-08,long,322.6399,321.46,2023-05-08T14:35:00+00:00,2023-05-08T14:45:00+00:00,322.205,0.03500000000002501,321.305,324.00499999999994,3,3,2023-05-08T14:50:00+00:00,322.22999999999996,2023-05-08T18:51:00+00:00,323.98499999999996,TAKE_PROFIT,5.264999999999986,0.387729,0.13499999999987722,4.877270999999986,1.9500000000000441,1.806396666666707,4.986912780600104,2.699999999999932,0.005,0.0027070856447533715,,HYP-FCR-04,stress,997.3825561200207,1002.2598271200206,3.500000000002501,0.43366428571429033,0.08070759145493468,2,2,14.499999999998181,0.8999999999999773,10.0,321.43,0.125,3,2023,10
SPY,2023-05-08,long,413.13,411.89,2023-05-08T14:35:00+00:00,2023-05-08T14:45:00+00:00,412.46,0.06999999999999318,411.67,414.0399999999999,2,2,2023-05-08T14:50:00+00:00,412.47999999999996,2023-05-08T18:07:00+00:00,411.65000000000003,STOP_LOSS,-1.6599999999998545,0.329652,0.07999999999992724,-1.9896519999998545,-1.0506329113923614,-1.2592734177214848,4.833741351600077,1.5799999999999272,0.005,0.001634344791200828,,HYP-FCR-04,stress,966.7482703200154,964.7586183200156,6.999999999999318,0.4159000000000016,0.16830968982926883,2,2,20.999999999997954,0.7899999999999636,10.0,411.82,0.14999999999997726,3,2023,10
QQQ,2023-05-09,short,322.74,321.85,2023-05-09T14:00:00+00:00,2023-05-09T14:10:00+00:00,322.02,0.13999999999998636,322.89,320.28,3,3,2023-05-09T14:15:00+00:00,322.0013,2023-05-09T19:59:00+00:00,321.60999999999996,FORCED_SESSION_CLOSE,1.1739000000001738,0.38616678000000004,0.11609999999984666,0.7877332200001738,0.449770114942593,0.3018134942529386,5.011299135600104,2.6100000000000136,0.005,0.0026041151499604765,,HYP-FCR-04,stress,1002.2598271200206,1003.0475603400208,13.999999999998636,0.4322222222222081,0.3239074550128325,2,2,13.999999999998636,0.8700000000000045,10.0,322.705,0.18500000000000227,3,2023,10
SPY,2023-05-09,short,411.675,410.6894,2023-05-09T14:00:00+00:00,2023-05-09T14:10:00+00:00,410.98,0.06999999999999318,411.84999999999997,409.2400000000001,2,2,2023-05-09T14:15:00+00:00,410.96000000000004,2023-05-09T17:56:00+00:00,411.86999999999995,STOP_LOSS,-1.8199999999998226,0.329132,0.07999999999992724,-2.1491319999998226,-1.0459770114942137,-1.2351333333333057,4.823793091600078,1.7399999999998954,0.005,0.0018035599443826146,,HYP-FCR-04,stress,964.7586183200156,962.6094863200158,6.999999999999318,0.45998888888890277,0.15217758883062865,2,2,16.499999999996362,0.8699999999999477,10.0,411.645,0.20499999999998408,3,2023,10
QQQ,2023-05-10,short,325.34,323.04,2023-05-10T14:15:00+00:00,2023-05-10T14:20:00+00:00,324.86,0.36299999999999955,325.73,323.12,3,3,2023-05-10T14:25:00+00:00,324.83000000000004,2023-05-10T14:45:00+00:00,323.14,TAKE_PROFIT,5.070000000000164,0.388782,0.14999999999986358,4.681218000000164,1.9425287356322365,1.793570114942582,5.0152378017001045,2.6100000000000136,0.005,0.00260207003456073,,HYP-FCR-04,stress,1003.0475603400208,1007.728778340021,36.299999999999955,0.853981818181813,0.4250675977772594,1,1,38.00000000000523,0.8700000000000045,5.0,325.51,0.22000000000002728,2,2023,10
SPY,2023-05-10,long,414.535,411.5001,2023-05-10T15:15:00+00:00,2023-05-10T15:25:00+00:00,411.92,0.07839999999998781,411.12,413.52000000000004,2,2,2023-05-10T15:30:00+00:00,411.935,2023-05-10T16:01:00+00:00,411.1,STOP_LOSS,-1.669999999999959,0.32921400000000006,0.06999999999993634,-1.9992139999999592,-1.0437499999999595,-1.2495087499999566,4.813047431600079,1.6000000000000227,0.005,0.001662148589576759,,HYP-FCR-04,stress,962.6094863200158,960.6102723200158,7.839999999998781,0.6049714285714336,0.12959289694906728,2,2,37.009999999997945,0.8000000000000114,10.0,411.15000000000003,0.03000000000002956,3,2023,11
QQQ,2023-05-11,long,325.85,324.38,2023-05-11T14:45:00+00:00,2023-05-11T14:50:00+00:00,325.3,0.5,324.36,327.18,3,3,2023-05-11T14:55:00+00:00,325.33,2023-05-11T19:59:00+00:00,326.17,FORCED_SESSION_CLOSE,2.5200000000000955,0.3909,0.14999999999986358,2.1291000000000952,0.8936170212766318,0.7550000000000356,5.038643891700105,2.819999999999993,0.005,0.0027983720030753034,,HYP-FCR-04,stress,1007.728778340021,1009.8578783400211,50.0,0.5699571428571387,0.8772589417750771,1,1,0.9999999999990905,0.9399999999999977,5.0,324.34000000000003,0.01999999999998181,2,2023,10
SPY,2023-05-11,long,412.09,410.16,2023-05-11T14:40:00+00:00,2023-05-11T14:50:00+00:00,411.15,0.37999999999999545,410.105,413.2399999999999,2,2,2023-05-11T14:55:00+00:00,411.18,2023-05-11T19:59:00+00:00,412.14000000000004,FORCED_SESSION_CLOSE,1.9200000000000728,0.329328,0.10000000000002274,1.5906720000000727,0.9186602870814105,0.7610870813397775,4.80305136160008,2.089999999999918,0.005,0.0021757002399654325,,HYP-FCR-04,stress,960.6102723200158,962.2009443200159,37.999999999999545,0.6374285714285618,0.5961452263558961,2,2,4.500000000001592,1.044999999999959,10.0,410.29,0.18500000000000227,3,2023,10
SPY,2023-05-15,long,412.29,410.78,2023-05-15T14:20:00+00:00,2023-05-15T14:25:00+00:00,411.02,0.29000000000002046,410.38,412.29999999999995,2,2,2023-05-15T14:30:00+00:00,411.03499999999997,2023-05-15T16:45:00+00:00,412.28,TAKE_PROFIT,2.490000000000009,0.329326,0.06999999999993634,2.160674000000009,1.9453125000000486,1.688026562500043,4.81100472160008,1.2799999999999727,0.005,0.0013302834585186823,,HYP-FCR-04,stress,962.2009443200159,964.3616183200159,29.000000000002046,0.47440833333333404,0.611287744383397,1,1,38.999999999998636,0.6399999999999864,5.0,410.31,0.06999999999999318,2,2023,10
QQQ,2023-05-15,long,325.81,324.52,2023-05-15T14:30:00+00:00,2023-05-15T14:35:00+00:00,324.96,0.17709999999999582,324.21000000000004,326.45999999999987,3,3,2023-05-15T14:40:00+00:00,324.96,2023-05-15T17:00:00+00:00,326.4399999999999,TAKE_PROFIT,4.4399999999997135,0.3908399999999999,0.05999999999994543,4.049159999999714,1.9733333333333556,1.7996266666666758,5.049289391700106,2.2499999999998295,0.005,0.002228036289322536,,HYP-FCR-04,stress,1009.8578783400211,1013.9070383400208,17.70999999999958,0.49565714285714485,0.35730343555452093,1,1,29.999999999995453,0.7499999999999432,5.0,324.28000000000003,0.06999999999999318,2,2023,10
SPY,2023-05-16,long,412.815,410.89,2023-05-16T14:15:00+00:00,2023-05-16T15:50:00+00:00,411.87,0.20999999999997954,410.72,414.16999999999996,2,2,2023-05-16T15:55:00+00:00,411.9,2023-05-16T19:50:00+00:00,410.70000000000005,STOP_LOSS,-2.3999999999998636,0.32904,0.09999999999990905,-2.7290399999998636,-1.0434782608695266,-1.1865391304347468,4.821808091600079,2.2999999999999545,0.005,0.002384997449407736,,HYP-FCR-04,stress,964.3616183200159,961.632578320016,20.999999999997954,0.3870928571428668,0.5425054896388168,19,19,15.999999999996817,1.1499999999999773,95.0,411.16,0.4399999999999977,20,2023,11
QQQ,2023-05-16,short,327.98,326.02,2023-05-16T19:45:00+00:00,2023-05-16T19:50:00+00:00,327.325,0.214999999999975,328.15999999999997,325.65500000000003,3,3,2023-05-16T19:55:00+00:00,327.305,2023-05-16T19:59:00+00:00,327.15999999999997,FORCED_SESSION_CLOSE,0.43500000000011596,0.392679,0.11999999999989086,0.04232100000011596,0.173652694610829,0.01689461077848982,5.069535191700104,2.5049999999999386,0.005,0.00247064070499121,,HYP-FCR-04,stress,1013.9070383400208,1013.9493593400209,21.4999999999975,0.27762857142856695,0.7744159720077437,1,1,16.999999999995907,0.8349999999999795,5.0,328.34499999999997,0.18500000000000227,2,2023,15
QQQ,2023-05-19,long,338.205,336.9703,2023-05-19T14:10:00+00:00,2023-05-19T14:15:00+00:00,337.49,0.05009999999998627,336.63,339.21000000000004,3,3,2023-05-19T14:20:00+00:00,337.52,2023-05-19T14:58:00+00:00,336.61,STOP_LOSS,-2.7299999999999045,0.404478,0.14999999999986358,-3.1344779999999046,-1.058139534883667,-1.2149139534883158,5.069746796700104,2.580000000000041,0.005,0.0025445057746072857,,HYP-FCR-04,stress,1013.9493593400209,1010.814881340021,5.009999999998627,0.5494599999999934,0.09118043169655092,1,1,33.03000000000225,0.8600000000000136,5.0,336.81,0.18000000000000682,2,2023,10
SPY,2023-05-19,short,420.72,419.8,2023-05-19T14:35:00+00:00,2023-05-19T14:40:00+00:00,420.1799,0.09649999999999181,420.73,419.0796999999999,2,2,2023-05-19T14:45:00+00:00,420.16,2023-05-19T15:15:00+00:00,419.09969999999987,TAKE_PROFIT,2.1206000000003087,0.33570387999999995,0.07979999999986376,1.7848961200003086,1.9274677331395587,1.6223378658427274,4.80816289160008,1.1002000000000862,0.005,0.001144096014220056,,HYP-FCR-04,stress,961.632578320016,963.4174744400163,9.649999999999181,0.3849357142857213,0.25069121003504496,1,1,0.0,0.5501000000000431,5.0,420.695,0.03500000000002501,2,2023,10
SPY,2023-05-22,long,420.39,418.62,2023-05-22T14:55:00+00:00,2023-05-22T15:00:00+00:00,419.07,0.10000000000002274,418.02,421.17,2,2,2023-05-22T15:05:00+00:00,419.09,2023-05-22T19:59:00+00:00,418.76,FORCED_SESSION_CLOSE,-0.6599999999999682,0.33514,0.07999999999992724,-0.9951399999999682,-0.31428571428569574,-0.4738761904761702,4.817087372200082,2.1000000000000227,0.005,0.002179740409234991,,HYP-FCR-04,stress,963.4174744400163,962.4223344400164,10.000000000002274,0.6317857142857122,0.15828151498025134,1,1,59.00000000000318,1.0500000000000114,5.0,418.37,0.35000000000002274,2,2023,11
QQQ,2023-05-23,short,337.0338,335.7,2023-05-23T14:00:00+00:00,2023-05-23T14:55:00+00:00,336.27,0.09499999999997044,337.07,334.66999999999996,3,3,2023-05-23T15:00:00+00:00,336.25,2023-05-23T16:47:00+00:00,334.68999999999994,TAKE_PROFIT,4.680000000000177,0.402564,0.11999999999989086,4.277436000000177,1.9500000000000461,1.7822650000000486,5.054074406700105,2.400000000000034,0.005,0.002374321989421439,,HYP-FCR-04,stress,1010.814881340021,1015.0923173400212,9.499999999997044,0.4124857142857122,0.23031100644171104,11,11,2.62000000000171,0.8000000000000114,55.0,336.64,0.4300000000000068,12,2023,11
SPY,2023-05-23,short,418.07,416.84,2023-05-23T14:00:00+00:00,2023-05-23T14:55:00+00:00,417.382,0.045000000000015916,418.14,415.86600000000004,2,2,2023-05-23T15:00:00+00:00,417.36,2023-05-23T17:29:00+00:00,415.886,TAKE_PROFIT,2.947999999999979,0.33329840000000005,0.08399999999994634,2.614701599999979,1.9445910290237807,1.7247372031662556,4.812111672200082,1.5159999999999627,0.005,0.0015751920396590178,,HYP-FCR-04,stress,962.4223344400164,965.0370360400163,4.500000000001592,0.4111142857142909,0.10945861421923256,11,11,6.000000000000227,0.7579999999999814,55.0,417.71999999999997,0.4200000000000159,12,2023,11
SPY,2023-05-24,long,412.49,410.97,2023-05-24T15:20:00+00:00,2023-05-24T15:25:00+00:00,411.21,0.25,410.62,412.38999999999993,2,2,2023-05-24T15:30:00+00:00,411.23499999999996,2023-05-24T15:43:00+00:00,410.6,STOP_LOSS,-1.2699999999998681,0.328734,0.08999999999991815,-1.5987339999998682,-1.0762711864406118,-1.354859322033844,4.825185180200082,1.17999999999995,0.005,0.001222750999114007,,HYP-FCR-04,stress,965.0370360400163,963.4383020400164,25.0,0.5325714285714339,0.4694206008583644,1,1,34.00000000000318,0.589999999999975,5.0,410.45,0.17000000000001592,2,2023,11
QQQ,2023-05-24,long,332.19,330.86,2023-05-24T17:35:00+00:00,2023-05-24T17:40:00+00:00,331.228,0.14679999999998472,330.62,332.444,3,3,2023-05-24T17:45:00+00:00,331.25,2023-05-24T18:27:00+00:00,330.6,STOP_LOSS,-1.9499999999999318,0.3971100000000001,0.1259999999999195,-2.347109999999932,-1.0690789473683764,-1.2867927631578486,5.075461586700106,1.8240000000000123,0.005,0.0017968809031868919,,HYP-FCR-04,stress,1015.0923173400212,1012.7452073400212,14.679999999998472,0.31190000000000445,0.47066367425451305,1,1,23.00000000000182,0.6080000000000041,5.0,330.42,0.19999999999998863,2,2023,13
SPY,2023-05-25,long,414.8,412.59,2023-05-25T14:25:00+00:00,2023-05-25T14:40:00+00:00,413.7001,0.06999999999999318,412.48,416.1403,2,2,2023-05-25T14:45:00+00:00,413.72999999999996,2023-05-25T18:01:00+00:00,416.12030000000004,TAKE_PROFIT,4.780600000000163,0.33194012000000006,0.09979999999984557,4.448659880000163,1.9591017129744097,1.8230718301779176,4.817191510200082,2.4402000000000044,0.005,0.0025328036002233286,,HYP-FCR-04,stress,963.4383020400164,967.8869619200166,6.999999999999318,0.6528571428571378,0.10722100656454181,3,3,9.99999999999659,1.2201000000000022,15.0,413.02,0.5399999999999636,4,2023,10
QQQ,2023-05-25,short,339.42,336.665,2023-05-25T15:30:00+00:00,2023-05-25T15:35:00+00:00,338.9,0.17000000000001592,339.47499999999997,337.75,2,2,2023-05-25T15:40:00+00:00,338.84000000000003,2023-05-25T16:16:00+00:00,339.49499999999995,STOP_LOSS,-1.3099999999998317,0.271334,0.15999999999985448,-1.5813339999998317,-1.1391304347824849,-1.3750730434781417,5.063726036700106,1.1499999999999773,0.005,0.0011355274669928642,,HYP-FCR-04,stress,1012.7452073400212,1011.1638733400214,17.00000000000159,0.47400714285713874,0.3586443845029827,1,1,4.499999999995907,0.5749999999999886,5.0,339.515,0.040000000000020464,2,2023,11
QQQ,2023-05-30,long,353.93,350.65,2023-05-30T14:45:00+00:00,2023-05-30T14:55:00+00:00,351.35,0.040000000000020464,350.55,352.95000000000005,2,2,2023-05-30T15:00:00+00:00,351.365,2023-05-30T15:25:00+00:00,350.53000000000003,STOP_LOSS,-1.669999999999959,0.280758,0.06999999999993634,-1.9507579999999591,-1.0437499999999595,-1.2192237499999572,5.055819366700107,1.6000000000000227,0.005,0.0015823350123407693,,HYP-FCR-04,stress,1011.1638733400214,1009.2131153400214,4.000000000002046,0.8303999999999974,0.048169556840101865,2,2,8.999999999997499,0.8000000000000114,10.0,350.67,0.12000000000000455,3,2023,11
QQQ,2023-05-31,long,350.6,348.24,2023-05-31T17:30:00+00:00,2023-05-31T17:35:00+00:00,348.81,0.12999999999999545,348.08,350.27000000000004,2,2,2023-05-31T17:40:00+00:00,348.835,2023-05-31T18:50:00+00:00,348.06,STOP_LOSS,-1.5499999999999545,0.278758,0.08999999999991815,-1.8287579999999546,-1.0616438356163806,-1.2525739726026774,5.046065576700108,1.4600000000000364,0.005,0.0014466716472547397,,HYP-FCR-04,stress,1009.2131153400214,1007.3843573400214,12.999999999999545,0.42392142857142645,0.3066606008525747,1,1,15.00000000000341,0.7300000000000182,5.0,347.55,0.5299999999999727,2,2023,13
SPY,2023-05-31,long,419.22,418.06,2023-05-31T17:35:00+00:00,2023-05-31T17:40:00+00:00,418.17,0.19999999999998863,417.38,419.75000000000006,2,2,2023-05-31T17:45:00+00:00,418.19,2023-05-31T19:59:00+00:00,417.81,FORCED_SESSION_CLOSE,-0.7599999999999909,0.33440000000000003,0.07999999999992724,-1.094399999999991,-0.4810126582278299,-0.6926582278480776,4.839434809600083,1.580000000000041,0.005,0.001632422030838977,,HYP-FCR-04,stress,967.8869619200166,966.7925619200166,19.999999999998863,0.4078142857142869,0.4904193085087457,1,1,67.00000000000159,0.7900000000000205,5.0,417.61,0.2300000000000182,2,2023,13
QQQ,2023-06-01,short,348.37,346.66,2023-06-01T14:15:00+00:00,2023-06-01T14:20:00+00:00,347.335,0.05000000000001137,348.7,344.60499999999996,2,2,2023-06-01T14:25:00+00:00,347.32,2023-06-01T14:41:00+00:00,348.71999999999997,STOP_LOSS,-2.7999999999999545,0.278416,0.06999999999993634,-3.0784159999999545,-1.0256410256410022,-1.1276249084248842,5.036921786700107,2.730000000000018,0.005,0.0027099884767007197,,HYP-FCR-04,stress,1007.3843573400214,1004.3059413400215,5.000000000001137,0.7263636363636372,0.06883604505633598,1,1,31.999999999999318,1.365000000000009,5.0,348.5091,0.19089999999999918,2,2023,10
QQQ,2023-06-02,long,355.83,352.16,2023-06-02T14:00:00+00:00,2023-06-02T14:40:00+00:00,354.3,0.03000000000002956,352.0,358.90000000000003,2,2,2023-06-02T14:45:00+00:00,354.34499999999997,2023-06-02T19:59:00+00:00,354.62,FORCED_SESSION_CLOSE,0.5500000000000682,0.283586,0.12999999999988177,0.2664140000000682,0.11956521739131859,0.05791608695653628,5.0215297067001075,4.600000000000023,0.005,0.004580277593361991,,HYP-FCR-04,stress,1004.3059413400215,1004.5723553400215,3.000000000002956,0.9432571428571391,0.031804688919883646,8,8,15.00000000000341,2.3000000000000114,40.0,353.1982,1.1981999999999857,9,2023,10
SPY,2023-06-02,long,426.375,424.3,2023-06-02T14:00:00+00:00,2023-06-02T14:40:00+00:00,426.2401,0.099899999999991,423.94,430.84029999999996,2,2,2023-06-02T14:45:00+00:00,426.28,2023-06-02T19:59:00+00:00,427.89000000000004,FORCED_SESSION_CLOSE,3.220000000000141,0.341668,0.11979999999994106,2.878332000000141,0.69996956654062,0.6256971436024865,4.8339628096000835,4.6001999999999725,0.005,0.004758207894012066,,HYP-FCR-04,stress,966.7925619200166,969.6708939200167,9.9899999999991,0.7171357142857134,0.1393041763364053,8,8,35.000000000002274,2.3000999999999863,40.0,425.4101,1.4701000000000022,9,2023,10
QQQ,2023-06-05,short,356.45,354.43,2023-06-05T17:35:00+00:00,2023-06-05T17:40:00+00:00,356.0264,0.009999999999990905,356.57,354.9392000000001,2,2,2023-06-05T17:45:00+00:00,356.0,2023-06-05T18:32:00+00:00,354.95920000000007,TAKE_PROFIT,2.0815999999998667,0.28438368,0.0928000000000111,1.7972163199998668,1.9146431199411182,1.6530687270051212,5.022861776700108,1.0871999999999389,0.005,0.0010822515612944077,,HYP-FCR-04,stress,1004.5723553400215,1006.3695716600214,0.9999999999990905,0.3472428571428533,0.028798288558825488,1,1,11.000000000001364,0.5435999999999694,5.0,356.575,0.0049999999999954525,2,2023,13
QQQ,2023-06-06,short,354.32,352.93,2023-06-06T17:50:00+00:00,2023-06-06T17:55:00+00:00,354.09,0.18000000000000682,354.59,353.09,2,2,2023-06-06T18:00:00+00:00,354.07,2023-06-06T18:27:00+00:00,354.60999999999996,STOP_LOSS,-1.0799999999999272,0.283472,0.07999999999992724,-1.3634719999999272,-1.0799999999999272,-1.3634719999999272,5.031847858300107,1.0,0.005,0.00099367074299602,,HYP-FCR-04,stress,1006.3695716600214,1005.0060996600215,18.000000000000682,0.4127499999999965,0.4360993337371492,1,1,25.99999999999909,0.5,5.0,354.48,0.1099999999999568,2,2023,14
QQQ,2023-06-09,short,357.21,354.52,2023-06-09T14:30:00+00:00,2023-06-09T14:35:00+00:00,356.62,0.1099999999999568,357.48,354.9,2,2,2023-06-09T14:40:00+00:00,356.59000000000003,2023-06-09T14:50:00+00:00,354.91999999999996,TAKE_PROFIT,3.3400000000001455,0.284604,0.09999999999990905,3.0553960000001457,1.941860465116333,1.7763930232558705,5.025030498300108,1.7200000000000273,0.005,0.0017114323988499946,,HYP-FCR-04,stress,1005.0060996600215,1008.0614956600217,10.99999999999568,0.6014214285714274,0.18290003444214278,1,1,26.000000000004775,0.8600000000000136,5.0,357.28999999999996,0.19000000000005457,2,2023,10
SPY,2023-06-09,short,431.3,429.92,2023-06-09T15:15:00+00:00,2023-06-09T15:20:00+00:00,430.6725,0.22000000000002728,431.6171,428.78330000000005,2,2,2023-06-09T15:25:00+00:00,430.65000000000003,2023-06-09T19:59:00+00:00,429.90999999999997,FORCED_SESSION_CLOSE,1.4800000000001319,0.344224,0.08499999999992269,1.1357760000001318,0.7834003811137854,0.6011941562566991,4.848354469600084,1.8891999999999598,0.005,0.0019482898907717348,,HYP-FCR-04,stress,969.6708939200167,970.8066699200168,22.00000000000273,0.4604071428571298,0.4778379384706811,1,1,30.709999999999127,0.9445999999999799,5.0,431.615,0.0020999999999844476,2,2023,11
QQQ,2023-06-12,long,356.53,355.64,2023-06-12T14:20:00+00:00,2023-06-12T14:25:00+00:00,356.24,0.0999999999999659,355.32,358.08000000000004,2,2,2023-06-12T14:30:00+00:00,356.27,2023-06-12T17:46:00+00:00,358.06000000000006,TAKE_PROFIT,3.5800000000001546,0.28573200000000004,0.09999999999990905,3.2942680000001547,1.9456521739130939,1.790363043478314,5.040307478300108,1.8400000000000318,0.005,0.001825285469112481,,HYP-FCR-04,stress,1008.0614956600217,1011.3557636600218,9.99999999999659,0.6136249999999942,0.1629659808514432,1,1,31.000000000000227,0.9200000000000159,5.0,355.37,0.05000000000001137,2,2023,10
SPY,2023-06-12,long,431.26,430.29,2023-06-12T14:40:00+00:00,2023-06-12T15:35:00+00:00,430.98,0.10000000000002274,430.22,432.5,2,2,2023-06-12T15:40:00+00:00,430.99,2023-06-12T18:59:00+00:00,432.48,TAKE_PROFIT,2.980000000000018,0.34538800000000003,0.05999999999994543,2.6346120000000184,1.9605263157895092,1.7332973684210855,4.854033349600084,1.5199999999999818,0.005,0.001565708237382848,,HYP-FCR-04,stress,970.8066699200168,973.4412819200169,10.000000000002274,0.31285714285714256,0.31963470319642,11,11,6.000000000000227,0.7599999999999909,55.0,430.57,0.3499999999999659,12,2023,11
QQQ,2023-06-13,long,364.11,361.24,2023-06-13T14:30:00+00:00,2023-06-13T14:35:00+00:00,361.8299,0.05999999999994543,360.40000000000003,364.68969999999996,2,2,2023-06-13T14:40:00+00:00,361.84999999999997,2023-06-13T19:59:00+00:00,363.24,FORCED_SESSION_CLOSE,2.7800000000000864,0.29003599999999996,0.08019999999987704,2.4899640000000867,0.972095950765835,0.8706776697671621,5.056778818300109,2.85979999999995,0.005,0.0028276894271611654,,HYP-FCR-04,stress,1011.3557636600218,1013.8457276600219,5.999999999994543,1.0367928571428584,0.05787076906113186,1,1,82.99999999999841,1.429899999999975,5.0,360.77,0.3699999999999477,2,2023,10
SPY,2023-06-13,long,437.18,435.09,2023-06-13T14:15:00+00:00,2023-06-13T14:35:00+00:00,436.08,0.01999999999998181,434.62,438.99999999999994,2,2,2023-06-13T14:40:00+00:00,436.10999999999996,2023-06-13T19:59:00+00:00,436.64000000000004,FORCED_SESSION_CLOSE,1.0600000000001728,0.3491,0.09999999999990905,0.7109000000001728,0.3630136986302013,0.24345890410965165,4.867206409600085,2.919999999999959,0.005,0.0029996673186497157,,HYP-FCR-04,stress,973.4412819200169,974.152181920017,1.999999999998181,0.7267857142857191,0.027518427518402305,4,4,45.999999999997954,1.4599999999999795,20.0,435.39,0.7699999999999818,5,2023,10
SPY,2023-06-14,short,437.69,436.51,2023-06-14T17:10:00+00:00,2023-06-14T17:15:00+00:00,437.18,0.15500000000002956,437.7,436.14000000000004,2,2,2023-06-14T17:20:00+00:00,437.15000000000003,2023-06-14T18:00:00+00:00,436.16,TAKE_PROFIT,1.9800000000000182,0.349324,0.09999999999990905,1.6306760000000182,1.903846153846238,1.5679576923077647,4.870760909600086,1.0399999999999636,0.005,0.0010675950013786994,,HYP-FCR-04,stress,974.152181920017,975.782857920017,15.500000000002956,0.24715714285714188,0.6271313796891573,1,1,0.0,0.5199999999999818,5.0,437.77,0.06999999999999318,2,2023,13
SPY,2023-06-16,long,443.18,440.77,2023-06-16T15:50:00+00:00,2023-06-16T16:00:00+00:00,441.27,0.1150000000000091,440.41,442.9899999999999,2,2,2023-06-16T16:05:00+00:00,441.2962,2023-06-16T18:32:00+00:00,440.39000000000004,STOP_LOSS,-1.8123999999999114,0.35267448000000007,0.09239999999999782,-2.1650744799999115,-1.0537209302325596,-1.2587642325581514,4.878914289600085,1.7199999999999136,0.005,0.0017626872475155723,,HYP-FCR-04,stress,975.782857920017,973.6177834400171,11.50000000000091,0.5198714285714264,0.22120854057323705,2,2,34.99999999999659,0.8599999999999568,10.0,440.59000000000003,0.18000000000000682,3,2023,12
QQQ,2023-06-16,long,372.85,369.38,2023-06-16T15:50:00+00:00,2023-06-16T16:25:00+00:00,370.69,0.009999999999990905,369.25,373.57,2,2,2023-06-16T16:30:00+00:00,370.71999999999997,2023-06-16T18:32:00+00:00,369.23,STOP_LOSS,-2.9799999999999045,0.29598,0.09999999999990905,-3.2759799999999046,-1.0347222222221908,-1.1374930555555243,5.0692286383001095,2.8799999999999955,0.005,0.0028406688724201645,,HYP-FCR-04,stress,1013.8457276600219,1010.569747660022,0.9999999999990905,0.526778571428557,0.01898330824823069,7,7,12.000000000000455,1.4399999999999977,35.0,370.06,0.8100000000000023,8,2023,12
QQQ,2023-06-20,long,368.32,365.8,2023-06-20T16:20:00+00:00,2023-06-20T16:25:00+00:00,366.65,0.4200000000000159,365.61,368.7299999999999,2,2,2023-06-20T16:30:00+00:00,366.68,2023-06-20T19:59:00+00:00,366.915,FORCED_SESSION_CLOSE,0.4700000000000273,0.29343800000000003,0.10000000000002274,0.17656200000002725,0.22596153846155947,0.084885576923093,5.05284873830011,2.0799999999999272,0.005,0.0020582448710899717,,HYP-FCR-04,stress,1010.569747660022,1010.746309660022,42.00000000000159,0.4592857142857148,0.91446345256613,1,1,18.000000000000682,1.0399999999999636,5.0,365.58,0.03000000000002956,2,2023,12
SPY,2023-06-20,long,438.17,437.09,2023-06-20T16:30:00+00:00,2023-06-20T16:40:00+00:00,437.7001,0.11000000000001364,437.05,439.00030000000004,2,2,2023-06-20T16:45:00+00:00,437.73499999999996,2023-06-20T19:59:00+00:00,437.21000000000004,FORCED_SESSION_CLOSE,-1.0499999999998408,0.349978,0.10979999999983647,-1.399977999999841,-0.8075680664511816,-1.0767405014611764,4.868088917200086,1.300200000000018,0.005,0.0013354316469098482,,HYP-FCR-04,stress,973.6177834400171,972.2178054400173,11.000000000001364,0.3839357142857125,0.2865062975572916,2,2,2.9999999999972715,0.650100000000009,10.0,437.19,0.13999999999998636,3,2023,12
SPY,2023-06-21,long,436.28,434.84,2023-06-21T14:10:00+00:00,2023-06-21T14:15:00+00:00,435.24,0.11000000000001364,434.65000000000003,436.41999999999996,2,2,2023-06-21T14:20:00+00:00,435.25,2023-06-21T14:49:00+00:00,434.63000000000005,STOP_LOSS,-1.2399999999998954,0.34795200000000004,0.05999999999994543,-1.5879519999998954,-1.0508474576270745,-1.3457220338982736,4.861089027200086,1.17999999999995,0.005,0.001213719799614133,,HYP-FCR-04,stress,972.2178054400173,970.6298534400174,11.000000000001364,0.6115700000000004,0.17986493778310508,1,1,17.999999999994998,0.589999999999975,5.0,434.675,0.024999999999977263,2,2023,10
QQQ,2023-06-21,long,366.18,363.71,2023-06-21T18:20:00+00:00,2023-06-21T18:30:00+00:00,364.34,0.01999999999998181,363.67,365.6799999999999,2,2,2023-06-21T18:35:00+00:00,364.37,2023-06-21T18:49:00+00:00,363.65000000000003,STOP_LOSS,-1.4399999999999409,0.291208,0.10000000000002274,-1.731207999999941,-1.0746268656716633,-1.2919462686567513,5.05373154830011,1.3399999999999181,0.005,0.0013257530472217554,,HYP-FCR-04,stress,1010.746309660022,1009.0151016600221,1.999999999998181,0.4135785714285711,0.04835840486342992,2,2,2.9999999999972715,0.6699999999999591,10.0,363.85,0.18000000000000682,3,2023,14
QQQ,2023-06-22,short,363.42,360.22,2023-06-22T14:40:00+00:00,2023-06-22T14:45:00+00:00,363.22,0.4200000000000159,363.83,362.0000000000001,2,2,2023-06-22T14:50:00+00:00,363.17990000000003,2023-06-22T15:03:00+00:00,363.84999999999997,STOP_LOSS,-1.340199999999868,0.29081196000000004,0.12019999999995434,-1.631011959999868,-1.098524590163904,-1.3368950491803144,5.04507550830011,1.2199999999999136,0.005,0.0012090998420071029,,HYP-FCR-04,stress,1009.0151016600221,1007.3840897000222,42.00000000000159,0.7508071428571432,0.5593979812202315,1,1,39.999999999997726,0.6099999999999568,5.0,364.2,0.37000000000000455,2,2023,10
SPY,2023-06-22,short,435.0899,433.6,2023-06-22T14:40:00+00:00,2023-06-22T14:45:00+00:00,434.65,0.3299999999999841,435.12,433.7099999999999,2,2,2023-06-22T14:50:00+00:00,434.6,2023-06-22T15:05:00+00:00,435.14,STOP_LOSS,-1.0799999999999272,0.34789600000000004,0.13999999999987267,-1.4278959999999272,-1.148936170212622,-1.5190382978721748,4.853149267200087,0.9400000000000546,0.005,0.0009684433223113761,,HYP-FCR-04,stress,970.6298534400174,969.2019574400175,32.99999999999841,0.5725142857142893,0.5764048308214078,1,1,2.010000000001355,0.4700000000000273,5.0,435.59,0.46999999999997044,2,2023,10
SPY,2023-06-23,short,433.589,432.7117,2023-06-23T14:50:00+00:00,2023-06-23T14:55:00+00:00,433.575,0.125,433.94,432.84499999999997,2,2,2023-06-23T15:00:00+00:00,433.56,2023-06-23T15:28:00+00:00,432.86499999999995,TAKE_PROFIT,1.3900000000001,0.34657,0.06999999999993634,1.0434300000001,1.9041095890411854,1.429356164383663,4.846009787200088,0.7300000000000182,0.005,0.0007531969930479601,,HYP-FCR-04,stress,969.2019574400175,970.2453874400176,12.5,0.5017071428571366,0.24914933299164593,1,1,34.10000000000082,0.3650000000000091,5.0,434.13,0.18999999999999773,2,2023,11
QQQ,2023-06-23,short,363.3,360.8227,2023-06-23T18:35:00+00:00,2023-06-23T18:40:00+00:00,362.8,0.160000000000025,363.7699,360.8602,2,2,2023-06-23T18:45:00+00:00,362.77000000000004,2023-06-23T19:59:00+00:00,362.57,FORCED_SESSION_CLOSE,0.40000000000009095,0.290136,0.09999999999990905,0.10986400000009094,0.2062068254459701,0.05663676667702415,5.036920448500111,1.939799999999991,0.005,0.0019255813346998787,,HYP-FCR-04,stress,1007.3840897000222,1007.4939537000223,16.0000000000025,0.3844928571428576,0.41613256794671044,1,1,45.990000000000464,0.9698999999999955,5.0,363.67,0.099899999999991,2,2023,14
QQQ,2023-06-26,short,364.555,361.78,2023-06-26T14:15:00+00:00,2023-06-26T14:35:00+00:00,362.68,0.410000000000025,364.84999999999997,358.3400000000001,2,2,2023-06-26T14:40:00+00:00,362.64000000000004,2023-06-26T16:42:00+00:00,358.36000000000007,TAKE_PROFIT,8.559999999999945,0.28840000000000005,0.11999999999989086,8.271599999999946,1.972350230414771,1.9058986175115442,5.037469768500111,4.339999999999918,0.005,0.0043077181595594346,,HYP-FCR-04,stress,1007.4939537000223,1015.7655537000222,41.0000000000025,0.6750357142857045,0.6073752711497205,4,4,28.499999999996817,2.169999999999959,20.0,364.21,0.6399999999999864,5,2023,10
SPY,2023-06-26,short,434.44,432.6,2023-06-26T14:15:00+00:00,2023-06-26T14:35:00+00:00,432.89,0.22000000000002728,434.57,429.53,2,2,2023-06-26T14:40:00+00:00,432.865,2023-06-26T19:59:00+00:00,431.45,FORCED_SESSION_CLOSE,2.830000000000041,0.34572600000000003,0.08999999999991815,2.484274000000041,0.8422619047619135,0.7393672619047711,4.851226937200088,3.3600000000000136,0.005,0.00346304145682706,,HYP-FCR-04,stress,970.2453874400176,972.7296614400176,22.00000000000273,0.5120857142857095,0.429615577749318,4,4,12.000000000000455,1.6800000000000068,20.0,434.0,0.5699999999999932,5,2023,10
QQQ,2023-06-27,short,360.51,358.77,2023-06-27T14:00:00+00:00,2023-06-27T14:10:00+00:00,359.04,0.339999999999975,361.68,353.76000000000005,1,1,2023-06-27T14:15:00+00:00,358.99,2023-06-27T16:05:00+00:00,361.7,STOP_LOSS,-2.7099999999999795,0.14413800000000002,0.06999999999999318,-2.8541379999999794,-1.0265151515151492,-1.0811128787878765,5.078827768500111,2.6399999999999864,0.005,0.0025990249328533897,,HYP-FCR-04,stress,1015.7655537000222,1012.9114157000222,33.9999999999975,0.974099999999996,0.34904013961603164,2,2,116.0000000000025,2.6399999999999864,10.0,360.284,1.396000000000015,3,2023,10
SPY,2023-06-27,long,433.3,432.23,2023-06-27T14:10:00+00:00,2023-06-27T14:20:00+00:00,432.84,0.15999999999996817,431.87,434.7799999999999,2,2,2023-06-27T14:25:00+00:00,432.8562,2023-06-27T16:37:00+00:00,434.75999999999993,TAKE_PROFIT,3.8075999999998658,0.34704648,0.07240000000001601,3.460553519999866,1.9626804123711246,1.7837904742267894,4.863648307200088,1.9399999999999409,0.005,0.0019943876257746554,,HYP-FCR-04,stress,972.7296614400176,976.1902149600174,15.999999999996817,0.5379272727272812,0.29743797742168965,2,2,35.000000000002274,0.9699999999999704,10.0,432.38,0.5099999999999909,3,2023,10
QQQ,2023-06-28,short,363.89,361.9038,2023-06-28T16:40:00+00:00,2023-06-28T16:45:00+00:00,363.44,0.1443999999999619,364.44,361.44,2,2,2023-06-28T16:50:00+00:00,363.41,2023-06-28T17:30:00+00:00,364.46,STOP_LOSS,-2.099999999999909,0.291148,0.09999999999990905,-2.3911479999999092,-1.0499999999999545,-1.1955739999999546,5.064557078500111,2.0,0.005,0.0019745063279969074,,HYP-FCR-04,stress,1012.9114157000222,1010.5202677000223,14.43999999999619,0.6105571428571344,0.23650529960919706,1,1,54.000000000002046,1.0,5.0,364.45,0.009999999999990905,2,2023,12
SPY,2023-06-28,short,435.29,434.41,2023-06-28T16:50:00+00:00,2023-06-28T16:55:00+00:00,435.17,0.00960000000003447,435.53999999999996,434.4300000000001,2,2,2023-06-28T17:00:00+00:00,435.12,2023-06-28T17:21:00+00:00,435.55999999999995,STOP_LOSS,-0.8799999999998818,0.34827199999999997,0.13999999999998636,-1.2282719999998817,-1.1891891891891975,-1.6598270270271018,4.8809510748000875,0.7399999999998954,0.005,0.0007580489833430712,,HYP-FCR-04,stress,976.1902149600174,974.9619429600176,0.960000000003447,0.4948785714285618,0.0193986980933974,1,1,23.999999999995225,0.3699999999999477,5.0,435.45,0.08999999999997499,2,2023,13
QQQ,2023-06-29,long,364.89,363.3,2023-06-29T15:05:00+00:00,2023-06-29T15:10:00+00:00,364.01,0.2949999999999591,363.25,365.53,2,2,2023-06-29T15:15:00+00:00,364.0594,2023-06-29T17:04:00+00:00,363.23,STOP_LOSS,-1.6587999999999283,0.29091576,0.13879999999994652,-1.9497157599999284,-1.09131578947365,-1.2827077368420736,5.052601338500112,1.5199999999999818,0.005,0.0015041756692911784,,HYP-FCR-04,stress,1010.5202677000223,1008.5705519400224,29.499999999995907,0.755342857142864,0.3905511215341557,1,1,4.000000000002046,0.7599999999999909,5.0,363.1184,0.13159999999999172,2,2023,11
SPY,2023-06-29,short,436.98,435.54,2023-06-29T18:00:00+00:00,2023-06-29T18:05:00+00:00,436.57,0.16999999999995907,437.105,435.49999999999994,2,2,2023-06-29T18:10:00+00:00,436.5625,2023-06-29T18:20:00+00:00,437.125,STOP_LOSS,-1.125,0.34947500000000004,0.05499999999994998,-1.474475,-1.0514018691588294,-1.3780140186915244,4.874809714800088,1.07000000000005,0.005,0.0010974787351714403,,HYP-FCR-04,stress,974.9619429600176,973.4874679600176,16.999999999995907,0.35142142857142744,0.483749669708619,1,1,11.50000000000091,0.535000000000025,5.0,437.59999999999997,0.4949999999999477,2,2023,14
QQQ,2023-06-30,short,369.41,367.23,2023-06-30T15:25:00+00:00,2023-06-30T15:30:00+00:00,369.045,0.10499999999996135,369.7299,367.6752000000001,2,2,2023-06-30T15:35:00+00:00,369.03000000000003,2023-06-30T16:46:00+00:00,369.75,GAP_THROUGH_STOP,-1.4399999999999409,0.295512,0.06999999999993634,-1.7355119999999409,-1.0512483574244436,-1.2669820411739054,5.042852759700112,1.369799999999941,0.005,0.001358159820713663,,HYP-FCR-04,stress,1008.5705519400224,1006.8350399400224,10.499999999996135,0.47958571428571467,0.2189389651781981,1,1,30.989999999997053,0.6848999999999705,5.0,369.8036,0.07370000000003074,2,2023,11
SPY,2023-06-30,short,442.6695,441.11,2023-06-30T15:30:00+00:00,2023-06-30T15:35:00+00:00,442.28,0.01999999999998181,442.695,441.44999999999993,2,2,2023-06-30T15:40:00+00:00,442.26,2023-06-30T16:19:00+00:00,442.715,STOP_LOSS,-0.9099999999999682,0.35398999999999997,0.07999999999992724,-1.2639899999999682,-1.0963855421685822,-1.5228795180721757,4.867437339800088,0.8300000000000409,0.005,0.00085260470968295,,HYP-FCR-04,stress,973.4874679600176,972.2234779600177,1.999999999998181,0.3742714285714328,0.05343715408980155,1,1,1.5499999999974534,0.41500000000002046,5.0,442.82,0.125,2,2023,11
QQQ,2023-07-05,short,371.15,368.66,2023-07-05T15:10:00+00:00,2023-07-05T15:15:00+00:00,370.651,0.12999999999999545,371.4299,369.0932000000001,2,2,2023-07-05T15:20:00+00:00,370.64000000000004,2023-07-05T19:59:00+00:00,370.29999999999995,FORCED_SESSION_CLOSE,0.6800000000001774,0.29637600000000003,0.06199999999989814,0.3836240000001773,0.4365130311979768,0.24626011041224466,5.034175199700112,1.5577999999999292,0.005,0.001547224657668577,,HYP-FCR-04,stress,1006.8350399400224,1007.2186639400226,12.999999999999545,0.4691428571428519,0.27710109622411033,1,1,26.99000000000069,0.7788999999999646,5.0,371.36,0.06989999999996144,2,2023,11
SPY,2023-07-05,short,443.32,441.9,2023-07-05T16:30:00+00:00,2023-07-05T16:35:00+00:00,442.95,0.06999999999999318,443.37,442.10999999999996,2,2,2023-07-05T16:40:00+00:00,442.92,2023-07-05T17:22:00+00:00,443.39,STOP_LOSS,-0.9399999999999409,0.354524,0.09999999999990905,-1.294523999999941,-1.1190476190475063,-1.5410999999998714,4.861117389800088,0.8400000000000318,0.005,0.0008639988840452344,,HYP-FCR-04,stress,972.2234779600177,970.9289539600178,6.999999999999318,0.253935714285713,0.27566031897834364,1,1,4.000000000002046,0.4200000000000159,5.0,443.2614,0.10860000000002401,2,2023,12
QQQ,2023-07-06,long,366.96,364.94,2023-07-06T14:20:00+00:00,2023-07-06T14:30:00+00:00,365.63,0.2300000000000182,364.85,367.18999999999994,2,2,2023-07-06T14:35:00+00:00,365.65,2023-07-06T14:58:00+00:00,364.83000000000004,STOP_LOSS,-1.6399999999998727,0.292192,0.07999999999992724,-1.9321919999998727,-1.0512820512820065,-1.2385846153845772,5.036093319700113,1.5599999999999454,0.005,0.0015488195918625667,,HYP-FCR-04,stress,1007.2186639400226,1005.2864719400227,23.00000000000182,0.7832923076923023,0.29363239973290817,2,2,7.999999999998408,0.7799999999999727,10.0,365.04,0.18999999999999773,3,2023,10
SPY,2023-07-06,long,439.62,438.04,2023-07-06T15:55:00+00:00,2023-07-06T16:05:00+00:00,438.55,0.07999999999998408,437.8301,439.9898,2,2,2023-07-06T16:10:00+00:00,438.57,2023-07-06T18:48:00+00:00,439.9698,TAKE_PROFIT,2.799600000000055,0.35141592000000005,0.07999999999992724,2.448184080000055,1.9444367273232894,1.700363994999354,4.854644769800089,1.439799999999991,0.005,0.0014829097372445659,,HYP-FCR-04,stress,970.9289539600178,973.3771380400178,7.999999999998408,0.3292500000000018,0.24297646165522746,2,2,19.990000000001373,0.7198999999999955,10.0,437.95,0.1198999999999728,3,2023,12
QQQ,2023-07-07,short,368.52,366.45,2023-07-07T14:05:00+00:00,2023-07-07T14:20:00+00:00,367.5696,0.25,368.58,365.54879999999997,2,2,2023-07-07T14:25:00+00:00,367.5201,2023-07-07T15:59:00+00:00,368.59999999999997,STOP_LOSS,-2.1597999999999047,0.29444804,0.13899999999989632,-2.4542480399999045,-1.0687846397465834,-1.2144932897861709,5.026432359700114,2.0208000000000084,0.005,0.0020101732753851015,,HYP-FCR-04,stress,1005.2864719400227,1002.8322239000228,25.0,0.7236363636363721,0.34547738693466934,3,3,5.000000000001137,1.0104000000000042,15.0,368.26,0.3199999999999932,4,2023,10
SPY,2023-07-07,short,440.2,438.47,2023-07-07T19:35:00+00:00,2023-07-07T19:40:00+00:00,439.53,0.12000000000000455,440.545,437.4999999999999,2,2,2023-07-07T19:45:00+00:00,439.51500000000004,2023-07-07T19:59:00+00:00,438.541,FORCED_SESSION_CLOSE,1.9480000000000928,0.35122240000000005,0.06999999999982265,1.5967776000000926,0.9596059113300541,0.7865899507389283,4.866885690200089,2.0300000000000864,0.005,0.0020855225797553386,,HYP-FCR-04,stress,973.3771380400178,974.9739156400179,12.000000000000455,0.33607857142857256,0.3570593611187983,1,1,33.50000000000364,1.0150000000000432,5.0,440.545,0.0,2,2023,15
SPY,2023-07-10,short,439.348,438.05,2023-07-10T14:30:00+00:00,2023-07-10T14:35:00+00:00,438.955,0.18000000000000682,439.4,438.065,2,2,2023-07-10T14:40:00+00:00,438.93,2023-07-10T15:03:00+00:00,438.085,TAKE_PROFIT,1.6900000000000546,0.350806,0.08999999999991815,1.3391940000000546,1.8988764044944724,1.5047123595506462,4.87486957820009,0.8899999999999864,0.005,0.0009128449343342168,,HYP-FCR-04,stress,974.9739156400179,976.313109640018,18.000000000000682,0.582349999999991,0.3090924701640072,1,1,4.199999999997317,0.4449999999999932,5.0,439.71999999999997,0.3199999999999932,2,2023,10
QQQ,2023-07-10,long,367.05,363.93,2023-07-10T16:20:00+00:00,2023-07-10T16:25:00+00:00,364.4737,0.2949999999999591,363.8397,365.74170000000004,2,2,2023-07-10T16:30:00+00:00,364.51,2023-07-10T17:28:00+00:00,365.72170000000006,TAKE_PROFIT,2.423400000000129,0.29209268000000005,0.11259999999992942,2.1313073200001287,1.9111987381704048,1.6808417350158358,5.014161119500114,1.268000000000029,0.005,0.0012644188826210297,,HYP-FCR-04,stress,1002.8322239000228,1004.9635312200229,29.499999999995907,0.5582357142857087,0.5284506033037079,1,1,8.030000000002246,0.6340000000000146,5.0,363.528,0.31169999999997344,2,2023,12
QQQ,2023-07-11,long,367.55,365.3799,2023-07-11T14:15:00+00:00,2023-07-11T14:20:00+00:00,365.785,0.3100000000000023,364.7,367.9550000000001,2,2,2023-07-11T14:25:00+00:00,365.79999999999995,2023-07-11T19:47:00+00:00,367.9350000000001,TAKE_PROFIT,4.270000000000323,0.2934940000000001,0.06999999999982265,3.976506000000323,1.9677419354839538,1.8324912442397188,5.024817656100114,2.1700000000000728,0.005,0.002159282334718852,,HYP-FCR-04,stress,1004.9635312200229,1008.9400372200232,31.000000000000227,0.775909090909088,0.3995313415348609,1,1,66.9900000000041,1.0850000000000364,5.0,364.78000000000003,0.08000000000004093,2,2023,10
SPY,2023-07-11,long,441.0471,439.65,2023-07-11T14:15:00+00:00,2023-07-11T14:20:00+00:00,440.22,0.20999999999997954,439.4801,441.6998000000001,2,2,2023-07-11T14:25:00+00:00,440.24,2023-07-11T16:02:00+00:00,441.6798000000001,TAKE_PROFIT,2.8796000000002095,0.35276792000000007,0.07999999999992724,2.5268320800002093,1.9459386403568566,1.7075497229355943,4.88156554820009,1.4798000000000684,0.005,0.001515702273572557,,HYP-FCR-04,stress,976.313109640018,978.8399417200181,20.999999999997954,0.5236181818181855,0.40105559220802084,1,1,15.989999999999327,0.7399000000000342,5.0,439.53000000000003,0.04990000000003647,2,2023,10
QQQ,2023-07-12,short,373.29,371.81,2023-07-12T14:55:00+00:00,2023-07-12T15:00:00+00:00,372.93,0.13240000000001828,373.40999999999997,371.9700000000001,2,2,2023-07-12T15:05:00+00:00,372.90000000000003,2023-07-12T15:17:00+00:00,373.42999999999995,STOP_LOSS,-1.0599999999998317,0.29853199999999996,0.09999999999990905,-1.3585319999998318,-1.1041666666665804,-1.4151374999999387,5.044700186100116,0.9599999999999227,0.005,0.0009514936116967396,,HYP-FCR-04,stress,1008.9400372200232,1007.5815052200234,13.240000000001828,0.4869214285714309,0.27191245287451,1,1,10.99999999999568,0.47999999999996135,5.0,373.78999999999996,0.37999999999999545,2,2023,11
SPY,2023-07-12,short,447.07,445.8318,2023-07-12T15:20:00+00:00,2023-07-12T15:30:00+00:00,446.48,0.0999999999999659,447.11,445.22,2,2,2023-07-12T15:35:00+00:00,446.46000000000004,2023-07-12T15:40:00+00:00,445.24,TAKE_PROFIT,2.4400000000000546,0.35668000000000005,0.07999999999992724,2.0833200000000547,1.9365079365079938,1.6534285714286268,4.894199708600091,1.259999999999991,0.005,0.0012872380317725063,,HYP-FCR-04,stress,978.8399417200181,980.9232617200182,9.99999999999659,0.3238571428571423,0.308778120864474,2,2,3.000000000002956,0.6299999999999955,10.0,447.09999999999997,0.010000000000047748,3,2023,11
QQQ,2023-07-13,short,377.0968,375.46,2023-07-13T15:05:00+00:00,2023-07-13T15:15:00+00:00,376.5,0.2400000000000091,377.11,375.28,2,2,2023-07-13T15:20:00+00:00,376.5,2023-07-13T15:41:00+00:00,377.13,STOP_LOSS,-1.259999999999991,0.301452,0.03999999999996362,-1.561451999999991,-1.032786885245871,-1.279878688524554,5.037907526100117,1.2200000000000273,0.005,0.0012108201606316885,,HYP-FCR-04,stress,1007.5815052200234,1006.0200532200233,24.00000000000091,0.4682214285714273,0.5125779927079886,2,2,0.32000000000493856,0.6100000000000136,10.0,377.005,0.10500000000001819,3,2023,11
SPY,2023-07-14,short,451.09,450.35,2023-07-14T14:20:00+00:00,2023-07-14T14:30:00+00:00,450.38,0.19499999999999318,451.215,448.71000000000004,2,2,2023-07-14T14:35:00+00:00,450.35,2023-07-14T19:01:00+00:00,448.73,TAKE_PROFIT,3.240000000000009,0.359632,0.09999999999990905,2.880368000000009,1.940119760479095,1.7247712574850778,4.904616308600091,1.669999999999959,0.005,0.0017024777219286924,,HYP-FCR-04,stress,980.9232617200182,983.8036297200182,19.499999999999318,0.45526153846154,0.4283252230332358,2,2,11.50000000000091,0.8349999999999795,10.0,451.135,0.07999999999998408,3,2023,10
QQQ,2023-07-14,short,381.768,379.58,2023-07-14T14:35:00+00:00,2023-07-14T14:50:00+00:00,381.12,0.07499999999998863,382.17,379.02,2,2,2023-07-14T14:55:00+00:00,381.095,2023-07-14T15:36:00+00:00,382.19,STOP_LOSS,-2.189999999999941,0.30531400000000003,0.08999999999991815,-2.495313999999941,-1.0428571428571034,-1.188244761904721,5.030100266100117,2.1000000000000227,0.005,0.0020874335390019694,,HYP-FCR-04,stress,1006.0200532200233,1003.5247392200234,7.499999999998863,0.7063928571428651,0.10617321401484696,3,3,39.200000000005275,1.0500000000000114,15.0,381.69,0.4800000000000182,4,2023,10
QQQ,2023-07-17,short,381.0801,379.31,2023-07-17T16:25:00+00:00,2023-07-17T16:30:00+00:00,380.7199,0.03899999999998727,381.12,379.9197,2,2,2023-07-17T16:35:00+00:00,380.71000000000004,2023-07-17T16:49:00+00:00,381.14,STOP_LOSS,-0.8599999999999,0.30474,0.05979999999988195,-1.1647399999999,-1.0747313171705581,-1.4555611097224115,5.0176236961001175,0.800200000000018,0.005,0.000797389410272001,,HYP-FCR-04,stress,1003.5247392200234,1002.3599992200235,3.8999999999987267,0.3281214285714254,0.11885843655437382,1,1,2.9899999999997817,0.400100000000009,5.0,381.25,0.12999999999999545,2,2023,12
SPY,2023-07-19,short,456.12,455.01,2023-07-19T14:25:00+00:00,2023-07-19T14:30:00+00:00,455.7499,0.1099999999999568,456.34999999999997,454.54970000000014,2,2,2023-07-19T14:35:00+00:00,455.72,2023-07-19T16:03:00+00:00,456.36999999999995,STOP_LOSS,-1.2999999999998408,0.364836,0.09979999999995925,-1.6648359999998408,-1.08315280786533,-1.3871321446425637,4.919018148600091,1.2001999999998816,0.005,0.0012199589061705819,,HYP-FCR-04,stress,983.8036297200182,982.1387937200184,10.99999999999568,0.39135384615384683,0.28107555625431163,1,1,21.999999999997044,0.6000999999999408,5.0,456.315,0.03499999999996817,2,2023,10
QQQ,2023-07-19,long,387.38,385.955,2023-07-19T14:15:00+00:00,2023-07-19T14:45:00+00:00,387.09,0.1449999999999818,385.78000000000003,389.70999999999987,2,2,2023-07-19T14:50:00+00:00,387.10999999999996,2023-07-19T16:25:00+00:00,385.76000000000005,STOP_LOSS,-2.699999999999818,0.30914800000000003,0.07999999999992724,-3.009147999999818,-1.0305343511450116,-1.1485297709923448,5.011799996100118,2.619999999999891,0.005,0.0026138313600289494,,HYP-FCR-04,stress,1002.3599992200235,999.3508512200236,14.499999999998181,0.5553500000000083,0.26109660574408866,6,6,16.499999999996362,1.3099999999999454,30.0,386.35,0.5699999999999932,7,2023,10
SPY,2023-07-20,long,455.1,454.08,2023-07-20T15:35:00+00:00,2023-07-20T15:40:00+00:00,454.18,0.07999999999998408,453.93,454.68,2,2,2023-07-20T15:45:00+00:00,454.2,2023-07-20T15:47:00+00:00,453.91,STOP_LOSS,-0.5799999999999272,0.363244,0.07999999999992724,-0.9432439999999273,-1.1599999999998545,-1.8864879999998545,4.910693968600092,0.5,0.005,0.0005090930153630981,,HYP-FCR-04,stress,982.1387937200184,981.1955497200184,7.999999999998408,0.373571428571438,0.2141491395793019,1,1,13.999999999998636,0.25,5.0,453.73,0.19999999999998863,2,2023,11
QQQ,2023-07-21,long,379.92,377.54,2023-07-21T14:10:00+00:00,2023-07-21T14:15:00+00:00,377.92,0.05000000000001137,377.0767,379.6066,2,2,2023-07-21T14:20:00+00:00,377.9491,2023-07-21T14:23:00+00:00,377.05670000000003,STOP_LOSS,-1.7847999999999047,0.30200232000000005,0.09819999999990614,-2.086802319999905,-1.058223645203312,-1.2372834815604807,4.996754256100118,1.6865999999999985,0.005,0.0016876955655173256,,HYP-FCR-04,stress,999.3508512200236,997.2640489000237,5.000000000001137,1.0583300000000064,0.0472442432889657,1,1,45.33000000000129,0.8432999999999993,5.0,377.0699,0.006799999999998363,2,2023,10
SPY,2023-07-21,long,454.07,452.58,2023-07-21T14:05:00+00:00,2023-07-21T14:15:00+00:00,453.54,0.2699999999999818,452.495,455.63000000000005,2,2,2023-07-21T14:20:00+00:00,453.54999999999995,2023-07-21T14:27:00+00:00,452.475,STOP_LOSS,-2.1499999999998636,0.36241,0.059999999999831743,-2.5124099999998637,-1.028708133971211,-1.2021100478468065,4.905977748600092,2.090000000000032,0.005,0.002130054504014422,,HYP-FCR-04,stress,981.1955497200184,978.6831397200186,26.99999999999818,0.5252100000000098,0.5140800822527689,2,2,7.499999999998863,1.045000000000016,10.0,452.64,0.1449999999999818,3,2023,10
SPY,2023-07-24,short,454.45,452.75,2023-07-24T15:25:00+00:00,2023-07-24T15:30:00+00:00,454.12,0.1027000000000271,454.53999999999996,453.2800000000001,2,2,2023-07-24T15:35:00+00:00,454.09000000000003,2023-07-24T16:01:00+00:00,454.55999999999995,STOP_LOSS,-0.9399999999998272,0.36346,0.09999999999990905,-1.303459999999827,-1.1190476190475225,-1.5517380952380406,4.893415698600093,0.8399999999999181,0.005,0.0008582961797423271,,HYP-FCR-04,stress,978.6831397200186,977.3796797200188,10.27000000000271,0.34801428571427906,0.2951028282912046,1,1,7.999999999998408,0.4199999999999591,5.0,454.53999999999996,0.0,2,2023,11
QQQ,2023-07-25,short,378.85,376.93,2023-07-25T14:00:00+00:00,2023-07-25T14:30:00+00:00,377.77,0.08100000000001728,378.92,375.4699999999999,2,2,2023-07-25T14:35:00+00:00,377.745,2023-07-25T15:37:00+00:00,378.94,STOP_LOSS,-2.3899999999999864,0.302674,0.08999999999991815,-2.6926739999999865,-1.039130434782572,-1.1707278260869158,4.986320244500119,2.300000000000068,0.005,0.0023063099512480715,,HYP-FCR-04,stress,997.2640489000237,994.5713749000237,8.100000000001728,0.5756153846153893,0.1407189629827898,6,6,6.000000000000227,1.150000000000034,30.0,378.4899,0.43010000000003856,7,2023,10
QQQ,2023-07-26,long,378.21,376.43,2023-07-26T15:35:00+00:00,2023-07-26T15:40:00+00:00,376.695,0.06999999999999318,376.3,377.48499999999996,2,2,2023-07-26T15:45:00+00:00,376.71999999999997,2023-07-26T16:26:00+00:00,376.28000000000003,STOP_LOSS,-0.8799999999998818,0.3012,0.08999999999991815,-1.181199999999882,-1.113924050632813,-1.495189873417641,4.972856874500119,0.7899999999999636,0.005,0.0007943120221807872,,HYP-FCR-04,stress,994.5713749000237,993.3901749000238,6.999999999999318,0.43778571428571567,0.15989557839776494,1,1,12.000000000000455,0.3949999999999818,5.0,376.02,0.28000000000002956,2,2023,11
SPY,2023-07-26,long,455.16,454.42,2023-07-26T15:30:00+00:00,2023-07-26T15:40:00+00:00,454.6799,0.060000000000002274,454.32,455.39969999999994,2,2,2023-07-26T15:45:00+00:00,454.695,2023-07-26T16:46:00+00:00,454.3,STOP_LOSS,-0.7899999999999636,0.36359800000000003,0.07019999999999982,-1.1535979999999637,-1.0975270908585766,-1.602664629063659,4.886898398600094,0.7197999999999638,0.005,0.0007364589370286054,,HYP-FCR-04,stress,977.3796797200188,976.2260817200188,6.000000000000227,0.2267071428571512,0.26465862188474776,2,2,9.000000000003183,0.3598999999999819,10.0,454.35,0.03000000000002956,3,2023,11
QQQ,2023-07-27,long,384.71,382.7769,2023-07-27T15:25:00+00:00,2023-07-27T15:30:00+00:00,383.04,0.28000000000002956,382.37,384.38000000000005,2,2,2023-07-27T15:35:00+00:00,383.03999999999996,2023-07-27T15:45:00+00:00,382.35,STOP_LOSS,-1.3799999999998818,0.306156,0.04000000000007731,-1.6861559999998819,-1.029850746268544,-1.2583253731342103,4.966950874500119,1.3400000000000318,0.005,0.0013489160994922176,,HYP-FCR-04,stress,993.3901749000238,991.7040189000239,28.000000000002956,0.6521285714285625,0.42936318429762615,1,1,39.690000000001646,0.6700000000000159,5.0,382.0902,0.2798000000000229,2,2023,11
SPY,2023-07-28,short,456.59,455.16,2023-07-28T17:20:00+00:00,2023-07-28T17:25:00+00:00,456.1512,0.08990000000000009,456.65999999999997,455.1336000000001,2,2,2023-07-28T17:30:00+00:00,456.13,2023-07-28T17:44:00+00:00,455.1536000000001,TAKE_PROFIT,1.9527999999997974,0.3645134400000001,0.08240000000000691,1.5882865599997973,1.9190251572326897,1.5608161949685044,4.881130408600094,1.0175999999999021,0.005,0.0010423814924171934,,HYP-FCR-04,stress,976.2260817200188,977.8143682800186,8.990000000000009,0.31610714285713876,0.28439724324935434,1,1,6.000000000000227,0.5087999999999511,5.0,456.83,0.17000000000001592,2,2023,13
QQQ,2023-07-28,short,382.69,380.22,2023-07-28T17:30:00+00:00,2023-07-28T17:35:00+00:00,382.5534,0.21999999999997044,383.25,381.16020000000003,2,2,2023-07-28T17:40:00+00:00,382.53000000000003,2023-07-28T18:01:00+00:00,383.27,STOP_LOSS,-1.4799999999999045,0.30632,0.0867999999999256,-1.7863199999999044,-1.0623026126901571,-1.2821705426356098,4.95852009450012,1.393199999999979,0.005,0.0014048546476047212,,HYP-FCR-04,stress,991.7040189000239,989.917698900024,21.999999999997044,0.4624999999999976,0.47567567567561425,1,1,55.00000000000114,0.6965999999999894,5.0,383.13,0.12000000000000455,2,2023,13
SPY,2023-07-31,long,458.16,456.5,2023-07-31T17:05:00+00:00,2023-07-31T17:10:00+00:00,456.851,0.18999999999999773,456.37,457.813,2,2,2023-07-31T17:15:00+00:00,456.87,2023-07-31T19:35:00+00:00,456.35,STOP_LOSS,-1.0399999999999636,0.365288,0.07799999999997453,-1.4052879999999637,-1.0810810810810556,-1.4607983367983157,4.889071841400093,0.9619999999999891,0.005,0.0009838268194935127,,HYP-FCR-04,stress,977.8143682800186,976.4090802800187,18.999999999999773,0.26872142857142683,0.7070519124956767,1,1,12.000000000000455,0.48099999999999454,5.0,456.42,0.05000000000001137,2,2023,13
QQQ,2023-08-01,long,382.589,381.56,2023-08-01T14:25:00+00:00,2023-08-01T14:30:00+00:00,382.26,0.3147000000000162,381.44,383.9,2,2,2023-08-01T14:35:00+00:00,382.26,2023-08-01T19:59:00+00:00,382.78000000000003,FORCED_SESSION_CLOSE,1.0400000000000773,0.306016,0.03999999999996362,0.7339840000000772,0.634146341463467,0.44755121951224597,4.94958849450012,1.6399999999999864,0.005,0.0016567033823340267,,HYP-FCR-04,stress,989.917698900024,990.6516829000241,31.47000000000162,0.686953846153852,0.45810937919915967,1,1,11.000000000001364,0.8199999999999932,5.0,381.02,0.4200000000000159,2,2023,10
SPY,2023-08-01,long,456.94,456.06,2023-08-01T16:50:00+00:00,2023-08-01T17:00:00+00:00,456.41,0.12999999999999545,455.91,457.41,2,2,2023-08-01T17:05:00+00:00,456.43,2023-08-01T19:59:00+00:00,456.445,FORCED_SESSION_CLOSE,0.029999999999972715,0.36515000000000003,0.07999999999992724,-0.3351500000000273,0.029999999999972715,-0.3351500000000273,4.882045401400093,1.0,0.005,0.001024160897513587,,HYP-FCR-04,stress,976.4090802800187,976.0739302800187,12.999999999999545,0.2534999999999944,0.5128205128205062,2,2,13.999999999998636,0.5,10.0,456.03000000000003,0.12000000000000455,3,2023,13
QQQ,2023-08-03,short,374.36,371.77,2023-08-03T14:00:00+00:00,2023-08-03T14:10:00+00:00,373.41,0.030100000000004457,374.58,371.0700000000001,2,2,2023-08-03T14:15:00+00:00,373.37,2023-08-03T15:18:00+00:00,374.59999999999997,STOP_LOSS,-2.4599999999999227,0.299188,0.12000000000000455,-2.7591879999999227,-1.051282051282055,-1.1791401709401792,4.95325841450012,2.339999999999918,0.005,0.002362081486754078,,HYP-FCR-04,stress,990.6516829000241,987.8924949000242,3.0100000000004457,0.9038777777777732,0.033300962519519785,2,2,20.999999999997954,1.169999999999959,10.0,374.03,0.5500000000000114,3,2023,10
SPY,2023-08-03,long,449.0,447.63,2023-08-03T14:30:00+00:00,2023-08-03T14:40:00+00:00,448.3967,0.03999999999996362,447.36,450.4701,2,2,2023-08-03T14:45:00+00:00,448.41499999999996,2023-08-03T16:45:00+00:00,450.4501,TAKE_PROFIT,4.0702000000001135,0.35954604,0.07659999999987122,3.7106539600001134,1.9630558502942648,1.7896469373975725,4.880369651400094,2.0733999999999924,0.005,0.002124224339651372,,HYP-FCR-04,stress,976.0739302800187,979.7845842400187,3.999999999996362,0.5986571428571535,0.06681620770289227,2,2,25.99999999999909,1.0366999999999962,10.0,447.42,0.060000000000002274,3,2023,10
SPY,2023-08-04,long,451.87,450.15,2023-08-04T14:25:00+00:00,2023-08-04T14:30:00+00:00,451.015,0.009999999999990905,450.05,452.94499999999994,2,2,2023-08-04T14:35:00+00:00,451.03999999999996,2023-08-04T18:01:00+00:00,450.03000000000003,STOP_LOSS,-2.019999999999868,0.36042799999999997,0.08999999999991815,-2.380427999999868,-1.0466321243522905,-1.2333823834196527,4.898922921200094,1.92999999999995,0.005,0.0019698207453396266,,HYP-FCR-04,stress,979.7845842400187,977.4041562400189,0.9999999999990905,0.7587769230769325,0.013179104023669687,1,1,8.999999999997499,0.964999999999975,5.0,450.02,0.03000000000002956,2,2023,10
QQQ,2023-08-04,long,377.47,374.02,2023-08-04T14:15:00+00:00,2023-08-04T14:35:00+00:00,375.38,0.3901000000000181,373.43,379.28,2,2,2023-08-04T14:40:00+00:00,375.4,2023-08-04T18:25:00+00:00,373.41,STOP_LOSS,-3.9799999999999045,0.299524,0.07999999999992724,-4.279523999999904,-1.020512820512802,-1.097313846153828,4.939462474500121,3.8999999999999773,0.005,0.003947797984227688,,HYP-FCR-04,stress,987.8924949000242,983.6129709000243,39.01000000000181,1.0931714285714318,0.35685162436947787,4,4,57.99999999999841,1.9499999999999886,20.0,374.63,1.1999999999999886,5,2023,10
QQQ,2023-08-07,long,374.85,372.45,2023-08-07T14:00:00+00:00,2023-08-07T14:10:00+00:00,373.17,0.08640000000002601,372.04,375.43,2,2,2023-08-07T14:15:00+00:00,373.1737,2023-08-07T15:07:00+00:00,372.02000000000004,STOP_LOSS,-2.307399999999916,0.29807748,0.04739999999992506,-2.605477479999916,-1.0209734513274005,-1.1528661415928878,4.9180648545001215,2.259999999999991,0.005,0.002297651685024089,,HYP-FCR-04,stress,983.6129709000243,981.0074934200244,8.640000000002601,1.0436222222222176,0.08278857824247148,2,2,39.999999999997726,1.1299999999999955,10.0,372.7,0.6599999999999682,3,2023,10
SPY,2023-08-07,long,449.65,448.2601,2023-08-07T14:05:00+00:00,2023-08-07T14:10:00+00:00,449.12,0.27499999999997726,448.1994,450.96119999999996,2,2,2023-08-07T14:15:00+00:00,449.135,2023-08-07T19:59:00+00:00,450.68,FORCED_SESSION_CLOSE,3.090000000000032,0.359926,0.06999999999993634,2.7300740000000316,1.6782533130567578,1.4827688464045699,4.8870207812000945,1.841199999999958,0.005,0.001883765265622442,,HYP-FCR-04,stress,977.4041562400189,980.134230240019,27.499999999997726,0.7383333333333439,0.37246049661395936,1,1,5.0700000000006185,0.920599999999979,5.0,448.355,0.15559999999999263,2,2023,10
SPY,2023-08-08,long,448.15,446.085,2023-08-08T16:05:00+00:00,2023-08-08T16:10:00+00:00,446.35,0.16500000000002046,446.0,447.05000000000007,2,2,2023-08-08T16:15:00+00:00,446.365,2023-08-08T17:15:00+00:00,447.0300000000001,TAKE_PROFIT,1.3300000000001546,0.35735800000000006,0.06999999999993634,0.9726420000001545,1.9000000000000974,1.389488571428702,4.900671151200095,0.7000000000000455,0.005,0.0007141878922325025,,HYP-FCR-04,stress,980.134230240019,981.1068722400191,16.500000000002046,0.3673857142857173,0.4491192596337573,1,1,7.499999999998863,0.35000000000002274,5.0,445.68,0.3199999999999932,2,2023,12
QQQ,2023-08-08,long,372.66,370.12,2023-08-08T17:10:00+00:00,2023-08-08T17:20:00+00:00,370.37,0.03999999999996362,369.845,371.41999999999996,2,2,2023-08-08T17:25:00+00:00,370.41999999999996,2023-08-08T18:18:00+00:00,371.4,TAKE_PROFIT,1.9600000000000364,0.296728,0.13999999999987267,1.6632720000000365,1.8666666666667822,1.5840685714286749,4.905037467100122,1.0499999999999545,0.005,0.001070328215678971,,HYP-FCR-04,stress,981.0074934200244,982.6707654200244,3.999999999996362,0.40715714285713844,0.09824216694142254,2,2,26.499999999998636,0.5249999999999773,10.0,370.05,0.20499999999998408,3,2023,13
QQQ,2023-08-09,long,372.45,369.93,2023-08-09T18:10:00+00:00,2023-08-09T18:15:00+00:00,370.51,0.2699999999999818,369.82,371.89,2,2,2023-08-09T18:20:00+00:00,370.52,2023-08-09T19:07:00+00:00,369.8,STOP_LOSS,-1.4399999999999409,0.296128,0.05999999999994543,-1.7361279999999408,-1.0434782608695259,-1.2580637681159033,4.9133538271001225,1.3799999999999955,0.005,0.0014043360691717943,,HYP-FCR-04,stress,982.6707654200244,980.9346374200245,26.99999999999818,0.35892142857142467,0.7522537761945086,1,1,10.000000000002274,0.6899999999999977,5.0,369.85,0.03000000000002956,2,2023,14
SPY,2023-08-09,long,449.1999,448.03,2023-08-09T18:10:00+00:00,2023-08-09T18:15:00+00:00,448.435,0.27520000000004075,447.85,449.60499999999996,2,2,2023-08-09T18:20:00+00:00,448.45,2023-08-09T19:07:00+00:00,447.83000000000004,STOP_LOSS,-1.2399999999998954,0.358512,0.06999999999993634,-1.5985119999998953,-1.0598290598290074,-1.366249572649531,4.905534361200096,1.169999999999959,0.005,0.0011925306336186064,,HYP-FCR-04,stress,981.1068722400191,979.5083602400192,27.520000000004075,0.30737142857143696,0.8953337051497642,1,1,16.999999999995907,0.5849999999999795,5.0,447.74,0.11000000000001364,2,2023,14
QQQ,2023-08-10,short,373.98,370.3214,2023-08-10T14:15:00+00:00,2023-08-10T14:40:00+00:00,372.23,0.5409000000000219,374.27,368.1500000000001,2,2,2023-08-10T14:45:00+00:00,372.17,2023-08-10T17:38:00+00:00,368.1700000000001,TAKE_PROFIT,7.999999999999886,0.29613600000000007,0.15999999999996817,7.703863999999887,1.9607843137254972,1.8882019607843197,4.904673187100123,4.079999999999927,0.005,0.004159298534641223,,HYP-FCR-04,stress,980.9346374200245,988.6385014200243,54.09000000000219,0.7781999999999901,0.695065535852003,5,5,27.99999999999727,2.0399999999999636,25.0,373.68,0.589999999999975,6,2023,10
SPY,2023-08-10,short,451.23,447.99,2023-08-10T14:30:00+00:00,2023-08-10T14:40:00+00:00,449.81,0.4300000000000068,451.32,446.79,2,2,2023-08-10T14:45:00+00:00,449.78000000000003,2023-08-10T16:25:00+00:00,446.81,TAKE_PROFIT,5.940000000000055,0.358636,0.09999999999990905,5.581364000000055,1.9668874172185729,1.8481337748344664,4.897541801200096,3.019999999999982,0.005,0.0030831794016132332,,HYP-FCR-04,stress,979.5083602400192,985.0897242400192,43.00000000000068,0.6331000000000009,0.6791975991154734,2,2,7.999999999998408,1.509999999999991,10.0,451.11,0.20999999999997954,3,2023,10
QQQ,2023-08-11,short,366.608,365.05,2023-08-11T14:50:00+00:00,2023-08-11T14:55:00+00:00,366.23,0.2999999999999545,367.0799,364.53020000000004,2,2,2023-08-11T15:00:00+00:00,366.21000000000004,2023-08-11T18:32:00+00:00,367.0999,STOP_LOSS,-1.7797999999999092,0.29332396,0.07999999999992724,-2.073123959999909,-1.0470643605129593,-1.2196281680197265,4.943192507100122,1.699799999999982,0.005,0.0017193342132220074,,HYP-FCR-04,stress,988.6385014200243,986.5653774600245,29.999999999995453,0.7647642857142907,0.3922777326346434,1,1,46.19000000000142,0.849899999999991,5.0,367.1295,0.04959999999999809,2,2023,11
QQQ,2023-08-15,long,370.169,368.1399,2023-08-15T15:50:00+00:00,2023-08-15T16:00:00+00:00,368.5508,0.08000000000004093,368.09000000000003,369.4723999999999,2,2,2023-08-15T16:05:00+00:00,368.58,2023-08-15T16:09:00+00:00,368.07000000000005,STOP_LOSS,-1.0199999999998681,0.29466000000000003,0.09839999999996962,-1.314659999999868,-1.1067708333333122,-1.4264973958333473,4.932826887300123,0.9215999999998985,0.005,0.000934149952000765,,HYP-FCR-04,stress,986.5653774600245,985.2507174600246,8.000000000004093,0.456700000000004,0.1751696956427419,2,2,3.9899999999988722,0.46079999999994925,10.0,368.17,0.07999999999998408,3,2023,12
QQQ,2023-08-16,short,367.03,365.2,2023-08-16T14:20:00+00:00,2023-08-16T14:30:00+00:00,366.5,0.05000000000001137,367.44,364.62,2,2,2023-08-16T14:35:00+00:00,366.46000000000004,2023-08-16T16:10:00+00:00,364.64,TAKE_PROFIT,3.6400000000001,0.29244000000000003,0.11999999999989086,3.3475600000001,1.9361702127660154,1.7806170212766532,4.926253587300123,1.8799999999999955,0.005,0.0019081437513150295,,HYP-FCR-04,stress,985.2507174600246,988.5982774600246,5.000000000001137,0.7470384615384572,0.06693095814242409,2,2,40.00000000000341,0.9399999999999977,10.0,367.25,0.18999999999999773,3,2023,10
SPY,2023-08-17,long,441.43,439.8,2023-08-17T14:45:00+00:00,2023-08-17T14:50:00+00:00,440.5278,0.12999999999999545,439.69,442.20340000000004,2,2,2023-08-17T14:55:00+00:00,440.53999999999996,2023-08-17T15:03:00+00:00,439.67,STOP_LOSS,-1.7399999999998954,0.352084,0.06439999999986412,-2.0920839999998955,-1.0384339937931863,-1.2485581284315208,4.925448621200096,1.6756000000000313,0.005,0.001700961809638944,,HYP-FCR-04,stress,985.0897242400192,982.9976402400193,12.999999999999545,0.5262857142857139,0.24701411509228252,1,1,10.000000000002274,0.8378000000000156,5.0,439.71930000000003,0.029300000000034743,2,2023,10
QQQ,2023-08-17,long,364.31,361.87,2023-08-17T16:20:00+00:00,2023-08-17T16:25:00+00:00,362.655,0.2599999999999909,361.7,364.56499999999994,2,2,2023-08-17T16:30:00+00:00,362.68,2023-08-17T17:30:00+00:00,361.68,STOP_LOSS,-2.0,0.289744,0.09000000000003183,-2.289744,-1.047120418848185,-1.1988188481675592,4.942991387300124,1.9099999999999682,0.005,0.0019320284523530356,,HYP-FCR-04,stress,988.5982774600246,986.3085334600246,25.99999999999909,0.5834785714285796,0.445603339576655,1,1,16.0000000000025,0.9549999999999841,5.0,361.825,0.125,2,2023,12
QQQ,2023-08-18,long,356.83,355.02,2023-08-18T14:15:00+00:00,2023-08-18T14:40:00+00:00,356.75,0.410000000000025,354.7,360.85,2,2,2023-08-18T14:45:00+00:00,356.78999999999996,2023-08-18T19:59:00+00:00,358.12,FORCED_SESSION_CLOSE,2.660000000000082,0.285964,0.11999999999989086,2.374036000000082,0.6487804878048944,0.5790331707317241,4.931542667300123,4.100000000000023,0.005,0.004156914252396253,,HYP-FCR-04,stress,986.3085334600246,988.6825694600246,41.0000000000025,0.8049357142857089,0.5093574464686966,5,5,31.000000000000227,2.0500000000000114,25.0,355.36,0.660000000000025,6,2023,10
QQQ,2023-08-21,short,362.16,359.55,2023-08-21T14:10:00+00:00,2023-08-21T14:15:00+00:00,361.53,0.4300000000000068,362.4,359.78999999999996,2,2,2023-08-21T14:20:00+00:00,361.535,2023-08-21T15:10:00+00:00,359.80999999999995,TAKE_PROFIT,3.450000000000159,0.288538,0.05000000000006821,3.161462000000159,1.9827586206897363,1.816932183908128,4.943412847300123,1.740000000000009,0.005,0.0017599177468561231,,HYP-FCR-04,stress,988.6825694600246,991.8440314600248,43.00000000000068,0.6650399999999991,0.646577649464705,1,1,22.999999999996135,0.8700000000000045,5.0,362.36,0.03999999999996362,2,2023,10
SPY,2023-08-21,short,438.71,437.33,2023-08-21T14:05:00+00:00,2023-08-21T14:15:00+00:00,437.82,0.5399999999999636,438.9,435.66,2,2,2023-08-21T14:20:00+00:00,437.8,2023-08-21T15:42:00+00:00,435.68,TAKE_PROFIT,4.240000000000009,0.34939200000000004,0.07999999999992724,3.890608000000009,1.962962962962996,1.8012074074074382,4.914988201200097,2.159999999999968,0.005,0.002197360310521762,,HYP-FCR-04,stress,982.9976402400193,986.8882482400194,53.99999999999636,0.6009999999999991,0.898502495840207,2,2,18.000000000000682,1.079999999999984,10.0,438.59,0.3100000000000023,3,2023,10
QQQ,2023-08-22,long,366.56,364.25,2023-08-22T14:45:00+00:00,2023-08-22T14:55:00+00:00,365.465,0.5999999999999659,364.041,368.31299999999993,2,2,2023-08-22T15:00:00+00:00,365.49,2023-08-22T15:52:00+00:00,364.021,STOP_LOSS,-2.937999999999988,0.2918044,0.09000000000003183,-3.2298043999999884,-1.0316011235955174,-1.1340605337078784,4.959220157300124,2.8479999999999563,0.005,0.0028714192046985585,,HYP-FCR-04,stress,991.8440314600248,988.6142270600247,59.99999999999659,0.689935714285716,0.8696462403328987,2,2,19.900000000001228,1.4239999999999782,10.0,364.26,0.2189999999999941,3,2023,11
SPY,2023-08-22,long,441.18,439.58,2023-08-22T14:50:00+00:00,2023-08-22T14:55:00+00:00,439.7606,0.3100000000000023,439.13,441.02180000000004,2,2,2023-08-22T15:00:00+00:00,439.78999999999996,2023-08-22T15:08:00+00:00,439.11,STOP_LOSS,-1.3599999999999,0.35156,0.09879999999986921,-1.7115599999999,-1.0783380907071574,-1.357088487154978,4.934441241200097,1.2612000000000307,0.005,0.0012779562450451801,,HYP-FCR-04,stress,986.8882482400194,985.1766882400195,31.000000000000227,0.5662571428571539,0.5474544628891401,1,1,43.99999999999977,0.6306000000000154,5.0,439.12,0.009999999999990905,2,2023,11
QQQ,2023-08-25,long,363.495,361.98,2023-08-25T18:10:00+00:00,2023-08-25T18:15:00+00:00,363.1299,0.009999999999990905,361.85,365.6897,2,2,2023-08-25T18:20:00+00:00,363.145,2023-08-25T19:59:00+00:00,364.05,FORCED_SESSION_CLOSE,1.8100000000000591,0.29087799999999997,0.07019999999988613,1.5191220000000591,0.707086491132144,0.5934533947964926,4.943071135300124,2.5597999999999956,0.005,0.0025892809651469587,,HYP-FCR-04,stress,988.6142270600247,990.1333490600248,0.9999999999990905,0.6454857142857163,0.015492209631713907,1,1,12.000000000000455,1.2798999999999978,5.0,361.735,0.1150000000000091,2,2023,14
SPY,2023-08-28,short,443.209,441.785,2023-08-28T14:30:00+00:00,2023-08-28T14:40:00+00:00,442.25,0.29359999999996944,443.24,440.27,2,2,2023-08-28T14:45:00+00:00,442.23,2023-08-28T17:05:00+00:00,443.26,STOP_LOSS,-2.0599999999999454,0.354196,0.07999999999992724,-2.4141959999999454,-1.0404040404040034,-1.2192909090908703,4.925883441200098,1.9800000000000182,0.005,0.002009791769979061,,HYP-FCR-04,stress,985.1766882400195,982.7624922400196,29.359999999996944,0.5703428571428658,0.5147780783488014,2,2,2.1000000000015007,0.9900000000000091,10.0,443.18,0.060000000000002274,3,2023,10
QQQ,2023-08-28,long,367.71,364.71,2023-08-28T16:30:00+00:00,2023-08-28T16:40:00+00:00,365.56,0.2300000000000182,364.54,367.59999999999997,2,2,2023-08-28T16:45:00+00:00,365.58,2023-08-28T19:59:00+00:00,366.83000000000004,FORCED_SESSION_CLOSE,2.5000000000001137,0.29296400000000006,0.07999999999992724,2.2070360000001137,1.225490196078509,1.0818803921569378,4.950666745300124,2.0399999999999636,0.005,0.002060328542550982,,HYP-FCR-04,stress,990.1333490600248,992.3403850600249,23.00000000000182,0.4898642857142842,0.4695177964742807,2,2,15.999999999996817,1.0199999999999818,10.0,364.75,0.20999999999997954,3,2023,12
QQQ,2023-08-30,short,376.3239,374.13,2023-08-30T14:15:00+00:00,2023-08-30T14:20:00+00:00,374.7799,0.4300000000000068,377.08,370.1797,2,2,2023-08-30T14:25:00+00:00,374.76,2023-08-30T16:15:00+00:00,377.09999999999997,STOP_LOSS,-4.67999999999995,0.30074399999999996,0.07979999999997744,-4.98074399999995,-1.0173470718664357,-1.082723359853915,4.961701925300125,4.6001999999999725,0.005,0.004635707736233787,,HYP-FCR-04,stress,992.3403850600249,987.359641060025,43.00000000000068,0.911718181818189,0.4716369691591339,1,1,74.61000000000126,2.3000999999999863,5.0,377.03999999999996,0.040000000000020464,2,2023,10
SPY,2023-08-30,short,451.3383,449.4501,2023-08-30T14:15:00+00:00,2023-08-30T14:20:00+00:00,449.8187,0.48099999999999454,451.57,446.31609999999995,2,2,2023-08-30T14:25:00+00:00,449.78000000000003,2023-08-30T16:34:00+00:00,451.59,STOP_LOSS,-3.619999999999891,0.36054800000000004,0.11739999999986139,-3.980547999999891,-1.0335179580882374,-1.1364552047050356,4.913812461200098,3.5026000000000295,0.005,0.003564035082389562,,HYP-FCR-04,stress,982.7624922400196,978.7819442400197,48.099999999999454,0.6929272727272798,0.6941565427304303,1,1,22.169999999999845,1.7513000000000147,5.0,451.53,0.040000000000020464,2,2023,10
SPY,2023-08-31,short,452.55,451.39,2023-08-31T14:45:00+00:00,2023-08-31T14:50:00+00:00,452.26,0.06999999999999318,452.57,451.64,2,2,2023-08-31T14:55:00+00:00,452.23,2023-08-31T15:23:00+00:00,451.65999999999997,TAKE_PROFIT,1.1400000000001,0.361556,0.09999999999990905,0.7784440000001001,1.8387096774195026,1.2555548387098296,4.893909721200099,0.6200000000000045,0.005,0.0006334403731583001,,HYP-FCR-04,stress,978.7819442400197,979.5603882400198,6.999999999999318,0.4792000000000038,0.14607679465774756,1,1,0.9999999999990905,0.3100000000000023,5.0,452.75,0.18000000000000682,2,2023,10
QQQ,2023-08-31,short,378.775,376.86,2023-08-31T16:15:00+00:00,2023-08-31T16:20:00+00:00,377.69,0.30000000000001137,378.82,375.43,2,2,2023-08-31T16:25:00+00:00,377.66,2023-08-31T17:26:00+00:00,378.84,STOP_LOSS,-2.3599999999999,0.30260000000000004,0.09999999999990905,-2.6625999999999,-1.0442477876105793,-1.1781415929203145,4.936798205300125,2.259999999999991,0.005,0.0022889329338736846,,HYP-FCR-04,stress,987.359641060025,984.6970410600251,30.000000000001137,0.5083714285714304,0.5901197099983342,1,1,3.500000000002501,1.1299999999999955,5.0,378.99,0.17000000000001592,2,2023,12
QQQ,2023-09-01,long,380.83,377.15,2023-09-01T15:15:00+00:00,2023-09-01T15:20:00+00:00,377.66,0.13999999999998636,376.92,379.14000000000004,2,2,2023-09-01T15:25:00+00:00,377.66999999999996,2023-09-01T15:45:00+00:00,376.90000000000003,STOP_LOSS,-1.53999999999985,0.301828,0.059999999999831743,-1.84182799999985,-1.0405405405404264,-1.2444783783782616,4.923485205300126,1.4800000000000182,0.005,0.001503000352683908,,HYP-FCR-04,stress,984.6970410600251,982.8552130600252,13.999999999998636,0.6535000000000041,0.2142310635041859,1,1,21.999999999997044,0.7400000000000091,5.0,376.98,0.060000000000002274,2,2023,11
QQQ,2023-09-05,long,377.36,375.9,2023-09-05T14:05:00+00:00,2023-09-05T14:10:00+00:00,376.53,0.08999999999997499,375.85,377.8899999999999,2,2,2023-09-05T14:15:00+00:00,376.57,2023-09-05T14:52:00+00:00,377.8699999999999,TAKE_PROFIT,2.5999999999997954,0.30177599999999993,0.12000000000000455,2.2982239999997955,1.911764705882343,1.689870588235268,4.914276065300126,1.3599999999999,0.005,0.0013837236471134651,,HYP-FCR-04,stress,982.8552130600252,985.153437060025,8.999999999997499,0.8141999999999965,0.11053795136327116,1,1,3.999999999996362,0.67999999999995,5.0,375.8801,0.030100000000004457,2,2023,10
SPY,2023-09-05,long,450.93,449.38,2023-09-05T14:35:00+00:00,2023-09-05T14:50:00+00:00,450.17,0.13999999999998636,449.22,452.07,2,2,2023-09-05T14:55:00+00:00,450.19,2023-09-05T19:59:00+00:00,449.20000000000005,STOP_LOSS,-1.9799999999999045,0.3597560000000001,0.07999999999992724,-2.3397559999999045,-1.042105263157857,-1.231450526315754,4.8978019412000995,1.8999999999999773,0.005,0.0019396456030788618,,HYP-FCR-04,stress,979.5603882400198,977.22063224002,13.999999999998636,0.5042857142857267,0.2776203966005327,3,3,14.999999999997726,0.9499999999999886,15.0,449.56,0.339999999999975,4,2023,10
SPY,2023-09-07,long,444.4,442.805,2023-09-07T14:35:00+00:00,2023-09-07T14:45:00+00:00,444.25,0.3050000000000068,442.79,447.16999999999996,2,2,2023-09-07T14:50:00+00:00,444.27,2023-09-07T19:59:00+00:00,444.82,FORCED_SESSION_CLOSE,1.1000000000000227,0.355636,0.07999999999992724,0.7443640000000227,0.37671232876713634,0.2549191780822031,4.8861031612001,2.919999999999959,0.005,0.0029880662602329946,,HYP-FCR-04,stress,977.22063224002,977.96499624002,30.500000000000682,0.6058214285714273,0.5034486824264699,2,2,0.49999999999954525,1.4599999999999795,10.0,442.81,0.01999999999998181,3,2023,10
QQQ,2023-09-07,short,371.16,369.15,2023-09-07T15:40:00+00:00,2023-09-07T15:45:00+00:00,370.69,0.339999999999975,371.46999999999997,369.13000000000005,2,2,2023-09-07T15:50:00+00:00,370.68240000000003,2023-09-07T16:19:00+00:00,371.48999999999995,STOP_LOSS,-1.6151999999998452,0.29686895999999996,0.055199999999899774,-1.912068959999845,-1.0353846153845523,-1.2256852307691743,4.925767185300125,1.5599999999999454,0.005,0.001583509676071805,,HYP-FCR-04,stress,985.153437060025,983.2413681000252,33.9999999999975,0.5770571428571551,0.5891964153091485,1,1,29.999999999995453,0.7799999999999727,5.0,371.53,0.060000000000002274,2,2023,11
QQQ,2023-09-08,short,374.4,371.92,2023-09-08T14:30:00+00:00,2023-09-08T14:35:00+00:00,373.96,0.03000000000002956,374.78,372.32,2,2,2023-09-08T14:40:00+00:00,373.92,2023-09-08T18:14:00+00:00,372.34,TAKE_PROFIT,3.160000000000082,0.298504,0.11999999999989086,2.861496000000082,1.9268292682927488,1.744814634146406,4.916206840500126,1.6399999999999864,0.005,0.0016679526037122038,,HYP-FCR-04,stress,983.2413681000252,986.1028641000253,3.000000000002956,0.7549999999999873,0.03973509933778816,1,1,37.000000000000455,0.8199999999999932,5.0,374.61,0.16999999999995907,2,2023,10
SPY,2023-09-08,short,446.1,444.8,2023-09-08T16:45:00+00:00,2023-09-08T16:50:00+00:00,445.82,0.08999999999997499,446.24,444.97999999999996,2,2,2023-09-08T16:55:00+00:00,445.79,2023-09-08T18:39:00+00:00,444.99999999999994,TAKE_PROFIT,1.5800000000001546,0.356316,0.09999999999990905,1.2236840000001545,1.8809523809524937,1.4567666666667953,4.8898249812001,0.8400000000000318,0.005,0.000858926447500246,,HYP-FCR-04,stress,977.96499624002,979.1886802400202,8.999999999997499,0.33317142857142457,0.2701312065859843,1,1,12.999999999999545,0.4200000000000159,5.0,446.1384,0.10160000000001901,2,2023,12
QQQ,2023-09-11,long,376.31,374.0,2023-09-11T14:20:00+00:00,2023-09-11T14:25:00+00:00,374.65,0.020000000000038654,373.8001,376.34979999999996,2,2,2023-09-11T14:30:00+00:00,374.68,2023-09-11T14:31:00+00:00,373.7801,STOP_LOSS,-1.7998000000000047,0.29938404,0.10000000000002274,-2.099184040000005,-1.058830450641266,-1.2349594305212537,4.9305143205001265,1.699799999999982,0.005,0.001723755261122092,,HYP-FCR-04,stress,986.1028641000253,984.0036800600253,2.0000000000038654,0.7485333333333273,0.026718916993283062,1,1,18.990000000002283,0.849899999999991,5.0,373.87,0.06990000000001828,2,2023,10
SPY,2023-09-11,long,448.77,446.93,2023-09-11T14:15:00+00:00,2023-09-11T14:25:00+00:00,447.8,0.15999999999996817,446.8,449.8,2,2,2023-09-11T14:30:00+00:00,447.82,2023-09-11T14:57:00+00:00,446.78000000000003,STOP_LOSS,-2.0799999999999272,0.35784000000000005,0.07999999999992724,-2.437839999999927,-1.0399999999999636,-1.2189199999999636,4.895943401200101,2.0,0.005,0.0020425072719486067,,HYP-FCR-04,stress,979.1886802400202,976.7508402400202,15.999999999996817,0.5099166666666642,0.31377676090858425,2,2,12.000000000000455,1.0,10.0,446.89,0.08999999999997499,3,2023,10
SPY,2023-09-12,long,447.82,446.79,2023-09-12T15:30:00+00:00,2023-09-12T15:35:00+00:00,446.87,0.10050000000001091,446.72,447.16999999999996,2,2,2023-09-12T15:40:00+00:00,446.89,2023-09-12T15:52:00+00:00,447.15,TAKE_PROFIT,0.5199999999999818,0.357616,0.07999999999992724,0.16238399999998182,1.7333333333335355,0.5412800000000214,4.883754201200102,0.2999999999999545,0.005,0.00030714076470744013,,HYP-FCR-04,stress,976.7508402400202,976.9132242400202,10.050000000001091,0.3817499999999906,0.26326129666015297,1,1,6.000000000000227,0.14999999999997726,5.0,446.41,0.3100000000000023,2,2023,11
QQQ,2023-09-12,long,376.675,374.93,2023-09-12T17:20:00+00:00,2023-09-12T17:25:00+00:00,375.31,0.5,374.73,376.46999999999997,2,2,2023-09-12T17:30:00+00:00,375.33,2023-09-12T17:42:00+00:00,374.71000000000004,STOP_LOSS,-1.2399999999998954,0.300016,0.07999999999992724,-1.5400159999998955,-1.0689655172413184,-1.3275999999999464,4.920018400300127,1.1599999999999682,0.005,0.0011788573798110257,,HYP-FCR-04,stress,984.0036800600253,982.4636640600254,50.0,0.3698999999999931,1.3517166801838585,1,1,18.999999999999773,0.5799999999999841,5.0,374.4012,0.3288000000000011,2,2023,13
QQQ,2023-09-13,long,374.44,372.78,2023-09-13T14:20:00+00:00,2023-09-13T14:25:00+00:00,373.5182,0.5199999999999818,372.13,376.29459999999995,2,2,2023-09-13T14:30:00+00:00,373.56,2023-09-13T19:59:00+00:00,374.22,FORCED_SESSION_CLOSE,1.32000000000005,0.299112,0.12360000000001037,1.02088800000005,0.47543581616484143,0.36770206022189245,4.912318320300127,2.776399999999967,0.005,0.002825956930077709,,HYP-FCR-04,stress,982.4636640600254,983.4845520600254,51.99999999999818,0.895716666666677,0.5805407215823186,1,1,63.999999999998636,1.3881999999999834,5.0,372.17,0.040000000000020464,2,2023,10
SPY,2023-09-13,long,447.26,445.99,2023-09-13T14:25:00+00:00,2023-09-13T14:30:00+00:00,446.37,0.2400000000000091,445.725,447.65999999999997,2,2,2023-09-13T14:35:00+00:00,446.39,2023-09-13T17:45:00+00:00,447.64,TAKE_PROFIT,2.5,0.357612,0.07999999999992724,2.142388,1.9379844961240857,1.660765891472915,4.884566121200101,1.2899999999999636,0.005,0.0013204857586030798,,HYP-FCR-04,stress,976.9132242400202,979.0556122400202,24.00000000000091,0.6469846153846106,0.37095163361394173,1,1,25.499999999999545,0.6449999999999818,5.0,445.23,0.49500000000000455,2,2023,10
QQQ,2023-09-14,long,376.44,374.0,2023-09-14T14:20:00+00:00,2023-09-14T14:30:00+00:00,375.61,0.11000000000001364,373.88,379.07000000000005,2,2,2023-09-14T14:35:00+00:00,375.64,2023-09-14T19:59:00+00:00,377.26,FORCED_SESSION_CLOSE,3.240000000000009,0.30116,0.09999999999990905,2.9388400000000092,0.936416184971091,0.8493757225433464,4.917422760300127,3.4600000000000364,0.005,0.0035181030477323258,,HYP-FCR-04,stress,983.4845520600254,986.4233920600254,11.000000000001364,0.8386461538461538,0.13116378045202684,2,2,11.000000000001364,1.7300000000000182,10.0,374.03000000000003,0.1500000000000341,3,2023,10
SPY,2023-09-14,long,449.31,448.0696,2023-09-14T14:20:00+00:00,2023-09-14T14:30:00+00:00,448.765,0.040000000000020464,447.705,450.885,2,2,2023-09-14T14:35:00+00:00,448.78999999999996,2023-09-14T19:04:00+00:00,450.865,TAKE_PROFIT,4.150000000000091,0.359862,0.08999999999991815,3.790138000000091,1.9575471698113596,1.7878009433962654,4.895278061200101,2.1200000000000045,0.005,0.0021653519713242565,,HYP-FCR-04,stress,979.0556122400202,982.8457502400203,4.000000000002046,0.5811846153846082,0.06882494639599128,2,2,35.46000000000049,1.0600000000000023,10.0,447.86,0.15500000000002956,3,2023,10
QQQ,2023-09-18,short,371.2,369.03,2023-09-18T14:20:00+00:00,2023-09-18T14:40:00+00:00,369.96,0.015000000000043201,371.33,367.21999999999997,2,2,2023-09-18T14:45:00+00:00,369.93,2023-09-18T15:31:00+00:00,371.34999999999997,STOP_LOSS,-2.839999999999918,0.296512,0.09999999999990905,-3.136511999999918,-1.0364963503649303,-1.1447124087590903,4.932116960300127,2.740000000000009,0.005,0.002777711905511336,,HYP-FCR-04,stress,986.4233920600254,983.2868800600255,1.50000000000432,0.6752928571428478,0.022212585016089074,4,4,12.000000000000455,1.3700000000000045,20.0,370.5,0.8299999999999841,5,2023,10
SPY,2023-09-18,short,443.76,442.56,2023-09-18T15:00:00+00:00,2023-09-18T15:10:00+00:00,443.45,0.023000000000024556,443.84999999999997,442.65000000000003,2,2,2023-09-18T15:15:00+00:00,443.42,2023-09-18T15:19:00+00:00,443.86999999999995,STOP_LOSS,-0.8999999999998636,0.354916,0.09999999999990905,-1.2549159999998636,-1.1249999999998934,-1.5686449999999186,4.914228751200102,0.7999999999999545,0.005,0.0008139629232812849,,HYP-FCR-04,stress,982.8457502400203,981.5908342400204,2.3000000000024556,0.40887857142856127,0.05625141938758482,2,2,7.999999999998408,0.39999999999997726,10.0,443.68,0.16999999999995907,3,2023,11
QQQ,2023-09-19,long,369.765,368.09,2023-09-19T17:00:00+00:00,2023-09-19T17:05:00+00:00,368.54,0.18000000000000682,367.98,369.66,2,2,2023-09-19T17:10:00+00:00,368.54999999999995,2023-09-19T17:47:00+00:00,369.64000000000004,TAKE_PROFIT,2.1800000000001774,0.29527600000000004,0.059999999999831743,1.8847240000001773,1.946428571428722,1.682789285714437,4.916434400300128,1.1200000000000045,0.005,0.0011390368596514106,,HYP-FCR-04,stress,983.2868800600255,985.1716040600257,18.000000000000682,0.3392428571428598,0.5305933381058819,1,1,9.99999999999659,0.5600000000000023,5.0,367.82,0.160000000000025,2,2023,13
SPY,2023-09-19,long,443.25,442.15,2023-09-19T18:30:00+00:00,2023-09-19T18:35:00+00:00,443.03,0.1400000000000432,442.01,445.06999999999994,2,2,2023-09-19T18:40:00+00:00,443.03999999999996,2023-09-19T19:00:00+00:00,441.99,STOP_LOSS,-2.099999999999909,0.354012,0.05999999999994543,-2.454011999999909,-1.029411764705856,-1.2029470588235063,4.907954171200102,2.0399999999999636,0.005,0.0020782590146936307,,HYP-FCR-04,stress,981.5908342400204,979.1368222400205,14.00000000000432,0.3464928571428548,0.4040487332248898,1,1,12.999999999999545,1.0199999999999818,5.0,442.03000000000003,0.020000000000038654,2,2023,14
SPY,2023-09-20,short,444.42,443.44,2023-09-20T14:00:00+00:00,2023-09-20T14:15:00+00:00,443.623,0.13999999999998636,444.445,441.979,2,2,2023-09-20T14:20:00+00:00,443.6,2023-09-20T18:01:00+00:00,441.99899999999997,TAKE_PROFIT,3.202000000000112,0.3542396,0.08599999999989905,2.8477604000001118,1.9476885644769473,1.7322143552312057,4.895684111200103,1.6440000000000055,0.005,0.0016790298992524293,,HYP-FCR-04,stress,979.1368222400205,981.9845826400206,13.999999999998636,0.4184300000000121,0.3345840403412334,3,3,1.4999999999986358,0.8220000000000027,15.0,444.09999999999997,0.3450000000000273,4,2023,10
QQQ,2023-09-21,long,361.6,359.435,2023-09-21T14:05:00+00:00,2023-09-21T14:10:00+00:00,360.0,0.01999999999998181,359.40000000000003,361.19999999999993,2,2,2023-09-21T14:15:00+00:00,360.0,2023-09-21T14:19:00+00:00,361.17999999999995,TAKE_PROFIT,2.3599999999999,0.288472,0.03999999999996362,2.0715279999999,1.966666666666695,1.726273333333348,4.9258580203001285,1.1999999999999318,0.005,0.0012180619041947303,,HYP-FCR-04,stress,985.1716040600257,987.2431320600257,1.999999999998181,0.8249888888888867,0.024242750744095782,1,1,2.4999999999977263,0.5999999999999659,5.0,359.46000000000004,0.060000000000002274,2,2023,10
SPY,2023-09-21,long,435.97,434.11,2023-09-21T14:05:00+00:00,2023-09-21T14:10:00+00:00,434.68,0.12999999999999545,434.0,436.04,2,2,2023-09-21T14:15:00+00:00,434.69,2023-09-21T15:13:00+00:00,433.98,STOP_LOSS,-1.419999999999959,0.34746800000000005,0.05999999999994543,-1.7674679999999592,-1.044117647058783,-1.2996088235293688,4.909922913200103,1.3600000000000136,0.005,0.0013849504605700793,,HYP-FCR-04,stress,981.9845826400206,980.2171146400206,12.999999999999545,0.6188888888888945,0.2100538599640841,1,1,10.000000000002274,0.6800000000000068,5.0,434.05,0.05000000000001137,2,2023,10
SPY,2023-09-22,short,432.64,431.67,2023-09-22T14:10:00+00:00,2023-09-22T14:15:00+00:00,432.445,0.0835999999999899,432.92109999999997,431.49280000000005,2,2,2023-09-22T14:20:00+00:00,432.43,2023-09-22T14:24:00+00:00,432.94109999999995,STOP_LOSS,-1.0221999999998843,0.34614844,0.06999999999993634,-1.3683484399998842,-1.0735139676537915,-1.4370388993908412,4.901085573200103,0.952199999999948,0.005,0.0009714174398491688,,HYP-FCR-04,stress,980.2171146400206,978.8487662000207,8.35999999999899,0.6017799999999965,0.13892120043868256,1,1,27.10999999999899,0.476099999999974,5.0,432.86,0.061099999999953525,2,2023,10
QQQ,2023-09-22,short,359.94,358.44,2023-09-22T17:25:00+00:00,2023-09-22T17:40:00+00:00,359.175,0.040000000000020464,359.96999999999997,357.5850000000001,2,2,2023-09-22T17:45:00+00:00,359.15000000000003,2023-09-22T19:08:00+00:00,359.98999999999995,STOP_LOSS,-1.6799999999998363,0.287656,0.08999999999991815,-1.9676559999998364,-1.056603773584857,-1.2375194968553067,4.936215660300128,1.5899999999999181,0.005,0.001610545516464777,,HYP-FCR-04,stress,987.2431320600257,985.2754760600259,4.000000000002046,0.3789428571428622,0.10555681218432462,3,3,1.999999999998181,0.7949999999999591,15.0,359.8,0.16999999999995907,4,2023,13
QQQ,2023-09-25,short,358.68,355.93,2023-09-25T16:40:00+00:00,2023-09-25T16:45:00+00:00,358.42,0.009999999999990905,358.88009999999997,357.4998000000001,2,2,2023-09-25T16:50:00+00:00,358.40000000000003,2023-09-25T17:08:00+00:00,358.90009999999995,STOP_LOSS,-1.000199999999836,0.28692004,0.07999999999992724,-1.2871200399998362,-1.0869376222559608,-1.398739447946059,4.92637738030013,0.9201999999999089,0.005,0.0009339519985615145,,HYP-FCR-04,stress,985.2754760600259,983.988356020026,0.9999999999990905,0.4020071428571441,0.024875179900831938,1,1,19.009999999997262,0.46009999999995443,5.0,359.15999999999997,0.2798999999999978,2,2023,12
SPY,2023-09-25,short,430.76,428.72,2023-09-25T19:00:00+00:00,2023-09-25T19:05:00+00:00,430.03,0.44999999999998863,431.01,428.06999999999994,2,2,2023-09-25T19:10:00+00:00,430.005,2023-09-25T19:16:00+00:00,431.03,STOP_LOSS,-2.0499999999999545,0.344414,0.08999999999991815,-2.3944139999999545,-1.0459183673468961,-1.2216397959183214,4.894243831000104,1.9600000000000364,0.005,0.0020023522199541953,,HYP-FCR-04,stress,978.8487662000207,976.4543522000207,44.99999999999886,0.4182214285714281,1.075985038684198,1,1,24.00000000000091,0.9800000000000182,5.0,431.07,0.060000000000002274,2,2023,15
QQQ,2023-09-27,long,356.63,355.28,2023-09-27T19:00:00+00:00,2023-09-27T19:05:00+00:00,356.2701,0.5600000000000023,354.84000000000003,359.1303,2,2,2023-09-27T19:10:00+00:00,356.32,2023-09-27T19:40:00+00:00,354.82000000000005,STOP_LOSS,-2.9999999999998863,0.28445600000000004,0.13979999999992287,-3.2844559999998864,-1.0488777008600534,-1.1483308859520063,4.91994178010013,2.8601999999999634,0.005,0.002906741713457586,,HYP-FCR-04,stress,983.988356020026,980.7039000200261,56.00000000000023,0.6415785714285798,0.8728471070239621,1,1,42.999999999995,1.4300999999999817,5.0,355.0,0.15999999999996817,2,2023,15
SPY,2023-09-27,long,427.67,426.64,2023-09-27T19:05:00+00:00,2023-09-27T19:10:00+00:00,426.75,0.020000000000038654,426.52,427.21000000000004,2,2,2023-09-27T19:15:00+00:00,426.76,2023-09-27T19:15:00+00:00,426.5,STOP_LOSS,-0.5199999999999818,0.341304,0.05999999999994543,-0.8613039999999819,-1.1304347826085668,-1.8723999999998124,4.882271761000104,0.4600000000000364,0.005,0.00047109217032380865,,HYP-FCR-04,stress,976.4543522000207,975.5930482000207,2.0000000000038654,0.6745642857142887,0.02964876798785882,1,1,11.000000000001364,0.2300000000000182,5.0,425.875,0.6449999999999818,2,2023,15
QQQ,2023-09-29,short,362.55,360.87,2023-09-29T14:05:00+00:00,2023-09-29T14:25:00+00:00,361.04,0.3100000000000023,362.76,357.6000000000001,2,2,2023-09-29T14:30:00+00:00,361.03000000000003,2023-09-29T17:15:00+00:00,357.62000000000006,TAKE_PROFIT,6.819999999999936,0.28746000000000005,0.05999999999994543,6.532539999999936,1.9825581395348992,1.8989941860465256,4.90351950010013,3.439999999999941,0.005,0.003507684633383935,,HYP-FCR-04,stress,980.7039000200261,987.2364400200261,31.000000000000227,0.7384083333333488,0.4198219142524969,4,4,19.999999999998863,1.7199999999999704,20.0,362.15999999999997,0.6000000000000227,5,2023,10
SPY,2023-10-02,short,427.75,426.195,2023-10-02T15:35:00+00:00,2023-10-02T15:40:00+00:00,426.8108,0.4300000000000068,428.24,423.9523999999999,2,2,2023-10-02T15:45:00+00:00,426.79,2023-10-02T19:59:00+00:00,427.38,FORCED_SESSION_CLOSE,-1.17999999999995,0.341668,0.08159999999986667,-1.52166799999995,-0.41281835992160626,-0.5323495661908447,4.877965241000104,2.858400000000074,0.005,0.0029299101764550823,,HYP-FCR-04,stress,975.5930482000207,974.0713802000207,43.00000000000068,0.7414214285714341,0.5799670517057053,1,1,48.00000000000182,1.429200000000037,5.0,428.3382,0.09819999999996298,2,2023,11
QQQ,2023-10-02,short,360.63,357.92,2023-10-02T15:50:00+00:00,2023-10-02T15:55:00+00:00,359.63,0.4449999999999932,360.68,357.53,2,2,2023-10-02T16:00:00+00:00,359.62,2023-10-02T19:54:00+00:00,360.7,STOP_LOSS,-2.159999999999968,0.288128,0.05999999999994543,-2.448127999999968,-1.0285714285714023,-1.1657752380952102,4.936182200100131,2.1000000000000227,0.005,0.0021271500066969004,,HYP-FCR-04,stress,987.2364400200261,984.7883120200261,44.49999999999932,0.747414285714281,0.5953859974387836,1,1,4.000000000002046,1.0500000000000114,5.0,360.67,0.009999999999990905,2,2023,12
QQQ,2023-10-04,long,357.73,355.69,2023-10-04T14:30:00+00:00,2023-10-04T14:35:00+00:00,357.3,0.6555000000000177,355.41,361.08,2,2,2023-10-04T14:40:00+00:00,357.31,2023-10-04T19:59:00+00:00,359.74,FORCED_SESSION_CLOSE,4.860000000000014,0.28682,0.05999999999994543,4.573180000000014,1.2857142857142987,1.2098359788359914,4.923941560100131,3.7799999999999727,0.005,0.0038383883661721454,,HYP-FCR-04,stress,984.7883120200261,989.361492020026,65.55000000000177,1.000078571428568,0.6554485004749826,1,1,26.99999999999818,1.8899999999999864,5.0,355.41,0.0,2,2023,10
SPY,2023-10-04,long,423.37,421.91,2023-10-04T14:35:00+00:00,2023-10-04T14:40:00+00:00,422.02,0.07999999999998408,421.8197,422.4205999999999,2,2,2023-10-04T14:45:00+00:00,422.03499999999997,2023-10-04T14:46:00+00:00,421.79970000000003,STOP_LOSS,-0.4705999999998767,0.33753388,0.06999999999993634,-0.8081338799998767,-1.1747378931601267,-2.017308736894651,4.870356901000104,0.40059999999994034,0.005,0.00041126349479406643,,HYP-FCR-04,stress,974.0713802000207,973.2632463200208,7.999999999998408,0.8375071428571427,0.09552157337675392,1,1,8.030000000002246,0.20029999999997017,5.0,420.605,1.2146999999999935,2,2023,10
QQQ,2023-10-05,long,360.15,357.57,2023-10-05T17:35:00+00:00,2023-10-05T17:40:00+00:00,358.3,0.41060000000004493,357.535,359.83,2,2,2023-10-05T17:45:00+00:00,358.3499,2023-10-05T19:59:00+00:00,358.65000000000003,FORCED_SESSION_CLOSE,0.6002000000000862,0.28679996,0.13979999999992287,0.3134000400000862,0.39228758169940975,0.2048366274510404,4.94680746010013,1.5299999999999727,0.005,0.001546451941318334,,HYP-FCR-04,stress,989.361492020026,989.6748920600261,41.06000000000449,0.47353571428571073,0.8670940493250882,1,1,2.4999999999977263,0.7649999999999864,5.0,357.51,0.025000000000034106,2,2023,13
SPY,2023-10-05,long,425.26,423.33,2023-10-05T17:35:00+00:00,2023-10-05T17:40:00+00:00,423.99,0.36000000000001364,423.24,425.49,2,2,2023-10-05T17:45:00+00:00,424.018,2023-10-05T19:59:00+00:00,424.44,FORCED_SESSION_CLOSE,0.8440000000000509,0.3393832,0.09599999999988995,0.5046168000000509,0.5626666666667006,0.33641120000003394,4.866316231600104,1.5,0.005,0.0015412068684105859,,HYP-FCR-04,stress,973.2632463200208,973.7678631200208,36.000000000001364,0.489299999999998,0.7357449417535563,1,1,7.999999999998408,0.75,5.0,422.90500000000003,0.33499999999997954,2,2023,13
SPY,2023-10-06,long,423.0,421.0,2023-10-06T14:20:00+00:00,2023-10-06T14:25:00+00:00,422.99,0.46999999999997044,420.79,427.39,2,2,2023-10-06T14:30:00+00:00,423.01,2023-10-06T15:41:00+00:00,427.37,TAKE_PROFIT,8.720000000000027,0.340152,0.07999999999992724,8.379848000000027,1.9818181818181984,1.9045109090909251,4.868839315600105,4.399999999999977,0.005,0.004518530716244904,,HYP-FCR-04,stress,973.7678631200208,982.1477111200209,46.999999999997044,1.0479083333333346,0.4485125130219436,1,1,19.999999999998863,2.1999999999999886,5.0,421.31,0.5199999999999818,2,2023,10
QQQ,2023-10-09,short,363.529,360.78,2023-10-09T14:00:00+00:00,2023-10-09T14:05:00+00:00,362.52,0.3299999999999841,363.6297,360.3005999999999,2,2,2023-10-09T14:10:00+00:00,362.495,2023-10-09T16:08:00+00:00,363.6497,STOP_LOSS,-2.3093999999999824,0.29045788000000006,0.08999999999991815,-2.5998578799999823,-1.040551500405477,-1.1714237541677512,4.948374460300131,2.219400000000064,0.005,0.002242554618497336,,HYP-FCR-04,stress,989.6748920600261,987.0750341800261,32.99999999999841,1.0852750000000029,0.304070396903995,1,1,9.070000000002665,1.109700000000032,5.0,363.32,0.30970000000002074,2,2023,10
SPY,2023-10-09,short,429.09,427.35,2023-10-09T14:00:00+00:00,2023-10-09T14:05:00+00:00,428.16,0.2400000000000091,429.15,426.1800000000001,2,2,2023-10-09T14:10:00+00:00,428.1338,2023-10-09T16:07:00+00:00,429.16999999999996,STOP_LOSS,-2.0723999999999023,0.34292152,0.09239999999999782,-2.4153215199999023,-1.0466666666666677,-1.219859353535363,4.910738555600104,1.9799999999999045,0.005,0.002015990036510856,,HYP-FCR-04,stress,982.1477111200209,979.732389600021,24.00000000000091,0.731887499999992,0.32791924988473187,1,1,5.000000000001137,0.9899999999999523,5.0,428.86,0.2899999999999636,2,2023,10
QQQ,2023-10-11,long,371.412,369.74,2023-10-11T14:45:00+00:00,2023-10-11T14:55:00+00:00,370.7097,0.4500000000000455,369.423,373.2831,2,2,2023-10-11T15:00:00+00:00,370.75,2023-10-11T15:41:00+00:00,369.403,STOP_LOSS,-2.69399999999996,0.2960612,0.12059999999996762,-2.99006119999996,-1.0468640708789803,-1.161910779513472,4.935375170900131,2.5733999999999924,0.005,0.0026070966348953842,,HYP-FCR-04,stress,987.0750341800261,984.0849729800261,45.00000000000455,0.6010142857142731,0.7487342825224941,2,2,30.700000000001637,1.2866999999999962,10.0,369.84000000000003,0.41700000000003,3,2023,11
SPY,2023-10-11,long,436.46,435.3,2023-10-11T19:30:00+00:00,2023-10-11T19:40:00+00:00,436.03,0.1349999999999909,435.29,437.5099999999999,2,2,2023-10-11T19:45:00+00:00,436.03999999999996,2023-10-11T19:59:00+00:00,436.29,FORCED_SESSION_CLOSE,0.5000000000001137,0.34893199999999996,0.05999999999994543,0.15106800000011372,0.33783783783793647,0.1020729729730564,4.898661948000105,1.4799999999999045,0.005,0.0015106165884789411,,HYP-FCR-04,stress,979.732389600021,979.8834576000211,13.49999999999909,0.3942785714285719,0.34239750720119394,2,2,0.0,0.7399999999999523,10.0,435.41,0.12000000000000455,3,2023,15
SPY,2023-10-12,long,437.0,435.07,2023-10-12T14:00:00+00:00,2023-10-12T14:10:00+00:00,436.1698,0.10700000000002774,434.97,438.5694,2,2,2023-10-12T14:15:00+00:00,436.19,2023-10-12T17:05:00+00:00,434.95000000000005,STOP_LOSS,-2.4799999999999045,0.34845600000000004,0.08039999999994052,-2.8284559999999046,-1.0335055842640197,-1.178719786631083,4.899417288000105,2.399599999999964,0.005,0.0024488626493166673,,HYP-FCR-04,stress,979.8834576000211,977.0550016000211,10.700000000002774,0.5869888888888808,0.18228624429768933,2,2,8.999999999997499,1.199799999999982,10.0,435.39,0.4199999999999591,3,2023,10
QQQ,2023-10-18,short,367.33,365.48,2023-10-18T14:25:00+00:00,2023-10-18T14:30:00+00:00,365.7,1.0199999999999818,367.76,361.58,2,2,2023-10-18T14:35:00+00:00,365.67,2023-10-18T19:59:00+00:00,363.10999999999996,FORCED_SESSION_CLOSE,5.120000000000118,0.291512,0.09999999999990905,4.828488000000118,1.2427184466019692,1.171963106796144,4.920424864900131,4.1200000000000045,0.005,0.004186630334902622,,HYP-FCR-04,stress,984.0849729800261,988.9134609800262,101.99999999999818,0.9512538461538305,1.0722689891074924,1,1,42.00000000000159,2.0600000000000023,5.0,367.73,0.029999999999972715,2,2023,10
QQQ,2023-10-19,long,365.335,363.21,2023-10-19T14:35:00+00:00,2023-10-19T14:40:00+00:00,363.62,0.18000000000000682,363.01,364.84000000000003,2,2,2023-10-19T14:45:00+00:00,363.62,2023-10-19T14:53:00+00:00,362.99,STOP_LOSS,-1.259999999999991,0.290644,0.03999999999996362,-1.5506439999999908,-1.032786885245871,-1.2710196721311116,4.944567304900131,1.2200000000000273,0.005,0.00123367721053265,,HYP-FCR-04,stress,988.9134609800262,987.3628169800262,18.000000000000682,0.8618142857142905,0.20886170371476134,1,1,18.999999999999773,0.6100000000000136,5.0,362.78000000000003,0.22999999999996135,2,2023,10
SPY,2023-10-19,long,431.39,430.173,2023-10-19T15:40:00+00:00,2023-10-19T15:45:00+00:00,430.5022,0.2300000000000182,429.84000000000003,431.8266,2,2,2023-10-19T15:50:00+00:00,430.53999999999996,2023-10-19T16:00:00+00:00,429.82000000000005,STOP_LOSS,-1.4399999999998272,0.344144,0.11559999999985848,-1.7841439999998272,-1.087284808214936,-1.3471337964360233,4.8852750080001055,1.3243999999999687,0.005,0.0013555019910149754,,HYP-FCR-04,stress,977.0550016000211,975.2708576000213,23.00000000000182,0.5332357142857153,0.43132894860223286,1,1,32.29999999999791,0.6621999999999844,5.0,429.77,0.07000000000005002,2,2023,11
QQQ,2023-10-24,short,358.97,357.06,2023-10-24T15:15:00+00:00,2023-10-24T15:25:00+00:00,358.08,0.2715000000000032,359.09,356.06,2,2,2023-10-24T15:30:00+00:00,358.07,2023-10-24T16:43:00+00:00,356.08,TAKE_PROFIT,3.980000000000018,0.28566,0.05999999999994543,3.694340000000018,1.9702970297029971,1.8288811881188374,4.936814084900131,2.019999999999982,0.005,0.002045853829272614,,HYP-FCR-04,stress,987.3628169800262,991.0571569800262,27.15000000000032,0.713400000000003,0.3805719091673704,2,2,10.99999999999568,1.009999999999991,10.0,359.061,0.028999999999996362,3,2023,11
SPY,2023-10-24,short,423.89,422.43,2023-10-24T15:15:00+00:00,2023-10-24T15:25:00+00:00,422.96,0.25,423.90999999999997,421.06,2,2,2023-10-24T15:30:00+00:00,422.945,2023-10-24T16:47:00+00:00,421.08,TAKE_PROFIT,3.730000000000018,0.33761,0.06999999999993634,3.392390000000018,1.963157894736875,1.7854684210526623,4.8763542880001065,1.8999999999999773,0.005,0.0019481767400243663,,HYP-FCR-04,stress,975.2708576000213,978.6632476000212,25.0,0.6034642857142914,0.414274723323663,2,2,0.9999999999990905,0.9499999999999886,10.0,423.78999999999996,0.12000000000000455,3,2023,11
SPY,2023-10-25,long,421.92,419.51,2023-10-25T14:35:00+00:00,2023-10-25T14:40:00+00:00,420.22,0.10000000000002274,419.38,421.9000000000001,2,2,2023-10-25T14:45:00+00:00,420.21999999999997,2023-10-25T16:00:00+00:00,419.36,STOP_LOSS,-1.7199999999999136,0.33583199999999996,0.04000000000007731,-2.0558319999999135,-1.0238095238094336,-1.223709523809426,4.893316238000106,1.6800000000000637,0.005,0.001716627250609372,,HYP-FCR-04,stress,978.6632476000212,976.6074156000213,10.000000000002274,0.6633642857142864,0.1507467347180839,1,1,12.000000000000455,0.8400000000000318,5.0,419.29,0.08999999999997499,2,2023,10
QQQ,2023-10-25,long,356.88,353.42,2023-10-25T14:25:00+00:00,2023-10-25T15:05:00+00:00,354.73,0.4399999999999977,353.22,357.75,2,2,2023-10-25T15:10:00+00:00,354.75,2023-10-25T15:42:00+00:00,353.20000000000005,STOP_LOSS,-3.099999999999909,0.28318000000000004,0.07999999999992724,-3.3831799999999093,-1.0264900662251417,-1.120258278145672,4.9552857849001315,3.019999999999982,0.005,0.0030472510881235145,,HYP-FCR-04,stress,991.0571569800262,987.6739769800263,43.99999999999977,0.8382928571428587,0.5248762365692143,8,8,18.999999999999773,1.509999999999991,40.0,353.84000000000003,0.6200000000000045,9,2023,11
QQQ,2023-10-26,long,350.07,346.54,2023-10-26T14:40:00+00:00,2023-10-26T14:45:00+00:00,347.8,0.32000000000005,345.53000000000003,352.34,2,2,2023-10-26T14:50:00+00:00,347.81,2023-10-26T15:15:00+00:00,345.51000000000005,STOP_LOSS,-4.599999999999909,0.277328,0.05999999999994543,-4.877327999999909,-1.0132158590308251,-1.0743013215858916,4.938369884900132,4.539999999999964,0.005,0.004596658518716623,,HYP-FCR-04,stress,987.6739769800263,982.7966489800264,32.000000000005,1.0788285714285613,0.29661802484180877,1,1,100.0,2.269999999999982,5.0,345.6,0.06999999999999318,2,2023,10
SPY,2023-10-26,long,417.325,415.25,2023-10-26T14:40:00+00:00,2023-10-26T14:45:00+00:00,416.375,0.4596000000000231,414.6125,419.9,2,2,2023-10-26T14:50:00+00:00,416.389,2023-10-26T15:14:00+00:00,414.59250000000003,STOP_LOSS,-3.592999999999961,0.33239260000000004,0.06799999999998363,-3.925392599999961,-1.0192907801418394,-1.1135865531914855,4.883037078000107,3.5249999999999773,0.005,0.0036094339892291725,,HYP-FCR-04,stress,976.6074156000213,972.6820230000213,45.96000000000231,0.8688142857142915,0.5289968265452324,1,1,62.74999999999977,1.7624999999999886,5.0,414.67,0.05750000000000455,2,2023,10
QQQ,2023-10-27,long,347.62,346.065,2023-10-27T14:45:00+00:00,2023-10-27T14:55:00+00:00,347.15,0.2899999999999636,345.6499,350.1501999999999,2,2,2023-10-27T15:00:00+00:00,347.16999999999996,2023-10-27T17:05:00+00:00,345.6299,STOP_LOSS,-3.080199999999877,0.27711996,0.07999999999992724,-3.357319959999877,-1.0266648890073757,-1.1190320511965646,4.913983244900132,3.00019999999995,0.005,0.0030527169614524437,,HYP-FCR-04,stress,982.7966489800264,979.4393290200264,28.999999999996362,0.9608071428571634,0.30182956294182745,2,2,40.510000000000446,1.500099999999975,10.0,345.73,0.08010000000001583,3,2023,11
SPY,2023-10-27,long,414.47,412.62,2023-10-27T14:45:00+00:00,2023-10-27T14:55:00+00:00,413.52,0.34159999999997126,412.0,416.55999999999995,2,2,2023-10-27T15:00:00+00:00,413.53999999999996,2023-10-27T16:50:00+00:00,411.98,STOP_LOSS,-3.119999999999891,0.330208,0.07999999999992724,-3.4502079999998907,-1.0263157894736605,-1.1349368421052408,4.863410115000106,3.0399999999999636,0.005,0.003125379032526745,,HYP-FCR-04,stress,972.6820230000213,969.2318150000215,34.159999999997126,0.823192857142861,0.41496958706079773,2,2,61.000000000001364,1.5199999999999818,10.0,412.09000000000003,0.09000000000003183,3,2023,11
QQQ,2023-10-30,long,350.54,347.11,2023-10-30T14:50:00+00:00,2023-10-30T15:05:00+00:00,348.27,0.2716000000000349,347.0101,350.7897999999999,2,2,2023-10-30T15:10:00+00:00,348.28,2023-10-30T15:23:00+00:00,346.99010000000004,STOP_LOSS,-2.5797999999998638,0.27810804,0.05999999999994543,-2.857908039999864,-1.0238114136042333,-1.1341805063893788,4.8971966451001325,2.5197999999999183,0.005,0.002572696363460402,,HYP-FCR-04,stress,979.4393290200264,976.5814209800266,27.160000000003492,0.8332714285714238,0.32594421299872367,3,3,8.990000000000009,1.2598999999999592,15.0,347.3488,0.33869999999996026,4,2023,11
SPY,2023-10-30,long,415.345,413.53,2023-10-30T15:00:00+00:00,2023-10-30T15:05:00+00:00,413.8,0.382000000000005,413.01,415.38000000000005,2,2,2023-10-30T15:10:00+00:00,413.81,2023-10-30T15:22:00+00:00,412.99,STOP_LOSS,-1.6399999999999864,0.33072,0.05999999999994543,-1.9707199999999863,-1.0379746835442683,-1.2472911392404653,4.846159075000108,1.580000000000041,0.005,0.0016301569712711152,,HYP-FCR-04,stress,969.2318150000215,967.2610950000214,38.2000000000005,0.6583642857142868,0.5802258844972997,1,1,50.99999999999909,0.7900000000000205,5.0,413.01,0.0,2,2023,11
SPY,2023-10-31,long,416.37,414.28,2023-10-31T14:00:00+00:00,2023-10-31T14:10:00+00:00,415.77,0.4399999999999977,414.2,418.90999999999997,2,2,2023-10-31T14:15:00+00:00,415.79999999999995,2023-10-31T19:59:00+00:00,418.21000000000004,FORCED_SESSION_CLOSE,4.820000000000164,0.333604,0.09999999999990905,4.4863960000001635,1.5350318471338167,1.4287885350319054,4.836305475000107,3.1399999999999864,0.005,0.0032462796407622665,,HYP-FCR-04,stress,967.2610950000214,971.7474910000216,43.99999999999977,0.6879555555555612,0.6395762000129122,2,2,6.999999999999318,1.5699999999999932,10.0,414.37,0.17000000000001592,3,2023,10
QQQ,2023-10-31,short,349.45,346.62,2023-10-31T15:00:00+00:00,2023-10-31T15:45:00+00:00,348.17,0.07999999999998408,349.59,345.3300000000001,2,2,2023-10-31T15:50:00+00:00,348.17,2023-10-31T16:42:00+00:00,349.60999999999996,STOP_LOSS,-2.8799999999998818,0.279112,0.03999999999996362,-3.159111999999882,-1.014084507042241,-1.1123633802816806,4.882907104900133,2.839999999999918,0.005,0.002908103655248632,,HYP-FCR-04,stress,976.5814209800266,973.4223089800266,7.999999999998408,0.7238571428571439,0.11051904479966208,9,9,12.999999999999545,1.419999999999959,45.0,348.93,0.6599999999999682,10,2023,11
SPY,2023-11-01,short,419.88,418.6499,2023-11-01T16:35:00+00:00,2023-11-01T16:40:00+00:00,419.5127,0.2599999999999909,420.21999999999997,418.09810000000004,2,2,2023-11-01T16:45:00+00:00,419.49,2023-11-01T17:12:00+00:00,420.23999999999995,STOP_LOSS,-1.4999999999998863,0.335892,0.08539999999993597,-1.8358919999998864,-1.0603704227342987,-1.2978170507563629,4.858737455000108,1.4145999999999503,0.005,0.0014557279675033593,,HYP-FCR-04,stress,971.7474910000216,969.9115990000217,25.99999999999909,0.35377857142856733,0.73492297441901,1,1,32.99999999999841,0.7072999999999752,5.0,420.18,0.03999999999996362,2,2023,12
QQQ,2023-11-02,long,362.31,361.05,2023-11-02T14:25:00+00:00,2023-11-02T14:30:00+00:00,361.46,0.009999999999990905,360.93,362.5199999999999,2,2,2023-11-02T14:35:00+00:00,361.48499999999996,2023-11-02T14:52:00+00:00,362.49999999999994,TAKE_PROFIT,2.0299999999999727,0.28959399999999996,0.08999999999991815,1.7404059999999728,1.9150943396227145,1.6418924528302477,4.867111544900133,1.0599999999999454,0.005,0.0010889415521107553,,HYP-FCR-04,stress,973.4223089800266,975.1627149800266,0.9999999999990905,0.6676769230769187,0.014977303624493952,1,1,11.000000000001364,0.5299999999999727,5.0,360.96000000000004,0.03000000000002956,2,2023,10
QQQ,2023-11-03,short,366.885,364.52,2023-11-03T14:00:00+00:00,2023-11-03T14:05:00+00:00,365.83,0.12009999999997945,367.40999999999997,362.67,2,2,2023-11-03T14:10:00+00:00,365.83000000000004,2023-11-03T16:14:00+00:00,367.42999999999995,STOP_LOSS,-3.199999999999818,0.293304,0.04000000000007731,-3.493303999999818,-1.0126582278480538,-1.105475949367042,4.875813574900134,3.159999999999968,0.005,0.003240484845715919,,HYP-FCR-04,stress,975.1627149800266,971.6694109800268,12.009999999997945,0.891862500000002,0.13466201348299672,1,1,51.499999999998636,1.579999999999984,5.0,366.56,0.8499999999999659,2,2023,10
SPY,2023-11-03,short,435.0,433.01,2023-11-03T14:00:00+00:00,2023-11-03T14:05:00+00:00,434.2372,0.023700000000019372,435.49,431.7315999999999,2,2,2023-11-03T14:10:00+00:00,434.22,2023-11-03T16:18:00+00:00,435.51,STOP_LOSS,-2.5799999999999272,0.34789200000000003,0.07439999999985503,-2.927891999999927,-1.0296934865899796,-1.1685392720305885,4.849557995000109,2.505600000000072,0.005,0.0025833282152552296,,HYP-FCR-04,stress,969.9115990000217,966.9837070000218,2.3700000000019372,0.6601625000000055,0.03590025183196436,1,1,48.00000000000182,1.252800000000036,5.0,434.69,0.8000000000000114,2,2023,10
QQQ,2023-11-06,long,369.78,368.33,2023-11-06T15:15:00+00:00,2023-11-06T15:40:00+00:00,369.15,0.2249999999999659,368.06,371.3299999999999,2,2,2023-11-06T15:45:00+00:00,369.18,2023-11-06T17:51:00+00:00,368.04,STOP_LOSS,-2.2799999999999727,0.29488800000000004,0.10000000000002274,-2.574887999999973,-1.045871559633039,-1.1811412844036844,4.858347054900134,2.17999999999995,0.005,0.0022435614164298943,,HYP-FCR-04,stress,971.6694109800268,969.0945229800268,22.49999999999659,0.6488928571428646,0.3467444548406061,5,5,25.99999999999909,1.089999999999975,25.0,368.63,0.5699999999999932,6,2023,10
SPY,2023-11-06,long,436.1498,435.01,2023-11-06T15:15:00+00:00,2023-11-06T15:40:00+00:00,435.5301,0.12000000000000455,434.76,437.07030000000003,2,2,2023-11-06T15:45:00+00:00,435.555,2023-11-06T17:46:00+00:00,434.74,STOP_LOSS,-1.6299999999999955,0.34811800000000004,0.08979999999996835,-1.9781179999999954,-1.0583041163485045,-1.2843254122840932,4.834918535000109,1.540200000000027,0.005,0.001592787953768483,,HYP-FCR-04,stress,966.9837070000218,965.0055890000218,12.000000000000455,0.45157857142857794,0.2657344869584536,5,5,24.00000000000091,0.7701000000000136,25.0,435.2,0.4399999999999977,6,2023,10
QQQ,2023-11-08,long,373.79,372.76,2023-11-08T20:40:00+00:00,2023-11-08T20:45:00+00:00,372.9116,0.2300000000000182,372.6101,373.5146000000001,2,2,2023-11-08T20:50:00+00:00,372.95,2023-11-08T20:59:00+00:00,372.95000000000005,FORCED_SESSION_CLOSE,1.1368683772161603e-13,0.29836000000000007,0.11679999999989832,-0.2983599999998864,1.8853538593964127e-13,-0.49479270315067,4.845472614900134,0.6030000000000655,0.005,0.0006222303250108177,,HYP-FCR-04,stress,969.0945229800268,968.7961629800269,23.00000000000182,0.29697142857143277,0.7744852799692633,1,1,13.990000000001146,0.30150000000003274,5.0,372.37,0.240099999999984,2,2023,15
QQQ,2023-11-09,short,374.08,372.72,2023-11-09T15:00:00+00:00,2023-11-09T15:10:00+00:00,373.1096,0.24399999999997135,374.33,370.66880000000003,2,2,2023-11-09T15:15:00+00:00,373.09000000000003,2023-11-09T16:50:00+00:00,374.34999999999997,STOP_LOSS,-2.519999999999868,0.298976,0.07919999999990068,-2.8189759999998683,-1.0324483775810807,-1.1549393641428654,4.843980814900134,2.4407999999999674,0.005,0.002519415428413797,,HYP-FCR-04,stress,968.7961629800269,965.977186980027,24.399999999997135,0.7023333333333299,0.3474133839581954,2,2,24.00000000000091,1.2203999999999837,10.0,374.09,0.2400000000000091,3,2023,10
SPY,2023-11-09,long,438.47,436.98,2023-11-09T16:00:00+00:00,2023-11-09T16:05:00+00:00,437.645,0.2400000000000091,436.94,439.05499999999995,2,2,2023-11-09T16:10:00+00:00,437.66999999999996,2023-11-09T18:01:00+00:00,436.92,STOP_LOSS,-1.4999999999998863,0.349836,0.08999999999991815,-1.8498359999998863,-1.063829787233986,-1.3119404255318639,4.825027945000109,1.4099999999999682,0.005,0.001461131433923681,,HYP-FCR-04,stress,965.0055890000218,963.155753000022,24.00000000000091,0.49522142857143436,0.48463169433587977,1,1,3.000000000002956,0.7049999999999841,5.0,436.79,0.14999999999997726,2,2023,11
SPY,2023-11-10,long,436.24,434.88,2023-11-10T15:45:00+00:00,2023-11-10T15:50:00+00:00,435.12,0.21510000000000673,434.555,436.25,2,2,2023-11-10T15:55:00+00:00,435.15,2023-11-10T16:05:00+00:00,436.23,TAKE_PROFIT,2.160000000000082,0.34855200000000003,0.09999999999990905,1.8114480000000819,1.911504424778841,1.6030513274337073,4.81577876500011,1.1299999999999955,0.005,0.0011732266525744043,,HYP-FCR-04,stress,963.155753000022,964.967201000022,21.510000000000673,0.5324928571428619,0.40394908047057204,1,1,31.499999999999773,0.5649999999999977,5.0,434.57,0.014999999999986358,2,2023,10
QQQ,2023-11-14,short,385.01,383.18,2023-11-14T16:45:00+00:00,2023-11-14T16:55:00+00:00,384.4,0.08999999999997499,385.31,382.5799999999999,2,2,2023-11-14T17:00:00+00:00,384.39000000000004,2023-11-14T18:05:00+00:00,385.33,STOP_LOSS,-1.8799999999998818,0.30788800000000005,0.059999999999831743,-2.187887999999882,-1.0329670329669396,-1.2021362637361659,4.829885934900135,1.82000000000005,0.005,0.0018841024659081117,,HYP-FCR-04,stress,965.977186980027,963.7892989800271,8.999999999997499,0.3844500000000072,0.23410066328514323,2,2,29.000000000002046,0.910000000000025,10.0,385.25,0.060000000000002274,3,2023,12
SPY,2023-11-15,short,450.75,449.4,2023-11-15T16:30:00+00:00,2023-11-15T16:35:00+00:00,450.22,0.009999999999990905,450.825,449.0100000000001,2,2,2023-11-15T16:40:00+00:00,450.19,2023-11-15T18:13:00+00:00,449.0300000000001,TAKE_PROFIT,2.3199999999998226,0.359688,0.10000000000002274,1.9603119999998226,1.9173553719008023,1.620092561983428,4.82483600500011,1.2099999999999227,0.005,0.0012539286296425064,,HYP-FCR-04,stress,964.967201000022,966.9275130000218,0.9999999999990905,0.37862142857141684,0.026411606014276796,1,1,6.499999999999773,0.6049999999999613,5.0,451.03999999999996,0.214999999999975,2,2023,11
QQQ,2023-11-15,short,387.65,385.9906,2023-11-15T15:50:00+00:00,2023-11-15T16:40:00+00:00,386.175,0.20939999999995962,387.76,383.00500000000005,2,2,2023-11-15T16:45:00+00:00,386.16,2023-11-15T20:59:00+00:00,385.63,FORCED_SESSION_CLOSE,1.0600000000000591,0.308716,0.06999999999993634,0.7512840000000591,0.334384858044187,0.2369981072555422,4.8189464949001355,3.169999999999959,0.005,0.0032891006398958287,,HYP-FCR-04,stress,963.7892989800271,964.5405829800271,20.939999999995962,0.4600428571428584,0.45517498369708204,10,10,10.000000000002274,1.5849999999999795,50.0,387.28,0.4800000000000182,11,2023,11
SPY,2023-11-16,short,450.47,449.13,2023-11-16T15:05:00+00:00,2023-11-16T15:15:00+00:00,449.31,0.025000000000034106,450.5,446.93,2,2,2023-11-16T15:20:00+00:00,449.3,2023-11-16T20:59:00+00:00,450.22999999999996,FORCED_SESSION_CLOSE,-1.8599999999999,0.359812,0.05999999999994543,-2.2198119999998998,-0.7815126050419763,-0.9326941176470185,4.834637565000109,2.3799999999999955,0.005,0.002461404777505738,,HYP-FCR-04,stress,966.9275130000218,964.7077010000219,2.5000000000034106,0.4697999999999979,0.05321413367397663,2,2,1.999999999998181,1.1899999999999977,10.0,450.03,0.4700000000000273,3,2023,10
QQQ,2023-11-16,short,385.985,384.21,2023-11-16T15:05:00+00:00,2023-11-16T15:35:00+00:00,384.6099,0.17000000000001592,386.18,381.46969999999993,2,2,2023-11-16T15:40:00+00:00,384.56,2023-11-16T20:47:00+00:00,386.2,STOP_LOSS,-3.2799999999999727,0.308304,0.13979999999992287,-3.588303999999973,-1.0445194573593786,-1.1426991911342959,4.822702914900136,3.14020000000005,0.005,0.0032556432102609357,,HYP-FCR-04,stress,964.5405829800271,960.9522789800271,17.00000000000159,0.625785714285712,0.27165848647417323,6,6,18.500000000000227,1.570100000000025,30.0,385.62,0.5600000000000023,7,2023,10
QQQ,2023-11-17,long,385.63,384.45,2023-11-17T15:10:00+00:00,2023-11-17T15:20:00+00:00,385.45,0.11000000000001364,384.33,387.69,2,2,2023-11-17T15:25:00+00:00,385.46999999999997,2023-11-17T16:05:00+00:00,384.31,STOP_LOSS,-2.3199999999999363,0.307912,0.07999999999992724,-2.6279119999999363,-1.0357142857142532,-1.1731749999999668,4.804761394900136,2.240000000000009,0.005,0.0023310210600443002,,HYP-FCR-04,stress,960.9522789800271,958.3243669800272,11.000000000001364,0.5619090909090997,0.19576120368874472,2,2,11.000000000001364,1.1200000000000045,10.0,384.7385,0.40850000000000364,3,2023,10
SPY,2023-11-17,long,450.6,449.46,2023-11-17T16:05:00+00:00,2023-11-17T17:05:00+00:00,450.5599,0.12999999999999545,449.28000000000003,453.1197,2,2,2023-11-17T17:10:00+00:00,450.58,2023-11-17T20:59:00+00:00,450.76,FORCED_SESSION_CLOSE,0.36000000000001364,0.36053599999999997,0.08019999999987704,-0.0005359999999863252,0.14063598718650452,-0.00020939135869455666,4.823538505000109,2.5597999999999956,0.005,0.0026534462172806243,,HYP-FCR-04,stress,964.7077010000219,964.7071650000219,12.999999999999545,0.3679071428571571,0.35335003009297106,12,12,16.999999999995907,1.2798999999999978,60.0,449.93,0.6499999999999773,13,2023,12
QQQ,2023-11-20,short,388.52,386.04,2023-11-20T15:10:00+00:00,2023-11-20T15:15:00+00:00,387.9,0.11000000000001364,388.6287,386.44259999999997,2,2,2023-11-20T15:20:00+00:00,387.86,2023-11-20T16:00:00+00:00,388.64869999999996,STOP_LOSS,-1.5773999999998978,0.31060348,0.11999999999989086,-1.8880034799998977,-1.082338410868595,-1.2954600521475839,4.791621834900136,1.457400000000007,0.005,0.0015207794460999876,,HYP-FCR-04,stress,958.3243669800272,956.4363635000273,11.000000000001364,0.5985299999999881,0.18378360316110443,1,1,9.8700000000008,0.7287000000000035,5.0,388.46,0.16870000000000118,2,2023,10
SPY,2023-11-21,long,453.32,452.71,2023-11-21T16:50:00+00:00,2023-11-21T17:30:00+00:00,453.2,0.060000000000002274,452.67,454.25999999999993,2,2,2023-11-21T17:35:00+00:00,453.21999999999997,2023-11-21T18:26:00+00:00,452.65000000000003,STOP_LOSS,-1.1399999999998727,0.362348,0.07999999999992724,-1.5023479999998726,-1.0754716981131427,-1.417309433962217,4.82353582500011,1.0599999999999454,0.005,0.0010987790268976818,,HYP-FCR-04,stress,964.7071650000219,963.204817000022,6.000000000000227,0.22161428571428538,0.2707406691162358,8,8,2.9999999999972715,0.5299999999999727,40.0,452.94,0.2699999999999818,9,2023,12
QQQ,2023-11-21,long,389.23,388.23,2023-11-21T19:55:00+00:00,2023-11-21T20:00:00+00:00,388.43,0.0999999999999659,388.0578,389.17440000000005,2,2,2023-11-21T20:05:00+00:00,388.46,2023-11-21T20:59:00+00:00,388.41,FORCED_SESSION_CLOSE,-0.09999999999990905,0.310748,0.09999999999990905,-0.4107479999999091,-0.1343363782911116,-0.5517839871035548,4.7821818175001365,0.7444000000000415,0.005,0.0007783058323670902,,HYP-FCR-04,stress,956.4363635000273,956.0256155000274,9.99999999999659,0.35995000000000993,0.2778163633837009,1,1,16.22000000000412,0.37220000000002074,5.0,388.08,0.022199999999998,2,2023,15
QQQ,2023-11-22,long,393.07,389.74,2023-11-22T15:20:00+00:00,2023-11-22T15:25:00+00:00,390.3835,0.08500000000003638,389.48,392.19050000000004,2,2,2023-11-22T15:30:00+00:00,390.40999999999997,2023-11-22T19:39:00+00:00,389.46000000000004,STOP_LOSS,-1.8999999999998636,0.311948,0.0929999999998472,-2.2119479999998637,-1.0514665190923334,-1.2240996126175117,4.7801280775001365,1.8070000000000164,0.005,0.001890116719367301,,HYP-FCR-04,stress,956.0256155000274,953.8136675000275,8.500000000003638,0.9491666666666608,0.08955223880600903,1,1,25.0,0.9035000000000082,5.0,389.66,0.18000000000000682,2,2023,10
SPY,2023-11-22,long,456.38,454.34,2023-11-22T15:20:00+00:00,2023-11-22T15:25:00+00:00,454.96,0.06130000000001701,454.26,456.35999999999996,2,2,2023-11-22T15:30:00+00:00,454.97999999999996,2023-11-22T19:38:00+00:00,454.24,STOP_LOSS,-1.4799999999999045,0.363688,0.07999999999992724,-1.8436879999999045,-1.057142857142806,-1.3169199999999532,4.81602408500011,1.3999999999999773,0.005,0.0014534811031784378,,HYP-FCR-04,stress,963.204817000022,961.3611290000221,6.130000000001701,0.6657666666666747,0.09207430030543674,1,1,6.999999999999318,0.6999999999999886,5.0,454.38,0.12000000000000455,2,2023,10
SPY,2023-11-24,short,455.382,454.73,2023-11-24T15:05:00+00:00,2023-11-24T15:10:00+00:00,454.965,0.01999999999998181,455.405,454.085,2,2,2023-11-24T15:15:00+00:00,454.95000000000005,2023-11-24T17:59:00+00:00,455.28,FORCED_SESSION_CLOSE,-0.6599999999998545,0.364092,0.06999999999982265,-1.0240919999998546,-0.7499999999998385,-1.1637409090907498,4.80680564500011,0.8799999999999955,0.005,0.0009153688176630816,,HYP-FCR-04,stress,961.3611290000221,960.3370370000222,1.999999999998181,0.3391111111111134,0.0589777195281242,1,1,1.2999999999976808,0.4399999999999977,5.0,455.39,0.014999999999986358,2,2023,10
QQQ,2023-11-27,short,389.912,388.28,2023-11-27T16:00:00+00:00,2023-11-27T16:05:00+00:00,389.5401,0.3300000000000409,390.01,388.6003,2,2,2023-11-27T16:10:00+00:00,389.52000000000004,2023-11-27T16:38:00+00:00,390.03,STOP_LOSS,-1.0199999999998681,0.31182,0.08019999999987704,-1.331819999999868,-1.0853373058096167,-1.4171313045327525,4.769068337500137,0.9397999999999911,0.005,0.0009853077514219663,,HYP-FCR-04,stress,953.8136675000275,952.4818475000276,33.00000000000409,0.4571999999999881,0.7217847769029955,1,1,8.800000000002228,0.46989999999999554,5.0,390.01,0.0,2,2023,11
SPY,2023-11-27,short,455.245,454.0799,2023-11-27T19:00:00+00:00,2023-11-27T19:20:00+00:00,454.985,0.044899999999984175,455.3,454.355,2,2,2023-11-27T19:25:00+00:00,454.96000000000004,2023-11-27T19:43:00+00:00,454.375,TAKE_PROFIT,1.1700000000000728,0.36373400000000006,0.08999999999991815,0.8062660000000728,1.857142857142986,1.2797873015874264,4.801685185000111,0.6299999999999955,0.005,0.0006560196844724847,,HYP-FCR-04,stress,960.3370370000222,961.1433030000222,4.4899999999984175,0.1746642857142961,0.25706457285394063,4,4,4.500000000001592,0.3149999999999977,20.0,455.1509,0.14910000000003265,5,2023,14
QQQ,2023-11-28,short,389.23,388.05,2023-11-28T18:05:00+00:00,2023-11-28T18:15:00+00:00,388.75,0.1782000000000039,389.25,387.75,2,2,2023-11-28T18:20:00+00:00,388.74,2023-11-28T18:41:00+00:00,389.27,STOP_LOSS,-1.0599999999999454,0.31120400000000004,0.05999999999994543,-1.3712039999999455,-1.0599999999999454,-1.3712039999999455,4.762409237500138,1.0,0.005,0.0010498887749143912,,HYP-FCR-04,stress,952.4818475000276,951.1106435000277,17.82000000000039,0.3883857142857039,0.45882223121346993,2,2,0.9999999999990905,0.5,10.0,389.08,0.17000000000001592,3,2023,13
SPY,2023-11-28,short,454.23,453.5,2023-11-28T18:10:00+00:00,2023-11-28T18:15:00+00:00,454.2,0.009900000000016007,454.4,453.8,2,2,2023-11-28T18:20:00+00:00,454.19,2023-11-28T18:27:00+00:00,454.41999999999996,STOP_LOSS,-0.4599999999999227,0.363444,0.05999999999994543,-0.8234439999999227,-1.149999999999872,-2.058609999999924,4.805716515000111,0.39999999999997726,0.005,0.00041617103167805976,,HYP-FCR-04,stress,961.1433030000222,960.3198590000223,0.9900000000016007,0.36714999999999726,0.02696445594448068,1,1,15.999999999996817,0.19999999999998863,5.0,454.40999999999997,0.009999999999990905,2,2023,13
QQQ,2023-11-30,long,390.55,388.01,2023-11-30T15:10:00+00:00,2023-11-30T15:15:00+00:00,388.84,0.4919999999999618,387.63,391.25999999999993,2,2,2023-11-30T15:20:00+00:00,388.84999999999997,2023-11-30T15:37:00+00:00,387.61,STOP_LOSS,-2.4799999999999045,0.310584,0.05999999999994543,-2.7905839999999045,-1.02479338842973,-1.1531338842975007,4.755553217500139,2.419999999999959,0.005,0.0025443937743084345,,HYP-FCR-04,stress,951.1106435000277,948.3200595000278,49.19999999999618,0.8927600000000098,0.5510999596755639,1,1,37.000000000000455,1.2099999999999795,5.0,387.4001,0.22989999999998645,2,2023,10
SPY,2023-11-30,long,455.71,454.14,2023-11-30T15:50:00+00:00,2023-11-30T16:00:00+00:00,454.7979,0.17000000000001592,454.06010000000003,456.2735,2,2,2023-11-30T16:05:00+00:00,454.81,2023-11-30T16:43:00+00:00,454.04010000000005,STOP_LOSS,-1.5397999999999001,0.36354004000000006,0.06419999999991433,-1.9033400399999003,-1.0435077256708558,-1.289875332068256,4.801599295000112,1.4755999999999858,0.005,0.0015365713685610155,,HYP-FCR-04,stress,960.3198590000223,958.4165189600225,17.00000000000159,0.6099571428571429,0.278708105955948,2,2,6.989999999996144,0.7377999999999929,10.0,454.115,0.05489999999997508,3,2023,11
QQQ,2023-12-04,long,386.42,385.13,2023-12-04T17:10:00+00:00,2023-12-04T17:30:00+00:00,385.8315,0.03489999999999327,385.02,387.45450000000005,2,2,2023-12-04T17:35:00+00:00,385.84999999999997,2023-12-04T18:30:00+00:00,385.0,STOP_LOSS,-1.6999999999999318,0.30834,0.0769999999998845,-2.0083399999999316,-1.0474430067774998,-1.2374245224891394,4.741600297500139,1.6230000000000473,0.005,0.0017114475052396588,,HYP-FCR-04,stress,948.3200595000278,946.3117195000278,3.489999999999327,0.3781214285714246,0.0922983924287192,4,4,10.000000000002274,0.8115000000000236,20.0,385.26,0.2400000000000091,5,2023,12
SPY,2023-12-04,long,456.83,455.51,2023-12-04T19:05:00+00:00,2023-12-04T19:15:00+00:00,455.94,0.19499999999999318,455.485,456.84999999999997,2,2,2023-12-04T19:20:00+00:00,455.96,2023-12-04T20:50:00+00:00,456.83,TAKE_PROFIT,1.740000000000009,0.365116,0.07999999999992724,1.374884000000009,1.912087912087989,1.5108615384616013,4.792082594800113,0.9099999999999682,0.005,0.0009494828000120542,,HYP-FCR-04,stress,958.4165189600225,959.7914029600225,19.499999999999318,0.28463571428570894,0.6850862004065236,2,2,1.4999999999986358,0.4549999999999841,10.0,455.6,0.1150000000000091,3,2023,14
QQQ,2023-12-05,short,386.15,384.21,2023-12-05T17:40:00+00:00,2023-12-05T17:45:00+00:00,385.975,0.12999999999999545,386.34499999999997,385.2350000000001,2,2,2023-12-05T17:50:00+00:00,385.95000000000005,2023-12-05T17:59:00+00:00,386.36499999999995,STOP_LOSS,-0.8299999999998136,0.30892600000000003,0.08999999999991815,-1.1389259999998136,-1.1216216216215282,-1.5390891891891547,4.731558597500139,0.7399999999998954,0.005,0.0007819833409554151,,HYP-FCR-04,stress,946.3117195000278,945.172793500028,12.999999999999545,0.6181999999999975,0.210287932707855,1,1,18.500000000000227,0.3699999999999477,5.0,386.33,0.014999999999986358,2,2023,12
SPY,2023-12-05,short,455.7883,454.87,2023-12-05T17:40:00+00:00,2023-12-05T17:45:00+00:00,455.7399,0.07499999999998863,456.019,455.1816999999999,2,2,2023-12-05T17:50:00+00:00,455.71000000000004,2023-12-05T17:56:00+00:00,456.039,STOP_LOSS,-0.6579999999999018,0.3646996,0.09979999999984557,-1.0226995999999018,-1.178788964528548,-1.832138301683624,4.798957014800113,0.5582000000000562,0.005,0.0005815847050500268,,HYP-FCR-04,stress,959.7914029600225,958.7687033600226,7.499999999998863,0.4764785714285803,0.15740477011405418,1,1,22.07000000000221,0.2791000000000281,5.0,456.0,0.019000000000005457,2,2023,12
QQQ,2023-12-07,short,389.2299,386.96,2023-12-07T16:10:00+00:00,2023-12-07T16:15:00+00:00,388.27,0.37000000000000455,389.92,384.9699999999999,2,2,2023-12-07T16:20:00+00:00,388.25,2023-12-07T16:39:00+00:00,389.94,STOP_LOSS,-3.3799999999999955,0.31127600000000005,0.07999999999992724,-3.6912759999999953,-1.0242424242424017,-1.1185684848484603,4.72586396750014,3.300000000000068,0.005,0.0034914250840631825,,HYP-FCR-04,stress,945.172793500028,941.481517500028,37.000000000000455,0.5973357142857115,0.61941717387926,1,1,68.01000000000386,1.650000000000034,5.0,389.7401,0.17990000000003192,2,2023,11
SPY,2023-12-07,short,457.23,456.29,2023-12-07T16:15:00+00:00,2023-12-07T16:20:00+00:00,456.89,0.2411999999999921,457.33,456.01,2,2,2023-12-07T16:25:00+00:00,456.855,2023-12-07T16:32:00+00:00,457.34999999999997,STOP_LOSS,-0.9899999999998954,0.365682,0.10999999999989996,-1.3556819999998955,-1.124999999999887,-1.5405477272726165,4.793843516800114,0.8799999999999955,0.005,0.000917843893856797,,HYP-FCR-04,stress,958.7687033600226,957.4130213600228,24.11999999999921,0.3633642857142953,0.6637966621453874,1,1,8.999999999997499,0.4399999999999977,5.0,457.9,0.5699999999999932,2,2023,11
SPY,2023-12-08,short,458.74,457.21,2023-12-08T16:15:00+00:00,2023-12-08T16:20:00+00:00,458.44,0.2699999999999818,458.9601,457.39979999999997,2,2,2023-12-08T16:25:00+00:00,458.425,2023-12-08T17:42:00+00:00,458.9801,STOP_LOSS,-1.1101999999999634,0.36696204,0.06999999999993634,-1.4771620399999634,-1.0672947510093582,-1.4200750240337674,4.787065106800114,1.040200000000027,0.005,0.0010864694513162186,,HYP-FCR-04,stress,957.4130213600228,955.9358593200228,26.99999999999818,0.5292928571428612,0.5101145733525481,1,1,21.010000000001128,0.5201000000000136,5.0,459.205,0.2448999999999728,2,2023,11
QQQ,2023-12-08,short,390.4,388.4801,2023-12-08T16:35:00+00:00,2023-12-08T16:40:00+00:00,390.32,0.410000000000025,391.13,388.7,2,2,2023-12-08T16:45:00+00:00,390.31,2023-12-08T17:28:00+00:00,391.15,STOP_LOSS,-1.67999999999995,0.31258400000000003,0.05999999999994543,-1.99258399999995,-1.0370370370370032,-1.2299901234567558,4.70740758750014,1.6200000000000045,0.005,0.0017206923023849552,,HYP-FCR-04,stress,941.481517500028,939.488933500028,41.0000000000025,0.686871428571432,0.5969093820844327,1,1,72.00000000000273,0.8100000000000023,5.0,391.08,0.05000000000001137,2,2023,11
QQQ,2023-12-11,short,393.81,391.53,2023-12-11T16:05:00+00:00,2023-12-11T16:10:00+00:00,393.1393,0.29000000000002046,394.24,390.93789999999996,2,2,2023-12-11T16:15:00+00:00,393.11,2023-12-11T17:13:00+00:00,394.26,STOP_LOSS,-2.2999999999999545,0.314948,0.09859999999991942,-2.6149479999999548,-1.0447896792949567,-1.187856818388259,4.6974446675001404,2.201400000000035,0.005,0.0023431888567317215,,HYP-FCR-04,stress,939.488933500028,936.8739855000281,29.000000000002046,0.5146214285714328,0.563521034880044,1,1,42.00000000000159,1.1007000000000176,5.0,394.24,0.0,2,2023,11
SPY,2023-12-11,short,460.42,459.47,2023-12-11T16:10:00+00:00,2023-12-11T16:15:00+00:00,460.34,0.10500000000001819,460.64,459.73999999999995,2,2,2023-12-11T16:20:00+00:00,460.32,2023-12-11T17:03:00+00:00,460.65999999999997,STOP_LOSS,-0.67999999999995,0.368392,0.07999999999992724,-1.04839199999995,-1.133333333333207,-1.7473199999998505,4.779679296600114,0.6000000000000227,0.005,0.000627657174014599,,HYP-FCR-04,stress,955.9358593200228,954.8874673200229,10.500000000001819,0.38606428571428963,0.27197542970272154,1,1,20.999999999997954,0.30000000000001137,5.0,460.96999999999997,0.3299999999999841,2,2023,11
SPY,2023-12-13,long,464.855,464.3,2023-12-13T15:05:00+00:00,2023-12-13T15:10:00+00:00,464.64,0.06839999999999691,464.23,465.4599999999999,2,2,2023-12-13T15:15:00+00:00,464.65999999999997,2023-12-13T18:08:00+00:00,464.21000000000004,STOP_LOSS,-0.8999999999998636,0.37154800000000004,0.07999999999992724,-1.2715479999998636,-1.097560975609675,-1.5506682926828808,4.774437336600115,0.8199999999999363,0.005,0.0008587399333047481,,HYP-FCR-04,stress,954.8874673200229,953.6159193200231,6.839999999999691,0.2692888888888787,0.2540023106123104,1,1,6.000000000000227,0.40999999999996817,5.0,464.41,0.18000000000000682,2,2023,10
SPY,2023-12-14,long,473.73,472.255,2023-12-14T16:45:00+00:00,2023-12-14T16:50:00+00:00,472.57,0.009999999999990905,472.24,473.22999999999996,2,2,2023-12-14T16:55:00+00:00,472.59,2023-12-14T17:15:00+00:00,473.21,TAKE_PROFIT,1.240000000000009,0.37832,0.07999999999992724,0.8616800000000091,1.8787878787879833,1.3055757575758344,4.768079596600115,0.6599999999999682,0.005,0.0006921025400567788,,HYP-FCR-04,stress,953.6159193200231,954.477599320023,0.9999999999990905,0.49463571428572906,0.020216898438947636,1,1,0.49999999999954525,0.3299999999999841,5.0,471.83,0.410000000000025,2,2023,11
QQQ,2023-12-15,short,405.57,403.8,2023-12-15T17:35:00+00:00,2023-12-15T17:40:00+00:00,405.39,0.1349999999999909,405.76,404.65,2,2,2023-12-15T17:45:00+00:00,405.37,2023-12-15T17:57:00+00:00,404.66999999999996,TAKE_PROFIT,1.400000000000091,0.324016,0.07999999999992724,1.0759840000000909,1.8918918918919916,1.4540324324325373,4.684369927500141,0.7400000000000091,0.005,0.0007898607619092514,,HYP-FCR-04,stress,936.8739855000281,937.9499695000281,13.49999999999909,0.3523142857142797,0.3831806017354442,1,1,18.000000000000682,0.37000000000000455,5.0,406.01,0.25,2,2023,12
SPY,2023-12-15,short,469.82,468.81,2023-12-15T17:50:00+00:00,2023-12-15T18:00:00+00:00,469.455,0.0049999999999954525,469.93,468.50499999999994,2,2,2023-12-15T18:05:00+00:00,469.43,2023-12-15T18:30:00+00:00,469.95,STOP_LOSS,-1.0399999999999636,0.37575200000000003,0.08999999999991815,-1.4157519999999637,-1.0947368421051724,-1.4902652631577853,4.7723879966001155,0.9500000000000455,0.005,0.0009953088481875663,,HYP-FCR-04,stress,954.477599320023,953.061847320023,0.49999999999954525,0.30784999999999385,0.0162416761409633,2,2,10.000000000002274,0.47500000000002274,10.0,469.84,0.09000000000003183,3,2023,13
SPY,2023-12-18,short,471.43,470.8,2023-12-18T15:45:00+00:00,2023-12-18T15:50:00+00:00,471.15,0.029999999999972715,471.48,470.4899999999999,2,2,2023-12-18T15:55:00+00:00,471.14000000000004,2023-12-18T16:10:00+00:00,471.5,STOP_LOSS,-0.7199999999999136,0.37705600000000006,0.059999999999831743,-1.0970559999999137,-1.0909090909088246,-1.6622060606057236,4.765309236600116,0.6600000000000819,0.005,0.0006925049007637636,,HYP-FCR-04,stress,953.061847320023,951.9647913200231,2.9999999999972715,0.319814285714289,0.09380444007674403,1,1,4.000000000002046,0.3300000000000409,5.0,471.45,0.03000000000002956,2,2023,10
QQQ,2023-12-19,short,408.5286,407.345,2023-12-19T15:35:00+00:00,2023-12-19T15:40:00+00:00,408.0307,0.2300000000000182,408.88,406.3321000000001,2,2,2023-12-19T15:45:00+00:00,408.01,2023-12-19T16:04:00+00:00,408.9,STOP_LOSS,-1.7799999999999727,0.326764,0.08140000000003056,-2.1067639999999725,-1.0479218179677579,-1.240294360061253,4.689749847500141,1.6985999999999422,0.005,0.001810970792936191,,HYP-FCR-04,stress,937.9499695000281,935.8432055000281,23.00000000000182,0.5141928571428593,0.44730298526126117,1,1,34.140000000002146,0.8492999999999711,5.0,408.61,0.2699999999999818,2,2023,10
QQQ,2023-12-20,short,409.28,407.97,2023-12-20T19:20:00+00:00,2023-12-20T19:25:00+00:00,408.9233,0.047000000000025466,409.33,408.1099,2,2,2023-12-20T19:30:00+00:00,408.91,2023-12-20T19:37:00+00:00,408.12989999999996,TAKE_PROFIT,1.5602000000001226,0.32681596,0.06659999999988031,1.2333840400001226,1.9181214654537986,1.5163314974183923,4.679216027500141,0.8134000000000015,0.005,0.0008691626922326113,,HYP-FCR-04,stress,935.8432055000281,937.0765895400283,4.700000000002547,0.2577642857142775,0.18233712971440616,1,1,4.000000000002046,0.4067000000000007,5.0,409.5799,0.2499000000000251,2,2023,14
SPY,2023-12-20,short,474.66,473.77,2023-12-20T19:25:00+00:00,2023-12-20T19:30:00+00:00,474.23,0.1150000000000091,474.81,473.07000000000005,2,2,2023-12-20T19:35:00+00:00,474.2097,2023-12-20T19:47:00+00:00,473.09000000000003,TAKE_PROFIT,2.2393999999999323,0.37891988000000004,0.080600000000004,1.8604801199999323,1.930517241379305,1.6038621724137787,4.7598239566001155,1.1599999999999682,0.005,0.0012185324610498223,,HYP-FCR-04,stress,951.9647913200231,953.825271440023,11.50000000000091,0.23958571428571776,0.4799952298611007,1,1,13.999999999998636,0.5799999999999841,5.0,474.8899,0.07990000000000919,2,2023,14
QQQ,2023-12-21,long,407.92,406.135,2023-12-21T15:15:00+00:00,2023-12-21T15:20:00+00:00,407.12,0.07999999999998408,405.81,409.74,2,2,2023-12-21T15:25:00+00:00,407.14,2023-12-21T15:28:00+00:00,405.79,STOP_LOSS,-2.699999999999932,0.325172,0.07999999999992724,-3.025171999999932,-1.0305343511450102,-1.1546458015266896,4.685382947700141,2.6200000000000045,0.005,0.0027959294141432483,,HYP-FCR-04,stress,937.0765895400283,934.0514175400284,7.999999999998408,0.8688000000000009,0.09208103130753223,1,1,31.499999999999773,1.3100000000000023,5.0,405.27,0.5400000000000205,2,2023,10
SPY,2023-12-21,short,472.3,470.98,2023-12-21T15:25:00+00:00,2023-12-21T15:55:00+00:00,471.17,0.2400000000000091,472.39,468.7300000000001,2,2,2023-12-21T16:00:00+00:00,471.14000000000004,2023-12-21T20:38:00+00:00,472.40999999999997,STOP_LOSS,-2.53999999999985,0.37742,0.09999999999990905,-2.91741999999985,-1.0409836065573408,-1.195663934426197,4.769126357200115,2.439999999999941,0.005,0.0025581205206653716,,HYP-FCR-04,stress,953.825271440023,950.9078514400231,24.00000000000091,0.6631142857142801,0.36192856219571673,6,6,7.999999999998408,1.2199999999999704,30.0,471.59,0.8000000000000114,7,2023,11
QQQ,2023-12-22,long,409.97,408.77,2023-12-22T17:35:00+00:00,2023-12-22T17:40:00+00:00,409.04,0.08999999999997499,408.69,409.74000000000007,2,2,2023-12-22T17:45:00+00:00,409.06,2023-12-22T19:04:00+00:00,408.67,STOP_LOSS,-0.7799999999999727,0.32709200000000005,0.07999999999992724,-1.1070919999999727,-1.1142857142856029,-1.5815599999998582,4.670257087700143,0.7000000000000455,0.005,0.0007494234116614327,,HYP-FCR-04,stress,934.0514175400284,932.9443255400284,8.999999999997499,0.3181142857142853,0.28291719058731174,1,1,6.999999999999318,0.35000000000002274,5.0,408.695,0.0049999999999954525,2,2023,12
SPY,2023-12-22,long,475.38,473.77,2023-12-22T17:25:00+00:00,2023-12-22T17:40:00+00:00,474.3801,0.05500000000000682,473.76,475.6203000000001,2,2,2023-12-22T17:45:00+00:00,474.4,2023-12-22T19:05:00+00:00,473.74,STOP_LOSS,-1.3199999999999363,0.37925600000000004,0.07979999999986376,-1.6992559999999364,-1.0643444605707622,-1.3701467505239775,4.754539257200116,1.2402000000000726,0.005,0.0013042273214191628,,HYP-FCR-04,stress,950.9078514400231,949.2085954400231,5.500000000000682,0.2857428571428581,0.19248075192483077,3,3,0.0,0.6201000000000363,15.0,474.0,0.2400000000000091,4,2023,12
QQQ,2023-12-26,short,410.24,409.15,2023-12-26T15:40:00+00:00,2023-12-26T15:50:00+00:00,409.775,0.11000000000001364,410.425,408.4749999999999,2,2,2023-12-26T15:55:00+00:00,409.76,2023-12-26T18:24:00+00:00,410.445,STOP_LOSS,-1.3700000000000045,0.328082,0.06999999999993634,-1.6980820000000045,-1.0538461538461021,-1.306216923076858,4.664721627700143,1.3000000000000682,0.005,0.0013934379195109762,,HYP-FCR-04,stress,932.9443255400284,931.2462435400284,11.000000000001364,0.274942857142865,0.4000831341577853,2,2,17.500000000001137,0.6500000000000341,10.0,410.36,0.06499999999999773,3,2023,10
SPY,2023-12-27,short,476.14,475.27,2023-12-27T15:00:00+00:00,2023-12-27T15:15:00+00:00,475.48,0.14999999999997726,476.15,474.1400000000001,1,1,2023-12-27T15:20:00+00:00,475.46000000000004,2023-12-27T18:06:00+00:00,476.16999999999996,STOP_LOSS,-0.7099999999999227,0.190326,0.03999999999996362,-0.9003259999999227,-1.0597014925372628,-1.343770149253698,4.746042977200116,0.6699999999999591,0.005,0.0007058511724594826,,HYP-FCR-04,stress,949.2085954400231,948.3082694400232,14.999999999997726,0.3490399999999966,0.42975017190000786,3,3,0.0,0.6699999999999591,15.0,476.03,0.12000000000000455,4,2023,10
QQQ,2023-12-27,long,411.655,410.94,2023-12-27T18:05:00+00:00,2023-12-27T18:10:00+00:00,411.32,0.10000000000002274,410.86,412.23999999999995,2,2,2023-12-27T18:15:00+00:00,411.35999999999996,2023-12-27T19:00:00+00:00,410.84000000000003,STOP_LOSS,-1.03999999999985,0.32888000000000006,0.11999999999989086,-1.36887999999985,-1.1304347826085828,-1.487913043478164,4.656231217700142,0.9199999999999591,0.005,0.0009879234481555404,,HYP-FCR-04,stress,931.2462435400284,929.8773635400286,10.000000000002274,0.2876071428571346,0.3476965106172503,1,1,6.999999999999318,0.45999999999997954,5.0,410.57,0.29000000000002046,2,2023,13
QQQ,2023-12-28,long,412.92,411.84,2023-12-28T15:20:00+00:00,2023-12-28T15:30:00+00:00,412.2,0.1349999999999909,411.71000000000004,413.1799999999999,2,2,2023-12-28T15:35:00+00:00,412.21999999999997,2023-12-28T16:19:00+00:00,411.69000000000005,STOP_LOSS,-1.0599999999998317,0.329564,0.07999999999992724,-1.3895639999998317,-1.0816326530611582,-1.4179224489795583,4.649386817700143,0.9799999999999045,0.005,0.0010539024159799523,,HYP-FCR-04,stress,929.8773635400286,928.4877995400287,13.49999999999909,0.3342153846153818,0.4039311360706814,2,2,11.99999999999477,0.48999999999995225,10.0,411.76,0.049999999999954525,3,2023,10
SPY,2023-12-28,short,477.385,476.8,2023-12-28T15:50:00+00:00,2023-12-28T16:00:00+00:00,476.985,0.08500000000003638,477.505,475.94500000000005,1,1,2023-12-28T16:05:00+00:00,476.96000000000004,2023-12-28T18:37:00+00:00,477.525,STOP_LOSS,-0.5649999999999409,0.190897,0.04499999999995907,-0.7558969999999409,-1.086538461538386,-1.453648076923014,4.741541347200116,0.5199999999999818,0.005,0.0005483448966516365,,HYP-FCR-04,stress,948.3082694400232,947.5523724400233,8.500000000003638,0.2399928571428518,0.3541772076551492,2,2,11.000000000001364,0.5199999999999818,10.0,477.48,0.024999999999977263,3,2023,11
SPY,2023-12-29,short,476.93,476.41,2023-12-29T15:05:00+00:00,2023-12-29T15:15:00+00:00,476.6699,0.014999999999986358,477.03999999999996,475.9297,1,1,2023-12-29T15:20:00+00:00,476.64000000000004,2023-12-29T15:42:00+00:00,475.9497,TAKE_PROFIT,0.6903000000000361,0.19051794,0.049899999999922784,0.4997820600000361,1.8651715752501337,1.3503973520671815,4.7377618622001165,0.37009999999997945,0.005,0.00039058527081404723,,HYP-FCR-04,stress,947.5523724400233,948.0521545000233,1.4999999999986358,0.23999999999999205,0.062499999999945224,2,2,9.99999999999659,0.37009999999997945,10.0,476.835,0.20499999999998408,3,2023,10
SPY,2024-01-02,long,472.8,471.36,2024-01-02T15:35:00+00:00,2024-01-02T15:45:00+00:00,471.67,0.009999999999990905,471.29,472.43,2,2,2024-01-02T15:50:00+00:00,471.6898,2024-01-02T16:11:00+00:00,472.41,TAKE_PROFIT,1.4404000000000678,0.37763992,0.07959999999991396,1.0627600800000678,1.895263157894849,1.3983685263158954,4.7402607725001165,0.7599999999999909,0.005,0.0008016436610502657,,HYP-FCR-04,stress,948.0521545000233,949.1149145800234,0.9999999999990905,0.5196500000000006,0.019243721735766176,2,2,6.000000000000227,0.37999999999999545,10.0,471.5,0.20999999999997954,3,2024,10
QQQ,2024-01-02,long,406.09,402.5,2024-01-02T16:00:00+00:00,2024-01-02T16:05:00+00:00,402.97,0.12000000000000455,402.31,404.2900000000001,2,2,2024-01-02T16:10:00+00:00,402.97999999999996,2024-01-02T18:08:00+00:00,402.29,STOP_LOSS,-1.3799999999998818,0.322108,0.059999999999831743,-1.7021079999998818,-1.0454545454544162,-1.2894757575756193,4.642438997700144,1.32000000000005,0.005,0.0014216664997148867,,HYP-FCR-04,stress,928.4877995400287,926.7856915400289,12.000000000000455,0.5853999999999928,0.2049880423642057,1,1,18.000000000000682,0.660000000000025,5.0,402.07,0.2400000000000091,2,2024,11
QQQ,2024-01-03,long,400.76,399.26,2024-01-03T15:55:00+00:00,2024-01-03T16:00:00+00:00,399.9399,0.2599999999999909,398.96000000000004,401.8997,2,2,2024-01-03T16:05:00+00:00,399.96,2024-01-03T16:40:00+00:00,398.94000000000005,STOP_LOSS,-2.03999999999985,0.31956000000000007,0.08019999999987704,-2.35955999999985,-1.0409225431165823,-1.2039799979589154,4.6339284577001445,1.959799999999973,0.005,0.002114620475790251,,HYP-FCR-04,stress,926.7856915400289,924.426131540029,25.99999999999909,0.7152714285714329,0.3634983722462852,1,1,28.999999999996362,0.9798999999999864,5.0,398.81,0.1500000000000341,2,2024,11
SPY,2024-01-03,long,470.53,469.65,2024-01-03T17:35:00+00:00,2024-01-03T18:00:00+00:00,470.445,0.36000000000001364,469.63,472.075,2,2,2024-01-03T18:05:00+00:00,470.46,2024-01-03T19:00:00+00:00,469.61,STOP_LOSS,-1.6999999999999318,0.376028,0.06999999999993634,-2.0760279999999316,-1.0429447852760347,-1.2736368098159125,4.745574572900117,1.6299999999999955,0.005,0.001717389512018425,,HYP-FCR-04,stress,949.1149145800234,947.0388865800235,36.000000000001364,0.31575714285713324,1.1401167262363354,5,5,0.9999999999990905,0.8149999999999977,25.0,469.83,0.19999999999998863,6,2024,13
QQQ,2024-01-04,short,397.56,396.1928,2024-01-04T20:10:00+00:00,2024-01-04T20:20:00+00:00,397.2401,0.05000000000001137,397.8599,396.0005,2,2,2024-01-04T20:25:00+00:00,397.21000000000004,2024-01-04T20:59:00+00:00,396.26,FORCED_SESSION_CLOSE,1.900000000000091,0.317388,0.10019999999985885,1.582612000000091,1.5327525008067904,1.276711842529926,4.622130657700145,1.2395999999999958,0.005,0.0013409400250671292,,HYP-FCR-04,stress,924.426131540029,926.0087435400291,5.000000000001137,0.3675500000000064,0.13603591348118757,2,2,28.989999999998872,0.6197999999999979,10.0,397.82,0.03989999999998872,3,2024,15
SPY,2024-01-04,short,469.26,468.11,2024-01-04T19:00:00+00:00,2024-01-04T20:20:00+00:00,468.23,0.13999999999998636,469.34,466.0100000000001,2,2,2024-01-04T20:25:00+00:00,468.21000000000004,2024-01-04T20:59:00+00:00,467.28999999999996,FORCED_SESSION_CLOSE,1.8400000000001455,0.37420000000000003,0.07999999999992724,1.4658000000001454,0.8288288288289266,0.6602702702703614,4.735194432900117,2.2199999999999136,0.005,0.0023441487265817005,,HYP-FCR-04,stress,947.0388865800235,948.5046865800236,13.999999999998636,0.371600000000013,0.37674919268025153,16,16,6.999999999999318,1.1099999999999568,80.0,468.995,0.34499999999997044,17,2024,15
SPY,2024-01-05,short,468.59,467.13,2024-01-05T17:00:00+00:00,2024-01-05T17:05:00+00:00,467.58,0.03000000000002956,468.84999999999997,465.04,2,2,2024-01-05T17:10:00+00:00,467.565,2024-01-05T19:10:00+00:00,468.86999999999995,STOP_LOSS,-2.6099999999999,0.374574,0.06999999999993634,-2.9845739999999,-1.0275590551180855,-1.175029133858245,4.742523432900119,2.5399999999999636,0.005,0.0026778992617931237,,HYP-FCR-04,stress,948.5046865800236,945.5201125800237,3.000000000002956,0.49257857142856665,0.06090398921135394,1,1,25.0,1.2699999999999818,5.0,468.95,0.10000000000002274,2,2024,12
QQQ,2024-01-05,short,397.57,396.16,2024-01-05T17:05:00+00:00,2024-01-05T17:10:00+00:00,397.0457,0.6213000000000193,397.88169999999997,395.3737000000001,2,2,2024-01-05T17:15:00+00:00,397.03000000000003,2024-01-05T20:28:00+00:00,395.3937000000001,TAKE_PROFIT,3.2725999999998976,0.31696948,0.07139999999992597,2.9556305199998976,1.9572966507177454,1.7677216028708453,4.630043717700145,1.6719999999999118,0.005,0.0018055985018111606,,HYP-FCR-04,stress,926.0087435400291,928.964374060029,62.13000000000193,0.5236785714285678,1.1864147855146057,1,1,30.169999999998254,0.8359999999999559,5.0,398.06,0.17830000000003565,2,2024,12
QQQ,2024-01-10,long,406.9,405.4591,2024-01-10T15:05:00+00:00,2024-01-10T15:15:00+00:00,406.23,0.29000000000002046,405.16,408.37,2,2,2024-01-10T15:20:00+00:00,406.255,2024-01-10T19:05:00+00:00,408.35,TAKE_PROFIT,4.190000000000055,0.325842,0.08999999999991815,3.8641580000000544,1.9579439252336828,1.805681308411252,4.644821870300145,2.1399999999999864,0.005,0.002303640548288347,,HYP-FCR-04,stress,928.964374060029,932.828532060029,29.000000000002046,0.6360099999999932,0.4559676734642908,2,2,28.909999999996217,1.0699999999999932,10.0,405.46000000000004,0.30000000000001137,3,2024,10
SPY,2024-01-10,long,475.34,474.14,2024-01-10T15:05:00+00:00,2024-01-10T15:30:00+00:00,474.8499,0.18000000000000682,473.86,476.82969999999995,1,1,2024-01-10T15:35:00+00:00,474.84999999999997,2024-01-10T19:26:00+00:00,476.80969999999996,TAKE_PROFIT,1.959699999999998,0.19033194,0.020099999999956708,1.769368059999998,1.9796949186786976,1.7874210122234957,4.727600562900118,0.9898999999999774,0.005,0.00104693701046597,,HYP-FCR-04,stress,945.5201125800237,947.2894806400237,18.000000000000682,0.4732538461538437,0.3803455618224243,5,5,26.99999999999818,0.9898999999999774,25.0,474.3,0.4399999999999977,6,2024,10
QQQ,2024-01-11,long,411.2004,408.4295,2024-01-11T18:55:00+00:00,2024-01-11T19:00:00+00:00,408.56,0.2599999999999909,407.935,409.81,2,2,2024-01-11T19:05:00+00:00,408.6101,2024-01-11T20:59:00+00:00,409.32,FORCED_SESSION_CLOSE,1.4198000000000093,0.32717204000000005,0.14019999999993615,1.0926279600000093,1.1358400000000075,0.8741023680000074,4.664142660300145,1.25,0.005,0.0013400104703482209,,HYP-FCR-04,stress,932.828532060029,933.921160020029,25.99999999999909,0.47463571428570667,0.5477885295489671,1,1,48.45000000000255,0.625,5.0,407.69,0.24500000000000455,2,2024,14
SPY,2024-01-11,long,478.12,475.72,2024-01-11T19:25:00+00:00,2024-01-11T19:30:00+00:00,476.08,0.060000000000002274,475.52,477.2,1,1,2024-01-11T19:35:00+00:00,476.09999999999997,2024-01-11T20:18:00+00:00,475.5,STOP_LOSS,-0.5999999999999659,0.19032,0.03999999999996362,-0.7903199999999659,-1.0714285714285061,-1.4112857142856476,4.736447403200119,0.5600000000000023,0.005,0.0005911603701348458,,HYP-FCR-04,stress,947.2894806400237,946.4991606400238,6.000000000000227,0.44313571428571663,0.1353987008172323,1,1,19.000000000005457,0.5600000000000023,5.0,475.53000000000003,0.010000000000047748,2,2024,14
QQQ,2024-01-16,short,409.02,406.83,2024-01-16T17:00:00+00:00,2024-01-16T17:05:00+00:00,408.434,0.08999999999997499,409.38,406.5420000000001,2,2,2024-01-16T17:10:00+00:00,408.41,2024-01-16T20:58:00+00:00,409.4,STOP_LOSS,-1.9799999999999045,0.32712399999999997,0.08799999999996544,-2.3071239999999045,-1.04651162790696,-1.219410147991532,4.669605800100145,1.891999999999939,0.005,0.002025866937161337,,HYP-FCR-04,stress,933.921160020029,931.6140360200291,8.999999999997499,0.8402357142857154,0.10711279997956764,1,1,35.000000000002274,0.9459999999999695,5.0,409.28,0.10000000000002274,2,2024,12
SPY,2024-01-16,short,475.61,473.47,2024-01-16T16:50:00+00:00,2024-01-16T17:05:00+00:00,474.65,0.060000000000002274,475.884,472.1819999999999,1,1,2024-01-16T17:10:00+00:00,474.62,2024-01-16T20:59:00+00:00,474.96999999999997,FORCED_SESSION_CLOSE,-0.3499999999999659,0.189918,0.049999999999954525,-0.5399179999999659,-0.28363047001617125,-0.43753484602913256,4.732495803200119,1.2340000000000373,0.005,0.0013037518164998744,,HYP-FCR-04,stress,946.4991606400238,945.9592426400238,6.000000000000227,0.7195285714285669,0.08338793257490393,3,3,26.400000000001,1.2340000000000373,15.0,475.33,0.5540000000000305,4,2024,12
SPY,2024-01-17,long,471.94,471.05,2024-01-17T15:00:00+00:00,2024-01-17T15:05:00+00:00,471.87,0.03999999999996362,471.04,473.53,2,2,2024-01-17T15:10:00+00:00,471.89,2024-01-17T18:15:00+00:00,471.02000000000004,STOP_LOSS,-1.7399999999998954,0.37716400000000005,0.07999999999992724,-2.1171639999998955,-1.0481927710842944,-1.2753999999999615,4.729796213200119,1.6599999999999682,0.005,0.0017548324760453405,,HYP-FCR-04,stress,945.9592426400238,943.8420786400239,3.999999999996362,0.5919749999999979,0.06757042104812494,1,1,0.0,0.8299999999999841,5.0,471.3,0.2599999999999909,2,2024,10
QQQ,2024-01-17,long,406.61,403.27,2024-01-17T15:00:00+00:00,2024-01-17T15:30:00+00:00,404.38,0.08699999999998909,402.91,407.31999999999994,2,2,2024-01-17T15:35:00+00:00,404.39,2024-01-17T20:52:00+00:00,407.29999999999995,TAKE_PROFIT,5.819999999999936,0.32467599999999996,0.05999999999994543,5.495323999999936,1.979591836734712,1.8691578231292676,4.658070180100146,2.939999999999941,0.005,0.0031558133372055945,,HYP-FCR-04,stress,931.6140360200291,937.109360020029,8.699999999998909,0.7896307692307687,0.11017807738766501,6,6,34.99999999999659,1.4699999999999704,30.0,403.92,1.009999999999991,7,2024,10
QQQ,2024-01-18,long,411.86,410.49,2024-01-18T15:10:00+00:00,2024-01-18T15:15:00+00:00,410.95,0.060000000000002274,410.45,411.95,2,2,2024-01-18T15:20:00+00:00,410.96999999999997,2024-01-18T15:37:00+00:00,411.93,TAKE_PROFIT,1.9200000000000728,0.32916,0.07999999999992724,1.5908400000000729,1.9200000000000728,1.5908400000000729,4.685546800100146,1.0,0.005,0.0010671113134315794,,HYP-FCR-04,stress,937.109360020029,938.7002000200291,6.000000000000227,0.7554099999999891,0.07942706609656099,1,1,3.000000000002956,0.5,5.0,410.33,0.12000000000000455,2,2024,10
SPY,2024-01-18,short,474.47,473.39,2024-01-18T15:55:00+00:00,2024-01-18T16:00:00+00:00,473.7,0.06999999999999318,474.67,471.75999999999993,1,1,2024-01-18T16:05:00+00:00,473.68,2024-01-18T16:21:00+00:00,474.69,STOP_LOSS,-1.009999999999991,0.189674,0.03999999999996362,-1.199673999999991,-1.0412371134020233,-1.2367773195875849,4.71921039320012,0.9700000000000273,0.005,0.001027714298770928,,HYP-FCR-04,stress,943.8420786400239,942.642404640024,6.999999999999318,0.5460214285714277,0.12820009680414246,1,1,18.999999999999773,0.9700000000000273,5.0,474.84,0.16999999999995907,2,2024,11
QQQ,2024-01-19,short,415.75,414.625,2024-01-19T15:05:00+00:00,2024-01-19T15:10:00+00:00,415.2399,0.009999999999990905,415.935,413.8496999999999,2,2,2024-01-19T15:15:00+00:00,415.218,2024-01-19T15:40:00+00:00,415.955,STOP_LOSS,-1.4739999999999327,0.3324692,0.08379999999988286,-1.8064691999999327,-1.0602790965327866,-1.2994311609839362,4.693501000100146,1.3902000000000498,0.005,0.0014809840244738278,,HYP-FCR-04,stress,938.7002000200291,936.8937308200292,0.9999999999990905,0.7399222222222256,0.013514934002059937,1,1,17.500000000001137,0.6951000000000249,5.0,415.86,0.07499999999998863,2,2024,10
SPY,2024-01-19,short,477.97,476.94,2024-01-19T15:05:00+00:00,2024-01-19T15:10:00+00:00,477.3491,0.029999999999972715,478.03999999999996,475.96730000000014,1,1,2024-01-19T15:15:00+00:00,477.33000000000004,2024-01-19T15:21:00+00:00,478.05999999999995,STOP_LOSS,-0.7299999999999045,0.191078,0.039099999999962165,-0.9210779999999045,-1.0565928499058699,-1.3331567520625,4.7132120232001204,0.6908999999999423,0.005,0.0007329396562249744,,HYP-FCR-04,stress,942.642404640024,941.7213266400241,2.9999999999972715,0.588766666666667,0.050953971578960595,1,1,5.999999999994543,0.6908999999999423,5.0,477.96999999999997,0.06999999999999318,2,2024,10
SPY,2024-01-22,short,485.2,483.9,2024-01-22T15:00:00+00:00,2024-01-22T15:30:00+00:00,483.98,0.015000000000043201,485.23,481.48,1,1,2024-01-22T15:35:00+00:00,483.97,2024-01-22T20:59:00+00:00,483.53999999999996,FORCED_SESSION_CLOSE,0.43000000000006366,0.193502,0.029999999999972715,0.23649800000006366,0.34400000000005093,0.18919840000005092,4.70860663320012,1.25,0.005,0.0013273565805925688,,HYP-FCR-04,stress,941.7213266400241,941.9578246400242,1.50000000000432,0.5961461538461558,0.025161614988652884,6,6,2.0000000000038654,1.25,30.0,484.69,0.5400000000000205,7,2024,10
SPY,2024-01-23,long,484.3737,483.54,2024-01-23T17:50:00+00:00,2024-01-23T17:55:00+00:00,483.91,0.18000000000000682,483.385,484.9600000000001,1,1,2024-01-23T18:00:00+00:00,483.93,2024-01-23T20:55:00+00:00,484.9400000000001,TAKE_PROFIT,1.0100000000001046,0.19377400000000003,0.03999999999996362,0.8162260000001046,1.923809523809598,1.5547161904762887,4.709789123200121,0.5250000000000341,0.005,0.0005573497945098195,,HYP-FCR-04,stress,941.9578246400242,942.7740506400244,18.000000000000682,0.25127857142857124,0.7163364507234706,1,1,14.500000000003865,0.5250000000000341,5.0,483.27,0.1150000000000091,2,2024,13
QQQ,2024-01-23,short,422.44,420.57,2024-01-23T18:20:00+00:00,2024-01-23T18:35:00+00:00,421.85,0.07000000000005002,422.52,420.5100000000001,2,2,2024-01-23T18:40:00+00:00,421.83000000000004,2024-01-23T19:45:00+00:00,422.53999999999996,STOP_LOSS,-1.4199999999998454,0.337748,0.07999999999992724,-1.7577479999998453,-1.0597014925372628,-1.3117522388059348,4.684468654100146,1.3399999999999181,0.005,0.001430258262937745,,HYP-FCR-04,stress,936.8937308200292,935.1359828200293,7.000000000005002,0.2778642857142789,0.25192154443349124,3,3,6.999999999999318,0.6699999999999591,15.0,422.27,0.25,4,2024,13
SPY,2024-01-24,long,487.83,486.95,2024-01-24T15:10:00+00:00,2024-01-24T15:15:00+00:00,487.32,0.060000000000002274,486.69,488.58,1,1,2024-01-24T15:20:00+00:00,487.33,2024-01-24T15:45:00+00:00,488.56,TAKE_PROFIT,1.2300000000000182,0.19517800000000002,0.029999999999972715,1.0348220000000181,1.9523809523809954,1.6425746031746438,4.713870253200122,0.6299999999999955,0.005,0.0006682407089718954,,HYP-FCR-04,stress,942.7740506400244,943.8088726400243,6.000000000000227,0.46251000000000886,0.1297269248232495,1,1,25.0,0.6299999999999955,5.0,486.5435,0.14650000000000318,2,2024,10
QQQ,2024-01-24,short,427.54,426.12,2024-01-24T19:10:00+00:00,2024-01-24T19:15:00+00:00,427.0,0.4200000000000159,427.65999999999997,425.68000000000006,2,2,2024-01-24T19:20:00+00:00,426.97,2024-01-24T20:20:00+00:00,425.70000000000005,TAKE_PROFIT,2.5399999999999636,0.34106800000000004,0.09999999999990905,2.1989319999999637,1.9242424242424896,1.6658575757576286,4.675679914100146,1.3199999999999363,0.005,0.0014115594140857433,,HYP-FCR-04,stress,935.1359828200293,937.3349148200293,42.00000000000159,0.4896428571428625,0.8577680525164345,1,1,10.99999999999568,0.6599999999999682,5.0,427.87,0.21000000000003638,2,2024,14
QQQ,2024-01-25,long,428.45,426.85,2024-01-25T15:00:00+00:00,2024-01-25T15:10:00+00:00,427.96,0.14999999999997726,426.58,430.71999999999997,2,2,2024-01-25T15:15:00+00:00,427.9815,2024-01-25T17:32:00+00:00,426.56,STOP_LOSS,-2.842999999999961,0.3418166,0.08299999999996999,-3.184816599999961,-1.0300724637681051,-1.1539190579710041,4.686674574100147,2.759999999999991,0.005,0.0029445185027914145,,HYP-FCR-04,stress,937.3349148200293,934.1500982200293,14.999999999997726,0.7438555555555568,0.2016520531166136,2,2,26.000000000004775,1.3799999999999955,10.0,427.05,0.4700000000000273,3,2024,10
SPY,2024-01-25,short,487.7,486.77,2024-01-25T15:30:00+00:00,2024-01-25T15:35:00+00:00,487.2914,0.3900000000000432,488.1801,485.51400000000007,1,1,2024-01-25T15:40:00+00:00,487.28000000000003,2024-01-25T19:01:00+00:00,485.53400000000005,TAKE_PROFIT,1.745999999999981,0.19456280000000004,0.03139999999996235,1.551437199999981,1.9646674918420577,1.7457378192866326,4.719044363200122,0.8886999999999716,0.005,0.0009416101350203436,,HYP-FCR-04,stress,943.8088726400243,945.3603098400243,39.00000000000432,0.5246500000000042,0.7433527113314402,1,1,47.01000000000022,0.8886999999999716,5.0,488.12,0.06009999999997717,2,2024,10
SPY,2024-01-26,long,488.35,487.235,2024-01-26T15:15:00+00:00,2024-01-26T15:25:00+00:00,488.14,0.19999999999998863,487.14,490.14,1,1,2024-01-26T15:30:00+00:00,488.1619,2024-01-26T17:48:00+00:00,487.12,STOP_LOSS,-1.0418999999999983,0.19505638,0.04189999999999827,-1.2369563799999983,-1.0418999999999983,-1.2369563799999983,4.726801549200122,1.0,0.005,0.001057797740809768,,HYP-FCR-04,stress,945.3603098400243,944.1233534600243,19.999999999998863,0.4737666666666674,0.4221487370716703,2,2,8.500000000003638,1.0,10.0,487.44,0.30000000000001137,3,2024,10
QQQ,2024-01-26,short,424.76,423.48,2024-01-26T17:35:00+00:00,2024-01-26T17:40:00+00:00,424.23,0.2300000000000182,424.86,422.97,2,2,2024-01-26T17:45:00+00:00,424.20000000000005,2024-01-26T20:59:00+00:00,423.78999999999996,FORCED_SESSION_CLOSE,0.8200000000001637,0.339196,0.09999999999990905,0.4808040000001637,0.6507936507937854,0.3815904761906089,4.670750491100147,1.259999999999991,0.005,0.001348819640870188,,HYP-FCR-04,stress,934.1500982200293,934.6309022200295,23.00000000000182,0.5132214285714147,0.44814964301127913,1,1,9.000000000003183,0.6299999999999955,5.0,425.40999999999997,0.5499999999999545,2,2024,12
QQQ,2024-01-29,long,425.12,423.85,2024-01-29T15:05:00+00:00,2024-01-29T15:15:00+00:00,424.72,0.150100000000009,423.75,426.6600000000001,2,2,2024-01-29T15:20:00+00:00,424.72999999999996,2024-01-29T16:00:00+00:00,423.73,STOP_LOSS,-1.9999999999998863,0.339384,0.059999999999831743,-2.339383999999886,-1.0309278350514588,-1.2058680412370208,4.673154511100147,1.9400000000000546,0.005,0.0020756857015876225,,HYP-FCR-04,stress,934.6309022200295,932.2915182200296,15.0100000000009,0.5195300000000088,0.28891498084808664,2,2,9.000000000003183,0.9700000000000273,10.0,423.855,0.10500000000001819,3,2024,10
SPY,2024-01-29,short,488.15,487.4568,2024-01-29T15:20:00+00:00,2024-01-29T15:25:00+00:00,487.67,0.39440000000001874,488.265,486.4800000000001,1,1,2024-01-29T15:30:00+00:00,487.66,2024-01-29T17:24:00+00:00,488.28499999999997,STOP_LOSS,-0.6249999999999432,0.195189,0.029999999999972715,-0.8201889999999432,-1.0504201680671836,-1.3784689075629983,4.720616767300122,0.5949999999999704,0.005,0.000630214259417918,,HYP-FCR-04,stress,944.1233534600243,943.3031644600244,39.440000000001874,0.359366666666664,1.0974863185233883,1,1,10.500000000001819,0.5949999999999704,5.0,488.25,0.014999999999986358,2,2024,10
SPY,2024-01-30,short,491.32,490.52,2024-01-30T15:00:00+00:00,2024-01-30T15:05:00+00:00,490.9346,0.09030000000001337,491.3696,490.0646,1,1,2024-01-30T15:10:00+00:00,490.9144,2024-01-30T16:48:00+00:00,491.3896,STOP_LOSS,-0.47519999999997253,0.1964608,0.04019999999997026,-0.6716607999999725,-1.0924137931033795,-1.5440478160918827,4.7165158223001225,0.4350000000000023,0.005,0.00046114549000692646,,HYP-FCR-04,stress,943.3031644600244,942.6315036600245,9.030000000001337,0.3977874999999855,0.22700562486256268,1,1,3.9600000000007185,0.4350000000000023,5.0,491.31,0.059599999999988995,2,2024,10
QQQ,2024-01-31,long,421.53,419.62,2024-01-31T17:00:00+00:00,2024-01-31T17:05:00+00:00,420.1,0.2300000000000182,419.37,421.56000000000006,2,2,2024-01-31T17:10:00+00:00,420.15,2024-01-31T17:37:00+00:00,419.35,STOP_LOSS,-1.599999999999909,0.33580000000000004,0.13999999999987267,-1.9357999999999091,-1.0958904109588146,-1.3258904109588088,4.661457591100148,1.4600000000000364,0.005,0.001566033768909032,,HYP-FCR-04,stress,932.2915182200296,930.3557182200298,23.00000000000182,0.4306357142857077,0.534094113354062,1,1,24.00000000000091,0.7300000000000182,5.0,419.17,0.19999999999998863,2,2024,12
SPY,2024-01-31,long,489.0813,487.52,2024-01-31T19:35:00+00:00,2024-01-31T19:40:00+00:00,488.45,0.9700000000000273,485.97,493.4099999999999,1,1,2024-01-31T19:45:00+00:00,488.46999999999997,2024-01-31T20:01:00+00:00,485.95000000000005,STOP_LOSS,-2.519999999999925,0.19488400000000003,0.03999999999996362,-2.714883999999925,-1.01612903225805,-1.0947112903225675,4.713157518300123,2.4799999999999613,0.005,0.002630932650108429,,HYP-FCR-04,stress,942.6315036600245,939.9166196600246,97.00000000000273,0.8327428571428551,1.1648253619708036,1,1,153.99999999999636,2.4799999999999613,5.0,486.14,0.16999999999995907,2,2024,14
SPY,2024-02-01,long,485.75,484.56,2024-02-01T15:00:00+00:00,2024-02-01T15:10:00+00:00,485.74,0.2699999999999818,484.25,488.72,1,1,2024-02-01T15:15:00+00:00,485.76,2024-02-01T15:59:00+00:00,484.23,STOP_LOSS,-1.5299999999999727,0.193998,0.03999999999996362,-1.7239979999999728,-1.026845637583868,-1.1570456375838674,4.699583098300123,1.490000000000009,0.005,0.001585246998333697,,HYP-FCR-04,stress,939.9166196600246,938.1926216600247,26.99999999999818,0.6688888888888869,0.4036544850498079,2,2,30.000000000001137,1.490000000000009,10.0,485.0,0.75,3,2024,10
QQQ,2024-02-01,long,419.5699,418.3399,2024-02-01T16:30:00+00:00,2024-02-01T16:35:00+00:00,419.15,0.02010000000001355,418.175,421.0999999999999,2,2,2024-02-01T16:40:00+00:00,419.16999999999996,2024-02-01T17:52:00+00:00,421.0799999999999,TAKE_PROFIT,3.8199999999999363,0.33609999999999995,0.07999999999992724,3.4838999999999363,1.9589743589743949,1.7866153846154145,4.651778591100149,1.9499999999999318,0.005,0.0020959724993475618,,HYP-FCR-04,stress,930.3557182200298,933.8396182200297,2.010000000001355,0.5797642857142762,0.03466926213857779,1,1,15.489999999999782,0.9749999999999659,5.0,418.175,0.0,2,2024,11
QQQ,2024-02-05,long,429.42,427.95,2024-02-05T17:20:00+00:00,2024-02-05T17:30:00+00:00,428.4,0.010000000000047748,427.7,429.79999999999995,2,2,2024-02-05T17:35:00+00:00,428.43,2024-02-05T20:59:00+00:00,428.43,FORCED_SESSION_CLOSE,0.0,0.34274400000000005,0.10000000000002274,-0.34274400000000005,0.0,-0.24481714285714687,4.6691980911001485,1.3999999999999773,0.005,0.0014991867689962493,,HYP-FCR-04,stress,933.8396182200297,933.4968742200297,1.0000000000047748,0.3737357142857109,0.026756875561544588,2,2,24.00000000000091,0.6999999999999886,10.0,428.01,0.3100000000000023,3,2024,12
SPY,2024-02-05,long,493.71,492.88,2024-02-05T17:30:00+00:00,2024-02-05T17:35:00+00:00,493.285,0.1449999999999818,492.74,494.37500000000006,1,1,2024-02-05T17:40:00+00:00,493.29999999999995,2024-02-05T18:01:00+00:00,492.72,STOP_LOSS,-0.5799999999999272,0.19720400000000002,0.034999999999911324,-0.7772039999999273,-1.064220183486074,-1.4260623853209258,4.6909631083001235,0.5450000000000159,0.005,0.0005809041634069779,,HYP-FCR-04,stress,938.1926216600247,937.4154176600247,14.499999999998181,0.3458499999999885,0.4192569032817309,1,1,12.999999999999545,0.5450000000000159,5.0,492.625,0.1150000000000091,2,2024,12
SPY,2024-02-06,long,494.32,492.98,2024-02-06T18:30:00+00:00,2024-02-06T18:35:00+00:00,493.33,0.06499999999999773,492.89,494.21,1,1,2024-02-06T18:40:00+00:00,493.34999999999997,2024-02-06T19:06:00+00:00,492.87,STOP_LOSS,-0.47999999999996135,0.197244,0.03999999999996362,-0.6772439999999613,-1.0909090909090087,-1.5391909090908291,4.687077088300123,0.4399999999999977,0.005,0.00046937568095298157,,HYP-FCR-04,stress,937.4154176600247,936.7381736600247,6.499999999999773,0.35992857142856644,0.1805913871799922,1,1,8.000000000004093,0.4399999999999977,5.0,492.52,0.37000000000000455,2,2024,13
SPY,2024-02-08,long,498.35,497.66,2024-02-08T15:45:00+00:00,2024-02-08T15:50:00+00:00,498.17,0.15899999999999181,497.64,499.2300000000001,1,1,2024-02-08T15:55:00+00:00,498.18,2024-02-08T16:16:00+00:00,497.62,STOP_LOSS,-0.5600000000000023,0.19916,0.029999999999972715,-0.7591600000000023,-1.056603773584851,-1.4323773584904904,4.683690868300124,0.5300000000000296,0.005,0.0005657931051632206,,HYP-FCR-04,stress,936.7381736600247,935.9790136600247,15.899999999999181,0.33061428571428614,0.4809229572656705,1,1,1.0000000000047748,0.5300000000000296,5.0,497.69,0.05000000000001137,2,2024,10
SPY,2024-02-12,long,501.47,501.14,2024-02-12T15:20:00+00:00,2024-02-12T15:25:00+00:00,501.325,0.015000000000043201,501.1,501.7749999999999,1,1,2024-02-12T15:30:00+00:00,501.35499999999996,2024-02-12T15:46:00+00:00,501.75499999999994,TAKE_PROFIT,0.39999999999997726,0.200622,0.049999999999954525,0.19937799999997727,1.7777777777779462,0.8861244444444777,4.679895068300124,0.2249999999999659,0.005,0.00024039000524181896,,HYP-FCR-04,stress,935.9790136600247,936.1783916600248,1.50000000000432,0.19593333333332907,0.07655665192264474,1,1,2.9999999999972715,0.2249999999999659,5.0,501.1388,0.03879999999998063,2,2024,10
QQQ,2024-02-12,short,437.45,436.3806,2024-02-12T18:30:00+00:00,2024-02-12T18:35:00+00:00,436.41,0.2950000000000159,437.57,434.0900000000001,2,2,2024-02-12T18:40:00+00:00,436.409,2024-02-12T20:59:00+00:00,435.33,FORCED_SESSION_CLOSE,2.1580000000000155,0.34869560000000005,0.04200000000003001,1.8093044000000154,0.9301724137931356,0.7798725862069246,4.667484371100149,2.3199999999999363,0.005,0.0024852788092497684,,HYP-FCR-04,stress,933.4968742200297,935.3061786200296,29.50000000000159,0.39492142857141793,0.7469840293729918,1,1,11.000000000001364,1.1599999999999682,5.0,438.06,0.4900000000000091,2,2024,13
SPY,2024-02-13,long,495.19,493.62,2024-02-13T15:15:00+00:00,2024-02-13T15:25:00+00:00,494.89,0.37000000000000455,493.21000000000004,498.2499999999999,1,1,2024-02-13T15:30:00+00:00,494.91499999999996,2024-02-13T19:02:00+00:00,493.19000000000005,STOP_LOSS,-1.724999999999909,0.19762100000000002,0.04499999999995907,-1.922620999999909,-1.0267857142856907,-1.144417261904742,4.680891958300124,1.67999999999995,0.005,0.0017945297765535756,,HYP-FCR-04,stress,936.1783916600248,934.2557706600248,37.000000000000455,0.5868333333333359,0.6305026980971365,2,2,39.999999999997726,1.67999999999995,10.0,493.57,0.3599999999999568,3,2024,10
QQQ,2024-02-13,short,428.665,426.28,2024-02-13T17:50:00+00:00,2024-02-13T17:55:00+00:00,428.41,0.4701000000000022,429.27799999999996,426.67400000000015,2,2,2024-02-13T18:00:00+00:00,428.39000000000004,2024-02-13T19:13:00+00:00,426.69400000000013,TAKE_PROFIT,3.3919999999998254,0.3420336000000001,0.07999999999992724,3.049966399999825,1.9539170506912829,1.756893087557628,4.676530893100148,1.7359999999998763,0.005,0.0018560766941165803,,HYP-FCR-04,stress,935.3061786200296,938.3561450200294,47.01000000000022,0.5143357142857131,0.9139944727595991,1,1,60.29999999999518,0.8679999999999382,5.0,429.545,0.26700000000005275,2,2024,13
QQQ,2024-02-14,short,431.97,430.13,2024-02-14T15:35:00+00:00,2024-02-14T15:40:00+00:00,431.33,0.22019999999997708,432.26,429.46999999999997,2,2,2024-02-14T15:45:00+00:00,431.31,2024-02-14T16:01:00+00:00,429.48999999999995,TAKE_PROFIT,3.6400000000001,0.34432,0.07999999999992724,3.2956800000001,1.9569892473118673,1.7718709677419762,4.6917807251001475,1.8600000000000136,0.005,0.001982189821925567,,HYP-FCR-04,stress,938.3561450200294,941.6518250200295,22.019999999997708,0.6712214285714343,0.3280586563939569,1,1,27.99999999999727,0.9300000000000068,5.0,432.45,0.18999999999999773,2,2024,10
SPY,2024-02-14,short,497.3,495.78,2024-02-14T15:40:00+00:00,2024-02-14T15:45:00+00:00,497.02,0.12000000000000455,497.36,496.3399999999999,1,1,2024-02-14T15:50:00+00:00,497.0099,2024-02-14T15:54:00+00:00,496.3599999999999,TAKE_PROFIT,0.649900000000116,0.19867398,0.030099999999947613,0.451226020000116,1.9114705882354566,1.3271353529413934,4.671278853300124,0.34000000000003183,0.005,0.00036392603682804293,,HYP-FCR-04,stress,934.2557706600248,934.706996680025,12.000000000000455,0.5221500000000064,0.22981901752370595,1,1,5.000000000001137,0.34000000000003183,5.0,497.6599,0.2998999999999796,2,2024,10
QQQ,2024-02-15,long,434.28,432.03,2024-02-15T15:05:00+00:00,2024-02-15T15:10:00+00:00,433.17,0.20999999999997954,431.89,435.7300000000001,2,2,2024-02-15T15:15:00+00:00,433.19,2024-02-15T16:04:00+00:00,431.87,STOP_LOSS,-2.6399999999999864,0.346024,0.07999999999992724,-2.9860239999999862,-1.031249999999971,-1.1664156249999678,4.708259125100148,2.560000000000059,0.005,0.002718626919185981,,HYP-FCR-04,stress,941.6518250200295,938.6658010200294,20.999999999997954,0.7774000000000127,0.27013120658602535,1,1,12.999999999999545,1.2800000000000296,5.0,431.95,0.060000000000002274,2,2024,10
SPY,2024-02-15,short,500.38,499.2699,2024-02-15T15:25:00+00:00,2024-02-15T15:30:00+00:00,499.58,0.0049999999999954525,500.58,497.58,1,1,2024-02-15T15:35:00+00:00,499.55,2024-02-15T17:45:00+00:00,500.59999999999997,STOP_LOSS,-1.0499999999999545,0.20003,0.049999999999954525,-1.2500299999999545,-1.0499999999999545,-1.2500299999999545,4.673534983400125,1.0,0.005,0.0010698539794308682,,HYP-FCR-04,stress,934.706996680025,933.4569666800251,0.49999999999954525,0.5682692307692299,0.00879864636209015,1,1,18.999999999999773,1.0,5.0,500.4201,0.15989999999999327,2,2024,10
SPY,2024-02-16,long,501.91,499.29,2024-02-16T15:00:00+00:00,2024-02-16T15:10:00+00:00,500.16,0.029999999999972715,498.74,503.00000000000006,1,1,2024-02-16T15:15:00+00:00,500.18,2024-02-16T20:59:00+00:00,499.47,FORCED_SESSION_CLOSE,-0.7099999999999795,0.19993000000000002,0.03999999999996362,-0.9099299999999796,-0.49999999999997996,-0.6407957746478657,4.667284833400125,1.420000000000016,0.005,0.0015212270631504864,,HYP-FCR-04,stress,933.4569666800251,932.547036680025,2.9999999999972715,0.6685666666666698,0.04487211447370879,2,2,54.000000000002046,1.420000000000016,10.0,499.64,0.8999999999999773,3,2024,10
QQQ,2024-02-16,long,434.99,430.72,2024-02-16T15:35:00+00:00,2024-02-16T15:40:00+00:00,431.9003,0.7100000000000364,430.54,434.6209,2,2,2024-02-16T15:45:00+00:00,431.93,2024-02-16T20:47:00+00:00,430.52000000000004,STOP_LOSS,-2.8199999999999363,0.34498,0.09939999999994598,-3.1649799999999364,-1.0365360582224312,-1.1633389693449783,4.693329005100147,2.7205999999999904,0.005,0.0028983691501741817,,HYP-FCR-04,stress,938.6658010200294,935.5008210200295,71.00000000000364,0.94711428571428,0.7496455398353321,1,1,17.00000000000159,1.3602999999999952,5.0,430.68,0.13999999999998636,2,2024,10
SPY,2024-02-20,long,498.41,496.17,2024-02-20T15:40:00+00:00,2024-02-20T15:45:00+00:00,496.595,0.11000000000001364,496.02,497.7450000000001,1,1,2024-02-20T15:50:00+00:00,496.60999999999996,2024-02-20T16:56:00+00:00,496.0,STOP_LOSS,-0.6099999999999568,0.19852199999999998,0.034999999999911324,-0.8085219999999568,-1.0608695652172322,-1.406125217391118,4.662735183400125,0.5750000000000455,0.005,0.0006165908821576569,,HYP-FCR-04,stress,932.547036680025,931.7385146800251,11.000000000001364,0.5017785714285716,0.21922020242283738,1,1,14.00000000000432,0.5750000000000455,5.0,495.909,0.11099999999999,2,2024,10
QQQ,2024-02-20,long,430.08,425.69,2024-02-20T15:50:00+00:00,2024-02-20T15:55:00+00:00,426.45,0.14999999999997726,425.54,428.2699999999999,2,2,2024-02-20T16:00:00+00:00,426.46999999999997,2024-02-20T16:33:00+00:00,425.52000000000004,STOP_LOSS,-1.8999999999998636,0.34079600000000004,0.07999999999992724,-2.2407959999998637,-1.0439560439560056,-1.2312065934065615,4.677504105100148,1.8199999999999363,0.005,0.0019454819911493902,,HYP-FCR-04,stress,935.5008210200295,933.2600250200297,14.999999999997726,0.6774714285714286,0.22141155135690294,1,1,13.999999999998636,0.9099999999999682,5.0,425.25,0.29000000000002046,2,2024,11
QQQ,2024-02-21,short,424.96,423.445,2024-02-21T15:20:00+00:00,2024-02-21T15:30:00+00:00,423.99,0.15579999999999927,424.99,421.99,2,2,2024-02-21T15:35:00+00:00,423.97,2024-02-21T16:14:00+00:00,425.01,STOP_LOSS,-2.0799999999999272,0.339592,0.07999999999992724,-2.4195919999999274,-1.0399999999999636,-1.2097959999999637,4.666300125100149,2.0,0.005,0.002143025465981012,,HYP-FCR-04,stress,933.2600250200297,930.8404330200298,15.579999999999927,0.7888615384615429,0.19749980497698524,2,2,2.0000000000038654,1.0,10.0,424.73,0.2599999999999909,3,2024,10
SPY,2024-02-21,short,495.6803,494.91,2024-02-21T15:25:00+00:00,2024-02-21T15:30:00+00:00,495.195,0.2999999999999545,495.86,493.86499999999995,1,1,2024-02-21T15:35:00+00:00,495.175,2024-02-21T16:08:00+00:00,495.88,STOP_LOSS,-0.7049999999999841,0.19821100000000003,0.03999999999996362,-0.9032109999999841,-1.060150375939793,-1.3582120300751224,4.658692573400126,0.6650000000000205,0.005,0.0007137195570673526,,HYP-FCR-04,stress,931.7385146800251,930.8353036800252,29.999999999995453,0.44655384615385596,0.6718114793632128,1,1,16.970000000003438,0.6650000000000205,5.0,495.83,0.03000000000002956,2,2024,10
QQQ,2024-02-22,short,436.285,433.71,2024-02-22T15:35:00+00:00,2024-02-22T15:40:00+00:00,435.43,0.009899999999959164,436.4,433.49000000000007,2,2,2024-02-22T15:45:00+00:00,435.39000000000004,2024-02-22T16:19:00+00:00,436.41999999999996,STOP_LOSS,-2.0599999999998317,0.348724,0.11999999999989086,-2.4087239999998316,-1.0618556701030384,-1.2416103092783015,4.654202165100149,1.9399999999999409,0.005,0.002084138087669636,,HYP-FCR-04,stress,930.8404330200298,928.43170902003,0.9899999999959164,0.8192571428571357,0.012084118016271666,1,1,10.499999999996135,0.9699999999999704,5.0,436.26,0.13999999999998636,2,2024,10
SPY,2024-02-22,short,505.425,503.02,2024-02-22T15:35:00+00:00,2024-02-22T15:45:00+00:00,504.59,0.160000000000025,505.7099,502.3501999999999,1,1,2024-02-22T15:50:00+00:00,504.58000000000004,2024-02-22T16:33:00+00:00,505.7299,STOP_LOSS,-1.1498999999999455,0.20206198,0.029999999999915872,-1.3519619799999456,-1.0267881060808242,-1.2072166979193766,4.654176518400126,1.1199000000000296,0.005,0.0012031129412180047,,HYP-FCR-04,stress,930.8353036800252,929.4833417000252,16.0000000000025,0.6008142857142867,0.2663052523955996,2,2,27.490000000000236,1.1199000000000296,10.0,505.63,0.07990000000000919,3,2024,10
QQQ,2024-02-26,short,438.4,436.355,2024-02-26T16:55:00+00:00,2024-02-26T17:05:00+00:00,437.818,0.18000000000000682,438.525,436.404,2,2,2024-02-26T17:10:00+00:00,437.81,2024-02-26T17:26:00+00:00,438.54499999999996,STOP_LOSS,-1.4699999999999136,0.350542,0.05599999999992633,-1.8205419999999135,-1.039603960395988,-1.287512022630785,4.64215854510015,1.4139999999999873,0.005,0.0015229983920868881,,HYP-FCR-04,stress,928.43170902003,926.61116702003,18.000000000000682,0.43259285714285867,0.41609563594935634,2,2,11.50000000000091,0.7069999999999936,10.0,438.515,0.009999999999990905,3,2024,12
QQQ,2024-02-27,short,437.89,435.81,2024-02-27T15:20:00+00:00,2024-02-27T15:40:00+00:00,436.97,0.07000000000005002,438.0,434.9100000000001,2,2,2024-02-27T15:45:00+00:00,436.958,2024-02-27T20:59:00+00:00,437.64,FORCED_SESSION_CLOSE,-1.363999999999919,0.3498392,0.06399999999996453,-1.713839199999919,-0.6621359223300753,-0.8319607766990118,4.6330558351001505,2.0599999999999454,0.005,0.002223154731261096,,HYP-FCR-04,stress,926.61116702003,924.8973278200301,7.000000000005002,0.6163285714285597,0.11357578286172948,4,4,10.000000000002274,1.0299999999999727,20.0,437.49,0.5099999999999909,5,2024,10
SPY,2024-02-27,long,506.74,505.53,2024-02-27T16:45:00+00:00,2024-02-27T16:55:00+00:00,505.9,0.09039999999998827,505.51,506.67999999999995,1,1,2024-02-27T17:00:00+00:00,505.94,2024-02-27T17:22:00+00:00,505.49,STOP_LOSS,-0.44999999999998863,0.20228600000000002,0.060000000000002274,-0.6522859999999886,-1.153846153846165,-1.6725282051282344,4.647416708500126,0.38999999999998636,0.005,0.00041958793934561135,,HYP-FCR-04,stress,929.4833417000252,928.8310557000252,9.039999999998827,0.29524285714286486,0.30618860986108354,2,2,0.9999999999990905,0.38999999999998636,10.0,505.57,0.060000000000002274,3,2024,12
QQQ,2024-02-28,short,435.98,434.3,2024-02-28T17:20:00+00:00,2024-02-28T17:30:00+00:00,435.05,0.040000000000020464,436.03999999999996,433.0700000000001,2,2,2024-02-28T17:35:00+00:00,435.04,2024-02-28T18:30:00+00:00,436.05999999999995,STOP_LOSS,-2.03999999999985,0.34843999999999997,0.05999999999994543,-2.38843999999985,-1.0303030303030043,-1.2062828282828106,4.624486639100151,1.9799999999999045,0.005,0.0021407781603896905,,HYP-FCR-04,stress,924.8973278200301,922.5088878200303,4.000000000002046,0.3559214285714266,0.112384354492422,2,2,4.9999999999954525,0.9899999999999523,10.0,435.9,0.13999999999998636,3,2024,12
SPY,2024-02-28,short,505.82,504.96,2024-02-28T17:30:00+00:00,2024-02-28T17:35:00+00:00,505.5211,0.06400000000002137,506.06,504.44329999999997,1,1,2024-02-28T17:40:00+00:00,505.5,2024-02-28T18:16:00+00:00,506.08,STOP_LOSS,-0.5799999999999841,0.202316,0.041099999999971715,-0.782315999999984,-1.0762664687325492,-1.4516904806085842,4.6441552785001265,0.5389000000000124,0.005,0.0005801916254768889,,HYP-FCR-04,stress,928.8310557000252,928.0487397000252,6.400000000002137,0.3086071428571456,0.2073834046985977,1,1,23.00000000000182,0.5389000000000124,5.0,506.21,0.14999999999997726,2,2024,12
QQQ,2024-02-29,long,439.27,437.98,2024-02-29T18:00:00+00:00,2024-02-29T18:10:00+00:00,438.4,0.029999999999972715,437.91,439.3799999999999,2,2,2024-02-29T18:15:00+00:00,438.41999999999996,2024-02-29T19:28:00+00:00,437.89000000000004,STOP_LOSS,-1.0599999999998317,0.350524,0.07999999999992724,-1.4105239999998318,-1.0816326530611582,-1.4393102040816013,4.6125444391001515,0.9799999999999045,0.005,0.0010623203883875101,,HYP-FCR-04,stress,922.5088878200303,921.0983638200305,2.9999999999972715,0.389085714285715,0.07710383316192122,2,2,6.000000000000227,0.48999999999995225,10.0,437.95,0.03999999999996362,3,2024,13
SPY,2024-02-29,long,508.8455,507.99,2024-02-29T20:25:00+00:00,2024-02-29T20:30:00+00:00,508.28,0.10000000000002274,507.96500000000003,508.90999999999985,1,1,2024-02-29T20:35:00+00:00,508.29999999999995,2024-02-29T20:48:00+00:00,508.8899999999999,TAKE_PROFIT,0.5899999999999181,0.20343799999999998,0.03999999999996362,0.38656199999991814,1.8730158730159647,1.2271809523809227,4.640243698500126,0.3149999999999409,0.005,0.0003394218283209553,,HYP-FCR-04,stress,928.0487397000252,928.4353017000251,10.000000000002274,0.29814285714285965,0.335409678965095,1,1,1.4999999999986358,0.3149999999999409,5.0,507.92,0.045000000000015916,2,2024,15
QQQ,2024-03-04,long,445.73,444.59,2024-03-04T15:25:00+00:00,2024-03-04T15:35:00+00:00,445.54,0.03989999999998872,444.44,447.74000000000007,2,2,2024-03-04T15:40:00+00:00,445.56,2024-03-04T18:24:00+00:00,444.42,STOP_LOSS,-2.2799999999999727,0.35599200000000003,0.07999999999992724,-2.635991999999973,-1.0363636363636026,-1.1981781818181447,4.605491819100153,2.2000000000000455,0.005,0.002388452836759022,,HYP-FCR-04,stress,921.0983638200305,918.4623718200305,3.9899999999988722,0.5776357142857113,0.06907467632836378,2,2,13.999999999998636,1.1000000000000227,10.0,444.67,0.2300000000000182,3,2024,10
QQQ,2024-03-06,long,440.83,438.59,2024-03-06T15:45:00+00:00,2024-03-06T15:50:00+00:00,439.4799,0.39049999999997453,438.45,441.5397,2,2,2024-03-06T15:55:00+00:00,439.49,2024-03-06T17:10:00+00:00,441.5197,TAKE_PROFIT,4.059399999999982,0.35240388000000006,0.06020000000000891,3.706996119999982,1.970773861539951,1.7996874065443198,4.592311859100152,2.0597999999999956,0.005,0.0022426612817227163,,HYP-FCR-04,stress,918.4623718200305,922.1693679400305,39.04999999999745,0.81603571428572,0.47853297737315464,1,1,12.999999999999545,1.0298999999999978,5.0,438.46000000000004,0.010000000000047748,2,2024,10
SPY,2024-03-06,long,510.8504,509.63,2024-03-06T15:45:00+00:00,2024-03-06T15:55:00+00:00,510.455,0.3199999999999932,509.57210000000003,512.2207999999998,1,1,2024-03-06T16:00:00+00:00,510.49,2024-03-06T18:37:00+00:00,509.55210000000005,STOP_LOSS,-0.9378999999999564,0.20400842000000002,0.05500000000000682,-1.1419084199999565,-1.0622947106127647,-1.2933609921848699,4.642176508500126,0.8828999999999496,0.005,0.0009509547928469572,,HYP-FCR-04,stress,928.4353017000251,927.2933932800252,31.999999999999318,0.5640357142857023,0.5673399607421009,2,2,4.789999999997008,0.8828999999999496,10.0,509.635,0.06289999999995644,3,2024,11
SPY,2024-03-08,short,517.8004,515.31,2024-03-08T15:55:00+00:00,2024-03-08T16:05:00+00:00,515.77,0.724999999999909,517.85,511.6099999999999,1,1,2024-03-08T16:10:00+00:00,515.74,2024-03-08T18:36:00+00:00,511.6299999999999,TAKE_PROFIT,4.110000000000127,0.205474,0.049999999999954525,3.904526000000127,1.9759615384615608,1.8771759615384858,4.636466966400126,2.080000000000041,0.005,0.002243087263506384,,HYP-FCR-04,stress,927.2933932800252,931.1979192800253,72.4999999999909,0.6193571428571545,1.1705685618727408,2,2,3.960000000006403,2.080000000000041,10.0,517.63,0.22000000000002728,3,2024,11
QQQ,2024-03-11,long,438.13,435.66,2024-03-11T14:20:00+00:00,2024-03-11T14:35:00+00:00,436.52,0.01999999999998181,435.59000000000003,438.3799999999999,2,2,2024-03-11T14:40:00+00:00,436.56,2024-03-11T14:55:00+00:00,438.3599999999999,TAKE_PROFIT,3.5999999999997954,0.34996799999999995,0.12000000000000455,3.2500319999997953,1.935483870967736,1.7473290322580484,4.6108468397001525,1.8599999999999,0.005,0.0020169830669552855,,HYP-FCR-04,stress,922.1693679400305,925.4193999400303,1.999999999998181,1.1607642857142852,0.017230027014205264,3,3,6.000000000000227,0.92999999999995,15.0,435.77,0.17999999999994998,4,2024,10
SPY,2024-03-11,long,510.94,509.4299,2024-03-11T14:45:00+00:00,2024-03-11T14:50:00+00:00,510.4297,0.03000000000002956,509.16,512.9691,1,1,2024-03-11T14:55:00+00:00,510.45,2024-03-11T19:59:00+00:00,511.24,FORCED_SESSION_CLOSE,0.7900000000000205,0.20433800000000002,0.04029999999994516,0.5856620000000204,0.6221942191068917,0.46126014019061223,4.6559895964001266,1.2697000000000003,0.005,0.0013635124968725174,,HYP-FCR-04,stress,931.1979192800253,931.7835812800254,3.000000000002956,0.7275071428571331,0.04123670852523976,1,1,25.989999999995916,1.2697000000000003,5.0,509.01,0.1500000000000341,2,2024,10
SPY,2024-03-13,long,517.12,515.95,2024-03-13T14:05:00+00:00,2024-03-13T14:10:00+00:00,516.2799,0.03999999999996362,515.9350000000001,516.9696999999999,1,1,2024-03-13T14:15:00+00:00,516.29,2024-03-13T14:55:00+00:00,515.9150000000001,STOP_LOSS,-0.3749999999998863,0.20644099999999999,0.030099999999947613,-0.5814409999998863,-1.0872716729485443,-1.685824876775847,4.658917906400127,0.3448999999999387,0.005,0.0003701503298932751,,HYP-FCR-04,stress,931.7835812800254,931.2021402800254,3.999999999996362,0.3884000000000217,0.10298661174037432,1,1,0.49999999999954525,0.3448999999999387,5.0,515.985,0.049999999999954525,2,2024,10
QQQ,2024-03-13,long,442.67,440.435,2024-03-13T15:00:00+00:00,2024-03-13T15:05:00+00:00,440.99,0.060000000000002274,440.165,442.64,2,2,2024-03-13T15:10:00+00:00,441.01,2024-03-13T15:28:00+00:00,440.14500000000004,STOP_LOSS,-1.7299999999999045,0.352462,0.07999999999992724,-2.0824619999999046,-1.048484848484805,-1.2620981818181414,4.627096999700152,1.6499999999999773,0.005,0.0017829753732274273,,HYP-FCR-04,stress,925.4193999400303,923.3369379400305,6.000000000000227,0.6967214285714363,0.08611763258527415,1,1,25.99999999999909,0.8249999999999886,5.0,440.36,0.19499999999999318,2,2024,11
QQQ,2024-03-14,long,442.03,438.02,2024-03-14T14:00:00+00:00,2024-03-14T14:10:00+00:00,439.97,0.05200000000002092,437.38,445.1500000000001,1,1,2024-03-14T14:15:00+00:00,439.99,2024-03-14T19:09:00+00:00,437.36,STOP_LOSS,-2.6299999999999955,0.17547000000000001,0.03999999999996362,-2.8054699999999952,-1.0154440154440012,-1.0831930501930351,4.616684689700152,2.590000000000032,0.005,0.0028050432009991233,,HYP-FCR-04,stress,923.3369379400305,920.5314679400304,5.200000000002092,1.15644444444444,0.04496541122215508,2,2,62.999999999999545,2.590000000000032,10.0,438.23,0.8500000000000227,3,2024,10
SPY,2024-03-14,long,517.125,513.95,2024-03-14T14:00:00+00:00,2024-03-14T14:15:00+00:00,514.8,0.21000000000003638,513.34,517.7199999999998,1,1,2024-03-14T14:20:00+00:00,514.8199999999999,2024-03-14T17:18:00+00:00,513.32,STOP_LOSS,-1.4999999999998863,0.20562799999999998,0.03999999999996362,-1.7056279999998862,-1.0273972602739492,-1.1682383561643674,4.6560107014001275,1.4599999999999227,0.005,0.0015678658122079492,,HYP-FCR-04,stress,931.2021402800254,929.4965122800255,21.000000000003638,0.7986199999999826,0.2629535949513423,3,3,60.000000000002274,1.4599999999999227,15.0,514.15,0.8099999999999454,4,2024,10
QQQ,2024-03-15,long,436.78,434.22,2024-03-15T14:05:00+00:00,2024-03-15T14:15:00+00:00,434.78,0.36009999999998854,433.29,437.7599999999999,2,2,2024-03-15T14:20:00+00:00,434.78999999999996,2024-03-15T16:17:00+00:00,433.27000000000004,STOP_LOSS,-3.03999999999985,0.347224,0.05999999999994543,-3.3872239999998497,-1.0201342281879018,-1.1366523489932745,4.602657339700152,2.9799999999999045,0.005,0.003237260326003371,,HYP-FCR-04,stress,920.5314679400304,917.1442439400306,36.009999999998854,1.0289799999999958,0.3499582110439367,2,2,92.00000000000159,1.4899999999999523,10.0,434.25,0.9599999999999795,3,2024,10
SPY,2024-03-15,long,511.33,509.62,2024-03-15T14:10:00+00:00,2024-03-15T14:15:00+00:00,510.19,0.4300000000000068,509.51,511.55,1,1,2024-03-15T14:20:00+00:00,510.2,2024-03-15T14:48:00+00:00,511.53000000000003,TAKE_PROFIT,1.330000000000041,0.204346,0.029999999999972715,1.125654000000041,1.955882352941217,1.6553735294118084,4.647482561400127,0.6800000000000068,0.005,0.0007315788612611234,,HYP-FCR-04,stress,929.4965122800255,930.6221662800256,43.00000000000068,0.8051300000000083,0.5340752425074241,1,1,10.000000000002274,0.6800000000000068,5.0,509.55,0.040000000000020464,2,2024,10
QQQ,2024-03-18,short,440.58,438.57,2024-03-18T15:00:00+00:00,2024-03-18T15:15:00+00:00,439.52,0.18000000000000682,440.68,437.19999999999993,2,2,2024-03-18T15:20:00+00:00,439.52000000000004,2024-03-18T19:59:00+00:00,437.49,FORCED_SESSION_CLOSE,4.060000000000059,0.350804,0.04000000000007731,3.709196000000059,1.7499999999999878,1.5987913793103359,4.585721219700154,2.32000000000005,0.005,0.0025295911906216446,,HYP-FCR-04,stress,917.1442439400306,920.8534399400306,18.000000000000682,0.5332714285714327,0.3375391786546754,3,3,9.000000000003183,1.160000000000025,15.0,440.3025,0.3774999999999977,4,2024,11
SPY,2024-03-18,short,514.83,513.26,2024-03-18T15:10:00+00:00,2024-03-18T15:15:00+00:00,514.49,0.06770000000005894,514.97,513.53,1,1,2024-03-18T15:20:00+00:00,514.48,2024-03-18T16:50:00+00:00,513.55,TAKE_PROFIT,0.9300000000000637,0.205606,0.029999999999972715,0.7243940000000637,1.9375000000000593,1.5091541666667423,4.653110831400128,0.4800000000000182,0.005,0.0005157839748420364,,HYP-FCR-04,stress,930.6221662800256,931.3465602800256,6.7700000000058935,0.3738571428571455,0.1810852120750513,1,1,12.999999999999545,0.4800000000000182,5.0,514.96,0.009999999999990905,2,2024,11
SPY,2024-03-20,short,515.99,515.21,2024-03-20T14:35:00+00:00,2024-03-20T14:40:00+00:00,515.6913,0.1999999999999318,516.0668,514.9403,1,1,2024-03-20T14:45:00+00:00,515.6800000000001,2024-03-20T15:04:00+00:00,516.0867999999999,STOP_LOSS,-0.40679999999986194,0.20635335999999999,0.03129999999987376,-0.613153359999862,-1.083355525965046,-1.632898428761335,4.656732801400128,0.3754999999999882,0.005,0.000403179671256946,,HYP-FCR-04,stress,931.3465602800256,930.7334069200258,19.99999999999318,0.32045714285713495,0.6241084165475914,1,1,6.679999999994379,0.3754999999999882,5.0,516.355,0.2882000000000744,2,2024,10
QQQ,2024-03-21,long,449.32,447.38,2024-03-21T15:05:00+00:00,2024-03-21T15:35:00+00:00,448.655,0.06999999999999318,447.21000000000004,451.54499999999985,2,2,2024-03-21T15:40:00+00:00,448.6751,2024-03-21T17:54:00+00:00,447.19000000000005,STOP_LOSS,-2.9701999999998634,0.35834604000000003,0.08019999999999072,-3.328546039999863,-1.0277508650519012,-1.1517460346020796,4.604267199700153,2.8899999999998727,0.005,0.003138393010931338,,HYP-FCR-04,stress,920.8534399400306,917.5248939000307,6.999999999999318,0.5721500000000016,0.12234553875730662,6,6,15.999999999996817,1.4449999999999363,30.0,448.14,0.92999999999995,7,2024,11
SPY,2024-03-21,short,524.01,522.765,2024-03-21T16:30:00+00:00,2024-03-21T16:35:00+00:00,523.75,0.001199999999926149,524.12,523.01,1,1,2024-03-21T16:40:00+00:00,523.75,2024-03-21T17:48:00+00:00,523.03,TAKE_PROFIT,0.7200000000000273,0.20935600000000001,0.01999999999998181,0.5106440000000273,1.9459459459459958,1.3801189189189758,4.653667034600129,0.37000000000000455,0.005,0.0003975359616932684,,HYP-FCR-04,stress,930.7334069200258,931.2440509200259,0.1199999999926149,0.26137142857144874,0.0045911674680161755,1,1,10.000000000002274,0.37000000000000455,5.0,524.02,0.10000000000002274,2,2024,12
SPY,2024-03-22,long,522.44,521.42,2024-03-22T15:15:00+00:00,2024-03-22T15:25:00+00:00,521.7,0.013199999999983447,521.3,522.5000000000002,1,1,2024-03-22T15:30:00+00:00,521.725,2024-03-22T16:15:00+00:00,521.28,STOP_LOSS,-0.44500000000005,0.20860100000000004,0.04499999999995907,-0.6536010000000501,-1.1124999999998721,-1.6340024999997536,4.65622025460013,0.40000000000009095,0.005,0.0004295329453164394,,HYP-FCR-04,stress,931.2440509200259,930.5904499200258,1.3199999999983447,0.30727857142857473,0.042957762848919376,2,2,11.000000000001364,0.40000000000009095,10.0,521.4300000000001,0.13000000000010914,3,2024,11
QQQ,2024-03-22,short,445.58,444.49,2024-03-22T16:30:00+00:00,2024-03-22T16:35:00+00:00,445.52,0.029999999999972715,445.86,444.8399999999999,2,2,2024-03-22T16:40:00+00:00,445.5025,2024-03-22T16:45:00+00:00,445.88,STOP_LOSS,-0.7549999999999955,0.356553,0.07499999999993179,-1.1115529999999954,-1.110294117646948,-1.6346367647057225,4.587624469500154,0.6800000000000637,0.005,0.0007411243057500664,,HYP-FCR-04,stress,917.5248939000307,916.4133409000308,2.9999999999972715,0.35996428571429206,0.08334160134926294,1,1,27.000000000003865,0.34000000000003183,5.0,445.81,0.05000000000001137,2,2024,12
SPY,2024-03-25,short,520.41,519.61,2024-03-25T19:45:00+00:00,2024-03-25T19:50:00+00:00,519.89,0.029999999999972715,520.61,518.4499999999999,1,1,2024-03-25T19:55:00+00:00,519.88,2024-03-25T19:59:00+00:00,519.8299999999999,FORCED_SESSION_CLOSE,0.05000000000006821,0.20794200000000002,0.029999999999972715,-0.1579419999999318,0.06944444444453655,-0.21936388888878586,4.652952249600129,0.7200000000000273,0.005,0.0007737023306674848,,HYP-FCR-04,stress,930.5904499200258,930.4325079200258,2.9999999999972715,0.2412071428571494,0.12437442624881004,1,1,19.000000000005457,0.7200000000000273,5.0,520.535,0.07500000000004547,2,2024,15
SPY,2024-03-26,short,521.44,520.83,2024-03-26T14:25:00+00:00,2024-03-26T14:30:00+00:00,520.99,0.18999999999994088,521.4501,520.0698,1,1,2024-03-26T14:35:00+00:00,520.97,2024-03-26T15:56:00+00:00,521.4701,STOP_LOSS,-0.5000999999999749,0.20848802000000002,0.03999999999996362,-0.7085880199999749,-1.0869376222559501,-1.5400739404476365,4.65216253960013,0.4601000000000113,0.005,0.0004945012089362194,,HYP-FCR-04,stress,930.4325079200258,929.7239199000259,18.99999999999409,0.35941538461539635,0.528636246896488,1,1,0.009999999997489795,0.4601000000000113,5.0,521.4497,0.0004000000000132786,2,2024,10
QQQ,2024-03-26,long,446.91,445.85,2024-03-26T15:00:00+00:00,2024-03-26T15:55:00+00:00,446.54,0.20999999999997954,445.82,447.9800000000001,2,2,2024-03-26T16:00:00+00:00,446.57,2024-03-26T16:23:00+00:00,445.8,STOP_LOSS,-1.5399999999999636,0.35694800000000004,0.09999999999990905,-1.8969479999999637,-1.0694444444443787,-1.3173249999999248,4.582066704500154,1.4400000000000546,0.005,0.0015713433400978177,,HYP-FCR-04,stress,916.4133409000308,914.5163929000308,20.999999999997954,0.33500714285714495,0.6268523059209175,11,11,2.0000000000038654,0.7200000000000273,55.0,445.98,0.160000000000025,12,2024,12
QQQ,2024-03-27,long,446.54,443.5196,2024-03-27T18:20:00+00:00,2024-03-27T18:25:00+00:00,443.7,0.08999999999997499,443.37,444.35999999999996,2,2,2024-03-27T18:30:00+00:00,443.74,2024-03-27T18:35:00+00:00,443.35,STOP_LOSS,-0.7799999999999727,0.35483600000000004,0.12000000000000455,-1.1348359999999729,-1.1818181818181974,-1.7194484848485267,4.572581964500154,0.6599999999999682,0.005,0.0007216929134611097,,HYP-FCR-04,stress,914.5163929000308,913.3815569000309,8.999999999997499,0.27084999999999987,0.332287243861824,1,1,13.960000000002992,0.3299999999999841,5.0,443.121,0.24900000000002365,2,2024,14
SPY,2024-03-27,long,521.78,520.74,2024-03-27T19:25:00+00:00,2024-03-27T19:30:00+00:00,521.05,0.25700000000006185,520.3188,522.5123999999998,1,1,2024-03-27T19:35:00+00:00,521.0699999999999,2024-03-27T19:45:00+00:00,522.4923999999999,TAKE_PROFIT,1.422399999999925,0.20871247999999998,0.03999999999996362,1.213687519999925,1.94529540481405,1.6598571115973981,4.64861959950013,0.7311999999999443,0.005,0.0007864700308867722,,HYP-FCR-04,stress,929.7239199000259,930.9376074200258,25.700000000006185,0.3431499999999882,0.7489436106660956,1,1,41.1200000000008,0.7311999999999443,5.0,519.97,0.3487999999999829,2,2024,15
QQQ,2024-03-28,short,445.61,443.76,2024-03-28T14:00:00+00:00,2024-03-28T14:10:00+00:00,444.5001,0.21999999999997044,445.65,442.20029999999997,2,2,2024-03-28T14:15:00+00:00,444.45000000000005,2024-03-28T19:59:00+00:00,443.99,FORCED_SESSION_CLOSE,0.9200000000000728,0.355376,0.14019999999982247,0.5646240000000727,0.40003478563356415,0.24551004435171386,4.566907784500154,2.2998000000000047,0.005,0.0025178962533526574,,HYP-FCR-04,stress,913.3815569000309,913.946180900031,21.999999999997044,0.6914111111111083,0.3181898532790817,2,2,2.9999999999972715,1.1499000000000024,10.0,445.49,0.15999999999996817,3,2024,10
QQQ,2024-04-02,long,440.19,438.55,2024-04-02T14:20:00+00:00,2024-04-02T14:25:00+00:00,438.91,0.13990000000001146,438.19,440.3500000000001,2,2,2024-04-02T14:30:00+00:00,438.935,2024-04-02T14:59:00+00:00,438.17,STOP_LOSS,-1.5299999999999727,0.35084200000000004,0.08999999999991815,-1.8808419999999728,-1.0624999999999407,-1.3061402777777094,4.569730904500155,1.4400000000000546,0.005,0.0015755851166006068,,HYP-FCR-04,stress,913.946180900031,912.0653389000311,13.990000000001146,0.7562583333333398,0.1849896970832413,1,1,35.000000000002274,0.7200000000000273,5.0,438.21000000000004,0.020000000000038654,2,2024,10
SPY,2024-04-02,long,518.46,516.85,2024-04-02T14:20:00+00:00,2024-04-02T14:25:00+00:00,517.17,0.11000000000001364,516.79,517.93,1,1,2024-04-02T14:30:00+00:00,517.1899999999999,2024-04-02T14:59:00+00:00,516.77,STOP_LOSS,-0.4199999999999591,0.206792,0.03999999999996362,-0.626791999999959,-1.1052631578946424,-1.6494526315788594,4.6546880371001285,0.37999999999999545,0.005,0.00040819062090865225,,HYP-FCR-04,stress,930.9376074200258,930.3108154200258,11.000000000001364,0.6142750000000016,0.17907289080625674,1,1,5.000000000006821,0.37999999999999545,5.0,516.61,0.17999999999994998,2,2024,10
SPY,2024-04-04,long,523.7,522.58,2024-04-04T15:25:00+00:00,2024-04-04T15:30:00+00:00,522.8,0.009999999999990905,522.51,523.3799999999999,1,1,2024-04-04T15:35:00+00:00,522.8249999999999,2024-04-04T16:04:00+00:00,523.3599999999999,TAKE_PROFIT,0.5349999999999682,0.209237,0.04499999999995907,0.32576299999996816,1.8448275862070183,1.1233206896552035,4.651554077100129,0.2899999999999636,0.005,0.0003117237757458851,,HYP-FCR-04,stress,930.3108154200258,930.6365784200258,0.9999999999990905,0.23752857142858375,0.042100198472323755,1,1,6.000000000005912,0.2899999999999636,5.0,522.4113,0.098700000000008,2,2024,11
QQQ,2024-04-04,long,446.95,445.4906,2024-04-04T15:35:00+00:00,2024-04-04T15:40:00+00:00,445.8301,0.06999999999999318,445.37,446.75030000000004,2,2,2024-04-04T15:45:00+00:00,445.87,2024-04-04T16:09:00+00:00,446.73030000000006,TAKE_PROFIT,1.720600000000104,0.35704012,0.11979999999994106,1.363559880000104,1.8698109106716603,1.4818081721365688,4.560326694500155,0.9202000000000226,0.005,0.0010089189455547143,,HYP-FCR-04,stress,912.0653389000311,913.4288987800312,6.999999999999318,0.2880214285714341,0.24303747241025858,1,1,11.059999999997672,0.4601000000000113,5.0,445.39,0.01999999999998181,2,2024,11
QQQ,2024-04-08,short,441.6,439.2,2024-04-08T15:25:00+00:00,2024-04-08T15:35:00+00:00,441.0801,0.03000000000002956,442.02,439.2003000000001,2,2,2024-04-08T15:40:00+00:00,441.02500000000003,2024-04-08T19:59:00+00:00,440.64,FORCED_SESSION_CLOSE,0.7700000000000955,0.352666,0.15019999999992706,0.4173340000000955,0.40961804447288186,0.2220097882754073,4.567144493900156,1.879799999999932,0.005,0.002057959850526493,,HYP-FCR-04,stress,913.4288987800312,913.8462327800313,3.000000000002956,0.5226714285714219,0.05739743624790488,2,2,40.99999999999682,0.939899999999966,10.0,441.96999999999997,0.05000000000001137,3,2024,11
SPY,2024-04-08,short,519.39,517.98,2024-04-08T15:30:00+00:00,2024-04-08T15:35:00+00:00,519.09,0.03499999999996817,519.52,518.2300000000001,1,1,2024-04-08T15:40:00+00:00,519.053,2024-04-08T16:13:00+00:00,518.2500000000001,TAKE_PROFIT,0.8029999999998836,0.20746060000000002,0.05700000000001637,0.5955393999998836,1.8674418604650629,1.3849753488370997,4.653182892100129,0.42999999999995,0.005,0.00046204932190606134,,HYP-FCR-04,stress,930.6365784200258,931.2321178200257,3.4999999999968168,0.41530714285714304,0.08427497721128152,1,1,12.000000000000455,0.42999999999995,5.0,519.87,0.35000000000002274,2,2024,11
QQQ,2024-04-10,short,438.67,436.28,2024-04-10T14:40:00+00:00,2024-04-10T14:50:00+00:00,437.335,0.040000000000020464,439.03999999999996,433.925,2,2,2024-04-10T14:55:00+00:00,437.32,2024-04-10T17:27:00+00:00,439.05999999999995,STOP_LOSS,-3.4799999999999045,0.350552,0.06999999999993634,-3.8305519999999045,-1.0205278592375182,-1.123329032258047,4.569231163900157,3.409999999999968,0.005,0.0037314811591730632,,HYP-FCR-04,stress,913.8462327800313,910.0156807800314,4.000000000002046,1.0954357142857094,0.03651515052720633,2,2,35.99999999999568,1.704999999999984,10.0,438.99,0.049999999999954525,3,2024,10
SPY,2024-04-10,short,514.48,512.67,2024-04-10T15:30:00+00:00,2024-04-10T15:40:00+00:00,513.13,0.11000000000001364,514.54,510.31000000000006,1,1,2024-04-10T15:45:00+00:00,513.13,2024-04-10T17:22:00+00:00,514.56,STOP_LOSS,-1.42999999999995,0.20553800000000003,0.01999999999998181,-1.63553799999995,-1.014184397163108,-1.159956028368785,4.6561605891001285,1.4099999999999682,0.005,0.0015141230344381995,,HYP-FCR-04,stress,931.2321178200257,929.5965798200257,11.000000000001364,0.6720499999999967,0.16367829774572454,2,2,4.9999999999954525,1.4099999999999682,10.0,514.5,0.03999999999996362,3,2024,11
QQQ,2024-04-11,long,440.48,439.26,2024-04-11T14:35:00+00:00,2024-04-11T14:45:00+00:00,439.945,0.03000000000002956,439.02,441.795,2,2,2024-04-11T14:50:00+00:00,439.97999999999996,2024-04-11T17:03:00+00:00,441.77500000000003,TAKE_PROFIT,3.5900000000001455,0.352702,0.10999999999989996,3.2372980000001457,1.9405405405405953,1.749890810810868,4.550078403900157,1.8500000000000227,0.005,0.002032932002242282,,HYP-FCR-04,stress,910.0156807800314,913.2529787800315,3.000000000002956,0.7417142857142949,0.04044684129433827,2,2,23.00000000000182,0.9250000000000114,10.0,439.08,0.060000000000002274,3,2024,10
SPY,2024-04-11,long,515.87,514.09,2024-04-11T15:45:00+00:00,2024-04-11T16:00:00+00:00,515.12,0.36009999999998854,513.87,517.62,1,1,2024-04-11T16:05:00+00:00,515.145,2024-04-11T17:20:00+00:00,517.6,TAKE_PROFIT,2.455000000000041,0.20654899999999998,0.04499999999995907,2.248451000000041,1.9640000000000328,1.7987608000000328,4.647982899100128,1.25,0.005,0.0013446693190738782,,HYP-FCR-04,stress,929.5965798200257,931.8450308200257,36.009999999998854,0.5726571428571431,0.6288230304844381,3,3,21.000000000003638,1.25,15.0,514.28,0.40999999999996817,4,2024,12
SPY,2024-04-16,short,505.2,502.95,2024-04-16T14:15:00+00:00,2024-04-16T14:25:00+00:00,503.18,0.28010000000000446,505.28999999999996,498.9600000000001,1,1,2024-04-16T14:30:00+00:00,503.15000000000003,2024-04-16T15:54:00+00:00,505.30999999999995,STOP_LOSS,-2.1599999999999113,0.201692,0.049999999999954525,-2.3616919999999113,-1.023696682464434,-1.119285308056853,4.659225154100128,2.109999999999957,0.005,0.002264325000631438,,HYP-FCR-04,stress,931.8450308200257,929.4833388200258,28.010000000000446,0.8971833333333356,0.3121992903717231,2,2,7.999999999998408,2.109999999999957,10.0,504.90999999999997,0.37999999999999545,3,2024,10
QQQ,2024-04-16,short,431.9285,429.78,2024-04-16T14:20:00+00:00,2024-04-16T14:30:00+00:00,430.7548,0.009999999999990905,432.27,427.7244,2,2,2024-04-16T14:35:00+00:00,430.76,2024-04-16T15:54:00+00:00,432.28999999999996,STOP_LOSS,-3.0599999999999454,0.34521999999999997,0.050399999999967804,-3.4052199999999453,-1.0097676874339887,-1.1236866420274423,4.566264893900158,3.030399999999986,0.005,0.003318248141985963,,HYP-FCR-04,stress,913.2529787800315,909.8477587800315,0.9999999999990905,0.8856230769230776,0.011291485351458918,2,2,33.150000000000546,1.515199999999993,10.0,431.99,0.2799999999999727,3,2024,10
QQQ,2024-04-18,short,426.61,423.53,2024-04-18T16:40:00+00:00,2024-04-18T16:50:00+00:00,425.0,0.32000000000005,426.65999999999997,421.68000000000006,2,2,2024-04-18T16:55:00+00:00,424.95000000000005,2024-04-18T19:59:00+00:00,423.38,FORCED_SESSION_CLOSE,3.1400000000001,0.339332,0.13999999999987267,2.8006680000001,0.9457831325301688,0.843574698795227,4.549238793900158,3.3199999999999363,0.005,0.0036489621125753557,,HYP-FCR-04,stress,909.8477587800315,912.6484267800316,32.000000000005,0.6081857142857123,0.5261550748127587,2,2,3.999999999996362,1.6599999999999682,10.0,426.61,0.049999999999954525,3,2024,12
SPY,2024-04-18,short,502.08,499.73,2024-04-18T16:40:00+00:00,2024-04-18T16:50:00+00:00,500.86,0.23999999999995225,502.40999999999997,497.7600000000001,1,1,2024-04-18T16:55:00+00:00,500.82,2024-04-18T19:59:00+00:00,499.5,FORCED_SESSION_CLOSE,1.3199999999999932,0.200064,0.060000000000002274,1.1199359999999932,0.8516129032258271,0.7225393548387264,4.647416694100129,1.5499999999999545,0.005,0.0016675930974380578,,HYP-FCR-04,stress,929.4833388200258,930.6032748200257,23.999999999995225,0.6115928571428607,0.39241792509014073,2,2,31.999999999999318,1.5499999999999545,10.0,502.36,0.049999999999954525,3,2024,12
SPY,2024-04-22,long,498.07,496.74,2024-04-22T15:50:00+00:00,2024-04-22T15:55:00+00:00,497.39,0.2849000000000501,496.6643,498.8413999999999,1,1,2024-04-22T16:00:00+00:00,497.41999999999996,2024-04-22T17:05:00+00:00,498.8213999999999,TAKE_PROFIT,1.401399999999967,0.19924828,0.049999999999954525,1.202151719999967,1.9311010059253724,1.656540884663128,4.653016374100129,0.7256999999999607,0.005,0.0007798167271013608,,HYP-FCR-04,stress,930.6032748200257,931.8054265400257,28.49000000000501,0.4311214285714219,0.6608347002006003,1,1,6.569999999999254,0.7256999999999607,5.0,496.5212,0.143100000000004,2,2024,12
QQQ,2024-04-22,long,418.33,416.71,2024-04-22T16:10:00+00:00,2024-04-22T16:15:00+00:00,416.94,0.05000000000001137,416.43,417.96,2,2,2024-04-22T16:20:00+00:00,416.96,2024-04-22T16:30:00+00:00,416.41,STOP_LOSS,-1.099999999999909,0.33334800000000003,0.07999999999992724,-1.433347999999909,-1.0784313725489496,-1.4052431372548377,4.563242133900158,1.0199999999999818,0.005,0.0011176264266391206,,HYP-FCR-04,stress,912.6484267800316,911.2150787800317,5.000000000001137,0.5400571428571327,0.09258279547140148,1,1,26.99999999999818,0.5099999999999909,5.0,416.43,0.0,2,2024,12
SPY,2024-04-25,long,499.355,497.865,2024-04-25T14:00:00+00:00,2024-04-25T14:15:00+00:00,499.34,0.3199999999999932,497.48,503.0599999999999,1,1,2024-04-25T14:20:00+00:00,499.35999999999996,2024-04-25T17:46:00+00:00,503.0399999999999,TAKE_PROFIT,3.67999999999995,0.20048,0.03999999999996362,3.47951999999995,1.978494623655933,1.8707096774193714,4.659027132700128,1.8599999999999568,0.005,0.0019961248851130837,,HYP-FCR-04,stress,931.8054265400257,935.2849465400257,31.999999999999318,0.7954899999999953,0.40226778463587864,3,3,37.5,1.8599999999999568,15.0,497.89,0.40999999999996817,4,2024,10
QQQ,2024-04-25,short,419.945,418.14,2024-04-25T14:45:00+00:00,2024-04-25T14:55:00+00:00,419.25,0.07999999999998408,420.3867,416.97659999999996,2,2,2024-04-25T15:00:00+00:00,419.24,2024-04-25T15:28:00+00:00,420.4067,STOP_LOSS,-2.3333999999999833,0.33585868,0.05999999999994543,-2.669258679999983,-1.0263921879123534,-1.1741262778217378,4.556075393900159,2.273400000000038,0.005,0.0024949104255866236,,HYP-FCR-04,stress,911.2150787800317,908.5458201000317,7.999999999998408,0.8083071428571357,0.09897227892507154,2,2,43.17000000000348,1.136700000000019,10.0,420.2,0.1867000000000303,3,2024,11
SPY,2024-04-29,long,510.75,509.02,2024-04-29T15:35:00+00:00,2024-04-29T16:00:00+00:00,509.775,0.06020000000000891,508.995,511.3349999999999,1,1,2024-04-29T16:05:00+00:00,509.78999999999996,2024-04-29T18:32:00+00:00,508.975,STOP_LOSS,-0.8149999999999409,0.20375300000000002,0.03499999999996817,-1.018752999999941,-1.0448717948717556,-1.3060935897435597,4.676424732700128,0.7799999999999727,0.005,0.0008339704417199155,,HYP-FCR-04,stress,935.2849465400257,934.2661935400257,6.020000000000891,0.33041428571429166,0.18219551212765567,5,5,1.4999999999986358,0.7799999999999727,25.0,509.3399,0.34489999999999554,6,2024,12
QQQ,2024-04-30,short,432.36,430.87,2024-04-30T14:00:00+00:00,2024-04-30T14:30:00+00:00,431.17,0.39999999999997726,432.57,428.37000000000006,2,2,2024-04-30T14:35:00+00:00,431.13,2024-04-30T16:34:00+00:00,428.39000000000004,TAKE_PROFIT,5.4799999999999045,0.343808,0.12000000000000455,5.136191999999904,1.9571428571428549,1.8343542857142814,4.542729100500159,2.7999999999999545,0.005,0.0030818478694796835,,HYP-FCR-04,stress,908.5458201000317,913.6820121000317,39.999999999997726,0.6872153846153861,0.582059146163972,6,6,19.999999999998863,1.3999999999999773,30.0,431.9,0.6700000000000159,7,2024,10
SPY,2024-04-30,short,509.54,508.2,2024-04-30T14:05:00+00:00,2024-04-30T14:30:00+00:00,508.32,0.47999999999996135,509.57,505.82,1,1,2024-04-30T14:35:00+00:00,508.29,2024-04-30T16:33:00+00:00,505.84,TAKE_PROFIT,2.4500000000000455,0.202826,0.049999999999954525,2.2471740000000455,1.9600000000000364,1.7977392000000365,4.671330967700128,1.25,0.005,0.0013379484440763378,,HYP-FCR-04,stress,934.2661935400257,936.5133675400258,47.999999999996135,0.5400538461538531,0.8888002620820455,5,5,1.999999999998181,1.25,25.0,509.25,0.3199999999999932,6,2024,10
QQQ,2024-05-01,long,423.52,422.04,2024-05-01T15:35:00+00:00,2024-05-01T15:40:00+00:00,422.55,0.06999999999999318,422.015,423.62000000000006,2,2,2024-05-01T15:45:00+00:00,422.54999999999995,2024-05-01T15:49:00+00:00,421.995,STOP_LOSS,-1.1099999999999,0.337818,0.04000000000007731,-1.4478179999999,-1.0373831775699514,-1.3531009345792824,4.568410060500159,1.07000000000005,0.005,0.0011710857670719956,,HYP-FCR-04,stress,913.6820121000317,912.2341941000318,6.999999999999318,0.53030714285714,0.1319989763344571,1,1,1.50000000000432,0.535000000000025,5.0,421.93,0.08499999999997954,2,2024,11
SPY,2024-05-01,long,501.83,500.4187,2024-05-01T15:20:00+00:00,2024-05-01T15:40:00+00:00,501.315,0.07999999999998408,500.1335,503.67799999999994,1,1,2024-05-01T15:45:00+00:00,501.34,2024-05-01T16:00:00+00:00,500.11350000000004,STOP_LOSS,-1.2264999999999304,0.20029070000000002,0.04499999999995907,-1.4267906999999305,-1.0380871773169362,-1.2076095641133855,4.682566837700129,1.1814999999999714,0.005,0.0012615943786295982,,HYP-FCR-04,stress,936.5133675400258,935.0865768400258,7.999999999998408,0.4115357142857111,0.19439382105350791,4,4,27.51999999999839,1.1814999999999714,20.0,500.83,0.6964999999999577,5,2024,11
QQQ,2024-05-02,long,425.76,422.92,2024-05-02T14:20:00+00:00,2024-05-02T14:25:00+00:00,423.3,0.4300000000000068,421.84000000000003,426.21999999999997,2,2,2024-05-02T14:30:00+00:00,423.29999999999995,2024-05-02T18:08:00+00:00,426.2,TAKE_PROFIT,5.800000000000068,0.3398,0.04000000000007731,5.460200000000068,1.986301369863065,1.8699315068493645,4.561170970500159,2.919999999999959,0.005,0.0032009324128445945,,HYP-FCR-04,stress,912.2341941000318,917.6943941000319,43.00000000000068,1.1484083333333313,0.37443127807328197,1,1,106.99999999999932,1.4599999999999795,5.0,422.02,0.17999999999994998,2,2024,10
SPY,2024-05-02,long,504.68,501.6604,2024-05-02T14:20:00+00:00,2024-05-02T14:25:00+00:00,502.02,0.4549999999999841,500.73,504.5999999999999,1,1,2024-05-02T14:30:00+00:00,502.03999999999996,2024-05-02T14:43:00+00:00,500.71000000000004,STOP_LOSS,-1.3299999999999272,0.20055,0.03999999999996362,-1.5305499999999272,-1.0310077519379572,-1.1864728682170314,4.675432884200129,1.2899999999999636,0.005,0.0013795514040628306,,HYP-FCR-04,stress,935.0865768400258,933.5560268400259,45.49999999999841,0.9821250000000011,0.4632811505663572,1,1,92.03999999999724,1.2899999999999636,5.0,500.79,0.060000000000002274,2,2024,10
QQQ,2024-05-03,short,435.88,433.49,2024-05-03T14:00:00+00:00,2024-05-03T14:05:00+00:00,434.21,0.4571000000000254,436.49,429.6499999999999,2,2,2024-05-03T14:10:00+00:00,434.14000000000004,2024-05-03T19:59:00+00:00,435.5,FORCED_SESSION_CLOSE,-2.7199999999999136,0.34785600000000005,0.1799999999998363,-3.0678559999999138,-0.5964912280701488,-0.6727754385964636,4.5884719705001595,4.560000000000059,0.005,0.004968974453060681,,HYP-FCR-04,stress,917.6943941000319,914.626538100032,45.71000000000254,1.1591499999999968,0.3943406806712044,1,1,60.000000000002274,2.2800000000000296,5.0,435.62,0.8700000000000045,2,2024,10
SPY,2024-05-03,short,511.98,509.61,2024-05-03T14:00:00+00:00,2024-05-03T14:05:00+00:00,510.13,0.660000000000025,512.56,505.2700000000001,1,1,2024-05-03T14:10:00+00:00,510.09000000000003,2024-05-03T19:59:00+00:00,511.31,FORCED_SESSION_CLOSE,-1.2199999999999704,0.20428000000000002,0.05999999999994543,-1.4242799999999705,-0.5020576131687224,-0.5861234567901233,4.66778013420013,2.42999999999995,0.005,0.0026029503641310163,,HYP-FCR-04,stress,933.5560268400259,932.1317468400259,66.0000000000025,1.1387499999999946,0.5795828759605077,1,1,56.99999999999363,2.42999999999995,5.0,511.69,0.8699999999999477,2,2024,10
QQQ,2024-05-06,short,438.16,436.52,2024-05-06T16:00:00+00:00,2024-05-06T16:05:00+00:00,437.97,0.07120000000003301,438.23,437.45000000000005,2,2,2024-05-06T16:10:00+00:00,437.94,2024-05-06T16:20:00+00:00,437.47,TAKE_PROFIT,0.9399999999999409,0.35016400000000003,0.10000000000002274,0.5898359999999409,1.8076923076922573,1.134299999999926,4.57313269050016,0.5199999999999818,0.005,0.0005685380626284756,,HYP-FCR-04,stress,914.626538100032,915.216374100032,7.1200000000033015,0.2927357142857098,0.243222799697552,1,1,6.000000000000227,0.2599999999999909,5.0,438.23,0.0,2,2024,12
SPY,2024-05-06,short,514.36,513.3,2024-05-06T16:00:00+00:00,2024-05-06T16:05:00+00:00,514.17,0.010799999999903775,514.37,513.7699999999999,1,1,2024-05-06T16:10:00+00:00,514.15,2024-05-06T16:21:00+00:00,513.7899999999998,TAKE_PROFIT,0.36000000000012733,0.20558799999999997,0.03999999999996362,0.15441200000012736,1.8000000000002274,0.7720600000004613,4.66065873420013,0.20000000000004547,0.005,0.00021456194435824728,,HYP-FCR-04,stress,932.1317468400259,932.286158840026,1.0799999999903775,0.2510642857143109,0.04301687103435025,1,1,0.0,0.20000000000004547,5.0,514.37,0.0,2,2024,12
QQQ,2024-05-07,long,441.2914,440.14,2024-05-07T14:00:00+00:00,2024-05-07T14:15:00+00:00,440.84,0.18500000000000227,439.97,442.57999999999987,2,2,2024-05-07T14:20:00+00:00,440.84,2024-05-07T18:19:00+00:00,439.95000000000005,STOP_LOSS,-1.779999999999859,0.352316,0.03999999999996362,-2.132315999999859,-1.0229885057471069,-1.2254689655172342,4.57608187050016,1.7399999999998954,0.005,0.001901189761504109,,HYP-FCR-04,stress,915.216374100032,913.0840581000322,18.500000000000227,0.5453800000000001,0.3392130257801941,3,3,15.999999999996817,0.8699999999999477,15.0,440.33,0.3599999999999568,4,2024,10
SPY,2024-05-07,long,517.93,517.165,2024-05-07T14:00:00+00:00,2024-05-07T14:15:00+00:00,517.67,0.06979999999998654,516.9350000000001,519.1399999999998,1,1,2024-05-07T14:20:00+00:00,517.6899999999999,2024-05-07T17:59:00+00:00,516.9150000000001,STOP_LOSS,-0.7749999999998636,0.20692100000000002,0.03999999999996362,-0.9819209999998636,-1.0544217687074409,-1.3359469387755065,4.66143079420013,0.7349999999999,0.005,0.000788384545914964,,HYP-FCR-04,stress,932.286158840026,931.3042378400262,6.979999999998654,0.4035199999999918,0.17297779540044597,3,3,21.99999999999136,0.7349999999999,15.0,517.25,0.3149999999999409,4,2024,10
QQQ,2024-05-08,short,439.85,437.55,2024-05-08T17:05:00+00:00,2024-05-08T17:25:00+00:00,439.158,0.18000000000000682,440.01,437.45400000000006,2,2,2024-05-08T17:30:00+00:00,439.11,2024-05-08T18:00:00+00:00,440.03,STOP_LOSS,-1.8399999999999181,0.351656,0.13599999999996726,-2.1916559999999183,-1.0798122065727531,-1.2861830985915383,4.565420290500161,1.7039999999999509,0.005,0.0018662027716765488,,HYP-FCR-04,stress,913.0840581000322,910.8924021000322,18.000000000000682,0.3681714285714333,0.48890268508460016,4,4,14.999999999997726,0.8519999999999754,20.0,439.61,0.39999999999997726,5,2024,13
SPY,2024-05-08,short,516.53,515.14,2024-05-08T17:20:00+00:00,2024-05-08T17:25:00+00:00,516.29,0.08499999999992269,516.6,515.6699999999998,1,1,2024-05-08T17:30:00+00:00,516.26,2024-05-08T17:42:00+00:00,516.62,STOP_LOSS,-0.36000000000001364,0.20657600000000004,0.049999999999954525,-0.5665760000000137,-1.1612903225804676,-1.827664516128728,4.656521189200131,0.3100000000000591,0.005,0.0003328665192365516,,HYP-FCR-04,stress,931.3042378400262,930.7376618400261,8.49999999999227,0.3153642857142976,0.26952956897892977,1,1,6.000000000005912,0.3100000000000591,5.0,516.66,0.05999999999994543,2,2024,13
QQQ,2024-05-09,short,440.76,438.46,2024-05-09T15:45:00+00:00,2024-05-09T15:50:00+00:00,440.465,0.1199999999999477,441.02,439.35499999999996,2,2,2024-05-09T15:55:00+00:00,440.44,2024-05-09T16:46:00+00:00,441.03999999999996,STOP_LOSS,-1.1999999999999318,0.352592,0.08999999999991815,-1.5525919999999318,-1.0810810810810063,-1.3987315315314528,4.554462010500161,1.1100000000000136,0.005,0.0012185852000092935,,HYP-FCR-04,stress,910.8924021000322,909.3398101000323,11.99999999999477,0.39428571428571707,0.30434782608682176,1,1,25.0,0.5550000000000068,5.0,441.19,0.17000000000001592,2,2024,11
SPY,2024-05-13,long,522.67,521.1,2024-05-13T16:00:00+00:00,2024-05-13T16:05:00+00:00,521.33,0.0301000000000613,521.0,521.9900000000001,1,1,2024-05-13T16:10:00+00:00,521.35,2024-05-13T16:59:00+00:00,520.98,STOP_LOSS,-0.37000000000000455,0.20846599999999998,0.03999999999996362,-0.5784660000000046,-1.1212121212119959,-1.7529272727270693,4.653688309200131,0.3300000000000409,0.005,0.0003545574800826754,,HYP-FCR-04,stress,930.7376618400261,930.1591958400261,3.01000000000613,0.26727142857142133,0.11261959484763205,1,1,9.000000000003183,0.3300000000000409,5.0,521.0304,0.030399999999985994,2,2024,12
QQQ,2024-05-13,long,444.09,442.08,2024-05-13T17:10:00+00:00,2024-05-13T17:20:00+00:00,443.0,0.3450000000000273,441.64,445.72,2,2,2024-05-13T17:25:00+00:00,443.03,2024-05-13T19:59:00+00:00,443.08000000000004,FORCED_SESSION_CLOSE,0.10000000000013642,0.35444400000000004,0.09999999999990905,-0.2544439999998636,0.03676470588240273,-0.09354558823524303,4.546699050500162,2.7200000000000273,0.005,0.0029911810412224364,,HYP-FCR-04,stress,909.3398101000323,909.0853661000325,34.50000000000273,0.31110000000000226,1.108968177434988,2,2,43.00000000000068,1.3600000000000136,10.0,442.05,0.410000000000025,3,2024,13
QQQ,2024-05-14,short,443.911,442.46,2024-05-14T14:35:00+00:00,2024-05-14T14:40:00+00:00,443.35,1.089999999999975,444.57,440.9100000000001,2,2,2024-05-14T14:45:00+00:00,443.32,2024-05-14T15:16:00+00:00,444.59,STOP_LOSS,-2.5399999999999636,0.355164,0.10000000000002274,-2.8951639999999634,-1.0409836065573874,-1.1865426229508333,4.545426830500163,2.439999999999941,0.005,0.0026840163652259827,,HYP-FCR-04,stress,909.0853661000325,906.1902021000326,108.9999999999975,0.6995714285714314,1.5580967939554409,1,1,64.90000000000009,1.2199999999999704,5.0,444.83,0.2599999999999909,2,2024,10
SPY,2024-05-14,short,521.68,520.88,2024-05-14T14:35:00+00:00,2024-05-14T14:40:00+00:00,521.13,0.7649999999999864,522.0699999999999,519.2500000000001,1,1,2024-05-14T14:45:00+00:00,521.1,2024-05-14T15:16:00+00:00,522.0899999999999,STOP_LOSS,-0.9899999999998954,0.20863800000000002,0.049999999999954525,-1.1986379999998955,-1.0531914893616572,-1.2751468085106072,4.65079597920013,0.9399999999999409,0.005,0.0010105796988342706,,HYP-FCR-04,stress,930.1591958400261,928.9605578400262,76.49999999999864,0.5477428571428504,1.3966407594804575,1,1,37.999999999999545,0.9399999999999409,5.0,522.24,0.17000000000007276,2,2024,10
QQQ,2024-05-16,short,453.619,452.53,2024-05-16T17:20:00+00:00,2024-05-16T17:25:00+00:00,452.98,0.6400000000000432,454.09,450.7600000000001,2,2,2024-05-16T17:30:00+00:00,452.95000000000005,2024-05-16T19:59:00+00:00,451.97999999999996,FORCED_SESSION_CLOSE,1.9400000000001683,0.361972,0.09999999999990905,1.5780280000001683,0.8738738738739836,0.7108234234235269,4.530951010500163,2.2199999999999136,0.005,0.0024498168208563925,,HYP-FCR-04,stress,906.1902021000326,907.7682301000327,64.00000000000432,0.3941357142857141,1.6238061581399825,1,1,46.09999999999559,1.1099999999999568,5.0,454.11,0.020000000000038654,2,2024,13
SPY,2024-05-16,long,530.33,529.86,2024-05-16T17:50:00+00:00,2024-05-16T17:55:00+00:00,530.05,0.03499999999996817,529.465,531.2199999999998,1,1,2024-05-16T18:00:00+00:00,530.0749999999999,2024-05-16T18:11:00+00:00,529.445,STOP_LOSS,-0.6299999999998818,0.211904,0.04499999999995907,-0.8419039999998817,-1.0769230769230171,-1.4391521367521247,4.644802789200131,0.5849999999999227,0.005,0.0006297361013476569,,HYP-FCR-04,stress,928.9605578400262,928.1186538400264,3.4999999999968168,0.4147785714285663,0.08438237269447733,1,1,38.49999999999909,0.5849999999999227,5.0,529.51,0.04499999999995907,2,2024,14
SPY,2024-05-17,long,529.2,528.36,2024-05-17T14:10:00+00:00,2024-05-17T14:25:00+00:00,529.17,0.16999999999995907,528.332,530.8459999999999,1,1,2024-05-17T14:30:00+00:00,529.1899999999999,2024-05-17T15:40:00+00:00,528.312,STOP_LOSS,-0.8779999999999291,0.2115004,0.03999999999996362,-1.089500399999929,-1.0477326968973333,-1.3001198090691815,4.6405932692001315,0.8379999999999654,0.005,0.0009029017965890446,,HYP-FCR-04,stress,928.1186538400264,927.0291534400264,16.999999999995907,0.3440083333333253,0.4941740752403179,3,3,1.8000000000029104,0.8379999999999654,15.0,528.5600000000001,0.22800000000006548,4,2024,10
QQQ,2024-05-17,short,452.48,451.35,2024-05-17T14:55:00+00:00,2024-05-17T15:05:00+00:00,452.13,0.13999999999998636,452.59,451.21000000000004,2,2,2024-05-17T15:10:00+00:00,452.115,2024-05-17T16:45:00+00:00,451.23,TAKE_PROFIT,1.7699999999999818,0.36133800000000005,0.06999999999993634,1.4086619999999819,1.9239130434783267,1.5311543478261354,4.538841150500164,0.9199999999999591,0.005,0.0010134745516469314,,HYP-FCR-04,stress,907.7682301000327,909.1768921000327,13.999999999998636,0.42107857142857646,0.3324795168868697,2,2,9.99999999999659,0.45999999999997954,10.0,452.58,0.009999999999990905,3,2024,11
QQQ,2024-05-20,short,454.64,451.785,2024-05-20T14:50:00+00:00,2024-05-20T15:00:00+00:00,454.31,0.13269999999999982,455.02,452.89000000000004,2,2,2024-05-20T15:05:00+00:00,454.3099,2024-05-20T16:41:00+00:00,455.03999999999996,STOP_LOSS,-1.4601999999998725,0.36373996,0.040199999999913416,-1.8239399599998725,-1.0283098591548694,-1.2844647605633275,4.545884460500163,1.419999999999959,0.005,0.0015618522779654225,,HYP-FCR-04,stress,909.1768921000327,907.3529521400328,13.269999999999982,0.3333285714285564,0.39810568722412065,2,2,37.000000000000455,0.7099999999999795,10.0,454.92,0.0999999999999659,3,2024,11
SPY,2024-05-20,short,531.23,529.47,2024-05-20T15:40:00+00:00,2024-05-20T15:45:00+00:00,530.975,0.17999999999994998,531.381,530.1630000000001,1,1,2024-05-20T15:50:00+00:00,530.96,2024-05-20T17:53:00+00:00,530.1830000000001,TAKE_PROFIT,0.77699999999993,0.21222860000000002,0.03499999999996817,0.56477139999993,1.9137931034483435,1.3910625615763568,4.635145767200132,0.40599999999994907,0.005,0.00043795817908569686,,HYP-FCR-04,stress,927.0291534400264,927.5939248400264,17.999999999994998,0.23542857142856682,0.764563106795919,1,1,14.099999999996271,0.40599999999994907,5.0,531.4901,0.10910000000001219,2,2024,11
QQQ,2024-05-22,short,456.61,455.62,2024-05-22T15:45:00+00:00,2024-05-22T15:50:00+00:00,456.21,0.05000000000001137,456.6597,455.31059999999997,1,1,2024-05-22T15:55:00+00:00,456.17,2024-05-22T16:10:00+00:00,456.67969999999997,STOP_LOSS,-0.5096999999999525,0.18256994000000001,0.05999999999994543,-0.6922699399999526,-1.1334222815208905,-1.539403913720128,4.536764760700164,0.4497000000000071,0.005,0.0004956174980633163,,HYP-FCR-04,stress,907.3529521400328,906.6606822000329,5.000000000001137,0.2390285714285767,0.20918001434381536,1,1,3.9699999999982083,0.4497000000000071,5.0,456.72499999999997,0.06529999999997926,2,2024,11
SPY,2024-05-22,short,531.19,530.625,2024-05-22T15:20:00+00:00,2024-05-22T15:55:00+00:00,530.71,0.09500000000002728,531.27,529.5900000000001,1,1,2024-05-22T16:00:00+00:00,530.6700000000001,2024-05-22T17:44:00+00:00,529.6100000000001,TAKE_PROFIT,1.0599999999999454,0.21205600000000005,0.05999999999994543,0.8479439999999454,1.8928571428572298,1.5141857142857644,4.637969624200132,0.5599999999999454,0.005,0.0006037124489539143,,HYP-FCR-04,stress,927.5939248400264,928.4418688400264,9.500000000002728,0.20134285714284975,0.4718319852420998,7,7,6.9999999999936335,0.5599999999999454,35.0,530.96,0.30999999999994543,8,2024,12
QQQ,2024-05-23,long,460.58,457.07,2024-05-23T15:05:00+00:00,2024-05-23T15:10:00+00:00,458.11,0.5099999999999909,456.94,460.45000000000005,1,1,2024-05-23T15:15:00+00:00,458.13,2024-05-23T17:03:00+00:00,456.92,STOP_LOSS,-1.2099999999999795,0.18301,0.03999999999996362,-1.3930099999999794,-1.0341880341880025,-1.1906068376068037,4.533303411000165,1.170000000000016,0.005,0.0012904496941027422,,HYP-FCR-04,stress,906.6606822000329,905.2676722000328,50.99999999999909,0.8280499999999985,0.6159048366644427,1,1,12.000000000000455,1.170000000000016,5.0,456.32,0.6200000000000045,2,2024,11
SPY,2024-05-23,long,533.07,529.545,2024-05-23T15:05:00+00:00,2024-05-23T15:10:00+00:00,530.375,0.37150000000008276,529.3802000000001,532.3645999999999,1,1,2024-05-23T15:15:00+00:00,530.4,2024-05-23T17:03:00+00:00,529.3602000000001,STOP_LOSS,-1.0397999999999001,0.21195204000000004,0.04499999999995907,-1.2517520399999003,-1.0452352231603959,-1.258295174909504,4.642209344200132,0.9947999999999411,0.005,0.00107147257506043,,HYP-FCR-04,stress,928.4418688400264,927.1901168000264,37.150000000008276,0.6719999999999929,0.5528273809525099,1,1,15.479999999990923,0.9947999999999411,5.0,529.05,0.3302000000001044,2,2024,11
SPY,2024-05-28,long,530.51,529.12,2024-05-28T14:00:00+00:00,2024-05-28T14:45:00+00:00,529.93,0.08000000000004093,528.99,531.8099999999998,1,1,2024-05-28T14:50:00+00:00,530.0,2024-05-28T17:50:00+00:00,528.97,STOP_LOSS,-1.0299999999999727,0.211794,0.09000000000003183,-1.2417939999999728,-1.0957446808511038,-1.3210574468085647,4.635950584000132,0.9399999999999409,0.005,0.0010138158107682647,,HYP-FCR-04,stress,927.1901168000264,925.9483228000264,8.000000000004093,0.46622857142857094,0.17158965559513636,9,9,12.000000000000455,0.9399999999999409,45.0,529.2,0.21000000000003638,10,2024,10
QQQ,2024-05-28,short,459.56,457.09,2024-05-28T17:40:00+00:00,2024-05-28T17:50:00+00:00,458.6299,0.2799999999999727,459.7,456.4897000000001,1,1,2024-05-28T17:55:00+00:00,458.6,2024-05-28T19:59:00+00:00,459.71999999999997,STOP_LOSS,-1.1199999999999477,0.183664,0.04989999999997963,-1.3036639999999478,-1.0466311559667145,-1.218263713671607,4.526338361000164,1.070099999999968,0.005,0.0011820813145788697,,HYP-FCR-04,stress,905.2676722000328,903.9640082000329,27.99999999999727,0.4623928571428613,0.6055456862593006,2,2,12.999999999999545,1.070099999999968,10.0,459.65999999999997,0.040000000000020464,3,2024,13
QQQ,2024-05-29,short,457.5,455.34,2024-05-29T15:05:00+00:00,2024-05-29T15:10:00+00:00,457.14,0.2599999999999909,457.83,455.76,1,1,2024-05-29T15:15:00+00:00,457.12,2024-05-29T16:37:00+00:00,457.84999999999997,STOP_LOSS,-0.7299999999999613,0.18299400000000002,0.03999999999996362,-0.9129939999999613,-1.057971014492701,-1.323179710144876,4.519820041000165,0.6899999999999977,0.005,0.00076330472645025,,HYP-FCR-04,stress,903.9640082000329,903.051014200033,25.99999999999909,0.5247500000000075,0.4954740352548589,1,1,31.999999999999318,0.6899999999999977,5.0,457.96,0.12999999999999545,2,2024,11
SPY,2024-05-29,short,526.42,525.37,2024-05-29T15:10:00+00:00,2024-05-29T15:15:00+00:00,526.251,0.020100000000070395,526.45,525.8529999999998,1,1,2024-05-29T15:20:00+00:00,526.2413,2024-05-29T15:22:00+00:00,526.47,STOP_LOSS,-0.22870000000000346,0.21054226,0.029699999999934334,-0.43924226000000344,-1.149246231155397,-2.2072475376876928,4.629741614000132,0.19900000000006912,0.005,0.00021491480150674283,,HYP-FCR-04,stress,925.9483228000264,925.5090805400264,2.0100000000070395,0.39963571428572614,0.05029580510839821,1,1,2.0000000000095497,0.19900000000006912,5.0,526.8,0.34999999999990905,2,2024,11
SPY,2024-05-30,long,524.99,523.92,2024-05-30T16:00:00+00:00,2024-05-30T16:05:00+00:00,524.12,0.07999999999992724,523.6850000000001,524.9899999999999,1,1,2024-05-30T16:10:00+00:00,524.15,2024-05-30T17:01:00+00:00,524.9699999999999,TAKE_PROFIT,0.8199999999999363,0.20982399999999998,0.049999999999954525,0.6101759999999363,1.8850574712644579,1.4027034482758916,4.627545402700132,0.43499999999994543,0.005,0.0004700115959382341,,HYP-FCR-04,stress,925.5090805400264,926.1192565400263,7.999999999992724,0.3894428571428453,0.20542166464895187,1,1,22.499999999990905,0.43499999999994543,5.0,523.69,0.0049999999999954525,2,2024,12
SPY,2024-05-31,long,524.81,522.94,2024-05-31T19:40:00+00:00,2024-05-31T19:45:00+00:00,524.665,1.080000000000041,522.46,529.0749999999998,1,1,2024-05-31T19:50:00+00:00,524.6899999999999,2024-05-31T19:59:00+00:00,527.33,FORCED_SESSION_CLOSE,2.6400000000001,0.210404,0.04499999999995907,2.4295960000001,1.1972789115647107,1.101857596371964,4.6305962827001315,2.2049999999999272,0.005,0.0023809028744718997,,HYP-FCR-04,stress,926.1192565400263,928.5488525400264,108.00000000000409,0.6056285714285617,1.7832712176252317,1,1,47.00000000000273,2.2049999999999272,5.0,522.46,0.0,2,2024,15
SPY,2024-06-03,short,529.16,527.345,2024-06-03T14:00:00+00:00,2024-06-03T14:35:00+00:00,527.35,0.2400000000000091,529.3199999999999,523.4100000000002,1,1,2024-06-03T14:40:00+00:00,527.34,2024-06-03T16:34:00+00:00,523.4300000000002,TAKE_PROFIT,3.9099999999998545,0.21015400000000006,0.029999999999972715,3.6998459999998543,1.984771573604074,1.8780944162436632,4.642744262700132,1.9699999999999136,0.005,0.0021215900430128355,,HYP-FCR-04,stress,928.5488525400264,932.2486985400262,24.00000000000091,0.6778357142857041,0.354068094881838,7,7,14.999999999997726,1.9699999999999136,35.0,528.24,1.0799999999999272,8,2024,10
SPY,2024-06-04,short,526.79,525.77,2024-06-04T14:50:00+00:00,2024-06-04T15:00:00+00:00,526.02,0.19039999999995416,526.93,524.2,1,1,2024-06-04T15:05:00+00:00,525.98,2024-06-04T16:48:00+00:00,526.9499999999999,STOP_LOSS,-0.9699999999999136,0.21058599999999997,0.05999999999994543,-1.1805859999999135,-1.0659340659340082,-1.2973472527472032,4.661243492700131,0.9099999999999682,0.005,0.0009761343742556023,,HYP-FCR-04,stress,932.2486985400262,931.0681125400263,19.039999999995416,0.7668071428571466,0.2483023296972926,2,2,12.999999999999545,0.9099999999999682,10.0,526.64,0.2899999999999636,3,2024,11
QQQ,2024-06-04,short,453.15,451.44,2024-06-04T14:40:00+00:00,2024-06-04T15:30:00+00:00,451.5394,0.2729999999999677,453.21999999999997,448.17820000000006,1,1,2024-06-04T15:35:00+00:00,451.5,2024-06-04T18:12:00+00:00,453.23999999999995,STOP_LOSS,-1.7399999999999523,0.180948,0.059399999999982356,-1.9209479999999521,-1.035344519814342,-1.1430132095680035,4.5152550710001655,1.68059999999997,0.005,0.0018610244311488072,,HYP-FCR-04,stress,903.051014200033,901.1300662000331,27.29999999999677,0.6909571428571439,0.39510409990277895,10,10,6.000000000000227,1.68059999999997,50.0,452.5,0.7199999999999704,11,2024,11
SPY,2024-06-05,long,530.82,529.51,2024-06-05T14:20:00+00:00,2024-06-05T14:25:00+00:00,530.265,0.38999999999998636,529.42,531.955,1,1,2024-06-05T14:30:00+00:00,530.3,2024-06-05T15:16:00+00:00,531.9350000000001,TAKE_PROFIT,1.6350000000001046,0.21244700000000002,0.05499999999994998,1.4225530000001045,1.9349112426036117,1.6834946745562824,4.655340562700132,0.8450000000000273,0.005,0.0009075598107369412,,HYP-FCR-04,stress,931.0681125400263,932.4906655400264,38.999999999998636,0.624133333333352,0.624866481521002,1,1,8.000000000004093,0.8450000000000273,5.0,529.3100000000001,0.10999999999989996,2,2024,10
SPY,2024-06-06,long,535.42,534.33,2024-06-06T18:50:00+00:00,2024-06-06T18:55:00+00:00,534.405,0.2054000000000542,534.11,534.9949999999999,1,1,2024-06-06T19:00:00+00:00,534.425,2024-06-06T19:22:00+00:00,534.09,STOP_LOSS,-0.3349999999999227,0.21370299999999998,0.03999999999996362,-0.5487029999999227,-1.1355932203388786,-1.8600101694915214,4.662453327700132,0.2949999999999591,0.005,0.000316357054179323,,HYP-FCR-04,stress,932.4906655400264,931.9419625400265,20.54000000000542,0.43926428571427323,0.46760004553081297,1,1,21.000000000003638,0.2949999999999591,5.0,533.87,0.2400000000000091,2,2024,15
QQQ,2024-06-06,long,464.54,462.48,2024-06-06T18:15:00+00:00,2024-06-06T19:50:00+00:00,463.39,0.06999999999999318,462.4601,465.24979999999994,1,1,2024-06-06T19:55:00+00:00,463.39,2024-06-06T19:59:00+00:00,463.39000000000004,FORCED_SESSION_CLOSE,5.684341886080802e-14,0.185356,0.01999999999998181,-0.18535599999994315,6.112852872438922e-14,-0.1993289601031811,4.505650331000165,0.9298999999999751,0.005,0.001031926505261623,,HYP-FCR-04,stress,901.1300662000331,900.9447102000331,6.999999999999318,0.3779357142857082,0.1852166846213302,19,19,0.9900000000016007,0.9298999999999751,95.0,462.92,0.45990000000000464,20,2024,15
QQQ,2024-06-07,short,463.58,461.84,2024-06-07T15:00:00+00:00,2024-06-07T15:05:00+00:00,462.78,0.18500000000000227,463.885,460.56999999999994,1,1,2024-06-07T15:10:00+00:00,462.7425,2024-06-07T15:30:00+00:00,463.905,STOP_LOSS,-1.162499999999966,0.1853295,0.057499999999947704,-1.3478294999999658,-1.0520361990949745,-1.2197552036198585,4.504723551000166,1.1050000000000182,0.005,0.0012264903578319245,,HYP-FCR-04,stress,900.9447102000331,899.5968807000331,18.500000000000227,0.5757000000000038,0.3213479242661127,1,1,29.50000000000159,1.1050000000000182,5.0,464.39,0.5049999999999955,2,2024,11
SPY,2024-06-12,short,542.96,541.21,2024-06-12T17:25:00+00:00,2024-06-12T17:30:00+00:00,542.5899,0.1350000000001046,543.38,541.0096999999998,1,1,2024-06-12T17:35:00+00:00,542.57,2024-06-12T18:00:00+00:00,541.0296999999998,TAKE_PROFIT,1.5403000000002294,0.21671993999999997,0.039899999999875035,1.3235800600002294,1.9495000632832902,1.6752057461082672,4.659709812700132,0.7901000000000522,0.005,0.0008477995752510369,,HYP-FCR-04,stress,931.9419625400265,933.2655426000267,13.50000000001046,0.29160000000000047,0.4629629629633209,1,1,40.99999999999682,0.7901000000000522,5.0,543.16,0.22000000000002728,2,2024,13
QQQ,2024-06-12,short,474.4599,471.29,2024-06-12T18:00:00+00:00,2024-06-12T18:05:00+00:00,473.98,0.18999999999999773,475.06,471.82000000000005,1,1,2024-06-12T18:10:00+00:00,473.97,2024-06-12T18:28:00+00:00,475.08,STOP_LOSS,-1.1099999999999568,0.18981,0.029999999999972715,-1.2998099999999568,-1.027777777777753,-1.2035277777777555,4.4979844035001655,1.079999999999984,0.005,0.00120053773325622,,HYP-FCR-04,stress,899.5968807000331,898.2970707000331,18.999999999999773,0.4732142857142776,0.40150943396226624,1,1,59.01000000000067,1.079999999999984,5.0,474.78499999999997,0.2750000000000341,2,2024,14
SPY,2024-06-13,long,543.19,541.74,2024-06-13T18:05:00+00:00,2024-06-13T18:10:00+00:00,541.9899,0.14049999999997453,541.3201,543.3295,1,1,2024-06-13T18:15:00+00:00,542.02,2024-06-13T19:59:00+00:00,542.38,FORCED_SESSION_CLOSE,0.36000000000001364,0.21688000000000002,0.05009999999992942,0.14312000000001363,0.5374738727978631,0.2136757240967627,4.6663277130001335,0.6698000000000093,0.005,0.0007176949854314595,,HYP-FCR-04,stress,933.2655426000267,933.4086626000268,14.049999999997453,0.3767214285714268,0.3729546273297155,1,1,40.98999999999933,0.6698000000000093,5.0,541.34,0.019900000000006912,2,2024,14
SPY,2024-06-14,long,541.6295,540.665,2024-06-14T14:15:00+00:00,2024-06-14T14:20:00+00:00,541.22,0.13000000000010914,540.095,543.47,1,1,2024-06-14T14:25:00+00:00,541.2425,2024-06-14T14:36:00+00:00,540.075,STOP_LOSS,-1.1674999999999045,0.21626350000000003,0.0424999999999045,-1.3837634999999044,-1.0377777777776929,-1.230011999999915,4.667043313000134,1.125,0.005,0.0012052598664193796,,HYP-FCR-04,stress,933.4086626000268,932.0248991000269,13.000000000010914,0.5630272727272541,0.23089467650545717,1,1,55.99999999999454,1.125,5.0,540.12,0.024999999999977263,2,2024,10
QQQ,2024-06-14,short,478.14,476.05,2024-06-14T14:25:00+00:00,2024-06-14T14:35:00+00:00,476.5225,0.22000000000002728,478.255,473.05749999999995,1,1,2024-06-14T14:40:00+00:00,476.51,2024-06-14T17:09:00+00:00,478.275,STOP_LOSS,-1.7649999999999864,0.19095700000000002,0.03249999999997044,-1.9559569999999864,-1.0187590187590014,-1.1289795093794912,4.491485353500166,1.732500000000016,0.005,0.001928649281523202,,HYP-FCR-04,stress,898.2970707000331,896.3411137000331,22.00000000000273,0.6981285714285548,0.3151281998813619,2,2,10.500000000001819,1.732500000000016,10.0,478.25,0.0049999999999954525,3,2024,10
QQQ,2024-06-17,short,479.82,478.14,2024-06-17T14:20:00+00:00,2024-06-17T14:25:00+00:00,479.23,0.060000000000002274,479.90999999999997,477.8700000000001,1,1,2024-06-17T14:30:00+00:00,479.25,2024-06-17T14:37:00+00:00,479.92999999999995,STOP_LOSS,-0.67999999999995,0.191836,0.03999999999996362,-0.87183599999995,-1.0,-1.282111764705903,4.481705568500166,0.67999999999995,0.005,0.0007586397517714632,,HYP-FCR-04,stress,896.3411137000331,895.4692777000332,6.000000000000227,0.635083333333327,0.09447579057866874,1,1,7.999999999998408,0.67999999999995,5.0,479.84,0.06999999999999318,2,2024,10
SPY,2024-06-18,long,548.22,547.11,2024-06-18T15:35:00+00:00,2024-06-18T15:40:00+00:00,547.535,0.13999999999998636,547.0301000000001,548.5447999999998,1,1,2024-06-18T15:45:00+00:00,547.55,2024-06-18T17:50:00+00:00,548.5247999999998,TAKE_PROFIT,0.9747999999998456,0.21921496,0.03499999999996817,0.7555850399998456,1.9306793424440987,1.496504337492543,4.660124495500135,0.5048999999999069,0.005,0.0005417237248569685,,HYP-FCR-04,stress,932.0248991000269,932.7804841400267,13.999999999998636,0.3139214285714128,0.44597146692755407,1,1,6.989999999996144,0.5048999999999069,5.0,547.05,0.019899999999893225,2,2024,11
QQQ,2024-06-18,long,485.68,484.38,2024-06-18T15:40:00+00:00,2024-06-18T15:45:00+00:00,484.705,0.07999999999998408,484.2957,485.52359999999993,1,1,2024-06-18T15:50:00+00:00,484.72499999999997,2024-06-18T17:22:00+00:00,485.50359999999995,TAKE_PROFIT,0.7785999999999831,0.19404572,0.03999999999996362,0.5845542799999831,1.9022721720010598,1.4281805032983659,4.477346388500166,0.40929999999997335,0.005,0.00045707877444019,,HYP-FCR-04,stress,895.4692777000332,896.0538319800332,7.999999999998408,0.4109642857142798,0.19466411749366358,1,1,7.4299999999993815,0.40929999999997335,5.0,484.14,0.15570000000002437,2,2024,11
QQQ,2024-06-20,long,486.8387,485.27,2024-06-20T14:55:00+00:00,2024-06-20T15:00:00+00:00,485.56,0.1450999999999567,485.02,486.64000000000004,1,1,2024-06-20T15:05:00+00:00,485.54999999999995,2024-06-20T15:22:00+00:00,485.0,STOP_LOSS,-0.5499999999999545,0.19411,0.03000000000002956,-0.7441099999999545,-1.0185185185183958,-1.3779814814813451,4.480269159900167,0.5400000000000205,0.005,0.0006026423644735368,,HYP-FCR-04,stress,896.0538319800332,895.3097219800333,14.50999999999567,0.7034,0.20628376457201691,1,1,24.00000000000091,0.5400000000000205,5.0,484.74,0.2799999999999727,2,2024,11
SPY,2024-06-20,long,550.12,548.81,2024-06-20T14:50:00+00:00,2024-06-20T15:00:00+00:00,549.19,0.08010000000001583,548.7,550.1700000000001,1,1,2024-06-20T15:05:00+00:00,549.1899999999999,2024-06-20T15:27:00+00:00,548.6800000000001,STOP_LOSS,-0.5099999999998772,0.219574,0.020000000000095497,-0.7295739999998772,-1.0408163265303423,-1.4889265306119666,4.663902420700134,0.4900000000000091,0.005,0.0005253111619844434,,HYP-FCR-04,stress,932.7804841400267,932.0509101400269,8.010000000001583,0.45792857142857557,0.17491810949933106,2,2,9.999999999990905,0.4900000000000091,10.0,548.7,0.0,3,2024,11
QQQ,2024-06-21,short,481.45,478.67,2024-06-21T15:20:00+00:00,2024-06-21T15:30:00+00:00,480.25,0.21999999999997044,481.78999999999996,477.1700000000001,1,1,2024-06-21T15:35:00+00:00,480.24,2024-06-21T15:48:00+00:00,481.80999999999995,STOP_LOSS,-1.5699999999999363,0.19241,0.029999999999972715,-1.7624099999999363,-1.0194805194805023,-1.1444220779220635,4.476548609900166,1.5399999999999636,0.005,0.0017200751451622324,,HYP-FCR-04,stress,895.3097219800333,893.5473119800333,21.999999999997044,0.6464071428571531,0.3403427737935553,2,2,32.99999999999841,1.5399999999999636,10.0,481.5969,0.19309999999995853,3,2024,11
SPY,2024-06-21,short,544.86,543.02,2024-06-21T15:20:00+00:00,2024-06-21T15:30:00+00:00,544.12,0.18500000000005912,545.26,541.84,1,1,2024-06-21T15:35:00+00:00,544.11,2024-06-21T15:50:00+00:00,545.28,STOP_LOSS,-1.169999999999959,0.217878,0.029999999999972715,-1.387877999999959,-1.0263157894736605,-1.217436842105242,4.6602545507001345,1.1399999999999864,0.005,0.0012231091538001055,,HYP-FCR-04,stress,932.0509101400269,930.6630321400269,18.50000000000591,0.47279285714284114,0.39129186747456834,2,2,38.999999999998636,1.1399999999999864,10.0,545.13,0.12999999999999545,3,2024,11
QQQ,2024-06-24,short,479.21,476.82,2024-06-24T14:15:00+00:00,2024-06-24T14:30:00+00:00,477.97,0.2899999999999636,479.51,474.8900000000001,1,1,2024-06-24T14:35:00+00:00,478.0,2024-06-24T18:14:00+00:00,474.9100000000001,TAKE_PROFIT,3.089999999999918,0.19058200000000003,0.049999999999954525,2.899417999999918,2.006493506493501,1.8827389610389524,4.467736559900167,1.5399999999999636,0.005,0.0017234677776461998,,HYP-FCR-04,stress,893.5473119800333,896.4467299800333,28.999999999996362,1.0948384615384594,0.2648792586190821,3,3,29.000000000002046,1.5399999999999636,15.0,479.11,0.39999999999997726,4,2024,10
SPY,2024-06-24,short,545.802,543.76,2024-06-24T14:40:00+00:00,2024-06-24T14:45:00+00:00,544.85,0.2900000000000773,546.22,542.11,1,1,2024-06-24T14:50:00+00:00,544.84,2024-06-24T15:18:00+00:00,546.24,STOP_LOSS,-1.3999999999999773,0.218216,0.029999999999972715,-1.6182159999999772,-1.0218978102189582,-1.181179562043775,4.653315160700134,1.3700000000000045,0.005,0.0014720687861101969,,HYP-FCR-04,stress,930.6630321400269,929.0448161400269,29.00000000000773,0.7683571428571392,0.37742865111100693,1,1,40.800000000001546,1.3700000000000045,5.0,546.2299,0.009900000000016007,2,2024,10
SPY,2024-06-25,long,544.07,543.03,2024-06-25T14:00:00+00:00,2024-06-25T14:05:00+00:00,543.79,0.18239999999991596,543.02,545.3299999999999,1,1,2024-06-25T14:10:00+00:00,543.8199999999999,2024-06-25T16:35:00+00:00,543.0,STOP_LOSS,-0.8199999999999363,0.217364,0.049999999999954525,-1.0373639999999362,-1.0649350649350073,-1.347225974025923,4.645224080700134,0.7699999999999818,0.005,0.0008288082411343291,,HYP-FCR-04,stress,929.0448161400269,928.007452140027,18.239999999991596,0.490325000000027,0.3719981644825492,1,1,0.0,0.7699999999999818,5.0,543.09,0.07000000000005002,2,2024,10
SPY,2024-06-26,short,544.39,543.17,2024-06-26T14:25:00+00:00,2024-06-26T14:30:00+00:00,544.065,0.09109999999998308,544.6899999999999,542.8150000000003,1,1,2024-06-26T14:35:00+00:00,544.0450000000001,2024-06-26T15:50:00+00:00,544.7099999999999,STOP_LOSS,-0.6649999999998499,0.21775100000000003,0.03999999999996362,-0.88275099999985,-1.0639999999999534,-1.4124016000000168,4.640037260700135,0.6249999999998863,0.005,0.0006734859710001338,,HYP-FCR-04,stress,928.007452140027,927.1247011400271,9.109999999998308,0.4829615384615391,0.18862785697217146,1,1,28.999999999996362,0.6249999999998863,5.0,544.65,0.03999999999996362,2,2024,10
QQQ,2024-06-26,short,480.27,478.33,2024-06-26T14:55:00+00:00,2024-06-26T15:10:00+00:00,478.57,0.049999999999954525,480.37,474.96999999999997,1,1,2024-06-26T15:15:00+00:00,478.53000000000003,2024-06-26T15:53:00+00:00,480.39,STOP_LOSS,-1.8599999999999568,0.191784,0.05999999999994543,-2.051783999999957,-1.0333333333333028,-1.139879999999969,4.4822336499001665,1.8000000000000114,0.005,0.0020079274538043136,,HYP-FCR-04,stress,896.4467299800333,894.3949459800333,4.9999999999954525,0.7488642857142948,0.06676777215014688,3,3,9.000000000003183,1.8000000000000114,15.0,479.67,0.6999999999999886,4,2024,11
QQQ,2024-06-27,short,482.76,480.12,2024-06-27T14:15:00+00:00,2024-06-27T14:50:00+00:00,480.8405,0.5599999999999454,483.11,476.30150000000003,1,1,2024-06-27T14:55:00+00:00,480.88,2024-06-27T19:59:00+00:00,481.59,FORCED_SESSION_CLOSE,-0.7099999999999795,0.19249400000000003,0.059499999999957254,-0.9024939999999796,-0.312844238819115,-0.3976620400969298,4.471974729900166,2.2694999999999936,0.005,0.0025374696158565486,,HYP-FCR-04,stress,894.3949459800333,893.4924519800334,55.99999999999454,0.8199000000000021,0.6830101231856861,7,7,34.00000000000318,2.2694999999999936,35.0,482.115,0.9950000000000045,8,2024,10
SPY,2024-06-27,short,546.84,545.14,2024-06-27T14:15:00+00:00,2024-06-27T14:50:00+00:00,545.83,0.1959999999999127,546.97,543.5500000000001,1,1,2024-06-27T14:55:00+00:00,545.8100000000001,2024-06-27T19:59:00+00:00,546.37,FORCED_SESSION_CLOSE,-0.5599999999999454,0.21843600000000002,0.03999999999996362,-0.7784359999999455,-0.4912280701753966,-0.6828385964911884,4.635623505700136,1.1399999999999864,0.005,0.0012296080544485545,,HYP-FCR-04,stress,927.1247011400271,926.3462651400272,19.59999999999127,0.561857142857158,0.34884312229833503,7,7,12.000000000000455,1.1399999999999864,35.0,546.7,0.2699999999999818,8,2024,10
QQQ,2024-06-28,short,484.27,481.67,2024-06-28T14:55:00+00:00,2024-06-28T15:00:00+00:00,483.45,0.11000000000001364,484.4799,481.3902,1,1,2024-06-28T15:05:00+00:00,483.43,2024-06-28T16:18:00+00:00,481.4102,TAKE_PROFIT,2.019800000000032,0.19296804,0.03999999999996362,1.826831960000032,1.9611612777939957,1.7737954752888978,4.4674622599001665,1.0298999999999978,0.005,0.001152667823569944,,HYP-FCR-04,stress,893.4924519800334,895.3192839400334,11.000000000001364,0.8986357142857051,0.12240777686812603,1,1,19.990000000001373,1.0298999999999978,5.0,485.4,0.9200999999999908,2,2024,11
SPY,2024-06-28,short,548.26,546.67,2024-06-28T15:00:00+00:00,2024-06-28T15:05:00+00:00,547.47,0.10500000000001819,548.64,545.1300000000001,1,1,2024-06-28T15:10:00+00:00,547.44,2024-06-28T18:43:00+00:00,545.1500000000001,TAKE_PROFIT,2.2899999999999636,0.21851800000000005,0.049999999999954525,2.0714819999999636,1.9572649572649947,1.7704974358974668,4.6317313257001365,1.169999999999959,0.005,0.001263026628409951,,HYP-FCR-04,stress,926.3462651400272,928.4177471400271,10.500000000001819,0.7375999999999863,0.1423535791757323,1,1,37.000000000000455,1.169999999999959,5.0,548.84,0.20000000000004547,2,2024,11
QQQ,2024-07-01,long,480.4,476.945,2024-07-01T14:15:00+00:00,2024-07-01T14:25:00+00:00,479.21,0.049999999999954525,476.245,485.13999999999993,1,1,2024-07-01T14:30:00+00:00,479.26,2024-07-01T19:59:00+00:00,481.92,FORCED_SESSION_CLOSE,2.660000000000025,0.19223600000000002,0.06999999999999318,2.467764000000025,0.89713322091064,0.8322981450253106,4.476596419700167,2.964999999999975,0.005,0.0033116677515890123,,HYP-FCR-04,stress,895.3192839400334,897.7870479400334,4.9999999999954525,1.2287166666666895,0.040692863828075576,2,2,68.99999999999977,2.964999999999975,10.0,476.475,0.2300000000000182,3,2024,10
SPY,2024-07-01,long,545.8599,544.095,2024-07-01T16:05:00+00:00,2024-07-01T16:10:00+00:00,545.015,0.13999999999998636,544.0600000000001,546.9249999999998,1,1,2024-07-01T16:15:00+00:00,545.03,2024-07-01T19:26:00+00:00,544.0400000000001,STOP_LOSS,-0.9899999999998954,0.21781400000000004,0.03499999999996817,-1.2078139999998954,-1.0366492146596553,-1.2647267015706674,4.642088735700136,0.9549999999999272,0.005,0.0010286317801892373,,HYP-FCR-04,stress,928.4177471400271,927.2099331400273,13.999999999998636,0.5231142857142815,0.2676279425418953,1,1,2.4999999999977263,0.9549999999999272,5.0,544.059,0.00100000000009004,2,2024,12
QQQ,2024-07-02,short,483.18,480.28,2024-07-02T15:55:00+00:00,2024-07-02T16:00:00+00:00,483.12,0.6650999999999954,483.9,481.56000000000006,1,1,2024-07-02T16:05:00+00:00,483.0699,2024-07-02T17:00:00+00:00,483.91999999999996,STOP_LOSS,-0.8500999999999408,0.19339798000000002,0.07009999999996808,-1.0434979799999409,-1.0898717948717571,-1.337817923076894,4.488935239700167,0.7799999999999727,0.005,0.0008688029102109211,,HYP-FCR-04,stress,897.7870479400334,896.7435499600334,66.50999999999954,0.5038499999999958,1.3200357249181323,1,1,70.99999999999795,0.7799999999999727,5.0,484.03,0.12999999999999545,2,2024,12
QQQ,2024-07-03,short,487.86,486.2,2024-07-03T14:20:00+00:00,2024-07-03T14:25:00+00:00,487.3,0.20999999999997954,488.01959999999997,485.8608000000001,1,1,2024-07-03T14:30:00+00:00,487.27000000000004,2024-07-03T14:43:00+00:00,488.03959999999995,STOP_LOSS,-0.7695999999999117,0.19506192000000003,0.049999999999954525,-0.9646619199999117,-1.0694830461366835,-1.3405529738743318,4.483717749800167,0.7195999999999572,0.005,0.0008024590754313524,,HYP-FCR-04,stress,896.7435499600334,895.7788880400335,20.999999999997954,0.7149249999999986,0.2937371052907367,1,1,14.959999999996398,0.7195999999999572,5.0,487.89,0.12959999999998217,2,2024,10
SPY,2024-07-03,short,549.63,548.65,2024-07-03T14:20:00+00:00,2024-07-03T14:25:00+00:00,549.18,0.10500000000001819,549.74,548.0599999999998,1,1,2024-07-03T14:30:00+00:00,549.14,2024-07-03T14:46:00+00:00,549.76,STOP_LOSS,-0.6200000000000045,0.21978000000000003,0.05999999999994543,-0.8397800000000046,-1.1071428571427484,-1.4996071428569928,4.636049665700137,0.5600000000000591,0.005,0.0006039624684601905,,HYP-FCR-04,stress,927.2099331400273,926.3701531400272,10.500000000001819,0.47791666666667726,0.2197035745423174,1,1,10.000000000002274,0.5600000000000591,5.0,549.79,0.049999999999954525,2,2024,10
QQQ,2024-07-05,short,493.7,491.59,2024-07-05T14:05:00+00:00,2024-07-05T14:10:00+00:00,493.12,0.3686999999999898,494.28999999999996,490.7800000000001,1,1,2024-07-05T14:15:00+00:00,493.1,2024-07-05T14:46:00+00:00,494.30999999999995,STOP_LOSS,-1.2099999999999227,0.197482,0.03999999999996362,-1.4074819999999226,-1.0341880341880043,-1.2029760683760444,4.478894440200167,1.169999999999959,0.005,0.0013061258929197607,,HYP-FCR-04,stress,895.7788880400335,894.3714060400335,36.86999999999898,0.949999999999995,0.38810526315788607,1,1,57.99999999999841,1.169999999999959,5.0,494.02,0.2699999999999818,2,2024,10
SPY,2024-07-05,short,552.53,551.39,2024-07-05T14:05:00+00:00,2024-07-05T14:10:00+00:00,551.79,0.31979999999998654,552.58,550.2099999999998,1,1,2024-07-05T14:15:00+00:00,551.77,2024-07-05T14:45:00+00:00,552.6,STOP_LOSS,-0.8300000000000409,0.220874,0.03999999999996362,-1.050874000000041,-1.050632911392354,-1.3302202531644787,4.631850765700136,0.7900000000000773,0.005,0.0008527908604592783,,HYP-FCR-04,stress,926.3701531400272,925.3192791400272,31.979999999998654,0.6089666666666744,0.5251518966555079,1,1,4.000000000007731,0.7900000000000773,5.0,552.55,0.030000000000086402,2,2024,10
QQQ,2024-07-08,long,497.04,495.781,2024-07-08T14:55:00+00:00,2024-07-08T15:05:00+00:00,496.46,0.22000000000002728,495.57,498.23999999999995,1,1,2024-07-08T15:10:00+00:00,496.49,2024-07-08T19:59:00+00:00,497.39000000000004,FORCED_SESSION_CLOSE,0.9000000000000341,0.19877600000000004,0.05000000000001137,0.701224000000034,1.0112359550562335,0.787892134831511,4.471857030200168,0.8899999999999864,0.005,0.0009951123146261995,,HYP-FCR-04,stress,894.3714060400335,895.0726300400336,22.00000000000273,0.5090499999999898,0.43217758569891307,2,2,20.100000000002183,0.8899999999999864,10.0,495.89,0.3199999999999932,3,2024,11
QQQ,2024-07-09,long,499.835,498.76,2024-07-09T14:05:00+00:00,2024-07-09T14:15:00+00:00,499.68,0.19499999999999318,498.601,501.838,1,1,2024-07-09T14:20:00+00:00,499.70869999999996,2024-07-09T14:25:00+00:00,498.581,STOP_LOSS,-1.1276999999999475,0.19965794,0.04869999999993979,-1.3273579399999476,-1.0451343836885445,-1.2301741797960501,4.475363150200168,1.0790000000000077,0.005,0.001205488765701335,,HYP-FCR-04,stress,895.0726300400336,893.7452721000336,19.499999999999318,0.7097100000000068,0.274760113285696,2,2,14.900000000000091,1.0790000000000077,10.0,499.03000000000003,0.42900000000003047,3,2024,10
SPY,2024-07-09,long,556.82,556.11,2024-07-09T14:30:00+00:00,2024-07-09T14:35:00+00:00,556.46,0.030000000000086402,555.75,557.8800000000001,1,1,2024-07-09T14:40:00+00:00,556.48,2024-07-09T15:24:00+00:00,555.73,STOP_LOSS,-0.75,0.22244200000000003,0.03999999999996362,-0.972442,-1.05633802816896,-1.3696366197182397,4.626596395700136,0.7100000000000364,0.005,0.0007673027202674258,,HYP-FCR-04,stress,925.3192791400272,924.3468371400272,3.00000000000864,0.3821785714285722,0.07849733669773082,1,1,35.000000000002274,0.7100000000000364,5.0,556.0,0.25,2,2024,10
QQQ,2024-07-10,short,500.19,498.83,2024-07-10T14:15:00+00:00,2024-07-10T14:20:00+00:00,499.8494,0.18999999999999773,500.59,498.36820000000006,1,1,2024-07-10T14:25:00+00:00,499.8499,2024-07-10T16:22:00+00:00,500.60999999999996,STOP_LOSS,-0.7600999999999658,0.20009198,0.020499999999969987,-0.9601919799999659,-1.0263300027005056,-1.2965055090467215,4.468726360500169,0.7405999999999722,0.005,0.0008286477401550713,,HYP-FCR-04,stress,893.7452721000336,892.7850801200336,18.999999999999773,0.5789090909090749,0.3282035175879448,1,1,38.999999999998636,0.7405999999999722,5.0,500.53,0.060000000000002274,2,2024,10
QQQ,2024-07-15,short,497.96,495.92,2024-07-15T16:05:00+00:00,2024-07-15T16:10:00+00:00,497.19,0.4200000000000159,498.39,494.79,1,1,2024-07-15T16:15:00+00:00,497.14000000000004,2024-07-15T16:42:00+00:00,498.40999999999997,STOP_LOSS,-1.269999999999925,0.19911,0.06999999999993634,-1.469109999999925,-1.0583333333332807,-1.2242583333332826,4.463925400600168,1.1999999999999886,0.005,0.0013441084833526232,,HYP-FCR-04,stress,892.7850801200336,891.3159701200337,42.00000000000159,0.7512428571428538,0.5590735352844096,1,1,42.00000000000159,1.1999999999999886,5.0,498.73,0.34000000000003183,2,2024,12
SPY,2024-07-15,short,562.83,561.39,2024-07-15T16:10:00+00:00,2024-07-15T16:15:00+00:00,562.44,0.22000000000002728,563.15,561.0200000000002,1,1,2024-07-15T16:20:00+00:00,562.44,2024-07-15T16:42:00+00:00,563.17,STOP_LOSS,-0.7299999999999045,0.22512200000000004,0.01999999999998181,-0.9551219999999045,-1.0281690140844846,-1.3452422535211388,4.621734185700136,0.7099999999999227,0.005,0.0007681099469076956,,HYP-FCR-04,stress,924.3468371400272,923.3917151400273,22.00000000000273,0.5140642857142877,0.4279620392113785,1,1,30.999999999994543,0.7099999999999227,5.0,563.37,0.22000000000002728,2,2024,12
SPY,2024-07-16,long,563.61,562.74,2024-07-16T14:35:00+00:00,2024-07-16T14:40:00+00:00,563.3001,0.17989999999997508,562.46,564.9803,1,1,2024-07-16T14:45:00+00:00,563.3299999999999,2024-07-16T16:16:00+00:00,562.44,STOP_LOSS,-0.8899999999998727,0.22515400000000002,0.04989999999986594,-1.1151539999998727,-1.059397690750941,-1.3274062611592237,4.616958575700137,0.8401000000000067,0.005,0.000909798069687695,,HYP-FCR-04,stress,923.3917151400273,922.2765611400274,17.989999999997508,0.6185357142857291,0.2908482013972621,1,1,26.99999999999818,0.8401000000000067,5.0,562.63,0.16999999999995907,2,2024,10
QQQ,2024-07-16,long,498.44,495.6,2024-07-16T15:05:00+00:00,2024-07-16T15:10:00+00:00,495.72,0.013900000000035106,495.46000000000004,496.24,1,1,2024-07-16T15:15:00+00:00,495.77,2024-07-16T15:20:00+00:00,495.44000000000005,STOP_LOSS,-0.32999999999992724,0.19824200000000003,0.06999999999993634,-0.5282419999999273,-1.2692307692305338,-2.031699999999791,4.456579850600169,0.2599999999999909,0.005,0.0002917035133623564,,HYP-FCR-04,stress,891.3159701200337,890.7877281200338,1.3900000000035106,0.9232142857142743,0.015056092843365098,1,1,12.999999999999545,0.2599999999999909,5.0,494.95,0.5100000000000477,2,2024,11
SPY,2024-07-22,long,554.4101,552.275,2024-07-22T14:20:00+00:00,2024-07-22T14:30:00+00:00,553.46,0.1150000000000091,552.21,555.96,1,1,2024-07-22T14:35:00+00:00,553.482,2024-07-22T15:23:00+00:00,552.19,STOP_LOSS,-1.2919999999999163,0.2211344,0.041999999999916326,-1.5131343999999163,-1.033599999999933,-1.2105075199999331,4.611382805700138,1.25,0.005,0.0013553418276778856,,HYP-FCR-04,stress,922.2765611400274,920.7634267400275,11.50000000000091,0.8480769230769213,0.13560090702948946,2,2,5.499999999994998,1.25,10.0,552.33,0.12000000000000455,3,2024,10
QQQ,2024-07-22,long,482.86,479.44,2024-07-22T16:30:00+00:00,2024-07-22T16:40:00+00:00,480.495,0.14500000000003865,479.42,482.645,1,1,2024-07-22T16:45:00+00:00,480.51,2024-07-22T17:48:00+00:00,482.625,TAKE_PROFIT,2.115000000000009,0.19262700000000002,0.03499999999996817,1.922373000000009,1.9674418604651456,1.7882539534883994,4.453938640600169,1.0749999999999886,0.005,0.0012067970472255229,,HYP-FCR-04,stress,890.7877281200338,892.7101011200338,14.500000000003865,0.6895928571428556,0.21026899930606527,2,2,0.9999999999990905,1.0749999999999886,10.0,479.69,0.2699999999999818,3,2024,12
SPY,2024-07-23,short,555.81,554.13,2024-07-23T14:35:00+00:00,2024-07-23T14:40:00+00:00,555.37,0.09999999999990905,556.09,553.93,1,1,2024-07-23T14:45:00+00:00,555.33,2024-07-23T15:12:00+00:00,556.11,STOP_LOSS,-0.7799999999999727,0.222288,0.05999999999994543,-1.0022879999999728,-1.0833333333332544,-1.392066666666576,4.6038171337001375,0.7200000000000273,0.005,0.00078195981626811,,HYP-FCR-04,stress,920.7634267400275,919.7611387400275,9.999999999990905,0.5753142857142767,0.17381803734589152,1,1,27.00000000000955,0.7200000000000273,5.0,556.03,0.06000000000005912,2,2024,10
QQQ,2024-07-23,short,483.28,480.87,2024-07-23T14:25:00+00:00,2024-07-23T14:50:00+00:00,481.18,0.49500000000000455,483.36,476.82,1,1,2024-07-23T14:55:00+00:00,481.12,2024-07-23T15:13:00+00:00,483.38,STOP_LOSS,-2.259999999999991,0.19290000000000002,0.07999999999998408,-2.4528999999999908,-1.0366972477064147,-1.1251834862385244,4.4635505056001685,2.180000000000007,0.005,0.0024420021653892812,,HYP-FCR-04,stress,892.7101011200338,890.2572011200338,49.500000000000455,0.9253357142857104,0.5349409866689382,5,5,7.000000000005002,2.180000000000007,25.0,482.21,1.150000000000034,6,2024,10
QQQ,2024-07-25,long,463.95,458.87,2024-07-25T14:20:00+00:00,2024-07-25T14:25:00+00:00,460.36,0.3599999999999568,458.0,465.08000000000004,1,1,2024-07-25T14:30:00+00:00,460.39,2024-07-25T15:17:00+00:00,465.06000000000006,TAKE_PROFIT,4.670000000000073,0.18509,0.049999999999954525,4.484910000000073,1.9788135593220533,1.9003855932203588,4.451286005600169,2.3600000000000136,0.005,0.002650919304029099,,HYP-FCR-04,stress,890.2572011200338,894.7421111200339,35.99999999999568,1.8497916666666658,0.19461651086831777,1,1,86.00000000000136,2.3600000000000136,5.0,456.68,1.3199999999999932,2,2024,10
SPY,2024-07-25,long,541.62,539.61,2024-07-25T14:20:00+00:00,2024-07-25T14:25:00+00:00,540.6,0.09000000000003183,538.96,543.88,1,1,2024-07-25T14:30:00+00:00,540.6,2024-07-25T15:14:00+00:00,543.86,TAKE_PROFIT,3.259999999999991,0.21689200000000003,0.01999999999998181,3.043107999999991,1.9878048780487916,1.8555536585365953,4.598805693700138,1.6399999999999864,0.005,0.0017830716377586985,,HYP-FCR-04,stress,919.7611387400275,922.8042467400275,9.000000000003183,1.119591666666641,0.08038645041722106,1,1,63.999999999998636,1.6399999999999864,5.0,538.1800000000001,0.7799999999999727,2,2024,10
QQQ,2024-07-26,long,462.71,460.23,2024-07-26T14:10:00+00:00,2024-07-26T14:25:00+00:00,462.05,0.3650000000000091,460.15000000000003,465.84999999999997,1,1,2024-07-26T14:30:00+00:00,462.06,2024-07-26T14:35:00+00:00,460.13000000000005,STOP_LOSS,-1.92999999999995,0.18443800000000002,0.029999999999972715,-2.11443799999995,-1.0157894736841964,-1.1128621052631449,4.47371055560017,1.8999999999999773,0.005,0.002123516906588387,,HYP-FCR-04,stress,894.7421111200339,892.6276731200339,36.50000000000091,1.5476416666666541,0.23584270691429135,3,3,6.999999999999318,1.8999999999999773,15.0,460.89,0.7399999999999523,4,2024,10
SPY,2024-07-26,short,543.18,541.49,2024-07-26T14:30:00+00:00,2024-07-26T14:35:00+00:00,542.12,1.19500000000005,543.84,538.68,1,1,2024-07-26T14:40:00+00:00,542.13,2024-07-26T15:02:00+00:00,543.86,STOP_LOSS,-1.7300000000000182,0.217198,0.029999999999972715,-1.9471980000000182,-1.0058139534883668,-1.132091860465109,4.614021233700138,1.7200000000000273,0.005,0.0018638839234607315,,HYP-FCR-04,stress,922.8042467400275,920.8570487400274,119.500000000005,1.1160785714285535,1.0707131474359184,1,1,65.0000000000091,1.7200000000000273,5.0,543.698,0.14200000000005275,2,2024,10
QQQ,2024-07-29,short,467.67,464.2,2024-07-29T14:00:00+00:00,2024-07-29T14:10:00+00:00,465.0,0.5799999999999841,467.92,459.15999999999997,1,1,2024-07-29T14:15:00+00:00,465.02000000000004,2024-07-29T19:59:00+00:00,463.85999999999996,FORCED_SESSION_CLOSE,1.1600000000000819,0.185776,0.040000000000020464,0.9742240000000819,0.3972602739726286,0.3336383561644098,4.4631383656001695,2.920000000000016,0.005,0.003271240728840093,,HYP-FCR-04,stress,892.6276731200339,893.601897120034,57.99999999999841,1.3433333333333368,0.4317617866004833,2,2,24.00000000000091,2.920000000000016,10.0,467.46,0.4600000000000364,3,2024,10
SPY,2024-07-29,short,546.65,544.75,2024-07-29T14:05:00+00:00,2024-07-29T14:10:00+00:00,545.17,0.30999999999994543,547.05,541.41,1,1,2024-07-29T14:15:00+00:00,545.1800000000001,2024-07-29T17:13:00+00:00,547.0699999999999,STOP_LOSS,-1.8899999999998727,0.21845,0.030000000000086402,-2.1084499999998725,-1.0053191489361049,-1.1215159574467435,4.604285243700137,1.8799999999999955,0.005,0.002041576379930333,,HYP-FCR-04,stress,920.8570487400274,918.7485987400275,30.999999999994543,0.9455555555555546,0.3278495887190966,1,1,38.999999999998636,1.8799999999999955,5.0,546.96,0.08999999999991815,2,2024,10
QQQ,2024-07-31,short,468.9,466.41,2024-07-31T17:30:00+00:00,2024-07-31T17:35:00+00:00,468.41,0.5400000000000205,469.57,466.0900000000001,1,1,2024-07-31T17:40:00+00:00,468.36,2024-07-31T17:53:00+00:00,469.59,STOP_LOSS,-1.2299999999999613,0.18759,0.06999999999999318,-1.4175899999999613,-1.0603448275862026,-1.2220603448275864,4.46800948560017,1.1599999999999682,0.005,0.0012981172082764166,,HYP-FCR-04,stress,893.601897120034,892.1843071200341,54.000000000002046,0.6328928571428533,0.8532249873032371,1,1,66.0000000000025,1.1599999999999682,5.0,469.76,0.18999999999999773,2,2024,13
QQQ,2024-08-02,long,453.57,448.285,2024-08-02T15:35:00+00:00,2024-08-02T15:40:00+00:00,450.01,0.650100000000009,447.26,455.51,1,1,2024-08-02T15:45:00+00:00,449.95,2024-08-02T16:55:00+00:00,447.24,STOP_LOSS,-2.7099999999999795,0.17943800000000001,0.07999999999998408,-2.8894379999999797,-0.985454545454538,-1.05070472727272,4.46092153560017,2.75,0.005,0.0030823227645384,,HYP-FCR-04,stress,892.1843071200341,889.2948691200342,65.0100000000009,1.5793714285714324,0.411619450776082,1,1,101.50000000000432,2.75,5.0,446.755,0.5049999999999955,2,2024,11
SPY,2024-08-05,short,518.04,510.27,2024-08-05T18:35:00+00:00,2024-08-05T18:40:00+00:00,516.5901,0.4800000000000182,519.0,511.7703,1,1,2024-08-05T18:45:00+00:00,516.57,2024-08-05T19:59:00+00:00,517.43,FORCED_SESSION_CLOSE,-0.8599999999999,0.2068,0.04009999999993852,-1.0667999999999,-0.3568612805510197,-0.4426739698742284,4.593742993700138,2.4098999999999933,0.005,0.0026230244087500454,,HYP-FCR-04,stress,918.7485987400275,917.6817987400276,48.00000000000182,1.0503571428571215,0.4569874192451813,1,1,95.00000000000455,2.4098999999999933,5.0,518.92,0.08000000000004093,2,2024,14
QQQ,2024-08-05,short,434.2,423.45,2024-08-05T18:40:00+00:00,2024-08-05T18:45:00+00:00,433.005,1.0900000000000318,435.5,428.015,1,1,2024-08-05T18:50:00+00:00,432.98,2024-08-05T19:37:00+00:00,435.52,STOP_LOSS,-2.5399999999999636,0.17370000000000002,0.04499999999995907,-2.713699999999964,-1.018036072144272,-1.087655310621226,4.446474345600171,2.4950000000000045,0.005,0.002805593607516066,,HYP-FCR-04,stress,889.2948691200342,886.5811691200341,109.00000000000318,1.2708071428571333,0.8577225947513988,1,1,129.00000000000205,2.4950000000000045,5.0,436.13,0.6299999999999955,2,2024,14
SPY,2024-08-07,short,531.19,527.94,2024-08-07T14:10:00+00:00,2024-08-07T14:20:00+00:00,529.69,0.1150000000000091,531.26,526.5500000000002,1,1,2024-08-07T14:25:00+00:00,529.6800000000001,2024-08-07T16:03:00+00:00,526.5700000000002,TAKE_PROFIT,3.1099999999999,0.21125000000000005,0.029999999999972715,2.8987499999999,1.9808917197452396,1.8463375796178454,4.588408993700138,1.5699999999999363,0.005,0.0017108326678763144,,HYP-FCR-04,stress,917.6817987400276,920.5805487400276,11.50000000000091,1.246227272727269,0.09227851333115249,2,2,5.999999999994543,1.5699999999999363,10.0,531.06,0.20000000000004547,3,2024,10
QQQ,2024-08-07,long,449.0,446.15,2024-08-07T14:40:00+00:00,2024-08-07T14:45:00+00:00,448.38,0.6599999999999682,445.88,453.38,1,1,2024-08-07T14:50:00+00:00,448.40999999999997,2024-08-07T15:44:00+00:00,445.86,STOP_LOSS,-2.5499999999999545,0.178854,0.049999999999954525,-2.7288539999999544,-1.0199999999999818,-1.0915415999999818,4.432905845600171,2.5,0.005,0.002819820775667214,,HYP-FCR-04,stress,886.5811691200341,883.8523151200342,65.99999999999682,1.4571428571428677,0.4529411764705631,1,1,25.99999999999909,2.5,5.0,446.04,0.160000000000025,2,2024,10
QQQ,2024-08-09,short,448.62,446.07,2024-08-09T14:20:00+00:00,2024-08-09T14:35:00+00:00,446.87,0.16999999999995907,448.9,442.81000000000006,1,1,2024-08-09T14:40:00+00:00,446.86,2024-08-09T14:53:00+00:00,448.91999999999996,STOP_LOSS,-2.0599999999999454,0.179156,0.029999999999972715,-2.2391559999999453,-1.0147783251231395,-1.103032512315259,4.419261575600171,2.0299999999999727,0.005,0.0022967637978345765,,HYP-FCR-04,stress,883.8523151200342,881.6131591200342,16.999999999995907,1.416021428571432,0.12005468036699511,3,3,26.99999999999818,2.0299999999999727,15.0,448.09499999999997,0.8050000000000068,4,2024,10
SPY,2024-08-09,short,531.1101,528.56,2024-08-09T14:20:00+00:00,2024-08-09T14:35:00+00:00,530.04,0.049999999999954525,531.1785,527.7629999999999,1,1,2024-08-09T14:40:00+00:00,530.0294,2024-08-09T14:51:00+00:00,531.1985,STOP_LOSS,-1.1690999999999576,0.21224558,0.03059999999993579,-1.3813455799999577,-1.0268774703556742,-1.213303100570866,4.602902743700138,1.1385000000000218,0.005,0.0012367195913038293,,HYP-FCR-04,stress,920.5805487400276,919.1992031600277,4.9999999999954525,1.1685214285714258,0.042789116893715805,3,3,5.8400000000006,1.1385000000000218,15.0,530.789,0.3894999999999982,4,2024,10
QQQ,2024-08-12,short,452.14,448.5546,2024-08-12T15:20:00+00:00,2024-08-12T15:25:00+00:00,451.13,2.430000000000007,454.02,445.35,1,1,2024-08-12T15:30:00+00:00,451.09000000000003,2024-08-12T19:59:00+00:00,451.5,FORCED_SESSION_CLOSE,-0.40999999999996817,0.180518,0.05999999999994543,-0.5905179999999681,-0.1418685121107163,-0.20433148788926328,4.408065795600171,2.8899999999999864,0.005,0.003278081741525485,,HYP-FCR-04,stress,881.6131591200342,881.0226411200342,243.00000000000068,1.0181571428571365,2.3866649829524147,1,1,187.00000000000045,2.8899999999999864,5.0,453.96,0.060000000000002274,2,2024,11
SPY,2024-08-12,short,534.48,530.95,2024-08-12T15:20:00+00:00,2024-08-12T15:25:00+00:00,532.89,1.9443999999999733,535.25,528.17,1,1,2024-08-12T15:30:00+00:00,532.84,2024-08-12T19:59:00+00:00,533.27,FORCED_SESSION_CLOSE,-0.42999999999995,0.21322200000000002,0.06999999999993634,-0.64322199999995,-0.18220338983048623,-0.27255169491523146,4.5959960158001385,2.3600000000000136,0.005,0.002567452182167689,,HYP-FCR-04,stress,919.1992031600277,918.5559811600277,194.43999999999733,0.8011214285714345,2.4270977290761544,1,1,75.99999999999909,2.3600000000000136,5.0,535.225,0.024999999999977263,2,2024,11
QQQ,2024-08-14,long,464.43,460.48,2024-08-14T14:45:00+00:00,2024-08-14T14:50:00+00:00,461.4899,0.3957999999999515,459.845,464.7796999999999,1,1,2024-08-14T14:55:00+00:00,461.5,2024-08-14T15:56:00+00:00,464.7596999999999,TAKE_PROFIT,3.2596999999998957,0.18525193999999998,0.030100000000004457,3.0744480599998956,1.981701015259283,1.8690790078424153,4.405113205600172,1.64489999999995,0.005,0.0018670348788185592,,HYP-FCR-04,stress,881.0226411200342,884.0970891800341,39.57999999999515,1.0834785714285837,0.365304871215019,1,1,62.5,1.64489999999995,5.0,459.59520000000003,0.24979999999999336,2,2024,10
SPY,2024-08-14,long,543.27,541.29,2024-08-14T14:45:00+00:00,2024-08-14T14:55:00+00:00,542.36,0.10000000000002274,541.11,544.86,1,1,2024-08-14T15:00:00+00:00,542.384,2024-08-14T16:06:00+00:00,544.84,TAKE_PROFIT,2.4560000000000173,0.21744480000000005,0.04399999999998272,2.2385552000000173,1.9648000000000139,1.7908441600000138,4.592779905800139,1.25,0.005,0.0013608315939779715,,HYP-FCR-04,stress,918.5559811600277,920.7945363600278,10.000000000002274,0.7289214285714333,0.13718899744243543,2,2,16.999999999995907,1.25,10.0,541.2,0.09000000000003183,3,2024,11
SPY,2024-08-15,short,550.29,548.95,2024-08-15T14:00:00+00:00,2024-08-15T14:05:00+00:00,549.14,0.26499999999998636,550.64,546.14,1,1,2024-08-15T14:10:00+00:00,549.12,2024-08-15T14:29:00+00:00,550.66,STOP_LOSS,-1.5399999999999636,0.219956,0.03999999999996362,-1.7599559999999637,-1.0266666666666424,-1.1733039999999757,4.603972681800139,1.5,0.005,0.001629027910970906,,HYP-FCR-04,stress,920.7945363600278,919.0345803600278,26.499999999998636,0.7453374999999909,0.3555436295637743,1,1,34.00000000000318,1.5,5.0,550.18,0.4600000000000364,2,2024,10
SPY,2024-08-19,short,555.5313,554.52,2024-08-19T14:10:00+00:00,2024-08-19T14:20:00+00:00,554.94,0.13010000000008404,555.6899999999999,553.4400000000003,1,1,2024-08-19T14:25:00+00:00,554.94,2024-08-19T14:32:00+00:00,555.7099999999999,STOP_LOSS,-0.7699999999998681,0.22213000000000002,0.01999999999998181,-0.9921299999998682,-1.0266666666666464,-1.3228400000000247,4.595172901800139,0.7499999999998863,0.005,0.0008160737539452292,,HYP-FCR-04,stress,919.0345803600278,918.0424503600279,13.010000000008404,0.7545363636363411,0.17242376414185318,2,2,14.869999999996253,0.7499999999998863,10.0,555.47,0.2199999999999136,3,2024,10
QQQ,2024-08-19,long,475.67,473.71,2024-08-19T14:20:00+00:00,2024-08-19T14:30:00+00:00,475.36,0.3350000000000364,473.40000000000003,479.28,1,1,2024-08-19T14:35:00+00:00,475.40999999999997,2024-08-19T18:42:00+00:00,479.26,TAKE_PROFIT,3.8500000000000227,0.190934,0.06999999999993634,3.659066000000023,1.9642857142857464,1.8668704081632965,4.42048544590017,1.9599999999999795,0.005,0.0022169510837523553,,HYP-FCR-04,stress,884.0970891800341,887.7561551800342,33.50000000000364,1.0346846153846145,0.3237701566438288,2,2,29.999999999995453,1.9599999999999795,10.0,473.41,0.009999999999990905,3,2024,10
QQQ,2024-08-20,long,482.94,480.33,2024-08-20T15:55:00+00:00,2024-08-20T16:00:00+00:00,481.06,0.339999999999975,480.31,482.56,1,1,2024-08-20T16:05:00+00:00,481.06,2024-08-20T16:16:00+00:00,480.29,STOP_LOSS,-0.7699999999999818,0.19227000000000002,0.01999999999998181,-0.9622699999999819,-1.0266666666666424,-1.2830266666666426,4.438780775900171,0.75,0.005,0.0008448265839935544,,HYP-FCR-04,stress,887.7561551800342,886.7938851800342,33.9999999999975,0.6517071428571545,0.5217067262902448,1,1,0.9999999999990905,0.75,5.0,479.71000000000004,0.5999999999999659,2,2024,12
SPY,2024-08-20,long,560.84,559.14,2024-08-20T18:15:00+00:00,2024-08-20T18:20:00+00:00,559.705,0.12000000000000455,559.11,560.8950000000001,1,1,2024-08-20T18:25:00+00:00,559.73,2024-08-20T18:45:00+00:00,559.09,STOP_LOSS,-0.6399999999999864,0.22376400000000005,0.04499999999995907,-0.8637639999999864,-1.0756302521007681,-1.4517042016805828,4.59021225180014,0.5950000000000273,0.005,0.0006481181777233576,,HYP-FCR-04,stress,918.0424503600279,917.178686360028,12.000000000000455,0.33948571428569657,0.35347584581723435,1,1,1.999999999998181,0.5950000000000273,5.0,558.72,0.38999999999998636,2,2024,14
QQQ,2024-08-21,short,482.04,480.35,2024-08-21T14:50:00+00:00,2024-08-21T14:55:00+00:00,480.84,1.4300000000000068,482.8,476.9199999999999,1,1,2024-08-21T15:00:00+00:00,480.79,2024-08-21T18:00:00+00:00,482.82,STOP_LOSS,-2.0299999999999727,0.192722,0.06999999999993634,-2.2227219999999726,-1.0357142857142525,-1.1340418367346587,4.433969425900171,1.9600000000000364,0.005,0.0022102091960209255,,HYP-FCR-04,stress,886.7938851800342,884.5711631800342,143.00000000000068,1.1256428571428623,1.2703851767244116,1,1,75.0,1.9600000000000364,5.0,484.05,1.25,2,2024,11
SPY,2024-08-21,long,560.45,559.35,2024-08-21T15:05:00+00:00,2024-08-21T15:10:00+00:00,560.21,0.2115000000000009,559.34,561.95,1,1,2024-08-21T15:15:00+00:00,560.18,2024-08-21T15:49:00+00:00,559.32,STOP_LOSS,-0.8599999999999,0.22390000000000002,0.05000000000006821,-1.0838999999999,-0.9885057471263167,-1.2458620689653956,4.58589343180014,0.8700000000000045,0.005,0.0009485610742359707,,HYP-FCR-04,stress,917.178686360028,916.0947863600281,21.15000000000009,0.9339571428571551,0.22645578720344875,1,1,0.0,0.8700000000000045,5.0,559.215,0.125,2,2024,11
SPY,2024-08-23,short,559.83,558.83,2024-08-23T14:45:00+00:00,2024-08-23T14:50:00+00:00,559.71,1.2699999999999818,561.92,555.2900000000002,1,1,2024-08-23T14:55:00+00:00,559.64,2024-08-23T15:15:00+00:00,561.9399999999999,STOP_LOSS,-2.2999999999999545,0.224316,0.09000000000003183,-2.5243159999999545,-1.0407239819004683,-1.1422244343891597,4.580473931800141,2.2099999999999227,0.005,0.002412414122321384,,HYP-FCR-04,stress,916.0947863600281,913.5704703600281,126.99999999999818,1.388207142857157,0.9148490601958109,1,1,207.99999999999272,2.2099999999999227,5.0,561.83,0.08999999999991815,2,2024,10
QQQ,2024-08-23,short,479.42,478.02,2024-08-23T15:40:00+00:00,2024-08-23T15:45:00+00:00,479.0,0.15499999999997272,480.7,475.6,1,1,2024-08-23T15:50:00+00:00,478.99,2024-08-23T16:43:00+00:00,475.62,TAKE_PROFIT,3.3700000000000045,0.190922,0.029999999999972715,3.1790780000000045,1.9823529411764864,1.8700458823529564,4.422855815900171,1.6999999999999886,0.005,0.0019218352019169233,,HYP-FCR-04,stress,884.5711631800342,887.7502411800342,15.499999999997272,1.4405071428571432,0.10760099369763712,1,1,126.99999999999818,1.6999999999999886,5.0,479.99,0.7099999999999795,2,2024,11
QQQ,2024-08-28,long,477.02,473.97,2024-08-28T14:05:00+00:00,2024-08-28T14:25:00+00:00,475.17,0.009999999999990905,473.58,478.3500000000001,1,1,2024-08-28T14:30:00+00:00,475.18,2024-08-28T14:44:00+00:00,473.56,STOP_LOSS,-1.6200000000000045,0.189748,0.029999999999972715,-1.8097480000000046,-1.0188679245282843,-1.1382062893081561,4.4387512059001715,1.5900000000000318,0.005,0.001791044289536366,,HYP-FCR-04,stress,887.7502411800342,885.9404931800342,0.9999999999990905,0.8387166666666749,0.011922977564919588,4,4,38.00000000000523,1.5900000000000318,20.0,474.25,0.6700000000000159,5,2024,10
QQQ,2024-08-29,short,476.95,472.78,2024-08-29T14:00:00+00:00,2024-08-29T14:20:00+00:00,475.07,0.040000000000020464,477.78,469.65000000000003,1,1,2024-08-29T14:25:00+00:00,475.04,2024-08-29T14:50:00+00:00,477.79999999999995,STOP_LOSS,-2.759999999999934,0.190568,0.049999999999954525,-2.950567999999934,-1.0184501845018283,-1.0887704797047808,4.429702465900171,2.7099999999999795,0.005,0.0030588961909536216,,HYP-FCR-04,stress,885.9404931800342,882.9899251800342,4.000000000002046,1.6896909090909171,0.023672968697891116,4,4,81.99999999999932,2.7099999999999795,20.0,475.88,1.8999999999999773,5,2024,10
SPY,2024-08-29,short,561.28,559.37,2024-08-29T18:25:00+00:00,2024-08-29T18:30:00+00:00,559.93,1.1200000000000045,562.04,555.7099999999999,1,1,2024-08-29T18:35:00+00:00,559.9,2024-08-29T19:59:00+00:00,558.335,FORCED_SESSION_CLOSE,1.5649999999999409,0.22364700000000004,0.049999999999954525,1.3413529999999407,0.741706161137408,0.6357123222748493,4.56785235180014,2.1100000000000136,0.005,0.002309619310668487,,HYP-FCR-04,stress,913.5704703600281,914.911823360028,112.00000000000045,0.5885071428571435,1.9031204864609057,1,1,75.0,2.1100000000000136,5.0,561.98,0.05999999999994543,2,2024,14
SPY,2024-08-30,short,561.9295,560.41,2024-08-30T14:40:00+00:00,2024-08-30T15:00:00+00:00,560.4163,0.5,562.18,556.8889,1,1,2024-08-30T15:05:00+00:00,560.37,2024-08-30T19:50:00+00:00,562.1999999999999,STOP_LOSS,-1.8299999999999272,0.224514,0.06629999999995562,-2.0545139999999273,-1.03759142711343,-1.1648885864942793,4.57455911680014,1.7636999999999716,0.005,0.001927726754609811,,HYP-FCR-04,stress,914.911823360028,912.8573093600281,50.0,0.7694285714285586,0.6498329001114108,4,4,24.049999999999727,1.7636999999999716,20.0,561.79,0.38999999999998636,5,2024,11
QQQ,2024-08-30,long,476.12,473.97,2024-08-30T19:15:00+00:00,2024-08-30T19:25:00+00:00,475.1301,0.410000000000025,473.84000000000003,477.7103,1,1,2024-08-30T19:30:00+00:00,475.16499999999996,2024-08-30T19:59:00+00:00,476.37,FORCED_SESSION_CLOSE,1.205000000000041,0.190307,0.054899999999918236,1.014693000000041,0.9340361212309474,0.7865227501744396,4.414949625900171,1.2900999999999954,0.005,0.0014610585729355346,,HYP-FCR-04,stress,882.9899251800342,884.0046181800343,41.0000000000025,0.4834214285714365,0.8481212783877209,2,2,12.000000000000455,1.2900999999999954,10.0,473.89,0.049999999999954525,3,2024,15
SPY,2024-09-04,short,552.555,550.03,2024-09-04T15:25:00+00:00,2024-09-04T15:30:00+00:00,552.11,0.2599999999999909,553.03,550.2700000000001,1,1,2024-09-04T15:35:00+00:00,552.11,2024-09-04T16:35:00+00:00,553.05,STOP_LOSS,-0.9399999999999409,0.22103199999999998,0.01999999999998181,-1.1610319999999408,-1.0217391304347638,-1.261991304347818,4.56428654680014,0.9199999999999591,0.005,0.0010078245423098364,,HYP-FCR-04,stress,912.8573093600281,911.6962773600281,25.99999999999909,0.7901214285714185,0.32906334469384624,1,1,46.50000000000318,0.9199999999999591,5.0,553.3195,0.28949999999997544,2,2024,11
QQQ,2024-09-04,short,461.44,458.24,2024-09-04T18:35:00+00:00,2024-09-04T18:40:00+00:00,460.73,0.25,461.46,459.2700000000001,1,1,2024-09-04T18:45:00+00:00,460.68,2024-09-04T19:41:00+00:00,461.47999999999996,STOP_LOSS,-0.7999999999999545,0.184432,0.06999999999999318,-0.9844319999999546,-1.0958904109588998,-1.348536986301379,4.420023090900171,0.7299999999999613,0.005,0.0008257875411362288,,HYP-FCR-04,stress,884.0046181800343,883.0201861800343,25.0,0.6862071428571507,0.36432147727154024,1,1,0.9999999999990905,0.7299999999999613,5.0,462.02,0.5600000000000023,2,2024,14
SPY,2024-09-05,short,552.27,550.65,2024-09-05T14:40:00+00:00,2024-09-05T14:45:00+00:00,550.91,0.5150000000001,552.88,546.9699999999999,1,1,2024-09-05T14:50:00+00:00,550.84,2024-09-05T19:59:00+00:00,549.59,FORCED_SESSION_CLOSE,1.25,0.22008600000000003,0.08999999999991815,1.029914,0.6345177664974532,0.5227989847715664,4.558481386800141,1.9700000000000273,0.005,0.002160807331257837,,HYP-FCR-04,stress,911.6962773600281,912.7261913600281,51.500000000010004,0.9381642857142732,0.5489443670390882,1,1,60.000000000002274,1.9700000000000273,5.0,553.025,0.1449999999999818,2,2024,10
QQQ,2024-09-05,short,463.2,458.97,2024-09-05T14:45:00+00:00,2024-09-05T14:50:00+00:00,461.91,1.2350000000000136,463.53,458.67000000000013,1,1,2024-09-05T14:55:00+00:00,461.92,2024-09-05T15:26:00+00:00,458.6900000000001,TAKE_PROFIT,3.2299999999999045,0.18412200000000004,0.029999999999972715,3.0458779999999046,1.9938271604938327,1.8801716049382735,4.415100930900172,1.6199999999999477,0.005,0.0018346126457290915,,HYP-FCR-04,stress,883.0201861800343,886.0660641800342,123.50000000000136,1.2394285714285656,0.9964269248501771,1,1,31.999999999999318,1.6199999999999477,5.0,464.46999999999997,0.9399999999999977,2,2024,10
QQQ,2024-09-09,short,454.65,452.465,2024-09-09T14:15:00+00:00,2024-09-09T14:20:00+00:00,453.15,0.5600000000000023,454.78999999999996,449.87,1,1,2024-09-09T14:25:00+00:00,453.12,2024-09-09T15:13:00+00:00,449.89,TAKE_PROFIT,3.230000000000018,0.180602,0.049999999999954525,3.0493980000000183,1.9695121951219787,1.8593890243902704,4.430330320900171,1.6399999999999864,0.005,0.0018508777915082922,,HYP-FCR-04,stress,886.0660641800342,889.1154621800342,56.00000000000023,0.9540545454545447,0.5869685361995721,1,1,12.999999999999545,1.6399999999999864,5.0,454.745,0.04499999999995907,2,2024,10
SPY,2024-09-09,short,545.49,544.06,2024-09-09T14:20:00+00:00,2024-09-09T14:25:00+00:00,544.73,0.21000000000003638,545.68,542.8300000000002,1,1,2024-09-09T14:30:00+00:00,544.7,2024-09-09T15:13:00+00:00,542.8500000000001,TAKE_PROFIT,1.849999999999909,0.21751000000000004,0.049999999999954525,1.632489999999909,1.9473684210526756,1.718410526315817,4.56363095680014,0.9499999999999318,0.005,0.0010408378865345838,,HYP-FCR-04,stress,912.7261913600281,914.3586813600281,21.000000000003638,0.6710999999999862,0.3129190880644326,1,1,17.999999999994998,0.9499999999999318,5.0,546.055,0.375,2,2024,10
QQQ,2024-09-10,long,457.82,455.4,2024-09-10T15:05:00+00:00,2024-09-10T15:15:00+00:00,456.375,0.12999999999999545,454.96000000000004,459.2049999999999,1,1,2024-09-10T15:20:00+00:00,456.38009999999997,2024-09-10T15:50:00+00:00,454.94000000000005,STOP_LOSS,-1.4400999999999158,0.18226402000000003,0.02509999999995216,-1.6223640199999159,-1.0177385159010268,-1.1465470106006768,4.4455773109001715,1.4149999999999636,0.005,0.0015914693424974367,,HYP-FCR-04,stress,889.1154621800342,887.4930981600343,12.999999999999545,1.1046357142857184,0.11768585635858814,2,2,42.999999999995,1.4149999999999636,10.0,455.38,0.4199999999999591,3,2024,11
SPY,2024-09-10,long,548.66,547.63,2024-09-10T18:25:00+00:00,2024-09-10T18:30:00+00:00,548.1899,0.030000000000086402,547.49,549.5896999999999,1,1,2024-09-10T18:35:00+00:00,548.21,2024-09-10T19:59:00+00:00,548.8000000000001,FORCED_SESSION_CLOSE,0.5900000000000318,0.21940200000000004,0.040100000000052205,0.3705980000000318,0.8429775682241294,0.5295013573368405,4.571793406800141,0.6998999999999569,0.005,0.0007654545358052676,,HYP-FCR-04,stress,914.3586813600281,914.7292793600282,3.00000000000864,0.4442785714285752,0.06752520136999085,1,1,12.999999999999545,0.6998999999999569,5.0,547.65,0.15999999999996817,2,2024,14
QQQ,2024-09-11,long,459.94,456.76,2024-09-11T15:40:00+00:00,2024-09-11T15:45:00+00:00,457.39,0.6100000000000136,456.25,459.66999999999996,1,1,2024-09-11T15:50:00+00:00,457.40999999999997,2024-09-11T15:56:00+00:00,456.23,STOP_LOSS,-1.17999999999995,0.182728,0.03999999999996362,-1.36272799999995,-1.0350877192982142,-1.1953754385964617,4.437465490800172,1.1399999999999864,0.005,0.0012845170315841934,,HYP-FCR-04,stress,887.4930981600343,886.1303701600343,61.000000000001364,1.0463571428571308,0.5829749470953847,1,1,50.0,1.1399999999999864,5.0,454.81,1.4399999999999977,2,2024,11
SPY,2024-09-11,long,548.76,544.5101,2024-09-11T15:40:00+00:00,2024-09-11T15:45:00+00:00,544.86,0.5099999999999909,543.91,546.7600000000001,1,1,2024-09-11T15:50:00+00:00,544.9,2024-09-11T15:56:00+00:00,543.89,STOP_LOSS,-1.009999999999991,0.217758,0.05999999999994543,-1.2277579999999908,-1.0631578947367817,-1.2923768421051915,4.573646396800141,0.9500000000000455,0.005,0.0010385586440008717,,HYP-FCR-04,stress,914.7292793600282,913.5015213600282,50.99999999999909,0.880671428571426,0.5791036060148826,1,1,59.01000000000067,0.9500000000000455,5.0,542.69,1.2199999999999136,2,2024,11
QQQ,2024-09-12,short,469.33,466.8491,2024-09-12T15:40:00+00:00,2024-09-12T15:45:00+00:00,468.7,0.060000000000002274,469.62,466.85999999999996,1,1,2024-09-12T15:50:00+00:00,468.685,2024-09-12T16:06:00+00:00,469.64,STOP_LOSS,-0.9549999999999841,0.18766500000000003,0.03499999999996817,-1.142664999999984,-1.0380434782608343,-1.2420271739130047,4.430651850800172,0.9200000000000159,0.005,0.0010382219490275056,,HYP-FCR-04,stress,886.1303701600343,884.9877051600344,6.000000000000227,1.0714428571428496,0.055999253343291276,1,1,28.000000000002956,0.9200000000000159,5.0,469.21,0.410000000000025,2,2024,11
SPY,2024-09-12,short,555.37,552.74,2024-09-12T15:40:00+00:00,2024-09-12T15:45:00+00:00,554.6499,0.125,555.49,552.9697,1,1,2024-09-12T15:50:00+00:00,554.63,2024-09-12T16:21:00+00:00,555.51,STOP_LOSS,-0.8799999999999955,0.22202799999999998,0.03989999999998872,-1.1020279999999953,-1.0474943459111872,-1.311781930722517,4.567507606800141,0.8401000000000067,0.005,0.0009196481673607498,,HYP-FCR-04,stress,913.5015213600282,912.3994933600281,12.5,0.8266357142856984,0.15121533928401987,1,1,11.000000000001364,0.8401000000000067,5.0,555.06,0.43000000000006366,2,2024,11
QQQ,2024-09-13,short,474.69,472.25,2024-09-13T14:25:00+00:00,2024-09-13T14:30:00+00:00,473.62,0.6499999999999773,475.39,470.08000000000004,1,1,2024-09-13T14:35:00+00:00,473.54,2024-09-13T14:45:00+00:00,475.40999999999997,STOP_LOSS,-1.8699999999999477,0.18979000000000001,0.0999999999999659,-2.0597899999999476,-1.0564971751412242,-1.1637231638417902,4.424938525800171,1.7699999999999818,0.005,0.0020000277853350614,,HYP-FCR-04,stress,884.9877051600344,882.9279151600344,64.99999999999773,1.06628461538461,0.6095933399222135,1,1,68.99999999999977,1.7699999999999818,5.0,475.24,0.14999999999997726,2,2024,10
SPY,2024-09-13,short,561.28,559.45,2024-09-13T14:25:00+00:00,2024-09-13T14:30:00+00:00,560.97,0.2800000000000864,562.37,558.1700000000001,1,1,2024-09-13T14:35:00+00:00,560.9599000000001,2024-09-13T14:44:00+00:00,562.39,STOP_LOSS,-1.4300999999999249,0.22466998000000005,0.030099999999947613,-1.654769979999925,-1.021499999999963,-1.1819785571428227,4.561997466800141,1.3999999999999773,0.005,0.0015344155824158754,,HYP-FCR-04,stress,912.3994933600281,910.7447233800282,28.00000000000864,0.7926769230769056,0.3532334446084546,1,1,108.00000000000409,1.3999999999999773,5.0,562.31,0.06000000000005912,2,2024,10
QQQ,2024-09-16,long,473.8599,470.5301,2024-09-16T15:05:00+00:00,2024-09-16T15:10:00+00:00,471.7031,0.022499999999979536,470.3,474.5093,1,1,2024-09-16T15:15:00+00:00,471.73499999999996,2024-09-16T16:21:00+00:00,470.28000000000003,STOP_LOSS,-1.4549999999999272,0.18840300000000001,0.051899999999932334,-1.6434029999999273,-1.0369895231985835,-1.1712657686550734,4.414639575800172,1.403099999999995,0.005,0.0015891444543869439,,HYP-FCR-04,stress,882.9279151600344,881.2845121600345,2.2499999999979536,0.9780785714285726,0.02300428683057256,1,1,22.01000000000022,1.403099999999995,5.0,470.40520000000004,0.10520000000002483,2,2024,11
SPY,2024-09-16,long,562.92,560.82,2024-09-16T15:05:00+00:00,2024-09-16T15:10:00+00:00,561.11,0.17999999999994998,560.41,562.5100000000001,1,1,2024-09-16T15:15:00+00:00,561.0901,2024-09-16T16:21:00+00:00,560.39,STOP_LOSS,-0.7001000000000204,0.22429602,0.03989999999998872,-0.9243960200000204,-1.0001428571428213,-1.3205657428570863,4.553723616900141,0.7000000000000455,0.005,0.0007686017629639949,,HYP-FCR-04,stress,910.7447233800282,909.8203273600282,17.999999999994998,0.686935714285726,0.2620332532675398,1,1,40.000000000009095,0.7000000000000455,5.0,560.48,0.07000000000005002,2,2024,11
QQQ,2024-09-17,short,477.05,474.23,2024-09-17T14:50:00+00:00,2024-09-17T15:00:00+00:00,475.44,0.4700000000000273,477.364,471.59200000000004,1,1,2024-09-17T15:05:00+00:00,475.45000000000005,2024-09-17T16:50:00+00:00,471.612,TAKE_PROFIT,3.8380000000000223,0.18941240000000004,0.03000000000002956,3.648587600000022,1.994802494802529,1.8963553014553345,4.406422560800173,1.9239999999999782,0.005,0.00218317691216908,,HYP-FCR-04,stress,881.2845121600345,884.9330997600346,47.00000000000273,0.9131428571428485,0.514705882352976,2,2,30.399999999997362,1.9239999999999782,10.0,477.33,0.033999999999991815,3,2024,11
SPY,2024-09-17,short,565.57,564.07,2024-09-17T15:25:00+00:00,2024-09-17T16:10:00+00:00,564.52,0.12000000000000455,565.73,562.0999999999999,1,1,2024-09-17T16:15:00+00:00,564.5,2024-09-17T16:47:00+00:00,562.1199999999999,TAKE_PROFIT,2.380000000000109,0.225324,0.03999999999996362,2.154676000000109,1.9669421487603616,1.7807239669421853,4.549101636800141,1.2100000000000364,0.005,0.0013299329148987271,,HYP-FCR-04,stress,909.8203273600282,911.9750033600283,12.000000000000455,0.38645000000000856,0.3105188252037829,9,9,14.999999999997726,1.2100000000000364,45.0,564.98,0.75,10,2024,12
QQQ,2024-09-18,long,474.8299,473.19,2024-09-18T14:25:00+00:00,2024-09-18T14:30:00+00:00,473.5499,0.05369999999999209,472.8,475.0496999999999,1,1,2024-09-18T14:35:00+00:00,473.54999999999995,2024-09-18T15:22:00+00:00,472.78000000000003,STOP_LOSS,-0.769999999999925,0.189266,0.020099999999956708,-0.9592659999999249,-1.0268035738097847,-1.2791918922522543,4.424665498800173,0.7498999999999683,0.005,0.0008474086913500208,,HYP-FCR-04,stress,884.9330997600346,883.9738337600346,5.369999999999209,0.8196153846153825,0.06551853589862965,1,1,37.999999999999545,0.7498999999999683,5.0,473.03000000000003,0.2300000000000182,2,2024,10
SPY,2024-09-18,long,563.93,562.53,2024-09-18T14:35:00+00:00,2024-09-18T14:45:00+00:00,563.1,0.09000000000003183,562.41,564.4800000000001,1,1,2024-09-18T14:50:00+00:00,563.1,2024-09-18T15:22:00+00:00,562.39,STOP_LOSS,-0.7100000000000364,0.22509800000000002,0.01999999999998181,-0.9350980000000364,-1.028985507246348,-1.3552144927535688,4.559875016800142,0.6900000000000546,0.005,0.0007565996847039209,,HYP-FCR-04,stress,911.9750033600283,911.0399053600282,9.000000000003183,0.5515785714285845,0.16316805014185465,2,2,11.000000000001364,0.6900000000000546,10.0,562.5,0.09000000000003183,3,2024,10
SPY,2024-09-19,short,571.09,568.08,2024-09-19T14:40:00+00:00,2024-09-19T14:45:00+00:00,570.425,0.25,571.555,568.165,1,1,2024-09-19T14:50:00+00:00,570.41,2024-09-19T16:19:00+00:00,571.5749999999999,STOP_LOSS,-1.1649999999999636,0.228397,0.03499999999996817,-1.3933969999999636,-1.0309734513274056,-1.2330946902654594,4.555199526800141,1.1299999999999955,0.005,0.0012403408383669405,,HYP-FCR-04,stress,911.0399053600282,909.6465083600283,25.0,0.9184928571428698,0.27218502360232616,1,1,45.499999999992724,1.1299999999999955,5.0,571.59,0.035000000000081855,2,2024,10
QQQ,2024-09-20,long,483.63,481.43,2024-09-20T16:20:00+00:00,2024-09-20T16:25:00+00:00,482.08,0.28000000000002956,481.38,483.47999999999996,1,1,2024-09-20T16:30:00+00:00,482.06,2024-09-20T18:01:00+00:00,481.36,STOP_LOSS,-0.6999999999999886,0.19268400000000002,0.03999999999996362,-0.8926839999999887,-1.0,-1.2752628571428617,4.419869168800173,0.6999999999999886,0.005,0.0007918786430843745,,HYP-FCR-04,stress,883.9738337600346,883.0811497600346,28.000000000002956,0.6165285714285663,0.4541557568876945,1,1,4.000000000002046,0.6999999999999886,5.0,481.41110000000003,0.031100000000037653,2,2024,12
SPY,2024-09-20,long,568.4958,566.93,2024-09-20T16:05:00+00:00,2024-09-20T16:25:00+00:00,567.95,0.32000000000005,566.9,570.0500000000002,1,1,2024-09-20T16:30:00+00:00,567.93,2024-09-20T18:09:00+00:00,566.88,STOP_LOSS,-1.0499999999999545,0.226962,0.04000000000007731,-1.2769619999999544,-0.9999999999998918,-1.2161542857141634,4.548232541800141,1.0500000000000682,0.005,0.0011542945422756347,,HYP-FCR-04,stress,909.6465083600283,908.3695463600284,32.000000000005,0.5402785714285626,0.592287047687142,4,4,1.999999999998181,1.0500000000000682,20.0,567.1403,0.24030000000004748,5,2024,12
QQQ,2024-09-23,short,483.67,481.87,2024-09-23T14:55:00+00:00,2024-09-23T15:05:00+00:00,482.885,0.2599999999999909,483.8,481.05499999999995,1,1,2024-09-23T15:10:00+00:00,482.88,2024-09-23T15:39:00+00:00,483.82,STOP_LOSS,-0.9399999999999977,0.19334,0.024999999999977263,-1.1333399999999978,-1.0273224043715592,-1.238622950819642,4.415405748800173,0.9150000000000205,0.005,0.0010361448664697004,,HYP-FCR-04,stress,883.0811497600346,881.9478097600346,25.99999999999909,0.8574714285714354,0.30321710011161085,2,2,12.000000000000455,0.9150000000000205,10.0,483.74399999999997,0.05600000000004002,3,2024,11
SPY,2024-09-23,short,569.42,568.25,2024-09-23T15:00:00+00:00,2024-09-23T15:05:00+00:00,569.14,0.2300000000000182,569.88,567.66,1,1,2024-09-23T15:10:00+00:00,569.14,2024-09-23T15:31:00+00:00,569.9,STOP_LOSS,-0.7599999999999909,0.227808,0.01999999999998181,-0.9878079999999909,-1.027027027027002,-1.334875675675647,4.541847731800142,0.7400000000000091,0.005,0.0008146464211237584,,HYP-FCR-04,stress,908.3695463600284,907.3817383600284,23.00000000000182,0.6992571428571394,0.3289204870475066,1,1,45.00000000000455,0.7400000000000091,5.0,569.88,0.0,2,2024,11
QQQ,2024-09-24,long,484.89,483.21,2024-09-24T15:05:00+00:00,2024-09-24T15:15:00+00:00,483.775,0.1600999999999999,483.01,485.30499999999995,1,1,2024-09-24T15:20:00+00:00,483.81,2024-09-24T15:51:00+00:00,485.28499999999997,TAKE_PROFIT,1.474999999999966,0.19381900000000002,0.05500000000000682,1.281180999999966,1.9281045751633885,1.6747464052287435,4.409739048800173,0.7649999999999864,0.005,0.0008673982649927232,,HYP-FCR-04,stress,881.9478097600346,883.2289907600345,16.00999999999999,0.7381428571428614,0.21689568414940832,2,2,18.999999999999773,0.7649999999999864,10.0,483.29,0.28000000000002956,3,2024,11
SPY,2024-09-24,long,570.55,569.23,2024-09-24T14:55:00+00:00,2024-09-24T15:15:00+00:00,569.83,0.03499999999996817,569.17,571.1500000000002,1,1,2024-09-24T15:20:00+00:00,569.86,2024-09-24T16:45:00+00:00,571.1300000000002,TAKE_PROFIT,1.2700000000002092,0.22819800000000007,0.049999999999954525,1.041802000000209,1.9242424242425025,1.5784878787879997,4.536908691800142,0.6600000000000819,0.005,0.0007273675147936566,,HYP-FCR-04,stress,907.3817383600284,908.4235403600286,3.4999999999968168,0.5661785714285575,0.06181795243796964,4,4,5.000000000006821,0.6600000000000819,20.0,569.495,0.3250000000000455,5,2024,11
SPY,2024-09-25,short,571.8281,570.86,2024-09-25T14:10:00+00:00,2024-09-25T14:25:00+00:00,571.0999,0.07009999999991123,571.84,569.6197000000001,1,1,2024-09-25T14:30:00+00:00,571.08,2024-09-25T17:00:00+00:00,569.6397000000001,TAKE_PROFIT,1.4402999999999793,0.22814394000000005,0.03989999999998872,1.2121560599999792,1.9460883664369821,1.63782740170248,4.5421177018001435,0.740099999999984,0.005,0.0008147080817684071,,HYP-FCR-04,stress,908.4235403600286,909.6356964200286,7.009999999991123,0.459083333333344,0.1526955890359258,3,3,0.19000000000914952,0.740099999999984,15.0,571.65,0.19000000000005457,4,2024,10
QQQ,2024-09-25,long,486.93,484.68,2024-09-25T17:45:00+00:00,2024-09-25T17:55:00+00:00,486.09,0.4800000000000182,484.62,489.0299999999999,1,1,2024-09-25T18:00:00+00:00,486.09999999999997,2024-09-25T19:59:00+00:00,485.91,FORCED_SESSION_CLOSE,-0.18999999999994088,0.19440200000000002,0.029999999999972715,-0.3844019999999409,-0.1292517006802345,-0.26149795918363855,4.416144953800173,1.4699999999999704,0.005,0.0016643475422325176,,HYP-FCR-04,stress,883.2289907600345,882.8445887600346,48.00000000000182,0.5807214285714265,0.8265580989164067,2,2,5.000000000001137,1.4699999999999704,10.0,484.9396,0.3195999999999799,3,2024,14
SPY,2024-09-27,short,573.56,572.705,2024-09-27T15:05:00+00:00,2024-09-27T15:15:00+00:00,573.0099,0.009199999999964348,573.7193,571.5911000000001,1,1,2024-09-27T15:20:00+00:00,573.01,2024-09-27T17:37:00+00:00,571.6111000000001,TAKE_PROFIT,1.3988999999999123,0.22892422,0.020099999999956708,1.1699757799999122,1.9719481251761939,1.6492469410769366,4.548178482100143,0.7093999999999596,0.005,0.0007798726487888299,,HYP-FCR-04,stress,909.6356964200286,910.8056722000285,0.9199999999964348,0.44972142857143027,0.020457108368593317,2,2,14.930000000003929,0.7093999999999596,10.0,573.64,0.07929999999998927,3,2024,11
QQQ,2024-09-30,long,487.79,485.53,2024-09-30T14:25:00+00:00,2024-09-30T14:30:00+00:00,486.2662,0.03000000000002956,484.58,489.6386000000001,1,1,2024-09-30T14:35:00+00:00,486.26009999999997,2024-09-30T18:17:00+00:00,484.56,STOP_LOSS,-1.7000999999999635,0.19416402,0.0261000000000422,-1.8942640199999636,-1.0082433874984706,-1.1233922547739985,4.414222943800174,1.686200000000042,0.005,0.001909962434462366,,HYP-FCR-04,stress,882.8445887600346,880.9503247400347,3.000000000002956,0.8995384615384759,0.03335043612112006,1,1,93.99999999999977,1.686200000000042,5.0,484.86,0.28000000000002956,2,2024,10
SPY,2024-09-30,long,571.49,570.4,2024-09-30T14:25:00+00:00,2024-09-30T14:30:00+00:00,571.2999,0.10500000000001819,570.24,573.4196999999999,1,1,2024-09-30T14:35:00+00:00,571.3199999999999,2024-09-30T18:15:00+00:00,570.22,STOP_LOSS,-1.099999999999909,0.228308,0.04009999999993852,-1.328307999999909,-1.037833757901632,-1.2532389848098366,4.554028361000142,1.0598999999999705,0.005,0.0011636949926319721,,HYP-FCR-04,stress,910.8056722000285,909.4773642000287,10.500000000001819,0.48078461538461154,0.21839301142367404,1,1,14.999999999997726,1.0598999999999705,5.0,570.4,0.15999999999996817,2,2024,10
SPY,2024-10-01,long,573.46,568.53,2024-10-01T15:35:00+00:00,2024-10-01T15:40:00+00:00,569.02,0.1228000000000975,568.17,570.72,1,1,2024-10-01T15:45:00+00:00,569.02,2024-10-01T16:00:00+00:00,568.15,STOP_LOSS,-0.8700000000000045,0.22743400000000003,0.01999999999998181,-1.0974340000000047,-1.0235294117646838,-1.2910988235293828,4.547386821000144,0.8500000000000227,0.005,0.0009346026998128514,,HYP-FCR-04,stress,909.4773642000287,908.3799302000286,12.28000000000975,0.8453428571428715,0.14526650218012435,1,1,35.000000000002274,0.8500000000000227,5.0,567.9,0.2699999999999818,2,2024,11
QQQ,2024-10-01,long,488.0,481.25,2024-10-01T17:55:00+00:00,2024-10-01T18:00:00+00:00,482.15,1.0500000000000114,480.46000000000004,485.52999999999986,1,1,2024-10-01T18:05:00+00:00,482.2,2024-10-01T19:59:00+00:00,481.15000000000003,FORCED_SESSION_CLOSE,-1.0499999999999545,0.19267,0.06999999999999318,-1.2426699999999546,-0.6213017751479238,-0.7353076923076912,4.404751623700173,1.6899999999999409,0.005,0.0019183828560352183,,HYP-FCR-04,stress,880.9503247400347,879.7076547400347,105.00000000000114,0.9299285714285597,1.1291189799524037,1,1,77.99999999999727,1.6899999999999409,5.0,479.82,0.6400000000000432,2,2024,14
QQQ,2024-10-03,short,482.99,479.37,2024-10-03T14:15:00+00:00,2024-10-03T14:25:00+00:00,481.0,0.660000000000025,483.61,475.78,1,1,2024-10-03T14:30:00+00:00,480.95000000000005,2024-10-03T19:59:00+00:00,481.65,FORCED_SESSION_CLOSE,-0.6999999999999318,0.19252000000000002,0.06999999999993634,-0.8925199999999318,-0.26819923371644755,-0.3419616858237269,4.398538273700174,2.6100000000000136,0.005,0.002966894724556311,,HYP-FCR-04,stress,879.7076547400347,878.8151347400349,66.0000000000025,1.3437500000000095,0.49116279069768953,2,2,61.000000000001364,2.6100000000000136,10.0,482.53999999999996,1.07000000000005,3,2024,10
SPY,2024-10-03,short,568.29,566.82,2024-10-03T14:20:00+00:00,2024-10-03T14:25:00+00:00,567.1699,0.41000000000008185,568.72,564.0696999999999,1,1,2024-10-03T14:30:00+00:00,567.13,2024-10-03T15:41:00+00:00,568.74,STOP_LOSS,-1.6100000000000136,0.227174,0.05989999999997053,-1.8371740000000136,-1.038642668214934,-1.1851970840590689,4.5418996510001435,1.550100000000043,0.005,0.0017064445706750757,,HYP-FCR-04,stress,908.3799302000286,906.5427562000286,41.000000000008185,1.0877083333333342,0.37693928366220864,1,1,42.000000000007276,1.550100000000043,5.0,568.54,0.18000000000006366,2,2024,10
QQQ,2024-10-04,long,487.72,483.79,2024-10-04T14:45:00+00:00,2024-10-04T15:00:00+00:00,485.435,0.029999999999972715,483.6,489.10499999999996,1,1,2024-10-04T15:05:00+00:00,485.44,2024-10-04T15:22:00+00:00,483.58000000000004,STOP_LOSS,-1.8599999999999568,0.193804,0.024999999999977263,-2.053803999999957,-1.0136239782016225,-1.1192392370572097,4.394075673700175,1.8349999999999795,0.005,0.0020880386869336254,,HYP-FCR-04,stress,878.8151347400349,876.761330740035,2.9999999999972715,1.21268571428571,0.02473847893692981,3,3,18.000000000000682,1.8349999999999795,15.0,484.2364,0.6363999999999805,4,2024,11
SPY,2024-10-04,long,572.71,569.89,2024-10-04T14:55:00+00:00,2024-10-04T15:05:00+00:00,570.34,0.1999999999999318,569.5216,571.9768,1,1,2024-10-04T15:10:00+00:00,570.38,2024-10-04T15:15:00+00:00,569.5016,STOP_LOSS,-0.8783999999999423,0.22797632000000004,0.05999999999994543,-1.1063763199999423,-1.073313782991136,-1.3518772238513521,4.532713781000143,0.8183999999999969,0.005,0.0009027704368081862,,HYP-FCR-04,stress,906.5427562000286,905.4363798800287,19.99999999999318,1.045199999999982,0.1913509376195324,2,2,35.83999999999605,0.8183999999999969,10.0,569.64,0.11839999999995143,3,2024,11
QQQ,2024-10-07,short,486.04,484.25,2024-10-07T14:40:00+00:00,2024-10-07T14:45:00+00:00,485.67,0.043800000000032924,486.28,484.4500000000001,1,1,2024-10-07T14:50:00+00:00,485.66,2024-10-07T14:58:00+00:00,486.29999999999995,STOP_LOSS,-0.6399999999999295,0.194392,0.029999999999972715,-0.8343919999999295,-1.0491803278688112,-1.3678557377048994,4.383806653700175,0.6099999999999568,0.005,0.0006957423629587805,,HYP-FCR-04,stress,876.761330740035,875.926938740035,4.380000000003292,0.8161428571428563,0.05366707509193607,1,1,22.999999999996135,0.6099999999999568,5.0,486.23,0.049999999999954525,2,2024,10
SPY,2024-10-07,short,571.65,570.53,2024-10-07T14:20:00+00:00,2024-10-07T15:05:00+00:00,571.1,0.10000000000002274,571.87,569.5600000000001,1,1,2024-10-07T15:10:00+00:00,571.1,2024-10-07T18:04:00+00:00,569.58,TAKE_PROFIT,1.5199999999999818,0.22813600000000003,0.01999999999998181,1.2918639999999817,1.974025974025997,1.6777454545454704,4.527181899400143,0.7699999999999818,0.005,0.0008504186678494272,,HYP-FCR-04,stress,905.4363798800287,906.7282438800287,10.000000000002274,0.5306071428571337,0.18846335060918656,9,9,21.000000000003638,0.7699999999999818,45.0,571.4,0.4700000000000273,10,2024,11
SPY,2024-10-08,short,570.86,569.5299,2024-10-08T14:10:00+00:00,2024-10-08T14:15:00+00:00,570.73,0.0061000000000603904,571.11,569.97,1,1,2024-10-08T14:20:00+00:00,570.7,2024-10-08T14:30:00+00:00,571.13,STOP_LOSS,-0.42999999999995,0.22836599999999999,0.049999999999954525,-0.6583659999999499,-1.131578947368303,-1.732542105263047,4.533641219400144,0.37999999999999545,0.005,0.0004190891841792833,,HYP-FCR-04,stress,906.7282438800287,906.0698778800287,0.610000000006039,0.6249900000000139,0.00976015616259501,1,1,24.00000000000091,0.37999999999999545,5.0,571.25,0.13999999999998636,2,2024,10
SPY,2024-10-10,short,576.3199,574.56,2024-10-10T17:00:00+00:00,2024-10-10T17:10:00+00:00,575.63,0.2599999999999909,576.41,574.07,1,1,2024-10-10T17:15:00+00:00,575.61,2024-10-10T17:22:00+00:00,576.43,STOP_LOSS,-0.8199999999999363,0.230408,0.03999999999996362,-1.0504079999999363,-1.0512820512820065,-1.3466769230768885,4.530349389400143,0.7799999999999727,0.005,0.0008608607559330555,,HYP-FCR-04,stress,906.0698778800287,905.0194698800287,25.99999999999909,0.48319285714286153,0.5380874244238236,2,2,8.010000000001583,0.7799999999999727,10.0,576.2205,0.1894999999999527,3,2024,13
QQQ,2024-10-14,short,498.62,495.54,2024-10-14T14:00:00+00:00,2024-10-14T14:10:00+00:00,497.62,0.19999999999998863,498.84,495.18000000000006,1,1,2024-10-14T14:15:00+00:00,497.61,2024-10-14T19:59:00+00:00,497.52,FORCED_SESSION_CLOSE,0.09000000000003183,0.199026,0.029999999999972715,-0.10902599999996818,0.07377049180330657,-0.08936557377046789,4.379634693700175,1.2199999999999704,0.005,0.00139281022884724,,HYP-FCR-04,stress,875.926938740035,875.817912740035,19.999999999998863,0.6722222222222235,0.2975206611570073,2,2,20.999999999997954,1.2199999999999704,10.0,498.64,0.19999999999998863,3,2024,10
SPY,2024-10-14,short,583.3,580.73,2024-10-14T14:55:00+00:00,2024-10-14T15:00:00+00:00,582.57,0.01999999999998181,583.4257,580.8586000000001,1,1,2024-10-14T15:05:00+00:00,582.54,2024-10-14T15:59:00+00:00,583.4457,STOP_LOSS,-0.9057000000000244,0.23319714,0.05000000000006821,-1.1388971400000243,-1.058431693350556,-1.3309537688443176,4.525097349400144,0.8556999999999562,0.005,0.0009455045205970978,,HYP-FCR-04,stress,905.0194698800287,903.8805727400287,1.999999999998181,0.4419357142857215,0.04525545085738727,1,1,11.570000000006075,0.8556999999999562,5.0,583.4257,0.0,2,2024,11
QQQ,2024-10-16,long,491.23,487.79,2024-10-16T14:00:00+00:00,2024-10-16T14:10:00+00:00,489.89,0.4300000000000068,487.56,494.54999999999995,1,1,2024-10-16T14:15:00+00:00,489.93,2024-10-16T19:59:00+00:00,490.91,FORCED_SESSION_CLOSE,0.9800000000000182,0.196168,0.060000000000002274,0.7838320000000182,0.4206008583691094,0.33640858369099724,4.379089563700175,2.329999999999984,0.005,0.002660370341947536,,HYP-FCR-04,stress,875.817912740035,876.6017447400351,43.00000000000068,1.05825555555556,0.40632907405269103,2,2,22.00000000000273,2.329999999999984,10.0,487.96000000000004,0.4000000000000341,3,2024,10
SPY,2024-10-16,short,579.96,578.96,2024-10-16T14:40:00+00:00,2024-10-16T14:45:00+00:00,579.87,0.13999999999998636,580.29,579.0300000000001,1,1,2024-10-16T14:50:00+00:00,579.86,2024-10-16T14:51:00+00:00,580.31,STOP_LOSS,-0.4499999999999318,0.23203400000000002,0.029999999999972715,-0.6820339999999319,-1.0714285714285134,-1.6238904761904722,4.519402863700144,0.4199999999999591,0.005,0.00046466315646852404,,HYP-FCR-04,stress,903.8805727400287,903.1985387400288,13.999999999998636,0.4859999999999819,0.2880658436213818,1,1,31.999999999993634,0.4199999999999591,5.0,581.0,0.7100000000000364,2,2024,10
QQQ,2024-10-17,long,496.49,492.34,2024-10-17T14:10:00+00:00,2024-10-17T14:20:00+00:00,493.68,0.019000000000005457,491.5301,497.9798,1,1,2024-10-17T14:25:00+00:00,493.71,2024-10-17T18:36:00+00:00,491.5101,STOP_LOSS,-2.199899999999957,0.19704402000000001,0.049999999999954525,-2.3969440199999568,-1.023256895669545,-1.1149095399785822,4.383008723700176,2.1499000000000024,0.005,0.002452539038280806,,HYP-FCR-04,stress,876.6017447400351,874.2048007200351,1.9000000000005457,1.30462727272728,0.014563546537155081,2,2,79.98999999999796,2.1499000000000024,10.0,491.8,0.2699000000000069,3,2024,10
SPY,2024-10-17,long,586.12,583.2,2024-10-17T15:10:00+00:00,2024-10-17T15:30:00+00:00,584.2067,0.18999999999994088,583.19,586.2400999999998,1,1,2024-10-17T15:35:00+00:00,584.2298999999999,2024-10-17T18:05:00+00:00,583.1700000000001,STOP_LOSS,-1.0598999999998568,0.23347997999999998,0.04319999999995616,-1.2933799799998569,-1.042490410150448,-1.2721353201534211,4.515992693700144,1.0166999999999007,0.005,0.0011256661258754997,,HYP-FCR-04,stress,903.1985387400288,901.9051587600289,18.99999999999409,0.6104142857142847,0.3112640127313039,4,4,0.0,1.0166999999999007,20.0,583.48,0.2899999999999636,5,2024,11
QQQ,2024-10-18,short,495.16,493.3,2024-10-18T14:10:00+00:00,2024-10-18T14:55:00+00:00,493.872,0.3901000000000181,495.45,490.71600000000007,1,1,2024-10-18T15:00:00+00:00,493.86,2024-10-18T15:31:00+00:00,495.46999999999997,STOP_LOSS,-1.6099999999999568,0.197866,0.031999999999982265,-1.8078659999999567,-1.020278833967036,-1.1456692015209036,4.3710240036001755,1.5779999999999745,0.005,0.0018050690166655015,,HYP-FCR-04,stress,874.2048007200351,872.3969347200351,39.01000000000181,0.6147000000000113,0.6346185130958368,9,9,27.99999999999727,1.5779999999999745,45.0,494.87,0.5799999999999841,10,2024,11
SPY,2024-10-21,short,584.47,583.74,2024-10-21T14:20:00+00:00,2024-10-21T14:25:00+00:00,583.92,0.13540000000000418,584.7397,582.2805999999999,1,1,2024-10-21T14:30:00+00:00,583.91,2024-10-21T14:46:00+00:00,582.3005999999999,TAKE_PROFIT,1.6094000000000506,0.23324212,0.029999999999972715,1.3761578800000507,1.9634012443577256,1.6788555325119325,4.509525793800145,0.8197000000000116,0.005,0.0009088538767501499,,HYP-FCR-04,stress,901.9051587600289,903.281316640029,13.540000000000418,0.39195833333333024,0.34544488147125824,1,1,25.969999999995252,0.8197000000000116,5.0,584.68,0.059700000000020736,2,2024,10
QQQ,2024-10-21,short,495.0,493.12,2024-10-21T14:35:00+00:00,2024-10-21T14:40:00+00:00,493.41,0.4700000000000273,495.03,490.17000000000013,1,1,2024-10-21T14:45:00+00:00,493.40000000000003,2024-10-21T19:54:00+00:00,495.04999999999995,STOP_LOSS,-1.6499999999999204,0.19769000000000003,0.029999999999972715,-1.8476899999999206,-1.0185185185185022,-1.1405493827160371,4.361984673600175,1.6199999999999477,0.005,0.0018569528795052785,,HYP-FCR-04,stress,872.3969347200351,870.5492447200352,47.00000000000273,0.770707142857138,0.6098295628319468,1,1,1.999999999998181,1.6199999999999477,5.0,495.15,0.12000000000000455,2,2024,10
QQQ,2024-10-22,short,494.57,491.97,2024-10-22T14:40:00+00:00,2024-10-22T14:45:00+00:00,494.21,0.10000000000002274,494.96,492.71,1,1,2024-10-22T14:50:00+00:00,494.19,2024-10-22T14:54:00+00:00,494.97999999999996,STOP_LOSS,-0.7899999999999636,0.197834,0.03999999999996362,-0.9878339999999637,-1.0533333333332848,-1.3171119999999517,4.352746223600176,0.75,0.005,0.000861525071153438,,HYP-FCR-04,stress,870.5492447200352,869.5614107200353,10.000000000002274,0.7703571428571406,0.12980992118686346,1,1,37.999999999999545,0.75,5.0,494.96999999999997,0.009999999999990905,2,2024,10
QQQ,2024-10-23,long,494.25,492.95,2024-10-23T14:25:00+00:00,2024-10-23T14:30:00+00:00,493.71,0.177599999999984,491.93,497.2699999999999,1,1,2024-10-23T14:35:00+00:00,493.74,2024-10-23T15:12:00+00:00,491.91,STOP_LOSS,-1.829999999999984,0.19713000000000003,0.05000000000001137,-2.027129999999984,-1.0280898876404563,-1.138837078651694,4.347807053600176,1.7799999999999727,0.005,0.0020470089611336986,,HYP-FCR-04,stress,869.5614107200353,867.5342807200353,17.7599999999984,0.9189692307692431,0.19326000703126922,1,1,100.99999999999909,1.7799999999999727,5.0,492.0741,0.14409999999998035,2,2024,10
QQQ,2024-10-24,short,492.19,490.29,2024-10-24T14:00:00+00:00,2024-10-24T14:50:00+00:00,490.85,0.37000000000000455,492.238,488.07400000000007,1,1,2024-10-24T14:55:00+00:00,490.84000000000003,2024-10-24T17:04:00+00:00,492.258,STOP_LOSS,-1.4179999999999495,0.1966196,0.029999999999972715,-1.6146195999999495,-1.0216138328530067,-1.163270605187303,4.337671403600177,1.3879999999999768,0.005,0.0015999367758101337,,HYP-FCR-04,stress,867.5342807200353,865.9196611200354,37.000000000000455,0.8370142857142875,0.4420474134252746,10,10,3.8000000000010914,1.3879999999999768,50.0,491.925,0.3129999999999882,11,2024,10
SPY,2024-10-24,long,580.06,578.62,2024-10-24T15:05:00+00:00,2024-10-24T15:15:00+00:00,579.2765,0.3000000000000682,578.24,581.3495000000001,1,1,2024-10-24T15:20:00+00:00,579.295,2024-10-24T15:39:00+00:00,578.22,STOP_LOSS,-1.0749999999999318,0.231503,0.038499999999885404,-1.3065029999999318,-1.0371442354075096,-1.2604949348768677,4.516406583200145,1.0365000000000464,0.005,0.0011474830497497238,,HYP-FCR-04,stress,903.281316640029,901.9748136400291,30.00000000000682,0.49104285714283996,0.6109446367790274,2,2,37.000000000000455,1.0365000000000464,10.0,578.6,0.36000000000001364,3,2024,11
QQQ,2024-10-25,short,499.1,495.12,2024-10-25T15:25:00+00:00,2024-10-25T15:30:00+00:00,498.75,0.10000000000002274,499.48,497.28999999999996,1,1,2024-10-25T15:35:00+00:00,498.6899,2024-10-25T17:21:00+00:00,497.30999999999995,TAKE_PROFIT,1.3799000000000774,0.19919998000000003,0.08009999999995898,1.1807000200000775,1.8902739726027986,1.6173972876712988,4.329598305600177,0.7300000000000182,0.005,0.0008430343284454241,,HYP-FCR-04,stress,865.9196611200354,867.1003611400355,10.000000000002274,0.6637785714285859,0.15065264879642393,1,1,37.000000000000455,0.7300000000000182,5.0,499.4,0.08000000000004093,2,2024,11
SPY,2024-10-25,short,583.49,581.47,2024-10-25T15:10:00+00:00,2024-10-25T15:30:00+00:00,582.5199,0.18000000000006366,583.65,580.2597000000001,1,1,2024-10-25T15:35:00+00:00,582.465,2024-10-25T17:21:00+00:00,580.2797,TAKE_PROFIT,2.185299999999984,0.23254894000000004,0.07489999999995689,1.9527510599999838,1.9337226794089384,1.7279453676666092,4.509874068200146,1.1300999999999704,0.005,0.001252917468326321,,HYP-FCR-04,stress,901.9748136400291,903.927564700029,18.000000000006366,0.46367142857142035,0.3882059340051354,4,4,14.999999999997726,1.1300999999999704,20.0,583.2,0.4499999999999318,5,2024,11
QQQ,2024-10-28,long,498.52,496.15,2024-10-28T16:05:00+00:00,2024-10-28T16:20:00+00:00,496.92,0.11000000000001364,496.12,498.52000000000004,1,1,2024-10-28T16:25:00+00:00,496.94,2024-10-28T16:36:00+00:00,496.1,STOP_LOSS,-0.839999999999975,0.198608,0.03999999999996362,-1.038607999999975,-1.0499999999999539,-1.2982599999999505,4.3355018057001775,0.8000000000000114,0.005,0.0009226152310076279,,HYP-FCR-04,stress,867.1003611400355,866.0617531400355,11.000000000001364,0.4778428571428565,0.23020120182967996,3,3,1.999999999998181,0.8000000000000114,15.0,496.34000000000003,0.22000000000002728,4,2024,12
SPY,2024-10-28,long,582.71,581.35,2024-10-28T16:15:00+00:00,2024-10-28T16:20:00+00:00,581.5499,0.10000000000002274,581.14,582.3697,1,1,2024-10-28T16:25:00+00:00,581.56,2024-10-28T16:34:00+00:00,581.12,STOP_LOSS,-0.4399999999999409,0.23253599999999996,0.030099999999947613,-0.6725359999999408,-1.0734325445229278,-1.6407318858256938,4.519637823500146,0.40989999999999327,0.005,0.0004534655386198116,,HYP-FCR-04,stress,903.927564700029,903.2550287000291,10.000000000002274,0.40249285714285016,0.2484516140482249,1,1,20.000000000004547,0.40989999999999327,5.0,580.97,0.16999999999995907,2,2024,12
QQQ,2024-10-30,short,499.6,496.6,2024-10-30T14:45:00+00:00,2024-10-30T14:50:00+00:00,498.69,0.0402000000000271,500.09,495.89000000000004,1,1,2024-10-30T14:55:00+00:00,498.67,2024-10-30T19:55:00+00:00,495.91,TAKE_PROFIT,2.759999999999991,0.198916,0.03999999999996362,2.561083999999991,1.9714285714285968,1.8293457142857374,4.3303087657001775,1.3999999999999773,0.005,0.0016165129044482906,,HYP-FCR-04,stress,866.0617531400355,868.6228371400355,4.02000000000271,0.6990928571428624,0.057503090740079,1,1,47.999999999996135,1.3999999999999773,5.0,499.99,0.0999999999999659,2,2024,10
SPY,2024-10-30,short,581.91,579.29,2024-10-30T17:25:00+00:00,2024-10-30T17:30:00+00:00,580.9813,0.37000000000000455,582.08,578.7839,1,1,2024-10-30T17:35:00+00:00,580.95,2024-10-30T19:59:00+00:00,579.99,FORCED_SESSION_CLOSE,0.9600000000000364,0.23218800000000003,0.05129999999996926,0.7278120000000363,0.873759898061372,0.6624301447165113,4.516275143500145,1.098700000000008,0.005,0.0012163785034014862,,HYP-FCR-04,stress,903.2550287000291,903.9828407000292,37.000000000000455,0.34204999999998825,1.0817131998246374,1,1,16.000000000008185,1.098700000000008,5.0,582.13,0.049999999999954525,2,2024,13
QQQ,2024-10-31,long,492.43,487.21,2024-10-31T14:15:00+00:00,2024-10-31T14:20:00+00:00,488.22,0.2699999999999818,486.78000000000003,491.1,1,1,2024-10-31T14:25:00+00:00,488.21999999999997,2024-10-31T14:30:00+00:00,486.76000000000005,STOP_LOSS,-1.4599999999999227,0.194996,0.020000000000038654,-1.6549959999999226,-1.0138888888888369,-1.1493027777777258,4.343114185700178,1.4399999999999977,0.005,0.0016577966160102782,,HYP-FCR-04,stress,868.6228371400355,866.9678411400356,26.99999999999818,1.2369181818181894,0.21828444594702243,1,1,41.99999999999591,1.4399999999999977,5.0,486.79,0.009999999999990905,2,2024,10
SPY,2024-11-01,short,573.3599,570.68,2024-11-01T17:30:00+00:00,2024-11-01T17:35:00+00:00,571.995,0.9600000000000364,573.76,568.465,1,1,2024-11-01T17:40:00+00:00,571.97,2024-11-01T19:59:00+00:00,571.04,FORCED_SESSION_CLOSE,0.9300000000000637,0.228602,0.04499999999995907,0.7013980000000637,0.5269121813031563,0.3973926345609457,4.5199142035001465,1.7649999999999864,0.005,0.0019524706891927283,,HYP-FCR-04,stress,903.9828407000292,904.6842387000293,96.00000000000364,0.6877000000000066,1.3959575396248758,1,1,39.009999999996126,1.7649999999999864,5.0,573.71,0.049999999999954525,2,2024,13
QQQ,2024-11-01,short,488.09,485.2,2024-11-01T19:25:00+00:00,2024-11-01T19:30:00+00:00,487.78,0.35000000000002274,488.4,486.53999999999996,1,1,2024-11-01T19:35:00+00:00,487.77000000000004,2024-11-01T19:59:00+00:00,487.41999999999996,FORCED_SESSION_CLOSE,0.3500000000000796,0.19503800000000002,0.029999999999915872,0.15496200000007956,0.5645161290323822,0.24993870967754586,4.334839205700178,0.6200000000000045,0.005,0.0007151360991484113,,HYP-FCR-04,stress,866.9678411400356,867.1228031400357,35.000000000002274,0.4628357142857169,0.7562078491288625,1,1,30.000000000001137,0.6200000000000045,5.0,488.62,0.22000000000002728,2,2024,15
SPY,2024-11-04,short,571.54,569.27,2024-11-04T16:20:00+00:00,2024-11-04T16:25:00+00:00,571.11,0.10019999999997253,571.6172,570.0956,1,1,2024-11-04T16:30:00+00:00,571.09,2024-11-04T16:38:00+00:00,570.1156,TAKE_PROFIT,0.9744000000000597,0.22824112000000002,0.03999999999996362,0.7461588800000596,1.9211356466877707,1.471133438485888,4.5234211935001465,0.5072000000000116,0.005,0.0005606375996213044,,HYP-FCR-04,stress,904.6842387000293,905.4303975800293,10.019999999997253,0.5350928571428751,0.18725721837325543,1,1,6.720000000007076,0.5072000000000116,5.0,571.93,0.3127999999999247,2,2024,11
QQQ,2024-11-04,short,487.32,484.2545,2024-11-04T16:35:00+00:00,2024-11-04T16:40:00+00:00,486.54,0.39999999999997726,487.63,484.36000000000007,1,1,2024-11-04T16:45:00+00:00,486.46000000000004,2024-11-04T18:23:00+00:00,487.65,STOP_LOSS,-1.1899999999999409,0.19482200000000002,0.0999999999999659,-1.384821999999941,-1.0917431192660259,-1.2704788990825437,4.335614015700179,1.089999999999975,0.005,0.0012570307182014516,,HYP-FCR-04,stress,867.1228031400357,865.7379811400357,39.999999999997726,0.6502071428571453,0.615188566281038,1,1,30.000000000001137,1.089999999999975,5.0,488.23,0.6000000000000227,2,2024,11
QQQ,2024-11-05,short,491.13,487.52,2024-11-05T15:50:00+00:00,2024-11-05T15:55:00+00:00,490.15,0.33499999999997954,491.3,487.8499999999999,1,1,2024-11-05T16:00:00+00:00,490.08000000000004,2024-11-05T16:22:00+00:00,491.32,STOP_LOSS,-1.2399999999999523,0.19628000000000004,0.08999999999991815,-1.4362799999999523,-1.0782608695651439,-1.248939130434704,4.328689905700179,1.150000000000034,0.005,0.00132834648017368,,HYP-FCR-04,stress,865.7379811400357,864.3017011400358,33.499999999997954,0.7300642857142796,0.4588637008482377,1,1,16.0000000000025,1.150000000000034,5.0,491.3,0.0,2,2024,11
QQQ,2024-11-06,short,503.46,499.6,2024-11-06T15:30:00+00:00,2024-11-06T15:40:00+00:00,502.02,0.42999999999995,503.7994,498.46119999999996,1,1,2024-11-06T15:45:00+00:00,501.95500000000004,2024-11-06T17:49:00+00:00,503.8194,STOP_LOSS,-1.8643999999999323,0.20115488,0.08499999999992269,-2.065554879999932,-1.0477689108687884,-1.1608153759693836,4.321508505700179,1.7794000000000096,0.005,0.0020587718358681187,,HYP-FCR-04,stress,864.3017011400358,862.2361462600359,42.999999999995,1.2591857142857106,0.34149053243021665,2,2,32.9400000000021,1.7794000000000096,10.0,503.28999999999996,0.5094000000000278,3,2024,10
QQQ,2024-11-08,long,514.156,512.8,2024-11-08T16:00:00+00:00,2024-11-08T16:55:00+00:00,513.79,0.07999999999992724,512.66,516.05,1,1,2024-11-08T17:00:00+00:00,513.78,2024-11-08T20:59:00+00:00,514.14,FORCED_SESSION_CLOSE,0.36000000000001364,0.20558400000000002,0.029999999999972715,0.15441600000001363,0.31858407079647355,0.13665132743364092,4.31118073130018,1.1299999999999955,0.005,0.0013105458462874583,,HYP-FCR-04,stress,862.2361462600359,862.3905622600358,7.999999999992724,0.38367142857145253,0.20851174740270906,11,11,12.999999999999545,1.1299999999999955,55.0,513.34,0.6800000000000637,12,2024,12
QQQ,2024-11-11,long,515.58,512.43,2024-11-11T15:05:00+00:00,2024-11-11T15:10:00+00:00,513.12,0.01999999999998181,512.23,514.9,1,1,2024-11-11T15:15:00+00:00,513.04,2024-11-11T18:00:00+00:00,512.21,STOP_LOSS,-0.8299999999999272,0.20505,0.10000000000002274,-1.0350499999999272,-0.9325842696628539,-1.1629775280898236,4.31195281130018,0.8899999999999864,0.005,0.0010320150045097843,,HYP-FCR-04,stress,862.3905622600358,861.3555122600359,1.999999999998181,0.7854111111111151,0.025464371100744888,1,1,18.99999999999409,0.8899999999999864,5.0,512.33,0.10000000000002274,2,2024,10
SPY,2024-11-11,long,600.17,598.8901,2024-11-11T15:30:00+00:00,2024-11-11T15:55:00+00:00,599.68,0.10999999999989996,598.87,601.2999999999998,1,1,2024-11-11T16:00:00+00:00,599.71,2024-11-11T17:18:00+00:00,598.85,STOP_LOSS,-0.8600000000000136,0.239712,0.05000000000006821,-1.0997120000000136,-1.0617283950618168,-1.3576691358025774,4.5271519879001465,0.8099999999999454,0.005,0.0008946021717018298,,HYP-FCR-04,stress,905.4303975800293,904.3306855800292,10.999999999989996,0.4382714285714298,0.25098601649313784,5,5,1.0099999999965803,0.8099999999999454,25.0,599.1561,0.2861000000000331,6,2024,11
QQQ,2024-11-12,long,514.66,512.93,2024-11-12T20:35:00+00:00,2024-11-12T20:40:00+00:00,513.355,0.029999999999972715,512.71,514.645,1,1,2024-11-12T20:45:00+00:00,513.37,2024-11-12T20:54:00+00:00,512.6800000000001,GAP_THROUGH_STOP,-0.6899999999999409,0.20521000000000006,0.03499999999996817,-0.895209999999941,-1.0697674418604037,-1.3879224806201027,4.306777561300179,0.6449999999999818,0.005,0.0007488197275334343,,HYP-FCR-04,stress,861.3555122600359,860.460302260036,2.9999999999972715,0.3335714285714175,0.0899357601712274,1,1,20.99999999999227,0.6449999999999818,5.0,512.85,0.13999999999998636,2,2024,15
QQQ,2024-11-13,long,513.04,511.51,2024-11-13T16:45:00+00:00,2024-11-13T16:50:00+00:00,512.72,0.25999999999993406,511.21000000000004,515.74,1,1,2024-11-13T16:55:00+00:00,512.72,2024-11-13T20:59:00+00:00,512.25,FORCED_SESSION_CLOSE,-0.4700000000000273,0.204994,0.01999999999998181,-0.6749940000000273,-0.31125827814571533,-0.4470158940397559,4.30230151130018,1.509999999999991,0.005,0.0017548746828109454,,HYP-FCR-04,stress,860.460302260036,859.7853082600359,25.999999999993406,0.6545000000000007,0.3972498090144137,1,1,28.999999999996362,1.509999999999991,5.0,511.21000000000004,0.0,2,2024,11
SPY,2024-11-13,short,597.72,596.3404,2024-11-13T19:35:00+00:00,2024-11-13T19:40:00+00:00,597.07,0.09999999999990905,597.8,595.6100000000002,1,1,2024-11-13T19:45:00+00:00,597.04,2024-11-13T20:15:00+00:00,597.8199999999999,STOP_LOSS,-0.7799999999999727,0.238972,0.05000000000006821,-1.0189719999999727,-1.068493150685034,-1.3958520547946658,4.521653427900146,0.7299999999999045,0.005,0.0008072268381910422,,HYP-FCR-04,stress,904.3306855800292,903.3117135800293,9.999999999990905,0.428121428571436,0.23357859085351326,1,1,6.9999999999936335,0.7299999999999045,5.0,597.93,0.12999999999999545,2,2024,14
SPY,2024-11-14,long,597.81,595.7901,2024-11-14T15:25:00+00:00,2024-11-14T15:30:00+00:00,596.41,0.30999999999994543,595.42,598.39,1,1,2024-11-14T15:35:00+00:00,596.42,2024-11-14T17:00:00+00:00,595.4,STOP_LOSS,-1.0199999999999818,0.238364,0.029999999999972715,-1.2583639999999818,-1.0303030303030025,-1.2710747474747175,4.516558567900146,0.9900000000000091,0.005,0.0010959671895279808,,HYP-FCR-04,stress,903.3117135800293,902.0533495800292,30.999999999994543,0.7224076923076924,0.4291205690372249,1,1,36.01000000001022,0.9900000000000091,5.0,595.14,0.2799999999999727,2,2024,10
QQQ,2024-11-14,long,512.79,510.1397,2024-11-14T15:25:00+00:00,2024-11-14T15:40:00+00:00,511.665,0.1524000000000001,509.89,515.2150000000001,1,1,2024-11-14T15:45:00+00:00,511.63,2024-11-14T17:27:00+00:00,509.87,STOP_LOSS,-1.759999999999991,0.2043,0.05500000000000682,-1.9642999999999908,-0.9915492957746237,-1.1066478873239172,4.29892654130018,1.775000000000034,0.005,0.0020644688655963844,,HYP-FCR-04,stress,859.7853082600359,857.8210082600359,15.240000000000009,0.871549999999993,0.17486088004130723,3,3,23.970000000002756,1.775000000000034,15.0,510.89,1.0,4,2024,10
QQQ,2024-11-20,long,503.21,499.8,2024-11-20T16:40:00+00:00,2024-11-20T16:45:00+00:00,501.24,0.5507000000000062,499.49,504.74,1,1,2024-11-20T16:50:00+00:00,501.22999999999996,2024-11-20T17:20:00+00:00,499.47,STOP_LOSS,-1.759999999999934,0.20014,0.03000000000002956,-1.960139999999934,-1.005714285714248,-1.1200799999999622,4.289105041300179,1.75,0.005,0.002040052625371834,,HYP-FCR-04,stress,857.8210082600359,855.860868260036,55.07000000000062,0.7578785714285671,0.7266335541879241,1,1,30.000000000001137,1.75,5.0,498.7299,0.7601000000000226,2,2024,11
SPY,2024-11-20,long,590.53,587.4,2024-11-20T16:45:00+00:00,2024-11-20T16:50:00+00:00,588.5,0.5177999999999656,587.2,591.0999999999999,1,1,2024-11-20T16:55:00+00:00,588.5368,2024-11-20T17:14:00+00:00,587.1800000000001,STOP_LOSS,-1.3567999999999074,0.23514336000000005,0.05679999999995289,-1.5919433599999075,-1.043692307692273,-1.224571815384587,4.510266747900146,1.2999999999999545,0.005,0.0014411564466837777,,HYP-FCR-04,stress,902.0533495800292,900.4614062200293,51.77999999999656,0.6611285714285974,0.7832062058384185,1,1,18.99999999999409,1.2999999999999545,5.0,586.45,0.75,2,2024,11
QQQ,2024-11-21,long,506.96,500.31,2024-11-21T15:10:00+00:00,2024-11-21T15:15:00+00:00,501.685,1.160000000000025,499.4701,506.1148,1,1,2024-11-21T15:20:00+00:00,501.69,2024-11-21T15:24:00+00:00,499.4501,STOP_LOSS,-2.2398999999999774,0.20022802000000003,0.024999999999977263,-2.4401280199999773,-1.0112871912953079,-1.1016876698722187,4.27930434130018,2.2149,0.005,0.0025879206330614098,,HYP-FCR-04,stress,855.860868260036,853.420740240036,116.0000000000025,2.1193099999999845,0.5473479575899861,1,1,82.99000000000092,2.2149,5.0,499.89,0.4198999999999842,2,2024,10
SPY,2024-11-21,long,593.57,588.56,2024-11-21T15:05:00+00:00,2024-11-21T15:15:00+00:00,590.53,0.9114000000000715,588.4,594.79,1,1,2024-11-21T15:20:00+00:00,590.53,2024-11-21T15:27:00+00:00,588.38,STOP_LOSS,-2.1499999999999773,0.235782,0.01999999999998181,-2.385781999999977,-1.0093896713614938,-1.1200854460093814,4.5023070311001465,2.1299999999999955,0.005,0.0023654539609213703,,HYP-FCR-04,stress,900.4614062200293,898.0756242200293,91.14000000000715,1.6293600000000084,0.5593607305936483,2,2,14.999999999997726,2.1299999999999955,10.0,589.05,0.6499999999999773,3,2024,10
QQQ,2024-11-22,long,506.36,504.05,2024-11-22T15:35:00+00:00,2024-11-22T15:40:00+00:00,505.66,0.8600000000000136,503.3301,510.31980000000004,1,1,2024-11-22T15:45:00+00:00,505.645,2024-11-22T16:21:00+00:00,503.31010000000003,STOP_LOSS,-2.334899999999948,0.20179102000000002,0.03500000000002501,-2.5366910199999477,-1.0021460148503964,-1.0887553199707876,4.26710370120018,2.329900000000009,0.005,0.0027300719213183096,,HYP-FCR-04,stress,853.420740240036,850.8840492200361,86.00000000000136,1.1606071428571414,0.7409914761362714,1,1,70.99000000000046,2.329900000000009,5.0,503.25,0.08010000000001583,2,2024,10
SPY,2024-11-22,long,596.131,593.57,2024-11-22T15:25:00+00:00,2024-11-22T15:40:00+00:00,595.52,0.4399999999999409,593.1425,600.2749999999999,1,1,2024-11-22T15:45:00+00:00,595.5,2024-11-22T20:59:00+00:00,595.46,FORCED_SESSION_CLOSE,-0.03999999999996362,0.23819200000000001,0.03999999999996362,-0.27819199999996364,-0.016824395373276388,-0.11701030494215375,4.490378121100147,2.377499999999941,0.005,0.0026473271692066896,,HYP-FCR-04,stress,898.0756242200293,897.7974322200293,43.99999999999409,0.9800928571428601,0.4489370540691592,3,3,41.75000000000182,2.377499999999941,15.0,593.77,0.6274999999999409,4,2024,10
QQQ,2024-11-25,long,511.4525,507.58,2024-11-25T16:15:00+00:00,2024-11-25T16:20:00+00:00,508.01,0.1301000000000272,507.34000000000003,509.3499999999999,1,1,2024-11-25T16:25:00+00:00,508.02,2024-11-25T16:36:00+00:00,507.32000000000005,STOP_LOSS,-0.6999999999999318,0.20306800000000003,0.029999999999972715,-0.9030679999999318,-1.044776119402947,-1.3478626865671448,4.254420246100181,0.6699999999999591,0.005,0.0007874163355325739,,HYP-FCR-04,stress,850.8840492200361,849.9809812200361,13.01000000000272,0.7866571428571376,0.16538335815207142,1,1,22.999999999996135,0.6699999999999591,5.0,507.23,0.11000000000001364,2,2024,11
SPY,2024-11-26,long,599.61,598.5,2024-11-26T15:35:00+00:00,2024-11-26T15:45:00+00:00,599.035,0.021399999999971442,598.21,600.6849999999998,1,1,2024-11-26T15:50:00+00:00,599.055,2024-11-26T20:44:00+00:00,600.6649999999998,TAKE_PROFIT,1.6099999999999,0.23994399999999996,0.03999999999996362,1.3700559999999,1.9515151515151916,1.6606739393939556,4.488987161100147,0.8249999999999318,0.005,0.000918915526367582,,HYP-FCR-04,stress,897.7974322200293,899.1674882200292,2.139999999997144,0.6602785714285672,0.03241056264126636,2,2,27.99999999999727,0.8249999999999318,10.0,598.3681,0.15809999999999036,3,2024,10
QQQ,2024-11-26,long,510.14,508.08,2024-11-26T17:30:00+00:00,2024-11-26T17:35:00+00:00,508.5399,0.1199999999999477,508.06,509.49969999999996,1,1,2024-11-26T17:40:00+00:00,508.54999999999995,2024-11-26T19:17:00+00:00,508.04,STOP_LOSS,-0.5099999999999341,0.203318,0.030099999999947613,-0.7133179999999341,-1.06272140029162,-1.4863888310063642,4.249904906100181,0.47989999999998645,0.005,0.0005646008682584321,,HYP-FCR-04,stress,849.9809812200361,849.2676632200362,11.99999999999477,0.45686428571428905,0.26266005847301566,1,1,0.9999999999990905,0.47989999999998645,5.0,507.83,0.2300000000000182,2,2024,12
SPY,2024-12-02,long,603.6799,602.47,2024-12-02T15:55:00+00:00,2024-12-02T16:10:00+00:00,603.2099,0.2705000000000837,602.46,604.7096999999998,1,1,2024-12-02T16:15:00+00:00,603.23,2024-12-02T20:59:00+00:00,603.63,FORCED_SESSION_CLOSE,0.39999999999997726,0.24137200000000003,0.040100000000052205,0.15862799999997723,0.533404453927223,0.2115322042939005,4.4958374411001465,0.7498999999999114,0.005,0.0008339936772896402,,HYP-FCR-04,stress,899.1674882200292,899.3261162200292,27.050000000008367,0.39386428571429277,0.6867847880889182,3,3,0.0,0.7498999999999114,15.0,602.551,0.09100000000000819,4,2024,11
QQQ,2024-12-03,short,515.19,513.37,2024-12-03T15:15:00+00:00,2024-12-03T15:25:00+00:00,514.42,0.18999999999994088,515.49,512.2799999999999,1,1,2024-12-03T15:30:00+00:00,514.38,2024-12-03T16:01:00+00:00,515.51,STOP_LOSS,-1.1299999999999955,0.205978,0.05999999999994543,-1.3359779999999954,-1.0560747663550865,-1.2485775700933954,4.246338316100181,1.07000000000005,0.005,0.0012599090326165221,,HYP-FCR-04,stress,849.2676632200362,847.9316852200362,18.99999999999409,0.6382583333333306,0.2976851066051234,2,2,28.999999999996362,1.07000000000005,10.0,515.33,0.15999999999996817,3,2024,10
SPY,2024-12-03,long,603.72,602.77,2024-12-03T15:55:00+00:00,2024-12-03T16:00:00+00:00,603.0802,0.08510000000001128,602.44,604.3605999999999,1,1,2024-12-03T16:05:00+00:00,603.0901,2024-12-03T16:44:00+00:00,602.4200000000001,STOP_LOSS,-0.670099999999934,0.24110202,0.029899999999997817,-0.911202019999934,-1.046704154951579,-1.423308372383669,4.496630581100146,0.6401999999999362,0.005,0.0007118663502076089,,HYP-FCR-04,stress,899.3261162200292,898.4149142000293,8.510000000001128,0.3742714285714247,0.22737509065234746,1,1,31.999999999993634,0.6401999999999362,5.0,602.5701,0.13009999999997035,2,2024,11
SPY,2024-12-04,long,606.21,605.51,2024-12-04T15:25:00+00:00,2024-12-04T15:35:00+00:00,606.04,0.1993000000001075,605.5,607.1199999999999,1,1,2024-12-04T15:40:00+00:00,606.06,2024-12-04T18:30:00+00:00,605.48,STOP_LOSS,-0.5799999999999272,0.242308,0.03999999999996362,-0.8223079999999272,-1.0740740740740118,-1.5227925925925603,4.492074571000146,0.5399999999999636,0.005,0.0006010585882590706,,HYP-FCR-04,stress,898.4149142000293,897.5926062000294,19.93000000001075,0.39467857142856083,0.5049678762105837,2,2,0.0,0.5399999999999636,10.0,605.5,0.0,3,2024,10
SPY,2024-12-05,short,607.85,607.37,2024-12-05T15:10:00+00:00,2024-12-05T15:15:00+00:00,607.635,0.014999999999986358,607.93,607.0450000000001,1,1,2024-12-05T15:20:00+00:00,607.63,2024-12-05T15:30:00+00:00,607.065,TAKE_PROFIT,0.5649999999999409,0.24293900000000004,0.024999999999977263,0.32206099999994087,1.9152542372882009,1.0917322033897816,4.487963031000147,0.2949999999999591,0.005,0.0003286568961935255,,HYP-FCR-04,stress,897.5926062000294,897.9146672000294,1.4999999999986358,0.322059999999999,0.046575172328095396,1,1,6.9999999999936335,0.2949999999999591,5.0,608.1,0.17000000000007276,2,2024,10
QQQ,2024-12-05,long,523.65,522.36,2024-12-05T15:50:00+00:00,2024-12-05T16:20:00+00:00,523.2601,0.27510000000006585,522.1238,525.5327,1,1,2024-12-05T16:25:00+00:00,523.28,2024-12-05T18:24:00+00:00,522.1038,STOP_LOSS,-1.1761999999999944,0.20907676000000003,0.03989999999998872,-1.3852767599999944,-1.0351139663821074,-1.2191118190618566,4.239658426100181,1.1363000000000056,0.005,0.0013400843721332793,,HYP-FCR-04,stress,847.9316852200362,846.5464084600362,27.510000000006585,0.42854285714284807,0.6419427961865797,6,6,22.620000000006257,1.1363000000000056,30.0,522.55,0.42619999999999436,7,2024,11
QQQ,2024-12-06,short,525.4,522.35,2024-12-06T16:05:00+00:00,2024-12-06T16:10:00+00:00,524.95,0.019000000000005457,525.89,523.0700000000002,1,1,2024-12-06T16:15:00+00:00,524.89,2024-12-06T16:36:00+00:00,525.91,STOP_LOSS,-1.0199999999999818,0.21016,0.08000000000004093,-1.230159999999982,-1.0851063829787724,-1.308680851063893,4.2327320423001815,0.9399999999999409,0.005,0.0011103939377758477,,HYP-FCR-04,stress,846.5464084600362,845.3162484600363,1.9000000000005457,0.5594142857142889,0.033964095099475844,1,1,48.00000000000182,0.9399999999999409,5.0,525.6364,0.2536000000000058,2,2024,11
SPY,2024-12-06,short,609.04,607.34,2024-12-06T15:10:00+00:00,2024-12-06T16:10:00+00:00,607.88,0.13999999999998636,609.0699,605.5002000000001,1,1,2024-12-06T16:15:00+00:00,607.8325,2024-12-06T20:59:00+00:00,607.9,FORCED_SESSION_CLOSE,-0.06749999999999545,0.24314650000000002,0.06749999999999545,-0.3106464999999955,-0.05672745608874475,-0.2610694175981212,4.489573336000147,1.189899999999966,0.005,0.0013251816051857528,,HYP-FCR-04,stress,897.9146672000294,897.6040207000294,13.999999999998636,0.41503571428571767,0.33732036829873385,12,12,1.9900000000006912,1.189899999999966,60.0,608.72,0.34989999999993415,13,2024,11
QQQ,2024-12-10,short,524.95,522.8,2024-12-10T15:20:00+00:00,2024-12-10T15:25:00+00:00,524.3,0.2237999999999829,525.25,522.3999999999999,1,1,2024-12-10T15:30:00+00:00,524.27,2024-12-10T16:08:00+00:00,522.4199999999998,TAKE_PROFIT,1.8500000000001364,0.20933799999999997,0.049999999999954525,1.6406620000001364,1.947368421052682,1.7270126315790082,4.226581242300181,0.9500000000000455,0.005,0.0011238397484145347,,HYP-FCR-04,stress,845.3162484600363,846.9569104600364,22.37999999999829,0.7219166666666771,0.31000808034165483,1,1,28.999999999996362,0.9500000000000455,5.0,525.25,0.0,2,2024,10
SPY,2024-12-10,short,605.4,604.2737,2024-12-10T15:50:00+00:00,2024-12-10T15:55:00+00:00,605.0083,0.06009999999992033,605.58,603.8648999999998,1,1,2024-12-10T16:00:00+00:00,604.98,2024-12-10T19:01:00+00:00,603.8848999999998,TAKE_PROFIT,1.0951000000002296,0.24177297999999997,0.04829999999992651,0.8533270200002296,1.9155151303132414,1.4926132936856973,4.488020103500147,0.571700000000078,0.005,0.0006369178243589158,,HYP-FCR-04,stress,897.6040207000294,898.4573477200297,6.009999999992033,0.4034357142857305,0.1489704502397002,1,1,17.000000000007276,0.571700000000078,5.0,605.5649999999999,0.015000000000100044,2,2024,11
QQQ,2024-12-12,long,527.75,526.7611,2024-12-12T15:15:00+00:00,2024-12-12T15:20:00+00:00,527.7,0.313199999999938,526.0737,530.9526000000001,1,1,2024-12-12T15:25:00+00:00,527.7501,2024-12-12T20:59:00+00:00,526.48,FORCED_SESSION_CLOSE,-1.2700999999999567,0.21084602,0.07009999999991123,-1.4809460199999567,-0.780975219824107,-0.9106228986041587,4.234784552300182,1.6263000000000147,0.005,0.0019201685232329792,,HYP-FCR-04,stress,846.9569104600364,845.4759644400365,31.319999999993797,0.8026090909090933,0.3902273267864247,1,1,67.74000000000342,1.6263000000000147,5.0,526.54,0.4662999999999329,2,2024,10
SPY,2024-12-12,long,606.64,605.72,2024-12-12T15:20:00+00:00,2024-12-12T15:25:00+00:00,606.5626,0.15999999999996817,605.7,608.2877999999998,1,1,2024-12-12T15:30:00+00:00,606.5799999999999,2024-12-12T19:00:00+00:00,605.6800000000001,STOP_LOSS,-0.8999999999998636,0.242452,0.03739999999993415,-1.1424519999998637,-1.0433572919081118,-1.3244284720611605,4.492286738600149,0.8625999999999294,0.005,0.0009600900946371092,,HYP-FCR-04,stress,898.4573477200297,897.3148957200299,15.999999999996817,0.5359083333333293,0.29855852213525824,1,1,0.9999999999990905,0.8625999999999294,5.0,605.44,0.2599999999999909,2,2024,10
QQQ,2024-12-13,long,533.1661,530.29,2024-12-13T19:20:00+00:00,2024-12-13T19:25:00+00:00,530.675,0.1999999999999318,530.04,531.9449999999999,1,1,2024-12-13T19:30:00+00:00,530.7298999999999,2024-12-13T20:21:00+00:00,530.02,STOP_LOSS,-0.7098999999999478,0.21214997999999996,0.07489999999995689,-0.9220499799999478,-1.1179527559054456,-1.4520472125983637,4.227379822200183,0.6349999999999909,0.005,0.0007510562413451399,,HYP-FCR-04,stress,845.4759644400365,844.5539144600365,19.99999999999318,0.41250714285713946,0.4848400893489408,1,1,24.00000000000091,0.6349999999999909,5.0,529.86,0.17999999999994998,2,2024,14
SPY,2024-12-16,short,606.4,605.5801,2024-12-16T15:10:00+00:00,2024-12-16T15:15:00+00:00,605.765,0.15499999999997272,606.5,604.295,1,1,2024-12-16T15:20:00+00:00,605.745,2024-12-16T15:30:00+00:00,606.52,STOP_LOSS,-0.7749999999999773,0.24245299999999997,0.03999999999996362,-1.0174529999999773,-1.0544217687074324,-1.3842897959183107,4.48657447860015,0.7350000000000136,0.005,0.000819110441056737,,HYP-FCR-04,stress,897.3148957200299,896.29744272003,15.499999999997272,0.48385999999998147,0.320340594386762,1,1,9.000000000003183,0.7350000000000136,5.0,606.67,0.16999999999995907,2,2024,10
QQQ,2024-12-17,long,537.09,535.04,2024-12-17T16:05:00+00:00,2024-12-17T16:10:00+00:00,536.74,0.35039999999992233,535.03,540.1600000000001,1,1,2024-12-17T16:15:00+00:00,536.76,2024-12-17T19:23:00+00:00,535.01,STOP_LOSS,-1.75,0.21435400000000002,0.03999999999996362,-1.964354,-1.0233918128654753,-1.1487450292397416,4.222769572300183,1.7100000000000364,0.005,0.002024737522048336,,HYP-FCR-04,stress,844.5539144600365,842.5895604600365,35.03999999999223,0.7272000000000064,0.48184818481837083,1,1,0.0,1.7100000000000364,5.0,535.58,0.5500000000000682,2,2024,11
SPY,2024-12-17,short,604.86,603.6004,2024-12-17T16:15:00+00:00,2024-12-17T16:20:00+00:00,604.35,0.2599999999999909,605.03,602.9900000000001,1,1,2024-12-17T16:25:00+00:00,604.325,2024-12-17T16:36:00+00:00,605.05,STOP_LOSS,-0.724999999999909,0.241875,0.04499999999995907,-0.9668749999999091,-1.06617647058818,-1.421874999999971,4.48148721360015,0.67999999999995,0.005,0.0007586767155513984,,HYP-FCR-04,stress,896.29744272003,895.33056772003,25.99999999999909,0.42822142857145146,0.6071625160547244,1,1,15.999999999996817,0.67999999999995,5.0,605.04,0.009999999999990905,2,2024,11
QQQ,2024-12-18,short,535.67,533.46,2024-12-18T16:10:00+00:00,2024-12-18T16:15:00+00:00,534.852,0.5499999999999545,536.33,531.8959999999998,1,1,2024-12-18T16:20:00+00:00,534.83,2024-12-18T19:07:00+00:00,531.9159999999998,TAKE_PROFIT,2.9140000000002146,0.2133492,0.041999999999916326,2.7006508000002145,1.9715832205683934,1.8272332882273985,4.2129478023001825,1.4780000000000655,0.005,0.0017541162024285086,,HYP-FCR-04,stress,842.5895604600365,845.2902112600367,54.99999999999545,0.5578214285714337,0.9859786157883722,1,1,65.0000000000091,1.4780000000000655,5.0,536.4399999999999,0.10999999999989996,2,2024,11
QQQ,2024-12-19,long,521.7599,518.28,2024-12-19T15:10:00+00:00,2024-12-19T15:15:00+00:00,519.78,0.7699999999999818,517.88,523.5799999999999,1,1,2024-12-19T15:20:00+00:00,519.74,2024-12-19T15:23:00+00:00,517.86,STOP_LOSS,-1.8799999999999955,0.20751999999999998,0.05999999999994543,-2.0875199999999956,-0.9894736842105357,-1.098694736842116,4.226451056300183,1.8999999999999773,0.005,0.002247748731370888,,HYP-FCR-04,stress,845.2902112600367,843.2026912600367,76.99999999999818,1.6558100000000309,0.4650292002101494,1,1,38.999999999998636,1.8999999999999773,5.0,518.13,0.25,2,2024,10
SPY,2024-12-19,long,593.0,589.81,2024-12-19T15:10:00+00:00,2024-12-19T15:15:00+00:00,590.45,0.41000000000008185,589.23,592.8900000000001,1,1,2024-12-19T15:20:00+00:00,590.42,2024-12-19T15:22:00+00:00,589.21,STOP_LOSS,-1.2099999999999227,0.23592600000000002,0.05000000000006821,-1.4459259999999228,-0.9918032786884391,-1.1851852459015495,4.47665283860015,1.2200000000000273,0.005,0.0013626252068068801,,HYP-FCR-04,stress,895.33056772003,893.8846417200301,41.000000000008185,1.407979999999975,0.29119731814378697,1,1,56.99999999999363,1.2200000000000273,5.0,589.41,0.17999999999994998,2,2024,10
QQQ,2024-12-23,long,520.83,517.95,2024-12-23T15:55:00+00:00,2024-12-23T16:05:00+00:00,519.48,0.12999999999999545,517.59,523.26,1,1,2024-12-23T16:10:00+00:00,519.49,2024-12-23T20:59:00+00:00,522.9,FORCED_SESSION_CLOSE,3.409999999999968,0.208478,0.029999999999972715,3.2015219999999682,1.8042328042328004,1.6939269841269795,4.216013456300184,1.8899999999999864,0.005,0.0022414539464712478,,HYP-FCR-04,stress,843.2026912600367,846.4042132600366,12.999999999999545,1.1567785714286012,0.11238105823437561,2,2,35.000000000002274,1.8899999999999864,10.0,517.85,0.2599999999999909,3,2024,11
SPY,2024-12-23,long,591.77,589.18,2024-12-23T16:00:00+00:00,2024-12-23T16:05:00+00:00,590.09,0.04000000000007731,588.95,592.37,1,1,2024-12-23T16:10:00+00:00,590.1,2024-12-23T16:58:00+00:00,592.35,TAKE_PROFIT,2.25,0.23649000000000003,0.029999999999972715,2.01351,1.9736842105263395,1.7662368421052843,4.46942320860015,1.1399999999999864,0.005,0.0012753323491567954,,HYP-FCR-04,stress,893.8846417200301,895.8981517200301,4.000000000007731,1.0620571428571322,0.03766275691387926,1,1,21.99999999999136,1.1399999999999864,5.0,589.02,0.06999999999993634,2,2024,11
QQQ,2024-12-26,short,529.54,526.31,2024-12-26T16:20:00+00:00,2024-12-26T16:25:00+00:00,529.28,0.365099999999984,529.92,528.0,1,1,2024-12-26T16:30:00+00:00,529.26,2024-12-26T16:40:00+00:00,529.9399999999999,STOP_LOSS,-0.67999999999995,0.21183999999999997,0.03999999999996362,-0.89183999999995,-1.0624999999999445,-1.3934999999999516,4.232021066300183,0.6399999999999864,0.005,0.0007561399033387872,,HYP-FCR-04,stress,846.4042132600366,845.5123732600366,36.5099999999984,0.5440071428571319,0.6711308937645092,1,1,37.000000000000455,0.6399999999999864,5.0,529.84,0.07999999999992724,2,2024,11
QQQ,2024-12-30,long,515.71,512.54,2024-12-30T15:35:00+00:00,2024-12-30T15:40:00+00:00,514.6601,0.7400000000000091,512.49,519.0003000000002,1,1,2024-12-30T15:45:00+00:00,514.72,2024-12-30T17:47:00+00:00,518.9803000000002,TAKE_PROFIT,4.260300000000143,0.20674006000000006,0.07989999999995234,4.0535599400001425,1.963181420211073,1.8679138933689938,4.227561866300183,2.1701000000000477,0.005,0.002566609394056301,,HYP-FCR-04,stress,845.5123732600366,849.5659332000367,74.00000000000091,1.3196357142857056,0.5607608160260784,1,1,3.999999999996362,2.1701000000000477,5.0,512.48,0.009999999999990905,2,2024,10
SPY,2024-12-30,long,588.01,585.19,2024-12-30T15:35:00+00:00,2024-12-30T15:40:00+00:00,586.658,0.4699999999999136,584.8100000000001,590.3539999999999,1,1,2024-12-30T15:45:00+00:00,586.66,2024-12-30T17:23:00+00:00,590.334,TAKE_PROFIT,3.673999999999978,0.2353988,0.021999999999934516,3.438601199999978,1.9880952380952732,1.8607149350649672,4.479490758600151,1.8479999999999563,0.005,0.002062734470935107,,HYP-FCR-04,stress,895.8981517200301,899.3367529200301,46.99999999999136,1.0349928571428595,0.4541094141435604,1,1,37.000000000000455,1.8479999999999563,5.0,584.75,0.06000000000005912,2,2024,10
SPY,2024-12-31,short,590.58,588.5559,2024-12-31T15:00:00+00:00,2024-12-31T15:10:00+00:00,589.13,0.41030000000000655,590.6499,586.0902,1,1,2024-12-31T15:15:00+00:00,589.1,2024-12-31T17:27:00+00:00,586.1102,TAKE_PROFIT,2.9898000000000593,0.23504204,0.049999999999954525,2.754757960000059,1.9671030988881149,1.8124600039476588,4.49668376460015,1.519900000000007,0.005,0.0016900232255215727,,HYP-FCR-04,stress,899.3367529200301,902.0915108800301,41.030000000000655,1.12646666666669,0.3642362549564994,2,2,5.989999999997053,1.519900000000007,10.0,590.02,0.6299000000000206,3,2024,10
QQQ,2024-12-31,long,517.66,514.8,2024-12-31T15:15:00+00:00,2024-12-31T15:20:00+00:00,516.45,0.40999999999996817,514.78,519.7900000000002,1,1,2024-12-31T15:25:00+00:00,516.4728,2024-12-31T15:49:00+00:00,514.76,STOP_LOSS,-1.7128000000000156,0.20624656000000002,0.042799999999942884,-1.9190465600000157,-1.0256287425149346,-1.1491296766466659,4.247829666000184,1.6700000000000728,0.005,0.001965709705084018,,HYP-FCR-04,stress,849.5659332000367,847.6468866400368,40.99999999999682,1.3481909090909001,0.3041112332350881,1,1,0.9999999999990905,1.6700000000000728,5.0,514.3,0.4800000000000182,2,2024,10
