symbol,hypothesis_id,session_date,timestamp,diagnostic,expired_sweep_time,scenario,equity_before_session
QQQ,HYP-FCR-02,2022-01-19,2022-01-19T15:20:00+00:00,high_sweep_window_expired,2022-01-19T15:00:00+00:00,baseline,987.6070230000003
QQQ,HYP-FCR-02,2022-01-24,2022-01-24T15:40:00+00:00,low_sweep_window_expired,2022-01-24T15:20:00+00:00,baseline,979.9798948200005
QQQ,HYP-FCR-02,2022-02-02,2022-02-02T15:55:00+00:00,low_sweep_window_expired,2022-02-02T15:35:00+00:00,baseline,999.6659194100006
QQQ,HYP-FCR-02,2022-02-03,2022-02-03T16:00:00+00:00,high_sweep_window_expired,2022-02-03T15:40:00+00:00,baseline,1001.9687524100007
QQQ,HYP-FCR-02,2022-02-10,2022-02-10T16:30:00+00:00,high_sweep_window_expired,2022-02-10T16:10:00+00:00,baseline,1015.3941623300007
QQQ,HYP-FCR-02,2022-03-10,2022-03-10T15:40:00+00:00,high_sweep_window_expired,2022-03-10T15:20:00+00:00,baseline,1038.4641788600009
QQQ,HYP-FCR-02,2022-03-24,2022-03-24T14:25:00+00:00,high_sweep_window_expired,2022-03-24T14:05:00+00:00,baseline,1062.0910033300015
QQQ,HYP-FCR-02,2022-04-01,2022-04-01T14:20:00+00:00,low_sweep_window_expired,2022-04-01T14:00:00+00:00,baseline,1079.9318070400022
QQQ,HYP-FCR-02,2022-04-04,2022-04-04T14:30:00+00:00,high_sweep_window_expired,2022-04-04T14:10:00+00:00,baseline,1077.5474310400023
QQQ,HYP-FCR-02,2022-04-07,2022-04-07T14:20:00+00:00,high_sweep_window_expired,2022-04-07T14:00:00+00:00,baseline,1073.4953970400024
QQQ,HYP-FCR-02,2022-05-19,2022-05-19T14:45:00+00:00,high_sweep_window_expired,2022-05-19T14:25:00+00:00,baseline,1057.4054331200036
QQQ,HYP-FCR-02,2022-05-23,2022-05-23T14:45:00+00:00,low_sweep_window_expired,2022-05-23T14:25:00+00:00,baseline,1052.2907333200037
QQQ,HYP-FCR-02,2022-06-03,2022-06-03T14:20:00+00:00,high_sweep_window_expired,2022-06-03T14:00:00+00:00,baseline,1045.4752403200039
QQQ,HYP-FCR-02,2022-06-21,2022-06-21T16:10:00+00:00,high_sweep_window_expired,2022-06-21T15:50:00+00:00,baseline,1047.2691645100044
QQQ,HYP-FCR-02,2022-06-21,2022-06-21T17:55:00+00:00,high_sweep_window_expired,2022-06-21T17:35:00+00:00,baseline,1047.2691645100044
QQQ,HYP-FCR-02,2022-06-21,2022-06-21T19:40:00+00:00,high_sweep_window_expired,2022-06-21T19:20:00+00:00,baseline,1047.2691645100044
QQQ,HYP-FCR-02,2022-07-06,2022-07-06T15:50:00+00:00,low_sweep_window_expired,2022-07-06T15:30:00+00:00,baseline,1050.096637450005
QQQ,HYP-FCR-02,2022-07-07,2022-07-07T14:35:00+00:00,high_sweep_window_expired,2022-07-07T14:15:00+00:00,baseline,1045.469105950005
QQQ,HYP-FCR-02,2022-07-11,2022-07-11T14:20:00+00:00,low_sweep_window_expired,2022-07-11T14:00:00+00:00,baseline,1043.4630149500051
QQQ,HYP-FCR-02,2022-07-12,2022-07-12T15:10:00+00:00,low_sweep_window_expired,2022-07-12T14:50:00+00:00,baseline,1043.4630149500051
QQQ,HYP-FCR-02,2022-07-14,2022-07-14T15:05:00+00:00,low_sweep_window_expired,2022-07-14T14:45:00+00:00,baseline,1043.4630149500051
QQQ,HYP-FCR-02,2022-07-15,2022-07-15T14:20:00+00:00,high_sweep_window_expired,2022-07-15T14:00:00+00:00,baseline,1041.1927229500054
QQQ,HYP-FCR-02,2022-07-15,2022-07-15T16:05:00+00:00,high_sweep_window_expired,2022-07-15T15:45:00+00:00,baseline,1041.1927229500054
QQQ,HYP-FCR-02,2022-07-15,2022-07-15T18:20:00+00:00,high_sweep_window_expired,2022-07-15T18:00:00+00:00,baseline,1041.1927229500054
QQQ,HYP-FCR-02,2022-07-28,2022-07-28T14:50:00+00:00,low_sweep_window_expired,2022-07-28T14:30:00+00:00,baseline,1028.4062003500057
QQQ,HYP-FCR-02,2022-08-02,2022-08-02T14:30:00+00:00,low_sweep_window_expired,2022-08-02T14:10:00+00:00,baseline,1019.0581193500061
QQQ,HYP-FCR-02,2022-08-08,2022-08-08T14:20:00+00:00,high_sweep_window_expired,2022-08-08T14:00:00+00:00,baseline,1023.9162507700058
QQQ,HYP-FCR-02,2022-08-09,2022-08-09T14:45:00+00:00,low_sweep_window_expired,2022-08-09T14:25:00+00:00,baseline,1020.3031407700058
QQQ,HYP-FCR-02,2022-08-10,2022-08-10T14:40:00+00:00,low_sweep_window_expired,2022-08-10T14:20:00+00:00,baseline,1015.2534028000059
QQQ,HYP-FCR-02,2022-08-18,2022-08-18T14:20:00+00:00,low_sweep_window_expired,2022-08-18T14:00:00+00:00,baseline,1019.7316828000062
QQQ,HYP-FCR-02,2022-08-23,2022-08-23T14:55:00+00:00,high_sweep_window_expired,2022-08-23T14:35:00+00:00,baseline,1019.7316828000062
QQQ,HYP-FCR-02,2022-08-26,2022-08-26T14:30:00+00:00,high_sweep_window_expired,2022-08-26T14:10:00+00:00,baseline,1017.2010268000063
QQQ,HYP-FCR-02,2022-09-07,2022-09-07T14:45:00+00:00,low_sweep_window_expired,2022-09-07T14:25:00+00:00,baseline,998.4837808000067
QQQ,HYP-FCR-02,2022-09-12,2022-09-12T14:55:00+00:00,high_sweep_window_expired,2022-09-12T14:35:00+00:00,baseline,992.0058628700069
QQQ,HYP-FCR-02,2022-09-12,2022-09-12T15:50:00+00:00,high_sweep_window_expired,2022-09-12T15:30:00+00:00,baseline,992.0058628700069
QQQ,HYP-FCR-02,2022-09-12,2022-09-12T16:30:00+00:00,low_sweep_window_expired,2022-09-12T16:10:00+00:00,baseline,992.0058628700069
QQQ,HYP-FCR-02,2022-09-16,2022-09-16T15:05:00+00:00,high_sweep_window_expired,2022-09-16T14:45:00+00:00,baseline,990.194917870007
QQQ,HYP-FCR-02,2022-09-16,2022-09-16T16:45:00+00:00,low_sweep_window_expired,2022-09-16T16:25:00+00:00,baseline,990.194917870007
QQQ,HYP-FCR-02,2022-09-19,2022-09-19T14:30:00+00:00,high_sweep_window_expired,2022-09-19T14:10:00+00:00,baseline,990.194917870007
QQQ,HYP-FCR-02,2022-09-20,2022-09-20T14:25:00+00:00,high_sweep_window_expired,2022-09-20T14:05:00+00:00,baseline,986.0467773700071
QQQ,HYP-FCR-02,2022-09-22,2022-09-22T14:40:00+00:00,low_sweep_window_expired,2022-09-22T14:20:00+00:00,baseline,984.9422036200075
QQQ,HYP-FCR-02,2022-09-23,2022-09-23T14:25:00+00:00,low_sweep_window_expired,2022-09-23T14:05:00+00:00,baseline,983.0464500100076
QQQ,HYP-FCR-02,2022-10-07,2022-10-07T14:25:00+00:00,low_sweep_window_expired,2022-10-07T14:05:00+00:00,baseline,998.2053733600078
QQQ,HYP-FCR-02,2022-10-25,2022-10-25T17:20:00+00:00,high_sweep_window_expired,2022-10-25T17:00:00+00:00,baseline,1000.4986544600081
QQQ,HYP-FCR-02,2022-10-25,2022-10-25T17:50:00+00:00,high_sweep_window_expired,2022-10-25T17:30:00+00:00,baseline,1000.4986544600081
QQQ,HYP-FCR-02,2022-10-27,2022-10-27T16:50:00+00:00,low_sweep_window_expired,2022-10-27T16:30:00+00:00,baseline,997.181047460008
QQQ,HYP-FCR-02,2022-10-31,2022-10-31T15:25:00+00:00,low_sweep_window_expired,2022-10-31T15:05:00+00:00,baseline,997.181047460008
QQQ,HYP-FCR-02,2022-11-02,2022-11-02T18:20:00+00:00,low_sweep_window_expired,2022-11-02T18:00:00+00:00,baseline,997.181047460008
QQQ,HYP-FCR-02,2022-11-02,2022-11-02T19:05:00+00:00,high_sweep_window_expired,2022-11-02T18:45:00+00:00,baseline,997.181047460008
QQQ,HYP-FCR-02,2022-11-10,2022-11-10T15:30:00+00:00,high_sweep_window_expired,2022-11-10T15:10:00+00:00,baseline,1027.8383387000079
QQQ,HYP-FCR-02,2022-11-15,2022-11-15T16:25:00+00:00,low_sweep_window_expired,2022-11-15T16:05:00+00:00,baseline,1019.276320700008
QQQ,HYP-FCR-02,2022-11-25,2022-11-25T15:55:00+00:00,high_sweep_window_expired,2022-11-25T15:35:00+00:00,baseline,1015.4768612000081
QQQ,HYP-FCR-02,2022-11-29,2022-11-29T15:30:00+00:00,low_sweep_window_expired,2022-11-29T15:10:00+00:00,baseline,1014.7108469000082
QQQ,HYP-FCR-02,2022-12-14,2022-12-14T17:45:00+00:00,high_sweep_window_expired,2022-12-14T17:25:00+00:00,baseline,1025.405736290008
QQQ,HYP-FCR-02,2022-12-27,2022-12-27T15:20:00+00:00,low_sweep_window_expired,2022-12-27T15:00:00+00:00,baseline,1017.6659951100081
QQQ,HYP-FCR-02,2022-12-30,2022-12-30T16:10:00+00:00,high_sweep_window_expired,2022-12-30T15:50:00+00:00,baseline,1014.1554986100085
QQQ,HYP-FCR-02,2022-12-30,2022-12-30T18:20:00+00:00,high_sweep_window_expired,2022-12-30T18:00:00+00:00,baseline,1014.1554986100085
QQQ,HYP-FCR-02,2023-01-05,2023-01-05T15:25:00+00:00,high_sweep_window_expired,2023-01-05T15:05:00+00:00,baseline,1018.7958206100086
QQQ,HYP-FCR-02,2023-01-24,2023-01-24T15:25:00+00:00,low_sweep_window_expired,2023-01-24T15:05:00+00:00,baseline,1016.761194940009
QQQ,HYP-FCR-02,2023-01-26,2023-01-26T17:00:00+00:00,low_sweep_window_expired,2023-01-26T16:40:00+00:00,baseline,1022.4408639400087
QQQ,HYP-FCR-02,2023-02-10,2023-02-10T15:25:00+00:00,low_sweep_window_expired,2023-02-10T15:05:00+00:00,baseline,1037.4755272200089
QQQ,HYP-FCR-02,2023-02-27,2023-02-27T15:50:00+00:00,high_sweep_window_expired,2023-02-27T15:30:00+00:00,baseline,1042.8098180700094
QQQ,HYP-FCR-02,2023-03-02,2023-03-02T16:40:00+00:00,high_sweep_window_expired,2023-03-02T16:20:00+00:00,baseline,1034.8112570700098
QQQ,HYP-FCR-02,2023-03-16,2023-03-16T14:20:00+00:00,high_sweep_window_expired,2023-03-16T14:00:00+00:00,baseline,1046.28887652001
QQQ,HYP-FCR-02,2023-03-21,2023-03-21T14:20:00+00:00,high_sweep_window_expired,2023-03-21T14:00:00+00:00,baseline,1045.8842125200104
QQQ,HYP-FCR-02,2023-03-22,2023-03-22T16:35:00+00:00,high_sweep_window_expired,2023-03-22T16:15:00+00:00,baseline,1042.5197905200105
QQQ,HYP-FCR-02,2023-03-22,2023-03-22T17:10:00+00:00,high_sweep_window_expired,2023-03-22T16:50:00+00:00,baseline,1042.5197905200105
QQQ,HYP-FCR-02,2023-03-23,2023-03-23T18:35:00+00:00,high_sweep_window_expired,2023-03-23T18:15:00+00:00,baseline,1046.2782085200104
QQQ,HYP-FCR-02,2023-03-24,2023-03-24T15:50:00+00:00,low_sweep_window_expired,2023-03-24T15:30:00+00:00,baseline,1044.2321605200104
QQQ,HYP-FCR-02,2023-03-28,2023-03-28T14:20:00+00:00,low_sweep_window_expired,2023-03-28T14:00:00+00:00,baseline,1040.6103788700104
QQQ,HYP-FCR-02,2023-03-29,2023-03-29T14:25:00+00:00,high_sweep_window_expired,2023-03-29T14:05:00+00:00,baseline,1038.8366738700106
QQQ,HYP-FCR-02,2023-05-04,2023-05-04T15:05:00+00:00,low_sweep_window_expired,2023-05-04T14:45:00+00:00,baseline,1040.3814934000113
QQQ,HYP-FCR-02,2023-05-16,2023-05-16T14:50:00+00:00,high_sweep_window_expired,2023-05-16T14:30:00+00:00,baseline,1053.3379815100113
QQQ,HYP-FCR-02,2023-05-23,2023-05-23T14:20:00+00:00,high_sweep_window_expired,2023-05-23T14:00:00+00:00,baseline,1051.3043490100115
QQQ,HYP-FCR-02,2023-06-02,2023-06-02T14:20:00+00:00,low_sweep_window_expired,2023-06-02T14:00:00+00:00,baseline,1038.371610780012
QQQ,HYP-FCR-02,2023-06-06,2023-06-06T17:05:00+00:00,high_sweep_window_expired,2023-06-06T16:45:00+00:00,baseline,1040.3710209400117
QQQ,HYP-FCR-02,2023-06-14,2023-06-14T18:20:00+00:00,high_sweep_window_expired,2023-06-14T18:00:00+00:00,baseline,1047.8390649400117
QQQ,HYP-FCR-02,2023-06-14,2023-06-14T18:55:00+00:00,low_sweep_window_expired,2023-06-14T18:35:00+00:00,baseline,1047.8390649400117
QQQ,HYP-FCR-02,2023-06-16,2023-06-16T15:45:00+00:00,low_sweep_window_expired,2023-06-16T15:25:00+00:00,baseline,1047.8390649400117
QQQ,HYP-FCR-02,2023-06-16,2023-06-16T16:10:00+00:00,low_sweep_window_expired,2023-06-16T15:50:00+00:00,baseline,1047.8390649400117
QQQ,HYP-FCR-02,2023-06-26,2023-06-26T14:35:00+00:00,high_sweep_window_expired,2023-06-26T14:15:00+00:00,baseline,1045.1259579600119
QQQ,HYP-FCR-02,2023-07-03,2023-07-03T16:50:00+00:00,low_sweep_window_expired,2023-07-03T16:30:00+00:00,baseline,1036.4461208800121
QQQ,HYP-FCR-02,2023-07-19,2023-07-19T14:35:00+00:00,low_sweep_window_expired,2023-07-19T14:15:00+00:00,baseline,1040.9276648400125
QQQ,HYP-FCR-02,2023-07-25,2023-07-25T14:20:00+00:00,high_sweep_window_expired,2023-07-25T14:00:00+00:00,baseline,1037.1034850400126
QQQ,HYP-FCR-02,2023-07-28,2023-07-28T14:55:00+00:00,high_sweep_window_expired,2023-07-28T14:35:00+00:00,baseline,1033.5003190000127
QQQ,HYP-FCR-02,2023-08-01,2023-08-01T14:25:00+00:00,high_sweep_window_expired,2023-08-01T14:05:00+00:00,baseline,1032.1471830000128
QQQ,HYP-FCR-02,2023-08-04,2023-08-04T14:35:00+00:00,low_sweep_window_expired,2023-08-04T14:15:00+00:00,baseline,1035.3250630000125
QQQ,HYP-FCR-02,2023-08-10,2023-08-10T14:35:00+00:00,high_sweep_window_expired,2023-08-10T14:15:00+00:00,baseline,1037.161614240013
QQQ,HYP-FCR-02,2023-08-18,2023-08-18T14:35:00+00:00,low_sweep_window_expired,2023-08-18T14:15:00+00:00,baseline,1029.8977912400135
QQQ,HYP-FCR-02,2023-08-25,2023-08-25T14:40:00+00:00,high_sweep_window_expired,2023-08-25T14:20:00+00:00,baseline,1028.8349582400137
QQQ,HYP-FCR-02,2023-08-28,2023-08-28T15:10:00+00:00,low_sweep_window_expired,2023-08-28T14:50:00+00:00,baseline,1030.5395192400138
QQQ,HYP-FCR-02,2023-09-18,2023-09-18T14:40:00+00:00,high_sweep_window_expired,2023-09-18T14:20:00+00:00,baseline,1027.998720560014
QQQ,HYP-FCR-02,2023-09-29,2023-09-29T14:25:00+00:00,high_sweep_window_expired,2023-09-29T14:05:00+00:00,baseline,1029.5990955600141
QQQ,HYP-FCR-02,2023-09-29,2023-09-29T14:45:00+00:00,low_sweep_window_expired,2023-09-29T14:25:00+00:00,baseline,1029.5990955600141
QQQ,HYP-FCR-02,2023-10-02,2023-10-02T14:45:00+00:00,high_sweep_window_expired,2023-10-02T14:25:00+00:00,baseline,1029.5990955600141
QQQ,HYP-FCR-02,2023-10-12,2023-10-12T17:20:00+00:00,high_sweep_window_expired,2023-10-12T17:00:00+00:00,baseline,1028.8451425800142
QQQ,HYP-FCR-02,2023-10-18,2023-10-18T14:20:00+00:00,low_sweep_window_expired,2023-10-18T14:00:00+00:00,baseline,1028.8451425800142
QQQ,HYP-FCR-02,2023-10-25,2023-10-25T14:45:00+00:00,low_sweep_window_expired,2023-10-25T14:25:00+00:00,baseline,1035.7952689800143
QQQ,HYP-FCR-02,2023-10-27,2023-10-27T14:45:00+00:00,high_sweep_window_expired,2023-10-27T14:25:00+00:00,baseline,1031.2365909800144
QQQ,HYP-FCR-02,2023-10-31,2023-10-31T15:20:00+00:00,high_sweep_window_expired,2023-10-31T15:00:00+00:00,baseline,1026.2164932200144
QQQ,HYP-FCR-02,2023-11-06,2023-11-06T15:35:00+00:00,low_sweep_window_expired,2023-11-06T15:15:00+00:00,baseline,1026.4152262200143
QQQ,HYP-FCR-02,2023-11-15,2023-11-15T16:10:00+00:00,high_sweep_window_expired,2023-11-15T15:50:00+00:00,baseline,1021.0151942200146
QQQ,HYP-FCR-02,2023-11-16,2023-11-16T15:25:00+00:00,high_sweep_window_expired,2023-11-16T15:05:00+00:00,baseline,1019.3707892200147
QQQ,HYP-FCR-02,2023-11-24,2023-11-24T16:50:00+00:00,low_sweep_window_expired,2023-11-24T16:30:00+00:00,baseline,1016.5330595200148
QQQ,HYP-FCR-02,2023-12-01,2023-12-01T15:25:00+00:00,high_sweep_window_expired,2023-12-01T15:05:00+00:00,baseline,1011.506535500015
QQQ,HYP-FCR-02,2023-12-01,2023-12-01T15:50:00+00:00,low_sweep_window_expired,2023-12-01T15:30:00+00:00,baseline,1011.506535500015
QQQ,HYP-FCR-02,2023-12-04,2023-12-04T17:30:00+00:00,low_sweep_window_expired,2023-12-04T17:10:00+00:00,baseline,1011.506535500015
QQQ,HYP-FCR-02,2023-12-13,2023-12-13T17:25:00+00:00,low_sweep_window_expired,2023-12-13T17:05:00+00:00,baseline,1005.8881634800151
QQQ,HYP-FCR-02,2023-12-13,2023-12-13T19:20:00+00:00,low_sweep_window_expired,2023-12-13T19:00:00+00:00,baseline,1005.8881634800151
QQQ,HYP-FCR-02,2023-12-18,2023-12-18T16:00:00+00:00,high_sweep_window_expired,2023-12-18T15:40:00+00:00,baseline,1008.1662554800151
QQQ,HYP-FCR-02,2023-12-27,2023-12-27T15:20:00+00:00,high_sweep_window_expired,2023-12-27T15:00:00+00:00,baseline,1003.0793664600152
QQQ,HYP-FCR-02,2024-01-03,2024-01-03T15:25:00+00:00,high_sweep_window_expired,2024-01-03T15:05:00+00:00,baseline,998.2691864600152
QQQ,HYP-FCR-02,2024-01-04,2024-01-04T19:35:00+00:00,high_sweep_window_expired,2024-01-04T19:15:00+00:00,baseline,995.8094364600153
QQQ,HYP-FCR-02,2024-01-12,2024-01-12T19:15:00+00:00,low_sweep_window_expired,2024-01-12T18:55:00+00:00,baseline,1002.4348233800155
QQQ,HYP-FCR-02,2024-01-17,2024-01-17T15:20:00+00:00,low_sweep_window_expired,2024-01-17T15:00:00+00:00,baseline,1000.5312813800156
QQQ,HYP-FCR-02,2024-01-26,2024-01-26T15:35:00+00:00,low_sweep_window_expired,2024-01-26T15:15:00+00:00,baseline,1000.4630514800158
QQQ,HYP-FCR-02,2024-02-01,2024-02-01T15:20:00+00:00,low_sweep_window_expired,2024-02-01T15:00:00+00:00,baseline,997.1058804800161
QQQ,HYP-FCR-02,2024-02-01,2024-02-01T16:10:00+00:00,high_sweep_window_expired,2024-02-01T15:50:00+00:00,baseline,997.1058804800161
QQQ,HYP-FCR-02,2024-02-08,2024-02-08T19:40:00+00:00,high_sweep_window_expired,2024-02-08T19:20:00+00:00,baseline,999.786546480016
QQQ,HYP-FCR-02,2024-02-27,2024-02-27T15:40:00+00:00,high_sweep_window_expired,2024-02-27T15:20:00+00:00,baseline,1004.6030435000162
QQQ,HYP-FCR-02,2024-02-27,2024-02-27T18:55:00+00:00,low_sweep_window_expired,2024-02-27T18:35:00+00:00,baseline,1004.6030435000162
QQQ,HYP-FCR-02,2024-03-08,2024-03-08T16:15:00+00:00,high_sweep_window_expired,2024-03-08T15:55:00+00:00,baseline,1002.4938825400163
QQQ,HYP-FCR-02,2024-03-21,2024-03-21T15:00:00+00:00,low_sweep_window_expired,2024-03-21T14:40:00+00:00,baseline,1004.9474395400165
QQQ,HYP-FCR-02,2024-03-21,2024-03-21T15:25:00+00:00,low_sweep_window_expired,2024-03-21T15:05:00+00:00,baseline,1004.9474395400165
QQQ,HYP-FCR-02,2024-03-21,2024-03-21T16:50:00+00:00,high_sweep_window_expired,2024-03-21T16:30:00+00:00,baseline,1004.9474395400165
QQQ,HYP-FCR-02,2024-03-22,2024-03-22T14:40:00+00:00,high_sweep_window_expired,2024-03-22T14:20:00+00:00,baseline,1004.9474395400165
QQQ,HYP-FCR-02,2024-03-26,2024-03-26T14:40:00+00:00,high_sweep_window_expired,2024-03-26T14:20:00+00:00,baseline,1004.1541730400165
QQQ,HYP-FCR-02,2024-03-26,2024-03-26T15:20:00+00:00,low_sweep_window_expired,2024-03-26T15:00:00+00:00,baseline,1004.1541730400165
QQQ,HYP-FCR-02,2024-04-29,2024-04-29T19:35:00+00:00,low_sweep_window_expired,2024-04-29T19:15:00+00:00,baseline,1000.7930677800169
QQQ,HYP-FCR-02,2024-04-30,2024-04-30T14:20:00+00:00,high_sweep_window_expired,2024-04-30T14:00:00+00:00,baseline,1000.7930677800169
QQQ,HYP-FCR-02,2024-05-01,2024-05-01T14:45:00+00:00,low_sweep_window_expired,2024-05-01T14:25:00+00:00,baseline,998.640529780017
QQQ,HYP-FCR-02,2024-05-06,2024-05-06T14:25:00+00:00,high_sweep_window_expired,2024-05-06T14:05:00+00:00,baseline,991.3686217800173
QQQ,HYP-FCR-02,2024-05-06,2024-05-06T15:00:00+00:00,high_sweep_window_expired,2024-05-06T14:40:00+00:00,baseline,991.3686217800173
QQQ,HYP-FCR-02,2024-05-08,2024-05-08T17:25:00+00:00,high_sweep_window_expired,2024-05-08T17:05:00+00:00,baseline,990.9773097800172
QQQ,HYP-FCR-02,2024-05-22,2024-05-22T14:20:00+00:00,high_sweep_window_expired,2024-05-22T14:00:00+00:00,baseline,986.8984806000175
QQQ,HYP-FCR-02,2024-05-28,2024-05-28T17:10:00+00:00,high_sweep_window_expired,2024-05-28T16:50:00+00:00,baseline,984.8933206000174
QQQ,HYP-FCR-02,2024-05-30,2024-05-30T17:25:00+00:00,low_sweep_window_expired,2024-05-30T17:05:00+00:00,baseline,980.7266446000175
QQQ,HYP-FCR-02,2024-06-03,2024-06-03T14:30:00+00:00,low_sweep_window_expired,2024-06-03T14:10:00+00:00,baseline,980.7266446000175
QQQ,HYP-FCR-02,2024-06-04,2024-06-04T14:20:00+00:00,high_sweep_window_expired,2024-06-04T14:00:00+00:00,baseline,980.7266446000175
QQQ,HYP-FCR-02,2024-06-04,2024-06-04T14:40:00+00:00,low_sweep_window_expired,2024-06-04T14:20:00+00:00,baseline,980.7266446000175
QQQ,HYP-FCR-02,2024-06-04,2024-06-04T15:00:00+00:00,high_sweep_window_expired,2024-06-04T14:40:00+00:00,baseline,980.7266446000175
QQQ,HYP-FCR-02,2024-06-04,2024-06-04T15:55:00+00:00,low_sweep_window_expired,2024-06-04T15:35:00+00:00,baseline,980.7266446000175
QQQ,HYP-FCR-02,2024-06-05,2024-06-05T14:20:00+00:00,low_sweep_window_expired,2024-06-05T14:00:00+00:00,baseline,982.8455906000177
QQQ,HYP-FCR-02,2024-06-06,2024-06-06T14:20:00+00:00,low_sweep_window_expired,2024-06-06T14:00:00+00:00,baseline,982.8455906000177
QQQ,HYP-FCR-02,2024-06-06,2024-06-06T18:35:00+00:00,low_sweep_window_expired,2024-06-06T18:15:00+00:00,baseline,982.8455906000177
QQQ,HYP-FCR-02,2024-06-27,2024-06-27T14:35:00+00:00,high_sweep_window_expired,2024-06-27T14:15:00+00:00,baseline,971.7659077200177
QQQ,HYP-FCR-02,2024-07-23,2024-07-23T14:45:00+00:00,high_sweep_window_expired,2024-07-23T14:25:00+00:00,baseline,985.3005250600182
QQQ,HYP-FCR-02,2024-07-26,2024-07-26T14:20:00+00:00,high_sweep_window_expired,2024-07-26T14:00:00+00:00,baseline,996.0444980600182
QQQ,HYP-FCR-02,2024-08-09,2024-08-09T14:20:00+00:00,low_sweep_window_expired,2024-08-09T14:00:00+00:00,baseline,981.6460785600185
QQQ,HYP-FCR-02,2024-08-13,2024-08-13T14:30:00+00:00,high_sweep_window_expired,2024-08-13T14:10:00+00:00,baseline,978.5168245600187
QQQ,HYP-FCR-02,2024-08-23,2024-08-23T15:05:00+00:00,high_sweep_window_expired,2024-08-23T14:45:00+00:00,baseline,983.7325525600189
QQQ,HYP-FCR-02,2024-08-23,2024-08-23T15:30:00+00:00,low_sweep_window_expired,2024-08-23T15:10:00+00:00,baseline,983.7325525600189
QQQ,HYP-FCR-02,2024-08-28,2024-08-28T14:25:00+00:00,low_sweep_window_expired,2024-08-28T14:05:00+00:00,baseline,987.481346560019
QQQ,HYP-FCR-02,2024-08-29,2024-08-29T14:20:00+00:00,high_sweep_window_expired,2024-08-29T14:00:00+00:00,baseline,987.481346560019
QQQ,HYP-FCR-02,2024-08-30,2024-08-30T14:25:00+00:00,high_sweep_window_expired,2024-08-30T14:05:00+00:00,baseline,985.010598560019
QQQ,HYP-FCR-02,2024-08-30,2024-08-30T15:00:00+00:00,high_sweep_window_expired,2024-08-30T14:40:00+00:00,baseline,985.010598560019
QQQ,HYP-FCR-02,2024-09-04,2024-09-04T14:20:00+00:00,low_sweep_window_expired,2024-09-04T14:00:00+00:00,baseline,987.2702915600191
QQQ,HYP-FCR-02,2024-09-25,2024-09-25T15:30:00+00:00,high_sweep_window_expired,2024-09-25T15:10:00+00:00,baseline,990.8486464800199
QQQ,HYP-FCR-02,2024-09-25,2024-09-25T16:00:00+00:00,high_sweep_window_expired,2024-09-25T15:40:00+00:00,baseline,990.8486464800199
QQQ,HYP-FCR-02,2024-09-25,2024-09-25T17:20:00+00:00,low_sweep_window_expired,2024-09-25T17:00:00+00:00,baseline,990.8486464800199
QQQ,HYP-FCR-02,2024-10-18,2024-10-18T14:30:00+00:00,high_sweep_window_expired,2024-10-18T14:10:00+00:00,baseline,976.6023832600201
QQQ,HYP-FCR-02,2024-10-24,2024-10-24T14:20:00+00:00,high_sweep_window_expired,2024-10-24T14:00:00+00:00,baseline,971.2861573500202
QQQ,HYP-FCR-02,2024-11-01,2024-11-01T18:25:00+00:00,high_sweep_window_expired,2024-11-01T18:05:00+00:00,baseline,967.5917133600203
QQQ,HYP-FCR-02,2024-11-08,2024-11-08T16:20:00+00:00,low_sweep_window_expired,2024-11-08T16:00:00+00:00,baseline,965.5132838600206
QQQ,HYP-FCR-02,2024-11-12,2024-11-12T15:25:00+00:00,low_sweep_window_expired,2024-11-12T15:05:00+00:00,baseline,964.3178808700206
QQQ,HYP-FCR-02,2024-11-12,2024-11-12T19:35:00+00:00,low_sweep_window_expired,2024-11-12T19:15:00+00:00,baseline,964.3178808700206
QQQ,HYP-FCR-02,2024-11-26,2024-11-26T15:45:00+00:00,low_sweep_window_expired,2024-11-26T15:25:00+00:00,baseline,956.9326013800205
QQQ,HYP-FCR-02,2024-11-26,2024-11-26T16:35:00+00:00,low_sweep_window_expired,2024-11-26T16:15:00+00:00,baseline,956.9326013800205
QQQ,HYP-FCR-02,2024-12-05,2024-12-05T16:10:00+00:00,low_sweep_window_expired,2024-12-05T15:50:00+00:00,baseline,955.0579923800204
QQQ,HYP-FCR-02,2024-12-17,2024-12-17T16:00:00+00:00,low_sweep_window_expired,2024-12-17T15:40:00+00:00,baseline,954.8158987400207
QQQ,HYP-FCR-02,2022-01-19,2022-01-19T15:20:00+00:00,high_sweep_window_expired,2022-01-19T15:00:00+00:00,stress,986.1640460000006
QQQ,HYP-FCR-02,2022-01-24,2022-01-24T15:40:00+00:00,low_sweep_window_expired,2022-01-24T15:20:00+00:00,stress,978.0679896400007
QQQ,HYP-FCR-02,2022-02-02,2022-02-02T15:55:00+00:00,low_sweep_window_expired,2022-02-02T15:35:00+00:00,stress,996.9441388200011
QQQ,HYP-FCR-02,2022-02-03,2022-02-03T16:00:00+00:00,high_sweep_window_expired,2022-02-03T15:40:00+00:00,stress,999.0598048200011
QQQ,HYP-FCR-02,2022-02-10,2022-02-10T16:30:00+00:00,high_sweep_window_expired,2022-02-10T16:10:00+00:00,stress,1011.5698246600014
QQQ,HYP-FCR-02,2022-03-10,2022-03-10T15:40:00+00:00,high_sweep_window_expired,2022-03-10T15:20:00+00:00,stress,1032.6851577200023
QQQ,HYP-FCR-02,2022-03-24,2022-03-24T14:25:00+00:00,high_sweep_window_expired,2022-03-24T14:05:00+00:00,stress,1052.634280680003
QQQ,HYP-FCR-02,2022-04-01,2022-04-01T14:20:00+00:00,low_sweep_window_expired,2022-04-01T14:00:00+00:00,stress,1067.145054040004
QQQ,HYP-FCR-02,2022-04-04,2022-04-04T14:30:00+00:00,high_sweep_window_expired,2022-04-04T14:10:00+00:00,stress,1064.576302040004
QQQ,HYP-FCR-02,2022-04-07,2022-04-07T14:20:00+00:00,high_sweep_window_expired,2022-04-07T14:00:00+00:00,stress,1060.2522340400042
QQQ,HYP-FCR-02,2022-05-19,2022-05-19T14:45:00+00:00,high_sweep_window_expired,2022-05-19T14:25:00+00:00,stress,1036.676946200006
QQQ,HYP-FCR-02,2022-05-23,2022-05-23T14:45:00+00:00,low_sweep_window_expired,2022-05-23T14:25:00+00:00,stress,1031.405546600006
QQQ,HYP-FCR-02,2022-06-03,2022-06-03T14:20:00+00:00,high_sweep_window_expired,2022-06-03T14:00:00+00:00,stress,1023.5645606000062
QQQ,HYP-FCR-02,2022-06-21,2022-06-21T16:10:00+00:00,high_sweep_window_expired,2022-06-21T15:50:00+00:00,stress,1023.7821089800073
QQQ,HYP-FCR-02,2022-06-21,2022-06-21T17:55:00+00:00,high_sweep_window_expired,2022-06-21T17:35:00+00:00,stress,1023.7821089800073
QQQ,HYP-FCR-02,2022-06-21,2022-06-21T19:40:00+00:00,high_sweep_window_expired,2022-06-21T19:20:00+00:00,stress,1023.7821089800073
QQQ,HYP-FCR-02,2022-07-06,2022-07-06T15:50:00+00:00,low_sweep_window_expired,2022-07-06T15:30:00+00:00,stress,1025.307654860008
QQQ,HYP-FCR-02,2022-07-07,2022-07-07T14:35:00+00:00,high_sweep_window_expired,2022-07-07T14:15:00+00:00,stress,1020.4475918600081
QQQ,HYP-FCR-02,2022-07-11,2022-07-11T14:20:00+00:00,low_sweep_window_expired,2022-07-11T14:00:00+00:00,stress,1018.2054098600082
QQQ,HYP-FCR-02,2022-07-12,2022-07-12T15:10:00+00:00,low_sweep_window_expired,2022-07-12T14:50:00+00:00,stress,1018.2054098600082
QQQ,HYP-FCR-02,2022-07-14,2022-07-14T15:05:00+00:00,low_sweep_window_expired,2022-07-14T14:45:00+00:00,stress,1018.2054098600082
QQQ,HYP-FCR-02,2022-07-15,2022-07-15T14:20:00+00:00,high_sweep_window_expired,2022-07-15T14:00:00+00:00,stress,1015.7048258600084
QQQ,HYP-FCR-02,2022-07-15,2022-07-15T16:05:00+00:00,high_sweep_window_expired,2022-07-15T15:45:00+00:00,stress,1015.7048258600084
QQQ,HYP-FCR-02,2022-07-15,2022-07-15T18:20:00+00:00,high_sweep_window_expired,2022-07-15T18:00:00+00:00,stress,1015.7048258600084
QQQ,HYP-FCR-02,2022-07-28,2022-07-28T14:50:00+00:00,low_sweep_window_expired,2022-07-28T14:30:00+00:00,stress,1001.9577806600089
QQQ,HYP-FCR-02,2022-08-02,2022-08-02T14:30:00+00:00,low_sweep_window_expired,2022-08-02T14:10:00+00:00,stress,993.9768826600092
QQQ,HYP-FCR-02,2022-08-08,2022-08-08T14:20:00+00:00,high_sweep_window_expired,2022-08-08T14:00:00+00:00,stress,998.078945500009
QQQ,HYP-FCR-02,2022-08-09,2022-08-09T14:45:00+00:00,low_sweep_window_expired,2022-08-09T14:25:00+00:00,stress,994.2127255000091
QQQ,HYP-FCR-02,2022-08-10,2022-08-10T14:40:00+00:00,low_sweep_window_expired,2022-08-10T14:20:00+00:00,stress,988.9129495600092
QQQ,HYP-FCR-02,2022-08-18,2022-08-18T14:20:00+00:00,low_sweep_window_expired,2022-08-18T14:00:00+00:00,stress,991.9122915600097
QQQ,HYP-FCR-02,2022-08-23,2022-08-23T14:55:00+00:00,high_sweep_window_expired,2022-08-23T14:35:00+00:00,stress,991.9122915600097
QQQ,HYP-FCR-02,2022-08-26,2022-08-26T14:30:00+00:00,high_sweep_window_expired,2022-08-26T14:10:00+00:00,stress,989.1309795600099
QQQ,HYP-FCR-02,2022-09-07,2022-09-07T14:45:00+00:00,low_sweep_window_expired,2022-09-07T14:25:00+00:00,stress,969.5364875600104
QQQ,HYP-FCR-02,2022-09-12,2022-09-12T14:55:00+00:00,high_sweep_window_expired,2022-09-12T14:35:00+00:00,stress,962.7413517000107
QQQ,HYP-FCR-02,2022-09-12,2022-09-12T15:50:00+00:00,high_sweep_window_expired,2022-09-12T15:30:00+00:00,stress,962.7413517000107
QQQ,HYP-FCR-02,2022-09-12,2022-09-12T16:30:00+00:00,low_sweep_window_expired,2022-09-12T16:10:00+00:00,stress,962.7413517000107
QQQ,HYP-FCR-02,2022-09-16,2022-09-16T15:05:00+00:00,high_sweep_window_expired,2022-09-16T14:45:00+00:00,stress,960.369461700011
QQQ,HYP-FCR-02,2022-09-16,2022-09-16T16:45:00+00:00,low_sweep_window_expired,2022-09-16T16:25:00+00:00,stress,960.369461700011
QQQ,HYP-FCR-02,2022-09-19,2022-09-19T14:30:00+00:00,high_sweep_window_expired,2022-09-19T14:10:00+00:00,stress,960.369461700011
QQQ,HYP-FCR-02,2022-09-20,2022-09-20T14:25:00+00:00,high_sweep_window_expired,2022-09-20T14:05:00+00:00,stress,955.9881807000113
QQQ,HYP-FCR-02,2022-09-22,2022-09-22T14:40:00+00:00,low_sweep_window_expired,2022-09-22T14:20:00+00:00,stress,954.4165332000117
QQQ,HYP-FCR-02,2022-09-23,2022-09-23T14:25:00+00:00,low_sweep_window_expired,2022-09-23T14:05:00+00:00,stress,952.2927259800118
QQQ,HYP-FCR-02,2022-10-07,2022-10-07T14:25:00+00:00,low_sweep_window_expired,2022-10-07T14:05:00+00:00,stress,962.9662966800121
QQQ,HYP-FCR-02,2022-10-25,2022-10-25T17:20:00+00:00,high_sweep_window_expired,2022-10-25T17:00:00+00:00,stress,963.6318588800125
QQQ,HYP-FCR-02,2022-10-25,2022-10-25T17:50:00+00:00,high_sweep_window_expired,2022-10-25T17:30:00+00:00,stress,963.6318588800125
QQQ,HYP-FCR-02,2022-10-27,2022-10-27T16:50:00+00:00,low_sweep_window_expired,2022-10-27T16:30:00+00:00,stress,960.0866448800125
QQQ,HYP-FCR-02,2022-10-31,2022-10-31T15:25:00+00:00,low_sweep_window_expired,2022-10-31T15:05:00+00:00,stress,960.0866448800125
QQQ,HYP-FCR-02,2022-11-02,2022-11-02T18:20:00+00:00,low_sweep_window_expired,2022-11-02T18:00:00+00:00,stress,960.0866448800125
QQQ,HYP-FCR-02,2022-11-02,2022-11-02T19:05:00+00:00,high_sweep_window_expired,2022-11-02T18:45:00+00:00,stress,960.0866448800125
QQQ,HYP-FCR-02,2022-11-10,2022-11-10T15:30:00+00:00,high_sweep_window_expired,2022-11-10T15:10:00+00:00,stress,986.6347673600125
QQQ,HYP-FCR-02,2022-11-15,2022-11-15T16:25:00+00:00,low_sweep_window_expired,2022-11-15T16:05:00+00:00,stress,977.6107313600127
QQQ,HYP-FCR-02,2022-11-25,2022-11-25T15:55:00+00:00,high_sweep_window_expired,2022-11-25T15:35:00+00:00,stress,974.9819343600128
QQQ,HYP-FCR-02,2022-11-29,2022-11-29T15:30:00+00:00,low_sweep_window_expired,2022-11-29T15:10:00+00:00,stress,973.752905760013
QQQ,HYP-FCR-02,2022-12-14,2022-12-14T17:45:00+00:00,high_sweep_window_expired,2022-12-14T17:25:00+00:00,stress,982.5987845400133
QQQ,HYP-FCR-02,2022-12-27,2022-12-27T15:20:00+00:00,low_sweep_window_expired,2022-12-27T15:00:00+00:00,stress,974.1075021800137
QQQ,HYP-FCR-02,2022-12-30,2022-12-30T16:10:00+00:00,high_sweep_window_expired,2022-12-30T15:50:00+00:00,stress,970.1615091800141
QQQ,HYP-FCR-02,2022-12-30,2022-12-30T18:20:00+00:00,high_sweep_window_expired,2022-12-30T18:00:00+00:00,stress,970.1615091800141
QQQ,HYP-FCR-02,2023-01-05,2023-01-05T15:25:00+00:00,high_sweep_window_expired,2023-01-05T15:05:00+00:00,stress,974.5821531800143
QQQ,HYP-FCR-02,2023-01-24,2023-01-24T15:25:00+00:00,low_sweep_window_expired,2023-01-24T15:05:00+00:00,stress,971.0410018400148
QQQ,HYP-FCR-02,2023-01-26,2023-01-26T17:00:00+00:00,low_sweep_window_expired,2023-01-26T16:40:00+00:00,stress,976.4903398400147
QQQ,HYP-FCR-02,2023-02-10,2023-02-10T15:25:00+00:00,low_sweep_window_expired,2023-02-10T15:05:00+00:00,stress,989.7586664000152
QQQ,HYP-FCR-02,2023-02-27,2023-02-27T15:50:00+00:00,high_sweep_window_expired,2023-02-27T15:30:00+00:00,stress,993.095748100016
QQQ,HYP-FCR-02,2023-03-02,2023-03-02T16:40:00+00:00,high_sweep_window_expired,2023-03-02T16:20:00+00:00,stress,984.3886261000164
QQQ,HYP-FCR-02,2023-03-16,2023-03-16T14:20:00+00:00,high_sweep_window_expired,2023-03-16T14:00:00+00:00,stress,994.1993650000169
QQQ,HYP-FCR-02,2023-03-21,2023-03-21T14:20:00+00:00,high_sweep_window_expired,2023-03-21T14:00:00+00:00,stress,993.3900370000172
QQQ,HYP-FCR-02,2023-03-22,2023-03-22T16:35:00+00:00,high_sweep_window_expired,2023-03-22T16:15:00+00:00,stress,989.7811930000174
QQQ,HYP-FCR-02,2023-03-22,2023-03-22T17:10:00+00:00,high_sweep_window_expired,2023-03-22T16:50:00+00:00,stress,989.7811930000174
QQQ,HYP-FCR-02,2023-03-23,2023-03-23T18:35:00+00:00,high_sweep_window_expired,2023-03-23T18:15:00+00:00,stress,993.4580290000174
QQQ,HYP-FCR-02,2023-03-24,2023-03-24T15:50:00+00:00,low_sweep_window_expired,2023-03-24T15:30:00+00:00,stress,991.1659330000174
QQQ,HYP-FCR-02,2023-03-28,2023-03-28T14:20:00+00:00,low_sweep_window_expired,2023-03-28T14:00:00+00:00,stress,987.2988697000176
QQQ,HYP-FCR-02,2023-03-29,2023-03-29T14:25:00+00:00,high_sweep_window_expired,2023-03-29T14:05:00+00:00,stress,985.2814597000178
QQQ,HYP-FCR-02,2023-05-04,2023-05-04T15:05:00+00:00,low_sweep_window_expired,2023-05-04T14:45:00+00:00,stress,983.1563987600198
QQQ,HYP-FCR-02,2023-05-16,2023-05-16T14:50:00+00:00,high_sweep_window_expired,2023-05-16T14:30:00+00:00,stress,994.59047498002
QQQ,HYP-FCR-02,2023-05-23,2023-05-23T14:20:00+00:00,high_sweep_window_expired,2023-05-23T14:00:00+00:00,stress,992.9030719800202
QQQ,HYP-FCR-02,2023-06-02,2023-06-02T14:20:00+00:00,low_sweep_window_expired,2023-06-02T14:00:00+00:00,stress,981.9811703400205
QQQ,HYP-FCR-02,2023-06-06,2023-06-06T17:05:00+00:00,high_sweep_window_expired,2023-06-06T16:45:00+00:00,stress,983.7983906600203
QQQ,HYP-FCR-02,2023-06-14,2023-06-14T18:20:00+00:00,high_sweep_window_expired,2023-06-14T18:00:00+00:00,stress,990.5344786600205
QQQ,HYP-FCR-02,2023-06-14,2023-06-14T18:55:00+00:00,low_sweep_window_expired,2023-06-14T18:35:00+00:00,stress,990.5344786600205
QQQ,HYP-FCR-02,2023-06-16,2023-06-16T15:45:00+00:00,low_sweep_window_expired,2023-06-16T15:25:00+00:00,stress,990.5344786600205
QQQ,HYP-FCR-02,2023-06-16,2023-06-16T16:10:00+00:00,low_sweep_window_expired,2023-06-16T15:50:00+00:00,stress,990.5344786600205
QQQ,HYP-FCR-02,2023-06-26,2023-06-26T14:35:00+00:00,high_sweep_window_expired,2023-06-26T14:15:00+00:00,stress,987.0784647000207
QQQ,HYP-FCR-02,2023-07-03,2023-07-03T16:50:00+00:00,low_sweep_window_expired,2023-07-03T16:30:00+00:00,stress,977.6559905400211
QQQ,HYP-FCR-02,2023-07-19,2023-07-19T14:35:00+00:00,low_sweep_window_expired,2023-07-19T14:15:00+00:00,stress,980.4386784600218
QQQ,HYP-FCR-02,2023-07-25,2023-07-25T14:20:00+00:00,high_sweep_window_expired,2023-07-25T14:00:00+00:00,stress,976.2287188600219
QQQ,HYP-FCR-02,2023-07-28,2023-07-28T14:55:00+00:00,high_sweep_window_expired,2023-07-28T14:35:00+00:00,stress,972.241986780022
QQQ,HYP-FCR-02,2023-08-01,2023-08-01T14:25:00+00:00,high_sweep_window_expired,2023-08-01T14:05:00+00:00,stress,970.6957147800221
QQQ,HYP-FCR-02,2023-08-04,2023-08-04T14:35:00+00:00,low_sweep_window_expired,2023-08-04T14:15:00+00:00,stress,973.4914747800219
QQQ,HYP-FCR-02,2023-08-10,2023-08-10T14:35:00+00:00,high_sweep_window_expired,2023-08-10T14:15:00+00:00,stress,974.5717772600225
QQQ,HYP-FCR-02,2023-08-18,2023-08-18T14:35:00+00:00,low_sweep_window_expired,2023-08-18T14:15:00+00:00,stress,966.3741312600229
QQQ,HYP-FCR-02,2023-08-25,2023-08-25T14:40:00+00:00,high_sweep_window_expired,2023-08-25T14:20:00+00:00,stress,964.7584652600232
QQQ,HYP-FCR-02,2023-08-28,2023-08-28T15:10:00+00:00,low_sweep_window_expired,2023-08-28T14:50:00+00:00,stress,966.2775872600232
QQQ,HYP-FCR-02,2023-09-18,2023-09-18T14:40:00+00:00,high_sweep_window_expired,2023-09-18T14:20:00+00:00,stress,961.6491899000239
QQQ,HYP-FCR-02,2023-09-29,2023-09-29T14:25:00+00:00,high_sweep_window_expired,2023-09-29T14:05:00+00:00,stress,962.1399399000245
QQQ,HYP-FCR-02,2023-09-29,2023-09-29T14:45:00+00:00,low_sweep_window_expired,2023-09-29T14:25:00+00:00,stress,962.1399399000245
QQQ,HYP-FCR-02,2023-10-02,2023-10-02T14:45:00+00:00,high_sweep_window_expired,2023-10-02T14:25:00+00:00,stress,962.1399399000245
QQQ,HYP-FCR-02,2023-10-12,2023-10-12T17:20:00+00:00,high_sweep_window_expired,2023-10-12T17:00:00+00:00,stress,960.4618339400246
QQQ,HYP-FCR-02,2023-10-18,2023-10-18T14:20:00+00:00,low_sweep_window_expired,2023-10-18T14:00:00+00:00,stress,960.4618339400246
QQQ,HYP-FCR-02,2023-10-25,2023-10-25T14:45:00+00:00,low_sweep_window_expired,2023-10-25T14:25:00+00:00,stress,966.8580867400248
QQQ,HYP-FCR-02,2023-10-27,2023-10-27T14:45:00+00:00,high_sweep_window_expired,2023-10-27T14:25:00+00:00,stress,962.1207307400248
QQQ,HYP-FCR-02,2023-10-31,2023-10-31T15:20:00+00:00,high_sweep_window_expired,2023-10-31T15:00:00+00:00,stress,956.742935220025
QQQ,HYP-FCR-02,2023-11-06,2023-11-06T15:35:00+00:00,low_sweep_window_expired,2023-11-06T15:15:00+00:00,stress,956.5704012200249
QQQ,HYP-FCR-02,2023-11-15,2023-11-15T16:10:00+00:00,high_sweep_window_expired,2023-11-15T15:50:00+00:00,stress,950.4103372200253
QQQ,HYP-FCR-02,2023-11-16,2023-11-16T15:25:00+00:00,high_sweep_window_expired,2023-11-16T15:05:00+00:00,stress,948.5715272200255
QQQ,HYP-FCR-02,2023-11-24,2023-11-24T16:50:00+00:00,low_sweep_window_expired,2023-11-24T16:30:00+00:00,stress,944.7590678200258
QQQ,HYP-FCR-02,2023-12-01,2023-12-01T15:25:00+00:00,high_sweep_window_expired,2023-12-01T15:05:00+00:00,stress,939.1458197800262
QQQ,HYP-FCR-02,2023-12-01,2023-12-01T15:50:00+00:00,low_sweep_window_expired,2023-12-01T15:30:00+00:00,stress,939.1458197800262
QQQ,HYP-FCR-02,2023-12-04,2023-12-04T17:30:00+00:00,low_sweep_window_expired,2023-12-04T17:10:00+00:00,stress,939.1458197800262
QQQ,HYP-FCR-02,2023-12-13,2023-12-13T17:25:00+00:00,low_sweep_window_expired,2023-12-13T17:05:00+00:00,stress,932.5492757400265
QQQ,HYP-FCR-02,2023-12-13,2023-12-13T19:20:00+00:00,low_sweep_window_expired,2023-12-13T19:00:00+00:00,stress,932.5492757400265
QQQ,HYP-FCR-02,2023-12-18,2023-12-18T16:00:00+00:00,high_sweep_window_expired,2023-12-18T15:40:00+00:00,stress,934.6254597400266
QQQ,HYP-FCR-02,2023-12-27,2023-12-27T15:20:00+00:00,high_sweep_window_expired,2023-12-27T15:00:00+00:00,stress,928.5218817000269
QQQ,HYP-FCR-02,2024-01-03,2024-01-03T15:25:00+00:00,high_sweep_window_expired,2024-01-03T15:05:00+00:00,stress,923.1015217000273
QQQ,HYP-FCR-02,2024-01-04,2024-01-04T19:35:00+00:00,high_sweep_window_expired,2024-01-04T19:15:00+00:00,stress,920.4420217000275
QQQ,HYP-FCR-02,2024-01-12,2024-01-12T19:15:00+00:00,low_sweep_window_expired,2024-01-12T18:55:00+00:00,stress,926.2635955400277
QQQ,HYP-FCR-02,2024-01-17,2024-01-17T15:20:00+00:00,low_sweep_window_expired,2024-01-17T15:00:00+00:00,stress,924.1565115400279
QQQ,HYP-FCR-02,2024-01-26,2024-01-26T15:35:00+00:00,low_sweep_window_expired,2024-01-26T15:15:00+00:00,stress,923.0470517400285
QQQ,HYP-FCR-02,2024-02-01,2024-02-01T15:20:00+00:00,low_sweep_window_expired,2024-02-01T15:00:00+00:00,stress,919.0627097400288
QQQ,HYP-FCR-02,2024-02-01,2024-02-01T16:10:00+00:00,high_sweep_window_expired,2024-02-01T15:50:00+00:00,stress,919.0627097400288
QQQ,HYP-FCR-02,2024-02-08,2024-02-08T19:40:00+00:00,high_sweep_window_expired,2024-02-08T19:20:00+00:00,stress,921.3240417400287
QQQ,HYP-FCR-02,2024-02-27,2024-02-27T15:40:00+00:00,high_sweep_window_expired,2024-02-27T15:20:00+00:00,stress,924.2272357800293
QQQ,HYP-FCR-02,2024-02-27,2024-02-27T18:55:00+00:00,low_sweep_window_expired,2024-02-27T18:35:00+00:00,stress,924.2272357800293
QQQ,HYP-FCR-02,2024-03-08,2024-03-08T16:15:00+00:00,high_sweep_window_expired,2024-03-08T15:55:00+00:00,stress,921.0393138600296
QQQ,HYP-FCR-02,2024-03-21,2024-03-21T15:00:00+00:00,low_sweep_window_expired,2024-03-21T14:40:00+00:00,stress,922.4164278600299
QQQ,HYP-FCR-02,2024-03-21,2024-03-21T15:25:00+00:00,low_sweep_window_expired,2024-03-21T15:05:00+00:00,stress,922.4164278600299
QQQ,HYP-FCR-02,2024-03-21,2024-03-21T16:50:00+00:00,high_sweep_window_expired,2024-03-21T16:30:00+00:00,stress,922.4164278600299
QQQ,HYP-FCR-02,2024-03-22,2024-03-22T14:40:00+00:00,high_sweep_window_expired,2024-03-22T14:20:00+00:00,stress,922.4164278600299
QQQ,HYP-FCR-02,2024-03-26,2024-03-26T14:40:00+00:00,high_sweep_window_expired,2024-03-26T14:20:00+00:00,stress,921.4048948600299
QQQ,HYP-FCR-02,2024-03-26,2024-03-26T15:20:00+00:00,low_sweep_window_expired,2024-03-26T15:00:00+00:00,stress,921.4048948600299
QQQ,HYP-FCR-02,2024-04-29,2024-04-29T19:35:00+00:00,low_sweep_window_expired,2024-04-29T19:15:00+00:00,stress,915.6900843400307
QQQ,HYP-FCR-02,2024-04-30,2024-04-30T14:20:00+00:00,high_sweep_window_expired,2024-04-30T14:00:00+00:00,stress,915.6900843400307
QQQ,HYP-FCR-02,2024-05-01,2024-05-01T14:45:00+00:00,low_sweep_window_expired,2024-05-01T14:25:00+00:00,stress,913.3250083400309
QQQ,HYP-FCR-02,2024-05-06,2024-05-06T14:25:00+00:00,high_sweep_window_expired,2024-05-06T14:05:00+00:00,stress,905.4211923400312
QQQ,HYP-FCR-02,2024-05-06,2024-05-06T15:00:00+00:00,high_sweep_window_expired,2024-05-06T14:40:00+00:00,stress,905.4211923400312
QQQ,HYP-FCR-02,2024-05-08,2024-05-08T17:25:00+00:00,high_sweep_window_expired,2024-05-08T17:05:00+00:00,stress,904.5985683400313
QQQ,HYP-FCR-02,2024-05-22,2024-05-22T14:20:00+00:00,high_sweep_window_expired,2024-05-22T14:00:00+00:00,stress,898.3277189600318
QQQ,HYP-FCR-02,2024-05-28,2024-05-28T17:10:00+00:00,high_sweep_window_expired,2024-05-28T16:50:00+00:00,stress,897.1025589600318
QQQ,HYP-FCR-02,2024-05-30,2024-05-30T17:25:00+00:00,low_sweep_window_expired,2024-05-30T17:05:00+00:00,stress,894.7958829600319
QQQ,HYP-FCR-02,2024-06-03,2024-06-03T14:30:00+00:00,low_sweep_window_expired,2024-06-03T14:10:00+00:00,stress,894.7958829600319
QQQ,HYP-FCR-02,2024-06-04,2024-06-04T14:20:00+00:00,high_sweep_window_expired,2024-06-04T14:00:00+00:00,stress,894.7958829600319
QQQ,HYP-FCR-02,2024-06-04,2024-06-04T14:40:00+00:00,low_sweep_window_expired,2024-06-04T14:20:00+00:00,stress,894.7958829600319
QQQ,HYP-FCR-02,2024-06-04,2024-06-04T15:00:00+00:00,high_sweep_window_expired,2024-06-04T14:40:00+00:00,stress,894.7958829600319
QQQ,HYP-FCR-02,2024-06-04,2024-06-04T15:55:00+00:00,low_sweep_window_expired,2024-06-04T15:35:00+00:00,stress,894.7958829600319
QQQ,HYP-FCR-02,2024-06-05,2024-06-05T14:20:00+00:00,low_sweep_window_expired,2024-06-05T14:00:00+00:00,stress,895.744828960032
QQQ,HYP-FCR-02,2024-06-06,2024-06-06T14:20:00+00:00,low_sweep_window_expired,2024-06-06T14:00:00+00:00,stress,895.744828960032
QQQ,HYP-FCR-02,2024-06-06,2024-06-06T18:35:00+00:00,low_sweep_window_expired,2024-06-06T18:15:00+00:00,stress,895.744828960032
QQQ,HYP-FCR-02,2024-06-27,2024-06-27T14:35:00+00:00,high_sweep_window_expired,2024-06-27T14:15:00+00:00,stress,889.1645460800322
QQQ,HYP-FCR-02,2024-07-23,2024-07-23T14:45:00+00:00,high_sweep_window_expired,2024-07-23T14:25:00+00:00,stress,897.0521197400326
QQQ,HYP-FCR-02,2024-07-26,2024-07-26T14:20:00+00:00,high_sweep_window_expired,2024-07-26T14:00:00+00:00,stress,905.8132837400327
QQQ,HYP-FCR-02,2024-08-09,2024-08-09T14:20:00+00:00,low_sweep_window_expired,2024-08-09T14:00:00+00:00,stress,894.8783207400329
QQQ,HYP-FCR-02,2024-08-13,2024-08-13T14:30:00+00:00,high_sweep_window_expired,2024-08-13T14:10:00+00:00,stress,891.4198127400331
QQQ,HYP-FCR-02,2024-08-23,2024-08-23T15:05:00+00:00,high_sweep_window_expired,2024-08-23T14:45:00+00:00,stress,892.6492067400333
QQQ,HYP-FCR-02,2024-08-23,2024-08-23T15:30:00+00:00,low_sweep_window_expired,2024-08-23T15:10:00+00:00,stress,892.6492067400333
QQQ,HYP-FCR-02,2024-08-28,2024-08-28T14:25:00+00:00,low_sweep_window_expired,2024-08-28T14:05:00+00:00,stress,894.4080007400333
QQQ,HYP-FCR-02,2024-08-29,2024-08-29T14:20:00+00:00,high_sweep_window_expired,2024-08-29T14:00:00+00:00,stress,894.4080007400333
QQQ,HYP-FCR-02,2024-08-30,2024-08-30T14:25:00+00:00,high_sweep_window_expired,2024-08-30T14:05:00+00:00,stress,893.0572527400334
QQQ,HYP-FCR-02,2024-08-30,2024-08-30T15:00:00+00:00,high_sweep_window_expired,2024-08-30T14:40:00+00:00,stress,893.0572527400334
QQQ,HYP-FCR-02,2024-09-04,2024-09-04T14:20:00+00:00,low_sweep_window_expired,2024-09-04T14:00:00+00:00,stress,894.0719457400335
QQQ,HYP-FCR-02,2024-09-25,2024-09-25T15:30:00+00:00,high_sweep_window_expired,2024-09-25T15:10:00+00:00,stress,897.2487986600341
QQQ,HYP-FCR-02,2024-09-25,2024-09-25T16:00:00+00:00,high_sweep_window_expired,2024-09-25T15:40:00+00:00,stress,897.2487986600341
QQQ,HYP-FCR-02,2024-09-25,2024-09-25T17:20:00+00:00,low_sweep_window_expired,2024-09-25T17:00:00+00:00,stress,897.2487986600341
QQQ,HYP-FCR-02,2024-10-18,2024-10-18T14:30:00+00:00,high_sweep_window_expired,2024-10-18T14:10:00+00:00,stress,889.4806814400347
QQQ,HYP-FCR-02,2024-10-24,2024-10-24T14:20:00+00:00,high_sweep_window_expired,2024-10-24T14:00:00+00:00,stress,883.6891296200349
QQQ,HYP-FCR-02,2024-11-01,2024-11-01T18:25:00+00:00,high_sweep_window_expired,2024-11-01T18:05:00+00:00,stress,879.4003416400351
QQQ,HYP-FCR-02,2024-11-08,2024-11-08T16:20:00+00:00,low_sweep_window_expired,2024-11-08T16:00:00+00:00,stress,876.8484826400354
QQQ,HYP-FCR-02,2024-11-12,2024-11-12T15:25:00+00:00,low_sweep_window_expired,2024-11-12T15:05:00+00:00,stress,875.4077766600354
QQQ,HYP-FCR-02,2024-11-12,2024-11-12T19:35:00+00:00,low_sweep_window_expired,2024-11-12T19:15:00+00:00,stress,875.4077766600354
QQQ,HYP-FCR-02,2024-11-26,2024-11-26T15:45:00+00:00,low_sweep_window_expired,2024-11-26T15:25:00+00:00,stress,867.1723176800356
QQQ,HYP-FCR-02,2024-11-26,2024-11-26T16:35:00+00:00,low_sweep_window_expired,2024-11-26T16:15:00+00:00,stress,867.1723176800356
QQQ,HYP-FCR-02,2024-12-05,2024-12-05T16:10:00+00:00,low_sweep_window_expired,2024-12-05T15:50:00+00:00,stress,865.0530996800355
QQQ,HYP-FCR-02,2024-12-17,2024-12-17T16:00:00+00:00,low_sweep_window_expired,2024-12-17T15:40:00+00:00,stress,864.1853124000357
QQQ,HYP-FCR-02,2022-01-19,2022-01-19T15:20:00+00:00,high_sweep_window_expired,2022-01-19T15:00:00+00:00,severe,984.7210690000009
QQQ,HYP-FCR-02,2022-01-24,2022-01-24T15:40:00+00:00,low_sweep_window_expired,2022-01-24T15:20:00+00:00,severe,976.1560844600012
QQQ,HYP-FCR-02,2022-02-02,2022-02-02T15:55:00+00:00,low_sweep_window_expired,2022-02-02T15:35:00+00:00,severe,994.2223582300016
QQQ,HYP-FCR-02,2022-02-03,2022-02-03T16:00:00+00:00,high_sweep_window_expired,2022-02-03T15:40:00+00:00,severe,996.1508572300017
QQQ,HYP-FCR-02,2022-02-10,2022-02-10T16:30:00+00:00,high_sweep_window_expired,2022-02-10T16:10:00+00:00,severe,1007.7454869900022
QQQ,HYP-FCR-02,2022-03-10,2022-03-10T15:40:00+00:00,high_sweep_window_expired,2022-03-10T15:20:00+00:00,severe,1024.2125665800029
QQQ,HYP-FCR-02,2022-03-24,2022-03-24T14:25:00+00:00,high_sweep_window_expired,2022-03-24T14:05:00+00:00,severe,1044.768241020004
QQQ,HYP-FCR-02,2022-04-01,2022-04-01T14:20:00+00:00,low_sweep_window_expired,2022-04-01T14:00:00+00:00,severe,1058.1678010600053
QQQ,HYP-FCR-02,2022-04-04,2022-04-04T14:30:00+00:00,high_sweep_window_expired,2022-04-04T14:10:00+00:00,severe,1055.4146730600055
QQQ,HYP-FCR-02,2022-04-07,2022-04-07T14:20:00+00:00,high_sweep_window_expired,2022-04-07T14:00:00+00:00,severe,1052.3506050600056
QQQ,HYP-FCR-02,2022-05-19,2022-05-19T14:45:00+00:00,high_sweep_window_expired,2022-05-19T14:25:00+00:00,severe,1024.049354270008
QQQ,HYP-FCR-02,2022-05-23,2022-05-23T14:45:00+00:00,low_sweep_window_expired,2022-05-23T14:25:00+00:00,severe,1018.6212548700082
QQQ,HYP-FCR-02,2022-06-03,2022-06-03T14:20:00+00:00,high_sweep_window_expired,2022-06-03T14:00:00+00:00,severe,1009.7547758700088
QQQ,HYP-FCR-02,2022-06-21,2022-06-21T16:10:00+00:00,high_sweep_window_expired,2022-06-21T15:50:00+00:00,severe,1008.3959484400103
QQQ,HYP-FCR-02,2022-06-21,2022-06-21T17:55:00+00:00,high_sweep_window_expired,2022-06-21T17:35:00+00:00,severe,1008.3959484400103
QQQ,HYP-FCR-02,2022-06-21,2022-06-21T19:40:00+00:00,high_sweep_window_expired,2022-06-21T19:20:00+00:00,severe,1008.3959484400103
QQQ,HYP-FCR-02,2022-07-06,2022-07-06T15:50:00+00:00,low_sweep_window_expired,2022-07-06T15:30:00+00:00,severe,1008.6195672600114
QQQ,HYP-FCR-02,2022-07-07,2022-07-07T14:35:00+00:00,high_sweep_window_expired,2022-07-07T14:15:00+00:00,severe,1003.5269727600116
QQQ,HYP-FCR-02,2022-07-11,2022-07-11T14:20:00+00:00,low_sweep_window_expired,2022-07-11T14:00:00+00:00,severe,1001.0486997600119
QQQ,HYP-FCR-02,2022-07-12,2022-07-12T15:10:00+00:00,low_sweep_window_expired,2022-07-12T14:50:00+00:00,severe,1001.0486997600119
QQQ,HYP-FCR-02,2022-07-14,2022-07-14T15:05:00+00:00,low_sweep_window_expired,2022-07-14T14:45:00+00:00,severe,1001.0486997600119
QQQ,HYP-FCR-02,2022-07-15,2022-07-15T14:20:00+00:00,high_sweep_window_expired,2022-07-15T14:00:00+00:00,severe,998.3178237600122
QQQ,HYP-FCR-02,2022-07-15,2022-07-15T16:05:00+00:00,high_sweep_window_expired,2022-07-15T15:45:00+00:00,severe,998.3178237600122
QQQ,HYP-FCR-02,2022-07-15,2022-07-15T18:20:00+00:00,high_sweep_window_expired,2022-07-15T18:00:00+00:00,severe,998.3178237600122
QQQ,HYP-FCR-02,2022-07-28,2022-07-28T14:50:00+00:00,low_sweep_window_expired,2022-07-28T14:30:00+00:00,severe,983.6102559600128
QQQ,HYP-FCR-02,2022-08-02,2022-08-02T14:30:00+00:00,low_sweep_window_expired,2022-08-02T14:10:00+00:00,severe,975.2139089600132
QQQ,HYP-FCR-02,2022-08-08,2022-08-08T14:20:00+00:00,high_sweep_window_expired,2022-08-08T14:00:00+00:00,severe,978.5599032200133
QQQ,HYP-FCR-02,2022-08-09,2022-08-09T14:45:00+00:00,low_sweep_window_expired,2022-08-09T14:25:00+00:00,severe,974.4405732200134
QQQ,HYP-FCR-02,2022-08-10,2022-08-10T14:40:00+00:00,low_sweep_window_expired,2022-08-10T14:20:00+00:00,severe,968.8907593100137
QQQ,HYP-FCR-02,2022-08-18,2022-08-18T14:20:00+00:00,low_sweep_window_expired,2022-08-18T14:00:00+00:00,severe,969.3156753100143
QQQ,HYP-FCR-02,2022-08-23,2022-08-23T14:55:00+00:00,high_sweep_window_expired,2022-08-23T14:35:00+00:00,severe,969.3156753100143
QQQ,HYP-FCR-02,2022-08-26,2022-08-26T14:30:00+00:00,high_sweep_window_expired,2022-08-26T14:10:00+00:00,severe,966.2837073100145
QQQ,HYP-FCR-02,2022-09-07,2022-09-07T14:45:00+00:00,low_sweep_window_expired,2022-09-07T14:25:00+00:00,severe,945.8119693100153
QQQ,HYP-FCR-02,2022-09-12,2022-09-12T14:55:00+00:00,high_sweep_window_expired,2022-09-12T14:35:00+00:00,severe,938.6996155200158
QQQ,HYP-FCR-02,2022-09-12,2022-09-12T15:50:00+00:00,high_sweep_window_expired,2022-09-12T15:30:00+00:00,severe,938.6996155200158
QQQ,HYP-FCR-02,2022-09-12,2022-09-12T16:30:00+00:00,low_sweep_window_expired,2022-09-12T16:10:00+00:00,severe,938.6996155200158
QQQ,HYP-FCR-02,2022-09-16,2022-09-16T15:05:00+00:00,high_sweep_window_expired,2022-09-16T14:45:00+00:00,severe,935.7667805200161
QQQ,HYP-FCR-02,2022-09-16,2022-09-16T16:45:00+00:00,low_sweep_window_expired,2022-09-16T16:25:00+00:00,severe,935.7667805200161
QQQ,HYP-FCR-02,2022-09-19,2022-09-19T14:30:00+00:00,high_sweep_window_expired,2022-09-19T14:10:00+00:00,severe,935.7667805200161
QQQ,HYP-FCR-02,2022-09-20,2022-09-20T14:25:00+00:00,high_sweep_window_expired,2022-09-20T14:05:00+00:00,severe,931.1523590200164
QQQ,HYP-FCR-02,2022-09-22,2022-09-22T14:40:00+00:00,low_sweep_window_expired,2022-09-22T14:20:00+00:00,severe,929.113637770017
QQQ,HYP-FCR-02,2022-09-23,2022-09-23T14:25:00+00:00,low_sweep_window_expired,2022-09-23T14:05:00+00:00,severe,926.7617769400172
QQQ,HYP-FCR-02,2022-10-07,2022-10-07T14:25:00+00:00,low_sweep_window_expired,2022-10-07T14:05:00+00:00,severe,936.1538829900179
QQQ,HYP-FCR-02,2022-10-25,2022-10-25T17:20:00+00:00,high_sweep_window_expired,2022-10-25T17:00:00+00:00,severe,935.1917262900189
QQQ,HYP-FCR-02,2022-10-25,2022-10-25T17:50:00+00:00,high_sweep_window_expired,2022-10-25T17:30:00+00:00,severe,935.1917262900189
QQQ,HYP-FCR-02,2022-10-27,2022-10-27T16:50:00+00:00,low_sweep_window_expired,2022-10-27T16:30:00+00:00,severe,931.418905290019
QQQ,HYP-FCR-02,2022-10-31,2022-10-31T15:25:00+00:00,low_sweep_window_expired,2022-10-31T15:05:00+00:00,severe,931.418905290019
QQQ,HYP-FCR-02,2022-11-02,2022-11-02T18:20:00+00:00,low_sweep_window_expired,2022-11-02T18:00:00+00:00,severe,931.418905290019
QQQ,HYP-FCR-02,2022-11-02,2022-11-02T19:05:00+00:00,high_sweep_window_expired,2022-11-02T18:45:00+00:00,severe,931.418905290019
QQQ,HYP-FCR-02,2022-11-10,2022-11-10T15:30:00+00:00,high_sweep_window_expired,2022-11-10T15:10:00+00:00,severe,957.1648890100192
QQQ,HYP-FCR-02,2022-11-15,2022-11-15T16:25:00+00:00,low_sweep_window_expired,2022-11-15T16:05:00+00:00,severe,947.6788350100196
QQQ,HYP-FCR-02,2022-11-25,2022-11-25T15:55:00+00:00,high_sweep_window_expired,2022-11-25T15:35:00+00:00,severe,944.4331395100199
QQQ,HYP-FCR-02,2022-11-29,2022-11-29T15:30:00+00:00,low_sweep_window_expired,2022-11-29T15:10:00+00:00,severe,942.7410966100202
QQQ,HYP-FCR-02,2022-12-14,2022-12-14T17:45:00+00:00,high_sweep_window_expired,2022-12-14T17:25:00+00:00,severe,949.737964780021
QQQ,HYP-FCR-02,2022-12-27,2022-12-27T15:20:00+00:00,low_sweep_window_expired,2022-12-27T15:00:00+00:00,severe,940.4951412400214
QQQ,HYP-FCR-02,2022-12-30,2022-12-30T16:10:00+00:00,high_sweep_window_expired,2022-12-30T15:50:00+00:00,severe,936.1136517400221
QQQ,HYP-FCR-02,2022-12-30,2022-12-30T18:20:00+00:00,high_sweep_window_expired,2022-12-30T18:00:00+00:00,severe,936.1136517400221
QQQ,HYP-FCR-02,2023-01-05,2023-01-05T15:25:00+00:00,high_sweep_window_expired,2023-01-05T15:05:00+00:00,severe,940.3146177400223
QQQ,HYP-FCR-02,2023-01-24,2023-01-24T15:25:00+00:00,low_sweep_window_expired,2023-01-24T15:05:00+00:00,severe,935.2669407300232
QQQ,HYP-FCR-02,2023-01-26,2023-01-26T17:00:00+00:00,low_sweep_window_expired,2023-01-26T16:40:00+00:00,severe,940.4859477300231
QQQ,HYP-FCR-02,2023-02-10,2023-02-10T15:25:00+00:00,low_sweep_window_expired,2023-02-10T15:05:00+00:00,severe,951.9879375700241
QQQ,HYP-FCR-02,2023-02-27,2023-02-27T15:50:00+00:00,high_sweep_window_expired,2023-02-27T15:30:00+00:00,severe,951.8702881200253
QQQ,HYP-FCR-02,2023-03-02,2023-03-02T16:40:00+00:00,high_sweep_window_expired,2023-03-02T16:20:00+00:00,severe,942.454605120026
QQQ,HYP-FCR-02,2023-03-16,2023-03-16T14:20:00+00:00,high_sweep_window_expired,2023-03-16T14:00:00+00:00,severe,947.6028144700268
QQQ,HYP-FCR-02,2023-03-21,2023-03-21T14:20:00+00:00,high_sweep_window_expired,2023-03-21T14:00:00+00:00,severe,946.3888224700272
QQQ,HYP-FCR-02,2023-03-22,2023-03-22T16:35:00+00:00,high_sweep_window_expired,2023-03-22T16:15:00+00:00,severe,942.5355564700275
QQQ,HYP-FCR-02,2023-03-22,2023-03-22T17:10:00+00:00,high_sweep_window_expired,2023-03-22T16:50:00+00:00,severe,942.5355564700275
QQQ,HYP-FCR-02,2023-03-23,2023-03-23T18:35:00+00:00,high_sweep_window_expired,2023-03-23T18:15:00+00:00,severe,946.1308104700275
QQQ,HYP-FCR-02,2023-03-24,2023-03-24T15:50:00+00:00,low_sweep_window_expired,2023-03-24T15:30:00+00:00,severe,943.5926664700277
QQQ,HYP-FCR-02,2023-03-28,2023-03-28T14:20:00+00:00,low_sweep_window_expired,2023-03-28T14:00:00+00:00,severe,939.4803215200278
QQQ,HYP-FCR-02,2023-03-29,2023-03-29T14:25:00+00:00,high_sweep_window_expired,2023-03-29T14:05:00+00:00,severe,937.219206520028
QQQ,HYP-FCR-02,2023-05-04,2023-05-04T15:05:00+00:00,low_sweep_window_expired,2023-05-04T14:45:00+00:00,severe,931.5163625800302
QQQ,HYP-FCR-02,2023-05-16,2023-05-16T14:50:00+00:00,high_sweep_window_expired,2023-05-16T14:30:00+00:00,severe,938.1241388000306
QQQ,HYP-FCR-02,2023-05-23,2023-05-23T14:20:00+00:00,high_sweep_window_expired,2023-05-23T14:00:00+00:00,severe,936.0768738000307
QQQ,HYP-FCR-02,2023-06-02,2023-06-02T14:20:00+00:00,low_sweep_window_expired,2023-06-02T14:00:00+00:00,severe,924.2681213400314
QQQ,HYP-FCR-02,2023-06-06,2023-06-06T17:05:00+00:00,high_sweep_window_expired,2023-06-06T16:45:00+00:00,severe,925.9031518200312
QQQ,HYP-FCR-02,2023-06-14,2023-06-14T18:20:00+00:00,high_sweep_window_expired,2023-06-14T18:00:00+00:00,severe,931.9072838200314
QQQ,HYP-FCR-02,2023-06-14,2023-06-14T18:55:00+00:00,low_sweep_window_expired,2023-06-14T18:35:00+00:00,severe,931.9072838200314
QQQ,HYP-FCR-02,2023-06-16,2023-06-16T15:45:00+00:00,low_sweep_window_expired,2023-06-16T15:25:00+00:00,severe,931.9072838200314
QQQ,HYP-FCR-02,2023-06-16,2023-06-16T16:10:00+00:00,low_sweep_window_expired,2023-06-16T15:50:00+00:00,severe,931.9072838200314
QQQ,HYP-FCR-02,2023-06-26,2023-06-26T14:35:00+00:00,high_sweep_window_expired,2023-06-26T14:15:00+00:00,severe,927.7083628800318
QQQ,HYP-FCR-02,2023-07-03,2023-07-03T16:50:00+00:00,low_sweep_window_expired,2023-07-03T16:30:00+00:00,severe,917.5432516400323
QQQ,HYP-FCR-02,2023-07-19,2023-07-19T14:35:00+00:00,low_sweep_window_expired,2023-07-19T14:15:00+00:00,severe,918.6270835200334
QQQ,HYP-FCR-02,2023-07-25,2023-07-25T14:20:00+00:00,high_sweep_window_expired,2023-07-25T14:00:00+00:00,severe,914.0313441200336
QQQ,HYP-FCR-02,2023-07-28,2023-07-28T14:55:00+00:00,high_sweep_window_expired,2023-07-28T14:35:00+00:00,severe,909.6610460000338
QQQ,HYP-FCR-02,2023-08-01,2023-08-01T14:25:00+00:00,high_sweep_window_expired,2023-08-01T14:05:00+00:00,severe,907.9216380000339
QQQ,HYP-FCR-02,2023-08-04,2023-08-04T14:35:00+00:00,low_sweep_window_expired,2023-08-04T14:15:00+00:00,severe,910.3352780000339
QQQ,HYP-FCR-02,2023-08-10,2023-08-10T14:35:00+00:00,high_sweep_window_expired,2023-08-10T14:15:00+00:00,severe,910.6593317200346
QQQ,HYP-FCR-02,2023-08-18,2023-08-18T14:35:00+00:00,low_sweep_window_expired,2023-08-18T14:15:00+00:00,severe,901.5278627200352
QQQ,HYP-FCR-02,2023-08-25,2023-08-25T14:40:00+00:00,high_sweep_window_expired,2023-08-25T14:20:00+00:00,severe,899.3593637200355
QQQ,HYP-FCR-02,2023-08-28,2023-08-28T15:10:00+00:00,low_sweep_window_expired,2023-08-28T14:50:00+00:00,severe,900.6930467200356
QQQ,HYP-FCR-02,2023-09-18,2023-09-18T14:40:00+00:00,high_sweep_window_expired,2023-09-18T14:20:00+00:00,severe,896.5225966800367
QQQ,HYP-FCR-02,2023-09-29,2023-09-29T14:25:00+00:00,high_sweep_window_expired,2023-09-29T14:05:00+00:00,severe,895.9037216800374
QQQ,HYP-FCR-02,2023-09-29,2023-09-29T14:45:00+00:00,low_sweep_window_expired,2023-09-29T14:25:00+00:00,severe,895.9037216800374
QQQ,HYP-FCR-02,2023-10-02,2023-10-02T14:45:00+00:00,high_sweep_window_expired,2023-10-02T14:25:00+00:00,severe,895.9037216800374
QQQ,HYP-FCR-02,2023-10-12,2023-10-12T17:20:00+00:00,high_sweep_window_expired,2023-10-12T17:00:00+00:00,severe,893.3014627400378
QQQ,HYP-FCR-02,2023-10-18,2023-10-18T14:20:00+00:00,low_sweep_window_expired,2023-10-18T14:00:00+00:00,severe,893.3014627400378
QQQ,HYP-FCR-02,2023-10-25,2023-10-25T14:45:00+00:00,low_sweep_window_expired,2023-10-25T14:25:00+00:00,severe,899.1438419400381
QQQ,HYP-FCR-02,2023-10-27,2023-10-27T14:45:00+00:00,high_sweep_window_expired,2023-10-27T14:25:00+00:00,severe,894.2278079400382
QQQ,HYP-FCR-02,2023-10-31,2023-10-31T15:20:00+00:00,high_sweep_window_expired,2023-10-31T15:00:00+00:00,severe,888.4923146600386
QQQ,HYP-FCR-02,2023-11-06,2023-11-06T15:35:00+00:00,low_sweep_window_expired,2023-11-06T15:15:00+00:00,severe,887.9485136600387
QQQ,HYP-FCR-02,2023-11-15,2023-11-15T16:10:00+00:00,high_sweep_window_expired,2023-11-15T15:50:00+00:00,severe,881.0284176600392
QQQ,HYP-FCR-02,2023-11-16,2023-11-16T15:25:00+00:00,high_sweep_window_expired,2023-11-16T15:05:00+00:00,severe,878.9952026600394
QQQ,HYP-FCR-02,2023-11-24,2023-11-24T16:50:00+00:00,low_sweep_window_expired,2023-11-24T16:30:00+00:00,severe,874.2080135600398
QQQ,HYP-FCR-02,2023-12-01,2023-12-01T15:25:00+00:00,high_sweep_window_expired,2023-12-01T15:05:00+00:00,severe,868.0080415000402
QQQ,HYP-FCR-02,2023-12-01,2023-12-01T15:50:00+00:00,low_sweep_window_expired,2023-12-01T15:30:00+00:00,severe,868.0080415000402
QQQ,HYP-FCR-02,2023-12-04,2023-12-04T17:30:00+00:00,low_sweep_window_expired,2023-12-04T17:10:00+00:00,severe,868.0080415000402
QQQ,HYP-FCR-02,2023-12-13,2023-12-13T17:25:00+00:00,low_sweep_window_expired,2023-12-13T17:05:00+00:00,severe,860.4333254400406
QQQ,HYP-FCR-02,2023-12-13,2023-12-13T19:20:00+00:00,low_sweep_window_expired,2023-12-13T19:00:00+00:00,severe,860.4333254400406
QQQ,HYP-FCR-02,2023-12-18,2023-12-18T16:00:00+00:00,high_sweep_window_expired,2023-12-18T15:40:00+00:00,severe,862.3076014400407
QQQ,HYP-FCR-02,2023-12-27,2023-12-27T15:20:00+00:00,high_sweep_window_expired,2023-12-27T15:00:00+00:00,severe,855.1873343800411
QQQ,HYP-FCR-02,2024-01-03,2024-01-03T15:25:00+00:00,high_sweep_window_expired,2024-01-03T15:05:00+00:00,severe,849.1567943800414
QQQ,HYP-FCR-02,2024-01-04,2024-01-04T19:35:00+00:00,high_sweep_window_expired,2024-01-04T19:15:00+00:00,severe,846.2975443800416
QQQ,HYP-FCR-02,2024-01-12,2024-01-12T19:15:00+00:00,low_sweep_window_expired,2024-01-12T18:55:00+00:00,severe,851.3153051400423
QQQ,HYP-FCR-02,2024-01-17,2024-01-17T15:20:00+00:00,low_sweep_window_expired,2024-01-17T15:00:00+00:00,severe,849.0046791400424
QQQ,HYP-FCR-02,2024-01-26,2024-01-26T15:35:00+00:00,low_sweep_window_expired,2024-01-26T15:15:00+00:00,severe,847.1978268900428
QQQ,HYP-FCR-02,2024-02-01,2024-02-01T15:20:00+00:00,low_sweep_window_expired,2024-02-01T15:00:00+00:00,severe,843.6202803900431
QQQ,HYP-FCR-02,2024-02-01,2024-02-01T16:10:00+00:00,high_sweep_window_expired,2024-02-01T15:50:00+00:00,severe,843.6202803900431
QQQ,HYP-FCR-02,2024-02-08,2024-02-08T19:40:00+00:00,high_sweep_window_expired,2024-02-08T19:20:00+00:00,severe,846.1792043900432
QQQ,HYP-FCR-02,2024-02-27,2024-02-27T15:40:00+00:00,high_sweep_window_expired,2024-02-27T15:20:00+00:00,severe,845.6195339200438
QQQ,HYP-FCR-02,2024-02-27,2024-02-27T18:55:00+00:00,low_sweep_window_expired,2024-02-27T18:35:00+00:00,severe,845.6195339200438
QQQ,HYP-FCR-02,2024-03-08,2024-03-08T16:15:00+00:00,high_sweep_window_expired,2024-03-08T15:55:00+00:00,severe,843.486192480044
QQQ,HYP-FCR-02,2024-03-21,2024-03-21T15:00:00+00:00,low_sweep_window_expired,2024-03-21T14:40:00+00:00,severe,843.6365279800443
QQQ,HYP-FCR-02,2024-03-21,2024-03-21T15:25:00+00:00,low_sweep_window_expired,2024-03-21T15:05:00+00:00,severe,843.6365279800443
QQQ,HYP-FCR-02,2024-03-21,2024-03-21T16:50:00+00:00,high_sweep_window_expired,2024-03-21T16:30:00+00:00,severe,843.6365279800443
QQQ,HYP-FCR-02,2024-03-22,2024-03-22T14:40:00+00:00,high_sweep_window_expired,2024-03-22T14:20:00+00:00,severe,843.6365279800443
QQQ,HYP-FCR-02,2024-03-26,2024-03-26T14:40:00+00:00,high_sweep_window_expired,2024-03-26T14:20:00+00:00,severe,843.0216282300444
QQQ,HYP-FCR-02,2024-03-26,2024-03-26T15:20:00+00:00,low_sweep_window_expired,2024-03-26T15:00:00+00:00,severe,843.0216282300444
QQQ,HYP-FCR-02,2024-04-29,2024-04-29T19:35:00+00:00,low_sweep_window_expired,2024-04-29T19:15:00+00:00,severe,836.9155213400452
QQQ,HYP-FCR-02,2024-04-30,2024-04-30T14:20:00+00:00,high_sweep_window_expired,2024-04-30T14:00:00+00:00,severe,836.9155213400452
QQQ,HYP-FCR-02,2024-05-01,2024-05-01T14:45:00+00:00,low_sweep_window_expired,2024-05-01T14:25:00+00:00,severe,835.6267143400453
QQQ,HYP-FCR-02,2024-05-06,2024-05-06T14:25:00+00:00,high_sweep_window_expired,2024-05-06T14:05:00+00:00,severe,831.3588523400455
QQQ,HYP-FCR-02,2024-05-06,2024-05-06T15:00:00+00:00,high_sweep_window_expired,2024-05-06T14:40:00+00:00,severe,831.3588523400455
QQQ,HYP-FCR-02,2024-05-08,2024-05-08T17:25:00+00:00,high_sweep_window_expired,2024-05-08T17:05:00+00:00,severe,830.7318843400454
QQQ,HYP-FCR-02,2024-05-22,2024-05-22T14:20:00+00:00,high_sweep_window_expired,2024-05-22T14:00:00+00:00,severe,827.1618405700458
QQQ,HYP-FCR-02,2024-05-28,2024-05-28T17:10:00+00:00,high_sweep_window_expired,2024-05-28T16:50:00+00:00,severe,825.7141005700458
QQQ,HYP-FCR-02,2024-05-30,2024-05-30T17:25:00+00:00,low_sweep_window_expired,2024-05-30T17:05:00+00:00,severe,823.184086570046
QQQ,HYP-FCR-02,2024-06-03,2024-06-03T14:30:00+00:00,low_sweep_window_expired,2024-06-03T14:10:00+00:00,severe,823.184086570046
QQQ,HYP-FCR-02,2024-06-04,2024-06-04T14:20:00+00:00,high_sweep_window_expired,2024-06-04T14:00:00+00:00,severe,823.184086570046
QQQ,HYP-FCR-02,2024-06-04,2024-06-04T14:40:00+00:00,low_sweep_window_expired,2024-06-04T14:20:00+00:00,severe,823.184086570046
QQQ,HYP-FCR-02,2024-06-04,2024-06-04T15:00:00+00:00,high_sweep_window_expired,2024-06-04T14:40:00+00:00,severe,823.184086570046
QQQ,HYP-FCR-02,2024-06-04,2024-06-04T15:55:00+00:00,low_sweep_window_expired,2024-06-04T15:35:00+00:00,severe,823.184086570046
QQQ,HYP-FCR-02,2024-06-05,2024-06-05T14:20:00+00:00,low_sweep_window_expired,2024-06-05T14:00:00+00:00,severe,824.0225055700462
QQQ,HYP-FCR-02,2024-06-06,2024-06-06T14:20:00+00:00,low_sweep_window_expired,2024-06-06T14:00:00+00:00,severe,824.0225055700462
QQQ,HYP-FCR-02,2024-06-06,2024-06-06T18:35:00+00:00,low_sweep_window_expired,2024-06-06T18:15:00+00:00,severe,824.0225055700462
QQQ,HYP-FCR-02,2024-06-27,2024-06-27T14:35:00+00:00,high_sweep_window_expired,2024-06-27T14:15:00+00:00,severe,816.4017812500467
QQQ,HYP-FCR-02,2024-07-23,2024-07-23T14:45:00+00:00,high_sweep_window_expired,2024-07-23T14:25:00+00:00,severe,822.8741917400473
QQQ,HYP-FCR-02,2024-07-26,2024-07-26T14:20:00+00:00,high_sweep_window_expired,2024-07-26T14:00:00+00:00,severe,831.4059377400474
QQQ,HYP-FCR-02,2024-08-09,2024-08-09T14:20:00+00:00,low_sweep_window_expired,2024-08-09T14:00:00+00:00,severe,819.8059932400478
QQQ,HYP-FCR-02,2024-08-13,2024-08-13T14:30:00+00:00,high_sweep_window_expired,2024-08-13T14:10:00+00:00,severe,817.5617237400479
QQQ,HYP-FCR-02,2024-08-23,2024-08-23T15:05:00+00:00,high_sweep_window_expired,2024-08-23T14:45:00+00:00,severe,818.3308147400483
QQQ,HYP-FCR-02,2024-08-23,2024-08-23T15:30:00+00:00,low_sweep_window_expired,2024-08-23T15:10:00+00:00,severe,818.3308147400483
QQQ,HYP-FCR-02,2024-08-28,2024-08-28T14:25:00+00:00,low_sweep_window_expired,2024-08-28T14:05:00+00:00,severe,819.9740057400484
QQQ,HYP-FCR-02,2024-08-29,2024-08-29T14:20:00+00:00,high_sweep_window_expired,2024-08-29T14:00:00+00:00,severe,819.9740057400484
QQQ,HYP-FCR-02,2024-08-30,2024-08-30T14:25:00+00:00,high_sweep_window_expired,2024-08-30T14:05:00+00:00,severe,818.5078837400484
QQQ,HYP-FCR-02,2024-08-30,2024-08-30T15:00:00+00:00,high_sweep_window_expired,2024-08-30T14:40:00+00:00,severe,818.5078837400484
QQQ,HYP-FCR-02,2024-09-04,2024-09-04T14:20:00+00:00,low_sweep_window_expired,2024-09-04T14:00:00+00:00,severe,819.4074232400485
QQQ,HYP-FCR-02,2024-09-25,2024-09-25T15:30:00+00:00,high_sweep_window_expired,2024-09-25T15:10:00+00:00,severe,821.1041026200493
QQQ,HYP-FCR-02,2024-09-25,2024-09-25T16:00:00+00:00,high_sweep_window_expired,2024-09-25T15:40:00+00:00,severe,821.1041026200493
QQQ,HYP-FCR-02,2024-09-25,2024-09-25T17:20:00+00:00,low_sweep_window_expired,2024-09-25T17:00:00+00:00,severe,821.1041026200493
QQQ,HYP-FCR-02,2024-10-18,2024-10-18T14:30:00+00:00,high_sweep_window_expired,2024-10-18T14:10:00+00:00,severe,812.2789767900498
QQQ,HYP-FCR-02,2024-10-24,2024-10-24T14:20:00+00:00,high_sweep_window_expired,2024-10-24T14:00:00+00:00,severe,806.01209906005
QQQ,HYP-FCR-02,2024-11-01,2024-11-01T18:25:00+00:00,high_sweep_window_expired,2024-11-01T18:05:00+00:00,severe,801.1289670900502
QQQ,HYP-FCR-02,2024-11-08,2024-11-08T16:20:00+00:00,low_sweep_window_expired,2024-11-08T16:00:00+00:00,severe,798.1036785900505
QQQ,HYP-FCR-02,2024-11-12,2024-11-12T15:25:00+00:00,low_sweep_window_expired,2024-11-12T15:05:00+00:00,severe,796.4176696200507
QQQ,HYP-FCR-02,2024-11-12,2024-11-12T19:35:00+00:00,low_sweep_window_expired,2024-11-12T19:15:00+00:00,severe,796.4176696200507
QQQ,HYP-FCR-02,2024-11-26,2024-11-26T15:45:00+00:00,low_sweep_window_expired,2024-11-26T15:25:00+00:00,severe,787.332031150051
QQQ,HYP-FCR-02,2024-11-26,2024-11-26T16:35:00+00:00,low_sweep_window_expired,2024-11-26T16:15:00+00:00,severe,787.332031150051
QQQ,HYP-FCR-02,2024-12-05,2024-12-05T16:10:00+00:00,low_sweep_window_expired,2024-12-05T15:50:00+00:00,severe,784.9682041500511
QQQ,HYP-FCR-02,2024-12-17,2024-12-17T16:00:00+00:00,low_sweep_window_expired,2024-12-17T15:40:00+00:00,severe,783.4747232300515
SPY,HYP-FCR-02,2022-01-14,2022-01-14T15:40:00+00:00,high_sweep_window_expired,2022-01-14T15:20:00+00:00,baseline,997.6431380000001
SPY,HYP-FCR-02,2022-01-14,2022-01-14T16:35:00+00:00,low_sweep_window_expired,2022-01-14T16:15:00+00:00,baseline,997.6431380000001
SPY,HYP-FCR-02,2022-02-02,2022-02-02T15:55:00+00:00,low_sweep_window_expired,2022-02-02T15:35:00+00:00,baseline,1030.1566624000004
SPY,HYP-FCR-02,2022-02-09,2022-02-09T17:10:00+00:00,high_sweep_window_expired,2022-02-09T16:50:00+00:00,baseline,1032.396757900001
SPY,HYP-FCR-02,2022-02-10,2022-02-10T16:35:00+00:00,high_sweep_window_expired,2022-02-10T16:15:00+00:00,baseline,1032.396757900001
SPY,HYP-FCR-02,2022-02-14,2022-02-14T16:50:00+00:00,low_sweep_window_expired,2022-02-14T16:30:00+00:00,baseline,1040.526580900001
SPY,HYP-FCR-02,2022-02-15,2022-02-15T16:30:00+00:00,high_sweep_window_expired,2022-02-15T16:10:00+00:00,baseline,1044.491022900001
SPY,HYP-FCR-02,2022-02-15,2022-02-15T16:55:00+00:00,high_sweep_window_expired,2022-02-15T16:35:00+00:00,baseline,1044.491022900001
SPY,HYP-FCR-02,2022-02-16,2022-02-16T15:35:00+00:00,low_sweep_window_expired,2022-02-16T15:15:00+00:00,baseline,1042.153066900001
SPY,HYP-FCR-02,2022-02-18,2022-02-18T15:35:00+00:00,high_sweep_window_expired,2022-02-18T15:15:00+00:00,baseline,1046.679110900001
SPY,HYP-FCR-02,2022-02-28,2022-02-28T15:20:00+00:00,high_sweep_window_expired,2022-02-28T15:00:00+00:00,baseline,1057.429885900001
SPY,HYP-FCR-02,2022-02-28,2022-02-28T15:35:00+00:00,low_sweep_window_expired,2022-02-28T15:15:00+00:00,baseline,1057.429885900001
SPY,HYP-FCR-02,2022-03-25,2022-03-25T15:25:00+00:00,high_sweep_window_expired,2022-03-25T15:05:00+00:00,baseline,1064.3086159000013
SPY,HYP-FCR-02,2022-03-30,2022-03-30T14:35:00+00:00,high_sweep_window_expired,2022-03-30T14:15:00+00:00,baseline,1066.4299772400013
SPY,HYP-FCR-02,2022-03-30,2022-03-30T14:50:00+00:00,low_sweep_window_expired,2022-03-30T14:30:00+00:00,baseline,1066.4299772400013
SPY,HYP-FCR-02,2022-04-01,2022-04-01T15:10:00+00:00,low_sweep_window_expired,2022-04-01T14:50:00+00:00,baseline,1064.7470992400013
SPY,HYP-FCR-02,2022-04-05,2022-04-05T14:25:00+00:00,high_sweep_window_expired,2022-04-05T14:05:00+00:00,baseline,1062.1862892400013
SPY,HYP-FCR-02,2022-04-07,2022-04-07T14:20:00+00:00,high_sweep_window_expired,2022-04-07T14:00:00+00:00,baseline,1059.9680692400013
SPY,HYP-FCR-02,2022-05-16,2022-05-16T14:50:00+00:00,high_sweep_window_expired,2022-05-16T14:30:00+00:00,baseline,1059.7075983400011
SPY,HYP-FCR-02,2022-05-19,2022-05-19T14:40:00+00:00,high_sweep_window_expired,2022-05-19T14:20:00+00:00,baseline,1054.5053023200012
SPY,HYP-FCR-02,2022-06-03,2022-06-03T14:20:00+00:00,high_sweep_window_expired,2022-06-03T14:00:00+00:00,baseline,1050.8150051200018
SPY,HYP-FCR-02,2022-06-15,2022-06-15T14:30:00+00:00,high_sweep_window_expired,2022-06-15T14:10:00+00:00,baseline,1064.9604711200018
SPY,HYP-FCR-02,2022-06-15,2022-06-15T15:55:00+00:00,low_sweep_window_expired,2022-06-15T15:35:00+00:00,baseline,1064.9604711200018
SPY,HYP-FCR-02,2022-06-21,2022-06-21T16:10:00+00:00,high_sweep_window_expired,2022-06-21T15:50:00+00:00,baseline,1058.5589661200017
SPY,HYP-FCR-02,2022-07-06,2022-07-06T14:35:00+00:00,low_sweep_window_expired,2022-07-06T14:15:00+00:00,baseline,1061.6649839600013
SPY,HYP-FCR-02,2022-07-11,2022-07-11T14:40:00+00:00,low_sweep_window_expired,2022-07-11T14:20:00+00:00,baseline,1066.7969839600012
SPY,HYP-FCR-02,2022-07-14,2022-07-14T15:05:00+00:00,low_sweep_window_expired,2022-07-14T14:45:00+00:00,baseline,1064.6232779600011
SPY,HYP-FCR-02,2022-07-29,2022-07-29T15:25:00+00:00,high_sweep_window_expired,2022-07-29T15:05:00+00:00,baseline,1059.3559269600016
SPY,HYP-FCR-02,2022-08-02,2022-08-02T14:30:00+00:00,low_sweep_window_expired,2022-08-02T14:10:00+00:00,baseline,1056.3512229600017
SPY,HYP-FCR-02,2022-08-08,2022-08-08T14:20:00+00:00,high_sweep_window_expired,2022-08-08T14:00:00+00:00,baseline,1046.1758852600017
SPY,HYP-FCR-02,2022-08-09,2022-08-09T14:40:00+00:00,low_sweep_window_expired,2022-08-09T14:20:00+00:00,baseline,1046.1758852600017
SPY,HYP-FCR-02,2022-08-11,2022-08-11T15:20:00+00:00,high_sweep_window_expired,2022-08-11T15:00:00+00:00,baseline,1045.803405300002
SPY,HYP-FCR-02,2022-08-12,2022-08-12T14:25:00+00:00,low_sweep_window_expired,2022-08-12T14:05:00+00:00,baseline,1044.274463300002
SPY,HYP-FCR-02,2022-08-12,2022-08-12T14:40:00+00:00,high_sweep_window_expired,2022-08-12T14:20:00+00:00,baseline,1044.274463300002
SPY,HYP-FCR-02,2022-08-16,2022-08-16T14:20:00+00:00,low_sweep_window_expired,2022-08-16T14:00:00+00:00,baseline,1044.274463300002
SPY,HYP-FCR-02,2022-08-16,2022-08-16T15:25:00+00:00,low_sweep_window_expired,2022-08-16T15:05:00+00:00,baseline,1044.274463300002
SPY,HYP-FCR-02,2022-08-23,2022-08-23T14:55:00+00:00,high_sweep_window_expired,2022-08-23T14:35:00+00:00,baseline,1041.0226182800018
SPY,HYP-FCR-02,2022-08-26,2022-08-26T14:30:00+00:00,high_sweep_window_expired,2022-08-26T14:10:00+00:00,baseline,1037.2109622800017
SPY,HYP-FCR-02,2022-08-31,2022-08-31T16:00:00+00:00,low_sweep_window_expired,2022-08-31T15:40:00+00:00,baseline,1034.3495442800017
SPY,HYP-FCR-02,2022-09-16,2022-09-16T15:10:00+00:00,high_sweep_window_expired,2022-09-16T14:50:00+00:00,baseline,1024.401659940002
SPY,HYP-FCR-02,2022-09-16,2022-09-16T15:35:00+00:00,high_sweep_window_expired,2022-09-16T15:15:00+00:00,baseline,1024.401659940002
SPY,HYP-FCR-02,2022-09-16,2022-09-16T16:45:00+00:00,low_sweep_window_expired,2022-09-16T16:25:00+00:00,baseline,1024.401659940002
SPY,HYP-FCR-02,2022-09-21,2022-09-21T14:50:00+00:00,high_sweep_window_expired,2022-09-21T14:30:00+00:00,baseline,1019.5538939600021
SPY,HYP-FCR-02,2022-09-21,2022-09-21T15:25:00+00:00,low_sweep_window_expired,2022-09-21T15:05:00+00:00,baseline,1019.5538939600021
SPY,HYP-FCR-02,2022-09-21,2022-09-21T18:20:00+00:00,high_sweep_window_expired,2022-09-21T18:00:00+00:00,baseline,1019.5538939600021
SPY,HYP-FCR-02,2022-09-22,2022-09-22T14:20:00+00:00,low_sweep_window_expired,2022-09-22T14:00:00+00:00,baseline,1026.5703369600021
SPY,HYP-FCR-02,2022-10-28,2022-10-28T14:20:00+00:00,high_sweep_window_expired,2022-10-28T14:00:00+00:00,baseline,1045.3722507800028
SPY,HYP-FCR-02,2022-10-31,2022-10-31T14:30:00+00:00,low_sweep_window_expired,2022-10-31T14:10:00+00:00,baseline,1045.3722507800028
SPY,HYP-FCR-02,2022-11-02,2022-11-02T15:00:00+00:00,low_sweep_window_expired,2022-11-02T14:40:00+00:00,baseline,1046.7976327800027
SPY,HYP-FCR-02,2022-11-02,2022-11-02T15:45:00+00:00,low_sweep_window_expired,2022-11-02T15:25:00+00:00,baseline,1046.7976327800027
SPY,HYP-FCR-02,2022-11-08,2022-11-08T19:20:00+00:00,high_sweep_window_expired,2022-11-08T19:00:00+00:00,baseline,1051.5039298800027
SPY,HYP-FCR-02,2022-11-15,2022-11-15T16:35:00+00:00,low_sweep_window_expired,2022-11-15T16:15:00+00:00,baseline,1051.7277618800033
SPY,HYP-FCR-02,2022-11-16,2022-11-16T16:30:00+00:00,low_sweep_window_expired,2022-11-16T16:10:00+00:00,baseline,1051.7277618800033
SPY,HYP-FCR-02,2022-11-16,2022-11-16T17:40:00+00:00,low_sweep_window_expired,2022-11-16T17:20:00+00:00,baseline,1051.7277618800033
SPY,HYP-FCR-02,2022-11-17,2022-11-17T15:20:00+00:00,low_sweep_window_expired,2022-11-17T15:00:00+00:00,baseline,1051.7277618800033
SPY,HYP-FCR-02,2022-11-29,2022-11-29T16:15:00+00:00,high_sweep_window_expired,2022-11-29T15:55:00+00:00,baseline,1043.1439748400037
SPY,HYP-FCR-02,2022-12-01,2022-12-01T15:20:00+00:00,high_sweep_window_expired,2022-12-01T15:00:00+00:00,baseline,1039.7678728400037
SPY,HYP-FCR-02,2022-12-12,2022-12-12T15:25:00+00:00,high_sweep_window_expired,2022-12-12T15:05:00+00:00,baseline,1033.633334840004
SPY,HYP-FCR-02,2022-12-14,2022-12-14T19:20:00+00:00,high_sweep_window_expired,2022-12-14T19:00:00+00:00,baseline,1033.633334840004
SPY,HYP-FCR-02,2023-01-04,2023-01-04T15:20:00+00:00,high_sweep_window_expired,2023-01-04T15:00:00+00:00,baseline,1022.5749768400041
SPY,HYP-FCR-02,2023-01-05,2023-01-05T15:25:00+00:00,high_sweep_window_expired,2023-01-05T15:05:00+00:00,baseline,1028.331283840004
SPY,HYP-FCR-02,2023-01-05,2023-01-05T16:45:00+00:00,low_sweep_window_expired,2023-01-05T16:25:00+00:00,baseline,1028.331283840004
SPY,HYP-FCR-02,2023-01-18,2023-01-18T15:35:00+00:00,high_sweep_window_expired,2023-01-18T15:15:00+00:00,baseline,1029.5251538400044
SPY,HYP-FCR-02,2023-01-25,2023-01-25T15:20:00+00:00,low_sweep_window_expired,2023-01-25T15:00:00+00:00,baseline,1030.3277040600044
SPY,HYP-FCR-02,2023-01-26,2023-01-26T16:45:00+00:00,low_sweep_window_expired,2023-01-26T16:25:00+00:00,baseline,1033.4695180800043
SPY,HYP-FCR-02,2023-01-31,2023-01-31T15:30:00+00:00,low_sweep_window_expired,2023-01-31T15:10:00+00:00,baseline,1033.0463920800044
SPY,HYP-FCR-02,2023-02-01,2023-02-01T15:25:00+00:00,low_sweep_window_expired,2023-02-01T15:05:00+00:00,baseline,1033.0463920800044
SPY,HYP-FCR-02,2023-02-07,2023-02-07T15:50:00+00:00,low_sweep_window_expired,2023-02-07T15:30:00+00:00,baseline,1035.6691120800044
SPY,HYP-FCR-02,2023-02-10,2023-02-10T15:20:00+00:00,low_sweep_window_expired,2023-02-10T15:00:00+00:00,baseline,1036.6621760800044
SPY,HYP-FCR-02,2023-02-10,2023-02-10T16:55:00+00:00,high_sweep_window_expired,2023-02-10T16:35:00+00:00,baseline,1036.6621760800044
SPY,HYP-FCR-02,2023-02-10,2023-02-10T17:35:00+00:00,low_sweep_window_expired,2023-02-10T17:15:00+00:00,baseline,1036.6621760800044
SPY,HYP-FCR-02,2023-03-13,2023-03-13T14:30:00+00:00,high_sweep_window_expired,2023-03-13T14:10:00+00:00,baseline,1043.7343000800051
SPY,HYP-FCR-02,2023-03-14,2023-03-14T17:10:00+00:00,high_sweep_window_expired,2023-03-14T16:50:00+00:00,baseline,1043.7343000800051
SPY,HYP-FCR-02,2023-03-15,2023-03-15T14:20:00+00:00,low_sweep_window_expired,2023-03-15T14:00:00+00:00,baseline,1043.7343000800051
SPY,HYP-FCR-02,2023-03-17,2023-03-17T14:25:00+00:00,high_sweep_window_expired,2023-03-17T14:05:00+00:00,baseline,1037.8449620800054
SPY,HYP-FCR-02,2023-03-21,2023-03-21T14:20:00+00:00,high_sweep_window_expired,2023-03-21T14:00:00+00:00,baseline,1035.2481940800055
SPY,HYP-FCR-02,2023-03-27,2023-03-27T18:50:00+00:00,low_sweep_window_expired,2023-03-27T18:30:00+00:00,baseline,1034.8353760800057
SPY,HYP-FCR-02,2023-03-29,2023-03-29T14:25:00+00:00,high_sweep_window_expired,2023-03-29T14:05:00+00:00,baseline,1036.2771840800056
SPY,HYP-FCR-02,2023-03-30,2023-03-30T14:20:00+00:00,high_sweep_window_expired,2023-03-30T14:00:00+00:00,baseline,1036.9092808800056
SPY,HYP-FCR-02,2023-03-31,2023-03-31T14:20:00+00:00,high_sweep_window_expired,2023-03-31T14:00:00+00:00,baseline,1035.7479208800057
SPY,HYP-FCR-02,2023-04-05,2023-04-05T14:20:00+00:00,high_sweep_window_expired,2023-04-05T14:00:00+00:00,baseline,1038.1999108800055
SPY,HYP-FCR-02,2023-04-06,2023-04-06T14:55:00+00:00,high_sweep_window_expired,2023-04-06T14:35:00+00:00,baseline,1038.1999108800055
SPY,HYP-FCR-02,2023-04-12,2023-04-12T16:15:00+00:00,low_sweep_window_expired,2023-04-12T15:55:00+00:00,baseline,1035.2532208800055
SPY,HYP-FCR-02,2023-04-24,2023-04-24T14:50:00+00:00,high_sweep_window_expired,2023-04-24T14:30:00+00:00,baseline,1034.8711896200057
SPY,HYP-FCR-02,2023-05-16,2023-05-16T14:35:00+00:00,low_sweep_window_expired,2023-05-16T14:15:00+00:00,baseline,1022.9700206200064
SPY,HYP-FCR-02,2023-05-17,2023-05-17T15:35:00+00:00,high_sweep_window_expired,2023-05-17T15:15:00+00:00,baseline,1022.9700206200064
SPY,HYP-FCR-02,2023-05-22,2023-05-22T14:30:00+00:00,low_sweep_window_expired,2023-05-22T14:10:00+00:00,baseline,1024.8227546800065
SPY,HYP-FCR-02,2023-05-23,2023-05-23T14:20:00+00:00,high_sweep_window_expired,2023-05-23T14:00:00+00:00,baseline,1023.2152666800065
SPY,HYP-FCR-02,2023-06-02,2023-06-02T14:20:00+00:00,low_sweep_window_expired,2023-06-02T14:00:00+00:00,baseline,1018.5684316800066
SPY,HYP-FCR-02,2023-06-12,2023-06-12T14:30:00+00:00,low_sweep_window_expired,2023-06-12T14:10:00+00:00,baseline,1019.9163196800067
SPY,HYP-FCR-02,2023-06-12,2023-06-12T15:00:00+00:00,low_sweep_window_expired,2023-06-12T14:40:00+00:00,baseline,1019.9163196800067
SPY,HYP-FCR-02,2023-06-13,2023-06-13T14:35:00+00:00,low_sweep_window_expired,2023-06-13T14:15:00+00:00,baseline,1019.9163196800067
SPY,HYP-FCR-02,2023-06-26,2023-06-26T14:35:00+00:00,high_sweep_window_expired,2023-06-26T14:15:00+00:00,baseline,1012.871759440007
SPY,HYP-FCR-02,2023-06-29,2023-06-29T14:40:00+00:00,high_sweep_window_expired,2023-06-29T14:20:00+00:00,baseline,1012.268653200007
SPY,HYP-FCR-02,2023-07-03,2023-07-03T14:50:00+00:00,high_sweep_window_expired,2023-07-03T14:30:00+00:00,baseline,1008.7217967000071
SPY,HYP-FCR-02,2023-07-07,2023-07-07T14:20:00+00:00,high_sweep_window_expired,2023-07-07T14:00:00+00:00,baseline,1010.0460964200073
SPY,HYP-FCR-02,2023-07-13,2023-07-13T15:25:00+00:00,high_sweep_window_expired,2023-07-13T15:05:00+00:00,baseline,1015.0280552200071
SPY,HYP-FCR-02,2023-07-14,2023-07-14T14:20:00+00:00,low_sweep_window_expired,2023-07-14T14:00:00+00:00,baseline,1015.0280552200071
SPY,HYP-FCR-02,2023-08-01,2023-08-01T14:25:00+00:00,high_sweep_window_expired,2023-08-01T14:05:00+00:00,baseline,1012.0851342800073
SPY,HYP-FCR-02,2023-08-01,2023-08-01T15:00:00+00:00,low_sweep_window_expired,2023-08-01T14:40:00+00:00,baseline,1012.0851342800073
SPY,HYP-FCR-02,2023-08-03,2023-08-03T14:25:00+00:00,high_sweep_window_expired,2023-08-03T14:05:00+00:00,baseline,1011.1026462800073
SPY,HYP-FCR-02,2023-08-24,2023-08-24T14:20:00+00:00,high_sweep_window_expired,2023-08-24T14:00:00+00:00,baseline,1016.1979064000079
SPY,HYP-FCR-02,2023-08-25,2023-08-25T14:35:00+00:00,high_sweep_window_expired,2023-08-25T14:15:00+00:00,baseline,1016.1979064000079
SPY,HYP-FCR-02,2023-08-25,2023-08-25T18:20:00+00:00,low_sweep_window_expired,2023-08-25T18:00:00+00:00,baseline,1016.1979064000079
SPY,HYP-FCR-02,2023-10-02,2023-10-02T14:45:00+00:00,high_sweep_window_expired,2023-10-02T14:25:00+00:00,baseline,1005.9013399200081
SPY,HYP-FCR-02,2023-10-02,2023-10-02T15:15:00+00:00,low_sweep_window_expired,2023-10-02T14:55:00+00:00,baseline,1005.9013399200081
SPY,HYP-FCR-02,2023-10-18,2023-10-18T14:20:00+00:00,low_sweep_window_expired,2023-10-18T14:00:00+00:00,baseline,1014.2429925600082
SPY,HYP-FCR-02,2023-10-18,2023-10-18T14:45:00+00:00,high_sweep_window_expired,2023-10-18T14:25:00+00:00,baseline,1014.2429925600082
SPY,HYP-FCR-02,2023-10-27,2023-10-27T14:20:00+00:00,low_sweep_window_expired,2023-10-27T14:00:00+00:00,baseline,1010.0199757600083
SPY,HYP-FCR-02,2023-11-06,2023-11-06T15:35:00+00:00,low_sweep_window_expired,2023-11-06T15:15:00+00:00,baseline,1007.2209677600086
SPY,HYP-FCR-02,2023-11-17,2023-11-17T16:25:00+00:00,low_sweep_window_expired,2023-11-17T16:05:00+00:00,baseline,1006.5519717600089
SPY,HYP-FCR-02,2023-11-20,2023-11-20T15:30:00+00:00,high_sweep_window_expired,2023-11-20T15:10:00+00:00,baseline,1005.3118177600089
SPY,HYP-FCR-02,2023-11-21,2023-11-21T17:10:00+00:00,low_sweep_window_expired,2023-11-21T16:50:00+00:00,baseline,1005.3118177600089
SPY,HYP-FCR-02,2023-11-27,2023-11-27T17:25:00+00:00,high_sweep_window_expired,2023-11-27T17:05:00+00:00,baseline,1004.065515640009
SPY,HYP-FCR-02,2023-11-27,2023-11-27T19:20:00+00:00,high_sweep_window_expired,2023-11-27T19:00:00+00:00,baseline,1004.065515640009
SPY,HYP-FCR-02,2023-12-01,2023-12-01T16:20:00+00:00,low_sweep_window_expired,2023-12-01T16:00:00+00:00,baseline,1001.9101846400091
SPY,HYP-FCR-02,2023-12-04,2023-12-04T17:10:00+00:00,low_sweep_window_expired,2023-12-04T16:50:00+00:00,baseline,1001.9101846400091
SPY,HYP-FCR-02,2023-12-21,2023-12-21T15:45:00+00:00,low_sweep_window_expired,2023-12-21T15:25:00+00:00,baseline,996.3629436600091
SPY,HYP-FCR-02,2023-12-21,2023-12-21T15:45:00+00:00,high_sweep_window_expired,2023-12-21T15:25:00+00:00,baseline,996.3629436600091
SPY,HYP-FCR-02,2023-12-21,2023-12-21T16:40:00+00:00,low_sweep_window_expired,2023-12-21T16:20:00+00:00,baseline,996.3629436600091
SPY,HYP-FCR-02,2023-12-22,2023-12-22T16:25:00+00:00,low_sweep_window_expired,2023-12-22T16:05:00+00:00,baseline,997.6540276600092
SPY,HYP-FCR-02,2024-01-03,2024-01-03T15:25:00+00:00,high_sweep_window_expired,2024-01-03T15:05:00+00:00,baseline,993.9449237600097
SPY,HYP-FCR-02,2024-01-03,2024-01-03T17:55:00+00:00,low_sweep_window_expired,2024-01-03T17:35:00+00:00,baseline,993.9449237600097
SPY,HYP-FCR-02,2024-01-03,2024-01-03T18:35:00+00:00,high_sweep_window_expired,2024-01-03T18:15:00+00:00,baseline,993.9449237600097
SPY,HYP-FCR-02,2024-01-03,2024-01-03T19:40:00+00:00,low_sweep_window_expired,2024-01-03T19:20:00+00:00,baseline,993.9449237600097
SPY,HYP-FCR-02,2024-01-04,2024-01-04T18:00:00+00:00,high_sweep_window_expired,2024-01-04T17:40:00+00:00,baseline,995.7572277600098
SPY,HYP-FCR-02,2024-01-04,2024-01-04T19:20:00+00:00,high_sweep_window_expired,2024-01-04T19:00:00+00:00,baseline,995.7572277600098
SPY,HYP-FCR-02,2024-01-10,2024-01-10T15:25:00+00:00,low_sweep_window_expired,2024-01-10T15:05:00+00:00,baseline,991.9725727600098
SPY,HYP-FCR-02,2024-01-22,2024-01-22T15:20:00+00:00,high_sweep_window_expired,2024-01-22T15:00:00+00:00,baseline,987.7632587600103
SPY,HYP-FCR-02,2024-03-04,2024-03-04T16:30:00+00:00,high_sweep_window_expired,2024-03-04T16:10:00+00:00,baseline,973.8016293000105
SPY,HYP-FCR-02,2024-03-05,2024-03-05T15:25:00+00:00,high_sweep_window_expired,2024-03-05T15:05:00+00:00,baseline,973.8016293000105
SPY,HYP-FCR-02,2024-03-28,2024-03-28T14:20:00+00:00,high_sweep_window_expired,2024-03-28T14:00:00+00:00,baseline,978.589024330011
SPY,HYP-FCR-02,2024-03-28,2024-03-28T15:50:00+00:00,high_sweep_window_expired,2024-03-28T15:30:00+00:00,baseline,978.589024330011
SPY,HYP-FCR-02,2024-04-04,2024-04-04T14:45:00+00:00,low_sweep_window_expired,2024-04-04T14:25:00+00:00,baseline,979.5854783300108
SPY,HYP-FCR-02,2024-04-05,2024-04-05T14:30:00+00:00,high_sweep_window_expired,2024-04-05T14:10:00+00:00,baseline,980.2332400900108
SPY,HYP-FCR-02,2024-04-10,2024-04-10T15:20:00+00:00,high_sweep_window_expired,2024-04-10T15:00:00+00:00,baseline,980.5124657900108
SPY,HYP-FCR-02,2024-04-22,2024-04-22T14:25:00+00:00,high_sweep_window_expired,2024-04-22T14:05:00+00:00,baseline,979.970668290011
SPY,HYP-FCR-02,2024-04-24,2024-04-24T18:00:00+00:00,low_sweep_window_expired,2024-04-24T17:40:00+00:00,baseline,981.5786155300109
SPY,HYP-FCR-02,2024-04-29,2024-04-29T15:55:00+00:00,low_sweep_window_expired,2024-04-29T15:35:00+00:00,baseline,984.3584575300109
SPY,HYP-FCR-02,2024-04-30,2024-04-30T14:25:00+00:00,high_sweep_window_expired,2024-04-30T14:05:00+00:00,baseline,983.796615530011
SPY,HYP-FCR-02,2024-05-01,2024-05-01T14:45:00+00:00,low_sweep_window_expired,2024-05-01T14:25:00+00:00,baseline,982.984886530011
SPY,HYP-FCR-02,2024-05-01,2024-05-01T15:40:00+00:00,low_sweep_window_expired,2024-05-01T15:20:00+00:00,baseline,982.984886530011
SPY,HYP-FCR-02,2024-05-06,2024-05-06T15:30:00+00:00,high_sweep_window_expired,2024-05-06T15:10:00+00:00,baseline,979.097308030011
SPY,HYP-FCR-02,2024-05-16,2024-05-16T14:25:00+00:00,low_sweep_window_expired,2024-05-16T14:05:00+00:00,baseline,976.6595559900112
SPY,HYP-FCR-02,2024-05-16,2024-05-16T17:40:00+00:00,high_sweep_window_expired,2024-05-16T17:20:00+00:00,baseline,976.6595559900112
SPY,HYP-FCR-02,2024-05-22,2024-05-22T14:35:00+00:00,high_sweep_window_expired,2024-05-22T14:15:00+00:00,baseline,976.1619340100112
SPY,HYP-FCR-02,2024-05-22,2024-05-22T15:40:00+00:00,high_sweep_window_expired,2024-05-22T15:20:00+00:00,baseline,976.1619340100112
SPY,HYP-FCR-02,2024-05-28,2024-05-28T14:20:00+00:00,low_sweep_window_expired,2024-05-28T14:00:00+00:00,baseline,974.2698240100112
SPY,HYP-FCR-02,2024-06-03,2024-06-03T14:20:00+00:00,high_sweep_window_expired,2024-06-03T14:00:00+00:00,baseline,976.8857048800113
SPY,HYP-FCR-02,2024-06-04,2024-06-04T14:30:00+00:00,low_sweep_window_expired,2024-06-04T14:10:00+00:00,baseline,976.8857048800113
SPY,HYP-FCR-02,2024-06-11,2024-06-11T16:05:00+00:00,high_sweep_window_expired,2024-06-11T15:45:00+00:00,baseline,977.9872918800112
SPY,HYP-FCR-02,2024-06-12,2024-06-12T16:30:00+00:00,high_sweep_window_expired,2024-06-12T16:10:00+00:00,baseline,977.9872918800112
SPY,HYP-FCR-02,2024-06-27,2024-06-27T14:35:00+00:00,high_sweep_window_expired,2024-06-27T14:15:00+00:00,baseline,974.9948387000118
SPY,HYP-FCR-02,2024-07-02,2024-07-02T14:25:00+00:00,high_sweep_window_expired,2024-07-02T14:05:00+00:00,baseline,975.9216533000119
SPY,HYP-FCR-02,2024-07-02,2024-07-02T16:20:00+00:00,high_sweep_window_expired,2024-07-02T16:00:00+00:00,baseline,975.9216533000119
SPY,HYP-FCR-02,2024-07-09,2024-07-09T14:20:00+00:00,high_sweep_window_expired,2024-07-09T14:00:00+00:00,baseline,974.2713243000119
SPY,HYP-FCR-02,2024-07-10,2024-07-10T14:50:00+00:00,high_sweep_window_expired,2024-07-10T14:30:00+00:00,baseline,973.6800783000118
SPY,HYP-FCR-02,2024-07-10,2024-07-10T15:20:00+00:00,low_sweep_window_expired,2024-07-10T15:00:00+00:00,baseline,973.6800783000118
SPY,HYP-FCR-02,2024-07-11,2024-07-11T14:25:00+00:00,high_sweep_window_expired,2024-07-11T14:05:00+00:00,baseline,973.6800783000118
SPY,HYP-FCR-02,2024-07-18,2024-07-18T14:45:00+00:00,high_sweep_window_expired,2024-07-18T14:25:00+00:00,baseline,974.6151803000118
SPY,HYP-FCR-02,2024-08-05,2024-08-05T14:40:00+00:00,high_sweep_window_expired,2024-08-05T14:20:00+00:00,baseline,973.707060300012
SPY,HYP-FCR-02,2024-08-21,2024-08-21T14:35:00+00:00,low_sweep_window_expired,2024-08-21T14:15:00+00:00,baseline,969.1497670600123
SPY,HYP-FCR-02,2024-08-21,2024-08-21T15:10:00+00:00,high_sweep_window_expired,2024-08-21T14:50:00+00:00,baseline,969.1497670600123
SPY,HYP-FCR-02,2024-08-28,2024-08-28T14:25:00+00:00,low_sweep_window_expired,2024-08-28T14:05:00+00:00,baseline,965.7706805600124
SPY,HYP-FCR-02,2024-08-30,2024-08-30T14:30:00+00:00,high_sweep_window_expired,2024-08-30T14:10:00+00:00,baseline,967.2438570600123
SPY,HYP-FCR-02,2024-08-30,2024-08-30T15:00:00+00:00,high_sweep_window_expired,2024-08-30T14:40:00+00:00,baseline,967.2438570600123
SPY,HYP-FCR-02,2024-08-30,2024-08-30T19:05:00+00:00,low_sweep_window_expired,2024-08-30T18:45:00+00:00,baseline,967.2438570600123
SPY,HYP-FCR-02,2024-09-04,2024-09-04T14:20:00+00:00,low_sweep_window_expired,2024-09-04T14:00:00+00:00,baseline,968.8563175600123
SPY,HYP-FCR-02,2024-09-17,2024-09-17T15:45:00+00:00,high_sweep_window_expired,2024-09-17T15:25:00+00:00,baseline,972.8262509600123
SPY,HYP-FCR-02,2024-09-20,2024-09-20T16:25:00+00:00,low_sweep_window_expired,2024-09-20T16:05:00+00:00,baseline,970.8194909600122
SPY,HYP-FCR-02,2024-09-20,2024-09-20T17:10:00+00:00,high_sweep_window_expired,2024-09-20T16:50:00+00:00,baseline,970.8194909600122
SPY,HYP-FCR-02,2024-09-24,2024-09-24T15:15:00+00:00,low_sweep_window_expired,2024-09-24T14:55:00+00:00,baseline,970.4070314600121
SPY,HYP-FCR-02,2024-09-24,2024-09-24T18:25:00+00:00,high_sweep_window_expired,2024-09-24T18:05:00+00:00,baseline,970.4070314600121
SPY,HYP-FCR-02,2024-09-27,2024-09-27T14:20:00+00:00,low_sweep_window_expired,2024-09-27T14:00:00+00:00,baseline,971.373221490012
SPY,HYP-FCR-02,2024-10-07,2024-10-07T14:40:00+00:00,high_sweep_window_expired,2024-10-07T14:20:00+00:00,baseline,967.873614520012
SPY,HYP-FCR-02,2024-10-07,2024-10-07T16:00:00+00:00,high_sweep_window_expired,2024-10-07T15:40:00+00:00,baseline,967.873614520012
SPY,HYP-FCR-02,2024-10-10,2024-10-10T14:35:00+00:00,high_sweep_window_expired,2024-10-10T14:15:00+00:00,baseline,966.625240520012
SPY,HYP-FCR-02,2024-10-17,2024-10-17T15:30:00+00:00,low_sweep_window_expired,2024-10-17T15:10:00+00:00,baseline,963.641168900012
SPY,HYP-FCR-02,2024-10-18,2024-10-18T16:00:00+00:00,high_sweep_window_expired,2024-10-18T15:40:00+00:00,baseline,963.641168900012
SPY,HYP-FCR-02,2024-10-25,2024-10-25T15:30:00+00:00,high_sweep_window_expired,2024-10-25T15:10:00+00:00,baseline,964.223748400012
SPY,HYP-FCR-02,2024-10-28,2024-10-28T14:20:00+00:00,low_sweep_window_expired,2024-10-28T14:00:00+00:00,baseline,964.223748400012
SPY,HYP-FCR-02,2024-10-28,2024-10-28T15:20:00+00:00,low_sweep_window_expired,2024-10-28T15:00:00+00:00,baseline,964.223748400012
SPY,HYP-FCR-02,2024-11-01,2024-11-01T17:05:00+00:00,high_sweep_window_expired,2024-11-01T16:45:00+00:00,baseline,964.3814034000121
SPY,HYP-FCR-02,2024-11-11,2024-11-11T15:50:00+00:00,low_sweep_window_expired,2024-11-11T15:30:00+00:00,baseline,966.7230444000121
SPY,HYP-FCR-02,2024-11-13,2024-11-13T16:00:00+00:00,low_sweep_window_expired,2024-11-13T15:40:00+00:00,baseline,966.7230444000121
SPY,HYP-FCR-02,2024-12-06,2024-12-06T15:30:00+00:00,high_sweep_window_expired,2024-12-06T15:10:00+00:00,baseline,958.243094320012
SPY,HYP-FCR-02,2024-12-06,2024-12-06T17:25:00+00:00,low_sweep_window_expired,2024-12-06T17:05:00+00:00,baseline,958.243094320012
SPY,HYP-FCR-02,2024-12-17,2024-12-17T16:15:00+00:00,low_sweep_window_expired,2024-12-17T15:55:00+00:00,baseline,956.0333198300121
SPY,HYP-FCR-02,2024-12-18,2024-12-18T19:20:00+00:00,high_sweep_window_expired,2024-12-18T19:00:00+00:00,baseline,955.1973813300123
SPY,HYP-FCR-02,2022-01-14,2022-01-14T15:40:00+00:00,high_sweep_window_expired,2022-01-14T15:20:00+00:00,stress,996.5062760000002
SPY,HYP-FCR-02,2022-01-14,2022-01-14T16:35:00+00:00,low_sweep_window_expired,2022-01-14T16:15:00+00:00,stress,996.5062760000002
SPY,HYP-FCR-02,2022-02-02,2022-02-02T15:55:00+00:00,low_sweep_window_expired,2022-02-02T15:35:00+00:00,stress,1027.057324800001
SPY,HYP-FCR-02,2022-02-09,2022-02-09T17:10:00+00:00,high_sweep_window_expired,2022-02-09T16:50:00+00:00,stress,1028.1989158000017
SPY,HYP-FCR-02,2022-02-10,2022-02-10T16:35:00+00:00,high_sweep_window_expired,2022-02-10T16:15:00+00:00,stress,1028.1989158000017
SPY,HYP-FCR-02,2022-02-14,2022-02-14T16:50:00+00:00,low_sweep_window_expired,2022-02-14T16:30:00+00:00,stress,1035.8885618000018
SPY,HYP-FCR-02,2022-02-15,2022-02-15T16:30:00+00:00,high_sweep_window_expired,2022-02-15T16:10:00+00:00,stress,1039.6374458000018
SPY,HYP-FCR-02,2022-02-15,2022-02-15T16:55:00+00:00,high_sweep_window_expired,2022-02-15T16:35:00+00:00,stress,1039.6374458000018
SPY,HYP-FCR-02,2022-02-16,2022-02-16T15:35:00+00:00,low_sweep_window_expired,2022-02-16T15:15:00+00:00,stress,1037.0815338000018
SPY,HYP-FCR-02,2022-02-18,2022-02-18T15:35:00+00:00,high_sweep_window_expired,2022-02-18T15:15:00+00:00,stress,1041.1736218000017
SPY,HYP-FCR-02,2022-02-28,2022-02-28T15:20:00+00:00,high_sweep_window_expired,2022-02-28T15:00:00+00:00,stress,1051.2851718000018
SPY,HYP-FCR-02,2022-02-28,2022-02-28T15:35:00+00:00,low_sweep_window_expired,2022-02-28T15:15:00+00:00,stress,1051.2851718000018
SPY,HYP-FCR-02,2022-03-25,2022-03-25T15:25:00+00:00,high_sweep_window_expired,2022-03-25T15:05:00+00:00,stress,1055.9226318000028
SPY,HYP-FCR-02,2022-03-30,2022-03-30T14:35:00+00:00,high_sweep_window_expired,2022-03-30T14:15:00+00:00,stress,1057.378754480003
SPY,HYP-FCR-02,2022-03-30,2022-03-30T14:50:00+00:00,low_sweep_window_expired,2022-03-30T14:30:00+00:00,stress,1057.378754480003
SPY,HYP-FCR-02,2022-04-01,2022-04-01T15:10:00+00:00,low_sweep_window_expired,2022-04-01T14:50:00+00:00,stress,1055.472998480003
SPY,HYP-FCR-02,2022-04-05,2022-04-05T14:25:00+00:00,high_sweep_window_expired,2022-04-05T14:05:00+00:00,stress,1052.691378480003
SPY,HYP-FCR-02,2022-04-07,2022-04-07T14:20:00+00:00,high_sweep_window_expired,2022-04-07T14:00:00+00:00,stress,1050.2549384800031
SPY,HYP-FCR-02,2022-05-16,2022-05-16T14:50:00+00:00,high_sweep_window_expired,2022-05-16T14:30:00+00:00,stress,1047.1629966800035
SPY,HYP-FCR-02,2022-05-19,2022-05-19T14:40:00+00:00,high_sweep_window_expired,2022-05-19T14:20:00+00:00,stress,1041.5582046400039
SPY,HYP-FCR-02,2022-06-03,2022-06-03T14:20:00+00:00,high_sweep_window_expired,2022-06-03T14:00:00+00:00,stress,1036.4656102400043
SPY,HYP-FCR-02,2022-06-15,2022-06-15T14:30:00+00:00,high_sweep_window_expired,2022-06-15T14:10:00+00:00,stress,1049.6165422400043
SPY,HYP-FCR-02,2022-06-15,2022-06-15T15:55:00+00:00,low_sweep_window_expired,2022-06-15T15:35:00+00:00,stress,1049.6165422400043
SPY,HYP-FCR-02,2022-06-21,2022-06-21T16:10:00+00:00,high_sweep_window_expired,2022-06-21T15:50:00+00:00,stress,1042.7435322400045
SPY,HYP-FCR-02,2022-07-06,2022-07-06T14:35:00+00:00,low_sweep_window_expired,2022-07-06T14:15:00+00:00,stress,1044.510767920005
SPY,HYP-FCR-02,2022-07-11,2022-07-11T14:40:00+00:00,low_sweep_window_expired,2022-07-11T14:20:00+00:00,stress,1049.2547679200052
SPY,HYP-FCR-02,2022-07-14,2022-07-14T15:05:00+00:00,low_sweep_window_expired,2022-07-14T14:45:00+00:00,stress,1046.8873559200051
SPY,HYP-FCR-02,2022-07-29,2022-07-29T15:25:00+00:00,high_sweep_window_expired,2022-07-29T15:05:00+00:00,stress,1040.2426539200055
SPY,HYP-FCR-02,2022-08-02,2022-08-02T14:30:00+00:00,low_sweep_window_expired,2022-08-02T14:10:00+00:00,stress,1037.0332459200056
SPY,HYP-FCR-02,2022-08-08,2022-08-08T14:20:00+00:00,high_sweep_window_expired,2022-08-08T14:00:00+00:00,stress,1026.0395705200058
SPY,HYP-FCR-02,2022-08-09,2022-08-09T14:40:00+00:00,low_sweep_window_expired,2022-08-09T14:20:00+00:00,stress,1026.0395705200058
SPY,HYP-FCR-02,2022-08-11,2022-08-11T15:20:00+00:00,high_sweep_window_expired,2022-08-11T15:00:00+00:00,stress,1025.255010600006
SPY,HYP-FCR-02,2022-08-12,2022-08-12T14:25:00+00:00,low_sweep_window_expired,2022-08-12T14:05:00+00:00,stress,1023.5171266000061
SPY,HYP-FCR-02,2022-08-12,2022-08-12T14:40:00+00:00,high_sweep_window_expired,2022-08-12T14:20:00+00:00,stress,1023.5171266000061
SPY,HYP-FCR-02,2022-08-16,2022-08-16T14:20:00+00:00,low_sweep_window_expired,2022-08-16T14:00:00+00:00,stress,1023.5171266000061
SPY,HYP-FCR-02,2022-08-16,2022-08-16T15:25:00+00:00,low_sweep_window_expired,2022-08-16T15:05:00+00:00,stress,1023.5171266000061
SPY,HYP-FCR-02,2022-08-23,2022-08-23T14:55:00+00:00,high_sweep_window_expired,2022-08-23T14:35:00+00:00,stress,1019.4236365600061
SPY,HYP-FCR-02,2022-08-26,2022-08-26T14:30:00+00:00,high_sweep_window_expired,2022-08-26T14:10:00+00:00,stress,1015.2003245600062
SPY,HYP-FCR-02,2022-08-31,2022-08-31T16:00:00+00:00,low_sweep_window_expired,2022-08-31T15:40:00+00:00,stress,1012.1374885600062
SPY,HYP-FCR-02,2022-09-16,2022-09-16T15:10:00+00:00,high_sweep_window_expired,2022-09-16T14:50:00+00:00,stress,1000.9983198800066
SPY,HYP-FCR-02,2022-09-16,2022-09-16T15:35:00+00:00,high_sweep_window_expired,2022-09-16T15:15:00+00:00,stress,1000.9983198800066
SPY,HYP-FCR-02,2022-09-16,2022-09-16T16:45:00+00:00,low_sweep_window_expired,2022-09-16T16:25:00+00:00,stress,1000.9983198800066
SPY,HYP-FCR-02,2022-09-21,2022-09-21T14:50:00+00:00,high_sweep_window_expired,2022-09-21T14:30:00+00:00,stress,995.7625879200068
SPY,HYP-FCR-02,2022-09-21,2022-09-21T15:25:00+00:00,low_sweep_window_expired,2022-09-21T15:05:00+00:00,stress,995.7625879200068
SPY,HYP-FCR-02,2022-09-21,2022-09-21T18:20:00+00:00,high_sweep_window_expired,2022-09-21T18:00:00+00:00,stress,995.7625879200068
SPY,HYP-FCR-02,2022-09-22,2022-09-22T14:20:00+00:00,low_sweep_window_expired,2022-09-22T14:00:00+00:00,stress,1002.585473920007
SPY,HYP-FCR-02,2022-10-28,2022-10-28T14:20:00+00:00,high_sweep_window_expired,2022-10-28T14:00:00+00:00,stress,1017.9975015600089
SPY,HYP-FCR-02,2022-10-31,2022-10-31T14:30:00+00:00,low_sweep_window_expired,2022-10-31T14:10:00+00:00,stress,1017.9975015600089
SPY,HYP-FCR-02,2022-11-02,2022-11-02T15:00:00+00:00,low_sweep_window_expired,2022-11-02T14:40:00+00:00,stress,1019.2282655600088
SPY,HYP-FCR-02,2022-11-02,2022-11-02T15:45:00+00:00,low_sweep_window_expired,2022-11-02T15:25:00+00:00,stress,1019.2282655600088
SPY,HYP-FCR-02,2022-11-08,2022-11-08T19:20:00+00:00,high_sweep_window_expired,2022-11-08T19:00:00+00:00,stress,1023.1718597600088
SPY,HYP-FCR-02,2022-11-15,2022-11-15T16:35:00+00:00,low_sweep_window_expired,2022-11-15T16:15:00+00:00,stress,1022.4195237600096
SPY,HYP-FCR-02,2022-11-16,2022-11-16T16:30:00+00:00,low_sweep_window_expired,2022-11-16T16:10:00+00:00,stress,1022.4195237600096
SPY,HYP-FCR-02,2022-11-16,2022-11-16T17:40:00+00:00,low_sweep_window_expired,2022-11-16T17:20:00+00:00,stress,1022.4195237600096
SPY,HYP-FCR-02,2022-11-17,2022-11-17T15:20:00+00:00,low_sweep_window_expired,2022-11-17T15:00:00+00:00,stress,1022.4195237600096
SPY,HYP-FCR-02,2022-11-29,2022-11-29T16:15:00+00:00,high_sweep_window_expired,2022-11-29T15:55:00+00:00,stress,1012.8415496800102
SPY,HYP-FCR-02,2022-12-01,2022-12-01T15:20:00+00:00,high_sweep_window_expired,2022-12-01T15:00:00+00:00,stress,1009.0693456800104
SPY,HYP-FCR-02,2022-12-12,2022-12-12T15:25:00+00:00,high_sweep_window_expired,2022-12-12T15:05:00+00:00,stress,1002.3402696800108
SPY,HYP-FCR-02,2022-12-14,2022-12-14T19:20:00+00:00,high_sweep_window_expired,2022-12-14T19:00:00+00:00,stress,1002.3402696800108
SPY,HYP-FCR-02,2023-01-04,2023-01-04T15:20:00+00:00,high_sweep_window_expired,2023-01-04T15:00:00+00:00,stress,990.1235536800111
SPY,HYP-FCR-02,2023-01-05,2023-01-05T15:25:00+00:00,high_sweep_window_expired,2023-01-05T15:05:00+00:00,stress,995.6861676800113
SPY,HYP-FCR-02,2023-01-05,2023-01-05T16:45:00+00:00,low_sweep_window_expired,2023-01-05T16:25:00+00:00,stress,995.6861676800113
SPY,HYP-FCR-02,2023-01-18,2023-01-18T15:35:00+00:00,high_sweep_window_expired,2023-01-18T15:15:00+00:00,stress,995.8939076800117
SPY,HYP-FCR-02,2023-01-25,2023-01-25T15:20:00+00:00,low_sweep_window_expired,2023-01-25T15:00:00+00:00,stress,996.301208120012
SPY,HYP-FCR-02,2023-01-26,2023-01-26T16:45:00+00:00,low_sweep_window_expired,2023-01-26T16:25:00+00:00,stress,999.244636160012
SPY,HYP-FCR-02,2023-01-31,2023-01-31T15:30:00+00:00,low_sweep_window_expired,2023-01-31T15:10:00+00:00,stress,998.4183841600121
SPY,HYP-FCR-02,2023-02-01,2023-02-01T15:25:00+00:00,low_sweep_window_expired,2023-02-01T15:05:00+00:00,stress,998.4183841600121
SPY,HYP-FCR-02,2023-02-07,2023-02-07T15:50:00+00:00,low_sweep_window_expired,2023-02-07T15:30:00+00:00,stress,1000.2238241600122
SPY,HYP-FCR-02,2023-02-10,2023-02-10T15:20:00+00:00,low_sweep_window_expired,2023-02-10T15:00:00+00:00,stress,1000.9099521600123
SPY,HYP-FCR-02,2023-02-10,2023-02-10T16:55:00+00:00,high_sweep_window_expired,2023-02-10T16:35:00+00:00,stress,1000.9099521600123
SPY,HYP-FCR-02,2023-02-10,2023-02-10T17:35:00+00:00,low_sweep_window_expired,2023-02-10T17:15:00+00:00,stress,1000.9099521600123
SPY,HYP-FCR-02,2023-03-13,2023-03-13T14:30:00+00:00,high_sweep_window_expired,2023-03-13T14:10:00+00:00,stress,1005.0742001600137
SPY,HYP-FCR-02,2023-03-14,2023-03-14T17:10:00+00:00,high_sweep_window_expired,2023-03-14T16:50:00+00:00,stress,1005.0742001600137
SPY,HYP-FCR-02,2023-03-15,2023-03-15T14:20:00+00:00,low_sweep_window_expired,2023-03-15T14:00:00+00:00,stress,1005.0742001600137
SPY,HYP-FCR-02,2023-03-17,2023-03-17T14:25:00+00:00,high_sweep_window_expired,2023-03-17T14:05:00+00:00,stress,998.7955241600139
SPY,HYP-FCR-02,2023-03-21,2023-03-21T14:20:00+00:00,high_sweep_window_expired,2023-03-21T14:00:00+00:00,stress,996.001988160014
SPY,HYP-FCR-02,2023-03-27,2023-03-27T18:50:00+00:00,low_sweep_window_expired,2023-03-27T18:30:00+00:00,stress,994.7963521600143
SPY,HYP-FCR-02,2023-03-29,2023-03-29T14:25:00+00:00,high_sweep_window_expired,2023-03-29T14:05:00+00:00,stress,996.0399681600143
SPY,HYP-FCR-02,2023-03-30,2023-03-30T14:20:00+00:00,high_sweep_window_expired,2023-03-30T14:00:00+00:00,stress,996.4721617600143
SPY,HYP-FCR-02,2023-03-31,2023-03-31T14:20:00+00:00,high_sweep_window_expired,2023-03-31T14:00:00+00:00,stress,995.1094417600144
SPY,HYP-FCR-02,2023-04-05,2023-04-05T14:20:00+00:00,high_sweep_window_expired,2023-04-05T14:00:00+00:00,stress,997.1534217600143
SPY,HYP-FCR-02,2023-04-06,2023-04-06T14:55:00+00:00,high_sweep_window_expired,2023-04-06T14:35:00+00:00,stress,997.1534217600143
SPY,HYP-FCR-02,2023-04-12,2023-04-12T16:15:00+00:00,low_sweep_window_expired,2023-04-12T15:55:00+00:00,stress,993.8000417600146
SPY,HYP-FCR-02,2023-04-24,2023-04-24T14:50:00+00:00,high_sweep_window_expired,2023-04-24T14:30:00+00:00,stress,992.8033792400147
SPY,HYP-FCR-02,2023-05-16,2023-05-16T14:35:00+00:00,low_sweep_window_expired,2023-05-16T14:15:00+00:00,stress,978.4510412400158
SPY,HYP-FCR-02,2023-05-17,2023-05-17T15:35:00+00:00,high_sweep_window_expired,2023-05-17T15:15:00+00:00,stress,978.4510412400158
SPY,HYP-FCR-02,2023-05-22,2023-05-22T14:30:00+00:00,low_sweep_window_expired,2023-05-22T14:10:00+00:00,stress,980.095909360016
SPY,HYP-FCR-02,2023-05-23,2023-05-23T14:20:00+00:00,high_sweep_window_expired,2023-05-23T14:00:00+00:00,stress,978.2809333600161
SPY,HYP-FCR-02,2023-06-02,2023-06-02T14:20:00+00:00,low_sweep_window_expired,2023-06-02T14:00:00+00:00,stress,973.0172633600164
SPY,HYP-FCR-02,2023-06-12,2023-06-12T14:30:00+00:00,low_sweep_window_expired,2023-06-12T14:10:00+00:00,stress,974.1530393600165
SPY,HYP-FCR-02,2023-06-12,2023-06-12T15:00:00+00:00,low_sweep_window_expired,2023-06-12T14:40:00+00:00,stress,974.1530393600165
SPY,HYP-FCR-02,2023-06-13,2023-06-13T14:35:00+00:00,low_sweep_window_expired,2023-06-13T14:15:00+00:00,stress,974.1530393600165
SPY,HYP-FCR-02,2023-06-26,2023-06-26T14:35:00+00:00,high_sweep_window_expired,2023-06-26T14:15:00+00:00,stress,965.606318880017
SPY,HYP-FCR-02,2023-06-29,2023-06-29T14:40:00+00:00,high_sweep_window_expired,2023-06-29T14:20:00+00:00,stress,964.362506400017
SPY,HYP-FCR-02,2023-07-03,2023-07-03T14:50:00+00:00,high_sweep_window_expired,2023-07-03T14:30:00+00:00,stress,960.383793400017
SPY,HYP-FCR-02,2023-07-07,2023-07-07T14:20:00+00:00,high_sweep_window_expired,2023-07-07T14:00:00+00:00,stress,961.2751928400173
SPY,HYP-FCR-02,2023-07-13,2023-07-13T15:25:00+00:00,high_sweep_window_expired,2023-07-13T15:05:00+00:00,stress,965.3911104400174
SPY,HYP-FCR-02,2023-07-14,2023-07-14T14:20:00+00:00,low_sweep_window_expired,2023-07-14T14:00:00+00:00,stress,965.3911104400174
SPY,HYP-FCR-02,2023-08-01,2023-08-01T14:25:00+00:00,high_sweep_window_expired,2023-08-01T14:05:00+00:00,stress,960.674668560018
SPY,HYP-FCR-02,2023-08-01,2023-08-01T15:00:00+00:00,low_sweep_window_expired,2023-08-01T14:40:00+00:00,stress,960.674668560018
SPY,HYP-FCR-02,2023-08-03,2023-08-03T14:25:00+00:00,high_sweep_window_expired,2023-08-03T14:05:00+00:00,stress,959.4696925600181
SPY,HYP-FCR-02,2023-08-24,2023-08-24T14:20:00+00:00,high_sweep_window_expired,2023-08-24T14:00:00+00:00,stress,962.6014128000191
SPY,HYP-FCR-02,2023-08-25,2023-08-25T14:35:00+00:00,high_sweep_window_expired,2023-08-25T14:15:00+00:00,stress,962.6014128000191
SPY,HYP-FCR-02,2023-08-25,2023-08-25T18:20:00+00:00,low_sweep_window_expired,2023-08-25T18:00:00+00:00,stress,962.6014128000191
SPY,HYP-FCR-02,2023-10-02,2023-10-02T14:45:00+00:00,high_sweep_window_expired,2023-10-02T14:25:00+00:00,stress,948.6130798400202
SPY,HYP-FCR-02,2023-10-02,2023-10-02T15:15:00+00:00,low_sweep_window_expired,2023-10-02T14:55:00+00:00,stress,948.6130798400202
SPY,HYP-FCR-02,2023-10-18,2023-10-18T14:20:00+00:00,low_sweep_window_expired,2023-10-18T14:00:00+00:00,stress,955.4747851200204
SPY,HYP-FCR-02,2023-10-18,2023-10-18T14:45:00+00:00,high_sweep_window_expired,2023-10-18T14:25:00+00:00,stress,955.4747851200204
SPY,HYP-FCR-02,2023-10-27,2023-10-27T14:20:00+00:00,low_sweep_window_expired,2023-10-27T14:00:00+00:00,stress,950.4167515200207
SPY,HYP-FCR-02,2023-11-06,2023-11-06T15:35:00+00:00,low_sweep_window_expired,2023-11-06T15:15:00+00:00,stress,946.5787355200212
SPY,HYP-FCR-02,2023-11-17,2023-11-17T16:25:00+00:00,low_sweep_window_expired,2023-11-17T16:05:00+00:00,stress,945.0407435200217
SPY,HYP-FCR-02,2023-11-20,2023-11-20T15:30:00+00:00,high_sweep_window_expired,2023-11-20T15:10:00+00:00,stress,943.5804355200218
SPY,HYP-FCR-02,2023-11-21,2023-11-21T17:10:00+00:00,low_sweep_window_expired,2023-11-21T16:50:00+00:00,stress,943.5804355200218
SPY,HYP-FCR-02,2023-11-27,2023-11-27T17:25:00+00:00,high_sweep_window_expired,2023-11-27T17:05:00+00:00,stress,941.669031280022
SPY,HYP-FCR-02,2023-11-27,2023-11-27T19:20:00+00:00,high_sweep_window_expired,2023-11-27T19:00:00+00:00,stress,941.669031280022
SPY,HYP-FCR-02,2023-12-01,2023-12-01T16:20:00+00:00,low_sweep_window_expired,2023-12-01T16:00:00+00:00,stress,938.8483692800222
SPY,HYP-FCR-02,2023-12-04,2023-12-04T17:10:00+00:00,low_sweep_window_expired,2023-12-04T16:50:00+00:00,stress,938.8483692800222
SPY,HYP-FCR-02,2023-12-21,2023-12-21T15:45:00+00:00,low_sweep_window_expired,2023-12-21T15:25:00+00:00,stress,932.0600753000226
SPY,HYP-FCR-02,2023-12-21,2023-12-21T15:45:00+00:00,high_sweep_window_expired,2023-12-21T15:25:00+00:00,stress,932.0600753000226
SPY,HYP-FCR-02,2023-12-21,2023-12-21T16:40:00+00:00,low_sweep_window_expired,2023-12-21T16:20:00+00:00,stress,932.0600753000226
SPY,HYP-FCR-02,2023-12-22,2023-12-22T16:25:00+00:00,low_sweep_window_expired,2023-12-22T16:05:00+00:00,stress,932.5911593000227
SPY,HYP-FCR-02,2024-01-03,2024-01-03T15:25:00+00:00,high_sweep_window_expired,2024-01-03T15:05:00+00:00,stress,930.1615554000231
SPY,HYP-FCR-02,2024-01-03,2024-01-03T17:55:00+00:00,low_sweep_window_expired,2024-01-03T17:35:00+00:00,stress,930.1615554000231
SPY,HYP-FCR-02,2024-01-03,2024-01-03T18:35:00+00:00,high_sweep_window_expired,2024-01-03T18:15:00+00:00,stress,930.1615554000231
SPY,HYP-FCR-02,2024-01-03,2024-01-03T19:40:00+00:00,low_sweep_window_expired,2024-01-03T19:20:00+00:00,stress,930.1615554000231
SPY,HYP-FCR-02,2024-01-04,2024-01-04T18:00:00+00:00,high_sweep_window_expired,2024-01-04T17:40:00+00:00,stress,930.9538594000231
SPY,HYP-FCR-02,2024-01-04,2024-01-04T19:20:00+00:00,high_sweep_window_expired,2024-01-04T19:00:00+00:00,stress,930.9538594000231
SPY,HYP-FCR-02,2024-01-10,2024-01-10T15:25:00+00:00,low_sweep_window_expired,2024-01-10T15:05:00+00:00,stress,928.8342044000232
SPY,HYP-FCR-02,2024-01-22,2024-01-22T15:20:00+00:00,high_sweep_window_expired,2024-01-22T15:00:00+00:00,stress,926.1548904000234
SPY,HYP-FCR-02,2024-03-04,2024-03-04T16:30:00+00:00,high_sweep_window_expired,2024-03-04T16:10:00+00:00,stress,913.5577132800244
SPY,HYP-FCR-02,2024-03-05,2024-03-05T15:25:00+00:00,high_sweep_window_expired,2024-03-05T15:05:00+00:00,stress,913.5577132800244
SPY,HYP-FCR-02,2024-03-28,2024-03-28T14:20:00+00:00,high_sweep_window_expired,2024-03-28T14:00:00+00:00,stress,916.742203340025
SPY,HYP-FCR-02,2024-03-28,2024-03-28T15:50:00+00:00,high_sweep_window_expired,2024-03-28T15:30:00+00:00,stress,916.742203340025
SPY,HYP-FCR-02,2024-04-04,2024-04-04T14:45:00+00:00,low_sweep_window_expired,2024-04-04T14:25:00+00:00,stress,917.6151113400249
SPY,HYP-FCR-02,2024-04-05,2024-04-05T14:30:00+00:00,high_sweep_window_expired,2024-04-05T14:10:00+00:00,stress,918.1382348600249
SPY,HYP-FCR-02,2024-04-10,2024-04-10T15:20:00+00:00,high_sweep_window_expired,2024-04-10T15:00:00+00:00,stress,918.293686260025
SPY,HYP-FCR-02,2024-04-22,2024-04-22T14:25:00+00:00,high_sweep_window_expired,2024-04-22T14:05:00+00:00,stress,917.2650912600252
SPY,HYP-FCR-02,2024-04-24,2024-04-24T18:00:00+00:00,low_sweep_window_expired,2024-04-24T17:40:00+00:00,stress,918.7533857400251
SPY,HYP-FCR-02,2024-04-29,2024-04-29T15:55:00+00:00,low_sweep_window_expired,2024-04-29T15:35:00+00:00,stress,921.4130697400251
SPY,HYP-FCR-02,2024-04-30,2024-04-30T14:25:00+00:00,high_sweep_window_expired,2024-04-30T14:05:00+00:00,stress,920.7293857400251
SPY,HYP-FCR-02,2024-05-01,2024-05-01T14:45:00+00:00,low_sweep_window_expired,2024-05-01T14:25:00+00:00,stress,919.7959277400251
SPY,HYP-FCR-02,2024-05-01,2024-05-01T15:40:00+00:00,low_sweep_window_expired,2024-05-01T15:20:00+00:00,stress,919.7959277400251
SPY,HYP-FCR-02,2024-05-06,2024-05-06T15:30:00+00:00,high_sweep_window_expired,2024-05-06T15:10:00+00:00,stress,915.5457707400253
SPY,HYP-FCR-02,2024-05-16,2024-05-16T14:25:00+00:00,low_sweep_window_expired,2024-05-16T14:05:00+00:00,stress,912.4898666600255
SPY,HYP-FCR-02,2024-05-16,2024-05-16T17:40:00+00:00,high_sweep_window_expired,2024-05-16T17:20:00+00:00,stress,912.4898666600255
SPY,HYP-FCR-02,2024-05-22,2024-05-22T14:35:00+00:00,high_sweep_window_expired,2024-05-22T14:15:00+00:00,stress,911.6144227000258
SPY,HYP-FCR-02,2024-05-22,2024-05-22T15:40:00+00:00,high_sweep_window_expired,2024-05-22T15:20:00+00:00,stress,911.6144227000258
SPY,HYP-FCR-02,2024-05-28,2024-05-28T14:20:00+00:00,low_sweep_window_expired,2024-05-28T14:00:00+00:00,stress,909.4702027000258
SPY,HYP-FCR-02,2024-06-03,2024-06-03T14:20:00+00:00,high_sweep_window_expired,2024-06-03T14:00:00+00:00,stress,911.7106644400259
SPY,HYP-FCR-02,2024-06-04,2024-06-04T14:30:00+00:00,low_sweep_window_expired,2024-06-04T14:10:00+00:00,stress,911.7106644400259
SPY,HYP-FCR-02,2024-06-11,2024-06-11T16:05:00+00:00,high_sweep_window_expired,2024-06-11T15:45:00+00:00,stress,912.433838440026
SPY,HYP-FCR-02,2024-06-12,2024-06-12T16:30:00+00:00,high_sweep_window_expired,2024-06-12T16:10:00+00:00,stress,912.433838440026
SPY,HYP-FCR-02,2024-06-27,2024-06-27T14:35:00+00:00,high_sweep_window_expired,2024-06-27T14:15:00+00:00,stress,908.2813320800268
SPY,HYP-FCR-02,2024-07-02,2024-07-02T14:25:00+00:00,high_sweep_window_expired,2024-07-02T14:05:00+00:00,stress,908.820961280027
SPY,HYP-FCR-02,2024-07-02,2024-07-02T16:20:00+00:00,high_sweep_window_expired,2024-07-02T16:00:00+00:00,stress,908.820961280027
SPY,HYP-FCR-02,2024-07-09,2024-07-09T14:20:00+00:00,high_sweep_window_expired,2024-07-09T14:00:00+00:00,stress,906.910303280027
SPY,HYP-FCR-02,2024-07-10,2024-07-10T14:50:00+00:00,high_sweep_window_expired,2024-07-10T14:30:00+00:00,stress,906.1878112800271
SPY,HYP-FCR-02,2024-07-10,2024-07-10T15:20:00+00:00,low_sweep_window_expired,2024-07-10T15:00:00+00:00,stress,906.1878112800271
SPY,HYP-FCR-02,2024-07-11,2024-07-11T14:25:00+00:00,high_sweep_window_expired,2024-07-11T14:05:00+00:00,stress,906.1878112800271
SPY,HYP-FCR-02,2024-07-18,2024-07-18T14:45:00+00:00,high_sweep_window_expired,2024-07-18T14:25:00+00:00,stress,906.8580152800271
SPY,HYP-FCR-02,2024-08-05,2024-08-05T14:40:00+00:00,high_sweep_window_expired,2024-08-05T14:20:00+00:00,stress,905.3017752800272
SPY,HYP-FCR-02,2024-08-21,2024-08-21T14:35:00+00:00,low_sweep_window_expired,2024-08-21T14:15:00+00:00,stress,899.7207888000275
SPY,HYP-FCR-02,2024-08-21,2024-08-21T15:10:00+00:00,high_sweep_window_expired,2024-08-21T14:50:00+00:00,stress,899.7207888000275
SPY,HYP-FCR-02,2024-08-28,2024-08-28T14:25:00+00:00,low_sweep_window_expired,2024-08-28T14:05:00+00:00,stress,896.0776158000276
SPY,HYP-FCR-02,2024-08-30,2024-08-30T14:30:00+00:00,high_sweep_window_expired,2024-08-30T14:10:00+00:00,stress,897.4189688000275
SPY,HYP-FCR-02,2024-08-30,2024-08-30T15:00:00+00:00,high_sweep_window_expired,2024-08-30T14:40:00+00:00,stress,897.4189688000275
SPY,HYP-FCR-02,2024-08-30,2024-08-30T19:05:00+00:00,low_sweep_window_expired,2024-08-30T18:45:00+00:00,stress,897.4189688000275
SPY,HYP-FCR-02,2024-09-04,2024-09-04T14:20:00+00:00,low_sweep_window_expired,2024-09-04T14:00:00+00:00,stress,898.8988898000275
SPY,HYP-FCR-02,2024-09-17,2024-09-17T15:45:00+00:00,high_sweep_window_expired,2024-09-17T15:25:00+00:00,stress,901.8249566000279
SPY,HYP-FCR-02,2024-09-20,2024-09-20T16:25:00+00:00,low_sweep_window_expired,2024-09-20T16:05:00+00:00,stress,899.551436600028
SPY,HYP-FCR-02,2024-09-20,2024-09-20T17:10:00+00:00,high_sweep_window_expired,2024-09-20T16:50:00+00:00,stress,899.551436600028
SPY,HYP-FCR-02,2024-09-24,2024-09-24T15:15:00+00:00,low_sweep_window_expired,2024-09-24T14:55:00+00:00,stress,898.8715176000279
SPY,HYP-FCR-02,2024-09-24,2024-09-24T18:25:00+00:00,high_sweep_window_expired,2024-09-24T18:05:00+00:00,stress,898.8715176000279
SPY,HYP-FCR-02,2024-09-27,2024-09-27T14:20:00+00:00,low_sweep_window_expired,2024-09-27T14:00:00+00:00,stress,899.7035976600278
SPY,HYP-FCR-02,2024-10-07,2024-10-07T14:40:00+00:00,high_sweep_window_expired,2024-10-07T14:20:00+00:00,stress,895.5340837200279
SPY,HYP-FCR-02,2024-10-07,2024-10-07T16:00:00+00:00,high_sweep_window_expired,2024-10-07T15:40:00+00:00,stress,895.5340837200279
SPY,HYP-FCR-02,2024-10-10,2024-10-10T14:35:00+00:00,high_sweep_window_expired,2024-10-10T14:15:00+00:00,stress,894.017335720028
SPY,HYP-FCR-02,2024-10-17,2024-10-17T15:30:00+00:00,low_sweep_window_expired,2024-10-17T15:10:00+00:00,stress,890.625392480028
SPY,HYP-FCR-02,2024-10-18,2024-10-18T16:00:00+00:00,high_sweep_window_expired,2024-10-18T15:40:00+00:00,stress,890.625392480028
SPY,HYP-FCR-02,2024-10-25,2024-10-25T15:30:00+00:00,high_sweep_window_expired,2024-10-25T15:10:00+00:00,stress,890.9355514800282
SPY,HYP-FCR-02,2024-10-28,2024-10-28T14:20:00+00:00,low_sweep_window_expired,2024-10-28T14:00:00+00:00,stress,890.9355514800282
SPY,HYP-FCR-02,2024-10-28,2024-10-28T15:20:00+00:00,low_sweep_window_expired,2024-10-28T15:00:00+00:00,stress,890.9355514800282
SPY,HYP-FCR-02,2024-11-01,2024-11-01T17:05:00+00:00,high_sweep_window_expired,2024-11-01T16:45:00+00:00,stress,890.8208614800284
SPY,HYP-FCR-02,2024-11-11,2024-11-11T15:50:00+00:00,low_sweep_window_expired,2024-11-11T15:30:00+00:00,stress,892.8941434800283
SPY,HYP-FCR-02,2024-11-13,2024-11-13T16:00:00+00:00,low_sweep_window_expired,2024-11-13T15:40:00+00:00,stress,892.8941434800283
SPY,HYP-FCR-02,2024-12-06,2024-12-06T15:30:00+00:00,high_sweep_window_expired,2024-12-06T15:10:00+00:00,stress,883.0172433200286
SPY,HYP-FCR-02,2024-12-06,2024-12-06T17:25:00+00:00,low_sweep_window_expired,2024-12-06T17:05:00+00:00,stress,883.0172433200286
SPY,HYP-FCR-02,2024-12-17,2024-12-17T16:15:00+00:00,low_sweep_window_expired,2024-12-17T15:55:00+00:00,stress,880.2425943400289
SPY,HYP-FCR-02,2024-12-18,2024-12-18T19:20:00+00:00,high_sweep_window_expired,2024-12-18T19:00:00+00:00,stress,879.2657173400289
SPY,HYP-FCR-02,2022-01-14,2022-01-14T15:40:00+00:00,high_sweep_window_expired,2022-01-14T15:20:00+00:00,severe,995.3694140000005
SPY,HYP-FCR-02,2022-01-14,2022-01-14T16:35:00+00:00,low_sweep_window_expired,2022-01-14T16:15:00+00:00,severe,995.3694140000005
SPY,HYP-FCR-02,2022-02-02,2022-02-02T15:55:00+00:00,low_sweep_window_expired,2022-02-02T15:35:00+00:00,severe,1023.9579872000012
SPY,HYP-FCR-02,2022-02-09,2022-02-09T17:10:00+00:00,high_sweep_window_expired,2022-02-09T16:50:00+00:00,severe,1024.001073700002
SPY,HYP-FCR-02,2022-02-10,2022-02-10T16:35:00+00:00,high_sweep_window_expired,2022-02-10T16:15:00+00:00,severe,1024.001073700002
SPY,HYP-FCR-02,2022-02-14,2022-02-14T16:50:00+00:00,low_sweep_window_expired,2022-02-14T16:30:00+00:00,severe,1031.2505427000021
SPY,HYP-FCR-02,2022-02-15,2022-02-15T16:30:00+00:00,high_sweep_window_expired,2022-02-15T16:10:00+00:00,severe,1034.7838687000024
SPY,HYP-FCR-02,2022-02-15,2022-02-15T16:55:00+00:00,high_sweep_window_expired,2022-02-15T16:35:00+00:00,severe,1034.7838687000024
SPY,HYP-FCR-02,2022-02-16,2022-02-16T15:35:00+00:00,low_sweep_window_expired,2022-02-16T15:15:00+00:00,severe,1032.0100007000024
SPY,HYP-FCR-02,2022-02-18,2022-02-18T15:35:00+00:00,high_sweep_window_expired,2022-02-18T15:15:00+00:00,severe,1035.6681327000024
SPY,HYP-FCR-02,2022-02-28,2022-02-28T15:20:00+00:00,high_sweep_window_expired,2022-02-28T15:00:00+00:00,severe,1045.1404577000028
SPY,HYP-FCR-02,2022-02-28,2022-02-28T15:35:00+00:00,low_sweep_window_expired,2022-02-28T15:15:00+00:00,severe,1045.1404577000028
SPY,HYP-FCR-02,2022-03-25,2022-03-25T15:25:00+00:00,high_sweep_window_expired,2022-03-25T15:05:00+00:00,severe,1047.5366477000046
SPY,HYP-FCR-02,2022-03-30,2022-03-30T14:35:00+00:00,high_sweep_window_expired,2022-03-30T14:15:00+00:00,severe,1048.3275317200046
SPY,HYP-FCR-02,2022-03-30,2022-03-30T14:50:00+00:00,low_sweep_window_expired,2022-03-30T14:30:00+00:00,severe,1048.3275317200046
SPY,HYP-FCR-02,2022-04-01,2022-04-01T15:10:00+00:00,low_sweep_window_expired,2022-04-01T14:50:00+00:00,severe,1046.1988977200047
SPY,HYP-FCR-02,2022-04-05,2022-04-05T14:25:00+00:00,high_sweep_window_expired,2022-04-05T14:05:00+00:00,severe,1043.1964677200046
SPY,HYP-FCR-02,2022-04-07,2022-04-07T14:20:00+00:00,high_sweep_window_expired,2022-04-07T14:00:00+00:00,severe,1040.5418077200047
SPY,HYP-FCR-02,2022-05-16,2022-05-16T14:50:00+00:00,high_sweep_window_expired,2022-05-16T14:30:00+00:00,severe,1034.6183950200057
SPY,HYP-FCR-02,2022-05-19,2022-05-19T14:40:00+00:00,high_sweep_window_expired,2022-05-19T14:20:00+00:00,severe,1028.6111069600058
SPY,HYP-FCR-02,2022-06-03,2022-06-03T14:20:00+00:00,high_sweep_window_expired,2022-06-03T14:00:00+00:00,severe,1022.1162153600065
SPY,HYP-FCR-02,2022-06-15,2022-06-15T14:30:00+00:00,high_sweep_window_expired,2022-06-15T14:10:00+00:00,severe,1034.272613360007
SPY,HYP-FCR-02,2022-06-15,2022-06-15T15:55:00+00:00,low_sweep_window_expired,2022-06-15T15:35:00+00:00,severe,1034.272613360007
SPY,HYP-FCR-02,2022-06-21,2022-06-21T16:10:00+00:00,high_sweep_window_expired,2022-06-21T15:50:00+00:00,severe,1026.9280983600072
SPY,HYP-FCR-02,2022-07-06,2022-07-06T14:35:00+00:00,low_sweep_window_expired,2022-07-06T14:15:00+00:00,severe,1027.356551880008
SPY,HYP-FCR-02,2022-07-11,2022-07-11T14:40:00+00:00,low_sweep_window_expired,2022-07-11T14:20:00+00:00,severe,1031.7125518800083
SPY,HYP-FCR-02,2022-07-14,2022-07-14T15:05:00+00:00,low_sweep_window_expired,2022-07-14T14:45:00+00:00,severe,1029.1514338800084
SPY,HYP-FCR-02,2022-07-29,2022-07-29T15:25:00+00:00,high_sweep_window_expired,2022-07-29T15:05:00+00:00,severe,1021.1293808800094
SPY,HYP-FCR-02,2022-08-02,2022-08-02T14:30:00+00:00,low_sweep_window_expired,2022-08-02T14:10:00+00:00,severe,1017.7152688800096
SPY,HYP-FCR-02,2022-08-08,2022-08-08T14:20:00+00:00,high_sweep_window_expired,2022-08-08T14:00:00+00:00,severe,1005.9032557800101
SPY,HYP-FCR-02,2022-08-09,2022-08-09T14:40:00+00:00,low_sweep_window_expired,2022-08-09T14:20:00+00:00,severe,1005.9032557800101
SPY,HYP-FCR-02,2022-08-11,2022-08-11T15:20:00+00:00,high_sweep_window_expired,2022-08-11T15:00:00+00:00,severe,1004.7066159000104
SPY,HYP-FCR-02,2022-08-12,2022-08-12T14:25:00+00:00,low_sweep_window_expired,2022-08-12T14:05:00+00:00,severe,1002.7597899000106
SPY,HYP-FCR-02,2022-08-12,2022-08-12T14:40:00+00:00,high_sweep_window_expired,2022-08-12T14:20:00+00:00,severe,1002.7597899000106
SPY,HYP-FCR-02,2022-08-16,2022-08-16T14:20:00+00:00,low_sweep_window_expired,2022-08-16T14:00:00+00:00,severe,1002.7597899000106
SPY,HYP-FCR-02,2022-08-16,2022-08-16T15:25:00+00:00,low_sweep_window_expired,2022-08-16T15:05:00+00:00,severe,1002.7597899000106
SPY,HYP-FCR-02,2022-08-23,2022-08-23T14:55:00+00:00,high_sweep_window_expired,2022-08-23T14:35:00+00:00,severe,997.8246548400107
SPY,HYP-FCR-02,2022-08-26,2022-08-26T14:30:00+00:00,high_sweep_window_expired,2022-08-26T14:10:00+00:00,severe,993.1896868400108
SPY,HYP-FCR-02,2022-08-31,2022-08-31T16:00:00+00:00,low_sweep_window_expired,2022-08-31T15:40:00+00:00,severe,989.925432840011
SPY,HYP-FCR-02,2022-09-16,2022-09-16T15:10:00+00:00,high_sweep_window_expired,2022-09-16T14:50:00+00:00,severe,977.5949798200118
SPY,HYP-FCR-02,2022-09-16,2022-09-16T15:35:00+00:00,high_sweep_window_expired,2022-09-16T15:15:00+00:00,severe,977.5949798200118
SPY,HYP-FCR-02,2022-09-16,2022-09-16T16:45:00+00:00,low_sweep_window_expired,2022-09-16T16:25:00+00:00,severe,977.5949798200118
SPY,HYP-FCR-02,2022-09-21,2022-09-21T14:50:00+00:00,high_sweep_window_expired,2022-09-21T14:30:00+00:00,severe,971.971281880012
SPY,HYP-FCR-02,2022-09-21,2022-09-21T15:25:00+00:00,low_sweep_window_expired,2022-09-21T15:05:00+00:00,severe,971.971281880012
SPY,HYP-FCR-02,2022-09-21,2022-09-21T18:20:00+00:00,high_sweep_window_expired,2022-09-21T18:00:00+00:00,severe,971.971281880012
SPY,HYP-FCR-02,2022-09-22,2022-09-22T14:20:00+00:00,low_sweep_window_expired,2022-09-22T14:00:00+00:00,severe,978.6006108800121
SPY,HYP-FCR-02,2022-10-28,2022-10-28T14:20:00+00:00,high_sweep_window_expired,2022-10-28T14:00:00+00:00,severe,993.3839123400145
SPY,HYP-FCR-02,2022-10-31,2022-10-31T14:30:00+00:00,low_sweep_window_expired,2022-10-31T14:10:00+00:00,severe,993.3839123400145
SPY,HYP-FCR-02,2022-11-02,2022-11-02T15:00:00+00:00,low_sweep_window_expired,2022-11-02T14:40:00+00:00,severe,994.4200583400145
SPY,HYP-FCR-02,2022-11-02,2022-11-02T15:45:00+00:00,low_sweep_window_expired,2022-11-02T15:25:00+00:00,severe,994.4200583400145
SPY,HYP-FCR-02,2022-11-08,2022-11-08T19:20:00+00:00,high_sweep_window_expired,2022-11-08T19:00:00+00:00,severe,997.6009496400147
SPY,HYP-FCR-02,2022-11-15,2022-11-15T16:35:00+00:00,low_sweep_window_expired,2022-11-15T16:15:00+00:00,severe,995.8724456400157
SPY,HYP-FCR-02,2022-11-16,2022-11-16T16:30:00+00:00,low_sweep_window_expired,2022-11-16T16:10:00+00:00,severe,995.8724456400157
SPY,HYP-FCR-02,2022-11-16,2022-11-16T17:40:00+00:00,low_sweep_window_expired,2022-11-16T17:20:00+00:00,severe,995.8724456400157
SPY,HYP-FCR-02,2022-11-17,2022-11-17T15:20:00+00:00,low_sweep_window_expired,2022-11-17T15:00:00+00:00,severe,995.8724456400157
SPY,HYP-FCR-02,2022-11-29,2022-11-29T16:15:00+00:00,high_sweep_window_expired,2022-11-29T15:55:00+00:00,severe,985.3002845200164
SPY,HYP-FCR-02,2022-12-01,2022-12-01T15:20:00+00:00,high_sweep_window_expired,2022-12-01T15:00:00+00:00,severe,981.1319785200167
SPY,HYP-FCR-02,2022-12-12,2022-12-12T15:25:00+00:00,high_sweep_window_expired,2022-12-12T15:05:00+00:00,severe,973.808364520017
SPY,HYP-FCR-02,2022-12-14,2022-12-14T19:20:00+00:00,high_sweep_window_expired,2022-12-14T19:00:00+00:00,severe,973.808364520017
SPY,HYP-FCR-02,2023-01-04,2023-01-04T15:20:00+00:00,high_sweep_window_expired,2023-01-04T15:00:00+00:00,severe,960.4332905200175
SPY,HYP-FCR-02,2023-01-05,2023-01-05T15:25:00+00:00,high_sweep_window_expired,2023-01-05T15:05:00+00:00,severe,965.8022115200176
SPY,HYP-FCR-02,2023-01-05,2023-01-05T16:45:00+00:00,low_sweep_window_expired,2023-01-05T16:25:00+00:00,severe,965.8022115200176
SPY,HYP-FCR-02,2023-01-18,2023-01-18T15:35:00+00:00,high_sweep_window_expired,2023-01-18T15:15:00+00:00,severe,965.0238215200181
SPY,HYP-FCR-02,2023-01-25,2023-01-25T15:20:00+00:00,low_sweep_window_expired,2023-01-25T15:00:00+00:00,severe,965.0358721800185
SPY,HYP-FCR-02,2023-01-26,2023-01-26T16:45:00+00:00,low_sweep_window_expired,2023-01-26T16:25:00+00:00,severe,967.7809142400184
SPY,HYP-FCR-02,2023-01-31,2023-01-31T15:30:00+00:00,low_sweep_window_expired,2023-01-31T15:10:00+00:00,severe,966.5515362400187
SPY,HYP-FCR-02,2023-02-01,2023-02-01T15:25:00+00:00,low_sweep_window_expired,2023-02-01T15:05:00+00:00,severe,966.5515362400187
SPY,HYP-FCR-02,2023-02-07,2023-02-07T15:50:00+00:00,low_sweep_window_expired,2023-02-07T15:30:00+00:00,severe,967.5396962400189
SPY,HYP-FCR-02,2023-02-10,2023-02-10T15:20:00+00:00,low_sweep_window_expired,2023-02-10T15:00:00+00:00,severe,967.918888240019
SPY,HYP-FCR-02,2023-02-10,2023-02-10T16:55:00+00:00,high_sweep_window_expired,2023-02-10T16:35:00+00:00,severe,967.918888240019
SPY,HYP-FCR-02,2023-02-10,2023-02-10T17:35:00+00:00,low_sweep_window_expired,2023-02-10T17:15:00+00:00,severe,967.918888240019
SPY,HYP-FCR-02,2023-03-13,2023-03-13T14:30:00+00:00,high_sweep_window_expired,2023-03-13T14:10:00+00:00,severe,969.1752602400207
SPY,HYP-FCR-02,2023-03-14,2023-03-14T17:10:00+00:00,high_sweep_window_expired,2023-03-14T16:50:00+00:00,severe,969.1752602400207
SPY,HYP-FCR-02,2023-03-15,2023-03-15T14:20:00+00:00,low_sweep_window_expired,2023-03-15T14:00:00+00:00,severe,969.1752602400207
SPY,HYP-FCR-02,2023-03-17,2023-03-17T14:25:00+00:00,high_sweep_window_expired,2023-03-17T14:05:00+00:00,severe,962.507246240021
SPY,HYP-FCR-02,2023-03-21,2023-03-21T14:20:00+00:00,high_sweep_window_expired,2023-03-21T14:00:00+00:00,severe,959.5169422400211
SPY,HYP-FCR-02,2023-03-27,2023-03-27T18:50:00+00:00,low_sweep_window_expired,2023-03-27T18:30:00+00:00,severe,957.5184882400215
SPY,HYP-FCR-02,2023-03-29,2023-03-29T14:25:00+00:00,high_sweep_window_expired,2023-03-29T14:05:00+00:00,severe,958.5639122400215
SPY,HYP-FCR-02,2023-03-30,2023-03-30T14:20:00+00:00,high_sweep_window_expired,2023-03-30T14:00:00+00:00,severe,958.7962026400215
SPY,HYP-FCR-02,2023-03-31,2023-03-31T14:20:00+00:00,high_sweep_window_expired,2023-03-31T14:00:00+00:00,severe,957.2321226400218
SPY,HYP-FCR-02,2023-04-05,2023-04-05T14:20:00+00:00,high_sweep_window_expired,2023-04-05T14:00:00+00:00,severe,958.8680926400218
SPY,HYP-FCR-02,2023-04-06,2023-04-06T14:55:00+00:00,high_sweep_window_expired,2023-04-06T14:35:00+00:00,severe,958.8680926400218
SPY,HYP-FCR-02,2023-04-12,2023-04-12T16:15:00+00:00,low_sweep_window_expired,2023-04-12T15:55:00+00:00,severe,955.1080226400221
SPY,HYP-FCR-02,2023-04-24,2023-04-24T14:50:00+00:00,high_sweep_window_expired,2023-04-24T14:30:00+00:00,severe,953.4967288600224
SPY,HYP-FCR-02,2023-05-16,2023-05-16T14:35:00+00:00,low_sweep_window_expired,2023-05-16T14:15:00+00:00,severe,936.6932218600241
SPY,HYP-FCR-02,2023-05-17,2023-05-17T15:35:00+00:00,high_sweep_window_expired,2023-05-17T15:15:00+00:00,severe,936.6932218600241
SPY,HYP-FCR-02,2023-05-22,2023-05-22T14:30:00+00:00,low_sweep_window_expired,2023-05-22T14:10:00+00:00,severe,938.1302240400244
SPY,HYP-FCR-02,2023-05-23,2023-05-23T14:20:00+00:00,high_sweep_window_expired,2023-05-23T14:00:00+00:00,severe,936.1077600400245
SPY,HYP-FCR-02,2023-06-02,2023-06-02T14:20:00+00:00,low_sweep_window_expired,2023-06-02T14:00:00+00:00,severe,930.2272550400247
SPY,HYP-FCR-02,2023-06-12,2023-06-12T14:30:00+00:00,low_sweep_window_expired,2023-06-12T14:10:00+00:00,severe,931.1509190400249
SPY,HYP-FCR-02,2023-06-12,2023-06-12T15:00:00+00:00,low_sweep_window_expired,2023-06-12T14:40:00+00:00,severe,931.1509190400249
SPY,HYP-FCR-02,2023-06-13,2023-06-13T14:35:00+00:00,low_sweep_window_expired,2023-06-13T14:15:00+00:00,severe,931.1509190400249
SPY,HYP-FCR-02,2023-06-26,2023-06-26T14:35:00+00:00,high_sweep_window_expired,2023-06-26T14:15:00+00:00,severe,921.1020383200257
SPY,HYP-FCR-02,2023-06-29,2023-06-29T14:40:00+00:00,high_sweep_window_expired,2023-06-29T14:20:00+00:00,severe,919.2175196000259
SPY,HYP-FCR-02,2023-07-03,2023-07-03T14:50:00+00:00,high_sweep_window_expired,2023-07-03T14:30:00+00:00,severe,914.806950100026
SPY,HYP-FCR-02,2023-07-07,2023-07-07T14:20:00+00:00,high_sweep_window_expired,2023-07-07T14:00:00+00:00,severe,915.2654492600263
SPY,HYP-FCR-02,2023-07-13,2023-07-13T15:25:00+00:00,high_sweep_window_expired,2023-07-13T15:05:00+00:00,severe,918.5153256600265
SPY,HYP-FCR-02,2023-07-14,2023-07-14T14:20:00+00:00,low_sweep_window_expired,2023-07-14T14:00:00+00:00,severe,918.5153256600265
SPY,HYP-FCR-02,2023-08-01,2023-08-01T14:25:00+00:00,high_sweep_window_expired,2023-08-01T14:05:00+00:00,severe,912.7893438400272
SPY,HYP-FCR-02,2023-08-01,2023-08-01T15:00:00+00:00,low_sweep_window_expired,2023-08-01T14:40:00+00:00,severe,912.7893438400272
SPY,HYP-FCR-02,2023-08-03,2023-08-03T14:25:00+00:00,high_sweep_window_expired,2023-08-03T14:05:00+00:00,severe,912.0756118400272
SPY,HYP-FCR-02,2023-08-24,2023-08-24T14:20:00+00:00,high_sweep_window_expired,2023-08-24T14:00:00+00:00,severe,913.2437922000286
SPY,HYP-FCR-02,2023-08-25,2023-08-25T14:35:00+00:00,high_sweep_window_expired,2023-08-25T14:15:00+00:00,severe,913.2437922000286
SPY,HYP-FCR-02,2023-08-25,2023-08-25T18:20:00+00:00,low_sweep_window_expired,2023-08-25T18:00:00+00:00,severe,913.2437922000286
SPY,HYP-FCR-02,2023-10-02,2023-10-02T14:45:00+00:00,high_sweep_window_expired,2023-10-02T14:25:00+00:00,severe,895.56369276003
SPY,HYP-FCR-02,2023-10-02,2023-10-02T15:15:00+00:00,low_sweep_window_expired,2023-10-02T14:55:00+00:00,severe,895.56369276003
SPY,HYP-FCR-02,2023-10-18,2023-10-18T14:20:00+00:00,low_sweep_window_expired,2023-10-18T14:00:00+00:00,severe,900.9454506800305
SPY,HYP-FCR-02,2023-10-18,2023-10-18T14:45:00+00:00,high_sweep_window_expired,2023-10-18T14:25:00+00:00,severe,900.9454506800305
SPY,HYP-FCR-02,2023-10-27,2023-10-27T14:20:00+00:00,low_sweep_window_expired,2023-10-27T14:00:00+00:00,severe,895.0524002800308
SPY,HYP-FCR-02,2023-11-06,2023-11-06T15:35:00+00:00,low_sweep_window_expired,2023-11-06T15:15:00+00:00,severe,890.1753762800315
SPY,HYP-FCR-02,2023-11-17,2023-11-17T16:25:00+00:00,low_sweep_window_expired,2023-11-17T16:05:00+00:00,severe,888.5581452800319
SPY,HYP-FCR-02,2023-11-20,2023-11-20T15:30:00+00:00,high_sweep_window_expired,2023-11-20T15:10:00+00:00,severe,887.717914280032
SPY,HYP-FCR-02,2023-11-21,2023-11-21T17:10:00+00:00,low_sweep_window_expired,2023-11-21T16:50:00+00:00,severe,887.717914280032
SPY,HYP-FCR-02,2023-11-27,2023-11-27T17:25:00+00:00,high_sweep_window_expired,2023-11-27T17:05:00+00:00,severe,886.4296611000323
SPY,HYP-FCR-02,2023-11-27,2023-11-27T19:20:00+00:00,high_sweep_window_expired,2023-11-27T19:00:00+00:00,severe,886.4296611000323
SPY,HYP-FCR-02,2023-12-01,2023-12-01T16:20:00+00:00,low_sweep_window_expired,2023-12-01T16:00:00+00:00,severe,884.6866646000325
SPY,HYP-FCR-02,2023-12-04,2023-12-04T17:10:00+00:00,low_sweep_window_expired,2023-12-04T16:50:00+00:00,severe,884.6866646000325
SPY,HYP-FCR-02,2023-12-21,2023-12-21T15:45:00+00:00,low_sweep_window_expired,2023-12-21T15:25:00+00:00,severe,879.656803130033
SPY,HYP-FCR-02,2023-12-21,2023-12-21T15:45:00+00:00,high_sweep_window_expired,2023-12-21T15:25:00+00:00,severe,879.656803130033
SPY,HYP-FCR-02,2023-12-21,2023-12-21T16:40:00+00:00,low_sweep_window_expired,2023-12-21T16:20:00+00:00,severe,879.656803130033
SPY,HYP-FCR-02,2023-12-22,2023-12-22T16:25:00+00:00,low_sweep_window_expired,2023-12-22T16:05:00+00:00,severe,880.0734291300331
SPY,HYP-FCR-02,2024-01-03,2024-01-03T15:25:00+00:00,high_sweep_window_expired,2024-01-03T15:05:00+00:00,severe,877.0687732800336
SPY,HYP-FCR-02,2024-01-03,2024-01-03T17:55:00+00:00,low_sweep_window_expired,2024-01-03T17:35:00+00:00,severe,877.0687732800336
SPY,HYP-FCR-02,2024-01-03,2024-01-03T18:35:00+00:00,high_sweep_window_expired,2024-01-03T18:15:00+00:00,severe,877.0687732800336
SPY,HYP-FCR-02,2024-01-03,2024-01-03T19:40:00+00:00,low_sweep_window_expired,2024-01-03T19:20:00+00:00,severe,877.0687732800336
SPY,HYP-FCR-02,2024-01-04,2024-01-04T18:00:00+00:00,high_sweep_window_expired,2024-01-04T17:40:00+00:00,severe,877.7472292800336
SPY,HYP-FCR-02,2024-01-04,2024-01-04T19:20:00+00:00,high_sweep_window_expired,2024-01-04T19:00:00+00:00,severe,877.7472292800336
SPY,HYP-FCR-02,2024-01-10,2024-01-10T15:25:00+00:00,low_sweep_window_expired,2024-01-10T15:05:00+00:00,severe,875.4002467800337
SPY,HYP-FCR-02,2024-01-22,2024-01-22T15:20:00+00:00,high_sweep_window_expired,2024-01-22T15:00:00+00:00,severe,872.1462757800342
SPY,HYP-FCR-02,2024-03-04,2024-03-04T16:30:00+00:00,high_sweep_window_expired,2024-03-04T16:10:00+00:00,severe,856.8141101000352
SPY,HYP-FCR-02,2024-03-05,2024-03-05T15:25:00+00:00,high_sweep_window_expired,2024-03-05T15:05:00+00:00,severe,856.8141101000352
SPY,HYP-FCR-02,2024-03-28,2024-03-28T14:20:00+00:00,high_sweep_window_expired,2024-03-28T14:00:00+00:00,severe,858.3956951900361
SPY,HYP-FCR-02,2024-03-28,2024-03-28T15:50:00+00:00,high_sweep_window_expired,2024-03-28T15:30:00+00:00,severe,858.3956951900361
SPY,HYP-FCR-02,2024-04-04,2024-04-04T14:45:00+00:00,low_sweep_window_expired,2024-04-04T14:25:00+00:00,severe,859.145057190036
SPY,HYP-FCR-02,2024-04-05,2024-04-05T14:30:00+00:00,high_sweep_window_expired,2024-04-05T14:10:00+00:00,severe,859.5435424700361
SPY,HYP-FCR-02,2024-04-10,2024-04-10T15:20:00+00:00,high_sweep_window_expired,2024-04-10T15:00:00+00:00,severe,859.5752195700361
SPY,HYP-FCR-02,2024-04-22,2024-04-22T14:25:00+00:00,high_sweep_window_expired,2024-04-22T14:05:00+00:00,severe,858.0598270700362
SPY,HYP-FCR-02,2024-04-24,2024-04-24T18:00:00+00:00,low_sweep_window_expired,2024-04-24T17:40:00+00:00,severe,859.4284687900363
SPY,HYP-FCR-02,2024-04-29,2024-04-29T15:55:00+00:00,low_sweep_window_expired,2024-04-29T15:35:00+00:00,severe,861.9679947900363
SPY,HYP-FCR-02,2024-04-30,2024-04-30T14:25:00+00:00,high_sweep_window_expired,2024-04-30T14:05:00+00:00,severe,861.1624687900363
SPY,HYP-FCR-02,2024-05-01,2024-05-01T14:45:00+00:00,low_sweep_window_expired,2024-05-01T14:25:00+00:00,severe,860.1072817900364
SPY,HYP-FCR-02,2024-05-01,2024-05-01T15:40:00+00:00,low_sweep_window_expired,2024-05-01T15:20:00+00:00,severe,860.1072817900364
SPY,HYP-FCR-02,2024-05-06,2024-05-06T15:30:00+00:00,high_sweep_window_expired,2024-05-06T15:10:00+00:00,severe,855.4945462900366
SPY,HYP-FCR-02,2024-05-16,2024-05-16T14:25:00+00:00,low_sweep_window_expired,2024-05-16T14:05:00+00:00,severe,851.8204901700369
SPY,HYP-FCR-02,2024-05-16,2024-05-16T17:40:00+00:00,high_sweep_window_expired,2024-05-16T17:20:00+00:00,severe,851.8204901700369
SPY,HYP-FCR-02,2024-05-22,2024-05-22T14:35:00+00:00,high_sweep_window_expired,2024-05-22T14:15:00+00:00,severe,850.5672242300371
SPY,HYP-FCR-02,2024-05-22,2024-05-22T15:40:00+00:00,high_sweep_window_expired,2024-05-22T15:20:00+00:00,severe,850.5672242300371
SPY,HYP-FCR-02,2024-05-28,2024-05-28T14:20:00+00:00,low_sweep_window_expired,2024-05-28T14:00:00+00:00,severe,848.1708942300373
SPY,HYP-FCR-02,2024-06-03,2024-06-03T14:20:00+00:00,high_sweep_window_expired,2024-06-03T14:00:00+00:00,severe,850.0359368400375
SPY,HYP-FCR-02,2024-06-04,2024-06-04T14:30:00+00:00,low_sweep_window_expired,2024-06-04T14:10:00+00:00,severe,850.0359368400375
SPY,HYP-FCR-02,2024-06-11,2024-06-11T16:05:00+00:00,high_sweep_window_expired,2024-06-11T15:45:00+00:00,severe,850.3806978400376
SPY,HYP-FCR-02,2024-06-12,2024-06-12T16:30:00+00:00,high_sweep_window_expired,2024-06-12T16:10:00+00:00,severe,850.3806978400376
SPY,HYP-FCR-02,2024-06-27,2024-06-27T14:35:00+00:00,high_sweep_window_expired,2024-06-27T14:15:00+00:00,severe,845.0681383000386
SPY,HYP-FCR-02,2024-07-02,2024-07-02T14:25:00+00:00,high_sweep_window_expired,2024-07-02T14:05:00+00:00,severe,845.2205821000389
SPY,HYP-FCR-02,2024-07-02,2024-07-02T16:20:00+00:00,high_sweep_window_expired,2024-07-02T16:00:00+00:00,severe,845.2205821000389
SPY,HYP-FCR-02,2024-07-09,2024-07-09T14:20:00+00:00,high_sweep_window_expired,2024-07-09T14:00:00+00:00,severe,843.0495951000389
SPY,HYP-FCR-02,2024-07-10,2024-07-10T14:50:00+00:00,high_sweep_window_expired,2024-07-10T14:30:00+00:00,severe,842.1958571000389
SPY,HYP-FCR-02,2024-07-10,2024-07-10T15:20:00+00:00,low_sweep_window_expired,2024-07-10T15:00:00+00:00,severe,842.1958571000389
SPY,HYP-FCR-02,2024-07-11,2024-07-11T14:25:00+00:00,high_sweep_window_expired,2024-07-11T14:05:00+00:00,severe,842.1958571000389
SPY,HYP-FCR-02,2024-07-18,2024-07-18T14:45:00+00:00,high_sweep_window_expired,2024-07-18T14:25:00+00:00,severe,842.601163100039
SPY,HYP-FCR-02,2024-08-05,2024-08-05T14:40:00+00:00,high_sweep_window_expired,2024-08-05T14:20:00+00:00,severe,840.3968031000393
SPY,HYP-FCR-02,2024-08-21,2024-08-21T14:35:00+00:00,low_sweep_window_expired,2024-08-21T14:15:00+00:00,severe,833.7921233800399
SPY,HYP-FCR-02,2024-08-21,2024-08-21T15:10:00+00:00,high_sweep_window_expired,2024-08-21T14:50:00+00:00,severe,833.7921233800399
SPY,HYP-FCR-02,2024-08-28,2024-08-28T14:25:00+00:00,low_sweep_window_expired,2024-08-28T14:05:00+00:00,severe,829.88486388004
SPY,HYP-FCR-02,2024-08-30,2024-08-30T14:30:00+00:00,high_sweep_window_expired,2024-08-30T14:10:00+00:00,severe,831.09439338004
SPY,HYP-FCR-02,2024-08-30,2024-08-30T15:00:00+00:00,high_sweep_window_expired,2024-08-30T14:40:00+00:00,severe,831.09439338004
SPY,HYP-FCR-02,2024-08-30,2024-08-30T19:05:00+00:00,low_sweep_window_expired,2024-08-30T18:45:00+00:00,severe,831.09439338004
SPY,HYP-FCR-02,2024-09-04,2024-09-04T14:20:00+00:00,low_sweep_window_expired,2024-09-04T14:00:00+00:00,severe,832.44177488004
SPY,HYP-FCR-02,2024-09-17,2024-09-17T15:45:00+00:00,high_sweep_window_expired,2024-09-17T15:25:00+00:00,severe,834.3239750800403
SPY,HYP-FCR-02,2024-09-20,2024-09-20T16:25:00+00:00,low_sweep_window_expired,2024-09-20T16:05:00+00:00,severe,831.7836950800403
SPY,HYP-FCR-02,2024-09-20,2024-09-20T17:10:00+00:00,high_sweep_window_expired,2024-09-20T16:50:00+00:00,severe,831.7836950800403
SPY,HYP-FCR-02,2024-09-24,2024-09-24T15:15:00+00:00,low_sweep_window_expired,2024-09-24T14:55:00+00:00,severe,830.8363165800403
SPY,HYP-FCR-02,2024-09-24,2024-09-24T18:25:00+00:00,high_sweep_window_expired,2024-09-24T18:05:00+00:00,severe,830.8363165800403
SPY,HYP-FCR-02,2024-09-27,2024-09-27T14:20:00+00:00,low_sweep_window_expired,2024-09-27T14:00:00+00:00,severe,831.5342866700402
SPY,HYP-FCR-02,2024-10-07,2024-10-07T14:40:00+00:00,high_sweep_window_expired,2024-10-07T14:20:00+00:00,severe,826.6948657600404
SPY,HYP-FCR-02,2024-10-07,2024-10-07T16:00:00+00:00,high_sweep_window_expired,2024-10-07T15:40:00+00:00,severe,826.6948657600404
SPY,HYP-FCR-02,2024-10-10,2024-10-10T14:35:00+00:00,high_sweep_window_expired,2024-10-10T14:15:00+00:00,severe,824.9097437600406
SPY,HYP-FCR-02,2024-10-17,2024-10-17T15:30:00+00:00,low_sweep_window_expired,2024-10-17T15:10:00+00:00,severe,821.1099289000407
SPY,HYP-FCR-02,2024-10-18,2024-10-18T16:00:00+00:00,high_sweep_window_expired,2024-10-18T15:40:00+00:00,severe,821.1099289000407
SPY,HYP-FCR-02,2024-10-25,2024-10-25T15:30:00+00:00,high_sweep_window_expired,2024-10-25T15:10:00+00:00,severe,821.1476674000407
SPY,HYP-FCR-02,2024-10-28,2024-10-28T14:20:00+00:00,low_sweep_window_expired,2024-10-28T14:00:00+00:00,severe,821.1476674000407
SPY,HYP-FCR-02,2024-10-28,2024-10-28T15:20:00+00:00,low_sweep_window_expired,2024-10-28T15:00:00+00:00,severe,821.1476674000407
SPY,HYP-FCR-02,2024-11-01,2024-11-01T17:05:00+00:00,high_sweep_window_expired,2024-11-01T16:45:00+00:00,severe,820.7606324000409
SPY,HYP-FCR-02,2024-11-11,2024-11-11T15:50:00+00:00,low_sweep_window_expired,2024-11-11T15:30:00+00:00,severe,822.5655554000409
SPY,HYP-FCR-02,2024-11-13,2024-11-13T16:00:00+00:00,low_sweep_window_expired,2024-11-13T15:40:00+00:00,severe,822.5655554000409
SPY,HYP-FCR-02,2024-12-06,2024-12-06T15:30:00+00:00,high_sweep_window_expired,2024-12-06T15:10:00+00:00,severe,811.291705160041
SPY,HYP-FCR-02,2024-12-06,2024-12-06T17:25:00+00:00,low_sweep_window_expired,2024-12-06T17:05:00+00:00,severe,811.291705160041
SPY,HYP-FCR-02,2024-12-17,2024-12-17T16:15:00+00:00,low_sweep_window_expired,2024-12-17T15:55:00+00:00,severe,807.9521816900414
SPY,HYP-FCR-02,2024-12-18,2024-12-18T19:20:00+00:00,high_sweep_window_expired,2024-12-18T19:00:00+00:00,severe,806.8343661900415
