symbol,session_date,direction,opening_high,opening_low,last_sweep_time,signal_time,signal_close,fvg_size,stop,target,intended_quantity,actual_quantity,entry_time,entry_price,exit_time,exit_price,exit_reason,gross_pnl,commission,slippage_cost,net_pnl,intended_R,realized_R,intended_risk,realized_risk,risk_percent_intended,risk_percent_realized,quantity_rejection_reason,hypothesis_id,scenario,equity_before,equity_after,fvg_size_ticks,atr_14,fvg_size_normalized_by_atr,bars_since_last_sweep,confirmation_offset_bars,sweep_depth_ticks,stop_distance,minutes_between_last_touch_and_confirmation,year,entry_hour
QQQ,2022-01-05,short,395.37,392.36,2022-01-05T15:00:00+00:00,2022-01-05T15:15:00+00:00,394.04,0.009999999999990905,394.86,392.40000000000003,2,2,2022-01-05T15:20:00+00:00,394.03000000000003,2022-01-05T15:25:00+00:00,394.87,STOP_LOSS,-1.67999999999995,0.15778000000000003,0.03999999999996362,-1.83777999999995,-1.024390243902417,-1.1205975609755885,5.0,1.6399999999999864,0.005,0.0016399999999999863,,HYP-FCR-03,baseline,1000.0,998.16222,0.9999999999990905,1.275169999999997,0.007842091642675823,3,3,51.99999999999818,0.8199999999999932,15.0,2022,10
SPY,2022-01-05,short,477.66,476.13,2022-01-05T15:30:00+00:00,2022-01-05T15:35:00+00:00,477.16,0.08999999999997499,477.75,475.9800000000001,2,2,2022-01-05T15:40:00+00:00,477.15000000000003,2022-01-05T17:49:00+00:00,475.99000000000007,TAKE_PROFIT,2.3199999999999363,0.19062800000000002,0.03999999999996362,2.129371999999936,1.9661016949152836,1.8045525423729036,5.0,1.17999999999995,0.005,0.00117999999999995,,HYP-FCR-03,baseline,1000.0,1002.129372,8.999999999997499,0.6519857142857249,0.13803983435215816,1,1,6.999999999999318,0.589999999999975,5.0,2022,10
QQQ,2022-01-06,long,386.26,381.94,2022-01-06T15:20:00+00:00,2022-01-06T15:30:00+00:00,385.31,0.4000000000000341,382.18,391.57,1,1,2022-01-06T15:35:00+00:00,385.31,2022-01-06T20:59:00+00:00,384.02,FORCED_SESSION_CLOSE,-1.2900000000000205,0.076933,0.009999999999990905,-1.3669330000000204,-0.41214057507987933,-0.4367198083067164,4.9908111,3.1299999999999955,0.005,0.0031357628422362003,,HYP-FCR-03,baseline,998.16222,996.795287,40.00000000000341,1.801538461538467,0.22203245089668777,2,2,14.999999999997726,3.1299999999999955,10.0,2022,10
SPY,2022-01-06,long,470.395,466.81,2022-01-06T15:20:00+00:00,2022-01-06T15:30:00+00:00,468.785,0.11459999999999582,466.44,473.4750000000001,2,2,2022-01-06T15:35:00+00:00,468.8,2022-01-06T20:59:00+00:00,467.92,FORCED_SESSION_CLOSE,-1.759999999999991,0.187344,0.049999999999954525,-1.9473439999999909,-0.37526652452024956,-0.41521194029850067,5.0106468600000005,4.690000000000055,0.005,0.004680034465649865,,HYP-FCR-03,baseline,1002.129372,1000.182028,11.459999999999582,1.2711846153846147,0.09015212944920828,2,2,44.99999999999886,2.3450000000000273,10.0,2022,10
QQQ,2022-01-07,long,385.76,381.1,2022-01-07T16:45:00+00:00,2022-01-07T16:50:00+00:00,381.96,0.3199999999999932,380.26,385.35999999999996,2,2,2022-01-07T16:55:00+00:00,381.96999999999997,2022-01-07T17:21:00+00:00,380.25,STOP_LOSS,-3.439999999999941,0.15244400000000002,0.03999999999996362,-3.592443999999941,-1.0117647058823422,-1.0566011764705778,4.983976435000001,3.3999999999999773,0.005,0.0034109310550943417,,HYP-FCR-03,baseline,996.795287,993.2028430000001,31.999999999999318,1.0049928571428464,0.31841022324252144,1,1,95.00000000000455,1.6999999999999886,5.0,2022,11
SPY,2022-01-07,long,469.2,466.73,2022-01-07T16:45:00+00:00,2022-01-07T16:50:00+00:00,468.025,0.5683999999999969,466.42,471.2349999999999,2,2,2022-01-07T16:55:00+00:00,468.03,2022-01-07T19:23:00+00:00,466.41,STOP_LOSS,-3.2399999999998954,0.18688800000000003,0.029999999999972715,-3.4268879999998956,-1.009345794392515,-1.0675663551401802,5.00091014,3.2099999999999227,0.005,0.0032094157964613246,,HYP-FCR-03,baseline,1000.182028,996.7551400000001,56.83999999999969,0.7352928571428582,0.7730253251862664,1,1,25.99999999999909,1.6049999999999613,5.0,2022,11
QQQ,2022-01-10,long,375.71,371.47,2022-01-10T16:10:00+00:00,2022-01-10T16:15:00+00:00,372.62,0.21299999999996544,370.61,376.64,2,2,2022-01-10T16:20:00+00:00,372.59,2022-01-10T17:33:00+00:00,370.6,STOP_LOSS,-3.9799999999999045,0.14863800000000002,0.08000000000004093,-4.1286379999999046,-0.9900497512437618,-1.0270243781094337,4.966014215,4.019999999999982,0.005,0.004047511571611541,,HYP-FCR-03,baseline,993.2028430000001,989.0742050000002,21.299999999996544,0.9975857142857153,0.21351548739095194,1,1,48.00000000000182,2.009999999999991,5.0,2022,11
SPY,2022-01-10,long,463.02,459.01,2022-01-10T16:15:00+00:00,2022-01-10T16:20:00+00:00,459.8,0.060000000000002274,458.44,462.52000000000004,2,2,2022-01-10T16:25:00+00:00,459.81,2022-01-10T16:43:00+00:00,458.43,STOP_LOSS,-2.759999999999991,0.183648,0.03999999999996362,-2.9436479999999907,-1.0147058823529276,-1.0822235294117504,4.983775700000001,2.7200000000000273,0.005,0.002728854751629399,,HYP-FCR-03,baseline,996.7551400000001,993.8114920000002,6.000000000000227,0.8690071428571409,0.06904431165287428,1,1,45.999999999997954,1.3600000000000136,5.0,2022,11
QQQ,2022-01-11,short,380.0598,377.2182,2022-01-11T15:30:00+00:00,2022-01-11T15:35:00+00:00,379.26,0.29000000000002046,380.39,377.0,2,2,2022-01-11T15:40:00+00:00,379.26,2022-01-11T16:03:00+00:00,380.4,STOP_LOSS,-2.2799999999999727,0.151932,0.01999999999998181,-2.4319319999999727,-1.008849557522116,-1.0760761061946824,4.945371025000001,2.259999999999991,0.005,0.00228496505982581,,HYP-FCR-03,baseline,989.0742050000002,986.6422730000003,29.000000000002046,1.4701142857142844,0.19726357523226037,1,1,136.02000000000203,1.1299999999999955,5.0,2022,10
SPY,2022-01-12,short,472.68,470.89,2022-01-12T15:25:00+00:00,2022-01-12T15:30:00+00:00,471.89,0.040000000000020464,472.9,469.87,2,2,2022-01-12T15:35:00+00:00,471.89,2022-01-12T16:06:00+00:00,469.88,TAKE_PROFIT,4.019999999999982,0.188354,0.01999999999998181,3.831645999999982,1.990099009900999,1.8968544554455526,4.969057460000001,2.019999999999982,0.005,0.0020325786291068384,,HYP-FCR-03,baseline,993.8114920000002,997.6431380000001,4.000000000002046,0.8139923076923048,0.04914051351839158,1,1,4.000000000002046,1.009999999999991,5.0,2022,10
QQQ,2022-01-12,short,389.75,387.14,2022-01-12T15:25:00+00:00,2022-01-12T15:35:00+00:00,387.18,0.6100000000000136,389.59,382.36000000000007,2,2,2022-01-12T15:40:00+00:00,387.18,2022-01-12T20:59:00+00:00,387.43,FORCED_SESSION_CLOSE,-0.5,0.154922,0.01999999999998181,-0.654922,-0.10373443983402626,-0.1358759336099603,4.933211365000002,4.819999999999936,0.005,0.0048852559148354424,,HYP-FCR-03,baseline,986.6422730000003,985.9873510000002,61.000000000001364,1.1885714285714317,0.513221153846164,2,2,23.00000000000182,2.409999999999968,10.0,2022,10
QQQ,2022-01-14,short,380.08,374.86,2022-01-14T15:15:00+00:00,2022-01-14T15:30:00+00:00,378.02,0.22999999999996135,379.99,374.0799999999999,2,2,2022-01-14T15:35:00+00:00,377.99,2022-01-14T20:33:00+00:00,380.0,STOP_LOSS,-4.019999999999982,0.151598,0.07999999999992724,-4.171597999999982,-1.0203045685279,-1.0587812182740923,4.929936755000001,3.9400000000000546,0.005,0.0039959944678844605,,HYP-FCR-03,baseline,985.9873510000002,981.8157530000002,22.999999999996135,1.5346153846153838,0.14987468671676688,3,3,12.999999999999545,1.9700000000000273,15.0,2022,10
SPY,2022-01-14,short,464.5,460.73,2022-01-14T15:20:00+00:00,2022-01-14T16:10:00+00:00,461.23,0.1500000000000341,462.62,458.45000000000005,2,2,2022-01-14T16:15:00+00:00,461.2,2022-01-14T16:44:00+00:00,462.63,STOP_LOSS,-2.8600000000000136,0.18476599999999999,0.08000000000004093,-3.0447660000000134,-1.028776978417281,-1.0952395683453393,4.9882156900000005,2.7799999999999727,0.005,0.002786567555181212,,HYP-FCR-03,baseline,997.6431380000001,994.5983720000002,15.00000000000341,1.0470500000000007,0.14325963421043314,10,10,29.000000000002046,1.3899999999999864,50.0,2022,11
QQQ,2022-01-18,short,374.78,372.31,2022-01-18T15:45:00+00:00,2022-01-18T15:55:00+00:00,373.31,0.15999999999996817,374.8,370.33,2,2,2022-01-18T16:00:00+00:00,373.31,2022-01-18T20:44:00+00:00,370.34,TAKE_PROFIT,5.940000000000055,0.14873,0.01999999999998181,5.791270000000055,1.993288590604033,1.9433791946308792,4.909078765000001,2.980000000000018,0.005,0.003035192693633647,,HYP-FCR-03,baseline,981.8157530000002,987.6070230000003,15.999999999996817,1.1217857142857253,0.14262973575291515,2,2,26.000000000004775,1.490000000000009,10.0,2022,11
SPY,2022-01-18,long,459.96,457.14,2022-01-18T16:35:00+00:00,2022-01-18T16:40:00+00:00,457.85,0.13999999999998636,456.73,460.09000000000003,2,2,2022-01-18T16:45:00+00:00,457.84999999999997,2022-01-18T17:06:00+00:00,456.72,STOP_LOSS,-2.259999999999877,0.182914,0.020000000000095497,-2.442913999999877,-1.0089285714285126,-1.0905866071427979,4.9729918600000005,2.240000000000009,0.005,0.002252165359466332,,HYP-FCR-03,baseline,994.5983720000002,992.1554580000003,13.999999999998636,0.7114285714285741,0.1967871485943576,1,1,47.999999999996135,1.1200000000000045,5.0,2022,11
QQQ,2022-01-19,short,374.609,371.75,2022-01-19T15:00:00+00:00,2022-01-19T15:25:00+00:00,372.5063,0.009999999999990905,374.32,368.87890000000004,2,2,2022-01-19T15:30:00+00:00,372.51,2022-01-19T16:14:00+00:00,368.88890000000004,TAKE_PROFIT,7.242199999999912,0.14827978,0.027399999999943248,7.093920219999911,1.996526437668848,1.955648734630859,4.938035115000002,3.627399999999966,0.005,0.00367291839316939,,HYP-FCR-03,baseline,987.6070230000003,994.7009432200001,0.9999999999990905,1.2624166666666714,0.007921314938272521,5,5,8.100000000001728,1.813699999999983,25.0,2022,10
QQQ,2022-01-20,short,372.55,369.53,2022-01-20T16:40:00+00:00,2022-01-20T16:45:00+00:00,372.02,0.19999999999998863,372.87,370.31999999999994,2,2,2022-01-20T16:50:00+00:00,371.99,2022-01-20T16:57:00+00:00,372.88,STOP_LOSS,-1.7799999999999727,0.148974,0.07999999999992724,-1.9289739999999727,-1.0470588235293676,-1.1346905882352476,4.973504716100001,1.7000000000000455,0.005,0.0017090563868341008,,HYP-FCR-03,baseline,994.7009432200001,992.7719692200002,19.999999999998863,0.6686714285714288,0.2991005618817527,1,1,22.999999999996135,0.8500000000000227,5.0,2022,11
SPY,2022-01-20,short,457.01,453.51,2022-01-20T17:50:00+00:00,2022-01-20T17:55:00+00:00,456.73,0.349899999999991,457.65,454.8900000000001,2,2,2022-01-20T18:00:00+00:00,456.71000000000004,2022-01-20T19:13:00+00:00,454.9000000000001,TAKE_PROFIT,3.619999999999891,0.18232200000000004,0.05999999999994543,3.4376779999998908,1.9673913043478544,1.8683032608695889,4.960777290000002,1.8399999999999181,0.005,0.0018545480803069045,,HYP-FCR-03,baseline,992.1554580000003,995.5931360000002,34.9899999999991,0.4653571428571297,0.7518956254796643,1,1,37.000000000000455,0.9199999999999591,5.0,2022,13
QQQ,2022-01-21,long,361.24,356.66,2022-01-21T15:30:00+00:00,2022-01-21T15:35:00+00:00,358.39,1.0300000000000296,355.48,364.2099999999999,1,1,2022-01-21T15:40:00+00:00,358.40999999999997,2022-01-21T18:24:00+00:00,355.47,STOP_LOSS,-2.939999999999941,0.07138800000000001,0.029999999999972715,-3.0113879999999407,-1.010309278350506,-1.034841237113393,4.963859846100001,2.909999999999968,0.005,0.0029311867077454787,,HYP-FCR-03,baseline,992.7719692200002,989.7605812200003,103.00000000000296,1.9367857142857068,0.5318089618292631,1,1,42.00000000000159,2.909999999999968,5.0,2022,10
SPY,2022-01-21,long,446.67,443.14,2022-01-21T15:30:00+00:00,2022-01-21T15:35:00+00:00,444.26,0.5699999999999932,441.97,448.8399999999999,2,2,2022-01-21T15:40:00+00:00,444.26,2022-01-21T18:21:00+00:00,441.96000000000004,STOP_LOSS,-4.599999999999909,0.177244,0.01999999999998181,-4.777243999999909,-1.0043668122270704,-1.0430663755458482,4.977965680000001,4.579999999999927,0.005,0.004600272776488815,,HYP-FCR-03,baseline,995.5931360000002,990.8158920000003,56.99999999999932,1.681828571428574,0.33891682522424116,1,1,77.88999999999646,2.2899999999999636,5.0,2022,10
QQQ,2022-01-24,long,347.66,342.53,2022-01-24T18:45:00+00:00,2022-01-24T18:50:00+00:00,344.98,1.079999999999984,341.98,350.98,1,1,2022-01-24T18:55:00+00:00,344.96999999999997,2022-01-24T19:37:00+00:00,341.97,STOP_LOSS,-2.999999999999943,0.068694,0.020000000000038654,-3.068693999999943,-0.999999999999981,-1.022897999999981,4.948802906100002,3.0,0.005,0.003031036047426879,,HYP-FCR-03,baseline,989.7605812200003,986.6918872200004,107.99999999999841,1.850442857142854,0.583644069759355,1,1,59.99999999999659,3.0,5.0,2022,13
SPY,2022-01-24,long,433.46,428.45,2022-01-24T18:45:00+00:00,2022-01-24T18:50:00+00:00,430.3701,0.9300000000000068,427.51,436.09029999999996,1,1,2022-01-24T18:55:00+00:00,430.40999999999997,2022-01-24T19:37:00+00:00,427.5,STOP_LOSS,-2.909999999999968,0.085791,0.04989999999997963,-2.995790999999968,-1.0174469424145938,-1.0474427467570995,4.954079460000002,2.8600999999999885,0.005,0.0028866109466883557,,HYP-FCR-03,baseline,990.8158920000003,987.8201010000004,93.00000000000068,1.795100000000003,0.5180769873544678,1,1,100.99999999999909,2.8600999999999885,5.0,2022,13
QQQ,2022-01-25,long,348.73,342.85,2022-01-25T15:10:00+00:00,2022-01-25T15:15:00+00:00,344.21,0.21999999999997044,342.68,347.2699999999999,2,2,2022-01-25T15:20:00+00:00,344.23,2022-01-25T16:36:00+00:00,342.67,STOP_LOSS,-3.1200000000000045,0.13738000000000003,0.06000000000005912,-3.2573800000000044,-1.0196078431372746,-1.0645032679738766,4.9334594361000015,3.0599999999999454,0.005,0.0031012720785831946,,HYP-FCR-03,baseline,986.6918872200004,983.4345072200003,21.999999999997044,2.0279900000000053,0.10848179724750609,1,1,50.0,1.5299999999999727,5.0,2022,10
SPY,2022-01-25,long,434.67,428.38,2022-01-25T15:10:00+00:00,2022-01-25T15:15:00+00:00,430.0,0.410000000000025,427.73,434.53999999999996,2,2,2022-01-25T15:20:00+00:00,430.02,2022-01-25T18:35:00+00:00,434.53,TAKE_PROFIT,9.019999999999982,0.17291,0.05999999999994543,8.847089999999982,1.9867841409691749,1.9486982378854742,4.939100505000002,4.539999999999964,0.005,0.00459597855460117,,HYP-FCR-03,baseline,987.8201010000004,996.6671910000003,41.0000000000025,2.0340000000000034,0.20157325467061177,1,1,77.99999999999727,2.269999999999982,5.0,2022,10
QQQ,2022-01-26,short,353.47,349.8501,2022-01-26T15:05:00+00:00,2022-01-26T15:15:00+00:00,352.18,0.5022999999999911,353.625,349.29,2,2,2022-01-26T15:20:00+00:00,352.145,2022-01-26T15:47:00+00:00,349.3,TAKE_PROFIT,5.689999999999941,0.140289,0.09000000000003183,5.549710999999941,1.9688581314878781,1.9203152249134834,4.917172536100002,2.8899999999999864,0.005,0.0029386806938161217,,HYP-FCR-03,baseline,983.4345072200003,988.9842182200002,50.22999999999911,1.4424500000000022,0.348226974938466,2,2,34.99999999999659,1.4449999999999932,10.0,2022,10
SPY,2022-01-26,short,442.35,438.79,2022-01-26T15:10:00+00:00,2022-01-26T15:15:00+00:00,441.32,0.6200000000000045,442.83,438.3,2,2,2022-01-26T15:20:00+00:00,441.31,2022-01-26T15:30:00+00:00,438.31,TAKE_PROFIT,6.0,0.175924,0.03999999999996362,5.824076,1.9867549668874291,1.9285019867549784,4.983335955000002,3.019999999999982,0.005,0.003030098740352717,,HYP-FCR-03,baseline,996.6671910000003,1002.4912670000003,62.000000000000455,1.5012800000000026,0.4129809229457553,1,1,9.99999999999659,1.509999999999991,5.0,2022,10
QQQ,2022-01-27,short,350.94,346.96,2022-01-27T15:15:00+00:00,2022-01-27T15:25:00+00:00,347.4797,0.2599999999999909,351.09,340.2591,1,1,2022-01-27T15:30:00+00:00,347.415,2022-01-27T20:15:00+00:00,340.2691,TAKE_PROFIT,7.14590000000004,0.06876841,0.07469999999995025,7.07713159000004,1.9793091986815639,1.9602613605517685,4.944921091100001,3.610299999999995,0.005,0.003650513257428827,,HYP-FCR-03,baseline,988.9842182200002,996.0613498100003,25.99999999999909,1.647499999999989,0.15781487101668748,2,2,25.99999999999909,3.610299999999995,10.0,2022,10
SPY,2022-01-27,short,441.27,436.98,2022-01-27T15:15:00+00:00,2022-01-27T15:25:00+00:00,437.46,0.3100000000000023,441.3,429.7799999999999,1,1,2022-01-27T15:30:00+00:00,437.39,2022-01-27T20:15:00+00:00,429.7899999999999,TAKE_PROFIT,7.60000000000008,0.08671799999999999,0.07999999999998408,7.513282000000079,1.979166666666671,1.9565838541666711,5.012456335000002,3.840000000000032,0.005,0.0038304573081134187,,HYP-FCR-03,baseline,1002.4912670000003,1010.0045490000005,31.000000000000227,1.6445833333333297,0.18849759310869194,2,2,16.0000000000025,3.840000000000032,10.0,2022,10
SPY,2022-01-28,long,433.15,427.88,2022-01-28T15:00:00+00:00,2022-01-28T15:10:00+00:00,430.206,0.37999999999999545,428.49,433.63800000000003,2,2,2022-01-28T15:15:00+00:00,430.23,2022-01-28T16:00:00+00:00,433.62800000000004,TAKE_PROFIT,6.796000000000049,0.17277160000000003,0.06799999999998363,6.623228400000049,1.980186480186485,1.92984510489511,5.050022745000002,3.4320000000000164,0.005,0.0033980044975025305,,HYP-FCR-03,baseline,1010.0045490000005,1016.6277774000005,37.999999999999545,1.557222222222227,0.24402425972172306,2,2,6.000000000000227,1.7160000000000082,10.0,2022,10
QQQ,2022-01-28,long,343.84,338.08,2022-01-28T15:00:00+00:00,2022-01-28T15:15:00+00:00,342.35,0.12999999999999545,338.75,349.55000000000007,1,1,2022-01-28T15:20:00+00:00,342.38,2022-01-28T20:47:00+00:00,349.5400000000001,TAKE_PROFIT,7.160000000000082,0.06919200000000002,0.03999999999996362,7.090808000000082,1.9888888888888991,1.9696688888888991,4.980306749050001,3.6000000000000227,0.005,0.003614235208189462,,HYP-FCR-03,baseline,996.0613498100003,1003.1521578100003,12.999999999999545,1.725,0.07536231884057706,3,3,12.999999999999545,3.6000000000000227,15.0,2022,10
QQQ,2022-02-01,long,364.63,360.53,2022-02-01T15:50:00+00:00,2022-02-01T15:55:00+00:00,362.275,0.5900000000000318,360.24,366.3449999999999,2,2,2022-02-01T16:00:00+00:00,362.27,2022-02-01T20:59:00+00:00,365.49,FORCED_SESSION_CLOSE,6.440000000000055,0.14555200000000001,0.029999999999972715,6.294448000000054,1.5823095823096205,1.5465474201474576,5.0157607890500016,4.069999999999936,0.005,0.004057211030563127,,HYP-FCR-03,baseline,1003.1521578100003,1009.4466058100004,59.00000000000318,1.3857642857142878,0.4257578334802576,1,1,9.309999999999263,2.034999999999968,5.0,2022,11
SPY,2022-02-01,long,451.02,448.62,2022-02-01T15:50:00+00:00,2022-02-01T15:55:00+00:00,450.01,0.6700000000000159,448.28000000000003,453.4699999999999,2,2,2022-02-01T16:00:00+00:00,450.01,2022-02-01T20:50:00+00:00,453.4599999999999,TAKE_PROFIT,6.899999999999864,0.180694,0.01999999999998181,6.719305999999864,1.9942196531791958,1.9419959537572293,5.083138887000002,3.4599999999999227,0.005,0.003403408874828095,,HYP-FCR-03,baseline,1016.6277774000005,1023.3470834000003,67.00000000000159,1.2390428571428547,0.5407399720982925,1,1,47.00000000000273,1.7299999999999613,5.0,2022,11
SPY,2022-02-02,long,456.39,453.9808,2022-02-02T16:20:00+00:00,2022-02-02T16:25:00+00:00,454.28,0.07999999999998408,453.28000000000003,456.27999999999986,2,2,2022-02-02T16:30:00+00:00,454.28999999999996,2022-02-02T16:38:00+00:00,453.27000000000004,STOP_LOSS,-2.03999999999985,0.181512,0.03999999999996362,-2.22151199999985,-1.019999999999983,-1.110755999999988,5.116735417000002,1.9999999999998863,0.005,0.001954371134136645,,HYP-FCR-03,baseline,1023.3470834000003,1021.1255714000005,7.999999999998408,0.954107142857144,0.08384802545384809,1,1,28.079999999999927,0.9999999999999432,5.0,2022,11
QQQ,2022-02-02,long,370.1,366.37,2022-02-02T17:05:00+00:00,2022-02-02T17:10:00+00:00,367.28,0.4800000000000182,365.8008,370.23839999999996,2,2,2022-02-02T17:15:00+00:00,367.305,2022-02-02T20:59:00+00:00,368.53000000000003,FORCED_SESSION_CLOSE,2.4500000000000455,0.14716700000000002,0.07000000000005002,2.3028330000000454,0.8281503515413938,0.7784048810167856,5.047233029050002,2.9583999999999833,0.005,0.002930714693548455,,HYP-FCR-03,baseline,1009.4466058100004,1011.7494388100005,48.00000000000182,1.0202857142857178,0.47045645477458914,1,1,56.00000000000023,1.4791999999999916,5.0,2022,12
QQQ,2022-02-03,short,360.86,357.89,2022-02-03T16:15:00+00:00,2022-02-03T16:25:00+00:00,359.06,0.9600000000000364,360.94,355.3,2,2,2022-02-03T16:30:00+00:00,359.06,2022-02-03T19:45:00+00:00,355.31,TAKE_PROFIT,7.5,0.142874,0.01999999999998181,7.357126,1.9946808510638345,1.9566824468085153,5.058747194050002,3.759999999999991,0.005,0.0037163351475859754,,HYP-FCR-03,baseline,1011.7494388100005,1019.1065648100005,96.00000000000364,1.0981999999999914,0.874157712620692,2,2,13.999999999998636,1.8799999999999955,10.0,2022,11
SPY,2022-02-03,short,452.34,450.0,2022-02-03T16:20:00+00:00,2022-02-03T16:25:00+00:00,451.58,0.44999999999998863,452.825,449.09,2,2,2022-02-03T16:30:00+00:00,451.57,2022-02-03T18:10:00+00:00,449.09999999999997,TAKE_PROFIT,4.940000000000055,0.180134,0.03999999999996362,4.759866000000055,1.9839357429719022,1.9115927710843523,5.105627857000003,2.490000000000009,0.005,0.0024384855983834858,,HYP-FCR-03,baseline,1021.1255714000005,1025.8854374000005,44.99999999999886,0.8445714285714335,0.5328146143436912,1,1,32.000000000005,1.2450000000000045,5.0,2022,11
QQQ,2022-02-04,short,356.19,351.97,2022-02-04T15:25:00+00:00,2022-02-04T15:30:00+00:00,355.74,0.13999999999998636,357.09999999999997,353.0200000000001,2,2,2022-02-04T15:35:00+00:00,355.73,2022-02-04T16:10:00+00:00,353.0300000000001,TAKE_PROFIT,5.399999999999864,0.14175200000000002,0.03999999999996362,5.258247999999863,1.9852941176470718,1.933179411764717,5.095532824050003,2.7199999999999136,0.005,0.002669004492682297,,HYP-FCR-03,baseline,1019.1065648100005,1024.3648128100003,13.999999999998636,1.6814384615384528,0.08326204211594615,1,1,100.99999999999909,1.3599999999999568,5.0,2022,10
SPY,2022-02-04,short,448.31,445.07,2022-02-04T15:20:00+00:00,2022-02-04T15:30:00+00:00,446.51,0.6099999999999568,448.303,442.924,2,2,2022-02-04T15:35:00+00:00,446.4559,2022-02-04T17:50:00+00:00,448.313,STOP_LOSS,-3.7142000000000053,0.17895378,0.12819999999999254,-3.8931537800000053,-1.0357501394311188,-1.0856535917456753,5.129427187000003,3.5860000000000127,0.005,0.003495517013174839,,HYP-FCR-03,baseline,1025.8854374000005,1021.9922836200004,60.99999999999568,1.3337538461538498,0.45735575703044135,2,2,20.999999999997954,1.7930000000000064,10.0,2022,10
SPY,2022-02-07,short,450.41,448.21,2022-02-07T15:35:00+00:00,2022-02-07T15:45:00+00:00,449.5112,0.2799999999999727,450.81,446.9135999999999,2,2,2022-02-07T15:50:00+00:00,449.5,2022-02-07T17:30:00+00:00,446.9235999999999,TAKE_PROFIT,5.152800000000184,0.17928471999999998,0.042399999999929605,4.973515280000184,1.9836772405297471,1.914657868802,5.109961418100002,2.5976000000000568,0.005,0.0025417021651074445,,HYP-FCR-03,baseline,1021.9922836200004,1026.9657989000007,27.99999999999727,1.0117857142857158,0.2767384398164216,2,2,41.99999999999591,1.2988000000000284,10.0,2022,10
QQQ,2022-02-07,long,361.05,357.74,2022-02-07T19:25:00+00:00,2022-02-07T19:30:00+00:00,358.18,0.5300000000000296,357.04040000000003,360.45919999999995,2,2,2022-02-07T19:35:00+00:00,358.19,2022-02-07T20:28:00+00:00,357.03040000000004,STOP_LOSS,-2.31919999999991,0.14304408000000002,0.03999999999996362,-2.46224407999991,-1.017550017550002,-1.0803106704106564,5.121824064050002,2.279199999999946,0.005,0.002224988569987803,,HYP-FCR-03,baseline,1024.3648128100003,1021.9025687300004,53.000000000002956,0.6137785714285704,0.8635035901733322,1,1,73.00000000000182,1.139599999999973,5.0,2022,14
QQQ,2022-02-08,long,355.72,353.59,2022-02-08T15:15:00+00:00,2022-02-08T15:20:00+00:00,354.44,0.34000000000003183,353.44,356.44,2,2,2022-02-08T15:25:00+00:00,354.46,2022-02-08T15:28:00+00:00,353.43,STOP_LOSS,-2.0599999999999454,0.141578,0.05999999999994543,-2.2015779999999454,-1.0299999999999727,-1.1007889999999727,5.109512843650002,2.0,0.005,0.001957133743665562,,HYP-FCR-03,baseline,1021.9025687300004,1019.7009907300005,34.00000000000318,1.1563636363636285,0.2940251572327339,1,1,4.9999999999954525,1.0,5.0,2022,10
SPY,2022-02-08,long,447.47,446.06,2022-02-08T15:10:00+00:00,2022-02-08T15:20:00+00:00,446.825,0.07999999999998408,446.26,447.955,2,2,2022-02-08T15:25:00+00:00,446.84999999999997,2022-02-08T15:27:00+00:00,446.25,STOP_LOSS,-1.1999999999999318,0.17862,0.06999999999993634,-1.3786199999999318,-1.0619469026548112,-1.2200176991149887,5.134828994500004,1.1299999999999955,0.005,0.0011003287560407138,,HYP-FCR-03,baseline,1026.9657989000007,1025.5871789000007,7.999999999998408,0.8804545454545457,0.09086215797623383,2,2,10.000000000002274,0.5649999999999977,10.0,2022,10
QQQ,2022-02-09,long,364.54,362.42,2022-02-09T15:20:00+00:00,2022-02-09T15:30:00+00:00,363.94,0.011000000000024102,362.265,367.29,2,2,2022-02-09T15:35:00+00:00,363.95,2022-02-09T20:59:00+00:00,366.76,FORCED_SESSION_CLOSE,5.6200000000000045,0.14614200000000002,0.03999999999996362,5.473858000000004,1.6776119402984975,1.6339874626865574,5.098504953650003,3.3500000000000227,0.005,0.003285276792368093,,HYP-FCR-03,baseline,1019.7009907300005,1025.1748487300006,1.1000000000024102,1.0528076923076897,0.01044825192710435,2,2,23.00000000000182,1.6750000000000114,10.0,2022,10
QQQ,2022-02-10,short,364.15,359.32,2022-02-10T16:10:00+00:00,2022-02-10T16:35:00+00:00,362.52,0.37000000000000455,363.62,360.31999999999994,2,2,2022-02-10T16:40:00+00:00,362.49,2022-02-10T16:46:00+00:00,363.63,STOP_LOSS,-2.2799999999999727,0.14522400000000002,0.07999999999992724,-2.4252239999999725,-1.0363636363636026,-1.1023745454545102,5.125874243650003,2.2000000000000455,0.005,0.002145975394075882,,HYP-FCR-03,baseline,1025.1748487300006,1022.7496247300006,37.000000000000455,1.0609071428571448,0.34875813825096136,5,5,14.00000000000432,1.1000000000000227,25.0,2022,11
SPY,2022-02-10,short,455.55,451.29,2022-02-10T16:15:00+00:00,2022-02-10T16:35:00+00:00,454.49,0.12340000000000373,455.21999999999997,453.0300000000001,2,2,2022-02-10T16:40:00+00:00,454.45,2022-02-10T16:44:00+00:00,455.22999999999996,STOP_LOSS,-1.5599999999999454,0.181936,0.10000000000002274,-1.7419359999999453,-1.0684931506849507,-1.1931068493150943,5.127935894500004,1.4599999999999227,0.005,0.001423574738488691,,HYP-FCR-03,baseline,1025.5871789000007,1023.8452429000008,12.340000000000373,0.9242071428571462,0.1335198509919735,4,4,8.999999999997499,0.7299999999999613,20.0,2022,11
SPY,2022-02-11,long,451.605,448.79,2022-02-11T15:15:00+00:00,2022-02-11T15:25:00+00:00,449.7018,0.21000000000003638,449.0,451.1054,2,2,2022-02-11T15:30:00+00:00,449.73,2022-02-11T15:52:00+00:00,448.99,STOP_LOSS,-1.4800000000000182,0.17974400000000001,0.0764000000000351,-1.659744000000018,-1.0544314619549986,-1.1824907381020504,5.119226214500004,1.403599999999983,0.005,0.001370910310648455,,HYP-FCR-03,baseline,1023.8452429000008,1022.1854989000008,21.000000000003638,1.1919833333333354,0.17617695996870986,2,2,51.000000000004775,0.7017999999999915,10.0,2022,10
SPY,2022-02-14,long,441.28,438.97,2022-02-14T16:30:00+00:00,2022-02-14T17:30:00+00:00,440.94,0.3549000000000433,439.97,442.87999999999994,2,2,2022-02-14T17:35:00+00:00,440.95009999999996,2022-02-14T18:24:00+00:00,439.96000000000004,STOP_LOSS,-1.9801999999998543,0.17618202000000002,0.040199999999913416,-2.1563820199998545,-1.0207216494844922,-1.111537123711299,5.110927494500004,1.9399999999999409,0.005,0.0018978942687874394,,HYP-FCR-03,baseline,1022.1854989000008,1020.0291168800009,35.49000000000433,0.8136214285714232,0.43619795096004976,12,12,11.000000000001364,0.9699999999999704,60.0,2022,12
QQQ,2022-02-14,short,349.55,345.81,2022-02-14T18:20:00+00:00,2022-02-14T18:25:00+00:00,348.65,0.6400000000000432,349.92,346.1099999999999,2,2,2022-02-14T18:30:00+00:00,348.64,2022-02-14T18:53:00+00:00,346.1199999999999,TAKE_PROFIT,5.040000000000191,0.138952,0.03999999999996362,4.901048000000191,1.984251968503952,1.92954645669293,5.113748123650003,2.5400000000000773,0.005,0.0024835012779111224,,HYP-FCR-03,baseline,1022.7496247300006,1027.650672730001,64.00000000000432,0.6614142857142927,0.967623490788193,1,1,39.999999999997726,1.2700000000000387,5.0,2022,13
SPY,2022-02-15,short,445.78,443.45,2022-02-15T17:00:00+00:00,2022-02-15T17:15:00+00:00,444.34,0.06499999999999773,445.42,442.1799999999999,2,2,2022-02-15T17:20:00+00:00,444.35,2022-02-15T18:29:00+00:00,445.43,STOP_LOSS,-2.159999999999968,0.177956,0.04000000000007731,-2.337955999999968,-0.9999999999999474,-1.0823870370369812,5.100145584400004,2.160000000000082,0.005,0.0021175866102792736,,HYP-FCR-03,baseline,1020.0291168800009,1017.6911608800009,6.499999999999773,0.5134142857142885,0.12660341133586955,3,3,13.00000000000523,1.080000000000041,15.0,2022,12
QQQ,2022-02-15,short,354.07,352.22,2022-02-15T17:15:00+00:00,2022-02-15T17:20:00+00:00,352.96,0.6200000000000045,354.23,350.4199999999999,2,2,2022-02-15T17:25:00+00:00,352.98,2022-02-15T18:23:00+00:00,354.24,STOP_LOSS,-2.519999999999982,0.14144400000000001,0.06000000000005912,-2.6614439999999817,-0.9921259842519311,-1.0478125984251578,5.138253363650005,2.5400000000000773,0.005,0.002471657020622048,,HYP-FCR-03,baseline,1027.650672730001,1024.9892287300008,62.000000000000455,0.5198142857142898,1.1927336686179124,1,1,1.999999999998181,1.2700000000000387,5.0,2022,12
SPY,2022-02-16,long,444.81,442.42,2022-02-16T15:15:00+00:00,2022-02-16T16:30:00+00:00,443.37,0.01999999999998181,442.93,444.25,2,2,2022-02-16T16:35:00+00:00,443.38,2022-02-16T17:30:00+00:00,442.92,STOP_LOSS,-0.9199999999999591,0.17726,0.03999999999996362,-1.097259999999959,-1.0454545454545043,-1.2468863636363234,5.088455804400005,0.8799999999999955,0.005,0.0008647024105417763,,HYP-FCR-03,baseline,1017.6911608800009,1016.5939008800009,1.999999999998181,0.5252857142857132,0.038074517269478636,15,15,17.00000000000159,0.4399999999999977,75.0,2022,11
SPY,2022-02-17,long,443.8,440.54,2022-02-17T15:55:00+00:00,2022-02-17T16:00:00+00:00,440.7,0.12999999999999545,440.28000000000003,441.5399999999999,2,2,2022-02-17T16:05:00+00:00,440.71999999999997,2022-02-17T16:13:00+00:00,441.5299999999999,TAKE_PROFIT,1.6199999999998909,0.17645,0.05999999999994543,1.4435499999998909,1.9285714285714866,1.7185119047619424,5.082969504400005,0.8399999999999181,0.005,0.0008262886480754837,,HYP-FCR-03,baseline,1016.5939008800009,1018.0374508800007,12.999999999999545,0.708907142857141,0.1833808578596775,1,1,18.000000000000682,0.4199999999999591,5.0,2022,11
SPY,2022-02-18,long,438.66,435.91,2022-02-18T19:25:00+00:00,2022-02-18T19:30:00+00:00,436.42,0.37009999999997945,434.90000000000003,439.46,2,2,2022-02-18T19:35:00+00:00,436.425,2022-02-18T19:49:00+00:00,434.89000000000004,STOP_LOSS,-3.0699999999999363,0.17426300000000003,0.029999999999972715,-3.244262999999936,-1.0098684210526228,-1.0671917763157812,5.0901872544000035,3.0399999999999636,0.005,0.0029861376881294105,,HYP-FCR-03,baseline,1018.0374508800007,1014.7931878800008,37.009999999997945,0.7501857142857163,0.4933445051701196,1,1,41.0000000000025,1.5199999999999818,5.0,2022,14
QQQ,2022-02-22,short,343.73,338.04,2022-02-22T15:30:00+00:00,2022-02-22T15:40:00+00:00,341.56,0.12009999999997945,344.0064,336.66720000000004,2,2,2022-02-22T15:45:00+00:00,341.53000000000003,2022-02-22T18:16:00+00:00,336.6772,TAKE_PROFIT,9.705600000000004,0.13564144000000003,0.07999999999992724,9.569958560000003,1.9836494440811134,1.9559267822106097,5.124946143650004,4.892799999999966,0.005,0.004773513577369319,,HYP-FCR-03,baseline,1024.9892287300008,1034.5591872900009,12.009999999997945,1.6123071428571458,0.0744895292017078,2,2,31.000000000000227,2.446399999999983,10.0,2022,10
SPY,2022-02-22,short,435.3,430.49,2022-02-22T15:30:00+00:00,2022-02-22T15:40:00+00:00,433.28,0.11009999999998854,435.45,428.93999999999994,2,2,2022-02-22T15:45:00+00:00,433.27,2022-02-22T18:02:00+00:00,428.94999999999993,TAKE_PROFIT,8.6400000000001,0.172444,0.03999999999996362,8.4675560000001,1.9907834101382573,1.951049769585262,5.073965939400004,4.340000000000032,0.005,0.004276733478145141,,HYP-FCR-03,baseline,1014.7931878800008,1023.2607438800009,11.009999999998854,1.3412928571428608,0.08208498197367334,2,2,19.999999999998863,2.170000000000016,10.0,2022,10
QQQ,2022-02-25,long,341.81,338.05,2022-02-25T15:05:00+00:00,2022-02-25T15:10:00+00:00,339.09,0.30000000000001137,337.75,341.7699999999999,3,3,2022-02-25T15:15:00+00:00,339.12,2022-02-25T15:31:00+00:00,341.75999999999993,TAKE_PROFIT,7.9199999999997885,0.204264,0.12000000000006139,7.715735999999788,1.9701492537313274,1.9193373134328189,5.1727959364500045,4.019999999999925,0.005,0.003885712919461093,,HYP-FCR-03,baseline,1034.5591872900009,1042.2749232900007,30.000000000001137,1.8916000000000015,0.1585958976527866,1,1,31.000000000000227,1.339999999999975,5.0,2022,10
SPY,2022-02-25,long,431.26,428.26,2022-02-25T15:00:00+00:00,2022-02-25T15:10:00+00:00,429.81,0.36000000000001364,428.35,432.72999999999996,2,2,2022-02-25T15:15:00+00:00,429.87,2022-02-25T15:46:00+00:00,432.71999999999997,TAKE_PROFIT,5.699999999999932,0.172518,0.13999999999998636,5.527481999999932,1.952054794520552,1.892973287671236,5.116303719400005,2.919999999999959,0.005,0.002853622615217213,,HYP-FCR-03,baseline,1023.2607438800009,1028.7882258800007,36.000000000001364,1.6538888888888816,0.21766879408801726,2,2,39.999999999997726,1.4599999999999795,10.0,2022,10
QQQ,2022-02-28,short,345.03,342.15,2022-02-28T15:00:00+00:00,2022-02-28T15:15:00+00:00,342.62,0.04199999999997317,343.7,340.46000000000004,3,3,2022-02-28T15:20:00+00:00,342.6299,2022-02-28T15:24:00+00:00,343.71,STOP_LOSS,-3.240299999999877,0.20590197,0.059700000000020736,-3.446201969999877,-1.0000925925925694,-1.0636425833333112,5.211374616450004,3.2399999999999523,0.005,0.0031085848153889245,,HYP-FCR-03,baseline,1042.2749232900007,1038.8287213200008,4.199999999997317,1.4077000000000113,0.029835902536032417,3,3,26.000000000004775,1.079999999999984,15.0,2022,10
SPY,2022-02-28,short,434.49,431.87,2022-02-28T17:30:00+00:00,2022-02-28T17:45:00+00:00,433.44,0.20999999999997954,434.34,431.64000000000004,2,2,2022-02-28T17:50:00+00:00,433.43,2022-02-28T18:02:00+00:00,434.34999999999997,STOP_LOSS,-1.8399999999999181,0.17355600000000002,0.03999999999996362,-2.013555999999918,-1.0222222222222026,-1.118642222222205,5.1439411294000035,1.7999999999999545,0.005,0.0017496312211974217,,HYP-FCR-03,baseline,1028.7882258800007,1026.7746698800008,20.999999999997954,0.8607142857142824,0.2439834024896037,3,3,48.00000000000182,0.8999999999999773,15.0,2022,12
QQQ,2022-03-01,long,347.635,345.18,2022-03-01T15:10:00+00:00,2022-03-01T15:20:00+00:00,347.54,1.0499999999999545,345.76,351.1000000000001,2,2,2022-03-01T15:25:00+00:00,347.58,2022-03-01T15:42:00+00:00,345.75,STOP_LOSS,-3.659999999999968,0.13866599999999998,0.09999999999990905,-3.7986659999999683,-1.0280898876404234,-1.0670410112359285,5.194143606600004,3.560000000000059,0.005,0.0034269364399903196,,HYP-FCR-03,baseline,1038.8287213200008,1035.0300553200009,104.99999999999545,1.480690909090914,0.7091284167096111,2,2,13.999999999998636,1.7800000000000296,10.0,2022,10
QQQ,2022-03-02,long,344.62,341.725,2022-03-02T15:25:00+00:00,2022-03-02T15:30:00+00:00,342.55,0.3299999999999841,341.06,345.53000000000003,3,3,2022-03-02T15:35:00+00:00,342.58,2022-03-02T16:08:00+00:00,345.52000000000004,TAKE_PROFIT,8.820000000000164,0.20643000000000003,0.11999999999989086,8.613570000000164,1.973154362416132,1.926973154362441,5.175150276600005,4.470000000000027,0.005,0.004318715168728153,,HYP-FCR-03,baseline,1035.0300553200009,1043.643625320001,32.99999999999841,1.6150307692307662,0.20433047238918053,1,1,148.50000000000136,1.490000000000009,5.0,2022,10
SPY,2022-03-02,long,434.77,431.9,2022-03-02T15:25:00+00:00,2022-03-02T15:30:00+00:00,433.89,0.36000000000001364,432.19,437.28999999999996,2,2,2022-03-02T15:35:00+00:00,433.89,2022-03-02T16:28:00+00:00,437.28,TAKE_PROFIT,6.779999999999973,0.174234,0.01999999999998181,6.6057659999999725,1.9941176470588289,1.9428723529411813,5.133873349400004,3.3999999999999773,0.005,0.003311339965561612,,HYP-FCR-03,baseline,1026.7746698800008,1033.3804358800007,36.000000000001364,1.4226923076923081,0.25304136253042314,1,1,22.999999999996135,1.6999999999999886,5.0,2022,10
SPY,2022-03-04,long,432.49,429.37,2022-03-04T17:05:00+00:00,2022-03-04T17:10:00+00:00,431.0746,0.2249999999999659,429.19,434.84379999999993,2,2,2022-03-04T17:15:00+00:00,431.06,2022-03-04T20:59:00+00:00,432.23,FORCED_SESSION_CLOSE,2.340000000000032,0.172658,0.04919999999992797,2.1673420000000316,0.6208213944603788,0.5750137960310032,5.166902179400004,3.7691999999999553,0.005,0.003647446641265469,,HYP-FCR-03,baseline,1033.3804358800007,1035.5477778800007,22.49999999999659,0.906328571428576,0.24825433854006798,1,1,59.00000000000318,1.8845999999999776,5.0,2022,12
QQQ,2022-03-04,long,341.31,337.35,2022-03-04T17:10:00+00:00,2022-03-04T17:15:00+00:00,338.12,1.089999999999975,336.03000000000003,342.29999999999995,2,2,2022-03-04T17:20:00+00:00,338.14,2022-03-04T19:15:00+00:00,336.02000000000004,STOP_LOSS,-4.239999999999895,0.13483200000000004,0.05999999999994543,-4.374831999999896,-1.014354066985633,-1.046610526315777,5.218218126600005,4.17999999999995,0.005,0.004005198612426998,,HYP-FCR-03,baseline,1043.643625320001,1039.2687933200011,108.9999999999975,0.9416642857142798,1.1575250506322199,1,1,97.00000000000273,2.089999999999975,5.0,2022,12
QQQ,2022-03-08,long,326.13,322.46,2022-03-08T15:50:00+00:00,2022-03-08T15:55:00+00:00,324.63,1.0300000000000296,321.49,330.90999999999997,1,1,2022-03-08T16:00:00+00:00,324.64,2022-03-08T16:26:00+00:00,321.48,STOP_LOSS,-3.159999999999968,0.064612,0.01999999999998181,-3.224611999999968,-1.0063694267515866,-1.0269464968152808,5.196343966600006,3.1399999999999864,0.005,0.003021355033637722,,HYP-FCR-03,baseline,1039.2687933200011,1036.0441813200011,103.00000000000296,1.671771428571422,0.6161129340990084,1,1,125.99999999999909,3.1399999999999864,5.0,2022,11
SPY,2022-03-08,long,421.19,417.76,2022-03-08T15:50:00+00:00,2022-03-08T15:55:00+00:00,419.32,0.5099999999999909,417.02,423.92,2,2,2022-03-08T16:00:00+00:00,419.36,2022-03-08T16:24:00+00:00,417.01,STOP_LOSS,-4.7000000000000455,0.167274,0.10000000000002274,-4.867274000000045,-1.0217391304347874,-1.0581030434782654,5.177738889400003,4.600000000000023,0.005,0.0044420934487612515,,HYP-FCR-03,baseline,1035.5477778800007,1030.6805038800007,50.99999999999909,1.5460285714285646,0.32987747408105117,1,1,118.99999999999977,2.3000000000000114,5.0,2022,11
SPY,2022-03-10,short,425.0,422.0493,2022-03-10T15:20:00+00:00,2022-03-10T15:30:00+00:00,422.3338,0.150100000000009,425.18,416.6414,1,1,2022-03-10T15:35:00+00:00,422.32,2022-03-10T19:05:00+00:00,425.19,STOP_LOSS,-2.8700000000000045,0.084751,0.02379999999999427,-2.9547510000000043,-1.0083620265617295,-1.0381389220715318,5.153402519400004,2.8462000000000103,0.005,0.00276147650924363,,HYP-FCR-03,baseline,1030.6805038800007,1027.7257528800008,15.0100000000009,1.2339538461538557,0.12164150261199783,2,2,18.999999999999773,2.8462000000000103,10.0,2022,10
QQQ,2022-03-10,long,331.51,328.92,2022-03-10T18:45:00+00:00,2022-03-10T18:50:00+00:00,329.89,0.6730000000000018,328.5,332.66999999999996,3,3,2022-03-10T18:55:00+00:00,329.90999999999997,2022-03-10T20:59:00+00:00,331.40500000000003,FORCED_SESSION_CLOSE,4.485000000000184,0.19839450000000003,0.08999999999991815,4.286605500000184,1.0755395683453786,1.027962949640342,5.180220906600006,4.169999999999959,0.005,0.004024924877901494,,HYP-FCR-03,baseline,1036.0441813200011,1040.3307868200013,67.30000000000018,0.7427000000000054,0.9061532247206099,1,1,41.0000000000025,1.3899999999999864,5.0,2022,13
QQQ,2022-03-14,short,325.32,322.02,2022-03-14T15:10:00+00:00,2022-03-14T15:15:00+00:00,324.45,0.5100000000000477,325.77,321.81,3,3,2022-03-14T15:20:00+00:00,324.46000000000004,2022-03-14T15:43:00+00:00,321.82,TAKE_PROFIT,7.92000000000013,0.19388400000000003,0.06000000000011596,7.72611600000013,2.000000000000043,1.9510393939394368,5.2016539341000065,3.9599999999999795,0.005,0.003806481601976412,,HYP-FCR-03,baseline,1040.3307868200013,1048.0569028200014,51.000000000004775,1.0260071428571353,0.49707256284770507,1,1,6.000000000000227,1.3199999999999932,5.0,2022,11
SPY,2022-03-14,short,421.97,419.11,2022-03-14T15:35:00+00:00,2022-03-14T15:40:00+00:00,420.775,0.29000000000002046,422.34,417.645,2,2,2022-03-14T15:45:00+00:00,420.78000000000003,2022-03-14T17:03:00+00:00,417.655,TAKE_PROFIT,6.250000000000114,0.167687,0.030000000000086402,6.082313000000114,1.9968051118211254,1.9432309904153746,5.1386287644000035,3.1299999999999955,0.005,0.003045559568035326,,HYP-FCR-03,baseline,1027.7257528800008,1033.8080658800009,29.000000000002046,0.7834714285714232,0.37014751198879664,1,1,35.99999999999568,1.5649999999999977,5.0,2022,11
QQQ,2022-03-16,short,335.27,332.01,2022-03-16T16:45:00+00:00,2022-03-16T16:50:00+00:00,334.79,0.4399999999999977,336.11,332.15000000000003,3,3,2022-03-16T16:55:00+00:00,334.78000000000003,2022-03-16T18:05:00+00:00,332.16,TAKE_PROFIT,7.860000000000014,0.20008200000000004,0.05999999999994543,7.6599180000000135,1.9848484848484986,1.9343227272727408,5.240284514100007,3.9599999999999795,0.005,0.0037784207988562717,,HYP-FCR-03,baseline,1048.0569028200014,1055.7168208200014,43.99999999999977,0.6066285714285787,0.7253202712886084,1,1,83.00000000000409,1.3199999999999932,5.0,2022,12
SPY,2022-03-16,short,432.67,429.8,2022-03-16T16:45:00+00:00,2022-03-16T16:50:00+00:00,431.46,0.5,432.875,428.62999999999994,2,2,2022-03-16T16:55:00+00:00,431.44,2022-03-16T18:05:00+00:00,428.63999999999993,TAKE_PROFIT,5.600000000000136,0.172016,0.05999999999994543,5.427984000000136,1.9787985865724578,1.9180155477032006,5.169040329400004,2.830000000000041,0.005,0.0027374520410527853,,HYP-FCR-03,baseline,1033.8080658800009,1039.236049880001,50.0,0.5800000000000003,0.862068965517241,1,1,21.999999999997044,1.4150000000000205,5.0,2022,12
QQQ,2022-03-17,short,341.045,337.0406,2022-03-17T14:10:00+00:00,2022-03-17T14:15:00+00:00,339.78,0.3199999999999932,341.52,336.29999999999995,3,3,2022-03-17T14:20:00+00:00,339.77,2022-03-17T17:26:00+00:00,341.53,STOP_LOSS,-5.279999999999973,0.20439,0.05999999999994543,-5.484389999999973,-1.0114942528735527,-1.0506494252873455,5.278584104100007,5.220000000000027,0.005,0.0049445077477741845,,HYP-FCR-03,baseline,1055.7168208200014,1050.2324308200014,31.999999999999318,1.2060600000000021,0.26532676649585646,1,1,75.49999999999955,1.740000000000009,5.0,2022,10
SPY,2022-03-17,short,436.24,433.19,2022-03-17T14:30:00+00:00,2022-03-17T14:35:00+00:00,435.86,0.19999999999998863,436.61,434.36,2,2,2022-03-17T14:40:00+00:00,435.86,2022-03-17T14:48:00+00:00,434.37,TAKE_PROFIT,2.980000000000018,0.174046,0.01999999999998181,2.805954000000018,1.9866666666666788,1.870636000000012,5.196180249400006,1.5,0.005,0.0014433679433784102,,HYP-FCR-03,baseline,1039.236049880001,1042.042003880001,19.999999999998863,0.8428500000000066,0.23729014652665012,1,1,28.999999999996362,0.75,5.0,2022,10
QQQ,2022-03-21,long,352.48,348.21,2022-03-21T14:45:00+00:00,2022-03-21T14:50:00+00:00,349.01,0.25,347.83,351.37,3,3,2022-03-21T14:55:00+00:00,349.01009999999997,2022-03-21T15:25:00+00:00,351.36,TAKE_PROFIT,7.0497000000001435,0.21011103,0.03029999999989741,6.839588970000143,1.9914406779661307,1.9320872796610462,5.251162154100007,3.5400000000000205,0.005,0.0033706824281136095,,HYP-FCR-03,baseline,1050.2324308200014,1057.0720197900016,25.0,0.9891357142857048,0.25274590371103445,1,1,48.999999999995225,1.1800000000000068,5.0,2022,10
SPY,2022-03-21,long,446.46,443.82,2022-03-21T14:45:00+00:00,2022-03-21T14:50:00+00:00,444.51,0.05000000000001137,443.56,446.40999999999997,2,2,2022-03-21T14:55:00+00:00,444.53,2022-03-21T16:31:00+00:00,443.55,STOP_LOSS,-1.9599999999999227,0.177616,0.05999999999994543,-2.1376159999999227,-1.0315789473683927,-1.1250610526315517,5.210210019400005,1.8999999999999773,0.005,0.0018233430062563742,,HYP-FCR-03,baseline,1042.042003880001,1039.904387880001,5.000000000001137,0.7374357142857134,0.06780252031655641,1,1,34.99999999999659,0.9499999999999886,5.0,2022,10
SPY,2022-03-23,short,447.31,445.64,2022-03-23T14:40:00+00:00,2022-03-23T14:45:00+00:00,446.97,0.37000000000000455,447.78,445.35000000000014,2,2,2022-03-23T14:50:00+00:00,446.99,2022-03-23T15:02:00+00:00,447.78999999999996,STOP_LOSS,-1.599999999999909,0.178956,0.05999999999994543,-1.778955999999909,-0.9876543209876647,-1.0981209876543387,5.199521939400005,1.6199999999998909,0.005,0.0015578355268819478,,HYP-FCR-03,baseline,1039.904387880001,1038.125431880001,37.000000000000455,0.7092357142857192,0.5216883365393359,1,1,54.000000000002046,0.8099999999999454,5.0,2022,10
QQQ,2022-03-23,short,354.34,352.26,2022-03-23T17:20:00+00:00,2022-03-23T17:25:00+00:00,353.26,0.4000000000000341,355.26,349.26,2,2,2022-03-23T17:30:00+00:00,353.22,2022-03-23T19:59:00+00:00,351.84999999999997,FORCED_SESSION_CLOSE,2.740000000000123,0.141014,0.09999999999990905,2.5989860000001226,0.6850000000000307,0.6497465000000306,5.285360098950008,4.0,0.005,0.003784037345719019,,HYP-FCR-03,baseline,1057.0720197900016,1059.6710057900018,40.00000000000341,0.6821714285714222,0.5863628748534647,1,1,39.00000000000432,2.0,5.0,2022,13
SPY,2022-03-24,short,446.35,444.76,2022-03-24T14:15:00+00:00,2022-03-24T14:20:00+00:00,445.62,0.2400000000000091,446.75,443.36,2,2,2022-03-24T14:25:00+00:00,445.62,2022-03-24T14:45:00+00:00,446.76,STOP_LOSS,-2.2799999999999727,0.178476,0.01999999999998181,-2.4584759999999726,-1.008849557522116,-1.0878212389380453,5.190627159400005,2.259999999999991,0.005,0.002177000900466552,,HYP-FCR-03,baseline,1038.125431880001,1035.666955880001,24.00000000000091,0.8295727272727205,0.28930555707758887,1,1,23.999999999995225,1.1299999999999955,5.0,2022,10
QQQ,2022-03-24,long,354.47,352.51,2022-03-24T14:30:00+00:00,2022-03-24T14:35:00+00:00,353.2299,0.2599999999999909,352.06,355.56969999999995,2,2,2022-03-24T14:40:00+00:00,353.27,2022-03-24T15:25:00+00:00,355.55969999999996,TAKE_PROFIT,4.579399999999964,0.14176594,0.10019999999997253,4.437634059999964,1.9571758269937714,1.896586913411413,5.298355028950009,2.3397999999999683,0.005,0.0022080438053088086,,HYP-FCR-03,baseline,1059.6710057900018,1064.1086398500017,25.99999999999909,1.184728571428573,0.21945955071082396,1,1,91.60999999999717,1.1698999999999842,5.0,2022,10
QQQ,2022-03-25,long,360.18,358.2607,2022-03-25T14:15:00+00:00,2022-03-25T14:25:00+00:00,359.11,0.2699999999999818,358.38,360.57000000000005,2,2,2022-03-25T14:30:00+00:00,359.12,2022-03-25T14:43:00+00:00,360.56000000000006,TAKE_PROFIT,2.880000000000109,0.143936,0.03999999999996362,2.736064000000109,1.972602739726053,1.8740164383561924,5.320543199250009,1.4600000000000364,0.005,0.0013720403587793818,,HYP-FCR-03,baseline,1064.1086398500017,1066.844703850002,26.99999999999818,0.9986166666666776,0.27037401739070266,2,2,33.06999999999789,0.7300000000000182,10.0,2022,10
SPY,2022-03-25,long,451.63,450.3,2022-03-25T17:40:00+00:00,2022-03-25T17:50:00+00:00,450.88,0.01979999999997517,450.44,451.76,2,2,2022-03-25T17:55:00+00:00,450.89,2022-03-25T18:06:00+00:00,451.75,TAKE_PROFIT,1.7200000000000273,0.180528,0.03999999999996362,1.5394720000000273,1.9545454545454957,1.74940000000004,5.178334779400005,0.8799999999999955,0.005,0.0008496940015357194,,HYP-FCR-03,baseline,1035.666955880001,1037.206427880001,1.979999999997517,0.5807357142857167,0.034094682852988355,2,2,24.00000000000091,0.4399999999999977,10.0,2022,13
QQQ,2022-03-28,long,363.19,359.26,2022-03-28T16:45:00+00:00,2022-03-28T16:55:00+00:00,360.1,0.3499999999999659,359.5299,361.2402000000001,2,2,2022-03-28T17:00:00+00:00,360.14,2022-03-28T17:25:00+00:00,361.2302000000001,TAKE_PROFIT,2.1804000000001906,0.14427404000000002,0.09999999999990905,2.0361259600001906,1.9122960884056266,1.7857621119102802,5.33422351925001,1.1402000000000498,0.005,0.0010687591135666937,,HYP-FCR-03,baseline,1066.844703850002,1068.880829810002,34.99999999999659,0.6375642857142826,0.5489642501035802,2,2,3.9299999999968804,0.5701000000000249,10.0,2022,13
SPY,2022-03-28,long,453.649,451.67,2022-03-28T17:15:00+00:00,2022-03-28T17:25:00+00:00,452.3411,0.22000000000002728,451.68,453.66329999999994,2,2,2022-03-28T17:30:00+00:00,452.34,2022-03-28T18:44:00+00:00,453.65329999999994,TAKE_PROFIT,2.6265999999999394,0.18119865999999998,0.022199999999998,2.4454013399999392,1.9865375888670653,1.8494942822568652,5.186032139400005,1.3221999999999525,0.005,0.0012747703489482459,,HYP-FCR-03,baseline,1037.206427880001,1039.651829220001,22.00000000000273,0.39073571428571896,0.5630404182586595,2,2,3.000000000002956,0.6610999999999763,10.0,2022,13
QQQ,2022-03-29,long,370.72,367.86,2022-03-29T14:50:00+00:00,2022-03-29T14:55:00+00:00,368.3989,0.08100000000001728,367.14,370.9167000000001,2,2,2022-03-29T15:00:00+00:00,368.46,2022-03-29T19:04:00+00:00,370.9067000000001,TAKE_PROFIT,4.89340000000027,0.14787334000000002,0.14219999999988886,4.7455266600002695,1.9435221224879322,1.884790952418826,5.3444041490500105,2.5178000000000793,0.005,0.0023555479056048077,,HYP-FCR-03,baseline,1068.880829810002,1073.6263564700023,8.100000000001728,1.0901428571428653,0.0743021884418971,1,1,3.0100000000004457,1.2589000000000397,5.0,2022,11
SPY,2022-03-29,long,461.75,458.68,2022-03-29T14:50:00+00:00,2022-03-29T14:55:00+00:00,459.19,0.009999999999990905,458.37,460.83,2,2,2022-03-29T15:00:00+00:00,459.2,2022-03-29T15:22:00+00:00,458.36,STOP_LOSS,-1.67999999999995,0.183512,0.03999999999996362,-1.8635119999999499,-1.024390243902417,-1.1362878048780276,5.198259146100005,1.6399999999999864,0.005,0.001577451175390512,,HYP-FCR-03,baseline,1039.651829220001,1037.788317220001,0.9999999999990905,0.8368642857142845,0.011949368817257694,1,1,7.999999999998408,0.8199999999999932,5.0,2022,11
QQQ,2022-03-30,short,370.3698,368.71,2022-03-30T14:50:00+00:00,2022-03-30T14:55:00+00:00,369.09,0.4399999999999977,370.3,366.6699999999999,2,2,2022-03-30T15:00:00+00:00,369.09000000000003,2022-03-30T19:09:00+00:00,366.6799999999999,TAKE_PROFIT,4.820000000000277,0.147154,0.020000000000095497,4.672846000000277,1.9917355371901373,1.9309280991736102,5.368131782350011,2.4200000000000728,0.005,0.0022540430247603455,,HYP-FCR-03,baseline,1073.6263564700023,1078.2992024700025,43.99999999999977,0.8275785714285705,0.5316715719698583,1,1,15.01999999999839,1.2100000000000364,5.0,2022,11
QQQ,2022-03-31,long,367.46,364.79,2022-03-31T14:05:00+00:00,2022-03-31T14:15:00+00:00,366.23,0.029999999999972715,364.82,369.05000000000007,2,2,2022-03-31T14:20:00+00:00,366.24,2022-03-31T16:35:00+00:00,364.81,STOP_LOSS,-2.8600000000000136,0.14621,0.03999999999996362,-3.0062100000000136,-1.0141843971631075,-1.0660319148936028,5.391496012350013,2.82000000000005,0.005,0.002615229607459995,,HYP-FCR-03,baseline,1078.2992024700025,1075.2929924700024,2.9999999999972715,1.1124999999999943,0.026966292134807075,2,2,3.000000000002956,1.410000000000025,10.0,2022,10
SPY,2022-03-31,long,458.15,457.111,2022-03-31T14:30:00+00:00,2022-03-31T14:35:00+00:00,457.54,0.18000000000000682,456.83,458.9600000000001,2,2,2022-03-31T14:40:00+00:00,457.57,2022-03-31T16:26:00+00:00,456.82,STOP_LOSS,-1.5,0.182878,0.07999999999992724,-1.682878,-1.05633802816896,-1.1851253521126155,5.188941586100006,1.4200000000000728,0.005,0.0013682944550810997,,HYP-FCR-03,baseline,1037.788317220001,1036.105439220001,18.000000000000682,0.6942142857142812,0.2592859347669628,1,1,9.100000000000819,0.7100000000000364,5.0,2022,10
QQQ,2022-04-01,long,363.61,360.59,2022-04-01T18:25:00+00:00,2022-04-01T18:30:00+00:00,361.49,0.05099999999998772,360.39,363.69000000000005,2,2,2022-04-01T18:35:00+00:00,361.5,2022-04-01T19:11:00+00:00,360.38,STOP_LOSS,-2.240000000000009,0.144376,0.03999999999996362,-2.384376000000009,-1.0181818181818012,-1.0838072727272543,5.3764649623500125,2.2000000000000455,0.005,0.0020459540008221705,,HYP-FCR-03,baseline,1075.2929924700024,1072.9086164700025,5.099999999998772,0.5447428571428645,0.09362215462076713,1,1,26.99999999999818,1.1000000000000227,5.0,2022,14
SPY,2022-04-01,long,453.46,451.66,2022-04-01T18:25:00+00:00,2022-04-01T18:30:00+00:00,452.5801,0.21000000000003638,451.44,454.86030000000005,2,2,2022-04-01T18:35:00+00:00,452.62,2022-04-01T19:12:00+00:00,451.43,STOP_LOSS,-2.3799999999999955,0.18081,0.09979999999995925,-2.5608099999999956,-1.043768090518357,-1.1230637663362666,5.180527196100005,2.280200000000036,0.005,0.00220074126984278,,HYP-FCR-03,baseline,1036.105439220001,1033.544629220001,21.000000000003638,0.5361714285714315,0.39166577853571527,1,1,16.0000000000025,1.140100000000018,5.0,2022,14
SPY,2022-04-06,long,447.59,445.44,2022-04-06T15:45:00+00:00,2022-04-06T15:50:00+00:00,446.05,0.3399000000000001,445.05,448.05,2,2,2022-04-06T15:55:00+00:00,446.06,2022-04-06T16:16:00+00:00,445.04,STOP_LOSS,-2.0399999999999636,0.17822000000000002,0.03999999999996362,-2.2182199999999637,-1.0199999999999818,-1.1091099999999818,5.1677231461000055,2.0,0.005,0.0019350881843480398,,HYP-FCR-03,baseline,1033.544629220001,1031.326409220001,33.99000000000001,0.5804571428571462,0.5855729474305933,1,1,7.999999999998408,1.0,5.0,2022,11
QQQ,2022-04-06,long,356.61,353.13,2022-04-06T17:35:00+00:00,2022-04-06T17:40:00+00:00,354.04,0.11000000000001364,352.76,356.6000000000001,3,3,2022-04-06T17:45:00+00:00,354.03,2022-04-06T18:09:00+00:00,352.75,STOP_LOSS,-3.839999999999918,0.21203400000000003,0.06000000000011596,-4.052033999999918,-0.9999999999999556,-1.0552171874999543,5.364543082350012,3.8400000000000887,0.005,0.0035790559802139975,,HYP-FCR-03,baseline,1072.9086164700025,1068.8565824700026,11.000000000001364,0.5297571428571481,0.20764231588600918,1,1,36.000000000001364,1.2800000000000296,5.0,2022,13
SPY,2022-04-07,long,447.655,445.29,2022-04-07T17:10:00+00:00,2022-04-07T17:15:00+00:00,446.09,0.450999999999965,444.84000000000003,448.58999999999986,2,2,2022-04-07T17:20:00+00:00,446.11,2022-04-07T18:53:00+00:00,448.57999999999987,TAKE_PROFIT,4.9399999999997135,0.17893799999999999,0.06000000000005912,4.761061999999714,1.9759999999999753,1.9044247999999722,5.156632046100006,2.4999999999998863,0.005,0.0024240628162432616,,HYP-FCR-03,baseline,1031.326409220001,1036.087471220001,45.0999999999965,0.6195071428571453,0.7279980629762698,1,1,25.0,1.2499999999999432,5.0,2022,13
QQQ,2022-04-07,long,355.0,352.09,2022-04-07T17:55:00+00:00,2022-04-07T18:00:00+00:00,353.13,1.0,351.39,356.61,3,3,2022-04-07T18:05:00+00:00,353.1499,2022-04-07T19:59:00+00:00,354.12,FORCED_SESSION_CLOSE,2.9103000000000065,0.21218097000000002,0.08969999999999345,2.6981190300000066,0.5575287356321822,0.5168810402298837,5.344282912350013,5.220000000000027,0.005,0.004883723490701828,,HYP-FCR-03,baseline,1068.8565824700026,1071.5547015000027,100.0,0.8215428571428528,1.2172219517284617,1,1,43.99999999999977,1.740000000000009,5.0,2022,14
SPY,2022-04-08,long,448.2,445.97,2022-04-08T14:00:00+00:00,2022-04-08T14:05:00+00:00,447.39,0.15999999999996817,446.07,450.03,2,2,2022-04-08T14:10:00+00:00,447.39,2022-04-08T15:01:00+00:00,450.02,TAKE_PROFIT,5.259999999999991,0.179482,0.01999999999998181,5.080517999999991,1.9924242424242493,1.9244386363636428,5.180437356100005,2.6399999999999864,0.005,0.00254804741233997,,HYP-FCR-03,baseline,1036.087471220001,1041.167989220001,15.999999999996817,0.8093750000000028,0.19768339768335766,1,1,3.000000000002956,1.3199999999999932,5.0,2022,10
QQQ,2022-04-08,short,352.54,348.62,2022-04-08T15:10:00+00:00,2022-04-08T15:20:00+00:00,351.16,0.2785999999999831,352.3,348.88000000000005,3,3,2022-04-08T15:25:00+00:00,351.15000000000003,2022-04-08T16:00:00+00:00,352.31,STOP_LOSS,-3.4799999999999045,0.21103800000000003,0.05999999999994543,-3.6910379999999043,-1.017543859649107,-1.0792508771929674,5.3577735075000135,3.419999999999959,0.005,0.00319162427752173,,HYP-FCR-03,baseline,1071.5547015000027,1067.8636635000028,27.85999999999831,0.9479928571428624,0.29388407085645174,2,2,8.999999999997499,1.1399999999999864,10.0,2022,11
QQQ,2022-04-11,long,345.75,343.375,2022-04-11T17:00:00+00:00,2022-04-11T17:05:00+00:00,343.83,0.2899999999999636,342.66,346.1699999999999,3,3,2022-04-11T17:10:00+00:00,343.835,2022-04-11T18:03:00+00:00,342.65000000000003,STOP_LOSS,-3.5549999999998363,0.2059455,0.04499999999995907,-3.760945499999836,-1.0128205128205017,-1.0714944444444352,5.339318317500014,3.509999999999877,0.005,0.003286936450759632,,HYP-FCR-03,baseline,1067.8636635000028,1064.1027180000028,28.999999999996362,0.4813142857142907,0.6025169179626393,1,1,25.499999999999545,1.169999999999959,5.0,2022,13
QQQ,2022-04-12,short,347.33,343.685,2022-04-12T14:10:00+00:00,2022-04-12T14:20:00+00:00,345.94,0.18000000000000682,347.02,343.78000000000003,3,3,2022-04-12T14:25:00+00:00,345.95,2022-04-12T14:48:00+00:00,343.79,TAKE_PROFIT,6.4799999999999045,0.20692200000000002,0.05999999999994543,6.273077999999905,2.0,1.9361351851851845,5.320513590000014,3.2399999999999523,0.005,0.003044818836746871,,HYP-FCR-03,baseline,1064.1027180000028,1070.3757960000028,18.000000000000682,1.2360818181818187,0.14562142841383507,2,2,36.000000000001364,1.079999999999984,10.0,2022,10
SPY,2022-04-12,long,445.75,442.37,2022-04-12T15:10:00+00:00,2022-04-12T15:20:00+00:00,443.59,0.37000000000000455,442.375,446.0199999999999,2,2,2022-04-12T15:25:00+00:00,443.61,2022-04-12T16:24:00+00:00,442.365,STOP_LOSS,-2.490000000000009,0.17719500000000002,0.06000000000005912,-2.6671950000000093,-1.0246913580247161,-1.0976111111111375,5.205839946100005,2.42999999999995,0.005,0.002333917317051212,,HYP-FCR-03,baseline,1041.167989220001,1038.500794220001,37.000000000000455,0.6650071428571452,0.5563850012352225,2,2,5.000000000001137,1.214999999999975,10.0,2022,11
SPY,2022-04-18,short,439.46,436.73,2022-04-18T14:45:00+00:00,2022-04-18T14:55:00+00:00,438.57,0.2699999999999818,439.26,437.19,2,2,2022-04-18T15:00:00+00:00,438.57,2022-04-18T15:27:00+00:00,437.2,TAKE_PROFIT,2.740000000000009,0.175154,0.01999999999998181,2.564846000000009,1.9855072463768246,1.858584057971027,5.192503971100004,1.3799999999999955,0.005,0.001328838656340642,,HYP-FCR-03,baseline,1038.500794220001,1041.065640220001,26.99999999999818,0.7782142857142966,0.34694814134921453,2,2,1.0000000000047748,0.6899999999999977,10.0,2022,11
QQQ,2022-04-18,short,339.35,336.8,2022-04-18T15:10:00+00:00,2022-04-18T15:15:00+00:00,338.5295,0.17000000000001592,339.805,335.97849999999994,3,3,2022-04-18T15:20:00+00:00,338.51,2022-04-18T16:26:00+00:00,335.98849999999993,TAKE_PROFIT,7.56450000000018,0.20234955,0.08849999999995362,7.36215045000018,1.9768718149745323,1.9239907095256896,5.351878980000014,3.826500000000067,0.005,0.003574912674875224,,HYP-FCR-03,baseline,1070.3757960000028,1077.737946450003,17.00000000000159,0.8140357142857104,0.20883604615454165,1,1,19.999999999998863,1.2755000000000223,5.0,2022,11
QQQ,2022-04-20,long,347.56,342.56,2022-04-20T14:10:00+00:00,2022-04-20T14:15:00+00:00,343.34,0.08999999999997499,342.51,344.99999999999994,3,3,2022-04-20T14:20:00+00:00,343.36,2022-04-20T14:24:00+00:00,342.5,STOP_LOSS,-2.580000000000041,0.205758,0.09000000000008868,-2.785758000000041,-1.0361445783132892,-1.11877831325305,5.388689732250015,2.4899999999999523,0.005,0.002310394663379764,,HYP-FCR-03,baseline,1077.737946450003,1074.952188450003,8.999999999997499,1.157550000000009,0.07775042114809234,1,1,8.499999999997954,0.8299999999999841,5.0,2022,10
SPY,2022-04-20,long,447.57,444.41,2022-04-20T14:05:00+00:00,2022-04-20T14:15:00+00:00,445.4,0.12000000000000455,444.75,446.69999999999993,2,2,2022-04-20T14:20:00+00:00,445.43,2022-04-20T14:40:00+00:00,446.68999999999994,TAKE_PROFIT,2.519999999999868,0.178424,0.08000000000004093,2.341575999999868,1.938461538461505,1.8012123076922693,5.205328201100005,1.2999999999999545,0.005,0.001248720493479388,,HYP-FCR-03,baseline,1041.065640220001,1043.4072162200007,12.000000000000455,0.7976900000000114,0.15043437927014608,2,2,4.000000000002046,0.6499999999999773,10.0,2022,10
QQQ,2022-04-21,long,347.87,344.983,2022-04-21T14:25:00+00:00,2022-04-21T14:30:00+00:00,345.41,0.4199999999999591,344.15000000000003,347.93,3,3,2022-04-21T14:35:00+00:00,345.40999999999997,2022-04-21T14:41:00+00:00,344.14000000000004,STOP_LOSS,-3.809999999999775,0.20686500000000002,0.030000000000143245,-4.0168649999997745,-1.0079365079364557,-1.0626626984126464,5.374760942250015,3.7799999999999727,0.005,0.003516435466260539,,HYP-FCR-03,baseline,1074.952188450003,1070.9353234500031,41.99999999999591,1.0872461538461597,0.38629706668926705,1,1,105.29999999999973,1.259999999999991,5.0,2022,10
SPY,2022-04-25,long,423.87,420.27,2022-04-25T14:05:00+00:00,2022-04-25T14:25:00+00:00,422.6599,0.8201000000000249,420.89,426.1997,2,2,2022-04-25T14:30:00+00:00,422.66949999999997,2022-04-25T14:58:00+00:00,420.88,STOP_LOSS,-3.578999999999951,0.1687099,0.03919999999993706,-3.747709899999951,-1.0110740719814502,-1.0587349285270173,5.217036081100003,3.539800000000014,0.005,0.0033925393125263307,,HYP-FCR-03,baseline,1043.4072162200007,1039.6595063200007,82.01000000000249,1.458108333333333,0.562441062335349,4,4,27.99999999999727,1.769900000000007,20.0,2022,10
QQQ,2022-04-25,short,325.6,322.43,2022-04-25T14:50:00+00:00,2022-04-25T14:55:00+00:00,324.62,0.6399999999999864,327.01,319.84000000000003,2,2,2022-04-25T15:00:00+00:00,324.64,2022-04-25T18:21:00+00:00,327.02,STOP_LOSS,-4.759999999999991,0.130332,0.05999999999994543,-4.890331999999991,-0.9958158995815938,-1.0230820083682048,5.354676617250016,4.779999999999973,0.005,0.0044633881200232236,,HYP-FCR-03,baseline,1070.9353234500031,1066.0449914500032,63.999999999998636,1.4707428571428482,0.4351542466392039,1,1,142.1199999999999,2.3899999999999864,5.0,2022,11
QQQ,2022-04-27,long,322.88,316.94,2022-04-27T14:35:00+00:00,2022-04-27T14:40:00+00:00,318.18,0.8500000000000227,315.75,323.04,2,2,2022-04-27T14:45:00+00:00,318.15999999999997,2022-04-27T19:59:00+00:00,316.72,FORCED_SESSION_CLOSE,-2.8799999999998818,0.126976,0.06000000000005912,-3.0069759999998817,-0.5925925925925666,-0.61871934156376,5.330224957250016,4.860000000000014,0.005,0.00455890702454273,,HYP-FCR-03,baseline,1066.0449914500032,1063.0380154500033,85.00000000000227,1.6238500000000005,0.5234473627490362,1,1,87.00000000000045,2.430000000000007,5.0,2022,10
SPY,2022-04-27,long,422.02,417.15,2022-04-27T14:35:00+00:00,2022-04-27T14:40:00+00:00,418.05,1.2700000000000387,415.92,422.31,2,2,2022-04-27T14:45:00+00:00,418.06,2022-04-27T16:30:00+00:00,422.3,TAKE_PROFIT,8.480000000000018,0.168072,0.03999999999996362,8.311928000000018,1.9906103286385062,1.9511568075117454,5.198297531600003,4.259999999999991,0.005,0.004097495356993147,,HYP-FCR-03,baseline,1039.6595063200007,1047.9714343200008,127.00000000000387,1.6978142857142748,0.7480205642549099,1,1,133.9999999999975,2.1299999999999955,5.0,2022,10
QQQ,2022-04-28,long,323.505,319.03,2022-04-28T14:15:00+00:00,2022-04-28T14:20:00+00:00,319.99,0.12319999999999709,319.23,321.51,3,3,2022-04-28T14:25:00+00:00,319.96,2022-04-28T14:26:00+00:00,319.22,STOP_LOSS,-2.2199999999998568,0.191754,0.12000000000006139,-2.4117539999998567,-0.9736842105262646,-1.057786842105213,5.3151900772500165,2.2799999999999727,0.005,0.002144796297839647,,HYP-FCR-03,baseline,1063.0380154500033,1060.6262614500035,12.319999999999709,1.5939818181818168,0.07729071849798498,1,1,53.99999999999636,0.7599999999999909,5.0,2022,10
SPY,2022-04-28,long,423.08,419.56,2022-04-28T15:05:00+00:00,2022-04-28T15:10:00+00:00,420.84,0.4199999999999591,419.3,423.9199999999999,2,2,2022-04-28T15:15:00+00:00,420.83,2022-04-28T16:35:00+00:00,423.9099999999999,TAKE_PROFIT,6.1599999999998545,0.168948,0.03999999999996362,5.991051999999854,2.0,1.945146753246752,5.239857171600004,3.0799999999999272,0.005,0.0029390114073084947,,HYP-FCR-03,baseline,1047.9714343200008,1053.9624863200006,41.99999999999591,1.0293999999999974,0.4080046629103945,1,1,5.000000000001137,1.5399999999999636,5.0,2022,11
QQQ,2022-05-02,short,316.1135,310.4414,2022-05-02T14:40:00+00:00,2022-05-02T14:45:00+00:00,315.35,0.160000000000025,317.115,311.82000000000005,3,3,2022-05-02T14:50:00+00:00,315.37,2022-05-02T17:03:00+00:00,311.83000000000004,TAKE_PROFIT,10.61999999999989,0.18816000000000002,0.08999999999991815,10.431839999999891,2.0056657223795984,1.9701303116147255,5.303131307250018,5.294999999999959,0.005,0.004992333484898873,,HYP-FCR-03,baseline,1060.6262614500035,1071.0581014500035,16.0000000000025,1.9237714285714236,0.08316996376167186,1,1,137.65000000000214,1.7649999999999864,5.0,2022,10
SPY,2022-05-02,short,413.37,409.25,2022-05-02T14:55:00+00:00,2022-05-02T15:00:00+00:00,410.89,0.44999999999998863,413.89,404.89,1,1,2022-05-02T15:05:00+00:00,410.90000000000003,2022-05-02T19:35:00+00:00,413.9,STOP_LOSS,-2.999999999999943,0.08248,0.020000000000038654,-3.082479999999943,-0.999999999999981,-1.0274933333333143,5.269812431600003,3.0,0.005,0.002846401118577526,,HYP-FCR-03,baseline,1053.9624863200006,1050.8800063200006,44.99999999999886,1.6250357142857135,0.2769169908353594,1,1,56.00000000000023,3.0,5.0,2022,11
QQQ,2022-05-03,short,319.48,315.98,2022-05-03T14:05:00+00:00,2022-05-03T14:10:00+00:00,318.64,0.5300000000000296,320.13,315.65999999999997,3,3,2022-05-03T14:15:00+00:00,318.65000000000003,2022-05-03T15:24:00+00:00,320.14,STOP_LOSS,-4.469999999999857,0.191637,0.06000000000011596,-4.661636999999857,-0.9999999999999618,-1.0428718120804985,5.355290507250017,4.470000000000027,0.005,0.004173443059670171,,HYP-FCR-03,baseline,1071.0581014500035,1066.3964644500036,53.000000000002956,1.6300222222222247,0.3251489413914097,1,1,82.99999999999841,1.490000000000009,5.0,2022,10
SPY,2022-05-03,short,415.7117,413.36,2022-05-03T14:05:00+00:00,2022-05-03T14:10:00+00:00,415.07,0.11000000000001364,416.01,413.19,2,2,2022-05-03T14:15:00+00:00,415.06,2022-05-03T14:29:00+00:00,416.02,STOP_LOSS,-1.919999999999959,0.166216,0.03999999999996362,-2.086215999999959,-1.0212765957446615,-1.1096893617021086,5.254400031600003,1.8799999999999955,0.005,0.0017889768467319396,,HYP-FCR-03,baseline,1050.8800063200006,1048.7937903200007,11.000000000001364,1.4685111111111142,0.07490580028147335,1,1,52.33000000000061,0.9399999999999977,5.0,2022,10
QQQ,2022-05-04,long,319.47,317.11,2022-05-04T16:20:00+00:00,2022-05-04T16:25:00+00:00,318.15,0.6899999999999977,316.08,322.28999999999996,2,2,2022-05-04T16:30:00+00:00,318.15,2022-05-04T18:01:00+00:00,322.28,TAKE_PROFIT,8.259999999999991,0.128086,0.01999999999998181,8.131913999999991,1.9951690821256083,1.964230434782613,5.331982322250018,4.139999999999986,0.005,0.003882233426322546,,HYP-FCR-03,baseline,1066.3964644500036,1074.5283784500036,68.99999999999977,0.7209000000000044,0.957136912193083,1,1,65.98999999999933,2.069999999999993,5.0,2022,12
SPY,2022-05-04,long,417.42,416.02,2022-05-04T16:20:00+00:00,2022-05-04T16:25:00+00:00,416.98,0.5100000000000477,415.385,420.1700000000001,2,2,2022-05-04T16:30:00+00:00,416.99,2022-05-04T18:33:00+00:00,415.375,STOP_LOSS,-3.230000000000018,0.166473,0.03999999999996362,-3.396473000000018,-1.0125391849529664,-1.0647250783698934,5.243968951600003,3.1900000000000546,0.005,0.0030415893280858804,,HYP-FCR-03,baseline,1048.7937903200007,1045.3973173200006,51.000000000004775,0.6535285714285725,0.7803790412486783,1,1,12.999999999999545,1.5950000000000273,5.0,2022,12
QQQ,2022-05-06,short,311.73,305.105,2022-05-06T14:25:00+00:00,2022-05-06T14:35:00+00:00,308.87,0.2400000000000091,310.95,304.71000000000004,2,2,2022-05-06T14:40:00+00:00,308.83,2022-05-06T14:45:00+00:00,310.96,STOP_LOSS,-4.259999999999991,0.123958,0.10000000000002274,-4.383957999999991,-1.0240384615384672,-1.0538360576923136,5.3726418922500185,4.159999999999968,0.005,0.00387146592256663,,HYP-FCR-03,baseline,1074.5283784500036,1070.1444204500037,24.00000000000091,2.1464285714285682,0.11181364392679309,2,2,44.99999999999886,2.079999999999984,10.0,2022,10
SPY,2022-05-06,short,411.77,405.73,2022-05-06T15:35:00+00:00,2022-05-06T15:40:00+00:00,410.78,0.5500000000000114,413.76,404.81999999999994,1,1,2022-05-06T15:45:00+00:00,410.78000000000003,2022-05-06T16:56:00+00:00,413.77,STOP_LOSS,-2.9899999999999523,0.082455,0.010000000000047748,-3.072454999999952,-1.0033557046979644,-1.0310251677852125,5.226986586600003,2.980000000000018,0.005,0.002850590823821511,,HYP-FCR-03,baseline,1045.3973173200006,1042.3248623200006,55.00000000000114,1.6839357142857116,0.3266157937824302,1,1,18.999999999999773,2.980000000000018,5.0,2022,11
SPY,2022-05-09,long,406.41,403.27,2022-05-09T16:10:00+00:00,2022-05-09T16:15:00+00:00,403.55,0.12000000000000455,400.89,408.87000000000006,1,1,2022-05-09T16:20:00+00:00,403.56,2022-05-09T16:52:00+00:00,400.88,STOP_LOSS,-2.680000000000007,0.08044400000000002,0.01999999999998181,-2.760444000000007,-1.0075187969924744,-1.0377609022556318,5.211624311600003,2.660000000000025,0.005,0.0025519874812152256,,HYP-FCR-03,baseline,1042.3248623200006,1039.5644183200006,12.000000000000455,1.120907142857143,0.10705614712573766,1,1,84.99999999999659,2.660000000000025,5.0,2022,12
QQQ,2022-05-10,long,305.76,300.62,2022-05-10T17:25:00+00:00,2022-05-10T17:30:00+00:00,301.93,1.378599999999949,299.08,307.63000000000005,1,1,2022-05-10T17:35:00+00:00,301.949,2022-05-10T19:59:00+00:00,300.81,FORCED_SESSION_CLOSE,-1.13900000000001,0.06027590000000001,0.028999999999996362,-1.19927590000001,-0.39964912280701786,-0.4207985614035089,5.350722102250018,2.8500000000000227,0.005,0.0026631919445055615,,HYP-FCR-03,baseline,1070.1444204500037,1068.9451445500038,137.8599999999949,1.232921428571432,1.1181572223927623,1,1,145.99999999999795,2.8500000000000227,5.0,2022,13
SPY,2022-05-11,short,403.17,395.22,2022-05-11T14:45:00+00:00,2022-05-11T14:50:00+00:00,401.461,0.060000000000002274,403.78,396.8230000000001,2,2,2022-05-11T14:55:00+00:00,401.47,2022-05-11T15:38:00+00:00,403.78999999999996,STOP_LOSS,-4.639999999999873,0.161052,0.038000000000010914,-4.801051999999872,-1.0004312203535906,-1.0351556705476401,5.1978220916000035,4.63799999999992,0.005,0.004461483981430617,,HYP-FCR-03,baseline,1039.5644183200006,1034.7633663200008,6.000000000000227,1.886571428571423,0.031803725579283446,1,1,87.00000000000045,2.31899999999996,5.0,2022,10
SPY,2022-05-12,short,391.28,386.92,2022-05-12T15:45:00+00:00,2022-05-12T15:50:00+00:00,389.63,0.9899999999999523,392.73,383.42999999999995,1,1,2022-05-12T15:55:00+00:00,389.61,2022-05-12T19:59:00+00:00,392.42,FORCED_SESSION_CLOSE,-2.8100000000000023,0.078203,0.029999999999972715,-2.888203000000002,-0.9064516129032198,-0.931678387096768,5.173816831600004,3.1000000000000227,0.005,0.002995854028950371,,HYP-FCR-03,baseline,1034.7633663200008,1031.8751633200009,98.99999999999523,1.408064285714289,0.7030928985587761,1,1,27.000000000003865,3.1000000000000227,5.0,2022,11
QQQ,2022-05-12,short,290.25,285.04,2022-05-12T15:50:00+00:00,2022-05-12T15:55:00+00:00,288.78,0.6100000000000136,291.65999999999997,283.02,1,1,2022-05-12T16:00:00+00:00,288.77,2022-05-12T16:33:00+00:00,291.66999999999996,STOP_LOSS,-2.8999999999999773,0.058044,0.01999999999998181,-2.9580439999999775,-1.0069444444444382,-1.027098611111105,5.344725722750019,2.8799999999999955,0.005,0.002694244896179771,,HYP-FCR-03,baseline,1068.9451445500038,1065.9871005500038,61.000000000001364,1.4826928571428613,0.411413595918631,1,1,47.00000000000273,2.8799999999999955,5.0,2022,12
QQQ,2022-05-13,short,299.29,294.0825,2022-05-13T18:00:00+00:00,2022-05-13T18:05:00+00:00,298.75,0.7450000000000045,300.37,295.51,3,3,2022-05-13T18:10:00+00:00,298.71000000000004,2022-05-13T18:52:00+00:00,300.38,STOP_LOSS,-5.009999999999877,0.179727,0.14999999999986358,-5.189726999999877,-1.0308641975308361,-1.0678450617283668,5.329935502750019,4.860000000000014,0.005,0.004559154606554302,,HYP-FCR-03,baseline,1065.9871005500038,1060.7973735500038,74.50000000000045,0.7661571428571351,0.9723853741306492,1,1,60.99999999999568,1.6200000000000045,5.0,2022,14
SPY,2022-05-13,short,399.07,395.61,2022-05-13T18:00:00+00:00,2022-05-13T18:05:00+00:00,398.33,0.6399999999999864,400.015,394.96,2,2,2022-05-13T18:10:00+00:00,398.32,2022-05-13T18:52:00+00:00,400.025,STOP_LOSS,-3.409999999999968,0.159669,0.03999999999996362,-3.5696689999999682,-1.0118694362017695,-1.0592489614243215,5.159375816600004,3.3700000000000045,0.005,0.0032658989379657295,,HYP-FCR-03,baseline,1031.8751633200009,1028.305494320001,63.999999999998636,0.8196428571428669,0.7808278867102137,1,1,28.000000000002956,1.6850000000000023,5.0,2022,14
QQQ,2022-05-16,long,301.23,297.821,2022-05-16T14:00:00+00:00,2022-05-16T14:10:00+00:00,299.82,0.7799999999999727,298.44,302.58,3,3,2022-05-16T14:15:00+00:00,299.81,2022-05-16T14:51:00+00:00,298.43,STOP_LOSS,-4.139999999999986,0.17947200000000002,0.05999999999994543,-4.319471999999986,-1.0,-1.0433507246376812,5.3039868677500195,4.139999999999986,0.005,0.00390272459493871,,HYP-FCR-03,baseline,1060.7973735500038,1056.477901550004,77.99999999999727,1.7210000000000036,0.45322486926204014,2,2,34.10000000000082,1.3799999999999955,10.0,2022,10
SPY,2022-05-16,short,401.29,397.6,2022-05-16T14:30:00+00:00,2022-05-16T14:50:00+00:00,398.87,0.23099999999999454,400.43,395.75,2,2,2022-05-16T14:55:00+00:00,398.91,2022-05-16T15:44:00+00:00,400.44,STOP_LOSS,-3.0599999999999454,0.15987,0.10000000000002274,-3.2198699999999456,-0.9807692307692119,-1.0320096153845963,5.141527471600004,3.1200000000000045,0.005,0.0030341177959602385,,HYP-FCR-03,baseline,1028.305494320001,1025.085624320001,23.099999999999454,1.2937785714285692,0.17854678157555826,4,4,45.999999999997954,1.5600000000000023,20.0,2022,10
QQQ,2022-05-17,long,305.54,303.02,2022-05-17T15:25:00+00:00,2022-05-17T15:30:00+00:00,304.09,0.37999999999999545,302.32,307.62999999999994,2,2,2022-05-17T15:35:00+00:00,304.105,2022-05-17T18:20:00+00:00,302.31,STOP_LOSS,-3.590000000000032,0.121283,0.05000000000006821,-3.711283000000032,-1.01412429378533,-1.0483850282486074,5.28238950775002,3.5399999999999636,0.005,0.0033507563147381295,,HYP-FCR-03,baseline,1056.477901550004,1052.7666185500038,37.999999999999545,0.7730214285714193,0.4915775759311791,1,1,40.99999999999682,1.7699999999999818,5.0,2022,11
SPY,2022-05-17,long,406.63,404.4,2022-05-17T15:20:00+00:00,2022-05-17T15:30:00+00:00,405.87,0.3405999999999949,404.46000000000004,408.68999999999994,2,2,2022-05-17T15:35:00+00:00,405.88,2022-05-17T18:20:00+00:00,404.45000000000005,STOP_LOSS,-2.8599999999999,0.16206600000000002,0.03999999999996362,-3.0220659999998998,-1.014184397163108,-1.0716546099290667,5.125428121600005,2.8199999999999363,0.005,0.0027509897057337103,,HYP-FCR-03,baseline,1025.085624320001,1022.0635583200011,34.05999999999949,0.7460285714285776,0.45655087893989976,2,2,6.000000000000227,1.4099999999999682,10.0,2022,11
QQQ,2022-05-19,short,292.06,287.58,2022-05-19T16:35:00+00:00,2022-05-19T16:40:00+00:00,290.54,0.6499999999999773,292.989,285.6420000000001,2,2,2022-05-19T16:45:00+00:00,290.5,2022-05-19T18:50:00+00:00,292.99899999999997,STOP_LOSS,-4.997999999999934,0.1166998,0.10000000000002274,-5.114699799999934,-1.0204164965292006,-1.0442425071457793,5.263833092750019,4.897999999999911,0.005,0.00465250314143321,,HYP-FCR-03,baseline,1052.7666185500038,1047.651918750004,64.99999999999773,0.9488071428571426,0.6850707279064452,1,1,48.00000000000182,2.4489999999999554,5.0,2022,12
SPY,2022-05-19,short,391.79,387.11,2022-05-19T16:30:00+00:00,2022-05-19T16:40:00+00:00,389.35,0.5913999999999646,391.71999999999997,384.6100000000001,2,2,2022-05-19T16:45:00+00:00,389.29,2022-05-19T17:56:00+00:00,391.72999999999996,STOP_LOSS,-4.879999999999882,0.156204,0.13999999999998636,-5.0362039999998816,-1.0295358649789008,-1.0624902953586481,5.110317791600005,4.739999999999895,0.005,0.004637676357223015,,HYP-FCR-03,baseline,1022.0635583200011,1017.0273543200012,59.13999999999646,1.0552214285714285,0.5604510901570764,2,2,12.999999999999545,2.3699999999999477,10.0,2022,12
SPY,2022-05-23,long,394.44,391.1,2022-05-23T14:10:00+00:00,2022-05-23T14:15:00+00:00,392.995,0.19999999999998863,391.1,396.78499999999997,2,2,2022-05-23T14:20:00+00:00,392.99,2022-05-23T15:34:00+00:00,396.775,TAKE_PROFIT,7.569999999999936,0.157953,0.029999999999972715,7.412046999999936,1.9973614775725617,1.9556852242744083,5.085136771600006,3.7899999999999636,0.005,0.0037265467677946684,,HYP-FCR-03,baseline,1017.0273543200012,1024.4394013200013,19.999999999998863,1.576890000000003,0.12683192866971588,1,1,2.0000000000038654,1.8949999999999818,5.0,2022,10
QQQ,2022-05-23,long,292.005,288.1306,2022-05-23T14:25:00+00:00,2022-05-23T15:05:00+00:00,290.8,0.8700000000000045,289.42,293.56,3,3,2022-05-23T15:10:00+00:00,290.86,2022-05-23T16:07:00+00:00,293.55,TAKE_PROFIT,8.069999999999993,0.175323,0.20999999999997954,7.8946769999999935,1.9492753623188455,1.9069268115942075,5.23825959375002,4.139999999999986,0.005,0.003951694189554474,,HYP-FCR-03,baseline,1047.651918750004,1055.546595750004,87.00000000000045,1.4575714285714167,0.5968832696265883,8,8,22.059999999999036,1.3799999999999955,40.0,2022,11
QQQ,2022-05-24,long,288.86,284.67,2022-05-24T15:45:00+00:00,2022-05-24T15:50:00+00:00,285.56,0.8199999999999932,283.94,288.8,3,3,2022-05-24T15:55:00+00:00,285.59,2022-05-24T17:04:00+00:00,283.93,STOP_LOSS,-4.9799999999999045,0.170856,0.11999999999989086,-5.150855999999904,-1.0246913580246688,-1.0598469135802242,5.27773297875002,4.860000000000014,0.005,0.0046042496082769405,,HYP-FCR-03,baseline,1055.546595750004,1050.395739750004,81.99999999999932,0.9585428571428614,0.8554651405406908,1,1,22.00000000000273,1.6200000000000045,5.0,2022,11
SPY,2022-05-24,long,393.6,390.66,2022-05-24T16:05:00+00:00,2022-05-24T16:10:00+00:00,391.679,0.25,390.24,394.5569999999999,2,2,2022-05-24T16:15:00+00:00,391.7,2022-05-24T16:32:00+00:00,390.23,STOP_LOSS,-2.939999999999941,0.15638600000000002,0.06200000000001182,-3.096385999999941,-1.0215427380125133,-1.075881167477421,5.122197006600007,2.877999999999929,0.005,0.002809341378603356,,HYP-FCR-03,baseline,1024.4394013200013,1021.3430153200013,25.0,0.9692571428571414,0.25792948944699956,1,1,64.00000000000432,1.4389999999999645,5.0,2022,12
QQQ,2022-05-25,short,289.09,285.5,2022-05-25T15:30:00+00:00,2022-05-25T15:35:00+00:00,288.55,0.45050000000003365,289.76,286.13000000000005,3,3,2022-05-25T15:40:00+00:00,288.58,2022-05-25T18:00:00+00:00,289.77,STOP_LOSS,-3.569999999999993,0.173505,0.11999999999989086,-3.743504999999993,-0.98347107438018,-1.0312685950413378,5.25197869875002,3.6299999999999386,0.005,0.0034558403681872176,,HYP-FCR-03,baseline,1050.395739750004,1046.652234750004,45.050000000003365,0.8652714285714264,0.5206458749525738,1,1,41.0000000000025,1.2099999999999795,5.0,2022,11
SPY,2022-05-25,short,395.36,391.89,2022-05-25T15:30:00+00:00,2022-05-25T15:35:00+00:00,394.58,0.45999999999997954,396.2,391.34,2,2,2022-05-25T15:40:00+00:00,394.57,2022-05-25T18:02:00+00:00,396.21,STOP_LOSS,-3.2799999999999727,0.158156,0.03999999999996362,-3.4381559999999727,-1.0123456790123344,-1.0611592592592478,5.106715076600007,3.240000000000009,0.005,0.0031722936872338337,,HYP-FCR-03,baseline,1021.3430153200013,1017.9048593200014,45.999999999997954,0.8439571428571517,0.545051373630994,1,1,56.00000000000023,1.6200000000000045,5.0,2022,11
SPY,2022-05-27,short,411.55,407.7,2022-05-27T14:55:00+00:00,2022-05-27T15:00:00+00:00,410.82,0.18500000000000227,411.56,409.34,2,2,2022-05-27T15:05:00+00:00,410.81,2022-05-27T15:11:00+00:00,411.57,STOP_LOSS,-1.5199999999999818,0.164476,0.03999999999996362,-1.6844759999999819,-1.027027027027002,-1.1381594594594333,5.089524296600007,1.4800000000000182,0.005,0.0014539669267211413,,HYP-FCR-03,baseline,1017.9048593200014,1016.2203833200014,18.500000000000227,0.5843571428571457,0.3165872142769856,1,1,6.999999999999318,0.7400000000000091,5.0,2022,11
SPY,2022-05-31,long,413.93,410.22,2022-05-31T14:10:00+00:00,2022-05-31T14:15:00+00:00,411.862,0.11000000000001364,410.05,415.48600000000005,2,2,2022-05-31T14:20:00+00:00,411.875,2022-05-31T16:03:00+00:00,415.47600000000006,TAKE_PROFIT,7.202000000000112,0.16547020000000004,0.045999999999935426,7.036529800000112,1.9873068432671261,1.9416472958057578,5.081101916600007,3.6240000000000236,0.005,0.00356615558936181,,HYP-FCR-03,baseline,1016.2203833200014,1023.2569131200015,11.000000000001364,1.1478199999999958,0.09583384154311132,1,1,19.000000000005457,1.8120000000000118,5.0,2022,10
QQQ,2022-05-31,long,309.35,305.28,2022-05-31T14:10:00+00:00,2022-05-31T14:20:00+00:00,306.63,0.4399999999999977,304.34000000000003,311.2099999999999,2,2,2022-05-31T14:25:00+00:00,306.65,2022-05-31T18:01:00+00:00,311.19999999999993,TAKE_PROFIT,9.099999999999909,0.12356999999999999,0.05999999999994543,8.976429999999908,1.986899563318789,1.9599192139738102,5.23326117375002,4.579999999999927,0.005,0.004375856514646313,,HYP-FCR-03,baseline,1046.652234750004,1055.628664750004,43.99999999999977,1.2412727272727322,0.35447487915628795,2,2,94.99999999999886,2.2899999999999636,10.0,2022,10
QQQ,2022-06-02,short,306.54,303.4001,2022-06-02T14:20:00+00:00,2022-06-02T14:25:00+00:00,305.4784,0.7400000000000091,307.71,301.0152000000001,2,2,2022-06-02T14:30:00+00:00,305.47,2022-06-02T15:01:00+00:00,307.71999999999997,STOP_LOSS,-4.499999999999886,0.12263800000000001,0.03679999999997108,-4.622637999999887,-1.0082452052339066,-1.035722799784902,5.27814332375002,4.463199999999915,0.005,0.004228001899756009,,HYP-FCR-03,baseline,1055.628664750004,1051.0060267500041,74.00000000000091,1.4258166666666672,0.5190008065553137,1,1,21.999999999997044,2.2315999999999576,5.0,2022,10
SPY,2022-06-02,short,409.68,407.32,2022-06-02T14:15:00+00:00,2022-06-02T14:25:00+00:00,407.9663,0.8199999999999932,410.3,403.29889999999995,2,2,2022-06-02T14:30:00+00:00,407.95,2022-06-02T15:02:00+00:00,410.31,STOP_LOSS,-4.720000000000027,0.16365200000000002,0.05259999999998399,-4.883652000000027,-1.0112696576252267,-1.0463324334747357,5.116284565600008,4.667400000000043,0.005,0.004561317827571499,,HYP-FCR-03,baseline,1023.2569131200015,1018.3732611200015,81.99999999999932,1.4296749999999985,0.5735569272736769,2,2,67.00000000000159,2.3337000000000216,10.0,2022,10
SPY,2022-06-03,long,413.98,411.36,2022-06-03T16:50:00+00:00,2022-06-03T17:00:00+00:00,413.09,0.27010000000001355,411.58,416.10999999999996,2,2,2022-06-03T17:05:00+00:00,413.11,2022-06-03T17:18:00+00:00,411.57,STOP_LOSS,-3.080000000000041,0.16493600000000003,0.06000000000005912,-3.244936000000041,-1.0198675496688938,-1.074482119205318,5.091866305600008,3.019999999999982,0.005,0.002965513839865161,,HYP-FCR-03,baseline,1018.3732611200015,1015.1283251200015,27.010000000001355,0.8097714285714233,0.333550913838139,2,2,30.000000000001137,1.509999999999991,10.0,2022,13
QQQ,2022-06-03,long,310.14,307.5,2022-06-03T17:00:00+00:00,2022-06-03T17:05:00+00:00,307.91,0.05000000000001137,307.1,309.53000000000003,3,3,2022-06-03T17:10:00+00:00,307.90999999999997,2022-06-03T17:15:00+00:00,307.09000000000003,STOP_LOSS,-2.459999999999809,0.1845,0.030000000000143245,-2.644499999999809,-1.0123456790122642,-1.08827160493819,5.2550301337500205,2.430000000000007,0.005,0.0023120704716739124,,HYP-FCR-03,baseline,1051.0060267500041,1048.3615267500043,5.000000000001137,0.7482714285714239,0.06682067240689622,1,1,19.999999999998863,0.8100000000000023,5.0,2022,13
QQQ,2022-06-06,short,311.79,309.04,2022-06-06T15:00:00+00:00,2022-06-06T15:10:00+00:00,309.49,0.9499999999999886,311.63,305.21000000000004,2,2,2022-06-06T15:15:00+00:00,309.49,2022-06-06T19:59:00+00:00,307.26,FORCED_SESSION_CLOSE,4.460000000000036,0.12335,0.01999999999998181,4.336650000000036,1.0420560747663703,1.0132359813084262,5.241807633750021,4.279999999999973,0.005,0.004082561111593134,,HYP-FCR-03,baseline,1048.3615267500043,1052.6981767500042,94.99999999999886,0.769364285714285,1.2347856764861391,2,2,13.839999999999009,2.1399999999999864,10.0,2022,11
SPY,2022-06-06,short,415.495,413.66,2022-06-06T15:05:00+00:00,2022-06-06T15:10:00+00:00,414.43,0.5099999999999909,416.09999999999997,411.0900000000001,2,2,2022-06-06T15:15:00+00:00,414.42,2022-06-06T16:30:00+00:00,411.1000000000001,TAKE_PROFIT,6.639999999999873,0.16510400000000003,0.03999999999996362,6.474895999999872,1.988023952095819,1.9385916167664763,5.075641625600007,3.339999999999918,0.005,0.003290224415327083,,HYP-FCR-03,baseline,1015.1283251200015,1021.6032211200013,50.99999999999909,0.6852714285714318,0.7442306489607704,1,1,67.50000000000114,1.669999999999959,5.0,2022,11
QQQ,2022-06-08,long,311.72,307.95,2022-06-08T19:20:00+00:00,2022-06-08T19:25:00+00:00,308.14,0.12999999999999545,307.73,308.9599999999999,3,3,2022-06-08T19:30:00+00:00,308.17,2022-06-08T19:46:00+00:00,307.72,STOP_LOSS,-1.349999999999966,0.18476700000000001,0.12000000000006139,-1.5347669999999658,-1.0975609756098137,-1.247778048780557,5.263490883750022,1.2299999999999045,0.005,0.0011684260761211577,,HYP-FCR-03,baseline,1052.6981767500042,1051.1634097500043,12.999999999999545,0.5581785714285681,0.23290037750335238,1,1,30.62999999999647,0.40999999999996817,5.0,2022,15
SPY,2022-06-09,short,411.69,408.42,2022-06-09T14:00:00+00:00,2022-06-09T14:05:00+00:00,409.81,0.061399999999991905,411.65999999999997,406.11000000000007,2,2,2022-06-09T14:10:00+00:00,409.82,2022-06-09T19:03:00+00:00,406.12000000000006,TAKE_PROFIT,7.399999999999864,0.16318800000000003,0.03999999999996362,7.236811999999864,2.0,1.9558951351351344,5.108016105600007,3.699999999999932,0.005,0.0036217583534472,,HYP-FCR-03,baseline,1021.6032211200013,1028.8400331200012,6.1399999999991905,1.4157375000000059,0.04336962184020106,1,1,5.000000000001137,1.849999999999966,5.0,2022,10
QQQ,2022-06-09,short,308.62,305.01,2022-06-09T14:40:00+00:00,2022-06-09T14:45:00+00:00,307.5199,0.18009999999998172,308.76,305.03970000000004,3,3,2022-06-09T14:50:00+00:00,307.47,2022-06-09T17:44:00+00:00,305.04970000000003,TAKE_PROFIT,7.260899999999992,0.18375591000000002,0.1796999999999116,7.077144089999992,1.9516974437545591,1.9023046770421965,5.255817048750022,3.720299999999952,0.005,0.003539221367003958,,HYP-FCR-03,baseline,1051.1634097500043,1058.2405538400044,18.009999999998172,1.0339857142857178,0.17418035618064187,1,1,20.49999999999841,1.240099999999984,5.0,2022,10
QQQ,2022-06-13,long,282.34,279.64,2022-06-13T16:30:00+00:00,2022-06-13T16:35:00+00:00,281.0119,0.6600999999999999,278.7521,285.5315000000001,2,2,2022-06-13T16:40:00+00:00,281.0399,2022-06-13T16:56:00+00:00,278.7421,STOP_LOSS,-4.59559999999999,0.11195639999999998,0.07599999999990814,-4.707556399999991,-1.0168156474024044,-1.041586954597731,5.291202769200022,4.519600000000082,0.005,0.00427086259697755,,HYP-FCR-03,baseline,1058.2405538400044,1053.5329974400045,66.00999999999999,0.9684857142857278,0.6815794908103866,1,1,77.99999999999727,2.259800000000041,5.0,2022,12
SPY,2022-06-13,long,381.81,379.18,2022-06-13T16:30:00+00:00,2022-06-13T16:35:00+00:00,381.017,0.535000000000025,378.91,385.23099999999994,2,2,2022-06-13T16:40:00+00:00,381.02,2022-06-13T16:54:00+00:00,378.90000000000003,STOP_LOSS,-4.239999999999895,0.151984,0.025999999999953616,-4.391983999999895,-1.006169909824384,-1.0422363550071085,5.144200165600006,4.213999999999942,0.005,0.004095874834128302,,HYP-FCR-03,baseline,1028.8400331200012,1024.4480491200013,53.5000000000025,1.2072000000000125,0.44317428760770333,1,1,55.00000000000114,2.106999999999971,5.0,2022,12
SPY,2022-06-14,short,377.63,374.5,2022-06-14T14:00:00+00:00,2022-06-14T14:10:00+00:00,375.38,0.3826999999999998,377.45,371.24,2,2,2022-06-14T14:15:00+00:00,375.36,2022-06-14T19:13:00+00:00,371.25,TAKE_PROFIT,8.220000000000027,0.149322,0.05999999999994543,8.070678000000028,1.9855072463768246,1.9494391304347958,5.122240245600007,4.139999999999986,0.005,0.004041200530916367,,HYP-FCR-03,baseline,1024.4480491200013,1032.5187271200014,38.26999999999998,1.3739333333333295,0.2785433548449713,2,2,31.000000000000227,2.069999999999993,10.0,2022,10
QQQ,2022-06-14,long,278.37,274.76,2022-06-14T14:45:00+00:00,2022-06-14T14:50:00+00:00,276.12,0.6100000000000136,274.65000000000003,279.05999999999995,3,3,2022-06-14T14:55:00+00:00,276.135,2022-06-14T15:15:00+00:00,274.64000000000004,STOP_LOSS,-4.484999999999843,0.1652325,0.07499999999993179,-4.650232499999843,-1.0170068027210732,-1.054474489795904,5.267664987200022,4.409999999999911,0.005,0.004185915401525947,,HYP-FCR-03,baseline,1053.5329974400045,1048.8827649400046,61.000000000001364,1.2157142857142884,0.5017626321974249,1,1,21.999999999997044,1.4699999999999704,5.0,2022,10
QQQ,2022-06-15,short,280.91,278.76,2022-06-15T14:15:00+00:00,2022-06-15T14:20:00+00:00,280.51,0.01999999999998181,281.11,279.30999999999995,3,3,2022-06-15T14:25:00+00:00,280.48,2022-06-15T14:40:00+00:00,279.31999999999994,TAKE_PROFIT,3.4800000000002456,0.16794,0.11999999999989086,3.3120600000002454,1.9333333333333964,1.8400333333334,5.244413824700023,1.8000000000000682,0.005,0.0017161117144517358,,HYP-FCR-03,baseline,1048.8827649400046,1052.1948249400048,1.999999999998181,1.034109090909076,0.019340319291072078,1,1,28.999999999996362,0.6000000000000227,5.0,2022,10
SPY,2022-06-15,short,379.13,376.7,2022-06-15T14:10:00+00:00,2022-06-15T14:45:00+00:00,377.3999,0.1500000000000341,377.94,376.3197,2,2,2022-06-15T14:50:00+00:00,377.37,2022-06-15T15:11:00+00:00,376.3297,TAKE_PROFIT,2.080600000000004,0.15073994000000002,0.07979999999997744,1.929860060000004,1.92612479170526,1.7865766154416038,5.162593635600007,1.0801999999999907,0.005,0.0010461795719802452,,HYP-FCR-03,baseline,1032.5187271200014,1034.4485871800014,15.00000000000341,0.7364571428571358,0.20367783985107246,7,7,24.00000000000091,0.5400999999999954,35.0,2022,10
SPY,2022-06-16,long,370.94,368.01,2022-06-16T14:20:00+00:00,2022-06-16T14:25:00+00:00,368.93,0.07499999999998863,367.56,371.67,2,2,2022-06-16T14:30:00+00:00,368.95,2022-06-16T14:41:00+00:00,367.55,STOP_LOSS,-2.7999999999999545,0.14730000000000001,0.05999999999994543,-2.9472999999999545,-1.0218978102189582,-1.0756569343065492,5.172242935900007,2.740000000000009,0.005,0.0026487541613542075,,HYP-FCR-03,baseline,1034.4485871800014,1031.5012871800013,7.499999999998863,1.1870750000000025,0.06318050670765409,1,1,43.99999999999977,1.3700000000000045,5.0,2022,10
QQQ,2022-06-17,long,276.06,272.03,2022-06-17T15:00:00+00:00,2022-06-17T15:05:00+00:00,274.02,0.37999999999999545,271.34000000000003,279.3799999999999,1,1,2022-06-17T15:10:00+00:00,274.03999999999996,2022-06-17T19:59:00+00:00,274.7,FORCED_SESSION_CLOSE,0.660000000000025,0.054874000000000006,0.029999999999972715,0.605126000000025,0.24626865671643183,0.2257932835821031,5.260974124700024,2.67999999999995,0.005,0.002547056815407509,,HYP-FCR-03,baseline,1052.1948249400048,1052.7999509400047,37.999999999999545,1.183028571428569,0.3212094865478401,1,1,108.9999999999975,2.67999999999995,5.0,2022,11
SPY,2022-06-17,long,369.38,365.43,2022-06-17T16:55:00+00:00,2022-06-17T17:05:00+00:00,368.01,0.6050000000000182,365.22,373.5899999999999,1,1,2022-06-17T17:10:00+00:00,368.03,2022-06-17T19:59:00+00:00,365.83,FORCED_SESSION_CLOSE,-2.1999999999999886,0.07338599999999999,0.029999999999972715,-2.273385999999989,-0.788530465949827,-0.8148336917562791,5.1575064359000065,2.7899999999999636,0.005,0.002704795461407017,,HYP-FCR-03,baseline,1031.5012871800013,1029.2279011800013,60.50000000000182,1.0004857142857142,0.6047062855184807,2,2,36.000000000001364,2.7899999999999636,10.0,2022,13
QQQ,2022-06-21,short,282.345,278.64,2022-06-21T17:30:00+00:00,2022-06-21T18:00:00+00:00,281.3,0.07999999999998408,282.03,279.8400000000001,3,3,2022-06-21T18:05:00+00:00,281.29900000000004,2022-06-21T18:55:00+00:00,282.03999999999996,STOP_LOSS,-2.222999999999786,0.1690017,0.032999999999901775,-2.3920016999997857,-1.0150684931506408,-1.0922382191780422,5.2639997547000235,2.189999999999884,0.005,0.0020801672701870064,,HYP-FCR-03,baseline,1052.7999509400047,1050.4079492400049,7.999999999998408,0.4199214285714317,0.19051183044443157,6,6,12.5,0.7299999999999613,30.0,2022,14
SPY,2022-06-21,short,374.91,371.81,2022-06-21T17:55:00+00:00,2022-06-21T18:00:00+00:00,374.74,0.11000000000001364,375.2799,373.66020000000003,2,2,2022-06-21T18:05:00+00:00,374.72,2022-06-21T18:10:00+00:00,375.2899,STOP_LOSS,-1.1397999999999229,0.15000198,0.05999999999994543,-1.289801979999923,-1.0555658455269001,-1.194482293017179,5.146139505900006,1.0797999999999774,0.005,0.0010491359578981446,,HYP-FCR-03,baseline,1029.2279011800013,1027.9380992000013,11.000000000001364,0.41884285714286307,0.2626283297520668,1,1,14.999999999997726,0.5398999999999887,5.0,2022,14
QQQ,2022-06-22,short,282.11,277.91,2022-06-22T15:50:00+00:00,2022-06-22T15:55:00+00:00,281.34,0.07409999999998718,282.62989999999996,278.7602,3,3,2022-06-22T16:00:00+00:00,281.31,2022-06-22T16:34:00+00:00,282.63989999999995,STOP_LOSS,-3.989699999999857,0.16918497000000002,0.11999999999989086,-4.158884969999857,-1.0310101558260052,-1.0747305915186949,5.252039746200024,3.869699999999966,0.005,0.0036839972534478496,,HYP-FCR-03,baseline,1050.4079492400049,1046.249064270005,7.409999999998718,0.7543499999999922,0.09823026446608066,1,1,36.000000000001364,1.2898999999999887,5.0,2022,12
SPY,2022-06-23,short,377.38,374.8,2022-06-23T14:05:00+00:00,2022-06-23T14:10:00+00:00,375.95,0.2699999999999818,377.17,373.50999999999993,2,2,2022-06-23T14:15:00+00:00,375.94,2022-06-23T14:40:00+00:00,377.18,STOP_LOSS,-2.480000000000018,0.150624,0.03999999999996362,-2.6306240000000183,-1.0163934426229355,-1.0781245901639178,5.139690496000006,2.4400000000000546,0.005,0.0023736837868924194,,HYP-FCR-03,baseline,1027.9380992000013,1025.3074752000011,26.99999999999818,1.3911111111111216,0.19408945686899504,1,1,5.000000000001137,1.2200000000000273,5.0,2022,10
QQQ,2022-06-23,short,283.78,280.31,2022-06-23T15:35:00+00:00,2022-06-23T15:40:00+00:00,283.5901,0.0999999999999659,284.5,281.7703,3,3,2022-06-23T15:45:00+00:00,283.56,2022-06-23T16:04:00+00:00,281.7803,TAKE_PROFIT,5.3390999999999735,0.16960209,0.12029999999998608,5.169497909999974,1.9559292229915424,1.8937970875920476,5.231245321350025,2.72969999999998,0.005,0.00260903459149525,,HYP-FCR-03,baseline,1046.249064270005,1051.418562180005,9.99999999999659,0.8145571428571381,0.12276609551198116,1,1,7.000000000005002,0.9098999999999933,5.0,2022,11
QQQ,2022-06-27,long,296.5799,291.92,2022-06-27T19:05:00+00:00,2022-06-27T19:15:00+00:00,292.79,0.25,291.90000000000003,294.57,3,3,2022-06-27T19:20:00+00:00,292.78499999999997,2022-06-27T19:36:00+00:00,291.89000000000004,STOP_LOSS,-2.684999999999775,0.17540250000000002,0.0450000000001296,-2.860402499999775,-1.005617977528021,-1.071311797752741,5.2570928109000254,2.669999999999959,0.005,0.002539426348403054,,HYP-FCR-03,baseline,1051.418562180005,1048.5581596800052,25.0,0.5495357142857082,0.4549294859296859,2,2,37.000000000000455,0.8899999999999864,10.0,2022,15
SPY,2022-06-27,long,391.36,387.52,2022-06-27T19:05:00+00:00,2022-06-27T19:15:00+00:00,389.04,0.30000000000001137,387.8231,391.47380000000004,2,2,2022-06-27T19:20:00+00:00,389.03,2022-06-27T19:38:00+00:00,387.8131,STOP_LOSS,-2.4337999999999056,0.15536862,0.04000000000007731,-2.5891686199999056,-0.9999999999999533,-1.0638378749280488,5.126537376000006,2.4338000000000193,0.005,0.0023737269637337534,,HYP-FCR-03,baseline,1025.3074752000011,1022.7183065800012,30.000000000001137,0.6242500000000015,0.48057669203045356,2,2,6.000000000000227,1.2169000000000096,10.0,2022,15
QQQ,2022-06-29,short,284.7,280.84,2022-06-29T14:10:00+00:00,2022-06-29T14:15:00+00:00,282.6105,0.2400000000000091,284.93,277.9715,2,2,2022-06-29T14:20:00+00:00,282.59000000000003,2022-06-29T14:42:00+00:00,284.94,STOP_LOSS,-4.699999999999932,0.113506,0.06099999999992178,-4.813505999999932,-1.0131493856434408,-1.0376171588704293,5.242790798400026,4.63900000000001,0.005,0.0044241704260026184,,HYP-FCR-03,baseline,1048.5581596800052,1043.7446536800053,24.00000000000091,1.5935499999999991,0.15060713501302703,1,1,29.000000000002046,2.319500000000005,5.0,2022,10
SPY,2022-06-29,short,381.91,378.42,2022-06-29T14:10:00+00:00,2022-06-29T14:20:00+00:00,380.37,0.6599999999999682,381.34499999999997,378.4200000000001,2,2,2022-06-29T14:25:00+00:00,380.37,2022-06-29T14:25:00+00:00,381.35499999999996,STOP_LOSS,-1.9699999999999136,0.15234499999999998,0.01999999999998181,-2.1223449999999136,-1.0102564102564013,-1.088382051282045,5.113591532900006,1.9499999999999318,0.005,0.0019066833823682952,,HYP-FCR-03,baseline,1022.7183065800012,1020.5959615800014,65.99999999999682,1.3706545454545458,0.4815217679675038,2,2,20.999999999997954,0.9749999999999659,10.0,2022,10
SPY,2022-06-30,long,377.0,373.05,2022-06-30T14:10:00+00:00,2022-06-30T14:15:00+00:00,373.55,0.01999999999998181,372.76,375.13000000000005,2,2,2022-06-30T14:20:00+00:00,373.57,2022-06-30T14:53:00+00:00,375.12000000000006,TAKE_PROFIT,3.1000000000001364,0.149738,0.05999999999994543,2.9502620000001363,1.9620253164557317,1.8672544303797847,5.102979807900007,1.580000000000041,0.005,0.0015481150812648886,,HYP-FCR-03,baseline,1020.5959615800014,1023.5462235800015,1.999999999998181,1.0775500000000022,0.018560623636937282,1,1,21.000000000003638,0.7900000000000205,5.0,2022,10
QQQ,2022-06-30,long,281.5196,276.81,2022-06-30T14:30:00+00:00,2022-06-30T14:35:00+00:00,277.52,0.5600000000000023,276.535,279.4899999999999,3,3,2022-06-30T14:40:00+00:00,277.525,2022-06-30T15:09:00+00:00,279.4799999999999,TAKE_PROFIT,5.864999999999782,0.1671015,0.04499999999995907,5.6978984999997815,1.984771573604074,1.9282228426396046,5.218723268400026,2.9549999999998704,0.005,0.002831152226343115,,HYP-FCR-03,baseline,1043.7446536800053,1049.4425521800051,56.00000000000023,1.1695285714285757,0.47882541194864864,1,1,30.889999999999418,0.9849999999999568,5.0,2022,10
SPY,2022-07-01,short,379.71,375.75,2022-07-01T14:00:00+00:00,2022-07-01T14:05:00+00:00,377.8131,0.2599999999999909,379.07,375.2993000000001,2,2,2022-07-01T14:10:00+00:00,377.815,2022-07-01T14:18:00+00:00,375.30930000000006,TAKE_PROFIT,5.011399999999867,0.15062486000000003,0.023799999999937427,4.860775139999867,1.9935555732357282,1.933636383164918,5.117731117900008,2.5137999999999465,0.005,0.0024559711540994857,,HYP-FCR-03,baseline,1023.5462235800015,1028.4069987200014,25.99999999999909,1.5762500000000017,0.16494845360824148,1,1,31.999999999999318,1.2568999999999733,5.0,2022,10
QQQ,2022-07-01,short,281.82,277.4,2022-07-01T14:00:00+00:00,2022-07-01T14:15:00+00:00,279.2201,0.4900000000000091,280.88,275.9003,3,3,2022-07-01T14:20:00+00:00,279.21000000000004,2022-07-01T16:59:00+00:00,277.89,FORCED_SESSION_CLOSE,3.96000000000015,0.16713000000000003,0.060299999999870124,3.79287000000015,0.7952286282306497,0.7616663654437346,5.247212760900026,4.97969999999998,0.005,0.00474509060992015,,HYP-FCR-03,baseline,1049.4425521800051,1053.2354221800053,49.00000000000091,1.6889999999999872,0.2901124925991787,3,3,43.99999999999977,1.6598999999999933,15.0,2022,10
SPY,2022-07-05,long,376.33,373.28,2022-07-05T14:05:00+00:00,2022-07-05T14:15:00+00:00,374.1895,0.01999999999998181,373.17,376.2285,2,2,2022-07-05T14:20:00+00:00,374.18,2022-07-05T14:38:00+00:00,376.2185,TAKE_PROFIT,4.076999999999998,0.1500797,0.03899999999998727,3.926920299999998,1.9995095635115367,1.9259050024521935,5.142034993600007,2.0389999999999873,0.005,0.0019826780666971464,,HYP-FCR-03,baseline,1028.4069987200014,1032.3339190200013,1.999999999998181,1.271960000000007,0.015723764898252852,2,2,35.99999999999568,1.0194999999999936,10.0,2022,10
QQQ,2022-07-06,long,288.7355,285.63,2022-07-06T15:30:00+00:00,2022-07-06T17:00:00+00:00,287.49,0.11000000000001364,287.01,288.45000000000005,3,3,2022-07-06T17:05:00+00:00,287.51,2022-07-06T18:05:00+00:00,288.44000000000005,TAKE_PROFIT,2.790000000000191,0.17278500000000002,0.08999999999991815,2.617215000000191,1.9375000000000593,1.8175104166667302,5.266177110900027,1.4400000000000546,0.005,0.0013672156952521755,,HYP-FCR-03,baseline,1053.2354221800053,1055.8526371800056,11.000000000001364,0.5074999999999891,0.21674876847293795,18,18,4.000000000002046,0.4800000000000182,90.0,2022,13
SPY,2022-07-06,long,383.66,380.81,2022-07-06T16:55:00+00:00,2022-07-06T17:00:00+00:00,381.35,0.1150000000000091,380.71000000000004,382.63,2,2,2022-07-06T17:05:00+00:00,381.4,2022-07-06T18:05:00+00:00,382.62,TAKE_PROFIT,2.4400000000000546,0.152804,0.11999999999989086,2.2871960000000544,1.9062500000000833,1.7868718750000805,5.1616695951000064,1.2799999999999727,0.005,0.0012399088864725881,,HYP-FCR-03,baseline,1032.3339190200013,1034.6211150200013,11.50000000000091,0.5589000000000023,0.20576131687244342,1,1,18.999999999999773,0.6399999999999864,5.0,2022,13
SPY,2022-07-08,long,388.54,385.8738,2022-07-08T14:00:00+00:00,2022-07-08T14:15:00+00:00,387.21,0.3199999999999932,386.44,388.74999999999994,2,2,2022-07-08T14:20:00+00:00,387.24,2022-07-08T14:27:00+00:00,388.73999999999995,TAKE_PROFIT,2.9999999999998863,0.155196,0.08000000000004093,2.844803999999886,1.9480519480519203,1.8472753246752944,5.173105575100006,1.5399999999999636,0.005,0.0014884675922839563,,HYP-FCR-03,baseline,1034.6211150200013,1037.4659190200011,31.999999999999318,0.9541099999999971,0.3353910974625506,3,3,21.3799999999992,0.7699999999999818,15.0,2022,10
QQQ,2022-07-08,short,293.87,291.12,2022-07-08T16:35:00+00:00,2022-07-08T16:40:00+00:00,293.21,0.05570000000000164,293.78,292.07,3,3,2022-07-08T16:45:00+00:00,293.18,2022-07-08T17:11:00+00:00,293.78999999999996,STOP_LOSS,-1.8299999999998704,0.176091,0.11999999999989086,-2.0060909999998704,-1.0701754385964282,-1.1731526315788856,5.279263185900028,1.7099999999999795,0.005,0.001619544186172689,,HYP-FCR-03,baseline,1055.8526371800056,1053.8465461800056,5.570000000000164,0.653964285714291,0.08517284692261663,1,1,12.000000000000455,0.5699999999999932,5.0,2022,12
QQQ,2022-07-11,long,293.11,288.2,2022-07-11T14:00:00+00:00,2022-07-11T14:30:00+00:00,289.94,9.999999997489795e-05,289.01,291.8,3,3,2022-07-11T14:35:00+00:00,289.96999999999997,2022-07-11T19:04:00+00:00,289.0,STOP_LOSS,-2.9099999999999113,0.17369099999999998,0.11999999999989086,-3.083690999999911,-1.0430107526881327,-1.1052655913978096,5.269232730900028,2.7900000000000205,0.005,0.0026474442698638076,,HYP-FCR-03,baseline,1053.8465461800056,1050.7628551800058,0.009999999997489795,0.9885692307692318,0.00010115629423048633,6,6,6.000000000000227,0.9300000000000068,30.0,2022,10
SPY,2022-07-11,long,386.87,383.67,2022-07-11T14:20:00+00:00,2022-07-11T15:10:00+00:00,384.9,0.2699999999999818,384.1,386.4999999999999,2,2,2022-07-11T15:15:00+00:00,384.9314,2022-07-11T15:52:00+00:00,384.09000000000003,STOP_LOSS,-1.6827999999999292,0.15380428000000002,0.08280000000002019,-1.8366042799999294,-1.0517500000000155,-1.147877675000021,5.187329595100006,1.599999999999909,0.005,0.001542219335273473,,HYP-FCR-03,baseline,1037.4659190200011,1035.6293147400013,26.99999999999818,0.6810000000000035,0.3964757709250814,10,10,0.9999999999990905,0.7999999999999545,50.0,2022,11
QQQ,2022-07-12,long,292.28,288.03,2022-07-12T14:50:00+00:00,2022-07-12T15:10:00+00:00,289.42,0.12069999999999936,288.33,291.6000000000001,3,3,2022-07-12T15:15:00+00:00,289.48,2022-07-12T18:31:00+00:00,288.32,STOP_LOSS,-3.480000000000075,0.17334000000000002,0.20999999999997954,-3.653340000000075,-1.0642201834862304,-1.1172293577981556,5.253814275900029,3.2700000000000955,0.005,0.0031120247388645205,,HYP-FCR-03,baseline,1050.7628551800058,1047.1095151800057,12.069999999999936,0.9491357142857046,0.12716832607108786,4,4,49.59999999999809,1.0900000000000318,20.0,2022,11
SPY,2022-07-12,long,386.16,383.59,2022-07-12T15:05:00+00:00,2022-07-12T15:10:00+00:00,384.7432,0.09000000000003183,383.77,386.68960000000004,2,2,2022-07-12T15:15:00+00:00,384.77,2022-07-12T17:20:00+00:00,383.76,STOP_LOSS,-2.019999999999982,0.153706,0.07359999999994216,-2.173705999999982,-1.037813399095736,-1.116782778462771,5.1781465737000065,1.9464000000000397,0.005,0.001879436949396021,,HYP-FCR-03,baseline,1035.6293147400013,1033.4556087400013,9.000000000003183,0.7967214285714265,0.11296294636057136,1,1,8.999999999997499,0.9732000000000198,5.0,2022,11
SPY,2022-07-14,long,374.4,371.7416,2022-07-14T14:45:00+00:00,2022-07-14T15:25:00+00:00,374.2,0.03500000000002501,373.2,376.2,2,2,2022-07-14T15:30:00+00:00,374.2,2022-07-14T16:49:00+00:00,373.19,STOP_LOSS,-2.019999999999982,0.149478,0.01999999999998181,-2.169477999999982,-1.009999999999991,-1.084738999999991,5.167278043700007,2.0,0.005,0.0019352548702487751,,HYP-FCR-03,baseline,1033.4556087400013,1031.2861307400012,3.500000000002501,0.8282214285714247,0.04225923019209429,8,8,7.159999999998945,1.0,40.0,2022,11
QQQ,2022-07-14,short,283.93,280.68,2022-07-14T16:20:00+00:00,2022-07-14T16:30:00+00:00,283.48,0.04989999999997963,284.15999999999997,282.1200000000001,3,3,2022-07-14T16:35:00+00:00,283.47,2022-07-14T17:26:00+00:00,284.16999999999996,STOP_LOSS,-2.0999999999997954,0.17029200000000003,0.05999999999994543,-2.2702919999997953,-1.0294117647058578,-1.1128882352940992,5.2355475759000285,2.03999999999985,0.005,0.0019482202868237322,,HYP-FCR-03,baseline,1047.1095151800057,1044.839223180006,4.989999999997963,0.6951142857142908,0.07178675654565639,2,2,55.00000000000114,0.67999999999995,10.0,2022,12
QQQ,2022-07-15,short,291.23,288.08,2022-07-15T14:00:00+00:00,2022-07-15T14:45:00+00:00,290.0299,0.17009999999999081,290.63,288.8297,3,3,2022-07-15T14:50:00+00:00,290.02,2022-07-15T15:02:00+00:00,290.64,STOP_LOSS,-1.8600000000000136,0.17419800000000002,0.059700000000020736,-2.0341980000000137,-1.0331611398100433,-1.1299216797200586,5.22419611590003,1.800299999999993,0.005,0.00172304021524069,,HYP-FCR-03,baseline,1044.839223180006,1042.805025180006,17.00999999999908,1.0564214285714277,0.16101528745967675,9,9,9.99999999999659,0.6000999999999976,45.0,2022,10
SPY,2022-07-18,long,389.09,387.67,2022-07-18T15:30:00+00:00,2022-07-18T15:40:00+00:00,388.37,0.04450000000002774,387.63,389.85,2,2,2022-07-18T15:45:00+00:00,388.37,2022-07-18T16:50:00+00:00,387.62,STOP_LOSS,-1.5,0.155198,0.01999999999998181,-1.655198,-1.0135135135135012,-1.1183770270270132,5.156430653700006,1.4800000000000182,0.005,0.0014351012351325248,,HYP-FCR-03,baseline,1031.2861307400012,1029.6309327400013,4.450000000002774,0.4197071428571389,0.10602631086308383,2,2,27.000000000003865,0.7400000000000091,10.0,2022,11
SPY,2022-07-20,long,392.93,391.31,2022-07-20T14:05:00+00:00,2022-07-20T14:10:00+00:00,392.245,0.060000000000002274,391.45,393.83500000000004,2,2,2022-07-20T14:15:00+00:00,392.27,2022-07-20T14:31:00+00:00,393.82500000000005,TAKE_PROFIT,3.1100000000001273,0.15721900000000003,0.06999999999993634,2.9527810000001273,1.9559748427673365,1.857094968553502,5.148154663700007,1.5900000000000318,0.005,0.0015442426499064135,,HYP-FCR-03,baseline,1029.6309327400013,1032.5837137400015,6.000000000000227,0.7541888888888858,0.0795556668680146,1,1,28.000000000002956,0.7950000000000159,5.0,2022,10
QQQ,2022-07-21,short,304.3,301.7,2022-07-21T14:00:00+00:00,2022-07-21T14:05:00+00:00,302.79,0.33089999999998554,304.26,299.8500000000001,3,3,2022-07-21T14:10:00+00:00,302.75,2022-07-21T15:32:00+00:00,304.27,STOP_LOSS,-4.559999999999945,0.182106,0.1500000000000341,-4.7421059999999455,-1.0340136054421853,-1.0753074829932066,5.214025125900029,4.409999999999911,0.005,0.004228978470101513,,HYP-FCR-03,baseline,1042.805025180006,1038.062919180006,33.089999999998554,1.4383875000000046,0.23004927392652152,1,1,57.99999999999841,1.4699999999999704,5.0,2022,10
SPY,2022-07-21,short,395.5,392.77,2022-07-21T14:00:00+00:00,2022-07-21T14:05:00+00:00,393.67,0.6406000000000063,395.34999999999997,390.3100000000001,2,2,2022-07-21T14:10:00+00:00,393.67,2022-07-21T15:32:00+00:00,395.35999999999996,STOP_LOSS,-3.3799999999998818,0.157806,0.01999999999998181,-3.5378059999998817,-1.0059523809523758,-1.0529184523809485,5.162918568700007,3.3599999999999,0.005,0.00325397346025344,,HYP-FCR-03,baseline,1032.5837137400015,1029.0459077400017,64.06000000000063,1.2861375000000095,0.49808049294885,1,1,25.99999999999909,1.67999999999995,5.0,2022,10
QQQ,2022-07-22,long,308.55,305.46,2022-07-22T14:10:00+00:00,2022-07-22T14:15:00+00:00,306.293,0.4300000000000068,305.22,308.43899999999996,3,3,2022-07-22T14:20:00+00:00,306.315,2022-07-22T14:27:00+00:00,305.21000000000004,STOP_LOSS,-3.314999999999884,0.18345750000000002,0.0959999999999468,-3.498457499999884,-1.0298229263746346,-1.0868150046598173,5.1903145959000305,3.2189999999999372,0.005,0.0031009681017627644,,HYP-FCR-03,baseline,1038.062919180006,1034.5644616800062,43.00000000000068,1.15938000000001,0.37088788835412295,1,1,25.99999999999909,1.072999999999979,5.0,2022,10
SPY,2022-07-22,long,400.18,397.91,2022-07-22T14:10:00+00:00,2022-07-22T14:15:00+00:00,398.83,0.4700000000000273,397.44,401.60999999999996,2,2,2022-07-22T14:20:00+00:00,398.86,2022-07-22T15:21:00+00:00,397.43,STOP_LOSS,-2.8600000000000136,0.159258,0.08000000000004093,-3.0192580000000135,-1.028776978417281,-1.086064028776994,5.145229538700009,2.7799999999999727,0.005,0.002701531563451265,,HYP-FCR-03,baseline,1029.0459077400017,1026.0266497400016,47.00000000000273,1.0700000000000045,0.43925233644862177,1,1,50.0,1.3899999999999864,5.0,2022,10
SPY,2022-07-25,long,396.05,394.03,2022-07-25T14:35:00+00:00,2022-07-25T14:45:00+00:00,395.2489,0.4399999999999977,394.29,397.16669999999993,2,2,2022-07-25T14:50:00+00:00,395.25,2022-07-25T15:17:00+00:00,394.28000000000003,STOP_LOSS,-1.9399999999999409,0.157906,0.022199999999998,-2.097905999999941,-1.0115757638961302,-1.0939128167692165,5.130133248700008,1.9177999999999429,0.005,0.0018691522296091622,,HYP-FCR-03,baseline,1026.0266497400016,1023.9287437400017,43.99999999999977,0.8272214285714361,0.5319011147472962,2,2,15.999999999996817,0.9588999999999714,10.0,2022,10
QQQ,2022-07-25,long,302.5,300.364,2022-07-25T15:30:00+00:00,2022-07-25T15:35:00+00:00,300.7179,0.1500000000000341,299.79,302.5736999999999,3,3,2022-07-25T15:40:00+00:00,300.73,2022-07-25T16:16:00+00:00,299.78000000000003,STOP_LOSS,-2.849999999999966,0.18015300000000004,0.0663000000000693,-3.030152999999966,-1.0238172216833967,-1.0885343248195132,5.172822308400031,2.7836999999998966,0.005,0.002690697489723848,,HYP-FCR-03,baseline,1034.5644616800062,1031.5343086800062,15.00000000000341,0.69527857142858,0.21574086440177645,1,1,2.400000000000091,0.9278999999999655,5.0,2022,11
SPY,2022-07-28,long,402.77,398.33,2022-07-28T14:25:00+00:00,2022-07-28T14:40:00+00:00,399.76,0.17000000000001592,398.75,401.78,2,2,2022-07-28T14:45:00+00:00,399.84,2022-07-28T15:02:00+00:00,401.77,TAKE_PROFIT,3.8600000000000136,0.160322,0.17999999999994998,3.699678000000014,1.9108910891089348,1.831523762376261,5.119643718700009,2.019999999999982,0.005,0.001972793529188106,,HYP-FCR-03,baseline,1023.9287437400017,1027.6284217400016,17.00000000000159,1.030371428571438,0.16498904694563687,3,3,18.000000000000682,1.009999999999991,15.0,2022,10
QQQ,2022-07-28,long,307.69,302.87,2022-07-28T14:30:00+00:00,2022-07-28T14:50:00+00:00,305.06,0.5800000000000409,303.88,307.42,3,3,2022-07-28T14:55:00+00:00,305.06,2022-07-28T15:24:00+00:00,307.41,TAKE_PROFIT,7.050000000000068,0.18374100000000002,0.029999999999972715,6.866259000000068,1.9915254237288214,1.9396211864406858,5.157671543400031,3.5400000000000205,0.005,0.0034317811537746623,,HYP-FCR-03,baseline,1031.5343086800062,1038.4005676800064,58.00000000000409,0.9699857142857208,0.5979469506178676,4,4,12.5,1.1800000000000068,20.0,2022,10
QQQ,2022-07-29,short,313.36,309.931,2022-07-29T14:55:00+00:00,2022-07-29T15:00:00+00:00,312.31,0.6299999999999955,314.01,308.91,3,3,2022-07-29T15:05:00+00:00,312.3,2022-07-29T17:23:00+00:00,314.02,STOP_LOSS,-5.159999999999911,0.187896,0.05999999999994543,-5.347895999999912,-1.0117647058823422,-1.048607058823519,5.192002838400032,5.099999999999966,0.005,0.004911399472165526,,HYP-FCR-03,baseline,1038.4005676800064,1033.0526716800064,62.999999999999545,0.7606000000000067,0.8282934525374571,1,1,57.69999999999982,1.6999999999999886,5.0,2022,11
SPY,2022-07-29,short,409.47,406.77,2022-07-29T15:05:00+00:00,2022-07-29T15:25:00+00:00,408.3,0.16669999999999163,409.37,406.16,2,2,2022-07-29T15:30:00+00:00,408.27,2022-07-29T15:41:00+00:00,409.38,STOP_LOSS,-2.2200000000000273,0.16353,0.08000000000004093,-2.3835300000000275,-1.0373831775701128,-1.1137990654205807,5.138142108700008,2.1399999999999864,0.005,0.0020824647846704107,,HYP-FCR-03,baseline,1027.6284217400016,1025.2448917400015,16.669999999999163,0.6411642857142762,0.259995766629894,4,4,2.9999999999972715,1.0699999999999932,20.0,2022,11
QQQ,2022-08-01,short,316.738,312.53,2022-08-01T14:15:00+00:00,2022-08-01T14:20:00+00:00,316.38,0.4800000000000182,317.59999999999997,313.94000000000005,3,3,2022-08-01T14:25:00+00:00,316.34000000000003,2022-08-01T14:46:00+00:00,317.60999999999996,STOP_LOSS,-3.809999999999775,0.190185,0.14999999999986358,-4.0001849999997745,-1.0409836065573408,-1.0929467213114403,5.165263358400032,3.6599999999999113,0.005,0.0035428977634294487,,HYP-FCR-03,baseline,1033.0526716800064,1029.0524866800065,48.00000000000182,1.1501454545454572,0.41733851844827435,1,1,88.2000000000005,1.2199999999999704,5.0,2022,10
SPY,2022-08-01,short,411.76,408.4,2022-08-01T14:15:00+00:00,2022-08-01T14:20:00+00:00,411.0707,0.9399999999999977,412.46,408.2921,2,2,2022-08-01T14:25:00+00:00,411.05,2022-08-01T14:49:00+00:00,412.46999999999997,STOP_LOSS,-2.839999999999918,0.16470400000000002,0.06139999999993506,-3.004703999999918,-1.0220974591520677,-1.0813733534873449,5.126224458700007,2.778599999999983,0.005,0.002710181754999298,,HYP-FCR-03,baseline,1025.2448917400015,1022.2401877400016,93.99999999999977,1.021363636363648,0.9203382287494309,1,1,78.00000000000296,1.3892999999999915,5.0,2022,10
QQQ,2022-08-02,long,315.15,312.61,2022-08-02T14:10:00+00:00,2022-08-02T14:45:00+00:00,314.9642,0.17000000000001592,313.71000000000004,317.47259999999994,3,3,2022-08-02T14:50:00+00:00,314.96,2022-08-02T16:19:00+00:00,317.46259999999995,TAKE_PROFIT,7.507799999999918,0.18972677999999998,0.04260000000004993,7.318073219999918,1.9953755381917035,1.9449511561154784,5.145262433400033,3.7625999999999067,0.005,0.0036563732644376984,,HYP-FCR-03,baseline,1029.0524866800065,1036.3705599000064,17.00000000000159,1.1234642857142856,0.15131767174239266,7,7,76.99000000000069,1.254199999999969,35.0,2022,10
SPY,2022-08-02,short,409.77,407.6787,2022-08-02T19:05:00+00:00,2022-08-02T19:20:00+00:00,408.62,0.03000000000002956,409.51,406.84000000000003,2,2,2022-08-02T19:25:00+00:00,408.6,2022-08-02T19:35:00+00:00,409.52,STOP_LOSS,-1.8399999999999181,0.16362400000000002,0.05999999999994543,-2.003623999999918,-1.0337078651685092,-1.1256314606741287,5.111200938700008,1.7799999999999727,0.005,0.0017412737450043406,,HYP-FCR-03,baseline,1022.2401877400016,1020.2365637400017,3.000000000002956,0.6413000000000011,0.04677997816938953,3,3,6.1399999999991905,0.8899999999999864,15.0,2022,15
QQQ,2022-08-03,short,319.32,315.99,2022-08-03T14:15:00+00:00,2022-08-03T14:20:00+00:00,319.02,0.39999999999997726,320.13,316.79999999999995,3,3,2022-08-03T14:25:00+00:00,319.02,2022-08-03T15:10:00+00:00,320.14,STOP_LOSS,-3.3600000000000136,0.191748,0.029999999999972715,-3.5517480000000137,-1.0090090090090007,-1.066590990990982,5.181852799500032,3.330000000000041,0.005,0.0032131364290407228,,HYP-FCR-03,baseline,1036.3705599000064,1032.8188119000063,39.999999999997726,1.0034727272727288,0.3986157163305379,1,1,76.99999999999818,1.1100000000000136,5.0,2022,10
SPY,2022-08-03,short,411.725,410.0,2022-08-03T14:15:00+00:00,2022-08-03T14:20:00+00:00,410.965,0.9099999999999682,412.17,408.5549999999999,2,2,2022-08-03T14:25:00+00:00,410.98,2022-08-03T15:11:00+00:00,412.18,STOP_LOSS,-2.3999999999999773,0.16463200000000003,0.05000000000006821,-2.5646319999999774,-0.9958506224065957,-1.0641626556016142,5.101182818700009,2.410000000000082,0.005,0.0023621972448874605,,HYP-FCR-03,baseline,1020.2365637400017,1017.6719317400017,90.99999999999682,0.8156727272727267,1.1156435290445876,1,1,60.62000000000012,1.205000000000041,5.0,2022,10
SPY,2022-08-04,short,415.05,413.43,2022-08-04T14:05:00+00:00,2022-08-04T14:20:00+00:00,413.7,0.10000000000002274,414.5935,411.91299999999995,2,2,2022-08-04T14:25:00+00:00,413.68,2022-08-04T16:13:00+00:00,414.6035,STOP_LOSS,-1.84699999999998,0.16565670000000002,0.05999999999994543,-2.01265669999998,-1.0335758254056766,-1.126276832680437,5.088359658700009,1.7870000000000346,0.005,0.001755968642020662,,HYP-FCR-03,baseline,1017.6719317400017,1015.6592750400017,10.000000000002274,0.8204545454545485,0.12188365650972255,3,3,3.999999999996362,0.8935000000000173,15.0,2022,10
QQQ,2022-08-04,long,324.52,322.21,2022-08-04T15:45:00+00:00,2022-08-04T15:50:00+00:00,323.16,0.4200000000000159,321.25,326.9800000000001,2,2,2022-08-04T15:55:00+00:00,323.15999999999997,2022-08-04T19:59:00+00:00,324.315,FORCED_SESSION_CLOSE,2.310000000000059,0.129495,0.020000000000095497,2.180505000000059,0.6047120418848243,0.5708128272251389,5.164094059500031,3.82000000000005,0.005,0.0036986158230141613,,HYP-FCR-03,baseline,1032.8188119000063,1034.9993169000063,42.00000000000159,0.7597214285714203,0.5528342155489594,1,1,18.000000000000682,1.910000000000025,5.0,2022,11
QQQ,2022-08-05,short,321.43,319.09,2022-08-05T15:00:00+00:00,2022-08-05T15:05:00+00:00,321.04,0.5500000000000114,322.1357,318.8486000000001,3,3,2022-08-05T15:10:00+00:00,321.02,2022-08-05T15:27:00+00:00,318.8586000000001,TAKE_PROFIT,6.484199999999703,0.19196358000000002,0.09000000000008868,6.2922364199997025,1.9726202427671529,1.914221173678897,5.174996584500032,3.2870999999998958,0.005,0.00317594412510851,,HYP-FCR-03,baseline,1034.9993169000063,1041.291553320006,55.00000000000114,0.7950642857142854,0.6917679612610087,1,1,43.99999999999977,1.0956999999999653,5.0,2022,11
SPY,2022-08-05,short,412.23,409.6,2022-08-05T15:10:00+00:00,2022-08-05T15:25:00+00:00,410.22,0.5199999999999818,411.90999999999997,406.84000000000015,2,2,2022-08-05T15:30:00+00:00,410.205,2022-08-05T16:45:00+00:00,411.91999999999996,STOP_LOSS,-3.42999999999995,0.16442500000000002,0.05000000000006821,-3.59442499999995,-1.0147928994083046,-1.0634393491124485,5.078296375200009,3.3799999999998818,0.005,0.0033278876913389686,,HYP-FCR-03,baseline,1015.6592750400017,1012.0648500400017,51.99999999999818,0.6564999999999982,0.7920792079207666,3,3,43.00000000000068,1.6899999999999409,15.0,2022,11
QQQ,2022-08-08,short,326.29,321.91,2022-08-08T14:00:00+00:00,2022-08-08T14:50:00+00:00,324.34,0.5695999999999799,325.55,321.9199999999999,3,3,2022-08-08T14:55:00+00:00,324.32,2022-08-08T15:42:00+00:00,321.9299999999999,TAKE_PROFIT,7.1700000000003,0.193875,0.08999999999991815,6.9761250000003,1.9752066115702713,1.921797520661182,5.20645776660003,3.630000000000109,0.005,0.0034860553592568617,,HYP-FCR-03,baseline,1041.291553320006,1048.2676783200063,56.95999999999799,0.7975214285714287,0.7142127842511815,10,10,18.000000000000682,1.2100000000000364,50.0,2022,10
QQQ,2022-08-09,long,319.03,316.1606,2022-08-09T15:10:00+00:00,2022-08-09T15:15:00+00:00,317.51,0.5600000000000023,315.93,320.66999999999996,3,3,2022-08-09T15:20:00+00:00,317.5399,2022-08-09T16:21:00+00:00,315.92,STOP_LOSS,-4.859699999999918,0.19003797,0.11969999999996617,-5.049737969999918,-1.0252531645569551,-1.0653455632911326,5.241338391600031,4.739999999999952,0.005,0.004521745826978522,,HYP-FCR-03,baseline,1048.2676783200063,1043.2179403500063,56.00000000000023,0.7905999999999916,0.7083227928155935,1,1,6.059999999996535,1.579999999999984,5.0,2022,11
SPY,2022-08-09,long,412.75,410.91,2022-08-09T15:10:00+00:00,2022-08-09T15:15:00+00:00,412.0112,0.5388999999999555,410.39,415.25359999999995,2,2,2022-08-09T15:20:00+00:00,412.03,2022-08-09T17:42:00+00:00,410.38,STOP_LOSS,-3.2999999999999545,0.164482,0.057599999999979445,-3.4644819999999545,-1.017764618800882,-1.0684930915371271,5.060324250200009,3.242399999999975,0.005,0.003203747269625874,,HYP-FCR-03,baseline,1012.0648500400017,1008.6003680400017,53.88999999999555,0.6749928571428582,0.7983788188234126,1,1,26.000000000004775,1.6211999999999875,5.0,2022,11
SPY,2022-08-10,long,418.86,417.205,2022-08-10T14:20:00+00:00,2022-08-10T14:35:00+00:00,418.16,0.3100000000000023,417.3301,419.81980000000004,2,2,2022-08-10T14:40:00+00:00,418.18,2022-08-10T15:05:00+00:00,419.80980000000005,TAKE_PROFIT,3.2596000000000913,0.16759796000000002,0.05999999999994543,3.092002040000091,1.9638510663935747,1.8628762742499438,5.0430018402000085,1.6598000000000184,0.005,0.0016456468315845286,,HYP-FCR-03,baseline,1008.6003680400017,1011.6923700800019,31.000000000000227,0.7489285714285724,0.4139246542680044,3,3,48.49999999999568,0.8299000000000092,15.0,2022,10
QQQ,2022-08-10,long,325.05,322.81,2022-08-10T14:20:00+00:00,2022-08-10T14:45:00+00:00,324.1006,0.14999999999997726,323.5,325.30179999999996,3,3,2022-08-10T14:50:00+00:00,324.15999999999997,2022-08-10T15:05:00+00:00,325.29179999999997,TAKE_PROFIT,3.395399999999995,0.19483554,0.20819999999991978,3.200564459999995,1.8844488844489262,1.7763150516150907,5.216089701750032,1.8017999999999574,0.005,0.0017271558801945468,,HYP-FCR-03,baseline,1043.2179403500063,1046.4185048100062,14.999999999997726,0.8666214285714285,0.17308595778348446,5,5,74.99000000000251,0.6005999999999858,25.0,2022,10
QQQ,2022-08-11,short,328.82,327.47,2022-08-11T14:40:00+00:00,2022-08-11T14:45:00+00:00,327.96,0.4300000000000068,329.37,325.13999999999993,3,3,2022-08-11T14:50:00+00:00,327.93,2022-08-11T18:03:00+00:00,325.1499999999999,TAKE_PROFIT,8.34000000000026,0.195924,0.11999999999989086,8.14407600000026,1.9716312056737852,1.9253134751773322,5.232092524050031,4.230000000000075,0.005,0.004042359706519237,,HYP-FCR-03,baseline,1046.4185048100062,1054.5625808100065,43.00000000000068,0.6711071428571488,0.6407322654462287,1,1,38.999999999998636,1.410000000000025,5.0,2022,10
SPY,2022-08-11,long,423.53,422.24,2022-08-11T16:50:00+00:00,2022-08-11T16:55:00+00:00,422.4,0.05000000000001137,422.09000000000003,423.01999999999987,2,2,2022-08-11T17:00:00+00:00,422.40999999999997,2022-08-11T17:02:00+00:00,422.08000000000004,STOP_LOSS,-0.6599999999998545,0.16889800000000002,0.03999999999996362,-0.8288979999998545,-1.0645161290322107,-1.3369322580645167,5.058461850400009,0.6199999999998909,0.005,0.0006128345120867749,,HYP-FCR-03,baseline,1011.6923700800019,1010.863472080002,5.000000000001137,0.44171428571427945,0.11319534282020846,1,1,18.999999999999773,0.30999999999994543,5.0,2022,13
SPY,2022-08-12,long,422.89,421.4585,2022-08-12T14:05:00+00:00,2022-08-12T15:05:00+00:00,422.71,0.03000000000002956,422.29,423.5499999999999,2,2,2022-08-12T15:10:00+00:00,422.7107,2022-08-12T15:17:00+00:00,423.5399999999999,TAKE_PROFIT,1.6585999999998648,0.16925013999999997,0.021399999999971442,1.489349859999865,1.974523809523841,1.7730355476190596,5.0543173604000105,0.8399999999999181,0.005,0.0008309727507231942,,HYP-FCR-03,baseline,1010.863472080002,1012.3528219400018,3.000000000002956,0.7006285714285809,0.04281869341819673,12,12,18.85000000000332,0.4199999999999591,60.0,2022,11
QQQ,2022-08-16,long,332.47,330.63,2022-08-16T15:10:00+00:00,2022-08-16T15:15:00+00:00,331.6,0.4900000000000091,329.90000000000003,335.0,3,3,2022-08-16T15:20:00+00:00,331.61,2022-08-16T19:59:00+00:00,332.3,FORCED_SESSION_CLOSE,2.069999999999993,0.19917300000000002,0.05999999999994543,1.8708269999999931,0.40588235294117786,0.3668288235294129,5.272812904050032,5.099999999999966,0.005,0.004836128355780148,,HYP-FCR-03,baseline,1054.5625808100065,1056.4334078100064,49.00000000000091,0.6263571428571392,0.7823012886304217,1,1,40.99999999999682,1.6999999999999886,5.0,2022,11
SPY,2022-08-16,short,428.78,427.62,2022-08-16T18:45:00+00:00,2022-08-16T18:50:00+00:00,428.5299,0.2999999999999545,429.62,426.3497,2,2,2022-08-16T18:55:00+00:00,428.51,2022-08-16T19:29:00+00:00,429.63,STOP_LOSS,-2.240000000000009,0.171628,0.059799999999995634,-2.411628000000009,-1.02742867626823,-1.1061498945050887,5.061764109700009,2.1802000000000135,0.005,0.002153596999731804,,HYP-FCR-03,baseline,1012.3528219400018,1009.9411939400018,29.999999999995453,0.4796428571428635,0.6254653760237242,1,1,45.00000000000455,1.0901000000000067,5.0,2022,14
SPY,2022-08-17,short,427.41,425.9,2022-08-17T14:05:00+00:00,2022-08-17T14:15:00+00:00,426.3799,0.22500000000002274,426.9573,425.2251000000001,2,2,2022-08-17T14:20:00+00:00,426.36,2022-08-17T15:42:00+00:00,425.2351000000001,TAKE_PROFIT,2.249799999999823,0.17031902000000004,0.059799999999995634,2.079480979999823,1.9482161413231724,1.8007282473155406,5.049705969700009,1.1547999999999092,0.005,0.0011434329116676403,,HYP-FCR-03,baseline,1009.9411939400018,1012.0206749200016,22.500000000002274,0.711590000000001,0.3161933135654273,2,2,11.99999999999477,0.5773999999999546,10.0,2022,10
QQQ,2022-08-17,long,330.22,328.25,2022-08-17T18:00:00+00:00,2022-08-17T18:05:00+00:00,329.97,0.009999999999990905,328.26,333.3900000000001,3,3,2022-08-17T18:10:00+00:00,329.96999999999997,2022-08-17T19:51:00+00:00,328.25,STOP_LOSS,-5.159999999999911,0.197466,0.030000000000143245,-5.357465999999912,-1.0058479532163356,-1.0443403508771536,5.282167039050032,5.130000000000109,0.005,0.004855961541991211,,HYP-FCR-03,baseline,1056.4334078100064,1051.0759418100065,0.9999999999990905,0.647185714285724,0.015451515352169896,1,1,29.000000000002046,1.7100000000000364,5.0,2022,14
QQQ,2022-08-18,long,328.72,327.12,2022-08-18T14:00:00+00:00,2022-08-18T14:20:00+00:00,328.32,0.05000000000001137,327.89,329.18,3,3,2022-08-18T14:25:00+00:00,328.32,2022-08-18T14:28:00+00:00,327.88,STOP_LOSS,-1.3199999999999932,0.19686,0.029999999999972715,-1.5168599999999932,-1.0232558139534669,-1.1758604651162552,5.2553797090500325,1.2900000000000205,0.005,0.0012273137921685988,,HYP-FCR-03,baseline,1051.0759418100065,1049.5590818100065,5.000000000001137,0.8436272727272726,0.05926788004182428,4,4,32.99999999999841,0.4300000000000068,20.0,2022,10
SPY,2022-08-18,long,427.02,425.81,2022-08-18T14:10:00+00:00,2022-08-18T14:20:00+00:00,426.46,0.0776000000000181,426.04,427.2999999999999,2,2,2022-08-18T14:25:00+00:00,426.49,2022-08-18T14:31:00+00:00,426.03000000000003,STOP_LOSS,-0.9199999999999591,0.17050400000000002,0.08000000000004093,-1.090503999999959,-1.0952380952381533,-1.2982190476191253,5.060103374600009,0.8399999999999181,0.005,0.0008300225685273857,,HYP-FCR-03,baseline,1012.0206749200016,1010.9301709200016,7.76000000000181,0.6317909090909045,0.12282544570272173,2,2,8.999999999997499,0.4199999999999591,10.0,2022,10
SPY,2022-08-19,long,425.26,422.82,2022-08-19T16:35:00+00:00,2022-08-19T16:40:00+00:00,423.399,0.21999999999997044,422.58,425.03700000000003,2,2,2022-08-19T16:45:00+00:00,423.4,2022-08-19T17:30:00+00:00,422.57,STOP_LOSS,-1.6599999999999682,0.169194,0.021999999999934516,-1.8291939999999682,-1.0134310134309732,-1.1167240537240113,5.054650854600008,1.6380000000000337,0.005,0.001620289953864335,,HYP-FCR-03,baseline,1010.9301709200016,1009.1009769200017,21.999999999997044,0.415699999999999,0.5292278085156867,1,1,2.9999999999972715,0.8190000000000168,5.0,2022,12
QQQ,2022-08-23,short,316.17,313.33,2022-08-23T14:35:00+00:00,2022-08-23T14:55:00+00:00,314.13,0.42500000000001137,315.43,311.53,3,3,2022-08-23T15:00:00+00:00,314.1001,2022-08-23T17:29:00+00:00,315.44,STOP_LOSS,-4.0197,0.18886203000000001,0.11969999999996617,-4.20856203,-1.0306923076922987,-1.0791184692307598,5.247795409050033,3.900000000000034,0.005,0.0037158460801218814,,HYP-FCR-03,baseline,1049.5590818100065,1045.3505197800066,42.50000000000114,0.9209857142857102,0.46146209806264915,4,4,0.9999999999990905,1.3000000000000114,20.0,2022,11
SPY,2022-08-23,short,414.51,412.35,2022-08-23T14:35:00+00:00,2022-08-23T14:55:00+00:00,412.8999,0.2400000000000091,414.09999999999997,410.4997000000001,2,2,2022-08-23T15:00:00+00:00,412.90000000000003,2022-08-23T19:59:00+00:00,412.34,FORCED_SESSION_CLOSE,1.1200000000001182,0.165048,0.020200000000045293,0.9549520000001183,0.4666277810183119,0.3978635113741135,5.045504884600009,2.400199999999927,0.005,0.0023785528454504778,,HYP-FCR-03,baseline,1009.1009769200017,1010.0559289200019,24.00000000000091,0.8343857142857141,0.28763675586831444,4,4,43.00000000000068,1.2000999999999635,20.0,2022,11
QQQ,2022-08-25,short,317.85,315.7577,2022-08-25T15:10:00+00:00,2022-08-25T15:15:00+00:00,317.38,0.19999999999998863,318.14,315.86,3,3,2022-08-25T15:20:00+00:00,317.37,2022-08-25T17:30:00+00:00,318.15,STOP_LOSS,-2.339999999999918,0.190656,0.05999999999994543,-2.5306559999999183,-1.0263157894736605,-1.1099368421052407,5.226752598900033,2.2799999999999727,0.005,0.0021810865894817725,,HYP-FCR-03,baseline,1045.3505197800066,1042.8198637800067,19.999999999998863,0.5020857142857105,0.3983383599840469,1,1,27.99999999999727,0.7599999999999909,5.0,2022,11
SPY,2022-08-25,short,416.52,414.09,2022-08-25T15:10:00+00:00,2022-08-25T15:15:00+00:00,415.79,0.18999999999999773,416.67,414.03000000000003,2,2,2022-08-25T15:20:00+00:00,415.77,2022-08-25T17:42:00+00:00,416.68,STOP_LOSS,-1.82000000000005,0.16649000000000003,0.06000000000005912,-1.98649000000005,-1.034090909090943,-1.1286875000000343,5.0502796446000096,1.759999999999991,0.005,0.0017424777674260707,,HYP-FCR-03,baseline,1010.0559289200019,1008.0694389200019,18.999999999999773,0.4805714285714292,0.39536266349583304,1,1,17.00000000000159,0.8799999999999955,5.0,2022,11
QQQ,2022-08-29,short,307.14,304.013,2022-08-29T14:15:00+00:00,2022-08-29T14:30:00+00:00,305.36,0.029999999999972715,306.90999999999997,302.2600000000001,3,3,2022-08-29T14:35:00+00:00,305.38,2022-08-29T17:45:00+00:00,306.91999999999996,STOP_LOSS,-4.619999999999891,0.18369,0.08999999999991815,-4.803689999999891,-0.9935483870967798,-1.0330516129032328,5.2140993189000335,4.649999999999864,0.005,0.004459063508000868,,HYP-FCR-03,baseline,1042.8198637800067,1038.0161737800067,2.9999999999972715,1.1050538461538553,0.027147998357173134,3,3,8.000000000004093,1.5499999999999545,15.0,2022,10
SPY,2022-08-29,short,404.17,401.5101,2022-08-29T14:25:00+00:00,2022-08-29T14:30:00+00:00,402.88,0.03000000000002956,404.21,400.22,2,2,2022-08-29T14:35:00+00:00,402.87,2022-08-29T16:05:00+00:00,404.21999999999997,STOP_LOSS,-2.699999999999932,0.16141799999999998,0.03999999999996362,-2.8614179999999316,-1.015037593984949,-1.0757210526315661,5.04034719460001,2.659999999999968,0.005,0.002638707114114844,,HYP-FCR-03,baseline,1008.0694389200019,1005.2080209200019,3.000000000002956,0.9913538461538346,0.030261646854370775,1,1,23.210000000000264,1.329999999999984,5.0,2022,10
QQQ,2022-09-01,long,297.9373,295.89,2022-09-01T14:20:00+00:00,2022-09-01T14:25:00+00:00,296.55,0.6999999999999886,295.22,299.21,3,3,2022-09-01T14:30:00+00:00,296.57,2022-09-01T14:38:00+00:00,295.21000000000004,STOP_LOSS,-4.07999999999987,0.17753400000000003,0.08999999999991815,-4.25753399999987,-1.0225563909774233,-1.0670511278195292,5.190080868900034,3.9899999999999523,0.005,0.003843870741888438,,HYP-FCR-03,baseline,1038.0161737800067,1033.758639780007,69.99999999999886,1.0089000000000017,0.6938249578749008,1,1,83.9999999999975,1.329999999999984,5.0,2022,10
SPY,2022-09-01,long,393.46,391.95,2022-09-01T14:20:00+00:00,2022-09-01T14:25:00+00:00,392.62,0.9382999999999697,390.93,396.0,2,2,2022-09-01T14:30:00+00:00,392.64,2022-09-01T14:40:00+00:00,390.92,STOP_LOSS,-3.439999999999941,0.156712,0.05999999999994543,-3.596711999999941,-1.0177514792899247,-1.064115976331345,5.02604010460001,3.3799999999999955,0.005,0.003362488091675293,,HYP-FCR-03,baseline,1005.2080209200019,1001.611308920002,93.82999999999697,0.9600249999999969,0.9773703809796336,1,1,117.00000000000159,1.6899999999999977,5.0,2022,10
QQQ,2022-09-02,long,302.61,299.6,2022-09-02T14:05:00+00:00,2022-09-02T14:15:00+00:00,301.7,1.0100000000000477,299.41,306.2799999999999,2,2,2022-09-02T14:20:00+00:00,301.68,2022-09-02T16:33:00+00:00,299.40000000000003,STOP_LOSS,-4.559999999999945,0.12021600000000002,0.05999999999994543,-4.6802159999999455,-0.9956331877729296,-1.0218812227074279,5.168793198900034,4.579999999999927,0.005,0.004430434555763028,,HYP-FCR-03,baseline,1033.758639780007,1029.078423780007,101.00000000000477,1.2216600000000029,0.8267439385754182,2,2,30.500000000000682,2.2899999999999636,10.0,2022,10
SPY,2022-09-02,long,400.43,397.64,2022-09-02T14:05:00+00:00,2022-09-02T14:15:00+00:00,399.49,1.0699999999999932,397.23,404.01,2,2,2022-09-02T14:20:00+00:00,399.52,2022-09-02T16:37:00+00:00,397.22,STOP_LOSS,-4.599999999999909,0.15934800000000002,0.07999999999992724,-4.759347999999909,-1.0176991150442318,-1.0529530973451167,5.00805654460001,4.519999999999982,0.005,0.004512728600153007,,HYP-FCR-03,baseline,1001.611308920002,996.851960920002,106.99999999999932,1.1799699999999973,0.9068027153232672,2,2,50.99999999999909,2.259999999999991,10.0,2022,10
QQQ,2022-09-06,long,296.6,293.03,2022-09-06T14:35:00+00:00,2022-09-06T14:40:00+00:00,293.7801,0.727800000000002,292.22,296.90029999999996,3,3,2022-09-06T14:45:00+00:00,293.81,2022-09-06T17:12:00+00:00,292.21000000000004,STOP_LOSS,-4.799999999999898,0.17580600000000002,0.11969999999996617,-4.975805999999897,-1.0255752836356575,-1.0631382603679187,5.145392118900035,4.6802999999999315,0.005,0.004548049878267073,,HYP-FCR-03,baseline,1029.078423780007,1024.102617780007,72.7800000000002,1.0721499999999935,0.678822925896569,1,1,122.99999999999613,1.5600999999999772,5.0,2022,10
SPY,2022-09-06,long,394.12,390.52,2022-09-06T14:35:00+00:00,2022-09-06T14:40:00+00:00,391.8701,0.726600000000019,390.2292,395.15189999999996,2,2,2022-09-06T14:45:00+00:00,391.89,2022-09-06T17:07:00+00:00,390.2192,STOP_LOSS,-3.3415999999999713,0.15642184,0.059799999999995634,-3.4980218399999714,-1.0182217075994868,-1.06588513620574,4.98425980460001,3.2817999999999756,0.005,0.0032921638604905567,,HYP-FCR-03,baseline,996.851960920002,993.3539390800021,72.6600000000019,1.1945285714285572,0.6082734372197273,1,1,84.99999999999659,1.6408999999999878,5.0,2022,10
QQQ,2022-09-07,long,295.66,293.42,2022-09-07T14:25:00+00:00,2022-09-07T14:55:00+00:00,294.39,0.06999999999999318,294.1,294.9699999999999,3,3,2022-09-07T15:00:00+00:00,294.4095,2022-09-07T15:01:00+00:00,294.09000000000003,STOP_LOSS,-0.9584999999998445,0.17654985000000004,0.08849999999995362,-1.1350498499998445,-1.1017241379309939,-1.304654999999985,5.120513088900035,0.8699999999998909,0.005,0.0008495242419024656,,HYP-FCR-03,baseline,1024.102617780007,1022.9675679300071,6.999999999999318,0.8584428571428597,0.0815429931270824,6,6,0.9999999999990905,0.2899999999999636,30.0,2022,11
QQQ,2022-09-08,short,299.23,295.45,2022-09-08T16:00:00+00:00,2022-09-08T16:05:00+00:00,297.29,1.829999999999984,300.67,290.53000000000003,1,1,2022-09-08T16:10:00+00:00,297.27930000000003,2022-09-08T19:59:00+00:00,300.52,FORCED_SESSION_CLOSE,-3.240699999999947,0.05977993,0.020699999999976626,-3.300479929999947,-0.9587869822485063,-0.9764733520709915,5.114837839650035,3.3799999999999955,0.005,0.0033041125700978818,,HYP-FCR-03,baseline,1022.9675679300071,1019.6670880000072,182.9999999999984,0.7029285714285761,2.603393964028006,1,1,126.99999999999818,3.3799999999999955,5.0,2022,12
SPY,2022-09-08,short,397.7,394.12,2022-09-08T16:00:00+00:00,2022-09-08T16:05:00+00:00,396.41,1.9300000000000068,399.76,389.7100000000001,1,1,2022-09-08T16:10:00+00:00,396.385,2022-09-08T17:37:00+00:00,399.77,STOP_LOSS,-3.384999999999991,0.0796155,0.03500000000002501,-3.464615499999991,-1.0104477611940375,-1.0342135820895602,4.966769695400011,3.349999999999966,0.005,0.0033724132639999186,,HYP-FCR-03,baseline,993.3539390800021,989.889323580002,193.00000000000068,0.7499214285714159,2.5736029488804117,1,1,199.0000000000009,3.349999999999966,5.0,2022,12
SPY,2022-09-12,short,411.03,408.46,2022-09-12T14:50:00+00:00,2022-09-12T14:55:00+00:00,410.51,0.024999999999977263,411.26,409.01,2,2,2022-09-12T15:00:00+00:00,410.51,2022-09-12T15:56:00+00:00,409.02,TAKE_PROFIT,2.980000000000018,0.163906,0.01999999999998181,2.8160940000000183,1.9866666666666788,1.8773960000000123,4.94944661790001,1.5,0.005,0.0015153209194894112,,HYP-FCR-03,baseline,989.889323580002,992.7054175800021,2.4999999999977263,0.5198714285714264,0.04808881316804747,1,1,31.000000000000227,0.75,5.0,2022,11
QQQ,2022-09-12,short,310.62,308.28,2022-09-12T14:35:00+00:00,2022-09-12T15:00:00+00:00,309.3,0.07999999999998408,310.46,306.9800000000001,3,3,2022-09-12T15:05:00+00:00,309.3,2022-09-12T15:29:00+00:00,310.46999999999997,STOP_LOSS,-3.509999999999877,0.185931,0.029999999999972715,-3.6959309999998773,-1.0086206896551648,-1.0620491379310284,5.098335440000036,3.4799999999999045,0.005,0.003412878615927123,,HYP-FCR-03,baseline,1019.6670880000072,1015.9711570000073,7.999999999998408,0.5753571428571556,0.13904407200493513,5,5,23.00000000000182,1.1599999999999682,25.0,2022,11
QQQ,2022-09-14,long,295.95,293.16,2022-09-14T14:30:00+00:00,2022-09-14T14:40:00+00:00,295.58,0.4199999999999591,293.33,300.08,2,2,2022-09-14T14:45:00+00:00,295.59999999999997,2022-09-14T19:16:00+00:00,293.32,STOP_LOSS,-4.559999999999945,0.117784,0.05999999999994543,-4.677783999999946,-1.0133333333333212,-1.0395075555555435,5.079855785000037,4.5,0.005,0.004429259599541926,,HYP-FCR-03,baseline,1015.9711570000073,1011.2933730000074,41.99999999999591,1.1987999999999974,0.350350350350317,2,2,10.000000000002274,2.25,10.0,2022,10
SPY,2022-09-14,long,395.61,393.02,2022-09-14T14:30:00+00:00,2022-09-14T14:40:00+00:00,394.71,0.4399999999999977,391.99,400.1499999999999,1,1,2022-09-14T14:45:00+00:00,394.73,2022-09-14T19:15:00+00:00,391.98,STOP_LOSS,-2.75,0.078671,0.03000000000002956,-2.828671,-1.011029411764717,-1.039952573529423,4.963527087900011,2.7199999999999704,0.005,0.002739987061449441,,HYP-FCR-03,baseline,992.7054175800021,989.8767465800021,43.99999999999977,1.2122714285714349,0.3629550195029364,2,2,125.99999999999909,2.7199999999999704,10.0,2022,10
QQQ,2022-09-15,short,296.22,293.53,2022-09-15T14:15:00+00:00,2022-09-15T14:25:00+00:00,293.595,0.8199999999999932,295.8583,289.0684000000001,2,2,2022-09-15T14:30:00+00:00,293.575,2022-09-15T19:59:00+00:00,291.03,FORCED_SESSION_CLOSE,5.090000000000032,0.11692100000000001,0.06000000000005912,4.973079000000032,1.1244642778244434,1.0986345159722803,5.056466865000037,4.526599999999917,0.005,0.004476050294457812,,HYP-FCR-03,baseline,1011.2933730000074,1016.2664520000073,81.99999999999932,0.9663333333333336,0.8485684718868503,2,2,13.999999999998636,2.2632999999999583,10.0,2022,10
SPY,2022-09-15,short,395.36,392.2929,2022-09-15T14:15:00+00:00,2022-09-15T14:25:00+00:00,392.92,0.8000000000000114,395.19,388.38000000000005,2,2,2022-09-15T14:30:00+00:00,392.91,2022-09-15T19:59:00+00:00,390.14,FORCED_SESSION_CLOSE,5.540000000000077,0.15661,0.03999999999996362,5.383390000000078,1.2202643171806435,1.185768722466987,4.94938373290001,4.539999999999964,0.005,0.004586429589022617,,HYP-FCR-03,baseline,989.8767465800021,995.2601365800022,80.00000000000114,0.969900000000005,0.8248273017836966,2,2,31.000000000000227,2.269999999999982,10.0,2022,10
QQQ,2022-09-16,short,287.78,285.64,2022-09-16T14:45:00+00:00,2022-09-16T16:10:00+00:00,286.63,0.03000000000002956,287.59,284.71000000000004,3,3,2022-09-16T16:15:00+00:00,286.60200000000003,2022-09-16T18:26:00+00:00,287.59999999999997,STOP_LOSS,-2.993999999999801,0.1722606,0.11399999999986221,-3.166260599999801,-1.0395833333332862,-1.0993960416666209,5.081332260000037,2.8799999999999386,0.005,0.0028339024616350493,,HYP-FCR-03,baseline,1016.2664520000073,1013.1001914000076,3.000000000002956,0.7049714285714279,0.0425549161060645,17,17,2.0000000000038654,0.9599999999999795,85.0,2022,12
SPY,2022-09-16,short,384.68,382.12,2022-09-16T14:50:00+00:00,2022-09-16T16:10:00+00:00,383.12,0.1300000000000523,384.28,380.80000000000007,2,2,2022-09-16T16:15:00+00:00,383.12,2022-09-16T18:27:00+00:00,384.28999999999996,STOP_LOSS,-2.339999999999918,0.153482,0.01999999999998181,-2.493481999999918,-1.0086206896551648,-1.0747767241379251,4.9763006829000105,2.3199999999999363,0.005,0.002331048853189397,,HYP-FCR-03,baseline,995.2601365800022,992.7666545800022,13.00000000000523,0.7473999999999867,0.173936312550247,16,16,7.999999999998408,1.1599999999999682,80.0,2022,12
QQQ,2022-09-19,short,288.8495,286.04,2022-09-19T15:25:00+00:00,2022-09-19T15:30:00+00:00,287.92,0.2599999999999909,289.21999999999997,285.3200000000001,3,3,2022-09-19T15:35:00+00:00,287.90500000000003,2022-09-19T16:55:00+00:00,289.22999999999996,STOP_LOSS,-3.9749999999997954,0.1731405,0.07499999999993179,-4.148140499999795,-1.0192307692307525,-1.0636257692307538,5.065500957000038,3.8999999999998636,0.005,0.0038495698975344545,,HYP-FCR-03,baseline,1013.1001914000076,1008.9520509000077,25.99999999999909,0.642628571428576,0.40458829806151597,1,1,1.0500000000035925,1.2999999999999545,5.0,2022,11
SPY,2022-09-19,short,385.49,382.1784,2022-09-19T15:25:00+00:00,2022-09-19T15:30:00+00:00,384.93,0.3199999999999932,386.3699,382.0502000000001,2,2,2022-09-19T15:35:00+00:00,384.93,2022-09-19T19:01:00+00:00,386.37989999999996,STOP_LOSS,-2.899799999999914,0.15426198,0.01999999999998181,-3.0540619799999136,-1.0069449267310169,-1.0605118341551447,4.963833272900011,2.879799999999932,0.005,0.002900782360803863,,HYP-FCR-03,baseline,992.7666545800022,989.7125926000023,31.999999999999318,0.7089285714285681,0.4513853904282041,1,1,43.99999999999977,1.439899999999966,5.0,2022,11
SPY,2022-09-20,long,385.3,383.41,2022-09-20T14:40:00+00:00,2022-09-20T14:55:00+00:00,384.65,0.10039999999997917,383.86,386.2299999999999,2,2,2022-09-20T15:00:00+00:00,384.67,2022-09-20T16:47:00+00:00,383.85,STOP_LOSS,-1.6399999999999864,0.153704,0.06000000000005912,-1.7937039999999864,-1.0379746835443429,-1.1352556962025753,4.948562963000011,1.5799999999999272,0.005,0.0015964230543426992,,HYP-FCR-03,baseline,989.7125926000023,987.9188886000023,10.039999999997917,0.764971428571414,0.13124673190406133,3,3,16.0000000000025,0.7899999999999636,15.0,2022,11
QQQ,2022-09-20,short,289.22,287.79,2022-09-20T17:00:00+00:00,2022-09-20T17:05:00+00:00,288.94,0.06999999999999318,289.3795,288.061,3,3,2022-09-20T17:10:00+00:00,288.91,2022-09-20T17:27:00+00:00,288.07099999999997,TAKE_PROFIT,2.5170000000001664,0.1730943,0.11999999999989086,2.3439057000001666,1.9089874857793794,1.7777062571104405,5.044760254500039,1.3185000000000286,0.005,0.0013068014469308994,,HYP-FCR-03,baseline,1008.9520509000077,1011.2959566000079,6.999999999999318,0.4300000000000068,0.16279069767440016,1,1,18.999999999999773,0.43950000000000955,5.0,2022,13
QQQ,2022-09-21,short,290.48,289.025,2022-09-21T14:30:00+00:00,2022-09-21T14:40:00+00:00,289.44,0.009999999999990905,290.50149999999996,287.31700000000006,3,3,2022-09-21T14:45:00+00:00,289.42,2022-09-21T16:33:00+00:00,290.51149999999996,STOP_LOSS,-3.2744999999998186,0.17397945,0.08999999999991815,-3.4484794499998186,-1.0282618935468428,-1.082895101271762,5.056479783000039,3.1844999999999004,0.005,0.003148929825356206,,HYP-FCR-03,baseline,1011.2959566000079,1007.8474771500081,0.9999999999990905,0.6465214285714305,0.015467391424422156,2,2,7.999999999998408,1.0614999999999668,10.0,2022,10
SPY,2022-09-21,long,386.88,385.42,2022-09-21T15:05:00+00:00,2022-09-21T16:10:00+00:00,386.34,0.160000000000025,385.93,387.1599999999999,2,2,2022-09-21T16:15:00+00:00,386.34,2022-09-21T16:56:00+00:00,385.92,STOP_LOSS,-0.8399999999999181,0.154452,0.01999999999998181,-0.9944519999999182,-1.0243902439024188,-1.212746341463409,4.939594443000011,0.8199999999999363,0.005,0.0008300276565842092,,HYP-FCR-03,baseline,987.9188886000023,986.9244366000024,16.0000000000025,0.3626571428571432,0.4411880564091129,13,13,2.0000000000038654,0.40999999999996817,65.0,2022,12
SPY,2022-09-22,long,377.66,374.44,2022-09-22T15:45:00+00:00,2022-09-22T15:50:00+00:00,374.94,0.11000000000001364,374.31,376.2,2,2,2022-09-22T15:55:00+00:00,374.94,2022-09-22T15:59:00+00:00,374.3,STOP_LOSS,-1.2799999999999727,0.149848,0.01999999999998181,-1.4298479999999727,-1.0158730158730016,-1.1347999999999865,4.9346221830000125,1.259999999999991,0.005,0.0012766934866267428,,HYP-FCR-03,baseline,986.9244366000024,985.4945886000024,11.000000000001364,0.7176785714285521,0.15327195819858,1,1,26.99999999999818,0.6299999999999955,5.0,2022,11
QQQ,2022-09-22,long,282.94,280.3,2022-09-22T16:20:00+00:00,2022-09-22T16:25:00+00:00,280.36,0.06999999999999318,279.8114,281.45720000000006,3,3,2022-09-22T16:30:00+00:00,280.3773,2022-09-22T17:09:00+00:00,279.8014,STOP_LOSS,-1.7276999999999703,0.16805361,0.08189999999990505,-1.8957536099999703,-1.0497630331752958,-1.1518736237695317,5.039237385750041,1.6458000000000652,0.005,0.0016329851860661098,,HYP-FCR-03,baseline,1007.8474771500081,1005.9517235400082,6.999999999999318,0.7067500000000037,0.09904492394763752,1,1,53.000000000002956,0.5486000000000217,5.0,2022,12
QQQ,2022-09-26,short,278.53,274.75,2022-09-26T14:40:00+00:00,2022-09-26T14:50:00+00:00,277.34,0.07999999999998408,278.53499999999997,274.95,3,3,2022-09-26T14:55:00+00:00,277.3405,2022-09-26T16:24:00+00:00,274.96,TAKE_PROFIT,7.141500000000121,0.16569015,0.031500000000107775,6.975809850000122,1.9920502092050663,1.9458325941423045,5.029758617700041,3.5849999999999795,0.005,0.003563789311264497,,HYP-FCR-03,baseline,1005.9517235400082,1012.9275333900083,7.999999999998408,0.8655642857142831,0.09242525520096556,2,2,6.990000000001828,1.1949999999999932,10.0,2022,10
SPY,2022-09-26,short,368.67,366.06,2022-09-26T15:00:00+00:00,2022-09-26T15:10:00+00:00,367.39,0.7450000000000045,368.53999999999996,365.09000000000003,2,2,2022-09-26T15:15:00+00:00,367.3706,2022-09-26T16:24:00+00:00,365.1,TAKE_PROFIT,4.5412000000000035,0.14649412000000003,0.058799999999905594,4.394705880000004,1.9744347826087363,1.910741686956561,4.927472943000012,2.2999999999999545,0.005,0.0023338535052407987,,HYP-FCR-03,baseline,985.4945886000024,989.8892944800025,74.50000000000045,0.9609285714285656,0.7752917564855517,2,2,16.999999999995907,1.1499999999999773,10.0,2022,11
SPY,2022-09-29,long,367.11,362.81,2022-09-29T15:40:00+00:00,2022-09-29T15:45:00+00:00,363.75,0.08999999999997499,362.91,365.42999999999995,2,2,2022-09-29T15:50:00+00:00,363.75,2022-09-29T16:19:00+00:00,362.90000000000003,STOP_LOSS,-1.6999999999999318,0.14533000000000001,0.01999999999998181,-1.8453299999999317,-1.0119047619047514,-1.0984107142857065,4.9494464724000125,1.67999999999995,0.005,0.0016971594797198697,,HYP-FCR-03,baseline,989.8892944800025,988.0439644800026,8.999999999997499,0.8641499999999951,0.10414858531502112,1,1,25.99999999999909,0.839999999999975,5.0,2022,11
QQQ,2022-09-29,long,276.25,272.48,2022-09-29T15:50:00+00:00,2022-09-29T15:55:00+00:00,272.8224,0.11000000000001364,272.27,273.9272000000001,3,3,2022-09-29T16:00:00+00:00,272.84999999999997,2022-09-29T16:11:00+00:00,272.26,STOP_LOSS,-1.769999999999925,0.163533,0.11279999999982238,-1.933532999999925,-1.0680666183923577,-1.1667469225197955,5.064637666950041,1.6572000000001026,0.005,0.0016360499101588045,,HYP-FCR-03,baseline,1012.9275333900083,1010.9940003900084,11.000000000001364,0.7056999999999951,0.15587360068019612,1,1,9.500000000002728,0.5524000000000342,5.0,2022,12
QQQ,2022-09-30,short,273.15,270.0,2022-09-30T15:45:00+00:00,2022-09-30T15:50:00+00:00,272.41,0.22000000000002728,273.83,269.5700000000001,3,3,2022-09-30T15:55:00+00:00,272.36,2022-09-30T18:47:00+00:00,269.5800000000001,TAKE_PROFIT,8.339999999999748,0.16258200000000003,0.18000000000000682,8.177417999999747,1.9577464788732366,1.9195816901408411,5.054970001950042,4.259999999999877,0.005,0.0042136748569788825,,HYP-FCR-03,baseline,1010.9940003900084,1019.1714183900082,22.00000000000273,0.6795857142857155,0.32372664017998115,1,1,2.0000000000038654,1.419999999999959,5.0,2022,11
SPY,2022-09-30,short,363.69,360.1623,2022-09-30T15:45:00+00:00,2022-09-30T15:50:00+00:00,362.8832,0.29000000000002046,364.67,359.30959999999993,2,2,2022-09-30T15:55:00+00:00,362.87,2022-09-30T18:48:00+00:00,359.3195999999999,TAKE_PROFIT,7.100800000000163,0.14443792,0.046399999999948704,6.956362080000163,1.9870158943362581,1.946597850906664,4.940219822400013,3.573600000000056,0.005,0.0036168431046292608,,HYP-FCR-03,baseline,988.0439644800026,995.0003265600028,29.000000000002046,0.7842785714285745,0.3697665734660854,1,1,16.0000000000025,1.786800000000028,5.0,2022,11
QQQ,2022-10-04,short,281.53,278.99,2022-10-04T16:45:00+00:00,2022-10-04T16:50:00+00:00,280.97,0.24010000000004084,282.01,278.8900000000001,3,3,2022-10-04T16:55:00+00:00,280.95,2022-10-04T18:50:00+00:00,282.02,STOP_LOSS,-3.2099999999999795,0.16889099999999999,0.09000000000008868,-3.3788909999999794,-1.0288461538461833,-1.0829778846154159,5.095857091950041,3.119999999999891,0.005,0.0030613103386754855,,HYP-FCR-03,baseline,1019.1714183900082,1015.7925273900082,24.010000000004084,0.4542785714285742,0.5285303228039043,1,1,20.000000000004547,1.0399999999999636,5.0,2022,12
SPY,2022-10-04,short,376.07,372.31,2022-10-04T17:05:00+00:00,2022-10-04T17:15:00+00:00,374.32,0.2617999999999938,376.07,370.82,2,2,2022-10-04T17:20:00+00:00,374.31,2022-10-04T17:51:00+00:00,376.08,STOP_LOSS,-3.5399999999999636,0.15007800000000002,0.03999999999996362,-3.6900779999999638,-1.0114285714285611,-1.0543079999999896,4.975001632800014,3.5,0.005,0.0035175867852229644,,HYP-FCR-03,baseline,995.0003265600028,991.3102485600028,26.17999999999938,0.5584285714285622,0.4688155538500862,2,2,0.9999999999990905,1.75,10.0,2022,13
QQQ,2022-10-05,long,279.62,277.84,2022-10-05T16:05:00+00:00,2022-10-05T16:10:00+00:00,278.92,0.7200000000000273,277.28000000000003,282.2,3,3,2022-10-05T16:15:00+00:00,278.93,2022-10-05T18:59:00+00:00,282.19,TAKE_PROFIT,9.779999999999973,0.16833599999999999,0.05999999999994543,9.611663999999973,1.9878048780487916,1.9535902439024497,5.078962636950041,4.919999999999959,0.005,0.004843508755317858,,HYP-FCR-03,baseline,1015.7925273900082,1025.4041913900082,72.00000000000273,0.6216642857142786,1.1581813794768074,1,1,56.49999999999977,1.6399999999999864,5.0,2022,12
SPY,2022-10-05,long,375.18,373.3,2022-10-05T16:05:00+00:00,2022-10-05T16:10:00+00:00,374.315,0.6499999999999773,372.57,377.805,2,2,2022-10-05T16:15:00+00:00,374.33,2022-10-05T19:00:00+00:00,377.795,TAKE_PROFIT,6.930000000000064,0.150425,0.049999999999954525,6.779575000000063,1.9856733524355432,1.9425716332378355,4.956551242800014,3.490000000000009,0.005,0.0035205930787759465,,HYP-FCR-03,baseline,991.3102485600028,998.0898235600029,64.99999999999773,0.6996357142857212,0.9290549163339689,1,1,71.01000000000113,1.7450000000000045,5.0,2022,12
QQQ,2022-10-06,long,284.18,280.95,2022-10-06T14:45:00+00:00,2022-10-06T14:50:00+00:00,281.5889,0.2500999999999749,280.23,284.30670000000003,3,3,2022-10-06T14:55:00+00:00,281.59499999999997,2022-10-06T18:45:00+00:00,280.22,STOP_LOSS,-4.1249999999998295,0.1685445,0.048299999999812826,-4.29354449999983,-1.0118478180881136,-1.0531911840458734,5.127020956950041,4.076700000000017,0.005,0.003975700542508764,,HYP-FCR-03,baseline,1025.4041913900082,1021.1106468900084,25.00999999999749,1.0401500000000072,0.2404460895062954,1,1,67.00000000000159,1.3589000000000055,5.0,2022,10
SPY,2022-10-06,long,378.72,375.34,2022-10-06T14:45:00+00:00,2022-10-06T14:50:00+00:00,375.83,0.4399999999999977,374.195,379.09999999999997,2,2,2022-10-06T14:55:00+00:00,375.868,2022-10-06T16:11:00+00:00,374.185,STOP_LOSS,-3.3659999999999854,0.1500106,0.09600000000000364,-3.5160105999999853,-1.029357798165139,-1.0752325993883807,4.990449117800014,3.269999999999982,0.005,0.0032762582312847286,,HYP-FCR-03,baseline,998.0898235600029,994.5738129600029,43.99999999999977,1.1063071428571456,0.3977195689649576,1,1,98.98999999999774,1.634999999999991,5.0,2022,10
SPY,2022-10-07,long,369.37,365.36,2022-10-07T14:05:00+00:00,2022-10-07T14:20:00+00:00,366.44,0.05500000000000682,365.52070000000003,368.2785999999999,2,2,2022-10-07T14:25:00+00:00,366.44,2022-10-07T15:19:00+00:00,365.51070000000004,STOP_LOSS,-1.8585999999999103,0.14639014000000003,0.01999999999998181,-2.00499013999991,-1.0108778418361701,-1.0904982813009834,4.9728690648000144,1.8385999999999285,0.005,0.0018486310176697447,,HYP-FCR-03,baseline,994.5738129600029,992.568822820003,5.500000000000682,1.094890909090912,0.050233315066679406,3,3,48.00000000000182,0.9192999999999643,15.0,2022,10
QQQ,2022-10-07,long,275.15,271.96,2022-10-07T14:40:00+00:00,2022-10-07T14:45:00+00:00,272.76,0.09000000000003183,271.75,274.78,3,3,2022-10-07T14:50:00+00:00,272.78,2022-10-07T15:19:00+00:00,271.74,STOP_LOSS,-3.119999999999891,0.163356,0.08999999999991815,-3.2833559999998907,-1.0297029702970029,-1.0836158415841322,5.105553234450042,3.0299999999999727,0.005,0.0029673571705754204,,HYP-FCR-03,baseline,1021.1106468900084,1017.8272908900085,9.000000000003183,0.7882071428571423,0.11418318244845413,1,1,19.999999999998863,1.009999999999991,5.0,2022,10
QQQ,2022-10-10,long,269.7,266.71,2022-10-10T14:15:00+00:00,2022-10-10T14:20:00+00:00,267.145,0.28000000000002956,266.3,268.8349999999999,3,3,2022-10-10T14:25:00+00:00,267.12,2022-10-10T14:37:00+00:00,266.29,STOP_LOSS,-2.4899999999999523,0.160023,0.1049999999999045,-2.650022999999952,-0.9822485207100747,-1.045373964497059,5.089136454450043,2.5349999999999113,0.005,0.002490599360706134,,HYP-FCR-03,baseline,1017.8272908900085,1015.1772678900086,28.000000000002956,0.9899999999999936,0.2828282828283145,1,1,32.99999999999841,0.8449999999999704,5.0,2022,10
SPY,2022-10-10,long,364.21,361.54,2022-10-10T14:15:00+00:00,2022-10-10T14:20:00+00:00,361.7861,0.1099999999999568,361.04,363.2782999999999,2,2,2022-10-10T14:25:00+00:00,361.78999999999996,2022-10-10T14:37:00+00:00,361.03000000000003,STOP_LOSS,-1.5199999999998681,0.144564,0.027799999999956526,-1.664563999999868,-1.0186302104275287,-1.1155099852566457,4.962844114100015,1.4921999999999116,0.005,0.001503371822379428,,HYP-FCR-03,baseline,992.568822820003,990.9042588200032,10.99999999999568,0.9653090909090917,0.11395313794917537,1,1,40.00000000000341,0.7460999999999558,5.0,2022,10
QQQ,2022-10-11,long,265.32,262.32,2022-10-11T14:10:00+00:00,2022-10-11T14:15:00+00:00,262.59,0.12000000000000455,261.93,263.9099999999999,3,3,2022-10-11T14:20:00+00:00,262.58,2022-10-11T14:40:00+00:00,263.8999999999999,TAKE_PROFIT,3.959999999999809,0.157944,0.05999999999994543,3.802055999999809,2.0,1.9202303030302992,5.075886339450043,1.9799999999999045,0.005,0.0019503982827700902,,HYP-FCR-03,baseline,1015.1772678900086,1018.9793238900083,12.000000000000455,0.8625,0.13913043478261397,1,1,37.000000000000455,0.6599999999999682,5.0,2022,10
SPY,2022-10-11,long,358.9,356.5,2022-10-11T14:30:00+00:00,2022-10-11T14:40:00+00:00,358.24,0.17999999999994998,356.714,361.29200000000003,2,2,2022-10-11T14:45:00+00:00,358.28,2022-10-11T15:48:00+00:00,361.28200000000004,TAKE_PROFIT,6.004000000000133,0.1439124,0.09999999999990905,5.860087600000133,1.9672346002621532,1.9200811271297815,4.954521294100016,3.052000000000021,0.005,0.0030800150194474174,,HYP-FCR-03,baseline,990.9042588200032,996.7643464200033,17.999999999994998,0.8285714285714343,0.21724137931028295,2,2,24.00000000000091,1.5260000000000105,10.0,2022,10
QQQ,2022-10-17,short,269.56,266.74,2022-10-17T14:20:00+00:00,2022-10-17T14:25:00+00:00,268.92,0.2300000000000182,269.83,267.1000000000001,3,3,2022-10-17T14:30:00+00:00,268.915,2022-10-17T15:53:00+00:00,269.84,STOP_LOSS,-2.7749999999998636,0.1616265,0.04499999999995907,-2.9366264999998637,-1.016483516483502,-1.0756873626373504,5.094896619450042,2.7299999999999045,0.005,0.0026791515156342747,,HYP-FCR-03,baseline,1018.9793238900083,1016.0426973900085,23.00000000000182,0.9159833333333248,0.25109627176624794,1,1,14.999999999997726,0.9099999999999682,5.0,2022,10
SPY,2022-10-17,short,367.38,363.97,2022-10-17T14:20:00+00:00,2022-10-17T14:25:00+00:00,366.725,0.4399999999999977,367.81,364.55500000000006,2,2,2022-10-17T14:30:00+00:00,366.71000000000004,2022-10-17T18:01:00+00:00,367.82,STOP_LOSS,-2.2199999999999136,0.146906,0.049999999999954525,-2.3669059999999136,-1.0230414746543575,-1.0907400921658794,4.983821732100017,2.169999999999959,0.005,0.002177044160732444,,HYP-FCR-03,baseline,996.7643464200033,994.3974404200035,43.99999999999977,1.024008333333337,0.4296840032226263,1,1,59.9899999999991,1.0849999999999795,5.0,2022,10
QQQ,2022-10-19,short,271.95,269.445,2022-10-19T14:50:00+00:00,2022-10-19T14:55:00+00:00,271.36,0.3300000000000409,272.36199999999997,269.3560000000001,3,3,2022-10-19T15:00:00+00:00,271.35,2022-10-19T15:19:00+00:00,272.37199999999996,STOP_LOSS,-3.0659999999998035,0.1631166,0.05999999999994543,-3.2291165999998035,-1.0199600798403021,-1.0742237524949954,5.080213486950043,3.005999999999858,0.005,0.0029585370848307997,,HYP-FCR-03,baseline,1016.0426973900085,1012.8135807900087,33.00000000000409,0.9560642857142706,0.3451650740760593,1,1,30.000000000001137,1.0019999999999527,5.0,2022,11
SPY,2022-10-19,short,370.94,367.85,2022-10-19T14:40:00+00:00,2022-10-19T14:55:00+00:00,369.68,0.29000000000002046,370.5799,367.8802,2,2,2022-10-19T15:00:00+00:00,369.67,2022-10-19T15:13:00+00:00,370.5899,STOP_LOSS,-1.8397999999999683,0.14805198,0.03999999999996362,-1.9878519799999683,-1.0222246916323834,-1.1044849316590528,4.971987202100017,1.7998000000000047,0.005,0.0018099402983577908,,HYP-FCR-03,baseline,994.3974404200035,992.4095884400035,29.000000000002046,0.9162642857142893,0.3165025686600303,3,3,31.999999999999318,0.8999000000000024,15.0,2022,11
SPY,2022-10-20,short,369.82,367.0,2022-10-20T16:00:00+00:00,2022-10-20T16:05:00+00:00,368.79,0.4300000000000068,370.89,364.5900000000001,2,2,2022-10-20T16:10:00+00:00,368.75010000000003,2022-10-20T19:59:00+00:00,365.44,FORCED_SESSION_CLOSE,6.620200000000068,0.14683802,0.09979999999995925,6.473361980000068,1.576238095238137,1.5412766619048033,4.962047942200018,4.199999999999932,0.005,0.004232123559589977,,HYP-FCR-03,baseline,992.4095884400035,998.8829504200036,43.00000000000068,0.7396928571428621,0.5813223635292694,1,1,55.860000000001264,2.099999999999966,5.0,2022,12
QQQ,2022-10-20,short,272.46,269.1132,2022-10-20T16:05:00+00:00,2022-10-20T16:10:00+00:00,272.12,0.30000000000001137,273.472,269.41600000000005,3,3,2022-10-20T16:15:00+00:00,272.12,2022-10-20T17:48:00+00:00,269.42600000000004,TAKE_PROFIT,8.08199999999988,0.16246380000000002,0.029999999999972715,7.91953619999988,1.9926035502958646,1.9525483727810709,5.064067903950043,4.055999999999926,0.005,0.004004685637050986,,HYP-FCR-03,baseline,1012.8135807900087,1020.7331169900086,30.000000000001137,0.6963928571428661,0.4307913226319406,1,1,55.00000000000114,1.3519999999999754,5.0,2022,12
QQQ,2022-10-21,short,270.75,266.8236,2022-10-21T14:20:00+00:00,2022-10-21T14:25:00+00:00,269.58,0.7799999999999727,271.74,265.25999999999993,2,2,2022-10-21T14:30:00+00:00,269.575,2022-10-21T15:50:00+00:00,271.75,STOP_LOSS,-4.350000000000023,0.10826500000000001,0.029999999999972715,-4.458265000000023,-1.006944444444438,-1.0320057870370305,5.103665584950043,4.32000000000005,0.005,0.004232252219599862,,HYP-FCR-03,baseline,1020.7331169900086,1016.2748519900086,77.99999999999727,1.4176166666666603,0.5502192647283418,1,1,98.00000000000182,2.160000000000025,5.0,2022,10
SPY,2022-10-21,short,369.125,363.54,2022-10-21T14:20:00+00:00,2022-10-21T14:25:00+00:00,367.35,1.0400999999999954,369.84,362.3700000000001,2,2,2022-10-21T14:30:00+00:00,367.35,2022-10-21T15:50:00+00:00,369.84999999999997,STOP_LOSS,-4.999999999999886,0.14744000000000002,0.01999999999998181,-5.147439999999886,-1.0040160642570246,-1.0336224899598363,4.994414752100018,4.9799999999999045,0.005,0.004985569127900269,,HYP-FCR-03,baseline,998.8829504200036,993.7355104200037,104.00999999999954,1.531241666666664,0.6792526762050387,1,1,64.49999999999818,2.4899999999999523,5.0,2022,10
SPY,2022-10-24,long,378.76,375.09,2022-10-24T14:30:00+00:00,2022-10-24T14:35:00+00:00,375.89,0.5849999999999795,373.5,380.66999999999996,2,2,2022-10-24T14:40:00+00:00,375.9,2022-10-24T19:59:00+00:00,378.83,FORCED_SESSION_CLOSE,5.860000000000014,0.15094600000000002,0.03999999999996362,5.709054000000013,1.225941422594152,1.1943627615062857,4.968677552100019,4.779999999999973,0.005,0.0048101330282337386,,HYP-FCR-03,baseline,993.7355104200037,999.4445644200038,58.499999999997954,1.62963571428572,0.3589759323950438,1,1,93.99999999999977,2.3899999999999864,5.0,2022,10
QQQ,2022-10-24,long,277.27,274.23,2022-10-24T14:50:00+00:00,2022-10-24T14:55:00+00:00,275.49,0.22000000000002728,273.67,279.13,2,2,2022-10-24T15:00:00+00:00,275.5,2022-10-24T19:05:00+00:00,279.12,TAKE_PROFIT,7.240000000000009,0.11092400000000001,0.03999999999996362,7.129076000000009,1.989010989010999,1.9585373626373725,5.081374259950043,3.6399999999999864,0.005,0.003581708228706394,,HYP-FCR-03,baseline,1016.2748519900086,1023.4039279900087,22.00000000000273,1.2572857142857086,0.17498011589594342,1,1,56.99999999999932,1.8199999999999932,5.0,2022,11
SPY,2022-10-25,short,382.6,378.71,2022-10-25T14:00:00+00:00,2022-10-25T14:05:00+00:00,381.83,0.03000000000002956,382.40999999999997,380.67,2,2,2022-10-25T14:10:00+00:00,381.82,2022-10-25T14:15:00+00:00,382.41999999999996,STOP_LOSS,-1.1999999999999318,0.152848,0.03999999999996362,-1.3528479999999319,-1.0344827586206593,-1.1662482758620423,4.997222822100019,1.1599999999999682,0.005,0.001160644663341721,,HYP-FCR-03,baseline,999.4445644200038,998.0917164200039,3.000000000002956,1.0212499999999949,0.02937576499390914,1,1,15.999999999996817,0.5799999999999841,5.0,2022,10
QQQ,2022-10-25,short,283.06,279.4,2022-10-25T16:45:00+00:00,2022-10-25T16:50:00+00:00,282.84,0.06999999999999318,283.38,281.75999999999993,3,3,2022-10-25T16:55:00+00:00,282.83,2022-10-25T18:17:00+00:00,283.39,STOP_LOSS,-1.6800000000000068,0.169866,0.05999999999994543,-1.849866000000007,-1.037037037037002,-1.1418925925925536,5.117019639950043,1.6200000000000614,0.005,0.0015829526892492806,,HYP-FCR-03,baseline,1023.4039279900087,1021.5540619900087,6.999999999999318,0.33839285714285794,0.206860158311325,1,1,35.000000000002274,0.5400000000000205,5.0,2022,12
QQQ,2022-10-26,short,279.79,277.43,2022-10-26T17:20:00+00:00,2022-10-26T17:25:00+00:00,278.83,0.29000000000002046,279.86,276.7699999999999,3,3,2022-10-26T17:30:00+00:00,278.82,2022-10-26T18:01:00+00:00,279.87,STOP_LOSS,-3.150000000000034,0.16760700000000003,0.05999999999994543,-3.317607000000034,-1.0194174757281371,-1.073659223300951,5.107770309950044,3.0900000000000887,0.005,0.0030248032042285693,,HYP-FCR-03,baseline,1021.5540619900087,1018.2364549900086,29.000000000002046,0.6225357142857116,0.46583672766913015,1,1,16.989999999998417,1.0300000000000296,5.0,2022,13
SPY,2022-10-26,short,383.15,381.35,2022-10-26T18:25:00+00:00,2022-10-26T18:30:00+00:00,382.66,0.12000000000000455,383.45,381.0800000000001,2,2,2022-10-26T18:35:00+00:00,382.64,2022-10-26T19:59:00+00:00,382.09,FORCED_SESSION_CLOSE,1.1000000000000227,0.152946,0.06000000000005912,0.9470540000000227,0.6962025316456161,0.5994012658228268,4.990458582100019,1.5799999999999272,0.005,0.001583020852699926,,HYP-FCR-03,baseline,998.0917164200039,999.0387704200039,12.000000000000455,0.5020428571428519,0.23902341860400098,1,1,18.000000000000682,0.7899999999999636,5.0,2022,14
SPY,2022-10-27,short,384.33,380.52,2022-10-27T14:35:00+00:00,2022-10-27T14:40:00+00:00,382.81,0.5500000000000114,384.55,379.33,2,2,2022-10-27T14:45:00+00:00,382.76,2022-10-27T19:56:00+00:00,379.34,TAKE_PROFIT,6.840000000000032,0.15242,0.12000000000000455,6.687580000000032,1.9655172413793092,1.9217183908045967,4.995193852100019,3.480000000000018,0.005,0.0034833482974209284,,HYP-FCR-03,baseline,999.0387704200039,1005.7263504200039,55.00000000000114,1.0759071428571392,0.5111965318302951,1,1,6.000000000000227,1.740000000000009,5.0,2022,10
QQQ,2022-10-27,long,278.2795,273.395,2022-10-27T16:30:00+00:00,2022-10-27T17:10:00+00:00,274.711,0.42999999999995,273.7701,276.5928,3,3,2022-10-27T17:15:00+00:00,274.70279999999997,2022-10-27T17:34:00+00:00,273.7601,STOP_LOSS,-2.8280999999998357,0.16453887,0.05460000000010723,-2.9926388699998356,-1.0019130619618941,-1.060204368158089,5.091182274950043,2.8226999999999975,0.005,0.0027721458863184142,,HYP-FCR-03,baseline,1018.2364549900086,1015.2438161200088,42.999999999995,0.6029214285714285,0.7131940906774515,8,8,38.49999999999909,0.9408999999999992,40.0,2022,13
SPY,2022-10-31,long,387.47,385.47,2022-10-31T14:35:00+00:00,2022-10-31T14:45:00+00:00,386.15,0.2300000000000182,385.75,386.94999999999993,2,2,2022-10-31T14:50:00+00:00,386.15,2022-10-31T15:07:00+00:00,386.93999999999994,TAKE_PROFIT,1.5799999999999272,0.15461799999999998,0.01999999999998181,1.4253819999999273,1.9750000000000214,1.7817275000000103,5.0286317521000194,0.7999999999999545,0.005,0.0007954450031719509,,HYP-FCR-03,baseline,1005.7263504200039,1007.1517324200038,23.00000000000182,0.7478500000000038,0.3075483051414281,2,2,10.000000000002274,0.39999999999997726,10.0,2022,10
QQQ,2022-10-31,long,279.76,277.13,2022-10-31T15:05:00+00:00,2022-10-31T15:25:00+00:00,278.2257,0.08000000000004093,277.67,279.3371,3,3,2022-10-31T15:30:00+00:00,278.24,2022-10-31T15:58:00+00:00,277.66,STOP_LOSS,-1.7399999999999523,0.16677,0.07289999999994734,-1.9067699999999523,-1.0437286305560236,-1.1437646211984565,5.076219080600044,1.667100000000005,0.005,0.0016420686080819648,,HYP-FCR-03,baseline,1015.2438161200088,1013.3370461200088,8.000000000004093,0.6366571428571441,0.12565632993768464,4,4,15.999999999996817,0.5557000000000016,20.0,2022,11
SPY,2022-11-02,long,384.06,382.41,2022-11-02T17:35:00+00:00,2022-11-02T17:40:00+00:00,383.11,0.3450000000000273,382.14,385.05000000000007,2,2,2022-11-02T17:45:00+00:00,383.12,2022-11-02T18:00:00+00:00,382.13,STOP_FIRST_AMBIGUOUS_BAR,-1.9800000000000182,0.15305000000000002,0.03999999999996362,-2.133050000000018,-1.0206185567010115,-1.099510309278329,5.035758662100019,1.9400000000000546,0.005,0.0019262241602251776,,HYP-FCR-03,baseline,1007.1517324200038,1005.0186824200038,34.50000000000273,0.33877857142856066,1.0183642918890417,1,1,24.00000000000091,0.9700000000000273,5.0,2022,13
SPY,2022-11-03,long,372.25,369.04,2022-11-03T14:00:00+00:00,2022-11-03T14:05:00+00:00,370.2015,0.12019999999995434,369.16,372.2845,2,2,2022-11-03T14:10:00+00:00,370.23,2022-11-03T14:25:00+00:00,372.2745,TAKE_PROFIT,4.088999999999942,0.14850090000000002,0.07699999999999818,3.9404990999999416,1.963034085453673,1.8917422467594807,5.025093412100019,2.08299999999997,0.005,0.0020725982874112096,,HYP-FCR-03,baseline,1005.0186824200038,1008.9591815200037,12.019999999995434,1.1662250000000043,0.10306758987326965,1,1,25.0,1.041499999999985,5.0,2022,10
QQQ,2022-11-03,long,263.48,260.47,2022-11-03T14:00:00+00:00,2022-11-03T14:15:00+00:00,262.08,0.11000000000001364,260.97,264.2999999999999,3,3,2022-11-03T14:20:00+00:00,262.12,2022-11-03T14:51:00+00:00,264.2899999999999,TAKE_PROFIT,6.509999999999707,0.15792299999999995,0.1500000000000341,6.352076999999706,1.954954954954943,1.9075306306306168,5.0666852306000445,3.3299999999998704,0.005,0.003286172170207523,,HYP-FCR-03,baseline,1013.3370461200088,1019.6891231200085,11.000000000001364,1.0639999999999816,0.10338345864663115,3,3,37.000000000000455,1.1099999999999568,15.0,2022,10
QQQ,2022-11-04,short,266.39,260.57,2022-11-04T14:40:00+00:00,2022-11-04T14:55:00+00:00,264.55,0.5901000000000067,265.8,262.05,3,3,2022-11-04T15:00:00+00:00,264.55,2022-11-04T15:40:00+00:00,262.06,TAKE_PROFIT,7.470000000000027,0.157983,0.029999999999972715,7.3120170000000275,1.9920000000000073,1.9498712000000074,5.098445615600043,3.75,0.005,0.0036775914491721587,,HYP-FCR-03,baseline,1019.6891231200085,1027.0011401200086,59.01000000000067,1.141042857142862,0.5171584891014522,3,3,22.00000000000273,1.25,15.0,2022,11
SPY,2022-11-04,short,377.37,372.225,2022-11-04T14:50:00+00:00,2022-11-04T14:55:00+00:00,376.8,0.38999999999998636,378.05,374.3,2,2,2022-11-04T15:00:00+00:00,376.82,2022-11-04T15:29:00+00:00,374.31,TAKE_PROFIT,5.019999999999982,0.150226,0.05999999999994543,4.869773999999982,2.007999999999993,1.9479095999999927,5.044795907600018,2.5,0.005,0.0024778009316826213,,HYP-FCR-03,baseline,1008.9591815200037,1013.8289555200037,38.999999999998636,1.1455000000000066,0.340462680052365,1,1,87.00000000000045,1.25,5.0,2022,11
SPY,2022-11-07,short,378.34,375.53,2022-11-07T15:15:00+00:00,2022-11-07T15:25:00+00:00,376.85,0.35000000000002274,377.76,375.0300000000001,2,2,2022-11-07T15:30:00+00:00,376.86,2022-11-07T16:03:00+00:00,377.77,STOP_LOSS,-1.8199999999999363,0.150926,0.03999999999996362,-1.9709259999999365,-1.0,-1.0829263736263766,5.069144777600019,1.8199999999999363,0.005,0.0017951746101653203,,HYP-FCR-03,baseline,1013.8289555200037,1011.8580295200037,35.000000000002274,1.0346333333333366,0.3382840942040867,2,2,5.000000000001137,0.9099999999999682,10.0,2022,10
QQQ,2022-11-08,short,269.33,267.4183,2022-11-08T18:55:00+00:00,2022-11-08T19:00:00+00:00,268.385,0.2798999999999978,269.6079,265.9392,3,3,2022-11-08T19:05:00+00:00,268.36,2022-11-08T19:26:00+00:00,265.9492,TAKE_PROFIT,7.232399999999984,0.16029276,0.1049999999999045,7.072107239999984,1.9713795077275584,1.9276875296426776,5.135005700600043,3.6686999999999443,0.005,0.0035722453040035033,,HYP-FCR-03,baseline,1027.0011401200086,1034.0732473600085,27.98999999999978,0.7417857142857096,0.3773326913818001,1,1,25.0,1.2228999999999814,5.0,2022,14
SPY,2022-11-08,long,381.23,379.53,2022-11-08T19:35:00+00:00,2022-11-08T19:40:00+00:00,380.4699,1.0199999999999818,378.12,385.1697,2,2,2022-11-08T19:45:00+00:00,380.48,2022-11-08T20:59:00+00:00,381.96000000000004,FORCED_SESSION_CLOSE,2.9600000000000364,0.152488,0.0402000000000271,2.8075120000000364,0.629814034639782,0.5973683986552719,5.059290147600018,4.699799999999982,0.005,0.004644722740629366,,HYP-FCR-03,baseline,1011.8580295200037,1014.6655415200038,101.99999999999818,0.9247000000000014,1.1030604520384777,1,1,103.00999999999476,2.349899999999991,5.0,2022,14
QQQ,2022-11-09,short,268.34,266.42,2022-11-09T15:20:00+00:00,2022-11-09T15:30:00+00:00,266.54,0.3199999999999932,268.23,263.16,3,3,2022-11-09T15:35:00+00:00,266.53000000000003,2022-11-09T20:48:00+00:00,263.17,TAKE_PROFIT,10.080000000000041,0.15891000000000002,0.05999999999994543,9.92109000000004,1.9881656804733836,1.9568224852071112,5.170366236800042,5.069999999999993,0.005,0.0049029408825184435,,HYP-FCR-03,baseline,1034.0732473600085,1043.9943373600086,31.999999999999318,0.9754615384615328,0.32804983834081974,2,2,4.000000000002046,1.6899999999999977,10.0,2022,10
SPY,2022-11-09,short,380.09,378.15,2022-11-09T15:25:00+00:00,2022-11-09T15:30:00+00:00,378.78,0.400100000000009,380.755,374.8299999999999,2,2,2022-11-09T15:35:00+00:00,378.78000000000003,2022-11-09T19:49:00+00:00,374.8399999999999,TAKE_PROFIT,7.880000000000223,0.150724,0.020000000000095497,7.7292760000002225,1.994936708860793,1.956778734177249,5.073327707600019,3.9500000000000455,0.005,0.003892908390367539,,HYP-FCR-03,baseline,1014.6655415200038,1022.394817520004,40.0100000000009,1.0796000000000014,0.3706002223045651,1,1,67.00000000000159,1.9750000000000227,5.0,2022,10
QQQ,2022-11-10,short,278.395,273.85,2022-11-10T15:10:00+00:00,2022-11-10T15:35:00+00:00,276.22,0.22999999999996135,277.93,272.80000000000007,3,3,2022-11-10T15:40:00+00:00,276.19,2022-11-10T15:49:00+00:00,277.94,STOP_LOSS,-5.25,0.166239,0.12000000000006139,-5.416239,-1.0233918128655093,-1.0557970760234046,5.219971686800043,5.129999999999939,0.005,0.004913819755931225,,HYP-FCR-03,baseline,1043.9943373600086,1038.5780983600087,22.999999999996135,1.1278571428571402,0.2039265357821068,5,5,2.5000000000034106,1.7099999999999795,25.0,2022,10
SPY,2022-11-10,short,389.83,385.642,2022-11-10T15:30:00+00:00,2022-11-10T15:35:00+00:00,388.18,0.25,389.9,384.74000000000007,2,2,2022-11-10T15:40:00+00:00,388.15000000000003,2022-11-10T15:49:00+00:00,389.90999999999997,STOP_LOSS,-3.519999999999868,0.155612,0.07999999999992724,-3.675611999999868,-1.0232558139534675,-1.0684918604650964,5.111974087600021,3.439999999999941,0.005,0.003364649293062985,,HYP-FCR-03,baseline,1022.394817520004,1018.7192055200042,25.0,1.2263642857142787,0.20385459925098112,1,1,17.00000000000159,1.7199999999999704,5.0,2022,10
SPY,2022-11-11,short,396.155,393.61,2022-11-11T16:05:00+00:00,2022-11-11T16:10:00+00:00,395.2,0.7210000000000036,396.93,391.73999999999995,2,2,2022-11-11T16:15:00+00:00,395.15000000000003,2022-11-11T18:09:00+00:00,396.94,STOP_LOSS,-3.5799999999999272,0.158418,0.11999999999989086,-3.7384179999999274,-1.0346820809248236,-1.0804676300577711,5.093596027600021,3.4600000000000364,0.005,0.003396421684456104,,HYP-FCR-03,baseline,1018.7192055200042,1014.9807875200042,72.10000000000036,0.938528571428573,0.7682238153949217,1,1,81.50000000000546,1.7300000000000182,5.0,2022,11
QQQ,2022-11-11,short,284.17,281.19,2022-11-11T16:25:00+00:00,2022-11-11T16:30:00+00:00,283.295,0.36000000000001364,284.82,280.24500000000006,3,3,2022-11-11T16:35:00+00:00,283.28000000000003,2022-11-11T16:58:00+00:00,284.83,STOP_LOSS,-4.649999999999864,0.17043300000000003,0.07499999999993179,-4.820432999999864,-1.0163934426229362,-1.053646557377035,5.192890491800044,4.574999999999932,0.005,0.0044050611188741545,,HYP-FCR-03,baseline,1038.5780983600087,1033.7576653600088,36.000000000001364,0.8477785714285834,0.4246391830751055,1,1,31.000000000000227,1.5249999999999773,5.0,2022,11
QQQ,2022-11-14,short,286.46,284.44,2022-11-14T16:10:00+00:00,2022-11-14T16:15:00+00:00,285.39,0.2300000000000182,286.56,283.04999999999995,3,3,2022-11-14T16:20:00+00:00,285.38,2022-11-14T16:34:00+00:00,286.57,STOP_LOSS,-3.569999999999993,0.171585,0.05999999999994543,-3.741584999999993,-1.0170940170940013,-1.065978632478616,5.168788326800044,3.5100000000000477,0.005,0.0033953799015146178,,HYP-FCR-03,baseline,1033.7576653600088,1030.0160803600088,23.00000000000182,0.7027857142857101,0.3272690314056585,1,1,14.00000000000432,1.170000000000016,5.0,2022,11
SPY,2022-11-14,short,397.8,395.92,2022-11-14T16:10:00+00:00,2022-11-14T16:15:00+00:00,396.62,0.48999999999995225,397.99,393.88,2,2,2022-11-14T16:20:00+00:00,396.63,2022-11-14T16:34:00+00:00,398.0,STOP_LOSS,-2.740000000000009,0.158926,0.03999999999996362,-2.898926000000009,-1.0,-1.0580021897810217,5.074903937600022,2.740000000000009,0.005,0.00269955848789503,,HYP-FCR-03,baseline,1014.9807875200042,1012.0818615200043,48.999999999995225,0.6874214285714321,0.7128087365828091,1,1,22.999999999996135,1.3700000000000045,5.0,2022,11
QQQ,2022-11-15,long,293.26,290.815,2022-11-15T16:05:00+00:00,2022-11-15T16:35:00+00:00,292.23,0.45999999999997954,291.24,294.21000000000004,3,3,2022-11-15T16:40:00+00:00,292.24,2022-11-15T17:42:00+00:00,291.23,STOP_LOSS,-3.0299999999999727,0.17504100000000003,0.05999999999994543,-3.205040999999973,-1.0202020202020017,-1.0791383838383648,5.150080401800044,2.9700000000000273,0.005,0.0028834501292076525,,HYP-FCR-03,baseline,1030.0160803600088,1026.8110393600089,45.999999999997954,0.8284928571428541,0.5552250644457437,6,6,8.499999999997954,0.9900000000000091,30.0,2022,11
SPY,2022-11-15,long,402.31,399.97,2022-11-15T16:15:00+00:00,2022-11-15T16:35:00+00:00,401.15,0.18999999999999773,400.195,403.05999999999995,2,2,2022-11-15T16:40:00+00:00,401.12,2022-11-15T17:03:00+00:00,400.185,STOP_LOSS,-1.8700000000000045,0.16026100000000001,0.07999999999992724,-2.0302610000000048,-0.9790575916230554,-1.06296387434557,5.060409307600022,1.9099999999999682,0.005,0.0018871991215526948,,HYP-FCR-03,baseline,1012.0818615200043,1010.0516005200043,18.999999999999773,0.8949642857142928,0.21229897442036372,4,4,13.460000000003447,0.9549999999999841,20.0,2022,11
QQQ,2022-11-16,long,287.735,285.62,2022-11-16T16:20:00+00:00,2022-11-16T16:25:00+00:00,286.025,0.01999999999998181,285.42,287.2349999999999,3,3,2022-11-16T16:30:00+00:00,286.03999999999996,2022-11-16T17:45:00+00:00,287.2249999999999,TAKE_PROFIT,3.5549999999998363,0.17197949999999998,0.07499999999993179,3.3830204999998363,1.9586776859504482,1.8639231404958967,5.134055196800045,1.814999999999884,0.005,0.0017676085768722723,,HYP-FCR-03,baseline,1026.8110393600089,1030.1940598600088,1.999999999998181,0.5691714285714227,0.03513879825306815,1,1,11.000000000001364,0.6049999999999613,5.0,2022,11
SPY,2022-11-16,long,397.78,395.73,2022-11-16T16:10:00+00:00,2022-11-16T17:45:00+00:00,397.19,0.25,396.37,398.83,2,2,2022-11-16T17:50:00+00:00,397.21,2022-11-16T18:00:00+00:00,396.36,STOP_LOSS,-1.6999999999999318,0.158714,0.05999999999994543,-1.8587139999999318,-1.0365853658536255,-1.133362195121919,5.050258002600022,1.6399999999999864,0.005,0.001623679423066768,,HYP-FCR-03,baseline,1010.0516005200043,1008.1928865200043,25.0,0.5034571428571398,0.49656659667442554,19,19,27.000000000003865,0.8199999999999932,95.0,2022,12
SPY,2022-11-17,long,391.7,390.27,2022-11-17T15:00:00+00:00,2022-11-17T15:20:00+00:00,391.575,0.26000000000004775,390.7305,393.26399999999995,2,2,2022-11-17T15:25:00+00:00,391.59,2022-11-17T15:48:00+00:00,390.7205,STOP_LOSS,-1.738999999999919,0.15646210000000002,0.049999999999954525,-1.895462099999919,-1.0296033155713178,-1.1222392539964232,5.040964432600021,1.6889999999999645,0.005,0.0016752746647815708,,HYP-FCR-03,baseline,1008.1928865200043,1006.2974244200044,26.000000000004775,0.7341818181818098,0.35413571074796407,4,4,12.999999999999545,0.8444999999999823,20.0,2022,10
QQQ,2022-11-17,short,282.97,280.72,2022-11-17T15:45:00+00:00,2022-11-17T15:50:00+00:00,282.72,0.1553000000000111,283.26,281.6400000000001,3,3,2022-11-17T15:55:00+00:00,282.72,2022-11-17T16:33:00+00:00,283.27,STOP_LOSS,-1.6499999999998636,0.169797,0.029999999999972715,-1.8197969999998636,-1.0185185185185028,-1.123331481481473,5.150970299300044,1.6199999999998909,0.005,0.0015725192593519998,,HYP-FCR-03,baseline,1030.1940598600088,1028.374262860009,15.53000000000111,0.696721428571424,0.2229011390082293,1,1,26.99999999999818,0.5399999999999636,5.0,2022,10
SPY,2022-11-18,long,397.81,395.56,2022-11-18T20:35:00+00:00,2022-11-18T20:40:00+00:00,396.445,0.06499999999999773,395.5802,398.1746,2,2,2022-11-18T20:45:00+00:00,396.46,2022-11-18T20:54:00+00:00,395.5702,STOP_LOSS,-1.7795999999999594,0.15840604,0.049999999999954525,-1.9380060399999595,-1.0289084181313335,-1.1204937789083915,5.031487122100022,1.729600000000005,0.005,0.0017187761371811991,,HYP-FCR-03,baseline,1006.2974244200044,1004.3594183800044,6.499999999999773,0.4910285714285741,0.13237518910740767,1,1,5.000000000001137,0.8648000000000025,5.0,2022,15
SPY,2022-11-21,long,395.82,394.28,2022-11-21T18:05:00+00:00,2022-11-21T18:10:00+00:00,395.0,0.21999999999997044,393.91,397.17999999999995,2,2,2022-11-21T18:15:00+00:00,395.01,2022-11-21T20:59:00+00:00,394.57,FORCED_SESSION_CLOSE,-0.8799999999999955,0.157916,0.03999999999996362,-1.0379159999999954,-0.4036697247706494,-0.47610825688074276,5.021797091900022,2.17999999999995,0.005,0.0021705377179777052,,HYP-FCR-03,baseline,1004.3594183800044,1003.3215023800044,21.999999999997044,0.44047857142857083,0.4994567596931244,1,1,15.499999999997272,1.089999999999975,5.0,2022,13
QQQ,2022-11-23,short,288.45,285.89,2022-11-23T16:45:00+00:00,2022-11-23T16:50:00+00:00,286.97,0.5300000000000296,288.65999999999997,283.59000000000015,3,3,2022-11-23T16:55:00+00:00,286.94,2022-11-23T19:02:00+00:00,288.66999999999996,STOP_LOSS,-5.189999999999884,0.172683,0.12000000000006139,-5.362682999999884,-1.0236686390532674,-1.057728402366878,5.141871314300045,5.069999999999823,0.005,0.004930111714289367,,HYP-FCR-03,baseline,1028.374262860009,1023.0115798600091,53.000000000002956,0.45071428571427774,1.175911251981069,1,1,19.999999999998863,1.6899999999999409,5.0,2022,11
SPY,2022-11-23,short,401.85,399.49,2022-11-23T16:45:00+00:00,2022-11-23T16:50:00+00:00,400.3599,0.4800000000000182,401.875,397.32969999999995,2,2,2022-11-23T16:55:00+00:00,400.34000000000003,2022-11-23T19:02:00+00:00,401.885,STOP_LOSS,-3.089999999999918,0.160445,0.05979999999988195,-3.2504449999999183,-1.019734670978774,-1.0726833212328821,5.016607511900022,3.030200000000036,0.005,0.0030201685031288794,,HYP-FCR-03,baseline,1003.3215023800044,1000.0710573800045,48.00000000000182,0.42424285714285553,1.1314274169108463,1,1,3.4999999999968168,1.515100000000018,5.0,2022,11
QQQ,2022-11-25,short,287.58,286.42,2022-11-25T16:10:00+00:00,2022-11-25T16:15:00+00:00,287.43,0.060000000000002274,287.65,286.99000000000007,3,3,2022-11-25T16:20:00+00:00,287.41,2022-11-25T16:28:00+00:00,287.00000000000006,TAKE_PROFIT,1.2299999999999045,0.17232300000000003,0.08999999999991815,1.0576769999999045,1.8636363636364692,1.6025409090909797,5.115057899300045,0.6599999999999113,0.005,0.0006451539874946743,,HYP-FCR-03,baseline,1023.0115798600091,1024.069256860009,6.000000000000227,0.3176000000000069,0.18891687657431036,1,1,2.9899999999997817,0.21999999999997044,5.0,2022,11
SPY,2022-11-25,short,402.56,401.535,2022-11-25T16:20:00+00:00,2022-11-25T16:30:00+00:00,402.195,0.11000000000001364,402.59999999999997,401.38500000000005,2,2,2022-11-25T16:35:00+00:00,402.2,2022-11-25T16:58:00+00:00,402.60999999999996,STOP_LOSS,-0.8199999999999363,0.160962,0.029999999999972715,-0.9809619999999364,-1.0123456790123353,-1.2110641975308674,5.000355286900023,0.8099999999999454,0.005,0.0008099424476116637,,HYP-FCR-03,baseline,1000.0710573800045,999.0900953800045,11.000000000001364,0.2784428571428594,0.3950541275460927,2,2,7.999999999998408,0.4049999999999727,10.0,2022,11
QQQ,2022-11-28,long,286.96,284.66,2022-11-28T17:15:00+00:00,2022-11-28T17:20:00+00:00,284.75,0.35000000000002274,284.22,285.80999999999995,3,3,2022-11-28T17:25:00+00:00,284.76099999999997,2022-11-28T17:53:00+00:00,284.21000000000004,STOP_LOSS,-1.6529999999997926,0.17069130000000002,0.06299999999987449,-1.8236912999997927,-1.039622641509357,-1.1469756603772872,5.120346284300045,1.5899999999999181,0.005,0.0015526293650052149,,HYP-FCR-03,baseline,1024.069256860009,1022.2455655600093,35.000000000002274,0.5280571428571526,0.6628070555135035,1,1,45.00000000000455,0.5299999999999727,5.0,2022,12
QQQ,2022-11-29,long,283.1,281.58,2022-11-29T15:10:00+00:00,2022-11-29T15:30:00+00:00,282.821,0.07999999999998408,282.33,283.8030000000001,3,3,2022-11-29T15:35:00+00:00,282.83,2022-11-29T15:53:00+00:00,282.32,STOP_LOSS,-1.5299999999999727,0.169545,0.05699999999984584,-1.6995449999999728,-1.0386965376780997,-1.1537983706719799,5.111227827800047,1.4730000000001269,0.005,0.0014409453556232198,,HYP-FCR-03,baseline,1022.2455655600093,1020.5460205600093,7.999999999998408,0.655415384615393,0.122059997183205,4,4,8.999999999997499,0.4910000000000423,20.0,2022,10
SPY,2022-11-29,long,396.6399,395.24,2022-11-29T19:00:00+00:00,2022-11-29T19:05:00+00:00,395.685,0.5450000000000159,394.72,397.61499999999995,2,2,2022-11-29T19:10:00+00:00,395.7,2022-11-29T19:27:00+00:00,394.71000000000004,STOP_LOSS,-1.9799999999999045,0.15808200000000003,0.049999999999954525,-2.1380819999999043,-1.0259067357512723,-1.1078145077719999,4.9954504769000225,1.92999999999995,0.005,0.0019317577152697858,,HYP-FCR-03,baseline,999.0900953800045,996.9520133800046,54.50000000000159,0.43456428571427963,1.2541297522971004,1,1,23.00000000000182,0.964999999999975,5.0,2022,14
QQQ,2022-11-30,long,281.97,280.47,2022-11-30T16:05:00+00:00,2022-11-30T16:10:00+00:00,281.155,0.05000000000001137,280.355,282.7549999999999,3,3,2022-11-30T16:15:00+00:00,281.15999999999997,2022-11-30T17:20:00+00:00,280.345,STOP_LOSS,-2.4449999999998226,0.1684515,0.04499999999995907,-2.613451499999823,-1.018749999999984,-1.088938124999988,5.102730102800047,2.3999999999998636,0.005,0.0023516822873728906,,HYP-FCR-03,baseline,1020.5460205600093,1017.9325690600095,5.000000000001137,0.5518857142857071,0.09059846759165566,1,1,12.000000000000455,0.7999999999999545,5.0,2022,11
SPY,2022-11-30,long,396.2094,394.865,2022-11-30T16:25:00+00:00,2022-11-30T16:30:00+00:00,395.31,0.06220000000001846,394.79,396.34999999999997,2,2,2022-11-30T16:35:00+00:00,395.32,2022-11-30T17:08:00+00:00,394.78000000000003,STOP_LOSS,-1.0799999999999272,0.15802000000000002,0.03999999999996362,-1.2380199999999273,-1.0384615384615048,-1.1904038461538178,4.984760066900023,1.0399999999999636,0.005,0.0010431795974552595,,HYP-FCR-03,baseline,996.9520133800046,995.7139933800047,6.220000000001846,0.4896571428571487,0.12702765783642317,1,1,10.500000000001819,0.5199999999999818,5.0,2022,11
QQQ,2022-12-01,short,295.56,293.0698,2022-12-01T15:00:00+00:00,2022-12-01T15:05:00+00:00,293.82,0.14999999999997726,295.09,291.28000000000003,3,3,2022-12-01T15:10:00+00:00,293.78000000000003,2022-12-01T15:25:00+00:00,291.29,TAKE_PROFIT,7.470000000000027,0.17552100000000004,0.14999999999986358,7.2944790000000275,1.9606299212598777,1.9145614173228693,5.089662845300047,3.8099999999999454,0.005,0.0037428805362993913,,HYP-FCR-03,baseline,1017.9325690600095,1025.2270480600096,14.999999999997726,0.9149250000000109,0.16394786457903707,1,1,18.999999999999773,1.2699999999999818,5.0,2022,10
QQQ,2022-12-02,short,290.23,288.36,2022-12-02T15:55:00+00:00,2022-12-02T16:00:00+00:00,289.7584,0.045000000000015916,290.68,287.91519999999997,3,3,2022-12-02T16:05:00+00:00,289.74,2022-12-02T16:26:00+00:00,290.69,STOP_LOSS,-2.849999999999966,0.174129,0.08519999999992933,-3.024128999999966,-1.0308159722221963,-1.0937966579860843,5.126135240300048,2.7648000000000366,0.005,0.0026967684916543526,,HYP-FCR-03,baseline,1025.2270480600096,1022.2029190600095,4.500000000001592,0.8645071428571457,0.052052779866333485,1,1,43.00000000000068,0.9216000000000122,5.0,2022,11
QQQ,2022-12-05,long,291.68,290.19,2022-12-05T15:40:00+00:00,2022-12-05T15:45:00+00:00,290.56,0.19999999999998863,289.83,292.02000000000004,3,3,2022-12-05T15:50:00+00:00,290.59999999999997,2022-12-05T16:21:00+00:00,289.82,STOP_LOSS,-2.339999999999918,0.174126,0.14999999999986358,-2.5141259999999184,-1.0684931506848676,-1.1480027397259616,5.111014595300047,2.1900000000000546,0.005,0.0021424317610185656,,HYP-FCR-03,baseline,1022.2029190600095,1019.6887930600096,19.999999999998863,0.6892785714285635,0.29015844723778206,1,1,8.3500000000015,0.7300000000000182,5.0,2022,10
QQQ,2022-12-07,long,282.57,279.25,2022-12-07T15:00:00+00:00,2022-12-07T15:05:00+00:00,280.61,0.396000000000015,279.52,282.7900000000001,3,3,2022-12-07T15:10:00+00:00,280.65,2022-12-07T15:10:00+00:00,279.51,STOP_LOSS,-3.419999999999959,0.168048,0.14999999999986358,-3.5880479999999593,-1.0458715596329844,-1.0972623853210564,5.098443965300048,3.2700000000000955,0.005,0.0032068607816970024,,HYP-FCR-03,baseline,1019.6887930600096,1016.1007450600097,39.6000000000015,1.1797124999999795,0.33567500556281454,1,1,46.989999999999554,1.0900000000000318,5.0,2022,10
SPY,2022-12-07,long,395.3,392.34,2022-12-07T15:00:00+00:00,2022-12-07T15:05:00+00:00,393.82,0.5099999999999909,392.77,395.92,2,2,2022-12-07T15:10:00+00:00,393.81,2022-12-07T15:10:00+00:00,392.76,STOP_LOSS,-2.1000000000000227,0.15731399999999998,0.03999999999996362,-2.2573140000000227,-1.0,-1.0749114285714276,4.978569966900023,2.1000000000000227,0.005,0.0021090393566444315,,HYP-FCR-03,baseline,995.7139933800047,993.4566793800046,50.99999999999909,1.1937874999999991,0.427211710626884,1,1,36.99999999999477,1.0500000000000114,5.0,2022,10
SPY,2022-12-08,short,396.2501,393.45,2022-12-08T16:05:00+00:00,2022-12-08T16:10:00+00:00,395.9,0.14220000000000255,396.64,394.41999999999996,2,2,2022-12-08T16:15:00+00:00,395.90000000000003,2022-12-08T18:30:00+00:00,396.65,STOP_LOSS,-1.4999999999998863,0.15851,0.020000000000095497,-1.6585099999998862,-1.0135135135134243,-1.1206148648647742,4.967283396900023,1.4800000000000182,0.005,0.0014897478981405158,,HYP-FCR-03,baseline,993.4566793800046,991.7981693800048,14.220000000000255,0.6009285714285681,0.2366337810531376,1,1,1.9200000000012096,0.7400000000000091,5.0,2022,11
SPY,2022-12-09,short,396.89,394.12,2022-12-09T16:05:00+00:00,2022-12-09T16:10:00+00:00,396.26,0.29000000000002046,397.28999999999996,394.20000000000005,2,2,2022-12-09T16:15:00+00:00,396.27,2022-12-09T16:37:00+00:00,397.29999999999995,STOP_LOSS,-2.0599999999999454,0.158714,0.03999999999996362,-2.2187139999999452,-1.0,-1.077045631067963,4.958990846900024,2.0599999999999454,0.005,0.002077035493307774,,HYP-FCR-03,baseline,991.7981693800048,989.5794553800048,29.000000000002046,0.7960000000000004,0.36432160804022656,1,1,47.00000000000273,1.0299999999999727,5.0,2022,11
QQQ,2022-12-09,short,284.27,281.59,2022-12-09T18:05:00+00:00,2022-12-09T18:10:00+00:00,283.92,0.03000000000002956,284.83,282.1000000000001,3,3,2022-12-09T18:15:00+00:00,283.92,2022-12-09T20:51:00+00:00,282.11000000000007,TAKE_PROFIT,5.429999999999836,0.16980900000000002,0.029999999999972715,5.260190999999836,1.9890109890109986,1.9268098901098976,5.080503725300049,2.7299999999999045,0.005,0.0026867414606990313,,HYP-FCR-03,baseline,1016.1007450600097,1021.3609360600095,3.000000000002956,0.44457142857142784,0.06748071979441107,1,1,18.999999999999773,0.9099999999999682,5.0,2022,13
QQQ,2022-12-12,long,283.0236,281.42,2022-12-12T15:50:00+00:00,2022-12-12T16:00:00+00:00,282.34,0.18199999999995953,281.37,284.2799999999999,3,3,2022-12-12T16:05:00+00:00,282.36,2022-12-12T20:07:00+00:00,284.2699999999999,TAKE_PROFIT,5.729999999999734,0.169989,0.09000000000008868,5.560010999999734,1.9690721649484222,1.9106567010308946,5.106804680300048,2.9099999999999113,0.005,0.0028491397088530666,,HYP-FCR-03,baseline,1021.3609360600095,1026.9209470600092,18.199999999995953,0.5424214285714258,0.33553246684831856,2,2,25.99999999999909,0.9699999999999704,10.0,2022,11
QQQ,2022-12-14,short,290.09,288.04,2022-12-14T18:10:00+00:00,2022-12-14T18:15:00+00:00,289.62,0.12000000000000455,290.12,288.62,3,3,2022-12-14T18:20:00+00:00,289.62,2022-12-14T18:30:00+00:00,290.13,STOP_LOSS,-1.5299999999999727,0.173925,0.029999999999972715,-1.7039249999999728,-1.0199999999999818,-1.1359499999999818,5.134604735300046,1.5,0.005,0.0014606771867828555,,HYP-FCR-03,baseline,1026.9209470600092,1025.2170220600092,12.000000000000455,0.40067142857142407,0.29949727243556934,1,1,16.0000000000025,0.5,5.0,2022,13
SPY,2022-12-15,long,395.25,391.17,2022-12-15T15:35:00+00:00,2022-12-15T15:40:00+00:00,391.8,0.12000000000000455,391.08,393.24000000000007,2,2,2022-12-15T15:45:00+00:00,391.82,2022-12-15T15:49:00+00:00,391.07,STOP_LOSS,-1.5,0.156578,0.05999999999994543,-1.656578,-1.0416666666666272,-1.1504013888888454,4.947897276900024,1.4400000000000546,0.005,0.0014551635971940076,,HYP-FCR-03,baseline,989.5794553800048,987.9228773800048,12.000000000000455,0.9036142857142855,0.13280002529524798,1,1,8.000000000004093,0.7200000000000273,5.0,2022,10
SPY,2022-12-19,long,383.82,381.89,2022-12-19T15:05:00+00:00,2022-12-19T15:15:00+00:00,382.7701,0.2699999999999818,382.02,384.2703000000001,2,2,2022-12-19T15:20:00+00:00,382.81,2022-12-19T15:54:00+00:00,382.01,STOP_LOSS,-1.6000000000000227,0.152964,0.09979999999995925,-1.7529640000000226,-1.0665244634048494,-1.16848686841751,4.939614386900025,1.5002000000000635,0.005,0.0015185395888175298,,HYP-FCR-03,baseline,987.9228773800048,986.1699133800048,26.99999999999818,0.7204600000000141,0.37476056963603327,2,2,14.999999999997726,0.7501000000000317,10.0,2022,10
QQQ,2022-12-19,long,273.96,271.42,2022-12-19T15:15:00+00:00,2022-12-19T15:20:00+00:00,272.5401,0.12000000000000455,271.18,275.2603,3,3,2022-12-19T15:25:00+00:00,272.53,2022-12-19T15:54:00+00:00,271.17,STOP_LOSS,-4.07999999999987,0.16311,0.060300000000040654,-4.24310999999987,-0.9999264759943889,-1.0399014778324893,5.126085110300046,4.080299999999966,0.005,0.003979937820190751,,HYP-FCR-03,baseline,1025.2170220600092,1020.9739120600093,12.000000000000455,0.7952181818181636,0.15090198230332216,1,1,3.000000000002956,1.3600999999999885,5.0,2022,10
QQQ,2022-12-20,short,269.63,266.95,2022-12-20T16:10:00+00:00,2022-12-20T16:15:00+00:00,268.45,0.3900000000000432,270.28,264.79,2,2,2022-12-20T16:20:00+00:00,268.4309,2022-12-20T17:09:00+00:00,270.28999999999996,STOP_LOSS,-3.7181999999999107,0.10774418000000001,0.05819999999994252,-3.8259441799999108,-1.0159016393442468,-1.045339939890695,5.104869560300046,3.659999999999968,0.005,0.003584812458738756,,HYP-FCR-03,baseline,1020.9739120600093,1017.1479678800093,39.00000000000432,0.7282142857142853,0.5355566454144784,1,1,18.000000000000682,1.829999999999984,5.0,2022,11
SPY,2022-12-20,short,380.27,377.85,2022-12-20T16:15:00+00:00,2022-12-20T16:20:00+00:00,379.6301,0.5300000000000296,380.89,377.1103000000001,2,2,2022-12-20T16:25:00+00:00,379.62,2022-12-20T17:00:00+00:00,380.9,STOP_LOSS,-2.5599999999999454,0.15210400000000002,0.0402000000000271,-2.7121039999999454,-1.0159536471148616,-1.0763171680292218,4.930849566900024,2.5197999999999183,0.005,0.002555137776778791,,HYP-FCR-03,baseline,986.1699133800048,983.4578093800048,53.000000000002956,0.8048499999999917,0.6585077964838604,1,1,36.000000000001364,1.2598999999999592,5.0,2022,11
QQQ,2022-12-23,long,266.72,263.63,2022-12-23T15:05:00+00:00,2022-12-23T15:20:00+00:00,266.4,0.5,264.66,269.8799999999999,2,2,2022-12-23T15:25:00+00:00,266.37,2022-12-23T20:59:00+00:00,267.44,FORCED_SESSION_CLOSE,2.1399999999999864,0.106762,0.07999999999992724,2.0332379999999866,0.6149425287356451,0.5842637931034604,5.085739839400047,3.4799999999999045,0.005,0.0034213311237824076,,HYP-FCR-03,baseline,1017.1479678800093,1019.1812058800093,50.0,1.3625454545454596,0.36696023485454893,3,3,10.000000000002274,1.7399999999999523,15.0,2022,10
SPY,2022-12-23,short,381.27,378.03,2022-12-23T15:55:00+00:00,2022-12-23T16:05:00+00:00,380.34,0.19999999999998863,381.07,378.87999999999994,2,2,2022-12-23T16:10:00+00:00,380.34000000000003,2022-12-23T16:13:00+00:00,381.08,STOP_LOSS,-1.4799999999999045,0.15228400000000003,0.020000000000095497,-1.6322839999999046,-1.0136986301368955,-1.1180027397259342,4.9172890469000246,1.4600000000000364,0.005,0.0014845578387551318,,HYP-FCR-03,baseline,983.4578093800048,981.8255253800049,19.999999999998863,1.033200000000006,0.1935733643050595,2,2,27.000000000003865,0.7300000000000182,10.0,2022,11
SPY,2022-12-27,long,383.01,380.03,2022-12-27T15:00:00+00:00,2022-12-27T15:15:00+00:00,382.05,0.22999999999996135,380.37010000000004,385.40979999999996,2,2,2022-12-27T15:20:00+00:00,382.09,2022-12-27T20:59:00+00:00,381.38,FORCED_SESSION_CLOSE,-1.419999999999959,0.15269400000000002,0.09999999999990905,-1.5726939999999592,-0.4226442050121972,-0.4680915530686298,4.909127626900025,3.35979999999995,0.005,0.0034219929235386054,,HYP-FCR-03,baseline,981.8255253800049,980.252831380005,22.999999999996135,0.9204900000000009,0.24986691870629896,3,3,37.999999999999545,1.679899999999975,15.0,2022,10
QQQ,2022-12-27,long,266.85,263.23,2022-12-27T15:00:00+00:00,2022-12-27T15:20:00+00:00,265.145,0.5949999999999704,263.6,268.2349999999999,3,3,2022-12-27T15:25:00+00:00,265.15999999999997,2022-12-27T18:55:00+00:00,263.59000000000003,STOP_LOSS,-4.709999999999809,0.15862500000000002,0.07499999999993179,-4.868624999999809,-1.0161812297734485,-1.050404530744323,5.095906029400047,4.634999999999877,0.005,0.0045477683195676655,,HYP-FCR-03,baseline,1019.1812058800093,1014.3125808800095,59.499999999997044,0.9290090909091036,0.6404673601393064,4,4,20.000000000004547,1.544999999999959,20.0,2022,10
QQQ,2022-12-28,long,265.47,262.22,2022-12-28T18:00:00+00:00,2022-12-28T18:05:00+00:00,262.52,0.160000000000025,261.77500000000003,264.0099999999999,3,3,2022-12-28T18:10:00+00:00,262.53999999999996,2022-12-28T18:23:00+00:00,261.76500000000004,STOP_LOSS,-2.3249999999997613,0.1572915,0.08999999999991815,-2.482291499999761,-1.0402684563758051,-1.110644966442924,5.071562904400047,2.234999999999843,0.005,0.0022034627610167026,,HYP-FCR-03,baseline,1014.3125808800095,1011.8302893800097,16.0000000000025,0.4571857142857141,0.3499671905759384,1,1,24.00000000000091,0.7449999999999477,5.0,2022,13
QQQ,2022-12-30,short,264.49,262.29,2022-12-30T15:50:00+00:00,2022-12-30T16:15:00+00:00,263.6356,0.22410000000002128,264.45,262.00680000000006,3,3,2022-12-30T16:20:00+00:00,263.61,2022-12-30T16:57:00+00:00,264.46,STOP_LOSS,-2.5499999999998977,0.158421,0.10679999999996426,-2.708420999999898,-1.0437131630648195,-1.1085547642436033,5.0591514469000485,2.4431999999999334,0.005,0.002414634178916489,,HYP-FCR-03,baseline,1011.8302893800097,1009.1218683800098,22.410000000002128,0.5802857142857079,0.3861890694239701,5,5,43.00000000000068,0.8143999999999778,25.0,2022,11
SPY,2022-12-30,long,381.62,379.02,2022-12-30T18:25:00+00:00,2022-12-30T18:35:00+00:00,379.72,0.2436999999999898,378.95,381.2600000000001,2,2,2022-12-30T18:40:00+00:00,379.73,2022-12-30T19:04:00+00:00,378.94,STOP_LOSS,-1.580000000000041,0.15173400000000004,0.03999999999996362,-1.731734000000041,-1.0259740259740011,-1.1245025974025675,4.901264156900025,1.5400000000000773,0.005,0.0015710232612458333,,HYP-FCR-03,baseline,980.252831380005,978.5210973800049,24.36999999999898,0.5048642857142868,0.4827039798531218,2,2,58.9999999999975,0.7700000000000387,10.0,2022,13
SPY,2023-01-04,long,384.17,381.9,2023-01-04T15:40:00+00:00,2023-01-04T15:45:00+00:00,382.74,0.4249999999999545,381.25,385.72,2,2,2023-01-04T15:50:00+00:00,382.755,2023-01-04T16:55:00+00:00,385.71000000000004,TAKE_PROFIT,5.910000000000082,0.15369300000000002,0.049999999999954525,5.756307000000082,1.9832214765100824,1.9316466442953177,4.892605486900025,2.980000000000018,0.005,0.0030454121101517206,,HYP-FCR-03,baseline,978.5210973800049,984.277404380005,42.49999999999545,1.1074714285714313,0.38375707854438995,1,1,89.99999999999773,1.490000000000009,5.0,2023,10
QQQ,2023-01-04,long,266.92,264.72,2023-01-04T16:05:00+00:00,2023-01-04T16:15:00+00:00,265.32,0.18139999999999645,264.51,266.94,3,3,2023-01-04T16:20:00+00:00,265.33,2023-01-04T16:35:00+00:00,266.93,TAKE_PROFIT,4.800000000000068,0.15967800000000001,0.05999999999994543,4.640322000000068,1.9753086419753312,1.9095975308642201,5.045609341900049,2.430000000000007,0.005,0.0024080342287111454,,HYP-FCR-03,baseline,1009.1218683800098,1013.7621903800099,18.139999999999645,0.7062785714285634,0.2568391670627716,2,2,31.000000000000227,0.8100000000000023,10.0,2023,11
QQQ,2023-01-05,short,264.09,261.5001,2023-01-05T15:05:00+00:00,2023-01-05T15:55:00+00:00,262.16,0.029999999999972715,262.92,260.64000000000004,3,3,2023-01-05T16:00:00+00:00,262.15000000000003,2023-01-05T16:13:00+00:00,262.93,STOP_LOSS,-2.339999999999918,0.157524,0.05999999999994543,-2.497523999999918,-1.0263157894736605,-1.095405263157872,5.0688109519000495,2.2799999999999727,0.005,0.002249048170898258,,HYP-FCR-03,baseline,1013.7621903800099,1011.26466638001,2.9999999999972715,0.8292857142857153,0.0361757105942823,10,10,12.000000000000455,0.7599999999999909,50.0,2023,11
SPY,2023-01-05,short,381.76,378.89,2023-01-05T15:05:00+00:00,2023-01-05T15:55:00+00:00,379.39,0.30999999999994543,380.55,377.06999999999994,2,2,2023-01-05T16:00:00+00:00,379.39,2023-01-05T18:22:00+00:00,380.56,STOP_LOSS,-2.340000000000032,0.15199000000000001,0.01999999999998181,-2.491990000000032,-1.0086206896551644,-1.0741336206896457,4.921387021900025,2.32000000000005,0.005,0.002357059086875427,,HYP-FCR-03,baseline,984.277404380005,981.785414380005,30.999999999994543,0.9160642857142948,0.3384041980833529,10,10,7.999999999998408,1.160000000000025,50.0,2023,11
SPY,2023-01-09,short,391.67,389.35,2023-01-09T18:30:00+00:00,2023-01-09T18:35:00+00:00,391.12,0.24740000000002738,392.23,388.9,2,2,2023-01-09T18:40:00+00:00,391.09000000000003,2023-01-09T19:59:00+00:00,388.90999999999997,TAKE_PROFIT,4.360000000000127,0.156,0.07999999999992724,4.204000000000128,1.9639639639639972,1.8936936936937279,4.908927071900025,2.2200000000000273,0.005,0.0022611865765004785,,HYP-FCR-03,baseline,981.785414380005,985.9894143800052,24.740000000002738,0.45032857142857907,0.5493766456238817,1,1,37.000000000000455,1.1100000000000136,5.0,2023,13
QQQ,2023-01-09,short,273.5401,270.73,2023-01-09T18:40:00+00:00,2023-01-09T18:45:00+00:00,272.725,0.6000000000000227,274.26,269.6550000000001,3,3,2023-01-09T18:50:00+00:00,272.7181,2023-01-09T20:59:00+00:00,270.55,FORCED_SESSION_CLOSE,6.504299999999944,0.16298043,0.05070000000006303,6.341319569999944,1.4124429967426881,1.3770509381107654,5.0563233319000505,4.6049999999999045,0.005,0.0045537040431604,,HYP-FCR-03,baseline,1011.26466638001,1017.60598595001,60.000000000002274,0.4343999999999945,1.3812154696133294,1,1,27.490000000000236,1.5349999999999682,5.0,2023,13
QQQ,2023-01-10,short,272.02,269.38,2023-01-10T15:25:00+00:00,2023-01-10T15:30:00+00:00,269.7393,0.34080000000000155,272.05,265.1179,2,2,2023-01-10T15:35:00+00:00,269.71000000000004,2023-01-10T19:00:00+00:00,272.06,STOP_LOSS,-4.699999999999932,0.108354,0.07859999999993761,-4.808353999999932,-1.017007833124148,-1.0404539749859216,5.08802992975005,4.621399999999994,0.005,0.004541443411111205,,HYP-FCR-03,baseline,1017.60598595001,1012.7976319500101,34.080000000000155,1.2375615384615344,0.2753802452714106,1,1,8.010000000001583,2.310699999999997,5.0,2023,10
SPY,2023-01-10,short,389.23,387.02,2023-01-10T15:20:00+00:00,2023-01-10T15:35:00+00:00,387.2904,0.4900000000000091,388.73,384.4111999999999,2,2,2023-01-10T15:40:00+00:00,387.29,2023-01-10T16:13:00+00:00,388.74,STOP_LOSS,-2.8999999999999773,0.155206,0.02079999999989468,-3.0552059999999774,-1.00722422895245,-1.0611301750485864,4.929947071900026,2.8792000000000826,0.005,0.0029201124860052754,,HYP-FCR-03,baseline,985.9894143800052,982.9342083800052,49.00000000000091,1.1358000000000013,0.43141398133474956,3,3,3.999999999996362,1.4396000000000413,15.0,2023,10
QQQ,2023-01-11,short,274.85,273.12,2023-01-11T15:30:00+00:00,2023-01-11T15:35:00+00:00,274.25,0.2950000000000159,275.46,271.83000000000004,3,3,2023-01-11T15:40:00+00:00,274.24,2023-01-11T17:07:00+00:00,275.46999999999997,STOP_LOSS,-3.689999999999884,0.164913,0.05999999999994543,-3.854912999999884,-1.01652892561982,-1.0619595041322174,5.063988159750051,3.6299999999999386,0.005,0.0035841316028858063,,HYP-FCR-03,baseline,1012.7976319500101,1008.9427189500102,29.50000000000159,0.7360857142857193,0.4007685440360395,1,1,62.999999999999545,1.2099999999999795,5.0,2023,10
SPY,2023-01-11,long,393.1594,391.8,2023-01-11T16:05:00+00:00,2023-01-11T16:15:00+00:00,392.51,0.3599999999999568,391.85,393.8299999999999,2,2,2023-01-11T16:20:00+00:00,392.53,2023-01-11T18:10:00+00:00,393.81999999999994,TAKE_PROFIT,2.5799999999999272,0.15727,0.05999999999994543,2.422729999999927,1.9545454545454937,1.8354015151515486,4.914671041900026,1.3199999999999363,0.005,0.001342917958034502,,HYP-FCR-03,baseline,982.9342083800052,985.3569383800051,35.99999999999568,0.5289928571428513,0.6805384895825559,2,2,7.499999999998863,0.6599999999999682,10.0,2023,11
SPY,2023-01-12,short,396.965,392.42,2023-01-12T15:40:00+00:00,2023-01-12T15:45:00+00:00,395.23,0.3499999999999659,396.87,391.95000000000005,2,2,2023-01-12T15:50:00+00:00,395.23,2023-01-12T17:08:00+00:00,396.88,STOP_LOSS,-3.2999999999999545,0.158422,0.01999999999998181,-3.4584219999999544,-1.0060975609756042,-1.054396951219507,4.926784691900026,3.2799999999999727,0.005,0.003328742988700642,,HYP-FCR-03,baseline,985.3569383800051,981.8985163800052,34.99999999999659,1.2561785714285716,0.2786228072669105,1,1,2.5000000000034106,1.6399999999999864,5.0,2023,10
QQQ,2023-01-12,short,278.76,273.74,2023-01-12T18:25:00+00:00,2023-01-12T18:30:00+00:00,278.09,1.1200000000000045,279.57,275.12999999999994,3,3,2023-01-12T18:35:00+00:00,278.12,2023-01-12T18:53:00+00:00,279.58,STOP_LOSS,-4.379999999999939,0.16731,0.12000000000006139,-4.547309999999938,-0.9864864864864605,-1.0241689189188925,5.044713594750051,4.440000000000055,0.005,0.004400646257322406,,HYP-FCR-03,baseline,1008.9427189500102,1004.3954089500103,112.00000000000045,0.5470499999999967,2.0473448496481335,1,1,63.999999999998636,1.4800000000000182,5.0,2023,13
SPY,2023-01-17,short,399.1,397.62,2023-01-17T15:35:00+00:00,2023-01-17T15:40:00+00:00,398.418,0.13999999999998636,399.71999999999997,395.8140000000001,2,2,2023-01-17T15:45:00+00:00,398.39,2023-01-17T20:59:00+00:00,397.77,FORCED_SESSION_CLOSE,1.240000000000009,0.159232,0.07600000000002183,1.080768000000009,0.4761904761904928,0.4150414746543928,4.909492581900026,2.603999999999928,0.005,0.0026520052292167357,,HYP-FCR-03,baseline,981.8985163800052,982.9792843800052,13.999999999998636,0.7403500000000024,0.1890997501181683,1,1,26.99999999999818,1.301999999999964,5.0,2023,10
QQQ,2023-01-17,short,281.455,279.581,2023-01-17T15:40:00+00:00,2023-01-17T15:45:00+00:00,281.16,0.165300000000002,281.81,279.86000000000007,3,3,2023-01-17T15:50:00+00:00,281.14,2023-01-17T16:10:00+00:00,279.87000000000006,TAKE_PROFIT,3.809999999999775,0.16830300000000004,0.09000000000008868,3.641696999999775,1.9538461538461067,1.867536923076873,5.021977044750051,1.9499999999999318,0.005,0.0019414664609413654,,HYP-FCR-03,baseline,1004.3954089500103,1008.0371059500101,16.5300000000002,0.7490428571428538,0.22068163179677286,1,1,23.500000000001364,0.6499999999999773,5.0,2023,10
QQQ,2023-01-18,short,283.9,282.59,2023-01-18T15:15:00+00:00,2023-01-18T15:20:00+00:00,283.5136,0.1099999999999568,284.17,282.20079999999996,3,3,2023-01-18T15:25:00+00:00,283.51,2023-01-18T15:39:00+00:00,282.21079999999995,TAKE_PROFIT,3.897600000000125,0.16971624,0.04079999999999018,3.727883760000125,1.9792809262644784,1.8930955514930001,5.04018552975005,1.9692000000000576,0.005,0.001953499517405377,,HYP-FCR-03,baseline,1008.0371059500101,1011.7649897100102,10.99999999999568,0.8399545454545525,0.13095946750360027,1,1,22.00000000000273,0.6564000000000192,5.0,2023,10
QQQ,2023-01-19,long,277.225,274.85,2023-01-19T16:05:00+00:00,2023-01-19T16:10:00+00:00,275.31,0.1301000000000272,274.53000000000003,276.86999999999995,3,3,2023-01-19T16:15:00+00:00,275.31,2023-01-19T16:26:00+00:00,274.52000000000004,STOP_LOSS,-2.369999999999891,0.16494900000000004,0.029999999999972715,-2.534948999999891,-1.0128205128205017,-1.0833115384615297,5.058824948550051,2.339999999999918,0.005,0.002312790048873507,,HYP-FCR-03,baseline,1011.7649897100102,1009.2300407100104,13.01000000000272,0.6748999999999918,0.19276929915547306,1,1,42.00000000000159,0.7799999999999727,5.0,2023,11
SPY,2023-01-19,long,390.43,388.6196,2023-01-19T17:10:00+00:00,2023-01-19T17:15:00+00:00,388.74,0.020000000000038654,388.2,389.82000000000005,2,2,2023-01-19T17:20:00+00:00,388.755,2023-01-19T17:30:00+00:00,388.19,STOP_LOSS,-1.1299999999999955,0.155389,0.049999999999954525,-1.2853889999999955,-1.0462962962962525,-1.1901749999999507,4.914896421900026,1.080000000000041,0.005,0.0010987006716842763,,HYP-FCR-03,baseline,982.9792843800052,981.6938953800052,2.0000000000038654,0.4636000000000016,0.04314063848153275,1,1,42.959999999999354,0.5400000000000205,5.0,2023,12
SPY,2023-01-24,long,400.15,397.98,2023-01-24T15:10:00+00:00,2023-01-24T15:15:00+00:00,398.7613,0.07999999999998408,398.27,399.74390000000005,2,2,2023-01-24T15:20:00+00:00,398.77,2023-01-24T15:45:00+00:00,399.73390000000006,TAKE_PROFIT,1.9278000000001612,0.15970078000000001,0.03739999999993415,1.768099220000161,1.9619377162630447,1.7994089354773817,4.908469476900026,0.9826000000000477,0.005,0.0010009230011761372,,HYP-FCR-03,baseline,981.6938953800052,983.4619946000054,7.999999999998408,1.1179599999999994,0.0715589108733623,1,1,20.000000000004547,0.49130000000002383,5.0,2023,10
QQQ,2023-01-24,long,289.55,286.84,2023-01-24T15:05:00+00:00,2023-01-24T15:55:00+00:00,289.03,0.12999999999999545,288.19,290.7099999999999,3,3,2023-01-24T16:00:00+00:00,289.05,2023-01-24T17:01:00+00:00,288.18,STOP_LOSS,-2.6100000000000136,0.17316900000000002,0.09000000000008868,-2.7831690000000138,-1.035714285714322,-1.1044321428571813,5.046150203550052,2.519999999999925,0.005,0.002496953021956285,,HYP-FCR-03,baseline,1009.2300407100104,1006.4468717100103,12.999999999999545,0.9139214285714315,0.14224417541363593,10,10,6.000000000000227,0.839999999999975,50.0,2023,11
QQQ,2023-01-25,long,284.08,281.62,2023-01-25T15:50:00+00:00,2023-01-25T16:00:00+00:00,282.89,0.28000000000002956,281.90000000000003,284.8699999999999,3,3,2023-01-25T16:05:00+00:00,282.90999999999997,2023-01-25T16:51:00+00:00,284.8599999999999,TAKE_PROFIT,5.849999999999795,0.17033099999999995,0.08999999999991815,5.679668999999795,1.9696969696969957,1.912346464646488,5.032234358550052,2.9699999999998568,0.005,0.0029509754399193056,,HYP-FCR-03,baseline,1006.4468717100103,1012.1265407100101,28.000000000002956,0.7566428571428584,0.37005569715853937,2,2,3.000000000002956,0.9899999999999523,10.0,2023,11
SPY,2023-01-25,long,396.65,394.32,2023-01-25T15:55:00+00:00,2023-01-25T16:00:00+00:00,395.12,0.37999999999999545,394.28000000000003,396.79999999999995,2,2,2023-01-25T16:05:00+00:00,395.1399,2023-01-25T16:51:00+00:00,396.78999999999996,TAKE_PROFIT,3.3001999999999043,0.15838598,0.059799999999995634,3.1418140199999045,1.9644047619047635,1.8701273928571418,4.917309973000027,1.67999999999995,0.005,0.0017082510653431415,,HYP-FCR-03,baseline,983.4619946000054,986.6038086200052,37.999999999999545,0.8125,0.4676923076923021,1,1,8.999999999997499,0.839999999999975,5.0,2023,11
QQQ,2023-01-26,long,292.64,289.54,2023-01-26T16:40:00+00:00,2023-01-26T17:05:00+00:00,290.83,0.06499999999999773,289.87,292.74999999999994,3,3,2023-01-26T17:10:00+00:00,290.84499999999997,2023-01-26T20:24:00+00:00,292.73999999999995,TAKE_PROFIT,5.684999999999945,0.17507549999999997,0.07499999999993179,5.509924499999945,1.9739583333333566,1.9131682291666885,5.06063270355005,2.8799999999999386,0.005,0.002845494001154845,,HYP-FCR-03,baseline,1012.1265407100101,1017.63646521001,6.499999999999773,0.6891642857142861,0.09431713358829717,5,5,22.00000000000273,0.9599999999999795,25.0,2023,12
SPY,2023-01-26,long,404.07,400.8,2023-01-26T16:25:00+00:00,2023-01-26T17:05:00+00:00,402.45,0.14060000000000628,401.44,404.46999999999997,2,2,2023-01-26T17:10:00+00:00,402.46999999999997,2023-01-26T20:57:00+00:00,404.46,TAKE_PROFIT,3.980000000000018,0.161386,0.05999999999994543,3.8186140000000184,1.9702970297029971,1.8904029702970557,4.9330190431000265,2.019999999999982,0.005,0.0020474277337581147,,HYP-FCR-03,baseline,986.6038086200052,990.4224226200052,14.060000000000628,0.6878142857142718,0.20441564375767207,8,8,69.99999999999886,1.009999999999991,40.0,2023,12
QQQ,2023-01-27,short,294.4199,291.88,2023-01-27T15:45:00+00:00,2023-01-27T15:50:00+00:00,293.52,0.6299999999999955,294.86,290.8399999999999,3,3,2023-01-27T15:55:00+00:00,293.52,2023-01-27T16:30:00+00:00,294.87,STOP_LOSS,-4.050000000000068,0.176517,0.029999999999972715,-4.226517000000068,-1.0074626865671572,-1.0513723880596935,5.08818232605005,4.0200000000000955,0.005,0.003950330139919354,,HYP-FCR-03,baseline,1017.63646521001,1013.4099482100099,62.999999999999545,0.7746357142857262,0.8132855074735407,1,1,37.510000000003174,1.3400000000000318,5.0,2023,10
SPY,2023-01-27,short,405.52,403.44,2023-01-27T15:40:00+00:00,2023-01-27T15:50:00+00:00,403.89,0.6311000000000035,405.42,400.8299999999999,2,2,2023-01-27T15:55:00+00:00,403.89,2023-01-27T16:32:00+00:00,405.43,STOP_LOSS,-3.080000000000041,0.161864,0.01999999999998181,-3.241864000000041,-1.0065359477124123,-1.059432679738555,4.952112113100027,3.060000000000059,0.005,0.003089590794910837,,HYP-FCR-03,baseline,990.4224226200052,987.1805586200052,63.110000000000355,0.7591928571428517,0.8312775786314519,2,2,6.999999999999318,1.5300000000000296,10.0,2023,10
QQQ,2023-01-30,short,294.0925,292.33,2023-01-30T15:05:00+00:00,2023-01-30T15:15:00+00:00,292.8859,0.11000000000001364,294.2,290.2577,3,3,2023-01-30T15:20:00+00:00,292.83,2023-01-30T20:17:00+00:00,290.2677,TAKE_PROFIT,7.68689999999998,0.17492931,0.19769999999999754,7.5119706899999805,1.9498516094665554,1.9054792101057763,5.06704974105005,3.942299999999989,0.005,0.0038901335110862975,,HYP-FCR-03,baseline,1013.4099482100099,1020.9219189000099,11.000000000001364,0.946160000000009,0.11625940644289824,2,2,28.750000000002274,1.3140999999999963,10.0,2023,10
SPY,2023-01-30,short,404.6,402.66,2023-01-30T15:15:00+00:00,2023-01-30T15:25:00+00:00,403.9,0.0999999999999659,404.65,402.4,2,2,2023-01-30T15:30:00+00:00,403.90000000000003,2023-01-30T15:42:00+00:00,402.40999999999997,TAKE_PROFIT,2.980000000000132,0.161262,0.020000000000095497,2.818738000000132,1.9866666666667545,1.8791586666667548,4.935902793100026,1.5,0.005,0.001519478870306029,,HYP-FCR-03,baseline,987.1805586200052,989.9992966200053,9.99999999999659,0.8131833333333324,0.12297349921087825,2,2,8.999999999997499,0.75,10.0,2023,10
QQQ,2023-02-01,long,294.79,293.41,2023-02-01T16:10:00+00:00,2023-02-01T16:15:00+00:00,293.715,0.10210000000000719,293.235,294.6749999999999,3,3,2023-02-01T16:20:00+00:00,293.71999999999997,2023-02-01T18:59:00+00:00,294.6649999999999,TAKE_PROFIT,2.834999999999809,0.17651549999999996,0.04499999999995907,2.658484499999809,1.968750000000026,1.8461697916666828,5.10460959450005,1.439999999999884,0.005,0.0014104898458360154,,HYP-FCR-03,baseline,1020.9219189000099,1023.5804034000097,10.210000000000719,0.5188785714285709,0.19677050782595737,1,1,6.000000000000227,0.47999999999996135,5.0,2023,11
SPY,2023-02-01,long,406.43,404.81,2023-02-01T16:20:00+00:00,2023-02-01T16:25:00+00:00,405.26,0.25,404.58,406.62,2,2,2023-02-01T16:30:00+00:00,405.26,2023-02-01T16:56:00+00:00,404.57,STOP_LOSS,-1.3799999999999955,0.161966,0.01999999999998181,-1.5419659999999955,-1.0147058823529276,-1.13379852941175,4.949996483100027,1.3600000000000136,0.005,0.0013737383497576634,,HYP-FCR-03,baseline,989.9992966200053,988.4573306200053,25.0,0.4946071428571323,0.5054516571593725,1,1,13.999999999998636,0.6800000000000068,5.0,2023,11
QQQ,2023-02-02,long,309.15,307.25,2023-02-02T15:10:00+00:00,2023-02-02T15:20:00+00:00,308.6899,0.2599999999999909,307.26,311.5497000000001,3,3,2023-02-02T15:25:00+00:00,308.7,2023-02-02T18:01:00+00:00,311.5397000000001,TAKE_PROFIT,8.519100000000321,0.18607191000000003,0.060299999999870124,8.33302809000032,1.9859430729421943,1.942566634030383,5.117902017000048,4.289700000000096,0.005,0.00419087741984027,,HYP-FCR-03,baseline,1023.5804034000097,1031.91343149001,25.99999999999909,1.1219999999999934,0.23172905525846027,2,2,25.0,1.429900000000032,10.0,2023,10
SPY,2023-02-02,long,415.08,413.33,2023-02-02T15:15:00+00:00,2023-02-02T15:20:00+00:00,414.46,0.5099999999999909,413.3,416.7799999999999,2,2,2023-02-02T15:25:00+00:00,414.46999999999997,2023-02-02T15:52:00+00:00,416.7699999999999,TAKE_PROFIT,4.599999999999909,0.16624799999999998,0.03999999999996362,4.433751999999909,1.9827586206896703,1.9111000000000131,4.942286653100027,2.3199999999999363,0.005,0.0023470917035384085,,HYP-FCR-03,baseline,988.4573306200053,992.8910826200052,50.99999999999909,1.0224727272727292,0.49879081015718485,1,1,10.99999999999568,1.1599999999999682,5.0,2023,10
QQQ,2023-02-03,short,309.38,304.54,2023-02-03T17:55:00+00:00,2023-02-03T18:00:00+00:00,308.47,1.170000000000016,310.65,304.1100000000001,2,2,2023-02-03T18:05:00+00:00,308.44,2023-02-03T20:59:00+00:00,306.19,FORCED_SESSION_CLOSE,4.5,0.12292600000000001,0.08000000000004093,4.377074,1.032110091743143,1.0039160550458948,5.15956715745005,4.3599999999999,0.005,0.004225160625833088,,HYP-FCR-03,baseline,1031.91343149001,1036.29050549001,117.00000000000159,0.7082214285714282,1.6520256981775505,1,1,103.00000000000296,2.17999999999995,5.0,2023,13
SPY,2023-02-03,short,414.43,411.44,2023-02-03T17:55:00+00:00,2023-02-03T18:00:00+00:00,413.7,1.0300000000000296,415.78999999999996,409.52000000000004,2,2,2023-02-03T18:05:00+00:00,413.69,2023-02-03T20:59:00+00:00,412.37,FORCED_SESSION_CLOSE,2.6399999999999864,0.165212,0.03999999999996362,2.4747879999999864,0.6315789473684253,0.5920545454545493,4.964455413100026,4.17999999999995,0.005,0.0042099280305448175,,HYP-FCR-03,baseline,992.8910826200052,995.3658706200052,103.00000000000296,0.6530642857142895,1.5771801069682847,1,1,119.99000000000137,2.089999999999975,5.0,2023,13
QQQ,2023-02-06,short,304.96,303.33,2023-02-06T15:10:00+00:00,2023-02-06T15:15:00+00:00,303.63,0.09499999999997044,305.48,299.92999999999995,2,2,2023-02-06T15:20:00+00:00,303.61,2023-02-06T16:27:00+00:00,305.49,STOP_LOSS,-3.759999999999991,0.12182000000000001,0.05999999999994543,-3.881819999999991,-1.0162162162162012,-1.0491405405405252,5.18145252745005,3.7000000000000455,0.005,0.003570427385369608,,HYP-FCR-03,baseline,1036.29050549001,1032.40868549001,9.499999999997044,1.071999999999997,0.08861940298504731,1,1,55.00000000000114,1.8500000000000227,5.0,2023,10
SPY,2023-02-06,long,410.89,409.365,2023-02-06T15:50:00+00:00,2023-02-06T15:55:00+00:00,410.27,0.6099999999999568,409.0,412.80999999999995,2,2,2023-02-06T16:00:00+00:00,410.28,2023-02-06T20:30:00+00:00,408.99,STOP_LOSS,-2.5799999999999272,0.163854,0.03999999999996362,-2.7438539999999274,-1.015748031496049,-1.0802574803149476,4.976829353100026,2.5399999999999636,0.005,0.002551825489473352,,HYP-FCR-03,baseline,995.3658706200052,992.6220166200053,60.99999999999568,0.7029142857142899,0.8678156247458889,1,1,9.500000000002728,1.2699999999999818,5.0,2023,11
QQQ,2023-02-07,long,304.67,303.09,2023-02-07T15:10:00+00:00,2023-02-07T15:20:00+00:00,303.63,0.0999999999999659,302.95,304.99,3,3,2023-02-07T15:25:00+00:00,303.67,2023-02-07T16:32:00+00:00,304.98,TAKE_PROFIT,3.930000000000007,0.182595,0.1500000000000341,3.7474050000000068,1.9264705882352782,1.8369632352941025,5.16204342745005,2.0400000000000205,0.005,0.0019759616793922842,,HYP-FCR-03,baseline,1032.40868549001,1036.15609049001,9.99999999999659,0.7497818181818264,0.13337213249910432,2,2,31.999999999999318,0.6800000000000068,10.0,2023,10
SPY,2023-02-07,short,409.58,408.5319,2023-02-07T18:30:00+00:00,2023-02-07T18:35:00+00:00,408.62,0.8100000000000023,411.37,403.12,1,1,2023-02-07T18:40:00+00:00,408.62,2023-02-07T19:07:00+00:00,411.38,STOP_LOSS,-2.759999999999991,0.082,0.009999999999990905,-2.8419999999999908,-1.0036363636363603,-1.033454545454542,4.963110083100027,2.75,0.005,0.0027704402622098527,,HYP-FCR-03,baseline,992.6220166200053,989.7800166200053,81.00000000000023,1.5364285714285708,0.527196652719667,1,1,22.00000000000273,2.75,5.0,2023,13
QQQ,2023-02-08,long,309.5,307.31,2023-02-08T15:05:00+00:00,2023-02-08T15:15:00+00:00,308.8,0.06999999999999318,307.73,310.94,3,3,2023-02-08T15:20:00+00:00,308.82,2023-02-08T15:24:00+00:00,307.72,STOP_LOSS,-3.2999999999998977,0.18496200000000002,0.08999999999991815,-3.4849619999998978,-1.0280373831775447,-1.0856579439252088,5.18078045245005,3.2099999999999795,0.005,0.0030979888353326514,,HYP-FCR-03,baseline,1036.15609049001,1032.67112849001,6.999999999999318,0.9099999999999853,0.07692307692307067,2,2,18.999999999999773,1.0699999999999932,10.0,2023,10
SPY,2023-02-08,short,414.42,412.77,2023-02-08T15:15:00+00:00,2023-02-08T15:25:00+00:00,413.37,0.038000000000010914,414.39,411.33000000000004,2,2,2023-02-08T15:30:00+00:00,413.34000000000003,2023-02-08T16:23:00+00:00,411.34000000000003,TAKE_PROFIT,4.0,0.16493600000000003,0.07999999999992724,3.835064,1.9607843137255252,1.8799333333333668,4.9489000831000265,2.0399999999999636,0.005,0.002061064040236283,,HYP-FCR-03,baseline,989.7800166200053,993.6150806200053,3.8000000000010914,0.7426166666666679,0.05117041093432347,2,2,10.99999999999568,1.0199999999999818,10.0,2023,10
QQQ,2023-02-10,short,300.92,298.93,2023-02-10T15:35:00+00:00,2023-02-10T15:45:00+00:00,299.78,0.34000000000003183,300.78,297.78,3,3,2023-02-10T15:50:00+00:00,299.74,2023-02-10T17:03:00+00:00,297.78999999999996,TAKE_PROFIT,5.850000000000136,0.179259,0.14999999999986358,5.670741000000136,1.9500000000000455,1.8902470000000455,5.16335564245005,3.0,0.005,0.0029050875126010864,,HYP-FCR-03,baseline,1032.67112849001,1038.3418694900101,34.00000000000318,1.0153499999999878,0.3348599005269473,2,2,32.99999999999841,1.0,10.0,2023,10
SPY,2023-02-10,short,406.99,405.47,2023-02-10T16:25:00+00:00,2023-02-10T16:30:00+00:00,406.68,0.2300000000000182,407.40999999999997,405.2200000000001,2,2,2023-02-10T16:35:00+00:00,406.66,2023-02-10T18:15:00+00:00,407.41999999999996,STOP_LOSS,-1.5199999999998681,0.162816,0.05999999999994543,-1.6828159999998682,-1.0410958904109238,-1.1526136986301077,4.968075403100027,1.4599999999999227,0.005,0.001469381884873263,,HYP-FCR-03,baseline,993.6150806200053,991.9322646200054,23.00000000000182,0.6701428571428494,0.34321040289919974,1,1,39.999999999997726,0.7299999999999613,5.0,2023,11
QQQ,2023-02-13,short,302.67,299.93,2023-02-13T15:00:00+00:00,2023-02-13T15:10:00+00:00,301.86,0.12000000000000455,302.59,300.4000000000001,3,3,2023-02-13T15:15:00+00:00,301.87,2023-02-13T15:29:00+00:00,302.59999999999997,STOP_LOSS,-2.189999999999884,0.181341,0.05999999999994543,-2.3713409999998842,-1.0,-1.0828041095890455,5.19170934745005,2.189999999999884,0.005,0.002109131938477565,,HYP-FCR-03,baseline,1038.3418694900101,1035.9705284900103,12.000000000000455,0.8605555555555561,0.1394448030987786,2,2,19.999999999998863,0.7299999999999613,10.0,2023,10
QQQ,2023-02-14,short,305.99,300.91,2023-02-14T15:30:00+00:00,2023-02-14T15:35:00+00:00,303.12,0.6000000000000227,306.83,295.70000000000005,1,1,2023-02-14T15:40:00+00:00,303.11,2023-02-14T19:50:00+00:00,306.84,STOP_LOSS,-3.7299999999999613,0.06099500000000001,0.01999999999998181,-3.7909949999999615,-1.00539083557951,-1.0218315363881354,5.179852642450052,3.7099999999999795,0.005,0.0035811829564375047,,HYP-FCR-03,baseline,1035.9705284900103,1032.1795334900103,60.000000000002274,1.2364999999999984,0.4852405984634238,1,1,15.999999999996817,3.7099999999999795,5.0,2023,10
SPY,2023-02-14,short,413.72,409.49,2023-02-14T15:30:00+00:00,2023-02-14T15:35:00+00:00,410.58,0.5150000000000432,414.46,402.82,1,1,2023-02-14T15:40:00+00:00,410.64,2023-02-14T20:59:00+00:00,412.68,FORCED_SESSION_CLOSE,-2.0400000000000205,0.082332,0.06999999999999318,-2.1223320000000205,-0.5257731958762946,-0.5469927835051606,4.959661323100027,3.8799999999999955,0.005,0.003911557410108407,,HYP-FCR-03,baseline,991.9322646200054,989.8099326200054,51.50000000000432,1.131764285714277,0.45504174897604,1,1,1.999999999998181,3.8799999999999955,5.0,2023,10
QQQ,2023-02-15,long,306.79,304.65,2023-02-15T15:10:00+00:00,2023-02-15T15:20:00+00:00,305.4901,0.13999999999998636,304.73990000000003,306.9904999999999,3,3,2023-02-15T15:25:00+00:00,305.51,2023-02-15T16:41:00+00:00,306.9804999999999,TAKE_PROFIT,4.411499999999705,0.18374714999999997,0.08969999999999345,4.227752849999705,1.9601439616102374,1.8785003332444627,5.160897667450051,2.2505999999998494,0.005,0.0021804346307760145,,HYP-FCR-03,baseline,1032.1795334900103,1036.40728634001,13.999999999998636,1.0863545454545416,0.1288713713085344,2,2,44.99999999999886,0.7501999999999498,10.0,2023,10
SPY,2023-02-15,long,411.63,409.74,2023-02-15T15:10:00+00:00,2023-02-15T15:20:00+00:00,410.715,0.08999999999997499,410.1,411.9449999999999,2,2,2023-02-15T15:25:00+00:00,410.73,2023-02-15T16:29:00+00:00,411.9349999999999,TAKE_PROFIT,2.409999999999741,0.164533,0.05000000000006821,2.2454669999997408,1.9593495934958765,1.8255829268291992,4.949049663100027,1.2299999999999045,0.005,0.0012426628178443524,,HYP-FCR-03,baseline,989.8099326200054,992.0553996200051,8.999999999997499,0.9760545454545567,0.09220796155204752,2,2,26.99999999999818,0.6149999999999523,10.0,2023,10
QQQ,2023-02-16,short,306.0,303.71,2023-02-16T20:15:00+00:00,2023-02-16T20:20:00+00:00,304.98,0.7699999999999818,306.59,301.7600000000001,3,3,2023-02-16T20:25:00+00:00,304.97,2023-02-16T20:59:00+00:00,303.28999999999996,FORCED_SESSION_CLOSE,5.040000000000191,0.182478,0.05999999999994543,4.857522000000191,1.0434782608696327,1.0056981366460294,5.18203643170005,4.82999999999987,0.005,0.004660330030153138,,HYP-FCR-03,baseline,1036.40728634001,1041.2648083400102,76.99999999999818,0.5396428571428616,1.4268696227663342,1,1,4.000000000002046,1.6099999999999568,5.0,2023,15
SPY,2023-02-16,short,409.75,408.26,2023-02-16T20:25:00+00:00,2023-02-16T20:30:00+00:00,408.97,0.17999999999994998,410.23,406.45000000000005,2,2,2023-02-16T20:35:00+00:00,408.95,2023-02-16T20:59:00+00:00,408.34,FORCED_SESSION_CLOSE,1.2200000000000273,0.163458,0.06000000000005912,1.0565420000000274,0.48412698412699845,0.4192626984127123,4.960276998100026,2.519999999999982,0.005,0.002540180720719062,,HYP-FCR-03,baseline,992.0553996200051,993.1119416200052,17.999999999994998,0.5713857142857209,0.3150236267719167,1,1,49.00000000000091,1.259999999999991,5.0,2023,15
SPY,2023-02-17,short,406.81,404.18,2023-02-17T15:35:00+00:00,2023-02-17T15:45:00+00:00,405.38,0.4200000000000159,406.46,403.22,2,2,2023-02-17T15:50:00+00:00,405.38,2023-02-17T19:32:00+00:00,406.46999999999997,STOP_LOSS,-2.17999999999995,0.16237,0.01999999999998181,-2.34236999999995,-1.009259259259251,-1.0844305555555485,4.965559708100026,2.159999999999968,0.005,0.002174981398850654,,HYP-FCR-03,baseline,993.1119416200052,990.7695716200052,42.00000000000159,0.8148714285714261,0.5154187338931856,2,2,42.00000000000159,1.079999999999984,10.0,2023,10
QQQ,2023-02-17,long,301.93,298.88,2023-02-17T16:40:00+00:00,2023-02-17T16:45:00+00:00,299.3641,0.03300000000001546,298.78000000000003,300.53229999999996,3,3,2023-02-17T16:50:00+00:00,299.37,2023-02-17T16:54:00+00:00,298.77000000000004,STOP_LOSS,-1.7999999999998977,0.17944200000000002,0.04769999999996344,-1.9794419999998978,-1.0272213662043972,-1.1296250642013195,5.206324041700051,1.7522999999999342,0.005,0.0016828572193786709,,HYP-FCR-03,baseline,1041.2648083400102,1039.2853663400103,3.300000000001546,0.5358571428571436,0.06158357771263874,1,1,4.000000000002046,0.5840999999999781,5.0,2023,11
QQQ,2023-02-22,long,295.98,294.5399,2023-02-22T17:15:00+00:00,2023-02-22T17:20:00+00:00,294.73,0.3006000000000313,294.05,296.09000000000003,3,3,2023-02-22T17:25:00+00:00,294.75,2023-02-22T19:06:00+00:00,296.08000000000004,TAKE_PROFIT,3.990000000000123,0.17724900000000005,0.08999999999991815,3.8127510000001226,1.955882352941217,1.8689955882353355,5.196426831700052,2.0400000000000205,0.005,0.0019628872550993067,,HYP-FCR-03,baseline,1039.2853663400103,1043.0981173400105,30.06000000000313,0.475200000000005,0.6325757575758167,1,1,46.989999999999554,0.6800000000000068,5.0,2023,12
SPY,2023-02-22,long,400.47,399.29,2023-02-22T17:10:00+00:00,2023-02-22T17:20:00+00:00,400.02,0.37999999999999545,399.27,401.52,2,2,2023-02-22T17:25:00+00:00,400.03999999999996,2023-02-22T19:02:00+00:00,399.26,STOP_LOSS,-1.5599999999999454,0.15986,0.05999999999994543,-1.7198599999999455,-1.0399999999999636,-1.146573333333297,4.953847858100026,1.5,0.005,0.0015139746344322558,,HYP-FCR-03,baseline,990.7695716200052,989.0497116200053,37.999999999999545,0.45648571428571927,0.8324466420479248,2,2,18.999999999999773,0.75,10.0,2023,12
QQQ,2023-02-23,long,298.13,296.62,2023-02-23T19:30:00+00:00,2023-02-23T19:35:00+00:00,296.848,0.2599999999999909,296.27,298.0040000000001,3,3,2023-02-23T19:40:00+00:00,296.86,2023-02-23T19:57:00+00:00,296.26,STOP_LOSS,-1.8000000000000682,0.177936,0.06599999999997408,-1.9779360000000683,-1.0380622837370073,-1.140678200692019,5.215490586700053,1.7340000000000941,0.005,0.001662355603154517,,HYP-FCR-03,baseline,1043.0981173400105,1041.1201813400105,25.99999999999909,0.47989999999999455,0.541779537403613,1,1,33.01000000000158,0.5780000000000314,5.0,2023,14
SPY,2023-02-23,long,402.2,400.76,2023-02-23T20:20:00+00:00,2023-02-23T20:30:00+00:00,401.4399,0.12999999999999545,400.75,402.81970000000007,2,2,2023-02-23T20:35:00+00:00,401.45,2023-02-23T20:46:00+00:00,400.74,STOP_LOSS,-1.419999999999959,0.16043800000000003,0.040199999999913416,-1.5804379999999592,-1.0291346571966316,-1.145410929120095,4.945248558100026,1.3798000000000457,0.005,0.0013950764898763425,,HYP-FCR-03,baseline,989.0497116200053,987.4692736200053,12.999999999999545,0.4978500000000078,0.26112282816107946,2,2,22.49999999999659,0.6899000000000228,10.0,2023,15
SPY,2023-02-24,long,396.47,394.16,2023-02-24T16:05:00+00:00,2023-02-24T16:10:00+00:00,394.665,0.17999999999994998,394.04,395.915,2,2,2023-02-24T16:15:00+00:00,394.68,2023-02-24T16:42:00+00:00,395.90500000000003,TAKE_PROFIT,2.4500000000000455,0.158117,0.049999999999954525,2.2918830000000456,1.9600000000000364,1.8335064000000365,4.937346368100027,1.25,0.005,0.0012658621725186163,,HYP-FCR-03,baseline,987.4692736200053,989.7611566200054,17.999999999994998,0.5878642857142731,0.3061931203751296,1,1,14.00000000000432,0.625,5.0,2023,11
QQQ,2023-02-24,long,292.97,290.82,2023-02-24T16:40:00+00:00,2023-02-24T16:45:00+00:00,291.745,0.125,290.79,293.655,3,3,2023-02-24T16:50:00+00:00,291.76,2023-02-24T17:40:00+00:00,290.78000000000003,STOP_LOSS,-2.939999999999884,0.17476200000000003,0.07499999999993179,-3.114761999999884,-1.0261780104711808,-1.0871769633507629,5.205600906700052,2.8649999999999523,0.005,0.0027518436885090947,,HYP-FCR-03,baseline,1041.1201813400105,1038.0054193400106,12.5,0.5042214285714246,0.24790695697752033,1,1,4.000000000002046,0.9549999999999841,5.0,2023,11
SPY,2023-02-27,short,400.35,399.08,2023-02-27T15:35:00+00:00,2023-02-27T15:40:00+00:00,399.4,0.9499999999999886,400.69,396.81999999999994,2,2,2023-02-27T15:45:00+00:00,399.40000000000003,2023-02-27T20:37:00+00:00,396.8299999999999,TAKE_PROFIT,5.140000000000214,0.159246,0.020000000000095497,4.980754000000214,1.9922480620155552,1.9305248062016027,4.948805783100027,2.580000000000041,0.005,0.002606689485381137,,HYP-FCR-03,baseline,989.7611566200054,994.7419106200056,94.99999999999886,0.5978571428571472,1.589008363201881,1,1,19.499999999999318,1.2900000000000205,5.0,2023,10
QQQ,2023-02-27,long,295.57,294.47,2023-02-27T17:50:00+00:00,2023-02-27T17:55:00+00:00,294.7901,0.03000000000002956,294.29,295.79029999999995,3,3,2023-02-27T18:00:00+00:00,294.82,2023-02-27T18:43:00+00:00,294.28000000000003,STOP_LOSS,-1.6199999999998909,0.17673000000000003,0.11969999999996617,-1.796729999999891,-1.0797840431913432,-1.1975804839032067,5.190027096700053,1.5002999999999247,0.005,0.001445368176356779,,HYP-FCR-03,baseline,1038.0054193400106,1036.2086893400108,3.000000000002956,0.3341642857142761,0.08977620075677616,1,1,4.000000000002046,0.5000999999999749,5.0,2023,13
QQQ,2023-02-28,short,294.68,292.96,2023-02-28T15:05:00+00:00,2023-02-28T15:15:00+00:00,294.12,0.21000000000003638,294.71999999999997,292.9200000000001,3,3,2023-02-28T15:20:00+00:00,294.12,2023-02-28T16:22:00+00:00,294.72999999999996,STOP_LOSS,-1.8299999999998704,0.17665499999999998,0.029999999999972715,-2.00665499999987,-1.0166666666666524,-1.1148083333333245,5.181043446700054,1.7999999999998977,0.005,0.0017371018198528774,,HYP-FCR-03,baseline,1036.2086893400108,1034.2020343400109,21.000000000003638,0.6547999999999945,0.3207086133171016,2,2,27.99999999999727,0.5999999999999659,10.0,2023,10
SPY,2023-02-28,short,398.03,396.45,2023-02-28T15:05:00+00:00,2023-02-28T15:15:00+00:00,397.31,0.3599999999999568,397.95,396.03000000000003,2,2,2023-02-28T15:20:00+00:00,397.28000000000003,2023-02-28T16:02:00+00:00,397.96,STOP_LOSS,-1.3599999999999,0.15904800000000002,0.07999999999992724,-1.5190479999999,-1.0624999999999445,-1.186756249999947,4.973709553100028,1.2799999999999727,0.005,0.0012867659302724772,,HYP-FCR-03,baseline,994.7419106200056,993.2228626200057,35.99999999999568,0.6411300000000096,0.5615085864020579,2,2,26.000000000004775,0.6399999999999864,10.0,2023,10
QQQ,2023-03-01,long,293.93,292.1,2023-03-01T15:35:00+00:00,2023-03-01T15:40:00+00:00,292.615,0.6999999999999886,291.3,295.245,3,3,2023-03-01T15:45:00+00:00,292.63,2023-03-01T16:06:00+00:00,291.29,STOP_LOSS,-4.019999999999925,0.17517600000000003,0.07499999999993179,-4.195175999999925,-1.0190114068440892,-1.063415969581732,5.171010171700054,3.944999999999993,0.005,0.0038145351382116986,,HYP-FCR-03,baseline,1034.2020343400109,1030.006858340011,69.99999999999886,0.7613571428571382,0.9194108265315603,1,1,80.80000000000496,1.3149999999999977,5.0,2023,10
SPY,2023-03-01,long,396.69,395.16,2023-03-01T15:35:00+00:00,2023-03-01T15:40:00+00:00,395.9,0.5699999999999932,394.6,398.4999999999999,2,2,2023-03-01T15:45:00+00:00,395.9,2023-03-01T16:08:00+00:00,394.59000000000003,STOP_LOSS,-2.619999999999891,0.15809800000000002,0.01999999999998181,-2.7780979999998907,-1.007692307692301,-1.068499230769226,4.966114313100029,2.599999999999909,0.005,0.0026177407889518504,,HYP-FCR-03,baseline,993.2228626200057,990.4447646200058,56.99999999999932,0.7539285714285638,0.7560397915679758,1,1,42.00000000000159,1.2999999999999545,5.0,2023,10
QQQ,2023-03-03,short,296.9752,294.87,2023-03-03T15:00:00+00:00,2023-03-03T15:05:00+00:00,295.7009,0.37999999999999545,296.76,293.5827,3,3,2023-03-03T15:10:00+00:00,295.69,2023-03-03T15:14:00+00:00,296.77,STOP_LOSS,-3.2399999999999523,0.177738,0.0626999999999498,-3.4177379999999524,-1.0197337361910899,-1.075673685204403,5.150034291700055,3.1773000000000025,0.005,0.0030847367415792084,,HYP-FCR-03,baseline,1030.006858340011,1026.589120340011,37.999999999999545,0.7544624999999883,0.5036698311711998,1,1,3.480000000001837,1.0591000000000008,5.0,2023,10
SPY,2023-03-03,long,400.92,399.155,2023-03-03T15:05:00+00:00,2023-03-03T15:15:00+00:00,400.47,0.4399999999999977,399.32,402.7700000000001,2,2,2023-03-03T15:20:00+00:00,400.49,2023-03-03T17:55:00+00:00,402.7600000000001,TAKE_PROFIT,4.540000000000191,0.16065000000000004,0.05999999999994543,4.379350000000191,1.9739130434782854,1.9040652173913308,4.952223823100029,2.300000000000068,0.005,0.0023221890630947873,,HYP-FCR-03,baseline,990.4447646200058,994.824114620006,43.99999999999977,0.7707200000000057,0.5708947477683133,2,2,12.5,1.150000000000034,10.0,2023,10
SPY,2023-03-06,short,405.85,404.76,2023-03-06T18:05:00+00:00,2023-03-06T18:10:00+00:00,405.59,0.05000000000001137,405.86,405.0499999999999,2,2,2023-03-06T18:15:00+00:00,405.58,2023-03-06T18:23:00+00:00,405.87,STOP_LOSS,-0.5800000000000409,0.16229000000000002,0.03999999999996362,-0.742290000000041,-1.074074074073996,-1.3746111111109902,4.97412057310003,0.5400000000000773,0.005,0.0005428095198580321,,HYP-FCR-03,baseline,994.824114620006,994.0818246200059,5.000000000001137,0.33851428571428854,0.14770425388254416,1,1,6.999999999999318,0.27000000000003865,5.0,2023,13
QQQ,2023-03-06,short,301.81,300.63,2023-03-06T18:30:00+00:00,2023-03-06T18:40:00+00:00,301.41,0.09000000000003183,301.8185,300.59300000000013,3,3,2023-03-06T18:45:00+00:00,301.37,2023-03-06T19:48:00+00:00,300.6030000000001,TAKE_PROFIT,2.3009999999996467,0.18059190000000003,0.1500000000000341,2.1204080999996466,1.8776009791921227,1.7302391676865956,5.132945601700055,1.2254999999998404,0.005,0.0011937589983361105,,HYP-FCR-03,baseline,1026.589120340011,1028.7095284400107,9.000000000003183,0.4135071428571483,0.21765041198121107,2,2,5.000000000001137,0.4084999999999468,10.0,2023,13
QQQ,2023-03-08,long,297.49,296.02,2023-03-08T15:20:00+00:00,2023-03-08T15:25:00+00:00,296.8,0.13999999999998636,296.0,298.40000000000003,3,3,2023-03-08T15:30:00+00:00,296.83,2023-03-08T16:51:00+00:00,298.39000000000004,TAKE_PROFIT,4.680000000000177,0.17856600000000003,0.11999999999989086,4.501434000000177,1.9500000000000461,1.8755975000000473,5.143547642200054,2.400000000000034,0.005,0.0023330200932808708,,HYP-FCR-03,baseline,1028.7095284400107,1033.210962440011,13.999999999998636,0.8402833333333272,0.16661046869110108,1,1,50.0,0.8000000000000114,5.0,2023,10
SPY,2023-03-08,long,399.1,397.94,2023-03-08T15:20:00+00:00,2023-03-08T15:25:00+00:00,398.63,0.07999999999998408,397.96000000000004,399.9699999999999,2,2,2023-03-08T15:30:00+00:00,398.64,2023-03-08T16:35:00+00:00,397.95000000000005,STOP_LOSS,-1.3799999999998818,0.15931800000000002,0.03999999999996362,-1.5393179999998818,-1.0298507462686315,-1.148744776119385,4.97040912310003,1.3399999999999181,0.005,0.00134797756765359,,HYP-FCR-03,baseline,994.0818246200059,992.5425066200061,7.999999999998408,0.8435166666666731,0.09484104246110546,1,1,50.0,0.6699999999999591,5.0,2023,10
QQQ,2023-03-09,short,300.61,297.96,2023-03-09T15:10:00+00:00,2023-03-09T15:15:00+00:00,299.57,0.10000000000002274,300.7205,297.26899999999995,3,3,2023-03-09T15:20:00+00:00,299.555,2023-03-09T15:43:00+00:00,300.7305,STOP_LOSS,-3.5264999999999986,0.18008564999999999,0.07499999999993179,-3.7065856499999987,-1.0217296827466118,-1.073905736636224,5.166054812200055,3.451500000000067,0.005,0.0033405568905783495,,HYP-FCR-03,baseline,1033.210962440011,1029.5043767900108,10.000000000002274,0.7942800000000034,0.12590018633230385,1,1,21.999999999997044,1.1505000000000223,5.0,2023,10
QQQ,2023-03-10,short,293.06,289.13,2023-03-10T16:45:00+00:00,2023-03-10T16:50:00+00:00,292.19,0.6999999999999886,293.8,288.96999999999997,3,3,2023-03-10T16:55:00+00:00,292.19,2023-03-10T18:26:00+00:00,288.97999999999996,TAKE_PROFIT,9.63000000000011,0.17435099999999998,0.029999999999972715,9.45564900000011,1.993788819875782,1.9576913043478321,5.147521883950055,4.830000000000041,0.005,0.004691577917385796,,HYP-FCR-03,baseline,1029.5043767900108,1038.960025790011,69.99999999999886,0.9128857142857255,0.7667991612155896,1,1,42.00000000000159,1.6100000000000136,5.0,2023,11
SPY,2023-03-10,short,391.2,387.48,2023-03-10T16:45:00+00:00,2023-03-10T16:50:00+00:00,390.42,0.9300000000000068,392.48,386.3,2,2,2023-03-10T16:55:00+00:00,390.41,2023-03-10T18:23:00+00:00,386.31,TAKE_PROFIT,8.200000000000045,0.155344,0.03999999999996362,8.044656000000046,1.9902912621359312,1.9525864077669992,4.962712533100031,4.1200000000000045,0.005,0.004150955724838637,,HYP-FCR-03,baseline,992.5425066200061,1000.5871626200061,93.00000000000068,1.0221428571428532,0.9098532494759012,1,1,78.00000000000296,2.0600000000000023,5.0,2023,11
SPY,2023-03-14,short,391.92,389.9014,2023-03-14T16:50:00+00:00,2023-03-14T17:10:00+00:00,389.96,0.6899999999999977,391.45,386.97999999999996,2,2,2023-03-14T17:15:00+00:00,389.94,2023-03-14T19:56:00+00:00,391.46,STOP_LOSS,-3.0399999999999636,0.15628,0.05999999999994543,-3.196279999999964,-1.0201342281879011,-1.072577181208035,5.002935813100031,2.980000000000018,0.005,0.0029782512821741403,,HYP-FCR-03,baseline,1000.5871626200061,997.3908826200061,68.99999999999977,0.5866428571428628,1.176184098380601,4,4,40.99999999999682,1.490000000000009,20.0,2023,13
QQQ,2023-03-14,short,296.38,294.21,2023-03-14T17:10:00+00:00,2023-03-14T17:15:00+00:00,295.59,0.37000000000000455,297.07,292.62999999999994,3,3,2023-03-14T17:20:00+00:00,295.56,2023-03-14T19:56:00+00:00,297.08,STOP_LOSS,-4.559999999999945,0.177792,0.11999999999989086,-4.737791999999946,-1.027027027027002,-1.0670702702702448,5.194800128950056,4.440000000000055,0.005,0.004273504167423514,,HYP-FCR-03,baseline,1038.960025790011,1034.2222337900112,37.000000000000455,0.5315928571428604,0.6960213912365844,1,1,11.000000000001364,1.4800000000000182,5.0,2023,13
QQQ,2023-03-15,long,296.17,294.27,2023-03-15T14:55:00+00:00,2023-03-15T15:00:00+00:00,295.01,0.18000000000000682,293.76,297.51,3,3,2023-03-15T15:05:00+00:00,295.02,2023-03-15T18:24:00+00:00,297.5,TAKE_PROFIT,7.440000000000055,0.177756,0.05999999999994543,7.262244000000055,1.9840000000000146,1.9365984000000147,5.1711111689500555,3.75,0.005,0.0036259131523964138,,HYP-FCR-03,baseline,1034.2222337900112,1041.4844777900112,18.000000000000682,1.0257928571428547,0.17547402357758818,1,1,12.700000000000955,1.25,5.0,2023,11
SPY,2023-03-15,long,387.72,385.17,2023-03-15T14:55:00+00:00,2023-03-15T15:00:00+00:00,386.12,0.1349999999999909,384.74,388.88,2,2,2023-03-15T15:05:00+00:00,386.13,2023-03-15T16:10:00+00:00,384.73,STOP_LOSS,-2.7999999999999545,0.154172,0.03999999999996362,-2.9541719999999545,-1.0144927536231754,-1.0703521739130306,4.9869544131000305,2.759999999999991,0.005,0.0027672200018009564,,HYP-FCR-03,baseline,997.3908826200061,994.4367106200061,13.49999999999909,1.1475714285714145,0.1176397360886279,1,1,6.999999999999318,1.3799999999999955,5.0,2023,11
SPY,2023-03-16,short,388.65,386.29,2023-03-16T14:00:00+00:00,2023-03-16T14:10:00+00:00,387.24,0.5640000000000214,388.59999999999997,384.5200000000001,2,2,2023-03-16T14:15:00+00:00,387.22,2023-03-16T14:40:00+00:00,388.60999999999996,STOP_LOSS,-2.779999999999859,0.155166,0.05999999999994543,-2.935165999999859,-1.0220588235293924,-1.079105147058806,4.972183553100031,2.7199999999999136,0.005,0.002735216802589742,,HYP-FCR-03,baseline,994.4367106200061,991.5015446200063,56.40000000000214,0.9906888888888956,0.5693008232206722,2,2,31.0100000000034,1.3599999999999568,10.0,2023,10
QQQ,2023-03-17,short,308.03,306.31,2023-03-17T14:15:00+00:00,2023-03-17T14:20:00+00:00,306.52,0.44999999999998863,308.32,302.91999999999996,2,2,2023-03-17T14:25:00+00:00,306.52,2023-03-17T19:59:00+00:00,305.34,FORCED_SESSION_CLOSE,2.3600000000000136,0.12237199999999998,0.01999999999998181,2.2376280000000137,0.6555555555555552,0.6215633333333332,5.207422388950056,3.6000000000000227,0.005,0.0034566045647066003,,HYP-FCR-03,baseline,1041.4844777900112,1043.7221057900113,44.99999999999886,1.0298454545454556,0.43695876698179514,1,1,13.00000000000523,1.8000000000000114,5.0,2023,10
QQQ,2023-03-20,short,304.5,302.01,2023-03-20T15:55:00+00:00,2023-03-20T16:10:00+00:00,303.39,0.3801000000000272,304.21999999999997,301.73,3,3,2023-03-20T16:15:00+00:00,303.41,2023-03-20T16:50:00+00:00,304.22999999999996,STOP_LOSS,-2.459999999999809,0.18229199999999998,0.09000000000008868,-2.642291999999809,-0.9879518072288579,-1.061161445783076,5.218610528950056,2.4899999999999523,0.005,0.0023856925001269646,,HYP-FCR-03,baseline,1043.7221057900113,1041.0798137900115,38.01000000000272,0.5626499999999949,0.6755531858171699,3,3,11.000000000001364,0.8299999999999841,15.0,2023,12
SPY,2023-03-20,short,392.13,390.07,2023-03-20T16:05:00+00:00,2023-03-20T16:10:00+00:00,391.2903,0.6099999999999568,392.52,388.83090000000004,2,2,2023-03-20T16:15:00+00:00,391.31,2023-03-20T16:50:00+00:00,392.53,STOP_LOSS,-2.439999999999941,0.156768,0.059399999999982356,-2.596767999999941,-0.992111897210694,-1.0558542734000096,4.957507723100031,2.4593999999999596,0.005,0.0024804802507317593,,HYP-FCR-03,baseline,991.5015446200063,988.9047766200063,60.99999999999568,0.5953499999999882,1.0246073738136707,1,1,39.999999999997726,1.2296999999999798,5.0,2023,12
QQQ,2023-03-21,long,308.94,307.63,2023-03-21T15:10:00+00:00,2023-03-21T15:15:00+00:00,307.9,0.4199999999999591,306.85,309.9999999999999,3,3,2023-03-21T15:20:00+00:00,307.9,2023-03-21T15:41:00+00:00,306.84000000000003,STOP_LOSS,-3.1799999999998363,0.184422,0.029999999999972715,-3.3644219999998364,-1.0095238095238013,-1.0680704761904705,5.205399068950057,3.1499999999998636,0.005,0.0030257046177203342,,HYP-FCR-03,baseline,1041.0798137900115,1037.7153917900116,41.99999999999591,0.5759928571428726,0.7291757090240788,1,1,42.19999999999686,1.0499999999999545,5.0,2023,11
SPY,2023-03-21,long,397.99,397.07,2023-03-21T17:30:00+00:00,2023-03-21T17:35:00+00:00,397.135,0.05000000000001137,396.69,398.025,2,2,2023-03-21T17:40:00+00:00,397.15,2023-03-21T17:53:00+00:00,396.68,STOP_LOSS,-0.9399999999999409,0.158766,0.049999999999954525,-1.0987659999999408,-1.0561797752808486,-1.2345685393257952,4.9445238831000315,0.8899999999999864,0.005,0.0008999855406118391,,HYP-FCR-03,baseline,988.9047766200063,987.8060106200063,5.000000000001137,0.33800000000000197,0.14792899408287302,1,1,12.000000000000455,0.4449999999999932,5.0,2023,13
SPY,2023-03-22,short,398.875,398.08,2023-03-22T15:10:00+00:00,2023-03-22T15:15:00+00:00,398.67,0.03500000000002501,399.07,397.87000000000006,2,2,2023-03-22T15:20:00+00:00,398.67,2023-03-22T15:25:00+00:00,399.08,STOP_LOSS,-0.8199999999999363,0.15955,0.01999999999998181,-0.9795499999999363,-1.0249999999999786,-1.22443749999999,4.939030053100032,0.7999999999999545,0.005,0.0008098756146440398,,HYP-FCR-03,baseline,987.8060106200063,986.8264606200064,3.500000000002501,0.40735000000000404,0.08592119798704963,1,1,19.499999999999318,0.39999999999997726,5.0,2023,11
QQQ,2023-03-22,short,310.82,309.74,2023-03-22T19:00:00+00:00,2023-03-22T19:05:00+00:00,309.81,0.8149999999999977,313.38,302.67,1,1,2023-03-22T19:10:00+00:00,309.82,2023-03-22T19:59:00+00:00,306.0,FORCED_SESSION_CLOSE,3.819999999999993,0.061582,0.01999999999998181,3.758417999999993,1.070028011204482,1.0527781512605043,5.188576958950058,3.569999999999993,0.005,0.0034402496370820003,,HYP-FCR-03,baseline,1037.7153917900116,1041.4738097900115,81.49999999999977,1.773907142857151,0.4594378027517915,1,1,118.99999999999977,3.569999999999993,5.0,2023,15
SPY,2023-03-23,short,396.17,394.92,2023-03-23T17:10:00+00:00,2023-03-23T17:15:00+00:00,395.81,0.20249999999998636,396.75,393.93,2,2,2023-03-23T17:20:00+00:00,395.78000000000003,2023-03-23T18:24:00+00:00,393.94,TAKE_PROFIT,3.6800000000000637,0.157944,0.07999999999992724,3.5220560000000636,1.9574468085106769,1.8734340425532299,4.934132303100032,1.8799999999999955,0.005,0.0019050968686214831,,HYP-FCR-03,baseline,986.8264606200064,990.3485166200064,20.249999999998636,0.5641071428571374,0.35897435897433827,1,1,36.009999999998854,0.9399999999999977,5.0,2023,13
QQQ,2023-03-23,long,310.93,309.73,2023-03-23T19:45:00+00:00,2023-03-23T19:50:00+00:00,310.39,0.3100000000000023,308.97,313.2299999999999,3,3,2023-03-23T19:55:00+00:00,310.39,2023-03-23T19:59:00+00:00,309.77,FORCED_SESSION_CLOSE,-1.8600000000000136,0.18604800000000002,0.029999999999972715,-2.0460480000000136,-0.43661971830987495,-0.48029295774649594,5.207369048950057,4.259999999999877,0.005,0.00409035729939172,,HYP-FCR-03,baseline,1041.4738097900115,1039.4277617900116,31.000000000000227,1.1760714285714269,0.2635894321287603,1,1,42.00000000000159,1.419999999999959,5.0,2023,15
SPY,2023-03-24,short,391.98,389.4,2023-03-24T14:10:00+00:00,2023-03-24T14:20:00+00:00,390.97,0.09000000000003183,391.81,389.2900000000001,2,2,2023-03-24T14:25:00+00:00,390.97,2023-03-24T14:26:00+00:00,391.82,STOP_LOSS,-1.6999999999999318,0.156558,0.01999999999998181,-1.8565579999999318,-1.0119047619047514,-1.1050940476190398,4.951742583100033,1.67999999999995,0.005,0.0016963725110970814,,HYP-FCR-03,baseline,990.3485166200064,988.4919586200065,9.000000000003183,1.1153090909090948,0.08069511916797192,2,2,53.49999999999682,0.839999999999975,10.0,2023,10
QQQ,2023-03-24,long,309.73,307.18,2023-03-24T15:30:00+00:00,2023-03-24T15:50:00+00:00,308.86,0.8100000000000023,307.6,311.38,3,3,2023-03-24T15:55:00+00:00,308.87,2023-03-24T16:19:00+00:00,307.59000000000003,STOP_LOSS,-3.839999999999918,0.18493800000000002,0.05999999999994543,-4.024937999999918,-1.0158730158730016,-1.0647984126983987,5.197138808950058,3.7799999999999727,0.005,0.0036366163565714153,,HYP-FCR-03,baseline,1039.4277617900116,1035.4028237900116,81.00000000000023,0.7014142857142807,1.1548096702580617,4,4,4.000000000002046,1.259999999999991,20.0,2023,11
SPY,2023-03-28,short,396.03,394.97,2023-03-28T14:20:00+00:00,2023-03-28T14:25:00+00:00,395.87,0.1150000000000091,396.27,395.07000000000005,2,2,2023-03-28T14:30:00+00:00,395.88,2023-03-28T14:33:00+00:00,395.08000000000004,TAKE_PROFIT,1.599999999999909,0.15819200000000003,0.03999999999996362,1.441807999999909,2.0,1.8022599999999886,4.942459793100032,0.7999999999999545,0.005,0.0008093136145657696,,HYP-FCR-03,baseline,988.4919586200065,989.9337666200064,11.50000000000091,0.5587083333333235,0.2058319039451314,1,1,31.000000000000227,0.39999999999997726,5.0,2023,10
QQQ,2023-03-28,long,308.2,305.94,2023-03-28T15:05:00+00:00,2023-03-28T15:15:00+00:00,306.43,0.070699999999988,305.92,307.45,3,3,2023-03-28T15:20:00+00:00,306.44,2023-03-28T16:16:00+00:00,305.91,STOP_LOSS,-1.5899999999999181,0.183705,0.05999999999994543,-1.7737049999999182,-1.0392156862744748,-1.1592843137254574,5.177014118950058,1.5299999999999727,0.005,0.0014776857517149959,,HYP-FCR-03,baseline,1035.4028237900116,1033.6291187900117,7.0699999999987995,0.4905071428571505,0.14413653507300264,2,2,0.9999999999990905,0.5099999999999909,10.0,2023,11
QQQ,2023-03-29,short,311.83,310.75,2023-03-29T14:05:00+00:00,2023-03-29T14:30:00+00:00,310.8,0.05000000000001137,311.52,309.36000000000007,3,3,2023-03-29T14:35:00+00:00,310.81,2023-03-29T15:48:00+00:00,311.53,STOP_LOSS,-2.1599999999999113,0.186702,0.05999999999994543,-2.3467019999999112,-1.0,-1.0864361111111147,5.168145593950059,2.1599999999999113,0.005,0.002089724409591376,,HYP-FCR-03,baseline,1033.6291187900117,1031.282416790012,5.000000000001137,0.5116076923076863,0.09773113413224607,5,5,9.000000000003183,0.7199999999999704,25.0,2023,10
SPY,2023-03-29,long,400.125,399.425,2023-03-29T15:30:00+00:00,2023-03-29T15:35:00+00:00,399.542,0.05000000000001137,399.33,399.96599999999995,2,2,2023-03-29T15:40:00+00:00,399.56,2023-03-29T16:01:00+00:00,399.95599999999996,TAKE_PROFIT,0.7919999999999163,0.1599032,0.05600000000004002,0.6320967999999163,1.8679245283017856,1.490794339622521,4.9496688331000325,0.42399999999997817,0.005,0.00042831148335071775,,HYP-FCR-03,baseline,989.9337666200064,990.5658634200063,5.000000000001137,0.36070714285713734,0.1386166062694647,1,1,16.0000000000025,0.21199999999998909,5.0,2023,11
QQQ,2023-03-30,short,315.59,314.54,2023-03-30T14:00:00+00:00,2023-03-30T14:10:00+00:00,314.65,0.40999999999996817,315.57,312.80999999999995,3,3,2023-03-30T14:15:00+00:00,314.64,2023-03-30T14:24:00+00:00,315.58,STOP_LOSS,-2.819999999999993,0.18906599999999998,0.05999999999994543,-3.009065999999993,-1.0217391304347625,-1.0902413043478048,5.15641208395006,2.7600000000000477,0.005,0.002676279508954369,,HYP-FCR-03,baseline,1031.282416790012,1028.2733507900118,40.99999999999682,0.6044222222222149,0.6783337622706274,2,2,33.00000000000409,0.9200000000000159,10.0,2023,10
SPY,2023-03-30,long,404.14,403.51,2023-03-30T14:25:00+00:00,2023-03-30T14:30:00+00:00,403.65,0.05000000000001137,403.16,404.6299999999999,2,2,2023-03-30T14:35:00+00:00,403.65,2023-03-30T15:32:00+00:00,403.15000000000003,STOP_LOSS,-0.9999999999998863,0.16136,0.01999999999998181,-1.1613599999998863,-1.0204081632652895,-1.1850612244897953,4.952829317100032,0.9799999999999045,0.005,0.000989333507432184,,HYP-FCR-03,baseline,990.5658634200063,989.4045034200064,5.000000000001137,0.494684615384616,0.10107449968124943,1,1,15.999999999996817,0.48999999999995225,5.0,2023,10
QQQ,2023-04-03,short,320.01,318.49,2023-04-03T14:35:00+00:00,2023-04-03T14:40:00+00:00,319.375,0.07500000000004547,320.045,318.03499999999997,3,3,2023-04-03T14:45:00+00:00,319.37,2023-04-03T14:59:00+00:00,318.04499999999996,TAKE_PROFIT,3.9750000000001364,0.1912245,0.04499999999995907,3.7837755000001363,1.9776119402985284,1.8824753731343515,5.141366753950059,2.0100000000000477,0.005,0.0019547331441156046,,HYP-FCR-03,baseline,1028.2733507900118,1032.0571262900119,7.5000000000045475,0.5589285714285707,0.13418530351445854,1,1,6.000000000000227,0.6700000000000159,5.0,2023,10
SPY,2023-04-03,short,410.7,408.82,2023-04-03T14:35:00+00:00,2023-04-03T14:40:00+00:00,410.2699,0.4399999999999977,411.21,408.38970000000006,2,2,2023-04-03T14:45:00+00:00,410.24,2023-04-03T19:59:00+00:00,410.94,FORCED_SESSION_CLOSE,-1.3999999999999773,0.16423600000000002,0.07979999999997744,-1.5642359999999773,-0.7446016381236135,-0.8319519200085219,4.947022517100033,1.8801999999999452,0.005,0.0019003349929182527,,HYP-FCR-03,baseline,989.4045034200064,987.8402674200065,43.99999999999977,0.5215214285714305,0.8436853710982901,1,1,42.00999999999908,0.9400999999999726,5.0,2023,10
QQQ,2023-04-04,short,320.87,319.28,2023-04-04T14:15:00+00:00,2023-04-04T14:20:00+00:00,319.915,0.18999999999999773,321.37,317.00500000000005,3,3,2023-04-04T14:25:00+00:00,319.90000000000003,2023-04-04T19:59:00+00:00,319.14,FORCED_SESSION_CLOSE,2.2800000000001432,0.191712,0.07499999999993179,2.0882880000001434,0.5223367697594887,0.4784164948453989,5.160285631450059,4.364999999999952,0.005,0.004229417043697028,,HYP-FCR-03,baseline,1032.0571262900119,1034.145414290012,18.999999999999773,0.72627272727272,0.2616097133558638,1,1,58.9999999999975,1.454999999999984,5.0,2023,10
SPY,2023-04-04,short,411.68,410.45,2023-04-04T14:10:00+00:00,2023-04-04T14:25:00+00:00,410.48,0.27010000000001355,411.53,408.3800000000001,2,2,2023-04-04T14:30:00+00:00,410.48,2023-04-04T15:18:00+00:00,408.3900000000001,TAKE_PROFIT,4.179999999999836,0.16377400000000003,0.01999999999998181,4.016225999999836,1.9904761904761987,1.9124885714285762,4.939201337100033,2.099999999999909,0.005,0.0021258497646432124,,HYP-FCR-03,baseline,987.8402674200065,991.8564934200064,27.010000000001355,0.5729083333333307,0.47145413024192023,3,3,2.9999999999972715,1.0499999999999545,15.0,2023,10
QQQ,2023-04-10,short,315.24,313.25,2023-04-10T16:00:00+00:00,2023-04-10T16:05:00+00:00,314.8,0.42500000000001137,315.62,313.16,3,3,2023-04-10T16:10:00+00:00,314.79,2023-04-10T16:33:00+00:00,315.63,STOP_LOSS,-2.519999999999925,0.18912600000000004,0.05999999999994543,-2.709125999999925,-1.024390243902417,-1.1012707317072956,5.17072707145006,2.4599999999999795,0.005,0.002378775717618863,,HYP-FCR-03,baseline,1034.145414290012,1031.436288290012,42.50000000000114,0.39171428571428024,1.0849744711889573,1,1,3.999999999996362,0.8199999999999932,5.0,2023,12
SPY,2023-04-10,short,406.84,405.97,2023-04-10T16:00:00+00:00,2023-04-10T16:05:00+00:00,406.58,0.29009999999999536,407.34999999999997,405.04,2,2,2023-04-10T16:10:00+00:00,406.57,2023-04-10T16:33:00+00:00,407.35999999999996,STOP_LOSS,-1.5799999999999272,0.162786,0.03999999999996362,-1.7427859999999273,-1.025974025974003,-1.1316792207792004,4.9592824671000315,1.5399999999999636,0.005,0.001552643966356374,,HYP-FCR-03,baseline,991.8564934200064,990.1137074200064,29.009999999999536,0.32488571428571944,0.8929293817605907,1,1,18.33000000000311,0.7699999999999818,5.0,2023,12
QQQ,2023-04-11,long,317.89,316.26,2023-04-11T14:20:00+00:00,2023-04-11T14:25:00+00:00,316.5794,0.0999999999999659,315.92990000000003,317.8784,3,3,2023-04-11T14:30:00+00:00,316.57,2023-04-11T14:35:00+00:00,315.91990000000004,STOP_LOSS,-1.9502999999998565,0.18974697000000001,0.05820000000005621,-2.1400469699998563,-1.0009237875288115,-1.0983048344880124,5.15718144145006,1.9484999999999673,0.005,0.0018891132900029416,,HYP-FCR-03,baseline,1031.436288290012,1029.296241320012,9.99999999999659,0.5574083333333325,0.1794016953459601,1,1,32.99000000000092,0.6494999999999891,5.0,2023,10
SPY,2023-04-11,long,410.2809,409.41,2023-04-11T14:15:00+00:00,2023-04-11T14:25:00+00:00,410.005,0.12999999999999545,409.51,410.995,2,2,2023-04-11T14:30:00+00:00,410.02,2023-04-11T14:35:00+00:00,409.5,STOP_LOSS,-1.0399999999999636,0.163904,0.049999999999954525,-1.2039039999999637,-1.0505050505050042,-1.2160646464645986,4.9505685371000325,0.9900000000000091,0.005,0.0009998851572105857,,HYP-FCR-03,baseline,990.1137074200064,988.9098034200065,12.999999999999545,0.4063333333333266,0.3199343724364174,2,2,8.000000000004093,0.49500000000000455,10.0,2023,10
QQQ,2023-04-12,long,318.42,314.86,2023-04-12T15:40:00+00:00,2023-04-12T15:45:00+00:00,315.44,0.3059999999999832,314.535,317.24999999999994,3,3,2023-04-12T15:50:00+00:00,315.46,2023-04-12T18:29:00+00:00,314.52500000000003,STOP_LOSS,-2.8049999999998363,0.1889955,0.08999999999991815,-2.993995499999836,-1.033149171270689,-1.102760773480636,5.14648120660006,2.714999999999918,0.005,0.0026377245840498646,,HYP-FCR-03,baseline,1029.296241320012,1026.3022458200123,30.599999999998317,0.5648785714285752,0.5417093433480945,1,1,31.999999999999318,0.9049999999999727,5.0,2023,11
SPY,2023-04-12,long,412.17,410.14,2023-04-12T15:55:00+00:00,2023-04-12T17:10:00+00:00,411.4,0.11000000000001364,410.745,412.7099999999999,2,2,2023-04-12T17:15:00+00:00,411.40999999999997,2023-04-12T17:45:00+00:00,410.735,STOP_LOSS,-1.349999999999909,0.164429,0.03999999999996362,-1.514428999999909,-1.0305343511450116,-1.1560526717557038,4.944549017100033,1.3099999999999454,0.005,0.0013246910845352057,,HYP-FCR-03,baseline,988.9098034200065,987.3953744200065,11.000000000001364,0.36178571428573036,0.30404738400792153,15,15,5.000000000001137,0.6549999999999727,75.0,2023,13
QQQ,2023-04-14,short,320.26,317.42,2023-04-14T14:00:00+00:00,2023-04-14T14:10:00+00:00,318.79,0.2400000000000091,320.24,315.89000000000004,3,3,2023-04-14T14:15:00+00:00,318.78000000000003,2023-04-14T16:45:00+00:00,315.90000000000003,TAKE_PROFIT,8.639999999999986,0.19040400000000002,0.05999999999994543,8.449595999999985,1.9862068965517365,1.9424358620689774,5.131511229100062,4.349999999999966,0.005,0.004238517471550819,,HYP-FCR-03,baseline,1026.3022458200123,1034.7518418200123,24.00000000000091,0.860000000000001,0.27906976744187073,2,2,10.000000000002274,1.4499999999999886,10.0,2023,10
QQQ,2023-04-17,long,319.1999,317.66,2023-04-17T14:10:00+00:00,2023-04-17T14:15:00+00:00,318.5,0.03499999999996817,317.795,319.90999999999997,3,3,2023-04-17T14:20:00+00:00,318.52,2023-04-17T14:30:00+00:00,317.785,STOP_LOSS,-2.2049999999998704,0.1908915,0.08999999999991815,-2.3958914999998706,-1.042553191489324,-1.1328092198581203,5.173759209100061,2.1149999999999523,0.005,0.002043968335712169,,HYP-FCR-03,baseline,1034.7518418200123,1032.3559503200124,3.4999999999968168,0.7149900000000059,0.04895173359063466,1,1,4.000000000002046,0.7049999999999841,5.0,2023,10
SPY,2023-04-17,long,413.19,412.23,2023-04-17T18:40:00+00:00,2023-04-17T18:45:00+00:00,412.4921,0.3849999999999909,411.83,413.8163,2,2,2023-04-17T18:50:00+00:00,412.51,2023-04-17T19:54:00+00:00,413.8063,TAKE_PROFIT,2.5926000000000613,0.16526326,0.055799999999976535,2.427336740000061,1.9578613502492255,1.8330590092131298,4.936976872100033,1.324200000000019,0.005,0.0013411041152363618,,HYP-FCR-03,baseline,987.3953744200065,989.8227111600066,38.49999999999909,0.26971428571429457,1.4274364406778854,1,1,29.50000000000159,0.6621000000000095,5.0,2023,14
QQQ,2023-04-20,short,317.48,315.57,2023-04-20T15:00:00+00:00,2023-04-20T15:05:00+00:00,316.9299,0.1349999999999909,317.76,315.26969999999994,3,3,2023-04-20T15:10:00+00:00,316.91,2023-04-20T15:41:00+00:00,317.77,STOP_LOSS,-2.5799999999998704,0.19040400000000002,0.08969999999982292,-2.7704039999998704,-1.0360197566557527,-1.1124780146969513,5.161779751600062,2.4903000000000475,0.005,0.002412249378935722,,HYP-FCR-03,baseline,1032.3559503200124,1029.5855463200126,13.49999999999909,0.46894285714285744,0.28788155730211895,1,1,17.159999999995534,0.8301000000000158,5.0,2023,11
SPY,2023-04-20,short,412.32,411.08,2023-04-20T16:00:00+00:00,2023-04-20T16:05:00+00:00,412.18,0.07110000000000127,412.55,411.44,2,2,2023-04-20T16:10:00+00:00,412.165,2023-04-20T16:26:00+00:00,412.56,STOP_LOSS,-0.7899999999999636,0.164945,0.049999999999954525,-0.9549449999999636,-1.0675675675675054,-1.290466216216151,4.949113555800033,0.7400000000000091,0.005,0.0007476086289561674,,HYP-FCR-03,baseline,989.8227111600066,988.8677661600067,7.110000000000127,0.36127142857143973,0.19680493495195284,1,1,6.000000000000227,0.37000000000000455,5.0,2023,12
QQQ,2023-04-21,long,316.3,314.39,2023-04-21T14:05:00+00:00,2023-04-21T14:10:00+00:00,315.18,0.19999999999998863,314.22,317.09999999999997,3,3,2023-04-21T14:15:00+00:00,315.21,2023-04-21T18:01:00+00:00,317.09,TAKE_PROFIT,5.639999999999986,0.18969,0.11999999999989086,5.450309999999987,1.9583333333333703,1.8924687500000357,5.1479277316000625,2.8799999999999386,0.005,0.0027972420653084675,,HYP-FCR-03,baseline,1029.5855463200126,1035.0358563200125,19.999999999998863,0.6340333333333459,0.3154408285578855,1,1,20.999999999997954,0.9599999999999795,5.0,2023,10
SPY,2023-04-21,long,412.28,410.914,2023-04-21T14:05:00+00:00,2023-04-21T14:10:00+00:00,411.46,0.029999999999972715,410.645,413.09,2,2,2023-04-21T14:15:00+00:00,411.48,2023-04-21T14:44:00+00:00,410.635,STOP_LOSS,-1.6900000000000546,0.164423,0.06000000000005912,-1.8544230000000546,-1.0368098159509567,-1.1376828220859263,4.944338830800033,1.6299999999999955,0.005,0.0016483498155973348,,HYP-FCR-03,baseline,988.8677661600067,987.0133431600066,2.9999999999972715,0.5184333333333294,0.05786664952094054,1,1,29.399999999998272,0.8149999999999977,5.0,2023,10
SPY,2023-04-24,long,412.95,411.94,2023-04-24T17:45:00+00:00,2023-04-24T17:55:00+00:00,412.17,0.14999999999997726,411.94,412.63000000000005,2,2,2023-04-24T18:00:00+00:00,412.19,2023-04-24T18:24:00+00:00,411.93,STOP_LOSS,-0.5199999999999818,0.164824,0.05999999999994543,-0.6848239999999818,-1.1304347826085668,-1.4887478260867992,4.9350667158000325,0.4600000000000364,0.005,0.000466052463411799,,HYP-FCR-03,baseline,987.0133431600066,986.3285191600066,14.999999999997726,0.22035714285714952,0.6807131280387742,2,2,8.999999999997499,0.2300000000000182,10.0,2023,14
SPY,2023-04-25,long,411.16,410.04,2023-04-25T15:10:00+00:00,2023-04-25T15:15:00+00:00,410.31,0.05000000000001137,409.74,411.45,2,2,2023-04-25T15:20:00+00:00,410.315,2023-04-25T15:22:00+00:00,409.73,STOP_LOSS,-1.169999999999959,0.16400900000000002,0.029999999999972715,-1.3340089999999591,-1.0263157894736605,-1.1701833333333116,4.931642595800033,1.1399999999999864,0.005,0.00115580151831243,,HYP-FCR-03,baseline,986.3285191600066,984.9945101600067,5.000000000001137,0.38308571428571064,0.13051909307878987,1,1,6.999999999999318,0.5699999999999932,5.0,2023,11
QQQ,2023-04-26,short,313.78,312.22,2023-04-26T14:10:00+00:00,2023-04-26T14:20:00+00:00,312.35,0.6399999999999864,313.52,310.0100000000001,3,3,2023-04-26T14:25:00+00:00,312.32,2023-04-26T15:01:00+00:00,313.53,STOP_LOSS,-3.6299999999999386,0.187755,0.12000000000006139,-3.8177549999999387,-1.034188034188053,-1.0876794871795077,5.175179281600062,3.509999999999877,0.005,0.0033911868642690335,,HYP-FCR-03,baseline,1035.0358563200125,1031.2181013200125,63.999999999998636,0.7631818181818114,0.8385944014294119,2,2,7.000000000005002,1.169999999999959,10.0,2023,10
SPY,2023-04-26,long,407.27,406.32,2023-04-26T15:00:00+00:00,2023-04-26T15:05:00+00:00,407.065,0.29000000000002046,406.04,409.11499999999995,2,2,2023-04-26T15:10:00+00:00,407.06,2023-04-26T17:45:00+00:00,406.03000000000003,STOP_LOSS,-2.0599999999999454,0.162618,0.029999999999972715,-2.2226179999999456,-1.0048780487804834,-1.084203902439022,4.9249725508000335,2.0499999999999545,0.005,0.002081229873724823,,HYP-FCR-03,baseline,984.9945101600067,982.7718921600068,29.000000000002046,0.47462142857142453,0.6110132887866,1,1,8.280000000002019,1.0249999999999773,5.0,2023,11
SPY,2023-04-27,short,407.85,406.74,2023-04-27T14:55:00+00:00,2023-04-27T15:00:00+00:00,407.7,0.060000000000002274,408.375,406.34999999999997,2,2,2023-04-27T15:05:00+00:00,407.7,2023-04-27T15:24:00+00:00,408.385,STOP_LOSS,-1.3700000000000045,0.16321700000000003,0.01999999999998181,-1.5332170000000045,-1.014814814814801,-1.1357162962962806,4.913859460800034,1.3500000000000227,0.005,0.0013736656601288175,,HYP-FCR-03,baseline,982.7718921600068,981.2386751600068,6.000000000000227,0.3836785714285692,0.15638089919017717,1,1,15.999999999996817,0.6750000000000114,5.0,2023,11
QQQ,2023-04-28,short,320.705,318.96,2023-04-28T14:55:00+00:00,2023-04-28T15:00:00+00:00,319.31,0.9900000000000091,321.15999999999997,315.61000000000007,2,2,2023-04-28T15:05:00+00:00,319.31,2023-04-28T16:05:00+00:00,321.16999999999996,STOP_LOSS,-3.7199999999999136,0.12809600000000002,0.01999999999998181,-3.848095999999914,-1.0054054054054007,-1.0400259459459418,5.156090506600062,3.699999999999932,0.005,0.0035879897717696584,,HYP-FCR-03,baseline,1031.2181013200125,1027.3700053200125,99.00000000000091,0.6719357142857234,1.4733552316866982,1,1,39.500000000003865,1.849999999999966,5.0,2023,11
SPY,2023-05-01,short,416.7299,415.38,2023-05-01T14:15:00+00:00,2023-05-01T14:25:00+00:00,415.9901,0.030100000000004457,416.46999999999997,415.0303,2,2,2023-05-01T14:30:00+00:00,415.99,2023-05-01T14:37:00+00:00,416.47999999999996,STOP_LOSS,-0.9799999999999045,0.166494,0.020199999999931606,-1.1464939999999044,-1.0210460512606085,-1.1945134402999966,4.906193375800034,0.9597999999999729,0.005,0.00097815141646701,,HYP-FCR-03,baseline,981.2386751600068,980.0921811600069,3.0100000000004457,0.467116666666674,0.0644378634887872,2,2,5.090000000001282,0.47989999999998645,10.0,2023,10
QQQ,2023-05-01,long,322.77,321.75,2023-05-01T14:40:00+00:00,2023-05-01T14:50:00+00:00,322.3519,0.1099999999999568,321.78000000000003,323.49569999999994,3,3,2023-05-01T14:55:00+00:00,322.38,2023-05-01T15:15:00+00:00,321.77000000000004,STOP_LOSS,-1.8299999999998704,0.19324500000000003,0.11429999999995744,-2.0232449999998705,-1.0666200384682423,-1.1792533659730566,5.1368500266000625,1.715699999999913,0.005,0.0016699923018148603,,HYP-FCR-03,baseline,1027.3700053200125,1025.3467603200127,10.99999999999568,0.45500714285714544,0.24175444655490283,2,2,13.999999999998636,0.571899999999971,10.0,2023,10
QQQ,2023-05-03,long,320.79,319.475,2023-05-03T15:45:00+00:00,2023-05-03T15:55:00+00:00,320.11,0.040000000000020464,319.40000000000003,321.53,3,3,2023-05-03T16:00:00+00:00,320.12,2023-05-03T18:00:00+00:00,321.52,TAKE_PROFIT,4.199999999999932,0.19249200000000002,0.05999999999994543,4.007507999999932,1.9718309859155179,1.8814591549295998,5.126733801600063,2.1299999999999386,0.005,0.002077346008617769,,HYP-FCR-03,baseline,1025.3467603200127,1029.3542683200126,4.000000000002046,0.37464285714285744,0.10676835081035005,2,2,7.5000000000045475,0.7099999999999795,10.0,2023,12
SPY,2023-05-03,long,412.65,411.25,2023-05-03T15:55:00+00:00,2023-05-03T16:00:00+00:00,411.54,0.2699999999999818,411.01,412.6000000000001,2,2,2023-05-03T16:05:00+00:00,411.55,2023-05-03T18:00:00+00:00,412.5900000000001,TAKE_PROFIT,2.0800000000001546,0.16482800000000003,0.03999999999996362,1.9151720000001546,1.9622641509434327,1.8067660377358943,4.900460905800035,1.0600000000000591,0.005,0.001081530921658283,,HYP-FCR-03,baseline,980.0921811600069,982.0073531600071,26.99999999999818,0.3725000000000023,0.7248322147650474,1,1,18.000000000000682,0.5300000000000296,5.0,2023,12
SPY,2023-05-04,long,407.27,404.89,2023-05-04T15:05:00+00:00,2023-05-04T15:10:00+00:00,406.16,0.6800000000000068,404.85,408.78000000000003,2,2,2023-05-04T15:15:00+00:00,406.18,2023-05-04T15:36:00+00:00,404.84000000000003,STOP_LOSS,-2.67999999999995,0.16220400000000001,0.05999999999994543,-2.84220399999995,-1.0229007633587577,-1.0848106870228797,4.910036765800036,2.6200000000000045,0.005,0.002668004462053254,,HYP-FCR-03,baseline,982.0073531600071,979.1651491600072,68.00000000000068,0.9181071428571508,0.740654296495119,1,1,7.499999999998863,1.3100000000000023,5.0,2023,11
QQQ,2023-05-04,short,317.13,315.72,2023-05-04T15:15:00+00:00,2023-05-04T15:20:00+00:00,316.63,0.05000000000001137,317.33,315.23,3,3,2023-05-04T15:25:00+00:00,316.62,2023-05-04T17:06:00+00:00,317.34,STOP_LOSS,-2.1599999999999113,0.19018800000000002,0.05999999999994543,-2.3501879999999113,-1.0285714285714032,-1.1191371428571188,5.146771341600063,2.099999999999966,0.005,0.002040113947773619,,HYP-FCR-03,baseline,1029.3542683200126,1027.0040803200127,5.000000000001137,0.7460714285714362,0.06701771182385372,1,1,30.000000000001137,0.6999999999999886,5.0,2023,11
QQQ,2023-05-08,long,322.6399,321.46,2023-05-08T14:35:00+00:00,2023-05-08T14:45:00+00:00,322.205,0.03500000000002501,321.43,323.75499999999994,3,3,2023-05-08T14:50:00+00:00,322.21999999999997,2023-05-08T18:47:00+00:00,323.74499999999995,TAKE_PROFIT,4.574999999999932,0.19378949999999998,0.07499999999993179,4.3812104999999315,1.9677419354838994,1.8843916129032516,5.135020401600063,2.324999999999932,0.005,0.0022638663706919895,,HYP-FCR-03,baseline,1027.0040803200127,1031.3852908200126,3.500000000002501,0.43366428571429033,0.08070759145493468,2,2,14.499999999998181,0.7749999999999773,10.0,2023,10
SPY,2023-05-08,long,413.13,411.89,2023-05-08T14:35:00+00:00,2023-05-08T14:45:00+00:00,412.46,0.06999999999999318,411.82,413.73999999999995,2,2,2023-05-08T14:50:00+00:00,412.46999999999997,2023-05-08T18:07:00+00:00,411.81,STOP_LOSS,-1.3199999999999363,0.164856,0.03999999999996362,-1.4848559999999362,-1.0312499999999722,-1.160043749999975,4.895825745800036,1.2799999999999727,0.005,0.0013072360684998252,,HYP-FCR-03,baseline,979.1651491600072,977.6802931600073,6.999999999999318,0.4159000000000016,0.16830968982926883,2,2,20.999999999997954,0.6399999999999864,10.0,2023,10
QQQ,2023-05-09,short,322.74,321.85,2023-05-09T14:00:00+00:00,2023-05-09T14:10:00+00:00,322.02,0.13999999999998636,322.705,320.65,3,3,2023-05-09T14:15:00+00:00,322.0113,2023-05-09T19:59:00+00:00,321.59999999999997,FORCED_SESSION_CLOSE,1.2339000000001192,0.19308339000000002,0.05609999999990123,1.0408166100001193,0.6004379562044356,0.5064801021898374,5.156926454100064,2.055000000000007,0.005,0.001992465878940507,,HYP-FCR-03,baseline,1031.3852908200126,1032.4261074300127,13.999999999998636,0.4322222222222081,0.3239074550128325,2,2,13.999999999998636,0.6850000000000023,10.0,2023,10
SPY,2023-05-09,short,411.675,410.6894,2023-05-09T14:00:00+00:00,2023-05-09T14:10:00+00:00,410.98,0.06999999999999318,411.645,409.6500000000001,2,2,2023-05-09T14:15:00+00:00,410.97,2023-05-09T14:45:00+00:00,411.655,STOP_LOSS,-1.3699999999998909,0.164525,0.03999999999996362,-1.534524999999891,-1.030075187969899,-1.153778195488703,4.888401465800037,1.3299999999999272,0.005,0.001360362901149588,,HYP-FCR-03,baseline,977.6802931600073,976.1457681600074,6.999999999999318,0.45998888888890277,0.15217758883062865,2,2,16.499999999996362,0.6649999999999636,10.0,2023,10
QQQ,2023-05-10,short,325.34,323.04,2023-05-10T14:15:00+00:00,2023-05-10T14:20:00+00:00,324.86,0.36299999999999955,325.51,323.56000000000006,3,3,2023-05-10T14:25:00+00:00,324.84000000000003,2023-05-10T14:44:00+00:00,323.57000000000005,TAKE_PROFIT,3.8099999999999454,0.19452300000000003,0.08999999999991815,3.615476999999945,1.9538461538461942,1.854090769230806,5.162130537150063,1.9499999999999318,0.005,0.0018887550265984732,,HYP-FCR-03,baseline,1032.4261074300127,1036.0415844300128,36.299999999999955,0.853981818181813,0.4250675977772594,1,1,38.00000000000523,0.6499999999999773,5.0,2023,10
SPY,2023-05-10,long,414.535,411.5001,2023-05-10T15:15:00+00:00,2023-05-10T15:25:00+00:00,411.92,0.07839999999998781,411.15000000000003,413.46,2,2,2023-05-10T15:30:00+00:00,411.925,2023-05-10T16:01:00+00:00,411.14000000000004,STOP_LOSS,-1.5699999999999363,0.164613,0.029999999999972715,-1.7346129999999365,-1.0194805194805023,-1.1263720779220632,4.880728840800037,1.5399999999999636,0.005,0.0015776332287981917,,HYP-FCR-03,baseline,976.1457681600074,974.4111551600074,7.839999999998781,0.6049714285714336,0.12959289694906728,2,2,37.009999999997945,0.7699999999999818,10.0,2023,11
QQQ,2023-05-11,long,325.85,324.38,2023-05-11T14:45:00+00:00,2023-05-11T14:50:00+00:00,325.3,0.5,324.34000000000003,327.21999999999997,3,3,2023-05-11T14:55:00+00:00,325.32,2023-05-11T19:59:00+00:00,326.18,FORCED_SESSION_CLOSE,2.580000000000041,0.19545,0.08999999999991815,2.384550000000041,0.8958333333333667,0.8279687500000318,5.180207922150064,2.8799999999999386,0.005,0.0027798111999378823,,HYP-FCR-03,baseline,1036.0415844300128,1038.4261344300128,50.0,0.5699571428571387,0.8772589417750771,1,1,0.9999999999990905,0.9599999999999795,5.0,2023,10
SPY,2023-05-11,long,412.09,410.16,2023-05-11T14:40:00+00:00,2023-05-11T14:50:00+00:00,411.15,0.37999999999999545,410.29,412.8699999999999,2,2,2023-05-11T14:55:00+00:00,411.17,2023-05-11T17:50:00+00:00,410.28000000000003,STOP_LOSS,-1.7799999999999727,0.16429000000000002,0.06000000000005912,-1.9442899999999728,-1.0348837209302686,-1.1304011627907387,4.872055775800037,1.7199999999999136,0.005,0.0017651686260893365,,HYP-FCR-03,baseline,974.4111551600074,972.4668651600074,37.999999999999545,0.6374285714285618,0.5961452263558961,2,2,4.500000000001592,0.8599999999999568,10.0,2023,10
SPY,2023-05-15,long,412.29,410.78,2023-05-15T14:20:00+00:00,2023-05-15T14:25:00+00:00,411.02,0.29000000000002046,410.31,412.43999999999994,2,2,2023-05-15T14:30:00+00:00,411.025,2023-05-15T16:45:00+00:00,412.42999999999995,TAKE_PROFIT,2.8099999999999454,0.164691,0.029999999999972715,2.6453089999999455,1.9788732394366384,1.8628936619718464,4.862334325800037,1.419999999999959,0.005,0.0014602039934453867,,HYP-FCR-03,baseline,972.4668651600074,975.1121741600074,29.000000000002046,0.47440833333333404,0.611287744383397,1,1,38.999999999998636,0.7099999999999795,5.0,2023,10
QQQ,2023-05-15,long,325.81,324.52,2023-05-15T14:30:00+00:00,2023-05-15T14:35:00+00:00,324.96,0.17709999999999582,324.28000000000003,326.3199999999999,3,3,2023-05-15T14:40:00+00:00,324.95,2023-05-15T16:00:00+00:00,326.3099999999999,TAKE_PROFIT,4.0799999999997,0.19537799999999997,0.05999999999994543,3.8846219999997,2.0,1.9042264705882284,5.192130672150064,2.03999999999985,0.005,0.0019645114200824657,,HYP-FCR-03,baseline,1038.4261344300128,1042.3107564300126,17.70999999999958,0.49565714285714485,0.35730343555452093,1,1,29.999999999995453,0.67999999999995,5.0,2023,10
SPY,2023-05-16,long,412.815,410.89,2023-05-16T14:15:00+00:00,2023-05-16T15:50:00+00:00,411.87,0.20999999999997954,411.16,413.28999999999996,2,2,2023-05-16T15:55:00+00:00,411.89,2023-05-16T18:31:00+00:00,411.15000000000003,STOP_LOSS,-1.4799999999999045,0.164608,0.05999999999994543,-1.6446079999999046,-1.0422535211267234,-1.15817464788729,4.875560870800037,1.419999999999959,0.005,0.0014562427150734655,,HYP-FCR-03,baseline,975.1121741600074,973.4675661600074,20.999999999997954,0.3870928571428668,0.5425054896388168,19,19,15.999999999996817,0.7099999999999795,95.0,2023,11
QQQ,2023-05-16,short,327.98,326.02,2023-05-16T19:45:00+00:00,2023-05-16T19:50:00+00:00,327.325,0.214999999999975,328.34499999999997,325.285,3,3,2023-05-16T19:55:00+00:00,327.315,2023-05-16T19:59:00+00:00,327.15,FORCED_SESSION_CLOSE,0.4950000000000614,0.1963395,0.05999999999994543,0.2986605000000614,0.16176470588237588,0.09760147058825709,5.211553782150063,3.0599999999999454,0.005,0.002935784727465214,,HYP-FCR-03,baseline,1042.3107564300126,1042.6094169300127,21.4999999999975,0.27762857142856695,0.7744159720077437,1,1,16.999999999995907,1.0199999999999818,5.0,2023,15
QQQ,2023-05-19,long,338.205,336.9703,2023-05-19T14:10:00+00:00,2023-05-19T14:15:00+00:00,337.49,0.05009999999998627,336.81,338.85,3,3,2023-05-19T14:20:00+00:00,337.51,2023-05-19T14:47:00+00:00,336.8,STOP_LOSS,-2.1299999999999386,0.20229300000000003,0.08999999999991815,-2.3322929999999387,-1.044117647058783,-1.1432808823528997,5.213047084650063,2.0400000000000205,0.005,0.001956629171839678,,HYP-FCR-03,baseline,1042.6094169300127,1040.2771239300127,5.009999999998627,0.5494599999999934,0.09118043169655092,1,1,33.03000000000225,0.6800000000000068,5.0,2023,10
SPY,2023-05-22,long,420.39,418.62,2023-05-22T14:55:00+00:00,2023-05-22T15:00:00+00:00,419.07,0.10000000000002274,418.37,420.46999999999997,2,2,2023-05-22T15:05:00+00:00,419.08,2023-05-22T17:15:00+00:00,418.36,STOP_LOSS,-1.4399999999999409,0.16748800000000003,0.03999999999996362,-1.607487999999941,-1.0285714285714032,-1.1482057142856907,4.867337830800038,1.3999999999999773,0.005,0.0014381578274071242,,HYP-FCR-03,baseline,973.4675661600074,971.8600781600074,10.000000000002274,0.6317857142857122,0.15828151498025134,1,1,59.00000000000318,0.6999999999999886,5.0,2023,11
QQQ,2023-05-23,short,337.0338,335.7,2023-05-23T14:00:00+00:00,2023-05-23T14:55:00+00:00,336.27,0.09499999999997044,336.64,335.53,3,3,2023-05-23T15:00:00+00:00,336.26,2023-05-23T15:06:00+00:00,336.65,STOP_LOSS,-1.169999999999959,0.20187300000000002,0.05999999999994543,-1.371872999999959,-1.0540540540540042,-1.2359216216215696,5.201385619650064,1.1100000000000136,0.005,0.0010670233675874733,,HYP-FCR-03,baseline,1040.2771239300127,1038.9052509300127,9.499999999997044,0.4124857142857122,0.23031100644171104,11,11,2.62000000000171,0.37000000000000455,55.0,2023,11
SPY,2023-05-23,short,418.07,416.84,2023-05-23T14:00:00+00:00,2023-05-23T14:55:00+00:00,417.382,0.045000000000015916,417.71999999999997,416.7060000000001,2,2,2023-05-23T15:00:00+00:00,417.37,2023-05-23T15:02:00+00:00,417.72999999999996,STOP_LOSS,-0.7199999999999136,0.16702,0.04399999999998272,-0.8870199999999135,-1.0650887573964307,-1.3121597633136157,4.859300390800037,0.6759999999999309,0.005,0.0006955733805629517,,HYP-FCR-03,baseline,971.8600781600074,970.9730581600076,4.500000000001592,0.4111142857142909,0.10945861421923256,11,11,6.000000000000227,0.33799999999996544,55.0,2023,11
SPY,2023-05-24,long,412.49,410.97,2023-05-24T15:20:00+00:00,2023-05-24T15:25:00+00:00,411.21,0.25,410.45,412.72999999999996,2,2,2023-05-24T15:30:00+00:00,411.22499999999997,2023-05-24T15:43:00+00:00,410.44,STOP_LOSS,-1.5699999999999363,0.164333,0.049999999999954525,-1.7343329999999364,-1.0328947368420758,-1.1410085526315508,4.854865290800038,1.5199999999999818,0.005,0.001565439933915756,,HYP-FCR-03,baseline,970.9730581600076,969.2387251600076,25.0,0.5325714285714339,0.4694206008583644,1,1,34.00000000000318,0.7599999999999909,5.0,2023,11
QQQ,2023-05-24,long,332.19,330.86,2023-05-24T17:35:00+00:00,2023-05-24T17:40:00+00:00,331.228,0.14679999999998472,330.42,332.844,3,3,2023-05-24T17:45:00+00:00,331.24,2023-05-24T18:34:00+00:00,330.41,STOP_LOSS,-2.4899999999999523,0.198495,0.06599999999997408,-2.688494999999952,-1.0272277227722668,-1.1091150990098912,5.1945262546500635,2.423999999999978,0.005,0.002333225284817888,,HYP-FCR-03,baseline,1038.9052509300127,1036.2167559300128,14.679999999998472,0.31190000000000445,0.47066367425451305,1,1,23.00000000000182,0.8079999999999927,5.0,2023,13
SPY,2023-05-25,long,414.8,412.59,2023-05-25T14:25:00+00:00,2023-05-25T14:40:00+00:00,413.7001,0.06999999999999318,413.02,415.0603000000001,2,2,2023-05-25T14:45:00+00:00,413.71999999999997,2023-05-25T15:38:00+00:00,413.01,STOP_LOSS,-1.419999999999959,0.16534600000000002,0.05979999999988195,-1.585345999999959,-1.0439641229230103,-1.1655241876193716,4.846193625800038,1.3602000000000771,0.005,0.0014033694328252592,,HYP-FCR-03,baseline,969.2387251600076,967.6533791600076,6.999999999999318,0.6528571428571378,0.10722100656454181,3,3,9.99999999999659,0.6801000000000386,15.0,2023,10
QQQ,2023-05-25,short,339.42,336.665,2023-05-25T15:30:00+00:00,2023-05-25T15:35:00+00:00,338.9,0.17000000000001592,339.515,337.66999999999996,3,3,2023-05-25T15:40:00+00:00,338.85,2023-05-25T16:16:00+00:00,339.525,STOP_LOSS,-2.0249999999998636,0.2035125,0.1799999999998363,-2.2285124999998636,-1.097560975609666,-1.2078658536584448,5.181083779650065,1.8450000000000273,0.005,0.0017805155045424112,,HYP-FCR-03,baseline,1036.2167559300128,1033.988243430013,17.00000000000159,0.47400714285713874,0.3586443845029827,1,1,4.499999999995907,0.6150000000000091,5.0,2023,11
QQQ,2023-05-30,long,353.93,350.65,2023-05-30T14:45:00+00:00,2023-05-30T14:55:00+00:00,351.35,0.040000000000020464,350.67,352.71000000000004,2,2,2023-05-30T15:00:00+00:00,351.355,2023-05-30T15:21:00+00:00,350.66,STOP_LOSS,-1.3899999999999864,0.14040300000000003,0.029999999999972715,-1.5304029999999864,-1.0220588235293915,-1.1252963235293905,5.169941217150065,1.3600000000000136,0.005,0.001315295419112826,,HYP-FCR-03,baseline,1033.988243430013,1032.457840430013,4.000000000002046,0.8303999999999974,0.048169556840101865,2,2,8.999999999997499,0.6800000000000068,10.0,2023,11
QQQ,2023-05-31,long,350.6,348.24,2023-05-31T17:30:00+00:00,2023-05-31T17:35:00+00:00,348.81,0.12999999999999545,347.55,351.33,2,2,2023-05-31T17:40:00+00:00,348.825,2023-05-31T19:57:00+00:00,347.54,STOP_LOSS,-2.5699999999999363,0.139273,0.049999999999954525,-2.7092729999999365,-1.019841269841252,-1.075108333333316,5.162289202150065,2.519999999999982,0.005,0.002440777629186695,,HYP-FCR-03,baseline,1032.457840430013,1029.748567430013,12.999999999999545,0.42392142857142645,0.3066606008525747,1,1,15.00000000000341,1.259999999999991,5.0,2023,13
SPY,2023-05-31,long,419.22,418.06,2023-05-31T17:35:00+00:00,2023-05-31T17:40:00+00:00,418.17,0.19999999999998863,417.61,419.29,2,2,2023-05-31T17:45:00+00:00,418.18,2023-05-31T18:51:00+00:00,417.6,STOP_LOSS,-1.1599999999999682,0.167156,0.03999999999996362,-1.3271559999999682,-1.0357142857142532,-1.184960714285681,4.8382668958000385,1.1200000000000045,0.005,0.0011574392485171133,,HYP-FCR-03,baseline,967.6533791600076,966.3262231600077,19.999999999998863,0.4078142857142869,0.4904193085087457,1,1,67.00000000000159,0.5600000000000023,5.0,2023,13
QQQ,2023-06-01,short,348.37,346.66,2023-06-01T14:15:00+00:00,2023-06-01T14:20:00+00:00,347.335,0.05000000000001137,348.5091,344.98679999999996,2,2,2023-06-01T14:25:00+00:00,347.33,2023-06-01T14:40:00+00:00,348.5191,STOP_LOSS,-2.3781999999999925,0.13916982,0.029999999999972715,-2.5173698199999928,-1.0127757431223798,-1.0720423388126954,5.148742837150065,2.34820000000002,0.005,0.0022803624829122334,,HYP-FCR-03,baseline,1029.748567430013,1027.2311976100132,5.000000000001137,0.7263636363636372,0.06883604505633598,1,1,31.999999999999318,1.17410000000001,5.0,2023,10
QQQ,2023-06-02,long,355.83,352.16,2023-06-02T14:00:00+00:00,2023-06-02T14:40:00+00:00,354.3,0.03000000000002956,353.1982,356.50360000000006,2,2,2023-06-02T14:45:00+00:00,354.335,2023-06-02T19:59:00+00:00,354.63,FORCED_SESSION_CLOSE,0.5900000000000318,0.141793,0.08999999999991815,0.44820700000003183,0.26774369214014254,0.2033976220729812,5.136155988050066,2.2036000000000513,0.005,0.0021451840687150207,,HYP-FCR-03,baseline,1027.2311976100132,1027.6794046100133,3.000000000002956,0.9432571428571391,0.031804688919883646,8,8,15.00000000000341,1.1018000000000256,40.0,2023,10
SPY,2023-06-02,long,426.375,424.3,2023-06-02T14:00:00+00:00,2023-06-02T14:40:00+00:00,426.2401,0.099899999999991,425.4101,427.90009999999995,2,2,2023-06-02T14:45:00+00:00,426.27,2023-06-02T16:47:00+00:00,427.89009999999996,TAKE_PROFIT,3.240199999999959,0.17083202,0.07979999999997744,3.0693679799999587,1.9519277108433861,1.8490168554216972,4.831631115800039,1.6599999999999682,0.005,0.0017178463754937338,,HYP-FCR-03,baseline,966.3262231600077,969.3955911400076,9.9899999999991,0.7171357142857134,0.1393041763364053,8,8,35.000000000002274,0.8299999999999841,40.0,2023,10
QQQ,2023-06-05,short,356.45,354.43,2023-06-05T17:35:00+00:00,2023-06-05T17:40:00+00:00,356.0264,0.009999999999990905,356.575,354.9292000000001,2,2,2023-06-05T17:45:00+00:00,356.01,2023-06-05T18:32:00+00:00,354.9392000000001,TAKE_PROFIT,2.141599999999812,0.14218984,0.052800000000047476,1.9994101599998122,1.9518775063798297,1.8222841414509114,5.138397023050067,1.0971999999999298,0.005,0.001067648135282324,,HYP-FCR-03,baseline,1027.6794046100133,1029.678814770013,0.9999999999990905,0.3472428571428533,0.028798288558825488,1,1,11.000000000001364,0.5485999999999649,5.0,2023,13
QQQ,2023-06-06,short,354.32,352.93,2023-06-06T17:50:00+00:00,2023-06-06T17:55:00+00:00,354.09,0.18000000000000682,354.48,353.3099999999999,2,2,2023-06-06T18:00:00+00:00,354.08,2023-06-06T18:11:00+00:00,354.49,STOP_LOSS,-0.82000000000005,0.141714,0.03999999999996362,-0.96171400000005,-1.051282051281999,-1.2329666666665942,5.148394073850065,0.7800000000000864,0.005,0.0007575177704071785,,HYP-FCR-03,baseline,1029.678814770013,1028.717100770013,18.000000000000682,0.4127499999999965,0.4360993337371492,1,1,25.99999999999909,0.3900000000000432,5.0,2023,14
QQQ,2023-06-09,short,357.21,354.52,2023-06-09T14:30:00+00:00,2023-06-09T14:35:00+00:00,356.62,0.1099999999999568,357.28999999999996,355.2800000000001,2,2,2023-06-09T14:40:00+00:00,356.6,2023-06-09T14:49:00+00:00,355.2900000000001,TAKE_PROFIT,2.619999999999891,0.14237800000000003,0.05999999999994543,2.477621999999891,1.955223880597053,1.8489716417910764,5.1435855038500655,1.3399999999999181,0.005,0.0013025932970268544,,HYP-FCR-03,baseline,1028.717100770013,1031.194722770013,10.99999999999568,0.6014214285714274,0.18290003444214278,1,1,26.000000000004775,0.6699999999999591,5.0,2023,10
SPY,2023-06-09,short,431.3,429.92,2023-06-09T15:15:00+00:00,2023-06-09T15:20:00+00:00,430.6725,0.22000000000002728,431.615,428.7875,2,2,2023-06-09T15:25:00+00:00,430.66,2023-06-09T19:59:00+00:00,429.9,FORCED_SESSION_CLOSE,1.5200000000000955,0.172112,0.04499999999995907,1.3478880000000955,0.8063660477454127,0.7150599469496562,4.846977955700038,1.884999999999991,0.005,0.0019445105973540009,,HYP-FCR-03,baseline,969.3955911400076,970.7434791400077,22.00000000000273,0.4604071428571298,0.4778379384706811,1,1,30.709999999999127,0.9424999999999955,5.0,2023,11
QQQ,2023-06-12,long,356.53,355.64,2023-06-12T14:20:00+00:00,2023-06-12T14:25:00+00:00,356.24,0.0999999999999659,355.37,357.98,2,2,2023-06-12T14:30:00+00:00,356.26,2023-06-12T17:45:00+00:00,357.97,TAKE_PROFIT,3.4200000000000728,0.142846,0.05999999999994543,3.2771540000000727,1.9655172413793418,1.8834218390804918,5.1559736138500645,1.740000000000009,0.005,0.0016873631735876142,,HYP-FCR-03,baseline,1031.194722770013,1034.471876770013,9.99999999999659,0.6136249999999942,0.1629659808514432,1,1,31.000000000000227,0.8700000000000045,5.0,2023,10
SPY,2023-06-12,long,431.26,430.29,2023-06-12T14:40:00+00:00,2023-06-12T15:35:00+00:00,430.98,0.10000000000002274,430.57,431.80000000000007,2,2,2023-06-12T15:40:00+00:00,430.98,2023-06-12T17:58:00+00:00,431.7900000000001,TAKE_PROFIT,1.6200000000001182,0.17255400000000004,0.01999999999998181,1.4474460000001181,1.9756097560975847,1.7651780487805242,4.853717395700039,0.82000000000005,0.005,0.0008447133744606732,,HYP-FCR-03,baseline,970.7434791400077,972.1909251400078,10.000000000002274,0.31285714285714256,0.31963470319642,11,11,6.000000000000227,0.410000000000025,55.0,2023,11
QQQ,2023-06-13,long,364.11,361.24,2023-06-13T14:30:00+00:00,2023-06-13T14:35:00+00:00,361.8299,0.05999999999994543,360.77,363.94970000000006,2,2,2023-06-13T14:40:00+00:00,361.84,2023-06-13T19:59:00+00:00,363.25,FORCED_SESSION_CLOSE,2.82000000000005,0.14501799999999998,0.040199999999913416,2.67498200000005,1.3303141805830632,1.261903009717889,5.172359383850066,2.1198000000000548,0.005,0.002049161555381109,,HYP-FCR-03,baseline,1034.471876770013,1037.146858770013,5.999999999994543,1.0367928571428584,0.05787076906113186,1,1,82.99999999999841,1.0599000000000274,5.0,2023,10
SPY,2023-06-13,long,437.18,435.09,2023-06-13T14:15:00+00:00,2023-06-13T14:35:00+00:00,436.08,0.01999999999998181,435.39,437.46,2,2,2023-06-13T14:40:00+00:00,436.09999999999997,2023-06-13T18:34:00+00:00,435.38,STOP_LOSS,-1.4399999999999409,0.174296,0.05999999999994543,-1.614295999999941,-1.0434782608695259,-1.1697797101448886,4.860954625700039,1.3799999999999955,0.005,0.001419474266128598,,HYP-FCR-03,baseline,972.1909251400078,970.5766291400079,1.999999999998181,0.7267857142857191,0.027518427518402305,4,4,45.999999999997954,0.6899999999999977,20.0,2023,10
SPY,2023-06-14,short,437.69,436.51,2023-06-14T17:05:00+00:00,2023-06-14T17:10:00+00:00,437.4496,0.01999999999998181,438.09,436.1688,2,2,2023-06-14T17:15:00+00:00,437.44,2023-06-14T18:00:00+00:00,436.17879999999997,TAKE_PROFIT,2.5224000000000615,0.17472376,0.03919999999993706,2.3476762400000615,1.9693941286696306,1.8329764522174132,4.85288314570004,1.2807999999999993,0.005,0.0013196279011322052,,HYP-FCR-03,baseline,970.5766291400079,972.9243053800079,1.999999999998181,0.25287857142857156,0.07908934271099771,1,1,8.999999999997499,0.6403999999999996,5.0,2023,13
SPY,2023-06-16,long,443.18,440.77,2023-06-16T15:50:00+00:00,2023-06-16T16:00:00+00:00,441.27,0.1150000000000091,440.59000000000003,442.6299999999999,2,2,2023-06-16T16:05:00+00:00,441.2862,2023-06-16T18:31:00+00:00,440.58000000000004,STOP_LOSS,-1.4123999999999342,0.17637324000000001,0.0524000000000342,-1.5887732399999341,-1.038529411764734,-1.1682156176470964,4.86462152690004,1.3599999999999,0.005,0.0013978476973794038,,HYP-FCR-03,baseline,972.9243053800079,971.335532140008,11.50000000000091,0.5198714285714264,0.22120854057323705,2,2,34.99999999999659,0.67999999999995,10.0,2023,12
QQQ,2023-06-16,long,372.85,369.38,2023-06-16T15:50:00+00:00,2023-06-16T16:25:00+00:00,370.69,0.009999999999990905,370.06,371.95,2,2,2023-06-16T16:30:00+00:00,370.71,2023-06-16T17:38:00+00:00,370.05,STOP_LOSS,-1.3199999999999363,0.148152,0.05999999999994543,-1.4681519999999364,-1.0476190476190046,-1.1651999999999578,5.185734293850065,1.259999999999991,0.005,0.0012148713456976254,,HYP-FCR-03,baseline,1037.146858770013,1035.6787067700132,0.9999999999990905,0.526778571428557,0.01898330824823069,7,7,12.000000000000455,0.6299999999999955,35.0,2023,12
QQQ,2023-06-20,long,368.32,365.8,2023-06-20T16:20:00+00:00,2023-06-20T16:25:00+00:00,366.65,0.4200000000000159,365.58,368.78999999999996,2,2,2023-06-20T16:30:00+00:00,366.67,2023-06-20T19:59:00+00:00,366.925,FORCED_SESSION_CLOSE,0.5099999999999909,0.14671900000000002,0.06000000000005912,0.36328099999999086,0.23831775700934307,0.16975747663551083,5.178393533850066,2.1399999999999864,0.005,0.002066277877503185,,HYP-FCR-03,baseline,1035.6787067700132,1036.041987770013,42.00000000000159,0.4592857142857148,0.91446345256613,1,1,18.000000000000682,1.0699999999999932,5.0,2023,12
SPY,2023-06-20,long,438.17,437.09,2023-06-20T16:30:00+00:00,2023-06-20T16:40:00+00:00,437.7001,0.11000000000001364,437.19,438.72030000000007,2,2,2023-06-20T16:45:00+00:00,437.72499999999997,2023-06-20T19:18:00+00:00,437.18,STOP_LOSS,-1.0899999999999181,0.174981,0.06979999999987285,-1.2649809999999182,-1.068417957263154,-1.2399343266024918,4.85667766070004,1.0202000000000453,0.005,0.0010503064762311136,,HYP-FCR-03,baseline,971.335532140008,970.0705511400081,11.000000000001364,0.3839357142857125,0.2865062975572916,2,2,2.9999999999972715,0.5101000000000226,10.0,2023,12
SPY,2023-06-21,long,436.28,434.84,2023-06-21T14:10:00+00:00,2023-06-21T14:15:00+00:00,435.24,0.11000000000001364,434.675,436.37,2,2,2023-06-21T14:20:00+00:00,435.24,2023-06-21T14:49:00+00:00,434.665,STOP_LOSS,-1.1499999999999773,0.173981,0.01999999999998181,-1.3239809999999772,-1.0176991150442318,-1.171664601769896,4.85035275570004,1.1299999999999955,0.005,0.0011648637294184854,,HYP-FCR-03,baseline,970.0705511400081,968.7465701400081,11.000000000001364,0.6115700000000004,0.17986493778310508,1,1,17.999999999994998,0.5649999999999977,5.0,2023,10
QQQ,2023-06-21,long,366.18,363.71,2023-06-21T18:20:00+00:00,2023-06-21T18:30:00+00:00,364.34,0.01999999999998181,363.85,365.3199999999999,2,2,2023-06-21T18:35:00+00:00,364.36,2023-06-21T18:41:00+00:00,363.84000000000003,STOP_LOSS,-1.0399999999999636,0.14564000000000002,0.06000000000005912,-1.1856399999999636,-1.0612244897959846,-1.2098367346939582,5.180209938850066,0.9799999999999045,0.005,0.0009459076095065086,,HYP-FCR-03,baseline,1036.041987770013,1034.8563477700131,1.999999999998181,0.4135785714285711,0.04835840486342992,2,2,2.9999999999972715,0.48999999999995225,10.0,2023,14
QQQ,2023-06-22,short,363.42,360.22,2023-06-22T14:40:00+00:00,2023-06-22T14:45:00+00:00,363.22,0.4200000000000159,364.2,361.2600000000001,2,2,2023-06-22T14:50:00+00:00,363.1899,2023-06-22T15:05:00+00:00,364.21,STOP_LOSS,-2.0401999999999134,0.14547998,0.08019999999999072,-2.1856799799999136,-1.0409183673469355,-1.1151428469387754,5.174281738850066,1.9599999999999227,0.005,0.0018939826810005845,,HYP-FCR-03,baseline,1034.8563477700131,1032.6706677900133,42.00000000000159,0.7508071428571432,0.5593979812202315,1,1,39.999999999997726,0.9799999999999613,5.0,2023,10
SPY,2023-06-22,short,435.0899,433.6,2023-06-22T14:40:00+00:00,2023-06-22T14:45:00+00:00,434.65,0.3299999999999841,435.59,432.77,2,2,2023-06-22T14:50:00+00:00,434.61,2023-06-22T15:40:00+00:00,435.59999999999997,STOP_LOSS,-1.9799999999999045,0.174042,0.09999999999990905,-2.1540419999999045,-1.0531914893616539,-1.1457670212765478,4.84373285070004,1.8799999999999955,0.005,0.0019406520321700736,,HYP-FCR-03,baseline,968.7465701400081,966.5925281400082,32.99999999999841,0.5725142857142893,0.5764048308214078,1,1,2.010000000001355,0.9399999999999977,5.0,2023,10
SPY,2023-06-23,short,433.589,432.7117,2023-06-23T14:50:00+00:00,2023-06-23T14:55:00+00:00,433.575,0.125,434.13,432.465,2,2,2023-06-23T15:00:00+00:00,433.57,2023-06-23T16:15:00+00:00,434.14,STOP_LOSS,-1.1399999999999864,0.173542,0.029999999999972715,-1.3135419999999864,-1.027027027027002,-1.1833711711711443,4.832962640700041,1.1100000000000136,0.005,0.0011483639358727106,,HYP-FCR-03,baseline,966.5925281400082,965.2789861400082,12.5,0.5017071428571366,0.24914933299164593,1,1,34.10000000000082,0.5550000000000068,5.0,2023,11
QQQ,2023-06-23,short,363.3,360.8227,2023-06-23T18:35:00+00:00,2023-06-23T18:40:00+00:00,362.8,0.160000000000025,363.67,361.06,2,2,2023-06-23T18:45:00+00:00,362.78000000000003,2023-06-23T19:59:00+00:00,362.56,FORCED_SESSION_CLOSE,0.44000000000005457,0.145068,0.05999999999994543,0.2949320000000546,0.25287356321842086,0.16950114942531785,5.163353338950067,1.740000000000009,0.005,0.001684951509006961,,HYP-FCR-03,baseline,1032.6706677900133,1032.9655997900134,16.0000000000025,0.3844928571428576,0.41613256794671044,1,1,45.990000000000464,0.8700000000000045,5.0,2023,14
QQQ,2023-06-26,short,364.555,361.78,2023-06-26T14:15:00+00:00,2023-06-26T14:35:00+00:00,362.68,0.410000000000025,364.21,359.62000000000006,2,2,2023-06-26T14:40:00+00:00,362.65000000000003,2023-06-26T16:08:00+00:00,359.63000000000005,TAKE_PROFIT,6.039999999999964,0.14445600000000003,0.07999999999992724,5.895543999999964,1.9738562091503502,1.9266483660130944,5.1648279989500665,3.0599999999999454,0.005,0.0029623445355992477,,HYP-FCR-03,baseline,1032.9655997900134,1038.8611437900133,41.0000000000025,0.6750357142857045,0.6073752711497205,4,4,28.499999999996817,1.5299999999999727,20.0,2023,10
SPY,2023-06-26,short,434.44,432.6,2023-06-26T14:15:00+00:00,2023-06-26T14:35:00+00:00,432.89,0.22000000000002728,434.0,430.66999999999996,2,2,2023-06-26T14:40:00+00:00,432.875,2023-06-26T19:59:00+00:00,431.44,FORCED_SESSION_CLOSE,2.8700000000000045,0.17286300000000002,0.049999999999954525,2.6971370000000046,1.292792792792779,1.2149265765765638,4.826394930700041,2.2200000000000273,0.005,0.0022998532360861204,,HYP-FCR-03,baseline,965.2789861400082,967.9761231400082,22.00000000000273,0.5120857142857095,0.429615577749318,4,4,12.000000000000455,1.1100000000000136,20.0,2023,10
QQQ,2023-06-27,short,360.51,358.77,2023-06-27T14:00:00+00:00,2023-06-27T14:10:00+00:00,359.04,0.339999999999975,360.284,356.5520000000001,2,2,2023-06-27T14:15:00+00:00,359.0,2023-06-27T15:27:00+00:00,360.294,STOP_LOSS,-2.5879999999999654,0.1438588,0.10000000000002274,-2.7318587999999653,-1.0401929260450262,-1.098013987138275,5.1943057189500665,2.4879999999999427,0.005,0.0023949302703950644,,HYP-FCR-03,baseline,1038.8611437900133,1036.1292849900133,33.9999999999975,0.974099999999996,0.34904013961603164,2,2,116.0000000000025,1.2439999999999714,10.0,2023,10
SPY,2023-06-27,long,433.3,432.23,2023-06-27T14:10:00+00:00,2023-06-27T14:20:00+00:00,432.84,0.15999999999996817,432.38,433.75999999999993,2,2,2023-06-27T14:25:00+00:00,432.8462,2023-06-27T15:28:00+00:00,433.74999999999994,TAKE_PROFIT,1.8075999999998658,0.17331923999999999,0.03240000000005239,1.6342807599998657,1.9647826086955937,1.7763921304347157,4.839880615700041,0.9199999999999591,0.005,0.0009504366667801475,,HYP-FCR-03,baseline,967.9761231400082,969.6104039000081,15.999999999996817,0.5379272727272812,0.29743797742168965,2,2,35.000000000002274,0.45999999999997954,10.0,2023,10
QQQ,2023-06-28,short,363.89,361.9038,2023-06-28T16:40:00+00:00,2023-06-28T16:45:00+00:00,363.44,0.1443999999999619,364.45,361.42,2,2,2023-06-28T16:50:00+00:00,363.42,2023-06-28T17:30:00+00:00,364.46,STOP_LOSS,-2.0799999999999272,0.145576,0.05999999999994543,-2.2255759999999274,-1.0297029702970029,-1.101770297029677,5.1806464249500666,2.019999999999982,0.005,0.0019495636589592694,,HYP-FCR-03,baseline,1036.1292849900133,1033.9037089900135,14.43999999999619,0.6105571428571344,0.23650529960919706,1,1,54.000000000002046,1.009999999999991,5.0,2023,12
SPY,2023-06-28,short,435.29,434.41,2023-06-28T16:50:00+00:00,2023-06-28T16:55:00+00:00,435.17,0.00960000000003447,435.45,434.61000000000007,2,2,2023-06-28T17:00:00+00:00,435.13,2023-06-28T17:21:00+00:00,435.46,STOP_LOSS,-0.6599999999999682,0.174118,0.10000000000002274,-0.8341179999999682,-1.1785714285714866,-1.4894964285715169,4.848052019500041,0.5599999999999454,0.005,0.0005775515585924921,,HYP-FCR-03,baseline,969.6104039000081,968.7762859000081,0.960000000003447,0.4948785714285618,0.0193986980933974,1,1,23.999999999995225,0.2799999999999727,5.0,2023,13
QQQ,2023-06-29,long,364.89,363.3,2023-06-29T15:05:00+00:00,2023-06-29T15:10:00+00:00,364.01,0.2949999999999591,363.1184,365.79319999999996,2,2,2023-06-29T15:15:00+00:00,364.0494,2023-06-29T17:05:00+00:00,363.1084,STOP_LOSS,-1.8819999999999482,0.14543156,0.0987999999999829,-2.027431559999948,-1.055406011664415,-1.1369625168236808,5.169518544950067,1.7831999999999653,0.005,0.0017247254115587947,,HYP-FCR-03,baseline,1033.9037089900135,1031.8762774300135,29.499999999995907,0.755342857142864,0.3905511215341557,1,1,4.000000000002046,0.8915999999999826,5.0,2023,11
SPY,2023-06-29,short,436.98,435.54,2023-06-29T18:00:00+00:00,2023-06-29T18:05:00+00:00,436.57,0.16999999999995907,437.59999999999997,434.51000000000005,2,2,2023-06-29T18:10:00+00:00,436.5725,2023-06-29T19:04:00+00:00,437.60999999999996,STOP_LOSS,-2.074999999999932,0.17483649999999998,0.024999999999977263,-2.249836499999932,-1.007281553398052,-1.092153640776695,4.8438814295000405,2.0599999999999454,0.005,0.0021263939156873288,,HYP-FCR-03,baseline,968.7762859000081,966.5264494000082,16.999999999995907,0.35142142857142744,0.483749669708619,1,1,11.50000000000091,1.0299999999999727,5.0,2023,14
QQQ,2023-06-30,short,369.41,367.23,2023-06-30T15:25:00+00:00,2023-06-30T15:30:00+00:00,369.045,0.10499999999996135,369.8036,367.5278,2,2,2023-06-30T15:35:00+00:00,369.04,2023-06-30T16:48:00+00:00,369.8136,STOP_LOSS,-1.5471999999999753,0.14777072000000002,0.029999999999972715,-1.6949707199999753,-1.019773266543615,-1.1171702610071002,5.159381387150067,1.5172000000000025,0.005,0.001470331311209842,,HYP-FCR-03,baseline,1031.8762774300135,1030.1813067100136,10.499999999996135,0.47958571428571467,0.2189389651781981,1,1,30.989999999997053,0.7586000000000013,5.0,2023,11
SPY,2023-06-30,short,442.6695,441.11,2023-06-30T15:30:00+00:00,2023-06-30T15:35:00+00:00,442.28,0.01999999999998181,442.82,441.19999999999993,2,2,2023-06-30T15:40:00+00:00,442.27,2023-06-30T16:20:00+00:00,442.83,STOP_LOSS,-1.1200000000000045,0.17701999999999998,0.03999999999996362,-1.2970200000000045,-1.037037037037002,-1.200944444444403,4.832632247000041,1.080000000000041,0.005,0.001117403461302558,,HYP-FCR-03,baseline,966.5264494000082,965.2294294000083,1.999999999998181,0.3742714285714328,0.05343715408980155,1,1,1.5499999999974534,0.5400000000000205,5.0,2023,11
QQQ,2023-07-05,short,371.15,368.66,2023-07-05T15:10:00+00:00,2023-07-05T15:15:00+00:00,370.651,0.12999999999999545,371.36,369.233,2,2,2023-07-05T15:20:00+00:00,370.65000000000003,2023-07-05T19:59:00+00:00,370.28999999999996,FORCED_SESSION_CLOSE,0.720000000000141,0.14818800000000001,0.021999999999934516,0.571812000000141,0.5077574047955837,0.4032524682652598,5.150906533550068,1.4180000000000064,0.005,0.0013764567370461518,,HYP-FCR-03,baseline,1030.1813067100136,1030.7531187100137,12.999999999999545,0.4691428571428519,0.27710109622411033,1,1,26.99000000000069,0.7090000000000032,5.0,2023,11
SPY,2023-07-05,short,443.32,441.9,2023-07-05T16:30:00+00:00,2023-07-05T16:35:00+00:00,442.95,0.06999999999999318,443.2614,442.3272,2,2,2023-07-05T16:40:00+00:00,442.93,2023-07-05T17:01:00+00:00,443.27139999999997,STOP_LOSS,-0.6827999999999292,0.17724028,0.05999999999994543,-0.8600402799999293,-1.096339113680069,-1.3809253050737824,4.826147147000041,0.6227999999999838,0.005,0.0006452351959337995,,HYP-FCR-03,baseline,965.2294294000083,964.3693891200083,6.999999999999318,0.253935714285713,0.27566031897834364,1,1,4.000000000002046,0.3113999999999919,5.0,2023,12
QQQ,2023-07-06,long,366.96,364.94,2023-07-06T14:20:00+00:00,2023-07-06T14:30:00+00:00,365.63,0.2300000000000182,365.04,366.80999999999995,2,2,2023-07-06T14:35:00+00:00,365.64,2023-07-06T14:56:00+00:00,365.03000000000003,STOP_LOSS,-1.2199999999999136,0.14613400000000001,0.03999999999996362,-1.3661339999999136,-1.0338983050847164,-1.1577406779660775,5.153765593550069,1.17999999999995,0.005,0.0011447940137951933,,HYP-FCR-03,baseline,1030.7531187100137,1029.3869847100138,23.00000000000182,0.7832923076923023,0.29363239973290817,2,2,7.999999999998408,0.589999999999975,10.0,2023,10
SPY,2023-07-06,long,439.62,438.04,2023-07-06T15:55:00+00:00,2023-07-06T16:05:00+00:00,438.55,0.07999999999998408,437.95,439.75000000000006,2,2,2023-07-06T16:10:00+00:00,438.56,2023-07-06T17:57:00+00:00,439.74000000000007,TAKE_PROFIT,2.3600000000001273,0.17566,0.03999999999996362,2.184340000000127,1.9666666666666983,1.8202833333333703,4.821846945600042,1.2000000000000455,0.005,0.0012443364685134305,,HYP-FCR-03,baseline,964.3693891200083,966.5537291200085,7.999999999998408,0.3292500000000018,0.24297646165522746,2,2,19.990000000001373,0.6000000000000227,10.0,2023,12
QQQ,2023-07-07,short,368.52,366.45,2023-07-07T14:05:00+00:00,2023-07-07T14:20:00+00:00,367.5696,0.25,368.26,366.18879999999996,2,2,2023-07-07T14:25:00+00:00,367.5301,2023-07-07T15:48:00+00:00,368.27,STOP_LOSS,-1.4797999999999547,0.14716002,0.0989999999999327,-1.6269600199999548,-1.0716975666279918,-1.1782734791424745,5.146934923550069,1.380800000000022,0.005,0.0013413808611432987,,HYP-FCR-03,baseline,1029.3869847100138,1027.760024690014,25.0,0.7236363636363721,0.34547738693466934,3,3,5.000000000001137,0.690400000000011,15.0,2023,10
SPY,2023-07-07,short,440.2,438.47,2023-07-07T19:35:00+00:00,2023-07-07T19:40:00+00:00,439.53,0.12000000000000455,440.545,437.4999999999999,2,2,2023-07-07T19:45:00+00:00,439.52500000000003,2023-07-07T19:59:00+00:00,438.531,FORCED_SESSION_CLOSE,1.9880000000000564,0.17561120000000002,0.02999999999985903,1.8123888000000563,0.9793103448275723,0.8928023645320095,4.8327686456000425,2.0300000000000864,0.005,0.0021002453757519354,,HYP-FCR-03,baseline,966.5537291200085,968.3661179200085,12.000000000000455,0.33607857142857256,0.3570593611187983,1,1,33.50000000000364,1.0150000000000432,5.0,2023,15
SPY,2023-07-10,short,439.348,438.05,2023-07-10T14:30:00+00:00,2023-07-10T14:35:00+00:00,438.955,0.18000000000000682,439.71999999999997,437.425,2,2,2023-07-10T14:40:00+00:00,438.94,2023-07-10T19:59:00+00:00,439.67,FORCED_SESSION_CLOSE,-1.4600000000000364,0.17572200000000002,0.049999999999954525,-1.6357220000000363,-0.9542483660131127,-1.0690993464052716,4.841830589600042,1.5299999999999727,0.005,0.0015799809304422171,,HYP-FCR-03,baseline,968.3661179200085,966.7303959200085,18.000000000000682,0.582349999999991,0.3090924701640072,1,1,4.199999999997317,0.7649999999999864,5.0,2023,10
QQQ,2023-07-10,long,367.05,363.93,2023-07-10T16:20:00+00:00,2023-07-10T16:25:00+00:00,364.4737,0.2949999999999591,363.528,366.3651,2,2,2023-07-10T16:30:00+00:00,364.5,2023-07-10T18:23:00+00:00,366.3551,TAKE_PROFIT,3.710199999999986,0.14617102,0.0725999999999658,3.564028979999986,1.9616157343766698,1.8843338162208054,5.13880012345007,1.891399999999976,0.005,0.0018403128693105643,,HYP-FCR-03,baseline,1027.760024690014,1031.3240536700139,29.499999999995907,0.5582357142857087,0.5284506033037079,1,1,8.030000000002246,0.945699999999988,5.0,2023,12
QQQ,2023-07-11,long,367.55,365.3799,2023-07-11T14:15:00+00:00,2023-07-11T14:20:00+00:00,365.785,0.3100000000000023,364.78000000000003,367.795,2,2,2023-07-11T14:25:00+00:00,365.78999999999996,2023-07-11T16:00:00+00:00,367.785,TAKE_PROFIT,3.990000000000123,0.146715,0.02999999999985903,3.843285000000123,1.9850746268657418,1.9120820895523085,5.1566202683500695,2.009999999999991,0.005,0.0019489509556645302,,HYP-FCR-03,baseline,1031.3240536700139,1035.167338670014,31.000000000000227,0.775909090909088,0.3995313415348609,1,1,66.9900000000041,1.0049999999999955,5.0,2023,10
SPY,2023-07-11,long,441.0471,439.65,2023-07-11T14:15:00+00:00,2023-07-11T14:20:00+00:00,440.22,0.20999999999997954,439.53000000000003,441.6,2,2,2023-07-11T14:25:00+00:00,440.23,2023-07-11T16:00:00+00:00,441.59000000000003,TAKE_PROFIT,2.7200000000000273,0.17636400000000002,0.03999999999996362,2.5436360000000273,1.9710144927536495,1.8432144927536491,4.833651979600043,1.3799999999999955,0.005,0.0014274920968908717,,HYP-FCR-03,baseline,966.7303959200085,969.2740319200085,20.999999999997954,0.5236181818181855,0.40105559220802084,1,1,15.989999999999327,0.6899999999999977,5.0,2023,10
QQQ,2023-07-12,short,373.29,371.81,2023-07-12T14:55:00+00:00,2023-07-12T15:00:00+00:00,372.93,0.13240000000001828,373.78999999999996,371.2100000000001,2,2,2023-07-12T15:05:00+00:00,372.91,2023-07-12T15:40:00+00:00,371.2200000000001,TAKE_PROFIT,3.3799999999998818,0.14882600000000004,0.05999999999994543,3.2311739999998816,1.9651162790697974,1.8785895348837465,5.17583669335007,1.7199999999999136,0.005,0.0016615671068310313,,HYP-FCR-03,baseline,1035.167338670014,1038.3985126700138,13.240000000001828,0.4869214285714309,0.27191245287451,1,1,10.99999999999568,0.8599999999999568,5.0,2023,11
SPY,2023-07-12,short,447.07,445.8318,2023-07-12T15:20:00+00:00,2023-07-12T15:30:00+00:00,446.48,0.0999999999999659,447.09999999999997,445.2400000000001,2,2,2023-07-12T15:35:00+00:00,446.47,2023-07-12T15:40:00+00:00,445.2500000000001,TAKE_PROFIT,2.439999999999827,0.17834400000000003,0.03999999999996362,2.261655999999827,1.9677419354838976,1.8239161290322725,4.846370159600043,1.2399999999998954,0.005,0.001279307976036058,,HYP-FCR-03,baseline,969.2740319200085,971.5356879200083,9.99999999999659,0.3238571428571423,0.308778120864474,2,2,3.000000000002956,0.6199999999999477,10.0,2023,11
SPY,2023-07-14,short,451.09,450.35,2023-07-14T14:20:00+00:00,2023-07-14T14:30:00+00:00,450.38,0.19499999999999318,451.135,448.87,2,2,2023-07-14T14:35:00+00:00,450.36,2023-07-14T19:00:00+00:00,448.88,TAKE_PROFIT,2.9600000000000364,0.179848,0.05999999999994543,2.7801520000000366,1.9602649006622876,1.8411602649006975,4.857678439600042,1.509999999999991,0.005,0.0015542403833180827,,HYP-FCR-03,baseline,971.5356879200083,974.3158399200083,19.499999999999318,0.45526153846154,0.4283252230332358,2,2,11.50000000000091,0.7549999999999955,10.0,2023,10
QQQ,2023-07-14,short,381.768,379.58,2023-07-14T14:35:00+00:00,2023-07-14T14:50:00+00:00,381.12,0.07499999999998863,381.69,379.98,2,2,2023-07-14T14:55:00+00:00,381.105,2023-07-14T15:04:00+00:00,381.7,STOP_LOSS,-1.1899999999999409,0.15256100000000003,0.049999999999954525,-1.3425609999999408,-1.0438596491227676,-1.1776850877192604,5.191992563350069,1.1399999999999864,0.005,0.0010978444076048671,,HYP-FCR-03,baseline,1038.3985126700138,1037.0559516700139,7.499999999998863,0.7063928571428651,0.10617321401484696,3,3,39.200000000005275,0.5699999999999932,15.0,2023,10
QQQ,2023-07-17,short,381.0801,379.31,2023-07-17T16:25:00+00:00,2023-07-17T16:30:00+00:00,380.7199,0.03899999999998727,381.25,379.6597,2,2,2023-07-17T16:35:00+00:00,380.72,2023-07-17T16:51:00+00:00,381.26,STOP_LOSS,-1.0799999999999272,0.152396,0.020200000000045293,-1.2323959999999272,-1.0186757215618922,-1.1624184116203706,5.185279758350069,1.060200000000009,0.005,0.0010223170681318836,,HYP-FCR-03,baseline,1037.0559516700139,1035.823555670014,3.8999999999987267,0.3281214285714254,0.11885843655437382,1,1,2.9899999999997817,0.5301000000000045,5.0,2023,12
SPY,2023-07-19,short,456.12,455.01,2023-07-19T14:25:00+00:00,2023-07-19T14:30:00+00:00,455.7499,0.1099999999999568,456.315,454.6197000000001,2,2,2023-07-19T14:35:00+00:00,455.73,2023-07-19T14:55:00+00:00,454.62970000000007,TAKE_PROFIT,2.200599999999895,0.18207194000000002,0.059799999999995634,2.0185280599998947,1.9470890107945509,1.7859919129357569,4.871579199600042,1.1301999999999452,0.005,0.001159993457658181,,HYP-FCR-03,baseline,974.3158399200083,976.3343679800082,10.99999999999568,0.39135384615384683,0.28107555625431163,1,1,21.999999999997044,0.5650999999999726,5.0,2023,10
QQQ,2023-07-19,long,387.38,385.955,2023-07-19T14:15:00+00:00,2023-07-19T14:45:00+00:00,387.09,0.1449999999999818,386.35,388.5699999999999,2,2,2023-07-19T14:50:00+00:00,387.09999999999997,2023-07-19T14:55:00+00:00,386.34000000000003,STOP_LOSS,-1.5199999999998681,0.15468800000000002,0.03999999999996362,-1.674687999999868,-1.027027027027004,-1.1315459459459298,5.17911777835007,1.4799999999999045,0.005,0.0014288147743874956,,HYP-FCR-03,baseline,1035.823555670014,1034.1488676700142,14.499999999998181,0.5553500000000083,0.26109660574408866,6,6,16.499999999996362,0.7399999999999523,30.0,2023,10
SPY,2023-07-20,long,455.1,454.08,2023-07-20T15:35:00+00:00,2023-07-20T15:40:00+00:00,454.18,0.07999999999998408,453.73,455.08,2,2,2023-07-20T15:45:00+00:00,454.19,2023-07-20T16:32:00+00:00,453.72,STOP_LOSS,-0.9399999999999409,0.18158200000000002,0.03999999999996362,-1.121581999999941,-1.0444444444444052,-1.2462022222221882,4.881671839900041,0.8999999999999773,0.005,0.0009218153426904727,,HYP-FCR-03,baseline,976.3343679800082,975.2127859800082,7.999999999998408,0.373571428571438,0.2141491395793019,1,1,13.999999999998636,0.44999999999998863,5.0,2023,11
QQQ,2023-07-21,long,379.92,377.54,2023-07-21T14:10:00+00:00,2023-07-21T14:15:00+00:00,377.92,0.05000000000001137,377.0699,379.6202,2,2,2023-07-21T14:20:00+00:00,377.9391,2023-07-21T14:23:00+00:00,377.0599,STOP_LOSS,-1.7583999999999378,0.15099980000000002,0.05819999999994252,-1.909399799999938,-1.0342312669097415,-1.123044230090544,5.170744338350071,1.7001999999999953,0.005,0.0016440573046612,,HYP-FCR-03,baseline,1034.1488676700142,1032.2394678700143,5.000000000001137,1.0583300000000064,0.0472442432889657,1,1,45.33000000000129,0.8500999999999976,5.0,2023,10
SPY,2023-07-21,long,454.07,452.58,2023-07-21T14:05:00+00:00,2023-07-21T14:15:00+00:00,453.54,0.2699999999999818,452.64,455.3400000000001,2,2,2023-07-21T14:20:00+00:00,453.53999999999996,2023-07-21T14:25:00+00:00,452.63,STOP_LOSS,-1.8199999999999363,0.181234,0.020000000000095497,-2.0012339999999362,-1.0111111111110374,-1.111796666666589,4.876063929900041,1.8000000000000682,0.005,0.001845751025701757,,HYP-FCR-03,baseline,975.2127859800082,973.2115519800083,26.99999999999818,0.5252100000000098,0.5140800822527689,2,2,7.499999999998863,0.9000000000000341,10.0,2023,10
SPY,2023-07-24,short,454.45,452.75,2023-07-24T15:25:00+00:00,2023-07-24T15:30:00+00:00,454.12,0.1027000000000271,454.53999999999996,453.2800000000001,2,2,2023-07-24T15:35:00+00:00,454.1,2023-07-24T16:01:00+00:00,454.54999999999995,STOP_LOSS,-0.8999999999998636,0.18173,0.05999999999994543,-1.0817299999998635,-1.0714285714285134,-1.2877738095237725,4.866057759900041,0.8399999999999181,0.005,0.000863121690541928,,HYP-FCR-03,baseline,973.2115519800083,972.1298219800084,10.27000000000271,0.34801428571427906,0.2951028282912046,1,1,7.999999999998408,0.4199999999999591,5.0,2023,11
QQQ,2023-07-25,short,378.85,376.93,2023-07-25T14:00:00+00:00,2023-07-25T14:30:00+00:00,377.77,0.08100000000001728,378.4899,376.3302,2,2,2023-07-25T14:35:00+00:00,377.755,2023-07-25T15:22:00+00:00,378.49989999999997,STOP_LOSS,-1.4897999999999456,0.15125097999999998,0.049999999999954525,-1.6410509799999455,-1.034727045422944,-1.1397770384775356,5.161197339350072,1.439799999999991,0.005,0.0013948313785859805,,HYP-FCR-03,baseline,1032.2394678700143,1030.5984168900143,8.100000000001728,0.5756153846153893,0.1407189629827898,6,6,6.000000000000227,0.7198999999999955,30.0,2023,10
QQQ,2023-07-26,long,378.21,376.43,2023-07-26T15:35:00+00:00,2023-07-26T15:40:00+00:00,376.695,0.06999999999999318,376.02,378.045,2,2,2023-07-26T15:45:00+00:00,376.71,2023-07-26T16:49:00+00:00,376.01,STOP_LOSS,-1.3999999999999773,0.150544,0.049999999999954525,-1.5505439999999773,-1.0370370370370028,-1.1485511111110749,5.152992084450071,1.3500000000000227,0.005,0.0013099185656367015,,HYP-FCR-03,baseline,1030.5984168900143,1029.0478728900143,6.999999999999318,0.43778571428571567,0.15989557839776494,1,1,12.000000000000455,0.6750000000000114,5.0,2023,11
SPY,2023-07-26,long,455.16,454.42,2023-07-26T15:30:00+00:00,2023-07-26T15:40:00+00:00,454.6799,0.060000000000002274,454.35,455.3396999999999,2,2,2023-07-26T15:45:00+00:00,454.685,2023-07-26T16:40:00+00:00,454.34000000000003,STOP_LOSS,-0.6899999999999409,0.18180500000000002,0.030200000000036198,-0.8718049999999409,-1.0457714458927563,-1.3213170657776097,4.860649109900042,0.6597999999999047,0.005,0.0006787159339027801,,HYP-FCR-03,baseline,972.1298219800084,971.2580169800084,6.000000000000227,0.2267071428571512,0.26465862188474776,2,2,9.000000000003183,0.32989999999995234,10.0,2023,11
QQQ,2023-07-27,long,384.71,382.7769,2023-07-27T15:25:00+00:00,2023-07-27T15:30:00+00:00,383.04,0.28000000000002956,382.0902,384.9396000000001,2,2,2023-07-27T15:35:00+00:00,383.03,2023-07-27T15:49:00+00:00,382.0802,STOP_LOSS,-1.899599999999964,0.15302204,0.04000000000007731,-2.052622039999964,-0.9999999999999402,-1.0805548747104023,5.145239364450072,1.8996000000000777,0.005,0.0018459782581982062,,HYP-FCR-03,baseline,1029.0478728900143,1026.9952508500144,28.000000000002956,0.6521285714285625,0.42936318429762615,1,1,39.690000000001646,0.9498000000000388,5.0,2023,11
SPY,2023-07-28,short,456.59,455.16,2023-07-28T17:20:00+00:00,2023-07-28T17:25:00+00:00,456.1512,0.08990000000000009,456.83,454.7936000000001,2,2,2023-07-28T17:30:00+00:00,456.14,2023-07-28T18:22:00+00:00,456.84,STOP_LOSS,-1.3999999999999773,0.182596,0.04240000000004329,-1.5825959999999772,-1.0312315851502987,-1.1657307012375178,4.856290084900042,1.357599999999934,0.005,0.0013977748201463522,,HYP-FCR-03,baseline,971.2580169800084,969.6754209800084,8.990000000000009,0.31610714285713876,0.28439724324935434,1,1,6.000000000000227,0.678799999999967,5.0,2023,13
QQQ,2023-07-28,short,382.69,380.22,2023-07-28T17:30:00+00:00,2023-07-28T17:35:00+00:00,382.5534,0.21999999999997044,383.13,381.40020000000004,2,2,2023-07-28T17:40:00+00:00,382.54,2023-07-28T18:01:00+00:00,383.14,STOP_LOSS,-1.1999999999999318,0.15313600000000002,0.04679999999996198,-1.3531359999999317,-1.0405827263267111,-1.173374956642358,5.134976254250072,1.1531999999999698,0.005,0.0011228873736713967,,HYP-FCR-03,baseline,1026.9952508500144,1025.6421148500144,21.999999999997044,0.4624999999999976,0.47567567567561425,1,1,55.00000000000114,0.5765999999999849,5.0,2023,13
SPY,2023-07-31,long,458.16,456.5,2023-07-31T17:05:00+00:00,2023-07-31T17:10:00+00:00,456.851,0.18999999999999773,456.42,457.71299999999997,2,2,2023-07-31T17:15:00+00:00,456.86,2023-07-31T17:18:00+00:00,456.41,STOP_LOSS,-0.8999999999999773,0.182654,0.038000000000010914,-1.0826539999999774,-1.0440835266821489,-1.255979118329489,4.848377104900043,0.8619999999999663,0.005,0.0008889572545097417,,HYP-FCR-03,baseline,969.6754209800084,968.5927669800085,18.999999999999773,0.26872142857142683,0.7070519124956767,1,1,12.000000000000455,0.4309999999999832,5.0,2023,13
QQQ,2023-08-01,long,382.589,381.56,2023-08-01T14:25:00+00:00,2023-08-01T14:30:00+00:00,382.26,0.3147000000000162,381.02,384.74,2,2,2023-08-01T14:35:00+00:00,382.25,2023-08-01T19:59:00+00:00,382.79,FORCED_SESSION_CLOSE,1.080000000000041,0.153008,0.03999999999996362,0.9269920000000409,0.43548387096775526,0.3737870967742073,5.1282105742500725,2.480000000000018,0.005,0.0024179974321380934,,HYP-FCR-03,baseline,1025.6421148500144,1026.5691068500144,31.47000000000162,0.686953846153852,0.45810937919915967,1,1,11.000000000001364,1.240000000000009,5.0,2023,10
SPY,2023-08-01,long,456.94,456.06,2023-08-01T16:50:00+00:00,2023-08-01T17:00:00+00:00,456.41,0.12999999999999545,456.03000000000003,457.17,2,2,2023-08-01T17:05:00+00:00,456.42,2023-08-01T17:39:00+00:00,456.02000000000004,STOP_LOSS,-0.7999999999999545,0.182488,0.03999999999996362,-0.9824879999999545,-1.0526315789473213,-1.2927473684210082,4.842963834900043,0.7599999999999909,0.005,0.0007846434806338762,,HYP-FCR-03,baseline,968.5927669800085,967.6102789800085,12.999999999999545,0.2534999999999944,0.5128205128205062,2,2,13.999999999998636,0.37999999999999545,10.0,2023,13
QQQ,2023-08-03,short,374.36,371.77,2023-08-03T14:00:00+00:00,2023-08-03T14:10:00+00:00,373.41,0.030100000000004457,374.03,372.17000000000013,2,2,2023-08-03T14:15:00+00:00,373.38,2023-08-03T14:27:00+00:00,372.1800000000001,TAKE_PROFIT,2.39999999999975,0.14911200000000005,0.08000000000004093,2.2508879999997498,1.9354838709677036,1.8152322580644675,5.132845534250072,1.2399999999998954,0.005,0.0012079069901146599,,HYP-FCR-03,baseline,1026.5691068500144,1028.8199948500142,3.0100000000004457,0.9038777777777732,0.033300962519519785,2,2,20.999999999997954,0.6199999999999477,10.0,2023,10
SPY,2023-08-03,long,449.0,447.63,2023-08-03T14:30:00+00:00,2023-08-03T14:40:00+00:00,448.3967,0.03999999999996362,447.42,450.3501,2,2,2023-08-03T14:45:00+00:00,448.405,2023-08-03T16:43:00+00:00,450.3401,TAKE_PROFIT,3.870200000000068,0.17974902,0.036599999999907595,3.690450980000068,1.9812634381079617,1.8892448960786787,4.8380513949000425,1.9533999999999878,0.005,0.0020187879794529824,,HYP-FCR-03,baseline,967.6102789800085,971.3007299600085,3.999999999996362,0.5986571428571535,0.06681620770289227,2,2,25.99999999999909,0.9766999999999939,10.0,2023,10
SPY,2023-08-04,long,451.87,450.15,2023-08-04T14:25:00+00:00,2023-08-04T14:30:00+00:00,451.015,0.009999999999990905,450.02,453.005,2,2,2023-08-04T14:35:00+00:00,451.03,2023-08-04T18:01:00+00:00,450.01,STOP_LOSS,-2.0399999999999636,0.180208,0.049999999999954525,-2.2202079999999635,-1.0251256281406806,-1.1156824120602782,4.856503649800043,1.990000000000009,0.005,0.002048799036815244,,HYP-FCR-03,baseline,971.3007299600085,969.0805219600086,0.9999999999990905,0.7587769230769325,0.013179104023669687,1,1,8.999999999997499,0.9950000000000045,5.0,2023,10
QQQ,2023-08-04,long,377.47,374.02,2023-08-04T14:15:00+00:00,2023-08-04T14:35:00+00:00,375.38,0.3901000000000181,374.63,376.88,2,2,2023-08-04T14:40:00+00:00,375.39,2023-08-04T15:44:00+00:00,376.87,TAKE_PROFIT,2.9600000000000364,0.150452,0.03999999999996362,2.8095480000000363,1.9733333333333576,1.8730320000000242,5.144099974250071,1.5,0.005,0.0014579809952261634,,HYP-FCR-03,baseline,1028.8199948500142,1031.629542850014,39.01000000000181,1.0931714285714318,0.35685162436947787,4,4,57.99999999999841,0.75,20.0,2023,10
QQQ,2023-08-07,long,374.85,372.45,2023-08-07T14:00:00+00:00,2023-08-07T14:10:00+00:00,373.17,0.08640000000002601,372.7,374.11000000000007,2,2,2023-08-07T14:15:00+00:00,373.1637,2023-08-07T14:41:00+00:00,374.1000000000001,TAKE_PROFIT,1.8726000000001477,0.14945274000000003,0.03260000000000218,1.7231472600001476,1.9921276595745097,1.833135382978774,5.15814771425007,0.9400000000000546,0.005,0.0009111797994880791,,HYP-FCR-03,baseline,1031.629542850014,1033.3526901100142,8.640000000002601,1.0436222222222176,0.08278857824247148,2,2,39.999999999997726,0.4700000000000273,10.0,2023,10
SPY,2023-08-07,long,449.65,448.2601,2023-08-07T14:05:00+00:00,2023-08-07T14:10:00+00:00,449.12,0.27499999999997726,448.355,450.65,2,2,2023-08-07T14:15:00+00:00,449.125,2023-08-07T15:19:00+00:00,448.345,STOP_LOSS,-1.5599999999999454,0.17949400000000001,0.029999999999972715,-1.7394939999999455,-1.0196078431372375,-1.1369241830065206,4.845402609800043,1.5299999999999727,0.005,0.0015788161719580119,,HYP-FCR-03,baseline,969.0805219600086,967.3410279600087,27.499999999997726,0.7383333333333439,0.37246049661395936,1,1,5.0700000000006185,0.7649999999999864,5.0,2023,10
SPY,2023-08-08,long,448.15,446.085,2023-08-08T16:05:00+00:00,2023-08-08T16:10:00+00:00,446.35,0.16500000000002046,445.68,447.69000000000005,2,2,2023-08-08T16:15:00+00:00,446.355,2023-08-08T18:18:00+00:00,447.68000000000006,TAKE_PROFIT,2.650000000000091,0.17880700000000002,0.029999999999972715,2.471193000000091,1.9776119402985284,1.8441738805970391,4.836705139800044,1.3400000000000318,0.005,0.001385240531796641,,HYP-FCR-03,baseline,967.3410279600087,969.8122209600087,16.500000000002046,0.3673857142857173,0.4491192596337573,1,1,7.499999999998863,0.6700000000000159,5.0,2023,12
QQQ,2023-08-08,long,372.66,370.12,2023-08-08T17:10:00+00:00,2023-08-08T17:20:00+00:00,370.37,0.03999999999996362,370.05,371.01,2,2,2023-08-08T17:25:00+00:00,370.40999999999997,2023-08-08T17:36:00+00:00,370.04,STOP_LOSS,-0.7399999999998954,0.14809000000000003,0.09999999999990905,-0.8880899999998955,-1.1562499999998612,-1.3876406249998663,5.1667634505500715,0.6399999999999864,0.005,0.0006193432369463807,,HYP-FCR-03,baseline,1033.3526901100142,1032.4646001100143,3.999999999996362,0.40715714285713844,0.09824216694142254,2,2,26.499999999998636,0.3199999999999932,10.0,2023,13
QQQ,2023-08-09,long,372.45,369.93,2023-08-09T18:10:00+00:00,2023-08-09T18:15:00+00:00,370.51,0.2699999999999818,369.85,371.8299999999999,2,2,2023-08-09T18:20:00+00:00,370.51,2023-08-09T19:07:00+00:00,369.84000000000003,STOP_LOSS,-1.3399999999999181,0.14807,0.01999999999998181,-1.488069999999918,-1.015151515151502,-1.1273257575757498,5.162323000550072,1.3199999999999363,0.005,0.0012784941971465981,,HYP-FCR-03,baseline,1032.4646001100143,1030.9765301100144,26.99999999999818,0.35892142857142467,0.7522537761945086,1,1,10.000000000002274,0.6599999999999682,5.0,2023,14
SPY,2023-08-09,long,449.1999,448.03,2023-08-09T18:10:00+00:00,2023-08-09T18:15:00+00:00,448.435,0.27520000000004075,447.74,449.825,2,2,2023-08-09T18:20:00+00:00,448.44,2023-08-09T19:07:00+00:00,447.73,STOP_LOSS,-1.419999999999959,0.17923400000000003,0.029999999999972715,-1.5992339999999592,-1.0215827338129302,-1.1505280575539387,4.849061104800044,1.3899999999999864,0.005,0.0014332671520926364,,HYP-FCR-03,baseline,969.8122209600087,968.2129869600088,27.520000000004075,0.30737142857143696,0.8953337051497642,1,1,16.999999999995907,0.6949999999999932,5.0,2023,14
QQQ,2023-08-10,short,373.98,370.3214,2023-08-10T14:15:00+00:00,2023-08-10T14:40:00+00:00,372.23,0.5409000000000219,373.68,369.33000000000004,2,2,2023-08-10T14:45:00+00:00,372.18,2023-08-10T15:50:00+00:00,369.34000000000003,TAKE_PROFIT,5.67999999999995,0.148304,0.12000000000000455,5.53169599999995,1.9586206896551706,1.9074813793103427,5.154882650550072,2.8999999999999773,0.005,0.0028128671364521956,,HYP-FCR-03,baseline,1030.9765301100144,1036.5082261100144,54.09000000000219,0.7781999999999901,0.695065535852003,5,5,27.99999999999727,1.4499999999999886,25.0,2023,10
SPY,2023-08-10,short,451.23,447.99,2023-08-10T14:30:00+00:00,2023-08-10T14:40:00+00:00,449.81,0.4300000000000068,451.11,447.21,2,2,2023-08-10T14:45:00+00:00,449.79,2023-08-10T15:51:00+00:00,447.21999999999997,TAKE_PROFIT,5.1400000000001,0.179402,0.05999999999994543,4.9605980000001,1.976923076923098,1.9079223076923297,4.841064934800044,2.6000000000000227,0.005,0.002685359559329494,,HYP-FCR-03,baseline,968.2129869600088,973.173584960009,43.00000000000068,0.6331000000000009,0.6791975991154734,2,2,7.999999999998408,1.3000000000000114,10.0,2023,10
QQQ,2023-08-11,short,366.608,365.05,2023-08-11T14:50:00+00:00,2023-08-11T14:55:00+00:00,366.23,0.2999999999999545,367.1295,364.43100000000004,2,2,2023-08-11T15:00:00+00:00,366.22,2023-08-11T19:59:00+00:00,366.21999999999997,FORCED_SESSION_CLOSE,1.1368683772161603e-13,0.146488,0.03999999999996362,-0.14648799999988632,6.319446232441213e-14,-0.08142745969977104,5.182541130550073,1.7989999999999782,0.005,0.001735635043391381,,HYP-FCR-03,baseline,1036.5082261100144,1036.3617381100146,29.999999999995453,0.7647642857142907,0.3922777326346434,1,1,46.19000000000142,0.8994999999999891,5.0,2023,11
QQQ,2023-08-15,long,370.169,368.1399,2023-08-15T15:50:00+00:00,2023-08-15T16:00:00+00:00,368.5508,0.08000000000004093,368.17,369.3123999999999,2,2,2023-08-15T16:05:00+00:00,368.57,2023-08-15T16:06:00+00:00,368.16,STOP_LOSS,-0.8199999999999363,0.147346,0.058400000000006,-0.9673459999999363,-1.0766806722689224,-1.2701496848739822,5.181808690550073,0.7615999999999303,0.005,0.0007348785390213653,,HYP-FCR-03,baseline,1036.3617381100146,1035.3943921100147,8.000000000004093,0.456700000000004,0.1751696956427419,2,2,3.9899999999988722,0.38079999999996517,10.0,2023,12
QQQ,2023-08-16,short,367.03,365.2,2023-08-16T14:20:00+00:00,2023-08-16T14:30:00+00:00,366.5,0.05000000000001137,367.25,365.0,2,2,2023-08-16T14:35:00+00:00,366.47,2023-08-16T15:05:00+00:00,367.26,STOP_LOSS,-1.5799999999999272,0.14674600000000002,0.07999999999992724,-1.7267459999999273,-1.0533333333332848,-1.1511639999999514,5.176971960550073,1.5,0.005,0.0014487233187956258,,HYP-FCR-03,baseline,1035.3943921100147,1033.6676461100149,5.000000000001137,0.7470384615384572,0.06693095814242409,2,2,40.00000000000341,0.75,10.0,2023,10
SPY,2023-08-17,long,441.43,439.8,2023-08-17T14:45:00+00:00,2023-08-17T14:50:00+00:00,440.5278,0.12999999999999545,439.71930000000003,442.1448,2,2,2023-08-17T14:55:00+00:00,440.53,2023-08-17T15:03:00+00:00,439.70930000000004,STOP_LOSS,-1.6413999999998623,0.17604786,0.0243999999999005,-1.8174478599998622,-1.0150896722324683,-1.1239628076684633,4.865867924800045,1.6169999999999618,0.005,0.00166157407577643,,HYP-FCR-03,baseline,973.173584960009,971.356137100009,12.999999999999545,0.5262857142857139,0.24701411509228252,1,1,10.000000000002274,0.8084999999999809,5.0,2023,10
QQQ,2023-08-17,long,364.31,361.87,2023-08-17T16:20:00+00:00,2023-08-17T16:25:00+00:00,362.655,0.2599999999999909,361.825,364.31499999999994,2,2,2023-08-17T16:30:00+00:00,362.67,2023-08-17T17:25:00+00:00,361.815,STOP_LOSS,-1.7100000000000364,0.144897,0.05000000000006821,-1.8548970000000364,-1.0301204819277525,-1.1174078313253446,5.1683382305500745,1.6599999999999682,0.005,0.0016059320481269003,,HYP-FCR-03,baseline,1033.6676461100149,1031.812749110015,25.99999999999909,0.5834785714285796,0.445603339576655,1,1,16.0000000000025,0.8299999999999841,5.0,2023,12
QQQ,2023-08-18,long,356.83,355.02,2023-08-18T14:15:00+00:00,2023-08-18T14:40:00+00:00,356.75,0.410000000000025,355.36,359.53,2,2,2023-08-18T14:45:00+00:00,356.78,2023-08-18T19:59:00+00:00,358.13,FORCED_SESSION_CLOSE,2.7000000000000455,0.142982,0.07999999999992724,2.5570180000000455,0.9712230215827597,0.9197906474820398,5.159063745550075,2.7799999999999727,0.005,0.0026942873136602047,,HYP-FCR-03,baseline,1031.812749110015,1034.369767110015,41.0000000000025,0.8049357142857089,0.5093574464686966,5,5,31.000000000000227,1.3899999999999864,25.0,2023,10
QQQ,2023-08-21,short,362.16,359.55,2023-08-21T14:10:00+00:00,2023-08-21T14:15:00+00:00,361.53,0.4300000000000068,362.36,359.8699999999999,2,2,2023-08-21T14:20:00+00:00,361.545,2023-08-21T15:10:00+00:00,359.8799999999999,TAKE_PROFIT,3.3300000000002683,0.144285,0.05000000000006821,3.1857150000002683,2.006024096385605,1.919105421686814,5.171848835550074,1.6600000000000819,0.005,0.0016048419557331526,,HYP-FCR-03,baseline,1034.369767110015,1037.5554821100152,43.00000000000068,0.6650399999999991,0.646577649464705,1,1,22.999999999996135,0.8300000000000409,5.0,2023,10
SPY,2023-08-21,short,438.71,437.33,2023-08-21T14:05:00+00:00,2023-08-21T14:15:00+00:00,437.82,0.5399999999999636,438.59,436.28000000000003,2,2,2023-08-21T14:20:00+00:00,437.81,2023-08-21T15:10:00+00:00,436.29,TAKE_PROFIT,3.0399999999999636,0.17482,0.03999999999996362,2.8651799999999636,1.974025974025997,1.8605064935065139,4.856780685500046,1.5399999999999636,0.005,0.0015854123335213026,,HYP-FCR-03,baseline,971.356137100009,974.2213171000091,53.99999999999636,0.6009999999999991,0.898502495840207,2,2,18.000000000000682,0.7699999999999818,10.0,2023,10
QQQ,2023-08-22,long,366.56,364.25,2023-08-22T14:45:00+00:00,2023-08-22T14:55:00+00:00,365.465,0.5999999999999659,364.26,367.87499999999994,2,2,2023-08-22T15:00:00+00:00,365.48,2023-08-22T15:45:00+00:00,364.25,STOP_LOSS,-2.4600000000000364,0.14594600000000002,0.05000000000006821,-2.6059460000000363,-1.0207468879668335,-1.0813053941909008,5.187777410550076,2.409999999999968,0.005,0.0023227673522565693,,HYP-FCR-03,baseline,1037.5554821100152,1034.949536110015,59.99999999999659,0.689935714285716,0.8696462403328987,2,2,19.900000000001228,1.204999999999984,10.0,2023,11
SPY,2023-08-22,long,441.18,439.58,2023-08-22T14:50:00+00:00,2023-08-22T14:55:00+00:00,439.7606,0.3100000000000023,439.12,441.0418,2,2,2023-08-22T15:00:00+00:00,439.78,2023-08-22T15:08:00+00:00,439.11,STOP_LOSS,-1.3399999999999181,0.17577800000000002,0.058799999999905594,-1.5157779999999181,-1.0458944739306157,-1.1830924133623972,4.871106585500045,1.2812000000000126,0.005,0.0013151015867870714,,HYP-FCR-03,baseline,974.2213171000091,972.7055391000091,31.000000000000227,0.5662571428571539,0.5474544628891401,1,1,43.99999999999977,0.6406000000000063,5.0,2023,11
QQQ,2023-08-25,long,363.495,361.98,2023-08-25T18:10:00+00:00,2023-08-25T18:15:00+00:00,363.1299,0.009999999999990905,361.735,365.91970000000003,2,2,2023-08-25T18:20:00+00:00,363.135,2023-08-25T19:59:00+00:00,364.06,FORCED_SESSION_CLOSE,1.8500000000000227,0.14543899999999998,0.03019999999992251,1.7045610000000226,0.663129973474806,0.6109975625492918,5.174747680550076,2.789800000000014,0.005,0.0026955903671263236,,HYP-FCR-03,baseline,1034.949536110015,1036.654097110015,0.9999999999990905,0.6454857142857163,0.015492209631713907,1,1,12.000000000000455,1.394900000000007,5.0,2023,14
SPY,2023-08-28,short,443.209,441.785,2023-08-28T14:30:00+00:00,2023-08-28T14:40:00+00:00,442.25,0.29359999999996944,443.18,440.39,2,2,2023-08-28T14:45:00+00:00,442.24,2023-08-28T17:05:00+00:00,443.19,STOP_LOSS,-1.8999999999999773,0.17708600000000002,0.03999999999996362,-2.0770859999999773,-1.0215053763440662,-1.116712903225786,4.8635276955000455,1.8600000000000136,0.005,0.001912192256786128,,HYP-FCR-03,baseline,972.7055391000091,970.6284531000091,29.359999999996944,0.5703428571428658,0.5147780783488014,2,2,2.1000000000015007,0.9300000000000068,10.0,2023,10
QQQ,2023-08-28,long,367.71,364.71,2023-08-28T16:30:00+00:00,2023-08-28T16:40:00+00:00,365.56,0.2300000000000182,364.75,367.18,2,2,2023-08-28T16:45:00+00:00,365.57,2023-08-28T17:06:00+00:00,367.17,TAKE_PROFIT,3.2000000000000455,0.146548,0.03999999999996362,3.0534520000000454,1.9753086419753312,1.8848469135802697,5.183270485550075,1.6200000000000045,0.005,0.001562719912568948,,HYP-FCR-03,baseline,1036.654097110015,1039.7075491100152,23.00000000000182,0.4898642857142842,0.4695177964742807,2,2,15.999999999996817,0.8100000000000023,10.0,2023,12
QQQ,2023-08-30,short,376.3239,374.13,2023-08-30T14:15:00+00:00,2023-08-30T14:20:00+00:00,374.7799,0.4300000000000068,377.03999999999996,370.25970000000007,2,2,2023-08-30T14:25:00+00:00,374.77,2023-08-30T16:09:00+00:00,377.04999999999995,STOP_LOSS,-4.559999999999945,0.150364,0.039800000000013824,-4.710363999999945,-1.0088049201362803,-1.0420698199194762,5.198537745550076,4.520199999999932,0.005,0.0043475687022463206,,HYP-FCR-03,baseline,1039.7075491100152,1034.9971851100152,43.00000000000068,0.911718181818189,0.4716369691591339,1,1,74.61000000000126,2.260099999999966,5.0,2023,10
SPY,2023-08-30,short,451.3383,449.4501,2023-08-30T14:15:00+00:00,2023-08-30T14:20:00+00:00,449.8187,0.48099999999999454,451.53,446.3961,2,2,2023-08-30T14:25:00+00:00,449.79,2023-08-30T16:33:00+00:00,451.53999999999996,STOP_LOSS,-3.4999999999998863,0.18026599999999998,0.07739999999989777,-3.6802659999998864,-1.0226143867235138,-1.0752837024484014,4.853142265500046,3.4225999999999885,0.005,0.003526169039315541,,HYP-FCR-03,baseline,970.6284531000091,966.9481871000092,48.099999999999454,0.6929272727272798,0.6941565427304303,1,1,22.169999999999845,1.7112999999999943,5.0,2023,10
SPY,2023-08-31,short,452.55,451.39,2023-08-31T14:45:00+00:00,2023-08-31T14:50:00+00:00,452.26,0.06999999999999318,452.75,451.28,2,2,2023-08-31T14:55:00+00:00,452.24,2023-08-31T16:22:00+00:00,451.28999999999996,TAKE_PROFIT,1.900000000000091,0.180706,0.05999999999994543,1.719294000000091,1.9387755102041384,1.7543816326531214,4.834740935500046,0.9800000000000182,0.005,0.0010134979444339752,,HYP-FCR-03,baseline,966.9481871000092,968.6674811000094,6.999999999999318,0.4792000000000038,0.14607679465774756,1,1,0.9999999999990905,0.4900000000000091,5.0,2023,10
QQQ,2023-08-31,short,378.775,376.86,2023-08-31T16:15:00+00:00,2023-08-31T16:20:00+00:00,377.69,0.30000000000001137,378.99,375.09,2,2,2023-08-31T16:25:00+00:00,377.67,2023-08-31T18:06:00+00:00,379.0,STOP_LOSS,-2.659999999999968,0.15133400000000002,0.05999999999994543,-2.811333999999968,-1.023076923076902,-1.081282307692286,5.174985925550076,2.6000000000000227,0.005,0.002512084126802389,,HYP-FCR-03,baseline,1034.9971851100152,1032.1858511100152,30.000000000001137,0.5083714285714304,0.5901197099983342,1,1,3.500000000002501,1.3000000000000114,5.0,2023,12
QQQ,2023-09-01,long,380.83,377.15,2023-09-01T15:15:00+00:00,2023-09-01T15:20:00+00:00,377.66,0.13999999999998636,376.98,379.02000000000004,2,2,2023-09-01T15:25:00+00:00,377.65999999999997,2023-09-01T15:32:00+00:00,376.97,STOP_LOSS,-1.3799999999998818,0.150926,0.020000000000095497,-1.5309259999998819,-1.014705882352844,-1.125680882352843,5.160929255550076,1.3600000000000136,0.005,0.001317592174449462,,HYP-FCR-03,baseline,1032.1858511100152,1030.6549251100153,13.999999999998636,0.6535000000000041,0.2142310635041859,1,1,21.999999999997044,0.6800000000000068,5.0,2023,11
QQQ,2023-09-05,long,377.36,375.9,2023-09-05T14:05:00+00:00,2023-09-05T14:10:00+00:00,376.53,0.08999999999997499,375.8801,377.82979999999986,2,2,2023-09-05T14:15:00+00:00,376.56,2023-09-05T14:49:00+00:00,377.8197999999999,TAKE_PROFIT,2.519599999999741,0.15087596,0.08000000000004093,2.368724039999741,1.9384520695491247,1.8223757808893213,5.153274625550076,1.299799999999891,0.005,0.001261139852275141,,HYP-FCR-03,baseline,1030.6549251100153,1033.023649150015,8.999999999997499,0.8141999999999965,0.11053795136327116,1,1,3.999999999996362,0.6498999999999455,5.0,2023,10
SPY,2023-09-05,long,450.93,449.38,2023-09-05T14:35:00+00:00,2023-09-05T14:50:00+00:00,450.17,0.13999999999998636,449.56,451.39000000000004,2,2,2023-09-05T14:55:00+00:00,450.18,2023-09-05T17:30:00+00:00,449.55,STOP_LOSS,-1.259999999999991,0.17994600000000002,0.03999999999996362,-1.4399459999999908,-1.032786885245871,-1.1802836065573432,4.843337405500047,1.2200000000000273,0.005,0.0012594621207007045,,HYP-FCR-03,baseline,968.6674811000094,967.2275351000094,13.999999999998636,0.5042857142857267,0.2776203966005327,3,3,14.999999999997726,0.6100000000000136,15.0,2023,10
SPY,2023-09-07,long,444.4,442.805,2023-09-07T14:30:00+00:00,2023-09-07T14:45:00+00:00,444.25,0.3050000000000068,442.81,447.13,2,2,2023-09-07T14:50:00+00:00,444.26,2023-09-07T19:59:00+00:00,444.83,FORCED_SESSION_CLOSE,1.1399999999999864,0.177818,0.03999999999996362,0.9621819999999863,0.3958333333333292,0.334090972222218,4.836137675500047,2.8799999999999955,0.005,0.00297758272535346,,HYP-FCR-03,baseline,967.2275351000094,968.1897171000094,30.500000000000682,0.6058214285714273,0.5034486824264699,3,3,5.500000000000682,1.4399999999999977,15.0,2023,10
QQQ,2023-09-07,short,371.16,369.15,2023-09-07T15:20:00+00:00,2023-09-07T15:25:00+00:00,370.89,0.1199999999999477,371.44,369.78999999999996,2,2,2023-09-07T15:30:00+00:00,370.88,2023-09-07T15:34:00+00:00,371.45,STOP_LOSS,-1.1399999999999864,0.148466,0.03999999999996362,-1.2884659999999863,-1.0363636363636026,-1.1713327272726906,5.165118245750075,1.1000000000000227,0.005,0.0010648352541639456,,HYP-FCR-03,baseline,1033.023649150015,1031.735183150015,11.99999999999477,0.6327285714285803,0.18965478313870135,1,1,39.999999999997726,0.5500000000000114,5.0,2023,11
QQQ,2023-09-08,short,374.4,371.92,2023-09-08T14:30:00+00:00,2023-09-08T14:35:00+00:00,373.96,0.03000000000002956,374.61,372.6599999999999,2,2,2023-09-08T14:40:00+00:00,373.93,2023-09-08T14:59:00+00:00,372.6699999999999,TAKE_PROFIT,2.520000000000209,0.14931999999999998,0.07999999999992724,2.3706800000002093,1.9384615384615977,1.8236000000000654,5.1586759157500754,1.3000000000000682,0.005,0.0012600132487786328,,HYP-FCR-03,baseline,1031.735183150015,1034.1058631500152,3.000000000002956,0.7549999999999873,0.03973509933778816,1,1,37.000000000000455,0.6500000000000341,5.0,2023,10
SPY,2023-09-08,short,446.1,444.8,2023-09-08T16:45:00+00:00,2023-09-08T16:50:00+00:00,445.82,0.08999999999997499,446.1384,445.1832,2,2,2023-09-08T16:55:00+00:00,445.8,2023-09-08T17:20:00+00:00,446.1484,STOP_LOSS,-0.6967999999999392,0.17838968,0.05999999999994543,-0.8751896799999392,-1.0942211055275535,-1.3743556532662495,4.840948585500047,0.6367999999999938,0.005,0.000657722333498214,,HYP-FCR-03,baseline,968.1897171000094,967.3145274200094,8.999999999997499,0.33317142857142457,0.2701312065859843,1,1,12.999999999999545,0.3183999999999969,5.0,2023,12
QQQ,2023-09-11,long,376.31,374.0,2023-09-11T14:20:00+00:00,2023-09-11T14:25:00+00:00,374.65,0.020000000000038654,373.87,376.2099999999999,2,2,2023-09-11T14:30:00+00:00,374.67,2023-09-11T14:31:00+00:00,373.86,STOP_LOSS,-1.6200000000000045,0.149706,0.06000000000005912,-1.7697060000000047,-1.0384615384615776,-1.1344269230769657,5.170529315750076,1.5599999999999454,0.005,0.0015085496133326148,,HYP-FCR-03,baseline,1034.1058631500152,1032.3361571500152,2.0000000000038654,0.7485333333333273,0.026718916993283062,1,1,18.990000000002283,0.7799999999999727,5.0,2023,10
SPY,2023-09-11,long,448.77,446.93,2023-09-11T14:15:00+00:00,2023-09-11T14:25:00+00:00,447.8,0.15999999999996817,446.89,449.62000000000006,2,2,2023-09-11T14:30:00+00:00,447.81,2023-09-11T14:57:00+00:00,446.88,STOP_LOSS,-1.8600000000000136,0.178938,0.03999999999996362,-2.0389380000000137,-1.0219780219780015,-1.1202956043955812,4.836572637100047,1.82000000000005,0.005,0.0018814976395054215,,HYP-FCR-03,baseline,967.3145274200094,965.2755894200094,15.999999999996817,0.5099166666666642,0.31377676090858425,2,2,12.000000000000455,0.910000000000025,10.0,2023,10
SPY,2023-09-12,long,447.82,446.79,2023-09-12T15:30:00+00:00,2023-09-12T15:35:00+00:00,446.87,0.10050000000001091,446.41,447.78999999999996,2,2,2023-09-12T15:40:00+00:00,446.88,2023-09-12T17:20:00+00:00,447.78,TAKE_PROFIT,1.7999999999999545,0.178932,0.03999999999996362,1.6210679999999544,1.9565217391304723,1.7620304347826377,4.826377947100047,0.9199999999999591,0.005,0.000953095685919858,,HYP-FCR-03,baseline,965.2755894200094,966.8966574200093,10.050000000001091,0.3817499999999906,0.26326129666015297,1,1,6.000000000000227,0.45999999999997954,5.0,2023,11
QQQ,2023-09-12,long,376.675,374.93,2023-09-12T17:20:00+00:00,2023-09-12T17:25:00+00:00,375.31,0.5,374.4012,377.1276,2,2,2023-09-12T17:30:00+00:00,375.32,2023-09-12T17:44:00+00:00,374.3912,STOP_LOSS,-1.857599999999934,0.14994224,0.03999999999996362,-2.007542239999934,-1.0220070422535015,-1.104501672535193,5.161680785750076,1.8175999999999704,0.005,0.0017606668016141602,,HYP-FCR-03,baseline,1032.3361571500152,1030.3286149100152,50.0,0.3698999999999931,1.3517166801838585,1,1,18.999999999999773,0.9087999999999852,5.0,2023,13
QQQ,2023-09-13,long,374.44,372.78,2023-09-13T14:20:00+00:00,2023-09-13T14:25:00+00:00,373.5182,0.5199999999999818,372.17,376.2145999999999,2,2,2023-09-13T14:30:00+00:00,373.55,2023-09-13T19:59:00+00:00,374.23,FORCED_SESSION_CLOSE,1.3600000000000136,0.149556,0.08360000000004675,1.2104440000000136,0.5043762053108036,0.448911140780317,5.151643074550076,2.696399999999926,0.005,0.002617029131269366,,HYP-FCR-03,baseline,1030.3286149100152,1031.5390589100152,51.99999999999818,0.895716666666677,0.5805407215823186,1,1,63.999999999998636,1.348199999999963,5.0,2023,10
SPY,2023-09-13,long,447.26,445.99,2023-09-13T14:25:00+00:00,2023-09-13T14:30:00+00:00,446.37,0.2400000000000091,445.23,448.65,2,2,2023-09-13T14:35:00+00:00,446.38,2023-09-13T19:59:00+00:00,446.5,FORCED_SESSION_CLOSE,0.2400000000000091,0.178576,0.03999999999996362,0.06142400000000908,0.1052631578947421,0.02694035087719729,4.8344832871000465,2.2799999999999727,0.005,0.002358059656637706,,HYP-FCR-03,baseline,966.8966574200093,966.9580814200093,24.00000000000091,0.6469846153846106,0.37095163361394173,1,1,25.499999999999545,1.1399999999999864,5.0,2023,10
QQQ,2023-09-14,long,376.44,374.0,2023-09-14T14:20:00+00:00,2023-09-14T14:30:00+00:00,375.61,0.11000000000001364,374.03000000000003,378.77,2,2,2023-09-14T14:35:00+00:00,375.63,2023-09-14T19:59:00+00:00,377.27,FORCED_SESSION_CLOSE,3.2799999999999727,0.15058,0.05999999999994543,3.1294199999999726,1.0379746835443056,0.9903227848101279,5.157695294550076,3.159999999999968,0.005,0.0030633837591559645,,HYP-FCR-03,baseline,1031.5390589100152,1034.6684789100152,11.000000000001364,0.8386461538461538,0.13116378045202684,2,2,11.000000000001364,1.579999999999984,10.0,2023,10
SPY,2023-09-14,long,449.31,448.0696,2023-09-14T14:20:00+00:00,2023-09-14T14:30:00+00:00,448.765,0.040000000000020464,447.86,450.57499999999993,2,2,2023-09-14T14:35:00+00:00,448.78,2023-09-14T16:50:00+00:00,450.56499999999994,TAKE_PROFIT,3.5699999999999363,0.179869,0.049999999999954525,3.3901309999999363,1.9723756906077592,1.873000552486209,4.834790407100047,1.8099999999999454,0.005,0.0018718494987310119,,HYP-FCR-03,baseline,966.9580814200093,970.3482124200092,4.000000000002046,0.5811846153846082,0.06882494639599128,2,2,35.46000000000049,0.9049999999999727,10.0,2023,10
QQQ,2023-09-18,short,371.2,369.03,2023-09-18T14:20:00+00:00,2023-09-18T14:40:00+00:00,369.96,0.015000000000043201,370.5,368.87999999999994,2,2,2023-09-18T14:45:00+00:00,369.94,2023-09-18T15:00:00+00:00,370.51,STOP_LOSS,-1.1399999999999864,0.14809000000000003,0.05999999999994543,-1.2880899999999864,-1.055555555555503,-1.1926759259258681,5.173342394550076,1.080000000000041,0.005,0.001043812604727053,,HYP-FCR-03,baseline,1034.6684789100152,1033.3803889100152,1.50000000000432,0.6752928571428478,0.022212585016089074,4,4,12.000000000000455,0.5400000000000205,20.0,2023,10
SPY,2023-09-18,short,443.76,442.56,2023-09-18T15:00:00+00:00,2023-09-18T15:10:00+00:00,443.45,0.023000000000024556,443.68,442.98999999999995,2,2,2023-09-18T15:15:00+00:00,443.43,2023-09-18T15:17:00+00:00,443.69,STOP_LOSS,-0.5199999999999818,0.177424,0.05999999999994543,-0.6974239999999818,-1.1304347826085668,-1.5161391304346232,4.851741062100046,0.4600000000000364,0.005,0.00047405662638653703,,HYP-FCR-03,baseline,970.3482124200092,969.6507884200092,2.3000000000024556,0.40887857142856127,0.05625141938758482,2,2,7.999999999998408,0.2300000000000182,10.0,2023,11
QQQ,2023-09-19,long,369.765,368.09,2023-09-19T17:00:00+00:00,2023-09-19T17:05:00+00:00,368.54,0.18000000000000682,367.82,369.9800000000001,2,2,2023-09-19T17:10:00+00:00,368.53999999999996,2023-09-19T18:02:00+00:00,369.9700000000001,TAKE_PROFIT,2.860000000000241,0.147702,0.020000000000095497,2.7122980000002412,1.9861111111112033,1.883540277777874,5.166901944550076,1.4400000000000546,0.005,0.001393484931060993,,HYP-FCR-03,baseline,1033.3803889100152,1036.0926869100153,18.000000000000682,0.3392428571428598,0.5305933381058819,1,1,9.99999999999659,0.7200000000000273,5.0,2023,13
SPY,2023-09-19,long,443.25,442.15,2023-09-19T18:30:00+00:00,2023-09-19T18:35:00+00:00,443.03,0.1400000000000432,442.03000000000003,445.02999999999986,2,2,2023-09-19T18:40:00+00:00,443.03,2023-09-19T19:00:00+00:00,442.02000000000004,STOP_LOSS,-2.019999999999868,0.17701,0.01999999999998181,-2.1970099999998682,-1.0099999999999916,-1.0985049999999965,4.848253942100047,1.9999999999998863,0.005,0.0020625982300893834,,HYP-FCR-03,baseline,969.6507884200092,967.4537784200094,14.00000000000432,0.3464928571428548,0.4040487332248898,1,1,12.999999999999545,0.9999999999999432,5.0,2023,14
SPY,2023-09-20,short,444.42,443.44,2023-09-20T14:00:00+00:00,2023-09-20T14:15:00+00:00,443.623,0.13999999999998636,444.09999999999997,442.66900000000004,2,2,2023-09-20T14:20:00+00:00,443.61,2023-09-20T18:00:00+00:00,442.67900000000003,TAKE_PROFIT,1.8619999999999663,0.1772578,0.045999999999935426,1.6847421999999663,1.9517819706499604,1.7659771488470157,4.837268892100047,0.9539999999999509,0.005,0.0009860936215040368,,HYP-FCR-03,baseline,967.4537784200094,969.1385206200093,13.999999999998636,0.4184300000000121,0.3345840403412334,3,3,1.4999999999986358,0.47699999999997544,15.0,2023,10
QQQ,2023-09-21,long,361.6,359.435,2023-09-21T14:05:00+00:00,2023-09-21T14:10:00+00:00,360.0,0.01999999999998181,359.46000000000004,361.0799999999999,2,2,2023-09-21T14:15:00+00:00,359.99,2023-09-21T14:19:00+00:00,361.06999999999994,TAKE_PROFIT,2.1599999999998545,0.144212,0.03999999999996362,2.0157879999998545,2.0,1.8664703703703613,5.180463434550076,1.0799999999999272,0.005,0.001042377784965222,,HYP-FCR-03,baseline,1036.0926869100153,1038.1084749100153,1.999999999998181,0.8249888888888867,0.024242750744095782,1,1,2.4999999999977263,0.5399999999999636,5.0,2023,10
SPY,2023-09-21,long,435.97,434.11,2023-09-21T14:05:00+00:00,2023-09-21T14:10:00+00:00,434.68,0.12999999999999545,434.05,435.94,2,2,2023-09-21T14:15:00+00:00,434.68,2023-09-21T14:59:00+00:00,434.04,STOP_LOSS,-1.2799999999999727,0.173744,0.01999999999998181,-1.4537439999999728,-1.0158730158730016,-1.1537650793650662,4.845692603100047,1.259999999999991,0.005,0.0013001237420569168,,HYP-FCR-03,baseline,969.1385206200093,967.6847766200093,12.999999999999545,0.6188888888888945,0.2100538599640841,1,1,10.000000000002274,0.6299999999999955,5.0,2023,10
SPY,2023-09-22,short,432.64,431.67,2023-09-22T14:10:00+00:00,2023-09-22T14:15:00+00:00,432.445,0.0835999999999899,432.86,431.61499999999995,2,2,2023-09-22T14:20:00+00:00,432.44,2023-09-22T14:24:00+00:00,432.87,STOP_LOSS,-0.8600000000000136,0.173062,0.029999999999972715,-1.0330620000000137,-1.0361445783132184,-1.2446530120481478,4.838423883100047,0.8300000000000409,0.005,0.0008577173270195667,,HYP-FCR-03,baseline,967.6847766200093,966.6517146200093,8.35999999999899,0.6017799999999965,0.13892120043868256,1,1,27.10999999999899,0.41500000000002046,5.0,2023,10
QQQ,2023-09-22,short,359.94,358.44,2023-09-22T17:25:00+00:00,2023-09-22T17:40:00+00:00,359.175,0.040000000000020464,359.8,357.925,2,2,2023-09-22T17:45:00+00:00,359.16,2023-09-22T18:17:00+00:00,357.935,TAKE_PROFIT,2.4500000000000455,0.14341900000000002,0.049999999999954525,2.3065810000000453,1.9600000000000364,1.8452648000000362,5.190542374550076,1.25,0.005,0.0012041130866486296,,HYP-FCR-03,baseline,1038.1084749100153,1040.4150559100153,4.000000000002046,0.3789428571428622,0.10555681218432462,3,3,1.999999999998181,0.625,15.0,2023,13
QQQ,2023-09-25,short,358.68,355.93,2023-09-25T16:40:00+00:00,2023-09-25T16:45:00+00:00,358.42,0.009999999999990905,359.15999999999997,356.9400000000001,2,2,2023-09-25T16:50:00+00:00,358.41,2023-09-25T17:12:00+00:00,359.16999999999996,STOP_LOSS,-1.5199999999998681,0.143516,0.03999999999996362,-1.663515999999868,-1.027027027027004,-1.1239972972972807,5.202075279550077,1.4799999999999045,0.005,0.0014225092107162938,,HYP-FCR-03,baseline,1040.4150559100153,1038.7515399100155,0.9999999999990905,0.4020071428571441,0.024875179900831938,1,1,19.009999999997262,0.7399999999999523,5.0,2023,12
SPY,2023-09-25,short,430.76,428.72,2023-09-25T19:00:00+00:00,2023-09-25T19:05:00+00:00,430.03,0.44999999999998863,431.07,427.94999999999993,2,2,2023-09-25T19:10:00+00:00,430.015,2023-09-25T19:16:00+00:00,431.08,STOP_LOSS,-2.1299999999999955,0.172219,0.049999999999954525,-2.3022189999999956,-1.0240384615384392,-1.1068360576922838,4.833258573100046,2.080000000000041,0.005,0.0021517574205283324,,HYP-FCR-03,baseline,966.6517146200093,964.3494956200093,44.99999999999886,0.4182214285714281,1.075985038684198,1,1,24.00000000000091,1.0400000000000205,5.0,2023,15
QQQ,2023-09-27,long,356.63,355.28,2023-09-27T19:00:00+00:00,2023-09-27T19:05:00+00:00,356.2701,0.5600000000000023,355.0,358.81030000000004,2,2,2023-09-27T19:10:00+00:00,356.31,2023-09-27T19:37:00+00:00,354.99,STOP_LOSS,-2.6399999999999864,0.14226,0.09979999999995925,-2.782259999999986,-1.0392882450200607,-1.09529170931421,5.193757699550077,2.540200000000027,0.005,0.002445435604572079,,HYP-FCR-03,baseline,1038.7515399100155,1035.9692799100155,56.00000000000023,0.6415785714285798,0.8728471070239621,1,1,42.999999999995,1.2701000000000136,5.0,2023,15
SPY,2023-09-27,long,427.67,426.64,2023-09-27T19:05:00+00:00,2023-09-27T19:10:00+00:00,426.75,0.020000000000038654,425.875,428.5,2,2,2023-09-27T19:15:00+00:00,426.75,2023-09-27T19:37:00+00:00,425.865,STOP_LOSS,-1.7699999999999818,0.170523,0.01999999999998181,-1.9405229999999818,-1.0114285714285611,-1.1088702857142754,4.821747478100047,1.75,0.005,0.0018146947843581049,,HYP-FCR-03,baseline,964.3494956200093,962.4089726200093,2.0000000000038654,0.6745642857142887,0.02964876798785882,1,1,11.000000000001364,0.875,5.0,2023,15
QQQ,2023-09-29,short,362.55,360.87,2023-09-29T14:05:00+00:00,2023-09-29T14:25:00+00:00,361.04,0.3100000000000023,362.15999999999997,358.8000000000001,2,2,2023-09-29T14:30:00+00:00,361.04,2023-09-29T16:54:00+00:00,358.8100000000001,TAKE_PROFIT,4.459999999999809,0.14397000000000004,0.01999999999998181,4.316029999999809,1.9910714285714364,1.9267991071428616,5.179846399550078,2.2399999999998954,0.005,0.0021622262777854398,,HYP-FCR-03,baseline,1035.9692799100155,1040.2853099100153,31.000000000000227,0.7384083333333488,0.4198219142524969,4,4,19.999999999998863,1.1199999999999477,20.0,2023,10
SPY,2023-10-02,short,427.75,426.195,2023-10-02T15:35:00+00:00,2023-10-02T15:40:00+00:00,426.8108,0.4300000000000068,428.3382,423.756,2,2,2023-10-02T15:45:00+00:00,426.8,2023-10-02T19:59:00+00:00,427.37,FORCED_SESSION_CLOSE,-1.1399999999999864,0.170834,0.04159999999990305,-1.3108339999999863,-0.3731831871153549,-0.42910632447295605,4.812044863100047,3.0548,0.005,0.0031741183705756406,,HYP-FCR-03,baseline,962.4089726200093,961.0981386200093,43.00000000000068,0.7414214285714341,0.5799670517057053,1,1,48.00000000000182,1.5274,5.0,2023,11
QQQ,2023-10-02,short,360.63,357.92,2023-10-02T15:50:00+00:00,2023-10-02T15:55:00+00:00,359.63,0.4449999999999932,360.67,357.54999999999995,2,2,2023-10-02T16:00:00+00:00,359.63,2023-10-02T19:54:00+00:00,360.68,STOP_LOSS,-2.1000000000000227,0.144062,0.01999999999998181,-2.2440620000000226,-1.0096153846153757,-1.0788759615384511,5.201426549550076,2.080000000000041,0.005,0.0019994514775758597,,HYP-FCR-03,baseline,1040.2853099100153,1038.0412479100153,44.49999999999932,0.747414285714281,0.5953859974387836,1,1,4.000000000002046,1.0400000000000205,5.0,2023,12
QQQ,2023-10-04,long,357.73,355.69,2023-10-04T14:30:00+00:00,2023-10-04T14:35:00+00:00,357.3,0.6555000000000177,355.41,361.08,2,2,2023-10-04T14:40:00+00:00,357.3,2023-10-04T19:59:00+00:00,359.75,FORCED_SESSION_CLOSE,4.899999999999977,0.14341,0.01999999999998181,4.756589999999977,1.2962962962962996,1.2583571428571458,5.1902062395500765,3.7799999999999727,0.005,0.0036414737926942667,,HYP-FCR-03,baseline,1038.0412479100153,1042.7978379100152,65.55000000000177,1.000078571428568,0.6554485004749826,1,1,26.99999999999818,1.8899999999999864,5.0,2023,10
SPY,2023-10-04,long,423.37,421.91,2023-10-04T14:35:00+00:00,2023-10-04T14:40:00+00:00,422.02,0.07999999999998408,420.605,424.8499999999999,2,2,2023-10-04T14:45:00+00:00,422.025,2023-10-04T19:32:00+00:00,424.8399999999999,TAKE_PROFIT,5.629999999999882,0.169373,0.029999999999972715,5.4606269999998815,1.9893992932862286,1.929550176678453,4.8054906931000465,2.8299999999999272,0.005,0.0029445484142372564,,HYP-FCR-03,baseline,961.0981386200093,966.5587656200092,7.999999999998408,0.8375071428571427,0.09552157337675392,1,1,8.030000000002246,1.4149999999999636,5.0,2023,10
QQQ,2023-10-05,long,360.15,357.57,2023-10-05T17:35:00+00:00,2023-10-05T17:40:00+00:00,358.3,0.41060000000004493,357.51,359.88000000000005,2,2,2023-10-05T17:45:00+00:00,358.3399,2023-10-05T19:59:00+00:00,358.66,FORCED_SESSION_CLOSE,0.6402000000000498,0.14339998,0.09979999999995925,0.49680002000004986,0.40518987341774254,0.3144303924050867,5.213989189550076,1.580000000000041,0.005,0.0015151546565983403,,HYP-FCR-03,baseline,1042.7978379100152,1043.2946379300154,41.06000000000449,0.47353571428571073,0.8670940493250882,1,1,2.4999999999977263,0.7900000000000205,5.0,2023,13
SPY,2023-10-05,long,425.26,423.33,2023-10-05T17:35:00+00:00,2023-10-05T17:40:00+00:00,423.99,0.36000000000001364,422.90500000000003,426.15999999999997,2,2,2023-10-05T17:45:00+00:00,424.008,2023-10-05T19:59:00+00:00,424.45,FORCED_SESSION_CLOSE,0.8840000000000146,0.1696916,0.05599999999992633,0.7143084000000146,0.4073732718894153,0.32917437788019727,4.832793828100046,2.169999999999959,0.005,0.0022450781858131407,,HYP-FCR-03,baseline,966.5587656200092,967.2730740200093,36.000000000001364,0.489299999999998,0.7357449417535563,1,1,7.999999999998408,1.0849999999999795,5.0,2023,13
SPY,2023-10-06,long,423.0,421.0,2023-10-06T14:20:00+00:00,2023-10-06T14:25:00+00:00,422.99,0.46999999999997044,421.31,426.35,2,2,2023-10-06T14:30:00+00:00,423.0,2023-10-06T15:32:00+00:00,426.34000000000003,TAKE_PROFIT,6.680000000000064,0.16986800000000002,0.03999999999996362,6.5101320000000635,1.988095238095249,1.9375392857142968,4.836365370100046,3.3600000000000136,0.005,0.003473682965282778,,HYP-FCR-03,baseline,967.2730740200093,973.7832060200094,46.999999999997044,1.0479083333333346,0.4485125130219436,1,1,19.999999999998863,1.6800000000000068,5.0,2023,10
QQQ,2023-10-09,short,363.529,360.78,2023-10-09T14:00:00+00:00,2023-10-09T14:05:00+00:00,362.52,0.3299999999999841,363.32,360.91999999999996,2,2,2023-10-09T14:10:00+00:00,362.505,2023-10-09T14:24:00+00:00,363.33,STOP_LOSS,-1.6499999999999773,0.14516700000000002,0.049999999999954525,-1.7951669999999773,-1.0312499999999711,-1.1219793749999698,5.216473189650077,1.6000000000000227,0.005,0.0015336032045315192,,HYP-FCR-03,baseline,1043.2946379300154,1041.4994709300154,32.99999999999841,1.0852750000000029,0.304070396903995,1,1,9.070000000002665,0.8000000000000114,5.0,2023,10
SPY,2023-10-09,short,429.09,427.35,2023-10-09T14:00:00+00:00,2023-10-09T14:05:00+00:00,428.16,0.2400000000000091,428.86,426.76000000000005,2,2,2023-10-09T14:10:00+00:00,428.1438,2023-10-09T14:26:00+00:00,428.87,STOP_LOSS,-1.4524000000000115,0.17140276,0.0524000000000342,-1.6238027600000113,-1.0374285714285965,-1.1598591142857413,4.868916030100047,1.3999999999999773,0.005,0.001437691666220017,,HYP-FCR-03,baseline,973.7832060200094,972.1594032600094,24.00000000000091,0.731887499999992,0.32791924988473187,1,1,5.000000000001137,0.6999999999999886,5.0,2023,10
QQQ,2023-10-11,long,371.412,369.74,2023-10-11T14:45:00+00:00,2023-10-11T14:55:00+00:00,370.7097,0.4500000000000455,369.84000000000003,372.44909999999993,2,2,2023-10-11T15:00:00+00:00,370.74,2023-10-11T15:22:00+00:00,369.83000000000004,STOP_LOSS,-1.8199999999999363,0.14811400000000002,0.080600000000004,-1.9681139999999364,-1.0463378176382703,-1.1314901690238088,5.207497354650077,1.7393999999999323,0.005,0.0016700920629817708,,HYP-FCR-03,baseline,1041.4994709300154,1039.5313569300154,45.00000000000455,0.6010142857142731,0.7487342825224941,2,2,30.700000000001637,0.8696999999999662,10.0,2023,11
SPY,2023-10-11,long,436.46,435.3,2023-10-11T19:25:00+00:00,2023-10-11T19:30:00+00:00,435.53,0.014999999999986358,435.14,436.30999999999995,2,2,2023-10-11T19:35:00+00:00,435.53,2023-10-11T19:46:00+00:00,436.29999999999995,TAKE_PROFIT,1.5399999999999636,0.174366,0.01999999999998181,1.3656339999999636,1.9743589743589969,1.750812820512835,4.860797016300047,0.7799999999999727,0.005,0.0008023375563558247,,HYP-FCR-03,baseline,972.1594032600094,973.5250372600094,1.4999999999986358,0.4078500000000044,0.036778227289410804,1,1,23.500000000001364,0.38999999999998636,5.0,2023,15
SPY,2023-10-12,long,437.0,435.07,2023-10-12T14:00:00+00:00,2023-10-12T14:10:00+00:00,436.1698,0.10700000000002774,435.39,437.72940000000006,2,2,2023-10-12T14:15:00+00:00,436.18,2023-10-12T14:44:00+00:00,435.38,STOP_LOSS,-1.6000000000000227,0.174312,0.0403999999999769,-1.7743120000000228,-1.0259040779686943,-1.137671197742992,4.867625186300047,1.5596000000000458,0.005,0.0016020132408608072,,HYP-FCR-03,baseline,973.5250372600094,971.7507252600094,10.700000000002774,0.5869888888888808,0.18228624429768933,2,2,8.999999999997499,0.7798000000000229,10.0,2023,10
QQQ,2023-10-18,short,367.33,365.48,2023-10-18T14:25:00+00:00,2023-10-18T14:30:00+00:00,365.7,1.0199999999999818,367.73,361.63999999999993,2,2,2023-10-18T14:35:00+00:00,365.68,2023-10-18T19:59:00+00:00,363.09999999999997,FORCED_SESSION_CLOSE,5.160000000000082,0.145756,0.05999999999994543,5.014244000000081,1.2709359605911346,1.2350354679802977,5.197656784650077,4.060000000000059,0.005,0.003905606091566309,,HYP-FCR-03,baseline,1039.5313569300154,1044.5456009300156,101.99999999999818,0.9512538461538305,1.0722689891074924,1,1,42.00000000000159,2.0300000000000296,5.0,2023,10
QQQ,2023-10-19,long,365.335,363.21,2023-10-19T14:35:00+00:00,2023-10-19T14:40:00+00:00,363.62,0.18000000000000682,362.78000000000003,365.29999999999995,2,2,2023-10-19T14:45:00+00:00,363.61,2023-10-19T15:06:00+00:00,362.77000000000004,STOP_LOSS,-1.67999999999995,0.14527600000000002,0.03999999999996362,-1.82527599999995,-1.0,-1.086473809523812,5.222728004650078,1.67999999999995,0.005,0.0016083548659858937,,HYP-FCR-03,baseline,1044.5456009300156,1042.7203249300155,18.000000000000682,0.8618142857142905,0.20886170371476134,1,1,18.999999999999773,0.839999999999975,5.0,2023,10
SPY,2023-10-19,long,431.39,430.173,2023-10-19T15:40:00+00:00,2023-10-19T15:45:00+00:00,430.5022,0.2300000000000182,429.77,431.9666000000001,2,2,2023-10-19T15:50:00+00:00,430.53,2023-10-19T16:00:00+00:00,429.76,STOP_LOSS,-1.5399999999999636,0.172058,0.07559999999989486,-1.7120579999999637,-1.051625239005662,-1.16911909314387,4.8587536263000475,1.4644000000000688,0.005,0.001506970833089157,,HYP-FCR-03,baseline,971.7507252600094,970.0386672600094,23.00000000000182,0.5332357142857153,0.43132894860223286,1,1,32.29999999999791,0.7322000000000344,5.0,2023,11
QQQ,2023-10-24,short,358.97,357.06,2023-10-24T15:15:00+00:00,2023-10-24T15:25:00+00:00,358.08,0.2715000000000032,359.061,356.118,2,2,2023-10-24T15:30:00+00:00,358.08,2023-10-24T16:42:00+00:00,356.128,TAKE_PROFIT,3.9039999999999964,0.1428416,0.01999999999998181,3.7611583999999962,1.9898063200815586,1.9170022426095907,5.213601624650078,1.961999999999989,0.005,0.0018816167222324674,,HYP-FCR-03,baseline,1042.7203249300155,1046.4814833300154,27.15000000000032,0.713400000000003,0.3805719091673704,2,2,10.99999999999568,0.9809999999999945,10.0,2023,11
SPY,2023-10-24,short,423.89,422.43,2023-10-24T15:15:00+00:00,2023-10-24T15:25:00+00:00,422.96,0.25,423.78999999999996,421.3,2,2,2023-10-24T15:30:00+00:00,422.955,2023-10-24T16:37:00+00:00,421.31,TAKE_PROFIT,3.2899999999999636,0.168853,0.029999999999972715,3.1211469999999637,1.9819277108433895,1.8802090361445924,4.850193336300047,1.6599999999999682,0.005,0.001711271989485571,,HYP-FCR-03,baseline,970.0386672600094,973.1598142600094,25.0,0.6034642857142914,0.414274723323663,2,2,0.9999999999990905,0.8299999999999841,10.0,2023,11
SPY,2023-10-25,long,421.92,419.51,2023-10-25T14:35:00+00:00,2023-10-25T14:40:00+00:00,420.22,0.10000000000002274,419.29,422.08000000000004,2,2,2023-10-25T14:45:00+00:00,420.21,2023-10-25T16:00:00+00:00,419.28000000000003,STOP_LOSS,-1.8599999999999,0.16789800000000002,0.04000000000007731,-2.0278979999999,-0.9999999999999388,-1.090267741935422,4.865799071300047,1.8600000000000136,0.005,0.0019112996372690927,,HYP-FCR-03,baseline,973.1598142600094,971.1319162600095,10.000000000002274,0.6633642857142864,0.1507467347180839,1,1,12.000000000000455,0.9300000000000068,5.0,2023,10
QQQ,2023-10-25,long,356.88,353.42,2023-10-25T14:25:00+00:00,2023-10-25T15:05:00+00:00,354.73,0.4399999999999977,353.84000000000003,356.51,2,2,2023-10-25T15:10:00+00:00,354.74,2023-10-25T15:24:00+00:00,353.83000000000004,STOP_LOSS,-1.8199999999999363,0.141714,0.03999999999996362,-1.9617139999999362,-1.0224719101123394,-1.1020865168539136,5.232407416650077,1.7799999999999727,0.005,0.0017009378840950184,,HYP-FCR-03,baseline,1046.4814833300154,1044.5197693300154,43.99999999999977,0.8382928571428587,0.5248762365692143,8,8,18.999999999999773,0.8899999999999864,40.0,2023,11
QQQ,2023-10-26,long,350.07,346.54,2023-10-26T14:40:00+00:00,2023-10-26T14:45:00+00:00,347.8,0.32000000000005,345.6,352.2,2,2,2023-10-26T14:50:00+00:00,347.8,2023-10-26T15:15:00+00:00,345.59000000000003,STOP_LOSS,-4.419999999999959,0.13867800000000002,0.01999999999998181,-4.558677999999959,-1.0045454545454504,-1.0360631818181778,5.222598846650077,4.399999999999977,0.005,0.00421246215648198,,HYP-FCR-03,baseline,1044.5197693300154,1039.9610913300155,32.000000000005,1.0788285714285613,0.29661802484180877,1,1,100.0,2.1999999999999886,5.0,2023,10
SPY,2023-10-26,long,417.325,415.25,2023-10-26T14:40:00+00:00,2023-10-26T14:45:00+00:00,416.375,0.4596000000000231,414.67,419.78499999999997,2,2,2023-10-26T14:50:00+00:00,416.379,2023-10-26T15:14:00+00:00,414.66,STOP_LOSS,-3.437999999999988,0.16620780000000002,0.02800000000002001,-3.604207799999988,-1.0082111436950205,-1.0569524340176017,4.855659581300047,3.409999999999968,0.005,0.0035113664198499882,,HYP-FCR-03,baseline,971.1319162600095,967.5277084600094,45.96000000000231,0.8688142857142915,0.5289968265452324,1,1,62.74999999999977,1.704999999999984,5.0,2023,10
QQQ,2023-10-27,long,347.62,346.065,2023-10-27T14:45:00+00:00,2023-10-27T14:55:00+00:00,347.15,0.2899999999999636,345.73,349.9899999999999,2,2,2023-10-27T15:00:00+00:00,347.15999999999997,2023-10-27T17:05:00+00:00,345.72,STOP_LOSS,-2.8799999999998818,0.138576,0.03999999999996362,-3.018575999999882,-1.014084507042241,-1.0628788732394256,5.199805456650077,2.839999999999918,0.005,0.002730871398628786,,HYP-FCR-03,baseline,1039.9610913300155,1036.9425153300156,28.999999999996362,0.9608071428571634,0.30182956294182745,2,2,40.510000000000446,1.419999999999959,10.0,2023,11
SPY,2023-10-27,long,414.47,412.62,2023-10-27T14:45:00+00:00,2023-10-27T14:55:00+00:00,413.52,0.34159999999997126,412.09000000000003,416.3799999999999,2,2,2023-10-27T15:00:00+00:00,413.53,2023-10-27T16:27:00+00:00,412.08000000000004,STOP_LOSS,-2.8999999999998636,0.16512200000000002,0.03999999999996362,-3.065121999999864,-1.0139860139860017,-1.071720979020969,4.837638542300048,2.8599999999999,0.005,0.0029559876941944053,,HYP-FCR-03,baseline,967.5277084600094,964.4625864600096,34.159999999997126,0.823192857142861,0.41496958706079773,2,2,61.000000000001364,1.42999999999995,10.0,2023,11
QQQ,2023-10-30,long,350.54,347.11,2023-10-30T14:50:00+00:00,2023-10-30T15:05:00+00:00,348.27,0.2716000000000349,347.3488,350.1124,2,2,2023-10-30T15:10:00+00:00,348.27,2023-10-30T15:22:00+00:00,347.3388,STOP_LOSS,-1.8623999999999796,0.13912176,0.01999999999998181,-2.0015217599999797,-1.0108554059921742,-1.0863665653495345,5.184712576650078,1.8423999999999978,0.005,0.0017767619446229753,,HYP-FCR-03,baseline,1036.9425153300156,1034.9409935700155,27.160000000003492,0.8332714285714238,0.32594421299872367,3,3,8.990000000000009,0.9211999999999989,15.0,2023,11
SPY,2023-10-30,long,415.345,413.53,2023-10-30T15:00:00+00:00,2023-10-30T15:05:00+00:00,413.8,0.382000000000005,413.01,415.38000000000005,2,2,2023-10-30T15:10:00+00:00,413.8,2023-10-30T15:22:00+00:00,413.0,STOP_LOSS,-1.6000000000000227,0.16536,0.01999999999998181,-1.7653600000000227,-1.0126582278480893,-1.1173164556961879,4.822312932300048,1.580000000000041,0.005,0.0016382180316598046,,HYP-FCR-03,baseline,964.4625864600096,962.6972264600096,38.2000000000005,0.6583642857142868,0.5802258844972997,1,1,50.99999999999909,0.7900000000000205,5.0,2023,11
SPY,2023-10-31,long,416.37,414.28,2023-10-31T14:00:00+00:00,2023-10-31T14:10:00+00:00,415.77,0.4399999999999977,414.37,418.56999999999994,2,2,2023-10-31T14:15:00+00:00,415.78999999999996,2023-10-31T19:59:00+00:00,418.22,FORCED_SESSION_CLOSE,4.860000000000127,0.166802,0.05999999999994543,4.693198000000128,1.7357142857143595,1.6761421428572156,4.813486132300048,2.7999999999999545,0.005,0.002908494927627452,,HYP-FCR-03,baseline,962.6972264600096,967.3904244600097,43.99999999999977,0.6879555555555612,0.6395762000129122,2,2,6.999999999999318,1.3999999999999773,10.0,2023,10
QQQ,2023-10-31,short,349.45,346.62,2023-10-31T15:00:00+00:00,2023-10-31T15:45:00+00:00,348.17,0.07999999999998408,348.93,346.65000000000003,2,2,2023-10-31T15:50:00+00:00,348.18,2023-10-31T15:58:00+00:00,348.94,STOP_LOSS,-1.5199999999999818,0.13942400000000002,0.03999999999996362,-1.6594239999999818,-1.0,-1.0917263157894748,5.174704967850078,1.5199999999999818,0.005,0.0014686827649533541,,HYP-FCR-03,baseline,1034.9409935700155,1033.2815695700156,7.999999999998408,0.7238571428571439,0.11051904479966208,9,9,12.999999999999545,0.7599999999999909,45.0,2023,11
SPY,2023-11-01,short,419.88,418.6499,2023-11-01T16:35:00+00:00,2023-11-01T16:40:00+00:00,419.5127,0.2599999999999909,420.18,418.1781,2,2,2023-11-01T16:45:00+00:00,419.5,2023-11-01T17:12:00+00:00,420.19,STOP_LOSS,-1.3799999999999955,0.16793800000000003,0.04539999999997235,-1.5479379999999954,-1.0340176832009378,-1.1598516409410824,4.8369521223000485,1.334600000000023,0.005,0.0013795877716538151,,HYP-FCR-03,baseline,967.3904244600097,965.8424864600097,25.99999999999909,0.35377857142856733,0.73492297441901,1,1,32.99999999999841,0.6673000000000116,5.0,2023,12
QQQ,2023-11-02,long,362.31,361.05,2023-11-02T14:25:00+00:00,2023-11-02T14:30:00+00:00,361.46,0.009999999999990905,360.96000000000004,362.45999999999987,2,2,2023-11-02T14:35:00+00:00,361.47499999999997,2023-11-02T14:52:00+00:00,362.4499999999999,TAKE_PROFIT,1.949999999999818,0.14478499999999997,0.049999999999954525,1.8052149999998182,1.9500000000000397,1.8052150000000233,5.166407847850078,0.9999999999998863,0.005,0.0009677904159425016,,HYP-FCR-03,baseline,1033.2815695700156,1035.0867845700154,0.9999999999990905,0.6676769230769187,0.014977303624493952,1,1,11.000000000001364,0.49999999999994316,5.0,2023,10
QQQ,2023-11-03,short,366.885,364.52,2023-11-03T14:00:00+00:00,2023-11-03T14:05:00+00:00,365.83,0.12009999999997945,366.56,364.36999999999995,2,2,2023-11-03T14:10:00+00:00,365.84000000000003,2023-11-03T15:31:00+00:00,366.57,STOP_LOSS,-1.4599999999999227,0.14648200000000003,0.04000000000007731,-1.6064819999999227,-0.9999999999999222,-1.100330136986221,5.175433922850077,1.4600000000000364,0.005,0.0014105097483265944,,HYP-FCR-03,baseline,1035.0867845700154,1033.4803025700155,12.009999999997945,0.891862500000002,0.13466201348299672,1,1,51.499999999998636,0.7300000000000182,5.0,2023,10
SPY,2023-11-03,short,435.0,433.01,2023-11-03T14:00:00+00:00,2023-11-03T14:05:00+00:00,434.2372,0.023700000000019372,434.69,433.3315999999999,2,2,2023-11-03T14:10:00+00:00,434.23,2023-11-03T14:17:00+00:00,434.7,STOP_LOSS,-0.9399999999999409,0.17378600000000002,0.034399999999891406,-1.1137859999999409,-1.0379858657242595,-1.2298873674910336,4.829212432300048,0.9056000000000495,0.005,0.0009376270071937299,,HYP-FCR-03,baseline,965.8424864600097,964.7287004600098,2.3700000000019372,0.6601625000000055,0.03590025183196436,1,1,48.00000000000182,0.45280000000002474,5.0,2023,10
QQQ,2023-11-06,long,369.78,368.33,2023-11-06T15:15:00+00:00,2023-11-06T15:40:00+00:00,369.15,0.2249999999999659,368.63,370.18999999999994,2,2,2023-11-06T15:45:00+00:00,369.17,2023-11-06T15:47:00+00:00,368.62,STOP_LOSS,-1.1000000000000227,0.147558,0.06000000000005912,-1.2475580000000228,-1.0576923076923666,-1.199575000000064,5.167401512850078,1.0399999999999636,0.005,0.0010063084873642345,,HYP-FCR-03,baseline,1033.4803025700155,1032.2327445700155,22.49999999999659,0.6488928571428646,0.3467444548406061,5,5,25.99999999999909,0.5199999999999818,25.0,2023,10
SPY,2023-11-06,long,436.1498,435.01,2023-11-06T15:15:00+00:00,2023-11-06T15:40:00+00:00,435.5301,0.12000000000000455,435.2,436.19030000000004,2,2,2023-11-06T15:45:00+00:00,435.545,2023-11-06T15:46:00+00:00,435.19,STOP_LOSS,-0.7100000000000364,0.17414700000000002,0.04980000000000473,-0.8841470000000364,-1.0754316873674679,-1.3392108451984157,4.823643502300049,0.6602000000000317,0.005,0.0006843374719599715,,HYP-FCR-03,baseline,964.7287004600098,963.8445534600098,12.000000000000455,0.45157857142857794,0.2657344869584536,5,5,24.00000000000091,0.3301000000000158,25.0,2023,10
QQQ,2023-11-08,long,373.79,372.76,2023-11-08T20:40:00+00:00,2023-11-08T20:45:00+00:00,372.9116,0.2300000000000182,372.37,373.99480000000005,2,2,2023-11-08T20:50:00+00:00,372.94,2023-11-08T20:59:00+00:00,372.96000000000004,FORCED_SESSION_CLOSE,0.04000000000007731,0.14918000000000003,0.0767999999999347,-0.10917999999992273,0.03692762186122237,-0.10079394386994033,5.161163722850078,1.0832000000000335,0.005,0.0010493757398204306,,HYP-FCR-03,baseline,1032.2327445700155,1032.1235645700156,23.00000000000182,0.29697142857143277,0.7744852799692633,1,1,13.990000000001146,0.5416000000000167,5.0,2023,15
QQQ,2023-11-09,short,374.08,372.72,2023-11-09T15:00:00+00:00,2023-11-09T15:10:00+00:00,373.1096,0.24399999999997135,374.09,371.14880000000005,2,2,2023-11-09T15:15:00+00:00,373.1,2023-11-09T16:11:00+00:00,374.09999999999997,STOP_LOSS,-1.9999999999998863,0.14944000000000002,0.03919999999993706,-2.1494399999998866,-1.019991840065248,-1.0962056303549277,5.160617822850078,1.9607999999999493,0.005,0.0018997725343252111,,HYP-FCR-03,baseline,1032.1235645700156,1029.9741245700156,24.399999999997135,0.7023333333333299,0.3474133839581954,2,2,24.00000000000091,0.9803999999999746,10.0,2023,10
SPY,2023-11-09,long,438.47,436.98,2023-11-09T16:00:00+00:00,2023-11-09T16:05:00+00:00,437.645,0.2400000000000091,436.79,439.3549999999999,2,2,2023-11-09T16:10:00+00:00,437.65999999999997,2023-11-09T18:01:00+00:00,436.78000000000003,STOP_LOSS,-1.7599999999998772,0.17488800000000002,0.049999999999954525,-1.9348879999998772,-1.029239766081846,-1.131513450292377,4.819222767300049,1.7099999999999227,0.005,0.001774145004877979,,HYP-FCR-03,baseline,963.8445534600098,961.9096654600099,24.00000000000091,0.49522142857143436,0.48463169433587977,1,1,3.000000000002956,0.8549999999999613,5.0,2023,11
SPY,2023-11-10,long,436.24,434.88,2023-11-10T15:45:00+00:00,2023-11-10T15:50:00+00:00,435.12,0.21510000000000673,434.57,436.22,2,2,2023-11-10T15:55:00+00:00,435.14,2023-11-10T16:05:00+00:00,436.21000000000004,TAKE_PROFIT,2.1400000000001,0.17427,0.05999999999994543,1.9657300000001001,1.9454545454545962,1.7870272727273269,4.80954832730005,1.1000000000000227,0.005,0.0011435585268539479,,HYP-FCR-03,baseline,961.9096654600099,963.87539546001,21.510000000000673,0.5324928571428619,0.40394908047057204,1,1,31.499999999999773,0.5500000000000114,5.0,2023,10
QQQ,2023-11-14,short,385.01,383.18,2023-11-14T16:45:00+00:00,2023-11-14T16:55:00+00:00,384.4,0.08999999999997499,385.25,382.69999999999993,2,2,2023-11-14T17:00:00+00:00,384.40000000000003,2023-11-14T17:58:00+00:00,385.26,STOP_LOSS,-1.7199999999999136,0.153932,0.020000000000095497,-1.8739319999999136,-1.011764705882275,-1.1023129411763903,5.149870622850078,1.7000000000000455,0.005,0.0016505269010614672,,HYP-FCR-03,baseline,1029.9741245700156,1028.1001925700157,8.999999999997499,0.3844500000000072,0.23410066328514323,2,2,29.000000000002046,0.8500000000000227,10.0,2023,12
SPY,2023-11-15,short,450.75,449.4,2023-11-15T16:30:00+00:00,2023-11-15T16:35:00+00:00,450.22,0.009999999999990905,451.03999999999996,448.58000000000015,2,2,2023-11-15T16:40:00+00:00,450.2,2023-11-15T20:59:00+00:00,449.64,FORCED_SESSION_CLOSE,1.1200000000000045,0.179968,0.06000000000005912,0.9400320000000045,0.6829268292683485,0.5731902439024863,4.819376977300051,1.6399999999998727,0.005,0.0017014647409037574,,HYP-FCR-03,baseline,963.87539546001,964.81542746001,0.9999999999990905,0.37862142857141684,0.026411606014276796,1,1,6.499999999999773,0.8199999999999363,5.0,2023,11
QQQ,2023-11-15,short,387.65,385.9906,2023-11-15T15:50:00+00:00,2023-11-15T16:40:00+00:00,386.175,0.20939999999995962,387.28,383.9650000000001,2,2,2023-11-15T16:45:00+00:00,386.17,2023-11-15T20:59:00+00:00,385.62,FORCED_SESSION_CLOSE,1.1000000000000227,0.154358,0.029999999999972715,0.9456420000000227,0.4977375565611137,0.42789230769233294,5.140500962850078,2.2099999999999227,0.005,0.0021495959401344215,,HYP-FCR-03,baseline,1028.1001925700157,1029.0458345700158,20.939999999995962,0.4600428571428584,0.45517498369708204,10,10,10.000000000002274,1.1049999999999613,50.0,2023,11
SPY,2023-11-16,short,450.47,449.13,2023-11-16T15:05:00+00:00,2023-11-16T15:15:00+00:00,449.31,0.025000000000034106,450.03,447.87000000000006,2,2,2023-11-16T15:20:00+00:00,449.31,2023-11-16T15:24:00+00:00,450.03999999999996,STOP_LOSS,-1.4599999999999227,0.17987,0.01999999999998181,-1.6398699999999227,-1.0138888888888768,-1.1387986111111041,4.82407713730005,1.4399999999999409,0.005,0.0014925134476662652,,HYP-FCR-03,baseline,964.81542746001,963.17555746001,2.5000000000034106,0.4697999999999979,0.05321413367397663,2,2,1.999999999998181,0.7199999999999704,10.0,2023,10
QQQ,2023-11-16,short,385.985,384.21,2023-11-16T15:05:00+00:00,2023-11-16T15:35:00+00:00,384.6099,0.17000000000001592,385.62,382.58969999999994,2,2,2023-11-16T15:40:00+00:00,384.57,2023-11-16T17:38:00+00:00,385.63,STOP_LOSS,-2.1200000000000045,0.15404,0.09979999999995925,-2.2740400000000047,-1.0494010494010282,-1.1256509256509029,5.145229172850079,2.0202000000000453,0.005,0.0019631778606287063,,HYP-FCR-03,baseline,1029.0458345700158,1026.7717945700158,17.00000000000159,0.625785714285712,0.27165848647417323,6,6,18.500000000000227,1.0101000000000226,30.0,2023,10
QQQ,2023-11-17,long,385.63,384.45,2023-11-17T15:10:00+00:00,2023-11-17T15:20:00+00:00,385.45,0.11000000000001364,384.7385,386.873,2,2,2023-11-17T15:25:00+00:00,385.46,2023-11-17T15:46:00+00:00,384.7285,STOP_LOSS,-1.4629999999999654,0.1540377,0.03999999999996362,-1.6170376999999654,-1.0281096275474093,-1.1363581869289974,5.133858972850079,1.4230000000000018,0.005,0.001385897048911356,,HYP-FCR-03,baseline,1026.7717945700158,1025.154756870016,11.000000000001364,0.5619090909090997,0.19576120368874472,2,2,11.000000000001364,0.7115000000000009,10.0,2023,10
SPY,2023-11-17,long,450.6,449.46,2023-11-17T16:05:00+00:00,2023-11-17T17:05:00+00:00,450.5599,0.12999999999999545,449.93,451.81970000000007,2,2,2023-11-17T17:10:00+00:00,450.57,2023-11-17T20:59:00+00:00,450.77,FORCED_SESSION_CLOSE,0.39999999999997726,0.18026799999999998,0.040199999999913416,0.21973199999997728,0.31751071598663616,0.17441816161293072,4.8158777873000504,1.259800000000041,0.005,0.0013079650851214074,,HYP-FCR-03,baseline,963.17555746001,963.3952894600101,12.999999999999545,0.3679071428571571,0.35335003009297106,12,12,16.999999999995907,0.6299000000000206,60.0,2023,12
QQQ,2023-11-20,short,388.52,386.04,2023-11-20T15:10:00+00:00,2023-11-20T15:15:00+00:00,387.9,0.11000000000001364,388.46,386.78,2,2,2023-11-20T15:20:00+00:00,387.87,2023-11-20T15:57:00+00:00,388.46999999999997,STOP_LOSS,-1.1999999999999318,0.155268,0.07999999999992724,-1.3552679999999317,-1.0714285714285061,-1.2100607142856485,5.12577378435008,1.1200000000000045,0.005,0.0010925179759391336,,HYP-FCR-03,baseline,1025.154756870016,1023.799488870016,11.000000000001364,0.5985299999999881,0.18378360316110443,1,1,9.8700000000008,0.5600000000000023,5.0,2023,10
SPY,2023-11-21,long,453.32,452.71,2023-11-21T16:50:00+00:00,2023-11-21T17:30:00+00:00,453.2,0.060000000000002274,452.94,453.71999999999997,2,2,2023-11-21T17:35:00+00:00,453.21,2023-11-21T18:14:00+00:00,452.93,STOP_LOSS,-0.5599999999999454,0.181228,0.03999999999996362,-0.7412279999999454,-1.0769230769230096,-1.4254384615384064,4.816976447300051,0.5199999999999818,0.005,0.0005397576733963953,,HYP-FCR-03,baseline,963.3952894600101,962.6540614600101,6.000000000000227,0.22161428571428538,0.2707406691162358,8,8,2.9999999999972715,0.2599999999999909,40.0,2023,12
QQQ,2023-11-21,long,389.23,388.23,2023-11-21T17:45:00+00:00,2023-11-21T17:50:00+00:00,388.36,0.05000000000001137,388.0,389.08000000000004,2,2,2023-11-21T17:55:00+00:00,388.38,2023-11-21T18:03:00+00:00,387.99,STOP_LOSS,-0.7799999999999727,0.155274,0.05999999999994543,-0.9352739999999727,-1.0833333333332544,-1.2989916666665795,5.1189974443500805,0.7200000000000273,0.005,0.0007032627070313376,,HYP-FCR-03,baseline,1023.799488870016,1022.8642148700161,5.000000000001137,0.23433571428570385,0.21336909805839924,1,1,22.00000000000273,0.36000000000001364,5.0,2023,12
QQQ,2023-11-22,long,393.07,389.74,2023-11-22T15:20:00+00:00,2023-11-22T15:25:00+00:00,390.3835,0.08500000000003638,389.66,391.83050000000003,2,2,2023-11-22T15:30:00+00:00,390.4,2023-11-22T15:53:00+00:00,389.65000000000003,STOP_LOSS,-1.4999999999998863,0.15601,0.052999999999883585,-1.6560099999998863,-1.036627505183057,-1.1444436765721377,5.11432107435008,1.4470000000000027,0.005,0.0014146550235740578,,HYP-FCR-03,baseline,1022.8642148700161,1021.2082048700162,8.500000000003638,0.9491666666666608,0.08955223880600903,1,1,25.0,0.7235000000000014,5.0,2023,10
SPY,2023-11-22,long,456.38,454.34,2023-11-22T15:20:00+00:00,2023-11-22T15:25:00+00:00,454.96,0.06130000000001701,454.38,456.11999999999995,2,2,2023-11-22T15:30:00+00:00,454.96999999999997,2023-11-22T15:53:00+00:00,454.37,STOP_LOSS,-1.1999999999999318,0.181868,0.03999999999996362,-1.3818679999999317,-1.0344827586206593,-1.191265517241353,4.8132703073000505,1.1599999999999682,0.005,0.0012050019279414386,,HYP-FCR-03,baseline,962.6540614600101,961.2721934600102,6.130000000001701,0.6657666666666747,0.09207430030543674,1,1,6.999999999999318,0.5799999999999841,5.0,2023,10
SPY,2023-11-24,short,455.382,454.73,2023-11-24T15:05:00+00:00,2023-11-24T15:10:00+00:00,454.965,0.01999999999998181,455.39,454.11499999999995,2,2,2023-11-24T15:15:00+00:00,454.96000000000004,2023-11-24T17:59:00+00:00,455.27,FORCED_SESSION_CLOSE,-0.6199999999998909,0.182046,0.02999999999985903,-0.8020459999998909,-0.7294117647057344,-0.9435835294116112,4.8063609673000505,0.8500000000000227,0.005,0.0008842448640280819,,HYP-FCR-03,baseline,961.2721934600102,960.4701474600103,1.999999999998181,0.3391111111111134,0.0589777195281242,1,1,1.2999999999976808,0.42500000000001137,5.0,2023,10
QQQ,2023-11-27,short,389.912,388.28,2023-11-27T16:00:00+00:00,2023-11-27T16:05:00+00:00,389.5401,0.3300000000000409,390.01,388.6003,2,2,2023-11-27T16:10:00+00:00,389.53000000000003,2023-11-27T16:38:00+00:00,390.02,STOP_LOSS,-0.9799999999999045,0.15591,0.040199999999913416,-1.1359099999999045,-1.0427750585229982,-1.2086720578845662,5.106041024350081,0.9397999999999911,0.005,0.0009202824610282219,,HYP-FCR-03,baseline,1021.2082048700162,1020.0722948700163,33.00000000000409,0.4571999999999881,0.7217847769029955,1,1,8.800000000002228,0.46989999999999554,5.0,2023,11
SPY,2023-11-27,short,455.245,454.0799,2023-11-27T18:20:00+00:00,2023-11-27T18:25:00+00:00,455.24,0.020999999999958163,455.4687,454.7826,2,2,2023-11-27T18:30:00+00:00,455.23,2023-11-27T19:40:00+00:00,454.7926,TAKE_PROFIT,0.8748000000000502,0.18200452,0.03999999999996362,0.6927954800000502,1.9125491910800982,1.514638128552776,4.802350737300052,0.4574000000000069,0.005,0.0004762251083072325,,HYP-FCR-03,baseline,960.4701474600103,961.1629429400103,2.0999999999958163,0.19881428571429183,0.10562621254559361,1,1,3.4999999999968168,0.22870000000000346,5.0,2023,13
QQQ,2023-11-28,short,389.23,388.05,2023-11-28T18:05:00+00:00,2023-11-28T18:15:00+00:00,388.75,0.1782000000000039,389.08,388.09000000000003,2,2,2023-11-28T18:20:00+00:00,388.75,2023-11-28T18:28:00+00:00,389.09,STOP_LOSS,-0.67999999999995,0.15556799999999998,0.01999999999998181,-0.8355679999999499,-1.0303030303030043,-1.2660121212121063,5.100361474350081,0.6599999999999682,0.005,0.0006470129649821235,,HYP-FCR-03,baseline,1020.0722948700163,1019.2367268700164,17.82000000000039,0.3883857142857039,0.45882223121346993,2,2,0.9999999999990905,0.3299999999999841,10.0,2023,13
SPY,2023-11-28,short,454.23,453.5,2023-11-28T18:10:00+00:00,2023-11-28T18:15:00+00:00,454.2,0.009900000000016007,454.40999999999997,453.78000000000003,2,2,2023-11-28T18:20:00+00:00,454.2,2023-11-28T18:28:00+00:00,454.41999999999996,STOP_LOSS,-0.4399999999999409,0.181724,0.01999999999998181,-0.6217239999999409,-1.047619047619009,-1.4802952380952417,4.805814714700052,0.4199999999999591,0.005,0.00043697065423190456,,HYP-FCR-03,baseline,961.1629429400103,960.5412189400104,0.9900000000016007,0.36714999999999726,0.02696445594448068,1,1,15.999999999996817,0.20999999999997954,5.0,2023,13
QQQ,2023-11-30,long,390.55,388.01,2023-11-30T15:10:00+00:00,2023-11-30T15:15:00+00:00,388.84,0.4919999999999618,387.4001,391.7197999999999,2,2,2023-11-30T15:20:00+00:00,388.84,2023-11-30T15:38:00+00:00,387.3901,STOP_LOSS,-2.899799999999914,0.15524602,0.01999999999998181,-3.0550460199999137,-1.0069449267310169,-1.0608535384401645,5.096183634350082,2.879799999999932,0.005,0.002825447635549336,,HYP-FCR-03,baseline,1019.2367268700164,1016.1816808500164,49.19999999999618,0.8927600000000098,0.5510999596755639,1,1,37.000000000000455,1.439899999999966,5.0,2023,10
SPY,2023-11-30,long,455.71,454.14,2023-11-30T15:50:00+00:00,2023-11-30T16:00:00+00:00,454.7979,0.17000000000001592,454.115,456.16370000000006,2,2,2023-11-30T16:05:00+00:00,454.8,2023-11-30T16:34:00+00:00,454.105,STOP_LOSS,-1.3899999999999864,0.181781,0.024199999999950705,-1.5717809999999863,-1.0177185532288402,-1.150813442670922,4.802706094700052,1.3658000000000357,0.005,0.0014219067053751655,,HYP-FCR-03,baseline,960.5412189400104,958.9694379400104,17.00000000000159,0.6099571428571429,0.278708105955948,2,2,6.989999999996144,0.6829000000000178,10.0,2023,11
QQQ,2023-12-04,long,386.42,385.13,2023-12-04T17:10:00+00:00,2023-12-04T17:30:00+00:00,385.8315,0.03489999999999327,385.26,386.97450000000003,2,2,2023-12-04T17:35:00+00:00,385.84,2023-12-04T18:25:00+00:00,385.25,STOP_LOSS,-1.17999999999995,0.154218,0.036999999999920874,-1.33421799999995,-1.0323709536307262,-1.1672948381451582,5.080908404250082,1.143000000000029,0.005,0.0011247988637661049,,HYP-FCR-03,baseline,1016.1816808500164,1014.8474628500164,3.489999999999327,0.3781214285714246,0.0922983924287192,4,4,10.000000000002274,0.5715000000000146,20.0,2023,12
SPY,2023-12-04,long,456.83,455.51,2023-12-04T19:05:00+00:00,2023-12-04T19:15:00+00:00,455.94,0.19499999999999318,455.6,456.61999999999995,2,2,2023-12-04T19:20:00+00:00,455.95,2023-12-04T20:50:00+00:00,456.60999999999996,TAKE_PROFIT,1.3199999999999363,0.182512,0.03999999999996362,1.1374879999999363,1.9411764705882846,1.6727764705882646,4.794847189700052,0.67999999999995,0.005,0.0007090945478519914,,HYP-FCR-03,baseline,958.9694379400104,960.1069259400103,19.499999999999318,0.28463571428570894,0.6850862004065236,2,2,1.4999999999986358,0.339999999999975,10.0,2023,14
QQQ,2023-12-05,short,386.15,384.21,2023-12-05T17:40:00+00:00,2023-12-05T17:45:00+00:00,385.975,0.12999999999999545,386.33,385.2650000000001,2,2,2023-12-05T17:50:00+00:00,385.96000000000004,2023-12-05T17:58:00+00:00,386.34,STOP_LOSS,-0.7599999999998772,0.15446,0.049999999999954525,-0.9144599999998773,-1.0704225352112113,-1.2879718309858827,5.074237314250082,0.7099999999999227,0.005,0.0006996125289666838,,HYP-FCR-03,baseline,1014.8474628500164,1013.9330028500166,12.999999999999545,0.6181999999999975,0.210287932707855,1,1,18.500000000000227,0.35499999999996135,5.0,2023,12
SPY,2023-12-05,short,455.7883,454.87,2023-12-05T17:40:00+00:00,2023-12-05T17:45:00+00:00,455.7399,0.07499999999998863,456.0,455.21969999999993,2,2,2023-12-05T17:50:00+00:00,455.72,2023-12-05T17:56:00+00:00,456.01,STOP_LOSS,-0.5799999999999272,0.182346,0.05979999999988195,-0.7623459999999272,-1.1149557862358261,-1.465486351403039,4.800534629700052,0.5202000000000453,0.005,0.0005418146520406921,,HYP-FCR-03,baseline,960.1069259400103,959.3445799400104,7.499999999998863,0.4764785714285803,0.15740477011405418,1,1,22.07000000000221,0.26010000000002265,5.0,2023,12
QQQ,2023-12-07,short,389.2299,386.96,2023-12-07T16:10:00+00:00,2023-12-07T16:15:00+00:00,388.27,0.37000000000000455,389.7401,385.3298,2,2,2023-12-07T16:20:00+00:00,388.26,2023-12-07T16:36:00+00:00,389.7501,STOP_LOSS,-2.980199999999968,0.15560202,0.03999999999996362,-3.135802019999968,-1.0136045166995318,-1.0665267736888522,5.069665014250083,2.9402000000000044,0.005,0.002899797118483701,,HYP-FCR-03,baseline,1013.9330028500166,1010.7972008300167,37.000000000000455,0.5973357142857115,0.61941717387926,1,1,68.01000000000386,1.4701000000000022,5.0,2023,11
SPY,2023-12-07,short,457.23,456.29,2023-12-07T16:15:00+00:00,2023-12-07T16:20:00+00:00,456.89,0.2411999999999921,457.9,454.87,2,2,2023-12-07T16:25:00+00:00,456.865,2023-12-07T16:40:00+00:00,457.90999999999997,STOP_LOSS,-2.089999999999918,0.182955,0.06999999999993634,-2.2729549999999183,-1.0346534653465034,-1.1252252475247222,4.796722899700052,2.019999999999982,0.005,0.0021056042242155537,,HYP-FCR-03,baseline,959.3445799400104,957.0716249400105,24.11999999999921,0.3633642857142953,0.6637966621453874,1,1,8.999999999997499,1.009999999999991,5.0,2023,11
SPY,2023-12-08,short,458.74,457.21,2023-12-08T16:15:00+00:00,2023-12-08T16:20:00+00:00,458.44,0.2699999999999818,459.205,456.91,2,2,2023-12-08T16:25:00+00:00,458.435,2023-12-08T18:06:00+00:00,459.215,STOP_LOSS,-1.5599999999999454,0.18353,0.029999999999972715,-1.7435299999999454,-1.0196078431372375,-1.1395620915032527,4.7853581247000525,1.5299999999999727,0.005,0.001598626435190651,,HYP-FCR-03,baseline,957.0716249400105,955.3280949400105,26.99999999999818,0.5292928571428612,0.5101145733525481,1,1,21.010000000001128,0.7649999999999864,5.0,2023,11
QQQ,2023-12-08,short,390.4,388.4801,2023-12-08T16:35:00+00:00,2023-12-08T16:40:00+00:00,390.32,0.410000000000025,391.08,388.8,2,2,2023-12-08T16:45:00+00:00,390.32,2023-12-08T17:28:00+00:00,391.09,STOP_LOSS,-1.5399999999999636,0.156282,0.01999999999998181,-1.6962819999999637,-1.0131578947368303,-1.1159749999999895,5.053986004150083,1.5199999999999818,0.005,0.0015037635628114452,,HYP-FCR-03,baseline,1010.7972008300167,1009.1009188300167,41.0000000000025,0.686871428571432,0.5969093820844327,1,1,72.00000000000273,0.7599999999999909,5.0,2023,11
QQQ,2023-12-11,short,393.81,391.53,2023-12-11T16:05:00+00:00,2023-12-11T16:10:00+00:00,393.1393,0.29000000000002046,394.24,390.93789999999996,2,2,2023-12-11T16:15:00+00:00,393.12,2023-12-11T17:13:00+00:00,394.25,STOP_LOSS,-2.259999999999991,0.157474,0.0585999999999558,-2.417473999999991,-1.0266194240028867,-1.0981529935495378,5.045504594150083,2.201400000000035,0.005,0.0021815459275890932,,HYP-FCR-03,baseline,1009.1009188300167,1006.6834448300167,29.000000000002046,0.5146214285714328,0.563521034880044,1,1,42.00000000000159,1.1007000000000176,5.0,2023,11
SPY,2023-12-11,short,460.42,459.47,2023-12-11T16:10:00+00:00,2023-12-11T16:15:00+00:00,460.34,0.10500000000001819,460.96999999999997,459.08,2,2,2023-12-11T16:20:00+00:00,460.33,2023-12-11T17:50:00+00:00,460.97999999999996,STOP_LOSS,-1.2999999999999545,0.184262,0.03999999999996362,-1.4842619999999545,-1.0317460317460032,-1.1779857142856867,4.776640474700052,1.259999999999991,0.005,0.001318918606784104,,HYP-FCR-03,baseline,955.3280949400105,953.8438329400105,10.500000000001819,0.38606428571428963,0.27197542970272154,1,1,20.999999999997954,0.6299999999999955,5.0,2023,11
SPY,2023-12-13,long,464.855,464.3,2023-12-13T15:05:00+00:00,2023-12-13T15:10:00+00:00,464.64,0.06839999999999691,464.41,465.0999999999999,2,2,2023-12-13T15:15:00+00:00,464.65,2023-12-13T15:44:00+00:00,465.0899999999999,TAKE_PROFIT,0.8799999999998818,0.18594799999999997,0.03999999999996362,0.6940519999998818,1.913043478260934,1.5088086956521705,4.769219164700053,0.4599999999999227,0.005,0.00048225923795310965,,HYP-FCR-03,baseline,953.8438329400105,954.5378849400104,6.839999999999691,0.2692888888888787,0.2540023106123104,1,1,6.000000000000227,0.22999999999996135,5.0,2023,10
SPY,2023-12-14,long,473.73,472.255,2023-12-14T16:40:00+00:00,2023-12-14T16:45:00+00:00,472.4901,0.27499999999997726,471.83,473.8103,2,2,2023-12-14T16:50:00+00:00,472.495,2023-12-14T18:00:00+00:00,471.82,STOP_LOSS,-1.3500000000000227,0.18886300000000003,0.02980000000002292,-1.5388630000000227,-1.022572337524635,-1.1656286926223474,4.772689424700052,1.3201999999999998,0.005,0.0013830776345592297,,HYP-FCR-03,baseline,954.5378849400104,952.9990219400104,27.499999999997726,0.5091357142857232,0.5401310343859501,1,1,42.50000000000114,0.6600999999999999,5.0,2023,11
QQQ,2023-12-15,short,405.57,403.8,2023-12-15T17:35:00+00:00,2023-12-15T17:40:00+00:00,405.39,0.1349999999999909,406.01,404.15,2,2,2023-12-15T17:45:00+00:00,405.38,2023-12-15T18:41:00+00:00,404.15999999999997,TAKE_PROFIT,2.4400000000000546,0.161908,0.03999999999996362,2.2780920000000546,1.9677419354839005,1.837170967741966,5.033417224150083,1.240000000000009,0.005,0.0012317675495392586,,HYP-FCR-03,baseline,1006.6834448300167,1008.9615368300167,13.49999999999909,0.3523142857142797,0.3831806017354442,1,1,18.000000000000682,0.6200000000000045,5.0,2023,12
SPY,2023-12-15,short,469.82,468.81,2023-12-15T17:50:00+00:00,2023-12-15T18:00:00+00:00,469.455,0.0049999999999954525,469.84,468.685,2,2,2023-12-15T18:05:00+00:00,469.44,2023-12-15T18:30:00+00:00,469.84999999999997,STOP_LOSS,-0.8199999999999363,0.187858,0.049999999999954525,-1.0078579999999364,-1.0649350649350073,-1.3089064935064418,4.764995109700052,0.7699999999999818,0.005,0.0008079756455914306,,HYP-FCR-03,baseline,952.9990219400104,951.9911639400104,0.49999999999954525,0.30784999999999385,0.0162416761409633,2,2,10.000000000002274,0.3849999999999909,10.0,2023,13
SPY,2023-12-18,short,471.43,470.8,2023-12-18T15:45:00+00:00,2023-12-18T15:50:00+00:00,471.15,0.029999999999972715,471.45,470.54999999999995,2,2,2023-12-18T15:55:00+00:00,471.15000000000003,2023-12-18T16:10:00+00:00,471.46,STOP_LOSS,-0.6199999999998909,0.18852200000000002,0.020000000000095497,-0.8085219999998909,-1.0333333333331123,-1.347536666666434,4.759955819700052,0.6000000000000227,0.005,0.0006302579506271885,,HYP-FCR-03,baseline,951.9911639400104,951.1826419400105,2.9999999999972715,0.319814285714289,0.09380444007674403,1,1,4.000000000002046,0.30000000000001137,5.0,2023,10
QQQ,2023-12-19,short,408.5286,407.345,2023-12-19T15:35:00+00:00,2023-12-19T15:40:00+00:00,408.0307,0.2300000000000182,408.61,406.87210000000005,2,2,2023-12-19T15:45:00+00:00,408.02,2023-12-19T15:55:00+00:00,408.62,STOP_LOSS,-1.2000000000000455,0.163328,0.04140000000006694,-1.3633280000000454,-1.0357327809425754,-1.1767029173140606,5.044807684150084,1.1585999999999785,0.005,0.0011483093831704428,,HYP-FCR-03,baseline,1008.9615368300167,1007.5982088300167,23.00000000000182,0.5141928571428593,0.44730298526126117,1,1,34.140000000002146,0.5792999999999893,5.0,2023,10
QQQ,2023-12-20,short,409.28,407.97,2023-12-20T19:20:00+00:00,2023-12-20T19:25:00+00:00,408.9233,0.047000000000025466,409.5799,407.61009999999993,2,2,2023-12-20T19:30:00+00:00,408.92,2023-12-20T19:44:00+00:00,407.6200999999999,TAKE_PROFIT,2.5998000000001866,0.16330802,0.02659999999991669,2.4364919800001865,1.9797441364606185,1.8553853030765235,5.0379910441500835,1.3132000000000517,0.005,0.0013032972751359769,,HYP-FCR-03,baseline,1007.5982088300167,1010.0347008100168,4.700000000002547,0.2577642857142775,0.18233712971440616,1,1,4.000000000002046,0.6566000000000258,5.0,2023,14
SPY,2023-12-20,short,474.66,473.77,2023-12-20T19:25:00+00:00,2023-12-20T19:30:00+00:00,474.23,0.1150000000000091,474.8899,472.91020000000003,2,2,2023-12-20T19:35:00+00:00,474.2197,2023-12-20T19:48:00+00:00,472.9202,TAKE_PROFIT,2.5989999999999327,0.18942798000000002,0.04060000000004038,2.4095720199999326,1.9692377632974385,1.8257099712077263,4.7559132097000525,1.3197999999999865,0.005,0.001387535833610412,,HYP-FCR-03,baseline,951.1826419400105,953.5922139600104,11.50000000000091,0.23958571428571776,0.4799952298611007,1,1,13.999999999998636,0.6598999999999933,5.0,2023,14
QQQ,2023-12-21,long,407.92,406.135,2023-12-21T15:15:00+00:00,2023-12-21T15:20:00+00:00,407.12,0.07999999999998408,405.27,410.82000000000005,2,2,2023-12-21T15:25:00+00:00,407.13,2023-12-21T17:04:00+00:00,405.26,STOP_LOSS,-3.740000000000009,0.162478,0.03999999999996362,-3.902478000000009,-1.010810810810801,-1.0547237837837733,5.050173504050084,3.7000000000000455,0.005,0.0036632404778100783,,HYP-FCR-03,baseline,1010.0347008100168,1006.1322228100169,7.999999999998408,0.8688000000000009,0.09208103130753223,1,1,31.499999999999773,1.8500000000000227,5.0,2023,10
SPY,2023-12-21,short,472.3,470.98,2023-12-21T15:25:00+00:00,2023-12-21T15:55:00+00:00,471.17,0.2400000000000091,471.59,470.3300000000001,2,2,2023-12-21T16:00:00+00:00,471.15000000000003,2023-12-21T16:04:00+00:00,471.59999999999997,STOP_LOSS,-0.8999999999998636,0.18855,0.05999999999994543,-1.0885499999998636,-1.0714285714285134,-1.295892857142821,4.7679610698000525,0.8399999999999181,0.005,0.0008808796755078624,,HYP-FCR-03,baseline,953.5922139600104,952.5036639600106,24.00000000000091,0.6631142857142801,0.36192856219571673,6,6,7.999999999998408,0.4199999999999591,30.0,2023,11
QQQ,2023-12-22,long,409.97,408.77,2023-12-22T17:35:00+00:00,2023-12-22T17:40:00+00:00,409.04,0.08999999999997499,408.695,409.7300000000001,2,2,2023-12-22T17:45:00+00:00,409.05,2023-12-22T19:04:00+00:00,408.685,STOP_LOSS,-0.7300000000000182,0.163547,0.03999999999996362,-0.8935470000000182,-1.0579710144926964,-1.294995652173837,5.030661114050084,0.6900000000000546,0.005,0.000685794554986978,,HYP-FCR-03,baseline,1006.1322228100169,1005.2386758100168,8.999999999997499,0.3181142857142853,0.28291719058731174,1,1,6.999999999999318,0.3450000000000273,5.0,2023,12
SPY,2023-12-22,long,475.38,473.77,2023-12-22T17:20:00+00:00,2023-12-22T17:40:00+00:00,474.3801,0.05500000000000682,474.0,475.1403000000001,2,2,2023-12-22T17:45:00+00:00,474.39,2023-12-22T19:03:00+00:00,473.99,STOP_LOSS,-0.7999999999999545,0.189676,0.03979999999990014,-0.9896759999999545,-1.0523546435147293,-1.3018626677188683,4.762518319800053,0.7602000000000544,0.005,0.0007981071661599091,,HYP-FCR-03,baseline,952.5036639600106,951.5139879600107,5.500000000000682,0.2857428571428581,0.19248075192483077,4,4,10.899999999998045,0.3801000000000272,20.0,2023,12
QQQ,2023-12-26,short,410.24,409.15,2023-12-26T15:40:00+00:00,2023-12-26T15:50:00+00:00,409.775,0.11000000000001364,410.36,408.6049999999999,2,2,2023-12-26T15:55:00+00:00,409.77,2023-12-26T18:22:00+00:00,410.37,STOP_LOSS,-1.2000000000000455,0.164028,0.029999999999972715,-1.3640280000000455,-1.0256410256410007,-1.1658358974358638,5.026193379050084,1.1700000000000728,0.005,0.001163902691126853,,HYP-FCR-03,baseline,1005.2386758100168,1003.8746478100168,11.000000000001364,0.274942857142865,0.4000831341577853,2,2,17.500000000001137,0.5850000000000364,10.0,2023,10
SPY,2023-12-27,long,476.14,475.27,2023-12-27T16:25:00+00:00,2023-12-27T16:35:00+00:00,475.73,0.125,475.3487,476.49260000000004,2,2,2023-12-27T16:40:00+00:00,475.735,2023-12-27T17:43:00+00:00,475.3387,STOP_LOSS,-0.7925999999999931,0.19021474000000002,0.029999999999972715,-0.9828147399999931,-1.0393391030684132,-1.288768345135021,4.757569939800054,0.7626000000000204,0.005,0.0008014595787866339,,HYP-FCR-03,baseline,951.5139879600107,950.5311732200107,12.5,0.22881428571429296,0.5462945620278281,2,2,6.999999999999318,0.3813000000000102,10.0,2023,11
QQQ,2023-12-27,long,411.655,410.94,2023-12-27T18:05:00+00:00,2023-12-27T18:10:00+00:00,411.32,0.10000000000002274,410.57,412.82,2,2,2023-12-27T18:15:00+00:00,411.34999999999997,2023-12-27T19:00:00+00:00,410.56,STOP_LOSS,-1.5799999999999272,0.164382,0.07999999999992724,-1.7443819999999273,-1.0533333333332848,-1.1629213333332848,5.019373239050084,1.5,0.005,0.001494210460710703,,HYP-FCR-03,baseline,1003.8746478100168,1002.1302658100168,10.000000000002274,0.2876071428571346,0.3476965106172503,1,1,6.999999999999318,0.75,5.0,2023,13
QQQ,2023-12-28,long,412.92,411.84,2023-12-28T15:20:00+00:00,2023-12-28T15:30:00+00:00,412.2,0.1349999999999909,411.76,413.08,2,2,2023-12-28T15:35:00+00:00,412.21,2023-12-28T16:08:00+00:00,411.75,STOP_LOSS,-0.9199999999999591,0.16479200000000002,0.03999999999996362,-1.0847919999999591,-1.0454545454545043,-1.2327181818181416,5.010651329050084,0.8799999999999955,0.005,0.000878129351066646,,HYP-FCR-03,baseline,1002.1302658100168,1001.0454738100168,13.49999999999909,0.3342153846153818,0.4039311360706814,2,2,11.99999999999477,0.4399999999999977,10.0,2023,10
SPY,2023-12-28,short,477.385,476.8,2023-12-28T15:50:00+00:00,2023-12-28T16:00:00+00:00,476.985,0.08500000000003638,477.48,475.995,1,1,2023-12-28T16:05:00+00:00,476.97,2023-12-28T18:37:00+00:00,477.49,STOP_LOSS,-0.5199999999999818,0.095446,0.024999999999977263,-0.6154459999999818,-1.0505050505050042,-1.2433252525252043,4.752655866100054,0.49500000000000455,0.005,0.0005207614583782108,,HYP-FCR-03,baseline,950.5311732200107,949.9157272200107,8.500000000003638,0.2399928571428518,0.3541772076551492,2,2,11.000000000001364,0.49500000000000455,10.0,2023,11
SPY,2023-12-29,short,476.93,476.41,2023-12-29T15:05:00+00:00,2023-12-29T15:15:00+00:00,476.6699,0.014999999999986358,476.835,476.3397,1,1,2023-12-29T15:20:00+00:00,476.65000000000003,2023-12-29T15:34:00+00:00,476.3497,TAKE_PROFIT,0.30030000000004975,0.09529997000000001,0.029899999999940974,0.20500003000004974,1.818897637795628,1.2416718958210509,4.749578636100053,0.16509999999999536,0.005,0.00017380489160145933,,HYP-FCR-03,baseline,949.9157272200107,950.1207272500108,1.4999999999986358,0.23999999999999205,0.062499999999945224,2,2,9.99999999999659,0.16509999999999536,10.0,2023,10
SPY,2024-01-02,long,472.8,471.36,2024-01-02T15:35:00+00:00,2024-01-02T15:45:00+00:00,471.67,0.009999999999990905,471.5,472.01000000000005,2,2,2024-01-02T15:50:00+00:00,471.6798,2024-01-02T15:58:00+00:00,471.49,STOP_LOSS,-0.3795999999999822,0.18863396000000002,0.03959999999995034,-0.5682339599999822,-1.1164705882351371,-1.6712763529409675,4.750603636250054,0.34000000000003183,0.005,0.0003578492608872069,,HYP-FCR-03,baseline,950.1207272500108,949.5524932900108,0.9999999999990905,0.5196500000000006,0.019243721735766176,2,2,6.000000000000227,0.17000000000001592,10.0,2024,10
QQQ,2024-01-02,long,406.09,402.5,2024-01-02T16:00:00+00:00,2024-01-02T16:05:00+00:00,402.97,0.12000000000000455,402.07,404.7700000000001,2,2,2024-01-02T16:10:00+00:00,402.96999999999997,2024-01-02T18:56:00+00:00,402.06,STOP_LOSS,-1.8199999999999363,0.161006,0.020000000000095497,-1.9810059999999363,-1.0111111111110374,-1.1005588888888118,5.005227369050084,1.8000000000000682,0.005,0.0017981201125151691,,HYP-FCR-03,baseline,1001.0454738100168,999.0644678100168,12.000000000000455,0.5853999999999928,0.2049880423642057,1,1,18.000000000000682,0.9000000000000341,5.0,2024,11
QQQ,2024-01-03,long,400.76,399.26,2024-01-03T15:55:00+00:00,2024-01-03T16:00:00+00:00,399.9399,0.2599999999999909,398.81,402.19970000000006,2,2,2024-01-03T16:05:00+00:00,399.95,2024-01-03T16:41:00+00:00,398.8,STOP_LOSS,-2.2999999999999545,0.15975,0.040199999999913416,-2.4597499999999544,-1.0177891848835794,-1.0884812815292988,4.995322339050084,2.259800000000041,0.005,0.0022619160953182525,,HYP-FCR-03,baseline,999.0644678100168,996.6047178100168,25.99999999999909,0.7152714285714329,0.3634983722462852,1,1,28.999999999996362,1.1299000000000206,5.0,2024,11
SPY,2024-01-03,long,470.53,469.65,2024-01-03T17:35:00+00:00,2024-01-03T18:00:00+00:00,470.445,0.36000000000001364,469.83,471.675,2,2,2024-01-03T18:05:00+00:00,470.45,2024-01-03T19:00:00+00:00,469.82,STOP_LOSS,-1.259999999999991,0.188054,0.029999999999972715,-1.4480539999999908,-1.0243902439024164,-1.1772796747967231,4.747762466450054,1.2300000000000182,0.005,0.0012953470278807993,,HYP-FCR-03,baseline,949.5524932900108,948.1044392900109,36.000000000001364,0.31575714285713324,1.1401167262363354,5,5,0.9999999999990905,0.6150000000000091,25.0,2024,13
QQQ,2024-01-04,short,397.56,396.1928,2024-01-04T20:10:00+00:00,2024-01-04T20:20:00+00:00,397.2401,0.05000000000001137,397.82,396.08029999999997,2,2,2024-01-04T20:25:00+00:00,397.22,2024-01-04T20:55:00+00:00,396.09029999999996,TAKE_PROFIT,2.2594000000001415,0.15866206,0.060199999999895226,2.1007379400001414,1.9480944990516518,1.811293274702628,4.9830235890500845,1.1598000000000184,0.005,0.0011637512639400445,,HYP-FCR-03,baseline,996.6047178100168,998.705455750017,5.000000000001137,0.3675500000000064,0.13603591348118757,2,2,28.989999999998872,0.5799000000000092,10.0,2024,15
SPY,2024-01-04,short,469.26,468.11,2024-01-04T19:00:00+00:00,2024-01-04T20:20:00+00:00,468.23,0.13999999999998636,468.995,466.70000000000005,2,2,2024-01-04T20:25:00+00:00,468.22,2024-01-04T20:59:00+00:00,467.28,FORCED_SESSION_CLOSE,1.8800000000001091,0.18710000000000002,0.03999999999996362,1.692900000000109,1.2287581699347339,1.1064705882353851,4.740522196450055,1.5299999999999727,0.005,0.0016137462673898194,,HYP-FCR-03,baseline,948.1044392900109,949.797339290011,13.999999999998636,0.371600000000013,0.37674919268025153,16,16,6.999999999999318,0.7649999999999864,80.0,2024,15
SPY,2024-01-05,short,468.59,467.13,2024-01-05T17:00:00+00:00,2024-01-05T17:05:00+00:00,467.58,0.03000000000002956,468.95,464.84,2,2,2024-01-05T17:10:00+00:00,467.575,2024-01-05T19:10:00+00:00,468.96,STOP_LOSS,-2.769999999999982,0.187307,0.029999999999972715,-2.957306999999982,-1.010948905109479,-1.079309124087581,4.748986696450055,2.740000000000009,0.005,0.0028848259377607897,,HYP-FCR-03,baseline,949.797339290011,946.840032290011,3.000000000002956,0.49257857142856665,0.06090398921135394,1,1,25.0,1.3700000000000045,5.0,2024,12
QQQ,2024-01-05,short,397.57,396.16,2024-01-05T17:05:00+00:00,2024-01-05T17:10:00+00:00,397.0457,0.6213000000000193,398.06,395.0171,2,2,2024-01-05T17:15:00+00:00,397.04,2024-01-05T20:59:00+00:00,396.78,FORCED_SESSION_CLOSE,0.5200000000000955,0.158764,0.03139999999996235,0.3612360000000955,0.25633441782515026,0.17807157645671817,4.9935272787500855,2.028599999999983,0.005,0.0020312295164909523,,HYP-FCR-03,baseline,998.705455750017,999.0666917500171,62.13000000000193,0.5236785714285678,1.1864147855146057,1,1,30.169999999998254,1.0142999999999915,5.0,2024,12
QQQ,2024-01-10,long,406.9,405.4591,2024-01-10T15:05:00+00:00,2024-01-10T15:15:00+00:00,406.23,0.29000000000002046,405.46000000000004,407.77,2,2,2024-01-10T15:20:00+00:00,406.245,2024-01-10T17:56:00+00:00,407.76,TAKE_PROFIT,3.0299999999999727,0.162801,0.049999999999954525,2.8671989999999727,1.9675324675324963,1.8618175324675588,4.9953334587500855,1.5399999999999636,0.005,0.0015414386373970887,,HYP-FCR-03,baseline,999.0666917500171,1001.9338907500171,29.000000000002046,0.6360099999999932,0.4559676734642908,2,2,28.909999999996217,0.7699999999999818,10.0,2024,10
SPY,2024-01-10,long,475.34,474.14,2024-01-10T15:05:00+00:00,2024-01-10T15:30:00+00:00,474.8499,0.18000000000000682,474.3,475.94969999999995,1,1,2024-01-10T15:35:00+00:00,474.84,2024-01-10T19:05:00+00:00,475.93969999999996,TAKE_PROFIT,1.0996999999999844,0.09507797,0.019900000000006912,1.0046220299999844,1.9998181487543647,1.8269176759411194,4.734200161450055,0.5498999999999796,0.005,0.0005807739229930963,,HYP-FCR-03,baseline,946.840032290011,947.8446543200109,18.000000000000682,0.4732538461538437,0.3803455618224243,5,5,26.99999999999818,0.5498999999999796,25.0,2024,10
QQQ,2024-01-11,long,411.2004,408.4295,2024-01-11T18:55:00+00:00,2024-01-11T19:00:00+00:00,408.56,0.2599999999999909,407.69,410.3,2,2,2024-01-11T19:05:00+00:00,408.6001,2024-01-11T20:59:00+00:00,409.33,FORCED_SESSION_CLOSE,1.459799999999973,0.16358602000000003,0.10019999999997253,1.2962139799999728,0.8389655172413594,0.7449505632183713,5.009669453750085,1.740000000000009,0.005,0.00173664152501868,,HYP-FCR-03,baseline,1001.9338907500171,1003.230104730017,25.99999999999909,0.47463571428570667,0.5477885295489671,1,1,48.45000000000255,0.8700000000000045,5.0,2024,14
SPY,2024-01-11,long,478.12,475.72,2024-01-11T19:25:00+00:00,2024-01-11T19:30:00+00:00,476.08,0.060000000000002274,475.53000000000003,477.1799999999999,1,1,2024-01-11T19:35:00+00:00,476.09,2024-01-11T20:18:00+00:00,475.52000000000004,STOP_LOSS,-0.5699999999999363,0.09516100000000001,0.01999999999998181,-0.6651609999999364,-1.0363636363636064,-1.2093836363636208,4.739223271600054,0.5499999999999545,0.005,0.0005802638623251271,,HYP-FCR-03,baseline,947.8446543200109,947.179493320011,6.000000000000227,0.44313571428571663,0.1353987008172323,1,1,19.000000000005457,0.5499999999999545,5.0,2024,14
QQQ,2024-01-16,short,409.02,406.83,2024-01-16T17:00:00+00:00,2024-01-16T17:05:00+00:00,408.434,0.08999999999997499,409.28,406.74200000000013,2,2,2024-01-16T17:10:00+00:00,408.42,2024-01-16T20:56:00+00:00,409.28999999999996,STOP_LOSS,-1.7399999999998954,0.16354200000000002,0.04800000000000182,-1.9035419999998955,-1.028368794326244,-1.1250248226950443,5.016150523650086,1.6919999999998936,0.005,0.0016865522595688393,,HYP-FCR-03,baseline,1003.230104730017,1001.3265627300171,8.999999999997499,0.8402357142857154,0.10711279997956764,1,1,35.000000000002274,0.8459999999999468,5.0,2024,12
SPY,2024-01-16,short,475.61,473.47,2024-01-16T16:50:00+00:00,2024-01-16T17:05:00+00:00,474.65,0.060000000000002274,475.33,473.28999999999996,1,1,2024-01-16T17:10:00+00:00,474.63,2024-01-16T19:13:00+00:00,473.29999999999995,TAKE_PROFIT,1.330000000000041,0.094793,0.029999999999972715,1.235207000000041,1.955882352941217,1.8164808823529832,4.735897466600055,0.6800000000000068,0.005,0.0007179209482423457,,HYP-FCR-03,baseline,947.179493320011,948.4147003200111,6.000000000000227,0.7195285714285669,0.08338793257490393,3,3,26.400000000001,0.6800000000000068,15.0,2024,12
SPY,2024-01-17,short,471.94,471.05,2024-01-17T15:15:00+00:00,2024-01-17T15:20:00+00:00,471.53,0.1150000000000091,472.12,470.3499999999999,2,2,2024-01-17T15:25:00+00:00,471.53000000000003,2024-01-17T15:37:00+00:00,472.13,STOP_LOSS,-1.1999999999999318,0.18873200000000004,0.020000000000095497,-1.388731999999932,-1.0169491525422603,-1.1768915254236076,4.742073501600055,1.1800000000000637,0.005,0.001244181474203122,,HYP-FCR-03,baseline,948.4147003200111,947.0259683200112,11.50000000000091,0.5632999999999956,0.20415409195812179,1,1,31.999999999999318,0.5900000000000318,5.0,2024,10
QQQ,2024-01-17,long,406.61,403.27,2024-01-17T15:00:00+00:00,2024-01-17T15:30:00+00:00,404.38,0.08699999999998909,403.92,405.29999999999995,2,2,2024-01-17T15:35:00+00:00,404.38,2024-01-17T15:35:00+00:00,403.91,STOP_LOSS,-0.9399999999999409,0.161658,0.01999999999998181,-1.101657999999941,-1.0217391304347638,-1.197454347826076,5.006632813650086,0.9199999999999591,0.005,0.0009187811791306831,,HYP-FCR-03,baseline,1001.3265627300171,1000.2249047300172,8.699999999998909,0.7896307692307687,0.11017807738766501,6,6,34.99999999999659,0.45999999999997954,30.0,2024,10
QQQ,2024-01-18,long,411.86,410.49,2024-01-18T15:10:00+00:00,2024-01-18T15:15:00+00:00,410.95,0.060000000000002274,410.33,412.19,2,2,2024-01-18T15:20:00+00:00,410.96,2024-01-18T15:40:00+00:00,412.18,TAKE_PROFIT,2.4400000000000546,0.164628,0.03999999999996362,2.2753720000000546,1.9677419354839005,1.8349774193548694,5.001124523650086,1.240000000000009,0.005,0.001239721180842535,,HYP-FCR-03,baseline,1000.2249047300172,1002.5002767300173,6.000000000000227,0.7554099999999891,0.07942706609656099,1,1,3.000000000002956,0.6200000000000045,5.0,2024,10
SPY,2024-01-18,short,474.47,473.39,2024-01-18T15:55:00+00:00,2024-01-18T16:00:00+00:00,473.7,0.06999999999999318,474.84,471.42,1,1,2024-01-18T16:05:00+00:00,473.69,2024-01-18T16:31:00+00:00,474.84999999999997,STOP_LOSS,-1.1599999999999682,0.09485400000000001,0.01999999999998181,-1.2548539999999682,-1.017543859649107,-1.1007491228070028,4.735129841600056,1.1399999999999864,0.005,0.0012037684690128444,,HYP-FCR-03,baseline,947.0259683200112,945.7711143200112,6.999999999999318,0.5460214285714277,0.12820009680414246,1,1,18.999999999999773,1.1399999999999864,5.0,2024,11
QQQ,2024-01-19,short,415.75,414.625,2024-01-19T15:05:00+00:00,2024-01-19T15:10:00+00:00,415.2399,0.009999999999990905,415.86,413.9996999999999,2,2,2024-01-19T15:15:00+00:00,415.228,2024-01-19T15:21:00+00:00,415.87,STOP_LOSS,-1.2839999999999918,0.1662196,0.04379999999991924,-1.4502195999999918,-1.035316884373421,-1.1693433317206152,5.012501383650086,1.2402000000000726,0.005,0.001237106890429388,,HYP-FCR-03,baseline,1002.5002767300173,1001.0500571300173,0.9999999999990905,0.7399222222222256,0.013514934002059937,1,1,17.500000000001137,0.6201000000000363,5.0,2024,10
SPY,2024-01-19,short,477.97,476.94,2024-01-19T15:05:00+00:00,2024-01-19T15:10:00+00:00,477.3491,0.029999999999972715,477.96999999999997,476.1073000000001,1,1,2024-01-19T15:15:00+00:00,477.34000000000003,2024-01-19T15:20:00+00:00,477.97999999999996,STOP_LOSS,-0.6399999999999295,0.09553199999999999,0.019099999999980355,-0.7355319999999295,-1.0307617973908552,-1.1846223224351582,4.728855571600056,0.6208999999999492,0.005,0.0006565013358928421,,HYP-FCR-03,baseline,945.7711143200112,945.0355823200113,2.9999999999972715,0.588766666666667,0.050953971578960595,1,1,5.999999999994543,0.6208999999999492,5.0,2024,10
SPY,2024-01-22,short,485.2,483.9,2024-01-22T15:00:00+00:00,2024-01-22T15:30:00+00:00,483.98,0.015000000000043201,484.69,482.56000000000006,1,1,2024-01-22T15:35:00+00:00,483.98,2024-01-22T20:59:00+00:00,483.53,FORCED_SESSION_CLOSE,0.4500000000000455,0.096751,0.009999999999990905,0.35324900000004544,0.6338028169014908,0.49753380281697973,4.725177911600056,0.7099999999999795,0.005,0.0007512944626454889,,HYP-FCR-03,baseline,945.0355823200113,945.3888313200113,1.50000000000432,0.5961461538461558,0.025161614988652884,6,6,2.0000000000038654,0.7099999999999795,30.0,2024,10
SPY,2024-01-23,long,484.3737,483.54,2024-01-23T17:50:00+00:00,2024-01-23T17:55:00+00:00,483.91,0.18000000000000682,483.27,485.1900000000001,1,1,2024-01-23T18:00:00+00:00,483.92,2024-01-23T20:59:00+00:00,484.87,FORCED_SESSION_CLOSE,0.9499999999999886,0.096879,0.01999999999998181,0.8531209999999886,1.484374999999882,1.333001562499892,4.726944156600056,0.6400000000000432,0.005,0.000676970129958522,,HYP-FCR-03,baseline,945.3888313200113,946.2419523200113,18.000000000000682,0.25127857142857124,0.7163364507234706,1,1,14.500000000003865,0.6400000000000432,5.0,2024,13
QQQ,2024-01-23,short,422.44,420.57,2024-01-23T18:20:00+00:00,2024-01-23T18:35:00+00:00,421.85,0.07000000000005002,422.27,421.0100000000001,2,2,2024-01-23T18:40:00+00:00,421.84000000000003,2024-01-23T18:48:00+00:00,422.28,STOP_LOSS,-0.8799999999998818,0.168824,0.03999999999996362,-1.0488239999998819,-1.047619047619009,-1.248599999999981,5.005250285650087,0.8399999999999181,0.005,0.0008391188772399402,,HYP-FCR-03,baseline,1001.0500571300173,1000.0012331300175,7.000000000005002,0.2778642857142789,0.25192154443349124,3,3,6.999999999999318,0.4199999999999591,15.0,2024,13
SPY,2024-01-24,long,487.83,486.95,2024-01-24T15:10:00+00:00,2024-01-24T15:15:00+00:00,487.32,0.060000000000002274,486.5435,488.873,1,1,2024-01-24T15:20:00+00:00,487.32,2024-01-24T19:20:00+00:00,486.5335,STOP_LOSS,-0.7864999999999895,0.09738535,0.009999999999990905,-0.8838853499999896,-1.0128783000643797,-1.1382940759819589,4.731209761600057,0.7764999999999986,0.005,0.000820614640997647,,HYP-FCR-03,baseline,946.2419523200113,945.3580669700112,6.000000000000227,0.46251000000000886,0.1297269248232495,1,1,25.0,0.7764999999999986,5.0,2024,10
QQQ,2024-01-24,short,427.54,426.12,2024-01-24T19:10:00+00:00,2024-01-24T19:15:00+00:00,427.0,0.4200000000000159,427.87,425.26,2,2,2024-01-24T19:20:00+00:00,426.98,2024-01-24T20:59:00+00:00,425.8,FORCED_SESSION_CLOSE,2.3600000000000136,0.170556,0.05999999999994543,2.1894440000000137,1.3563218390804606,1.2583011494252887,5.000006165650087,1.740000000000009,0.005,0.0017399978543564247,,HYP-FCR-03,baseline,1000.0012331300175,1002.1906771300174,42.00000000000159,0.4896428571428625,0.8577680525164345,1,1,10.99999999999568,0.8700000000000045,5.0,2024,14
QQQ,2024-01-25,long,428.45,426.85,2024-01-25T15:00:00+00:00,2024-01-25T15:10:00+00:00,427.96,0.14999999999997726,427.05,429.7799999999999,2,2,2024-01-25T15:15:00+00:00,427.9715,2024-01-25T17:20:00+00:00,427.04,STOP_LOSS,-1.8629999999999427,0.17100230000000002,0.043000000000006366,-2.0340022999999428,-1.023626373626378,-1.117583681318689,5.010953385650088,1.8199999999999363,0.005,0.0018160216828317411,,HYP-FCR-03,baseline,1002.1906771300174,1000.1566748300174,14.999999999997726,0.7438555555555568,0.2016520531166136,2,2,26.000000000004775,0.9099999999999682,10.0,2024,10
SPY,2024-01-25,short,487.7,486.77,2024-01-25T15:30:00+00:00,2024-01-25T15:35:00+00:00,487.2914,0.3900000000000432,488.12,485.6342,1,1,2024-01-25T15:40:00+00:00,487.29,2024-01-25T19:01:00+00:00,485.6442,TAKE_PROFIT,1.6458000000000084,0.09729342,0.011399999999980537,1.5485065800000084,1.9862418537292053,1.8688228095583137,4.726790334850056,0.8285999999999945,0.005,0.0008764932875177754,,HYP-FCR-03,baseline,945.3580669700112,946.9065735500112,39.00000000000432,0.5246500000000042,0.7433527113314402,1,1,47.01000000000022,0.8285999999999945,5.0,2024,10
SPY,2024-01-26,long,488.35,487.235,2024-01-26T15:15:00+00:00,2024-01-26T15:25:00+00:00,488.14,0.19999999999998863,487.44,489.53999999999996,1,1,2024-01-26T15:30:00+00:00,488.1519,2024-01-26T17:37:00+00:00,487.43,STOP_LOSS,-0.7219000000000051,0.09755819,0.021900000000016462,-0.8194581900000051,-1.0312857142857383,-1.1706545571428835,4.734532867750056,0.6999999999999886,0.005,0.0007392492771231331,,HYP-FCR-03,baseline,946.9065735500112,946.0871153600112,19.999999999998863,0.4737666666666674,0.4221487370716703,2,2,8.500000000003638,0.6999999999999886,10.0,2024,10
QQQ,2024-01-26,short,424.76,423.48,2024-01-26T17:35:00+00:00,2024-01-26T17:40:00+00:00,424.23,0.2300000000000182,425.40999999999997,421.8700000000001,2,2,2024-01-26T17:45:00+00:00,424.21000000000004,2024-01-26T20:59:00+00:00,423.78,FORCED_SESSION_CLOSE,0.8600000000001273,0.169598,0.05999999999994543,0.6904020000001273,0.36440677966108637,0.2925432203390494,5.000783374150087,2.3599999999999,0.005,0.0023596303053229095,,HYP-FCR-03,baseline,1000.1566748300174,1000.8470768300176,23.00000000000182,0.5132214285714147,0.44814964301127913,1,1,9.000000000003183,1.17999999999995,5.0,2024,12
QQQ,2024-01-29,long,425.12,423.85,2024-01-29T15:05:00+00:00,2024-01-29T15:15:00+00:00,424.72,0.150100000000009,423.855,426.45000000000005,2,2,2024-01-29T15:20:00+00:00,424.71999999999997,2024-01-29T15:25:00+00:00,423.845,STOP_LOSS,-1.7499999999998863,0.16971300000000003,0.020000000000095497,-1.9197129999998863,-1.0115606936415422,-1.1096606936415412,5.004235384150088,1.7300000000000182,0.005,0.0017285357973762048,,HYP-FCR-03,baseline,1000.8470768300176,998.9273638300177,15.0100000000009,0.5195300000000088,0.28891498084808664,2,2,9.000000000003183,0.8650000000000091,10.0,2024,10
SPY,2024-01-29,short,488.15,487.4568,2024-01-29T15:20:00+00:00,2024-01-29T15:25:00+00:00,487.67,0.39440000000001874,488.25,486.51000000000005,1,1,2024-01-29T15:30:00+00:00,487.67,2024-01-29T17:24:00+00:00,488.26,STOP_LOSS,-0.589999999999975,0.09759300000000001,0.009999999999990905,-0.687592999999975,-1.0172413793103297,-1.1855051724137826,4.7304355768000566,0.5799999999999841,0.005,0.0006130513676631974,,HYP-FCR-03,baseline,946.0871153600112,945.3995223600112,39.440000000001874,0.359366666666664,1.0974863185233883,1,1,10.500000000001819,0.5799999999999841,5.0,2024,10
SPY,2024-01-30,short,491.32,490.52,2024-01-30T15:00:00+00:00,2024-01-30T15:05:00+00:00,490.9346,0.09030000000001337,491.31,490.18379999999996,1,1,2024-01-30T15:10:00+00:00,490.9244,2024-01-30T16:48:00+00:00,491.32,STOP_LOSS,-0.39560000000000173,0.09822444000000001,0.02019999999998845,-0.49382444000000175,-1.053809270111848,-1.3154620138518494,4.726997611800057,0.3754000000000133,0.005,0.00039708080141916943,,HYP-FCR-03,baseline,945.3995223600112,944.9056979200112,9.030000000001337,0.3977874999999855,0.22700562486256268,1,1,3.9600000000007185,0.3754000000000133,5.0,2024,10
QQQ,2024-01-31,long,421.53,419.62,2024-01-31T17:00:00+00:00,2024-01-31T17:05:00+00:00,420.1,0.2300000000000182,419.17,421.96000000000004,2,2,2024-01-31T17:10:00+00:00,420.14,2024-01-31T19:01:00+00:00,419.16,STOP_LOSS,-1.9599999999999227,0.16786,0.09999999999990905,-2.127859999999923,-1.0537634408601657,-1.1440107526881222,4.994636819150089,1.8600000000000136,0.005,0.001861997245594045,,HYP-FCR-03,baseline,998.9273638300177,996.7995038300178,23.00000000000182,0.4306357142857077,0.534094113354062,1,1,24.00000000000091,0.9300000000000068,5.0,2024,12
SPY,2024-01-31,long,489.0813,487.52,2024-01-31T19:35:00+00:00,2024-01-31T19:40:00+00:00,488.45,0.9700000000000273,486.14,493.07,1,1,2024-01-31T19:45:00+00:00,488.46,2024-01-31T20:00:00+00:00,486.13,STOP_LOSS,-2.329999999999984,0.09745899999999999,0.01999999999998181,-2.4274589999999843,-1.0086580086580008,-1.050848051948044,4.724528489600056,2.3100000000000023,0.005,0.002444688401271076,,HYP-FCR-03,baseline,944.9056979200112,942.4782389200112,97.00000000000273,0.8327428571428551,1.1648253619708036,1,1,153.99999999999636,2.3100000000000023,5.0,2024,14
SPY,2024-02-01,long,485.75,484.56,2024-02-01T15:00:00+00:00,2024-02-01T15:10:00+00:00,485.74,0.2699999999999818,485.0,487.22,1,1,2024-02-01T15:15:00+00:00,485.75,2024-02-01T15:21:00+00:00,484.99,STOP_LOSS,-0.7599999999999909,0.09707400000000001,0.01999999999998181,-0.8570739999999909,-1.027027027027002,-1.1582081081080815,4.712391194600056,0.7400000000000091,0.005,0.0007851640169941509,,HYP-FCR-03,baseline,942.4782389200112,941.6211649200112,26.99999999999818,0.6688888888888869,0.4036544850498079,2,2,30.000000000001137,0.7400000000000091,10.0,2024,10
QQQ,2024-02-01,long,419.5699,418.3399,2024-02-01T16:30:00+00:00,2024-02-01T16:35:00+00:00,419.15,0.02010000000001355,418.175,421.0999999999999,2,2,2024-02-01T16:40:00+00:00,419.15999999999997,2024-02-01T17:52:00+00:00,421.0899999999999,TAKE_PROFIT,3.8599999999999,0.16804999999999998,0.03999999999996362,3.6919499999999,1.9794871794871973,1.8933076923077072,4.983997519150089,1.9499999999999318,0.005,0.0019562610058566614,,HYP-FCR-03,baseline,996.7995038300178,1000.4914538300177,2.010000000001355,0.5797642857142762,0.03466926213857779,1,1,15.489999999999782,0.9749999999999659,5.0,2024,11
QQQ,2024-02-05,long,429.42,427.95,2024-02-05T17:20:00+00:00,2024-02-05T17:30:00+00:00,428.4,0.010000000000047748,428.01,429.17999999999995,2,2,2024-02-05T17:35:00+00:00,428.42,2024-02-05T18:29:00+00:00,428.0,STOP_LOSS,-0.8400000000000318,0.17128400000000002,0.06000000000005912,-1.0112840000000318,-1.0769230769231555,-1.296517948718035,5.002457269150089,0.7799999999999727,0.005,0.0007796168543109753,,HYP-FCR-03,baseline,1000.4914538300177,999.4801698300176,1.0000000000047748,0.3737357142857109,0.026756875561544588,2,2,24.00000000000091,0.38999999999998636,10.0,2024,12
SPY,2024-02-05,long,493.71,492.88,2024-02-05T17:30:00+00:00,2024-02-05T17:35:00+00:00,493.285,0.1449999999999818,492.625,494.6050000000001,1,1,2024-02-05T17:40:00+00:00,493.28999999999996,2024-02-05T18:29:00+00:00,492.615,STOP_LOSS,-0.6749999999999545,0.0985905,0.014999999999929514,-0.7735904999999546,-1.022727272727165,-1.172106818181705,4.708105824600056,0.660000000000025,0.005,0.0007009188244574883,,HYP-FCR-03,baseline,941.6211649200112,940.8475744200113,14.499999999998181,0.3458499999999885,0.4192569032817309,1,1,12.999999999999545,0.660000000000025,5.0,2024,12
SPY,2024-02-06,long,494.32,492.98,2024-02-06T18:30:00+00:00,2024-02-06T18:35:00+00:00,493.33,0.06499999999999773,492.52,494.95,1,1,2024-02-06T18:40:00+00:00,493.34,2024-02-06T19:08:00+00:00,492.51,STOP_LOSS,-0.8299999999999841,0.09858499999999999,0.01999999999998181,-0.9285849999999841,-1.0246913580246688,-1.1464012345678785,4.704237872100056,0.8100000000000023,0.005,0.0008609258524148607,,HYP-FCR-03,baseline,940.8475744200113,939.9189894200113,6.499999999999773,0.35992857142856644,0.1805913871799922,1,1,8.000000000004093,0.8100000000000023,5.0,2024,13
SPY,2024-02-08,long,498.35,497.66,2024-02-08T15:45:00+00:00,2024-02-08T15:50:00+00:00,498.17,0.15899999999999181,497.69,499.13000000000005,1,1,2024-02-08T15:55:00+00:00,498.17,2024-02-08T16:10:00+00:00,497.68,STOP_LOSS,-0.4900000000000091,0.099585,0.009999999999990905,-0.5895850000000091,-1.0208333333333135,-1.2283020833333058,4.699594947100056,0.4800000000000182,0.005,0.0005106823092234877,,HYP-FCR-03,baseline,939.9189894200113,939.3294044200112,15.899999999999181,0.33061428571428614,0.4809229572656705,1,1,1.0000000000047748,0.4800000000000182,5.0,2024,10
SPY,2024-02-12,long,501.47,501.14,2024-02-12T15:20:00+00:00,2024-02-12T15:25:00+00:00,501.325,0.015000000000043201,501.1388,501.69739999999996,1,1,2024-02-12T15:30:00+00:00,501.34499999999997,2024-02-12T15:45:00+00:00,501.68739999999997,TAKE_PROFIT,0.3423999999999978,0.10030324,0.029999999999972715,0.2420967599999978,1.8388829215898224,1.3001974221268364,4.6966470221000565,0.18619999999998527,0.005,0.00019822652109454023,,HYP-FCR-03,baseline,939.3294044200112,939.5715011800112,1.50000000000432,0.19593333333332907,0.07655665192264474,1,1,2.9999999999972715,0.18619999999998527,5.0,2024,10
QQQ,2024-02-12,short,437.45,436.3806,2024-02-12T18:30:00+00:00,2024-02-12T18:35:00+00:00,436.41,0.2950000000000159,438.06,433.11000000000007,2,2,2024-02-12T18:40:00+00:00,436.419,2024-02-12T20:59:00+00:00,435.32,FORCED_SESSION_CLOSE,2.197999999999979,0.17434780000000002,0.03799999999989723,2.023652199999979,0.6660606060606089,0.6132279393939415,4.997400849150089,3.2999999999999545,0.005,0.003301716331761928,,HYP-FCR-03,baseline,999.4801698300176,1001.5038220300177,29.50000000000159,0.39492142857141793,0.7469840293729918,1,1,11.000000000001364,1.6499999999999773,5.0,2024,13
SPY,2024-02-13,long,495.19,493.62,2024-02-13T15:15:00+00:00,2024-02-13T15:25:00+00:00,494.89,0.37000000000000455,493.57,497.53,1,1,2024-02-13T15:30:00+00:00,494.905,2024-02-13T18:49:00+00:00,493.56,STOP_LOSS,-1.3449999999999704,0.09884649999999999,0.024999999999977263,-1.4438464999999705,-1.0189393939393767,-1.0938231060605894,4.697857505900056,1.3199999999999932,0.005,0.0014048957406032436,,HYP-FCR-03,baseline,939.5715011800112,938.1276546800112,37.000000000000455,0.5868333333333359,0.6305026980971365,2,2,39.999999999997726,1.3199999999999932,10.0,2024,10
QQQ,2024-02-13,short,428.665,426.28,2024-02-13T17:50:00+00:00,2024-02-13T17:55:00+00:00,428.41,0.4701000000000022,429.545,426.14000000000004,2,2,2024-02-13T18:00:00+00:00,428.40000000000003,2024-02-13T19:53:00+00:00,426.15000000000003,TAKE_PROFIT,4.5,0.17091000000000003,0.03999999999996362,4.32909,1.9823788546255665,1.9070881057268876,5.007519110150088,2.269999999999982,0.005,0.0022665914498446555,,HYP-FCR-03,baseline,1001.5038220300177,1005.8329120300176,47.01000000000022,0.5143357142857131,0.9139944727595991,1,1,60.29999999999518,1.134999999999991,5.0,2024,13
QQQ,2024-02-14,short,431.97,430.13,2024-02-14T15:35:00+00:00,2024-02-14T15:40:00+00:00,431.33,0.22019999999997708,432.45,429.09,2,2,2024-02-14T15:45:00+00:00,431.32,2024-02-14T17:02:00+00:00,429.09999999999997,TAKE_PROFIT,4.440000000000055,0.172084,0.03999999999996362,4.267916000000055,1.9821428571428734,1.9053196428571595,5.029164560150088,2.240000000000009,0.005,0.002227010046309918,,HYP-FCR-03,baseline,1005.8329120300176,1010.1008280300176,22.019999999997708,0.6712214285714343,0.3280586563939569,1,1,27.99999999999727,1.1200000000000045,5.0,2024,10
SPY,2024-02-14,short,497.3,495.78,2024-02-14T15:40:00+00:00,2024-02-14T15:45:00+00:00,497.02,0.12000000000000455,497.6599,495.74019999999996,1,1,2024-02-14T15:50:00+00:00,497.0199,2024-02-14T16:00:00+00:00,495.75019999999995,TAKE_PROFIT,1.2697000000000571,0.09927701,0.010099999999965803,1.1704229900000571,1.9842162837943966,1.8290717143304207,4.690638273400056,0.6399000000000115,0.005,0.0006821033329608825,,HYP-FCR-03,baseline,938.1276546800112,939.2980776700113,12.000000000000455,0.5221500000000064,0.22981901752370595,1,1,5.000000000001137,0.6399000000000115,5.0,2024,10
QQQ,2024-02-15,long,434.28,432.03,2024-02-15T15:05:00+00:00,2024-02-15T15:10:00+00:00,433.17,0.20999999999997954,431.95,435.61000000000007,2,2,2024-02-15T15:15:00+00:00,433.18,2024-02-15T16:04:00+00:00,431.94,STOP_LOSS,-2.480000000000018,0.173024,0.03999999999996362,-2.653024000000018,-1.0163934426229355,-1.0873049180327699,5.050504140150088,2.4400000000000546,0.005,0.002415600435412715,,HYP-FCR-03,baseline,1010.1008280300176,1007.4478040300176,20.999999999997954,0.7774000000000127,0.27013120658602535,1,1,12.999999999999545,1.2200000000000273,5.0,2024,10
SPY,2024-02-15,short,500.38,499.2699,2024-02-15T15:25:00+00:00,2024-02-15T15:30:00+00:00,499.58,0.0049999999999954525,500.4201,497.89979999999997,1,1,2024-02-15T15:35:00+00:00,499.56,2024-02-15T17:27:00+00:00,500.4301,STOP_LOSS,-0.8700999999999794,0.09999901,0.029999999999972715,-0.9700990099999794,-1.0357100345196673,-1.1547423044875273,4.696490388350056,0.8401000000000067,0.005,0.0008943912693656611,,HYP-FCR-03,baseline,939.2980776700113,938.3279786600112,0.49999999999954525,0.5682692307692299,0.00879864636209015,1,1,18.999999999999773,0.8401000000000067,5.0,2024,10
SPY,2024-02-16,long,501.91,499.29,2024-02-16T15:00:00+00:00,2024-02-16T15:10:00+00:00,500.16,0.029999999999972715,499.64,501.2000000000001,1,1,2024-02-16T15:15:00+00:00,500.17,2024-02-16T16:05:00+00:00,501.1900000000001,TAKE_PROFIT,1.0200000000000955,0.10013600000000002,0.01999999999998181,0.9198640000000955,1.9615384615384994,1.7689692307692828,4.6916398933000565,0.5200000000000387,0.005,0.0005541772299517594,,HYP-FCR-03,baseline,938.3279786600112,939.2478426600113,2.9999999999972715,0.6685666666666698,0.04487211447370879,2,2,54.000000000002046,0.5200000000000387,10.0,2024,10
QQQ,2024-02-16,long,434.99,430.72,2024-02-16T15:35:00+00:00,2024-02-16T15:40:00+00:00,431.9003,0.7100000000000364,430.68,434.34090000000003,2,2,2024-02-16T15:45:00+00:00,431.92,2024-02-16T19:10:00+00:00,434.33090000000004,TAKE_PROFIT,4.821800000000053,0.17325018,0.059399999999982356,4.648549820000053,1.9756617225272548,1.9046750061460376,5.037239020150088,2.4406000000000176,0.005,0.002422557268214859,,HYP-FCR-03,baseline,1007.4478040300176,1012.0963538500176,71.00000000000364,0.94711428571428,0.7496455398353321,1,1,17.00000000000159,1.2203000000000088,5.0,2024,10
SPY,2024-02-20,long,498.41,496.17,2024-02-20T15:40:00+00:00,2024-02-20T15:45:00+00:00,496.595,0.11000000000001364,495.909,497.9670000000001,1,1,2024-02-20T15:50:00+00:00,496.59999999999997,2024-02-20T16:56:00+00:00,495.899,STOP_LOSS,-0.700999999999965,0.0992499,0.014999999999929514,-0.800249899999965,-1.0218658892127241,-1.1665450437316671,4.696239213300057,0.6860000000000355,0.005,0.0007303716536172589,,HYP-FCR-03,baseline,939.2478426600113,938.4475927600114,11.000000000001364,0.5017785714285716,0.21922020242283738,1,1,14.00000000000432,0.6860000000000355,5.0,2024,10
QQQ,2024-02-20,long,430.08,425.69,2024-02-20T15:50:00+00:00,2024-02-20T15:55:00+00:00,426.45,0.14999999999997726,425.25,428.84999999999997,2,2,2024-02-20T16:00:00+00:00,426.46,2024-02-20T16:36:00+00:00,425.24,STOP_LOSS,-2.439999999999941,0.17034000000000002,0.03999999999996362,-2.610339999999941,-1.0166666666666517,-1.0876416666666524,5.060481769250088,2.3999999999999773,0.005,0.002371315725889506,,HYP-FCR-03,baseline,1012.0963538500176,1009.4860138500177,14.999999999997726,0.6774714285714286,0.22141155135690294,1,1,13.999999999998636,1.1999999999999886,5.0,2024,11
QQQ,2024-02-21,short,424.96,423.445,2024-02-21T15:20:00+00:00,2024-02-21T15:30:00+00:00,423.99,0.15579999999999927,424.73,422.51,2,2,2024-02-21T15:35:00+00:00,423.98,2024-02-21T16:09:00+00:00,424.74,STOP_LOSS,-1.5199999999999818,0.169744,0.03999999999996362,-1.689743999999982,-1.027027027027002,-1.1417189189188928,5.047430069250089,1.4800000000000182,0.005,0.0014660926250533533,,HYP-FCR-03,baseline,1009.4860138500177,1007.7962698500177,15.579999999999927,0.7888615384615429,0.19749980497698524,2,2,2.0000000000038654,0.7400000000000091,10.0,2024,10
SPY,2024-02-21,short,495.6803,494.91,2024-02-21T15:25:00+00:00,2024-02-21T15:30:00+00:00,495.195,0.2999999999999545,495.83,493.925,1,1,2024-02-21T15:35:00+00:00,495.185,2024-02-21T16:07:00+00:00,495.84,STOP_LOSS,-0.6549999999999727,0.0991025,0.01999999999998181,-0.7541024999999727,-1.0314960629920977,-1.1875629921259583,4.692237963800057,0.6349999999999909,0.005,0.0006766493993899339,,HYP-FCR-03,baseline,938.4475927600114,937.6934902600115,29.999999999995453,0.44655384615385596,0.6718114793632128,1,1,16.970000000003438,0.6349999999999909,5.0,2024,10
QQQ,2024-02-22,short,436.285,433.71,2024-02-22T15:35:00+00:00,2024-02-22T15:40:00+00:00,435.43,0.009899999999959164,436.26,433.77000000000004,2,2,2024-02-22T15:45:00+00:00,435.40000000000003,2024-02-22T16:18:00+00:00,436.27,STOP_LOSS,-1.7399999999998954,0.17433400000000002,0.07999999999992724,-1.9143339999998954,-1.0481927710842944,-1.1532132530120074,5.038981349250088,1.6599999999999682,0.005,0.001647158309334696,,HYP-FCR-03,baseline,1007.7962698500177,1005.8819358500177,0.9899999999959164,0.8192571428571357,0.012084118016271666,1,1,10.499999999996135,0.8299999999999841,5.0,2024,10
SPY,2024-02-22,short,505.425,503.02,2024-02-22T15:35:00+00:00,2024-02-22T15:45:00+00:00,504.59,0.160000000000025,505.63,502.50999999999993,1,1,2024-02-22T15:50:00+00:00,504.59000000000003,2024-02-22T16:18:00+00:00,505.64,STOP_LOSS,-1.0499999999999545,0.101023,0.010000000000047748,-1.1510229999999546,-1.009615384615321,-1.1067528846153192,4.688467451300057,1.0400000000000205,0.005,0.001109104425702732,,HYP-FCR-03,baseline,937.6934902600115,936.5424672600114,16.0000000000025,0.6008142857142867,0.2663052523955996,2,2,27.490000000000236,1.0400000000000205,10.0,2024,10
QQQ,2024-02-26,short,438.4,436.355,2024-02-26T16:55:00+00:00,2024-02-26T17:05:00+00:00,437.818,0.18000000000000682,438.515,436.424,2,2,2024-02-26T17:10:00+00:00,437.82,2024-02-26T17:26:00+00:00,438.525,STOP_LOSS,-1.4099999999999682,0.175269,0.02400000000000091,-1.5852689999999683,-1.011477761836415,-1.137208751793373,5.029409679250088,1.3940000000000055,0.005,0.0013858485278612838,,HYP-FCR-03,baseline,1005.8819358500177,1004.2966668500178,18.000000000000682,0.43259285714285867,0.41609563594935634,2,2,11.50000000000091,0.6970000000000027,10.0,2024,12
QQQ,2024-02-27,short,437.89,435.81,2024-02-27T15:20:00+00:00,2024-02-27T15:40:00+00:00,436.97,0.07000000000005002,437.49,435.93000000000006,2,2,2024-02-27T15:45:00+00:00,436.968,2024-02-27T15:48:00+00:00,437.5,STOP_LOSS,-1.0639999999999645,0.1748936,0.02400000000000091,-1.2388935999999646,-1.0230769230769248,-1.1912438461538537,5.021483334250089,1.0399999999999636,0.005,0.0010355505841336003,,HYP-FCR-03,baseline,1004.2966668500178,1003.0577732500178,7.000000000005002,0.6163285714285597,0.11357578286172948,4,4,10.000000000002274,0.5199999999999818,20.0,2024,10
SPY,2024-02-27,long,506.74,505.53,2024-02-27T16:45:00+00:00,2024-02-27T16:55:00+00:00,505.9,0.09039999999998827,505.57,506.55999999999995,1,1,2024-02-27T17:00:00+00:00,505.93,2024-02-27T17:17:00+00:00,505.56,STOP_LOSS,-0.37000000000000455,0.101149,0.040000000000020464,-0.47114900000000454,-1.121212121212189,-1.427724242424325,4.682712336300058,0.3299999999999841,0.005,0.0003523598892055009,,HYP-FCR-03,baseline,936.5424672600114,936.0713182600115,9.039999999998827,0.29524285714286486,0.30618860986108354,2,2,0.9999999999990905,0.3299999999999841,10.0,2024,12
QQQ,2024-02-28,short,435.98,434.3,2024-02-28T17:20:00+00:00,2024-02-28T17:30:00+00:00,435.05,0.040000000000020464,435.9,433.3500000000001,2,2,2024-02-28T17:35:00+00:00,435.05,2024-02-28T18:30:00+00:00,435.90999999999997,STOP_LOSS,-1.7199999999999136,0.174192,0.01999999999998181,-1.8941919999999137,-1.0117647058823427,-1.114230588235288,5.015288866250089,1.6999999999999318,0.005,0.001694817631981201,,HYP-FCR-03,baseline,1003.0577732500178,1001.163581250018,4.000000000002046,0.3559214285714266,0.112384354492422,2,2,4.9999999999954525,0.8499999999999659,10.0,2024,12
SPY,2024-02-28,short,505.82,504.96,2024-02-28T17:30:00+00:00,2024-02-28T17:35:00+00:00,505.5211,0.06400000000002137,506.21,504.1433,1,1,2024-02-28T17:40:00+00:00,505.51,2024-02-28T18:18:00+00:00,506.21999999999997,STOP_LOSS,-0.7099999999999795,0.10117300000000001,0.021099999999989905,-0.8111729999999795,-1.030628538249369,-1.1774902017709272,4.6803565913000575,0.6888999999999896,0.005,0.0007359481981357265,,HYP-FCR-03,baseline,936.0713182600115,935.2601452600115,6.400000000002137,0.3086071428571456,0.2073834046985977,1,1,23.00000000000182,0.6888999999999896,5.0,2024,12
QQQ,2024-02-29,long,439.27,437.98,2024-02-29T18:00:00+00:00,2024-02-29T18:10:00+00:00,438.4,0.029999999999972715,437.95,439.29999999999995,2,2,2024-02-29T18:15:00+00:00,438.40999999999997,2024-02-29T19:28:00+00:00,437.94,STOP_LOSS,-0.9399999999999409,0.17526999999999998,0.03999999999996362,-1.115269999999941,-1.0444444444444052,-1.2391888888888545,5.00581790625009,0.8999999999999773,0.005,0.0008989539939879441,,HYP-FCR-03,baseline,1001.163581250018,1000.0483112500181,2.9999999999972715,0.389085714285715,0.07710383316192122,2,2,6.000000000000227,0.44999999999998863,10.0,2024,13
SPY,2024-02-29,long,508.8455,507.99,2024-02-29T20:25:00+00:00,2024-02-29T20:30:00+00:00,508.28,0.10000000000002274,507.92,508.9999999999999,1,1,2024-02-29T20:35:00+00:00,508.28999999999996,2024-02-29T20:48:00+00:00,508.9899999999999,TAKE_PROFIT,0.6999999999999318,0.10172799999999999,0.01999999999998181,0.5982719999999317,1.9444444444444884,1.6618666666666766,4.676300726300058,0.3599999999999568,0.005,0.0003849196416895037,,HYP-FCR-03,baseline,935.2601452600115,935.8584172600115,10.000000000002274,0.29814285714285965,0.335409678965095,1,1,1.4999999999986358,0.3599999999999568,5.0,2024,15
QQQ,2024-03-04,long,445.73,444.59,2024-03-04T15:25:00+00:00,2024-03-04T15:35:00+00:00,445.54,0.03989999999998872,444.67,447.28000000000003,2,2,2024-03-04T15:40:00+00:00,445.55,2024-03-04T16:33:00+00:00,444.66,STOP_LOSS,-1.7799999999999727,0.178042,0.03999999999996362,-1.9580419999999727,-1.0229885057471053,-1.125311494252852,5.00024155625009,1.740000000000009,0.005,0.0017399159424859013,,HYP-FCR-03,baseline,1000.0483112500181,998.0902692500181,3.9899999999988722,0.5776357142857113,0.06907467632836378,2,2,13.999999999998636,0.8700000000000045,10.0,2024,10
SPY,2024-03-04,short,512.61,512.0,2024-03-04T20:45:00+00:00,2024-03-04T20:50:00+00:00,512.39,0.1955000000000382,513.31,510.55000000000007,1,1,2024-03-04T20:55:00+00:00,512.36,2024-03-04T20:59:00+00:00,512.26,FORCED_SESSION_CLOSE,0.10000000000002274,0.102462,0.03999999999996362,-0.00246199999997726,0.1086956521739426,-0.002676086956497141,4.679292086300058,0.9199999999999591,0.005,0.0009830546833072438,,HYP-FCR-03,baseline,935.8584172600115,935.8559552600116,19.55000000000382,0.3904142857142899,0.5007501189213849,1,1,25.99999999999909,0.9199999999999591,5.0,2024,15
QQQ,2024-03-06,long,440.83,438.59,2024-03-06T15:45:00+00:00,2024-03-06T15:50:00+00:00,439.4799,0.39049999999997453,438.46000000000004,441.5196999999999,2,2,2024-03-06T15:55:00+00:00,439.48,2024-03-06T17:10:00+00:00,441.5096999999999,TAKE_PROFIT,4.059399999999755,0.17619793999999997,0.020200000000045293,3.883202059999755,1.9900970683400105,1.9037170604961002,4.99045134625009,2.0397999999999,0.005,0.002043702922314472,,HYP-FCR-03,baseline,998.0902692500181,1001.9734713100179,39.04999999999745,0.81603571428572,0.47853297737315464,1,1,12.999999999999545,1.01989999999995,5.0,2024,10
SPY,2024-03-06,long,510.8504,509.63,2024-03-06T15:45:00+00:00,2024-03-06T15:55:00+00:00,510.455,0.3199999999999932,509.635,512.095,1,1,2024-03-06T16:00:00+00:00,510.48,2024-03-06T18:37:00+00:00,509.625,STOP_LOSS,-0.8550000000000182,0.1020105,0.03500000000002501,-0.9570105000000182,-1.0426829268292992,-1.167085975609788,4.679279776300058,0.8199999999999932,0.005,0.0008762032184452684,,HYP-FCR-03,baseline,935.8559552600116,934.8989447600115,31.999999999999318,0.5640357142857023,0.5673399607421009,2,2,4.789999999997008,0.8199999999999932,10.0,2024,11
SPY,2024-03-08,short,517.8004,515.31,2024-03-08T15:55:00+00:00,2024-03-08T16:05:00+00:00,515.77,0.724999999999909,517.63,512.05,1,1,2024-03-08T16:10:00+00:00,515.75,2024-03-08T18:30:00+00:00,512.06,TAKE_PROFIT,3.6900000000000546,0.102781,0.029999999999972715,3.587219000000055,1.9838709677419504,1.9286123655914131,4.674494723800058,1.8600000000000136,0.005,0.001989519841074883,,HYP-FCR-03,baseline,934.8989447600115,938.4861637600116,72.4999999999909,0.6193571428571545,1.1705685618727408,2,2,3.960000000006403,1.8600000000000136,10.0,2024,11
QQQ,2024-03-11,long,438.13,435.66,2024-03-11T14:20:00+00:00,2024-03-11T14:35:00+00:00,436.52,0.01999999999998181,435.77,438.02,2,2,2024-03-11T14:40:00+00:00,436.55,2024-03-11T14:54:00+00:00,438.01,TAKE_PROFIT,2.919999999999959,0.17491199999999998,0.08000000000004093,2.745087999999959,1.9466666666666395,1.8300586666666394,5.00986735655009,1.5,0.005,0.0014970456234124079,,HYP-FCR-03,baseline,1001.9734713100179,1004.7185593100179,1.999999999998181,1.1607642857142852,0.017230027014205264,3,3,6.000000000000227,0.75,15.0,2024,10
SPY,2024-03-11,long,510.94,509.4299,2024-03-11T14:45:00+00:00,2024-03-11T14:50:00+00:00,510.4297,0.03000000000002956,509.01,513.2691000000001,1,1,2024-03-11T14:55:00+00:00,510.44,2024-03-11T19:59:00+00:00,511.25,FORCED_SESSION_CLOSE,0.8100000000000023,0.10216900000000001,0.020299999999963347,0.7078310000000023,0.5705430724800892,0.4985778685637706,4.692430818800058,1.4197000000000344,0.005,0.0015127553871567554,,HYP-FCR-03,baseline,938.4861637600116,939.1939947600116,3.000000000002956,0.7275071428571331,0.04123670852523976,1,1,25.989999999995916,1.4197000000000344,5.0,2024,10
SPY,2024-03-13,long,517.12,515.95,2024-03-13T14:00:00+00:00,2024-03-13T14:10:00+00:00,516.2799,0.03999999999996362,515.985,516.8697,1,1,2024-03-13T14:15:00+00:00,516.28,2024-03-13T14:54:00+00:00,515.975,STOP_LOSS,-0.30499999999995,0.10322550000000001,0.010099999999965803,-0.40822549999995,-1.0342488979313882,-1.3842845032213358,4.695969973800058,0.2948999999999842,0.005,0.0003139926379909816,,HYP-FCR-03,baseline,939.1939947600116,938.7857692600116,3.999999999996362,0.3884000000000217,0.10298661174037432,2,2,28.00000000000864,0.2948999999999842,10.0,2024,10
QQQ,2024-03-13,long,442.67,440.435,2024-03-13T15:00:00+00:00,2024-03-13T15:05:00+00:00,440.99,0.060000000000002274,440.36,442.25,2,2,2024-03-13T15:10:00+00:00,441.0,2024-03-13T15:27:00+00:00,440.35,STOP_LOSS,-1.2999999999999545,0.17627,0.03999999999996362,-1.4762699999999545,-1.0317460317460032,-1.1716428571428295,5.02359279655009,1.259999999999991,0.005,0.0012540825371687026,,HYP-FCR-03,baseline,1004.7185593100179,1003.2422893100179,6.000000000000227,0.6967214285714363,0.08611763258527415,1,1,25.99999999999909,0.6299999999999955,5.0,2024,11
QQQ,2024-03-14,long,442.03,438.02,2024-03-14T14:00:00+00:00,2024-03-14T14:10:00+00:00,439.97,0.05200000000002092,438.23,443.45000000000005,2,2,2024-03-14T14:15:00+00:00,439.98,2024-03-14T17:10:00+00:00,438.22,STOP_LOSS,-3.519999999999982,0.17564000000000002,0.03999999999996362,-3.695639999999982,-1.0114942528735527,-1.0619655172413685,5.0162114465500895,3.480000000000018,0.005,0.003468753298261974,,HYP-FCR-03,baseline,1003.2422893100179,999.5466493100179,5.200000000002092,1.15644444444444,0.04496541122215508,2,2,62.999999999999545,1.740000000000009,10.0,2024,10
SPY,2024-03-14,long,517.125,513.95,2024-03-14T14:00:00+00:00,2024-03-14T14:15:00+00:00,514.8,0.21000000000003638,514.15,516.0999999999999,1,1,2024-03-14T14:20:00+00:00,514.81,2024-03-14T14:58:00+00:00,514.14,STOP_LOSS,-0.6699999999999591,0.10289499999999999,0.01999999999998181,-0.772894999999959,-1.0307692307692038,-1.1890692307692092,4.693928846300058,0.6499999999999773,0.005,0.0006923837378919081,,HYP-FCR-03,baseline,938.7857692600116,938.0128742600117,21.000000000003638,0.7986199999999826,0.2629535949513423,3,3,60.000000000002274,0.6499999999999773,15.0,2024,10
QQQ,2024-03-15,long,436.78,434.22,2024-03-15T14:05:00+00:00,2024-03-15T14:15:00+00:00,434.78,0.36009999999998854,434.25,435.8399999999999,2,2,2024-03-15T14:20:00+00:00,434.78,2024-03-15T14:36:00+00:00,435.8299999999999,TAKE_PROFIT,2.099999999999909,0.174122,0.01999999999998181,1.925877999999909,1.9811320754717143,1.8168660377358568,4.99773324655009,1.0599999999999454,0.005,0.0010604807696885966,,HYP-FCR-03,baseline,999.5466493100179,1001.4725273100178,36.009999999998854,1.0289799999999958,0.3499582110439367,2,2,92.00000000000159,0.5299999999999727,10.0,2024,10
SPY,2024-03-15,long,511.33,509.62,2024-03-15T14:10:00+00:00,2024-03-15T14:15:00+00:00,510.19,0.4300000000000068,509.55,511.46999999999997,1,1,2024-03-15T14:20:00+00:00,510.19,2024-03-15T14:48:00+00:00,511.46,TAKE_PROFIT,1.2699999999999818,0.102165,0.009999999999990905,1.1678349999999817,1.984375000000014,1.8247421875000103,4.690064371300059,0.6399999999999864,0.005,0.0006822934072252211,,HYP-FCR-03,baseline,938.0128742600117,939.1807092600117,43.00000000000068,0.8051300000000083,0.5340752425074241,1,1,10.000000000002274,0.6399999999999864,5.0,2024,10
QQQ,2024-03-18,short,440.58,438.57,2024-03-18T15:00:00+00:00,2024-03-18T15:15:00+00:00,439.52,0.18000000000000682,440.3025,437.9549999999999,2,2,2024-03-18T15:20:00+00:00,439.53000000000003,2024-03-18T16:57:00+00:00,437.9649999999999,TAKE_PROFIT,3.130000000000223,0.175499,0.04000000000007731,2.954501000000223,2.000000000000073,1.8878600638978402,5.007362636550089,1.5650000000000546,0.005,0.001562698883217183,,HYP-FCR-03,baseline,1001.4725273100178,1004.427028310018,18.000000000000682,0.5332714285714327,0.3375391786546754,3,3,9.000000000003183,0.7825000000000273,15.0,2024,11
SPY,2024-03-18,short,514.83,513.26,2024-03-18T15:10:00+00:00,2024-03-18T15:15:00+00:00,514.49,0.06770000000005894,514.96,513.55,1,1,2024-03-18T15:20:00+00:00,514.49,2024-03-18T16:50:00+00:00,513.56,TAKE_PROFIT,0.9300000000000637,0.102805,0.009999999999990905,0.8271950000000636,1.9787234042553397,1.759989361702161,4.695903546300058,0.4700000000000273,0.005,0.0005004361731091604,,HYP-FCR-03,baseline,939.1807092600117,940.0079042600117,6.7700000000058935,0.3738571428571455,0.1810852120750513,1,1,12.999999999999545,0.4700000000000273,5.0,2024,11
SPY,2024-03-20,short,515.99,515.21,2024-03-20T14:35:00+00:00,2024-03-20T14:40:00+00:00,515.6913,0.1999999999999318,516.355,514.3638999999998,1,1,2024-03-20T14:45:00+00:00,515.69,2024-03-20T18:00:00+00:00,516.365,STOP_LOSS,-0.6749999999999545,0.1032055,0.011299999999891952,-0.7782054999999546,-1.0170257646525402,-1.172525990658251,4.7000395213000585,0.6637000000000626,0.005,0.0007060578926966972,,HYP-FCR-03,baseline,940.0079042600117,939.2296987600118,19.99999999999318,0.32045714285713495,0.6241084165475914,1,1,6.679999999994379,0.6637000000000626,5.0,2024,10
QQQ,2024-03-21,long,449.32,447.38,2024-03-21T15:05:00+00:00,2024-03-21T15:35:00+00:00,448.655,0.06999999999999318,448.14,449.68499999999995,2,2,2024-03-21T15:40:00+00:00,448.6651,2024-03-21T17:31:00+00:00,448.13,STOP_LOSS,-1.0701999999999998,0.17935902,0.0402000000000271,-1.2495590199999997,-1.0390291262136195,-1.2131640970874105,5.02213514155009,1.0299999999999727,0.005,0.0010254602584052145,,HYP-FCR-03,baseline,1004.427028310018,1003.177469290018,6.999999999999318,0.5721500000000016,0.12234553875730662,6,6,15.999999999996817,0.5149999999999864,30.0,2024,11
SPY,2024-03-21,short,524.01,522.765,2024-03-21T16:30:00+00:00,2024-03-21T16:35:00+00:00,523.75,0.001199999999926149,524.02,523.21,1,1,2024-03-21T16:40:00+00:00,523.76,2024-03-21T17:02:00+00:00,523.22,TAKE_PROFIT,0.5399999999999636,0.10469800000000001,0.01999999999998181,0.4353019999999636,2.0,1.6122296296296035,4.6961484938000595,0.2699999999999818,0.005,0.0002874696151074021,,HYP-FCR-03,baseline,939.2296987600118,939.6650007600118,0.1199999999926149,0.26137142857144874,0.0045911674680161755,1,1,10.000000000002274,0.2699999999999818,5.0,2024,12
SPY,2024-03-22,long,522.44,521.42,2024-03-22T15:15:00+00:00,2024-03-22T15:25:00+00:00,521.7,0.013199999999983447,521.4300000000001,522.24,1,1,2024-03-22T15:30:00+00:00,521.715,2024-03-22T15:39:00+00:00,521.4200000000001,STOP_LOSS,-0.2949999999999591,0.10431350000000003,0.024999999999977263,-0.39931349999995913,-1.0925925925925146,-1.478938888888837,4.6983250038000595,0.2699999999999818,0.005,0.0002873364441387119,,HYP-FCR-03,baseline,939.6650007600118,939.2656872600119,1.3199999999983447,0.30727857142857473,0.042957762848919376,2,2,11.000000000001364,0.2699999999999818,10.0,2024,11
QQQ,2024-03-22,short,445.58,444.49,2024-03-22T16:30:00+00:00,2024-03-22T16:35:00+00:00,445.52,0.029999999999972715,445.81,444.93999999999994,2,2,2024-03-22T16:40:00+00:00,445.5125,2024-03-22T16:44:00+00:00,445.82,STOP_LOSS,-0.6150000000000091,0.1782665,0.03499999999996817,-0.7932665000000091,-1.0603448275861478,-1.3677008620688846,5.01588734645009,0.5800000000000409,0.005,0.0005781629051243806,,HYP-FCR-03,baseline,1003.177469290018,1002.3842027900181,2.9999999999972715,0.35996428571429206,0.08334160134926294,1,1,27.000000000003865,0.29000000000002046,5.0,2024,12
SPY,2024-03-25,short,520.41,519.61,2024-03-25T19:45:00+00:00,2024-03-25T19:50:00+00:00,519.89,0.029999999999972715,520.535,518.6,1,1,2024-03-25T19:55:00+00:00,519.89,2024-03-25T19:59:00+00:00,519.8199999999999,FORCED_SESSION_CLOSE,0.07000000000005002,0.10397100000000001,0.009999999999990905,-0.033970999999949986,0.10852713178302635,-0.05266821705418751,4.6963284363000595,0.6449999999999818,0.005,0.000686706656858242,,HYP-FCR-03,baseline,939.2656872600119,939.2317162600119,2.9999999999972715,0.2412071428571494,0.12437442624881004,1,1,19.000000000005457,0.6449999999999818,5.0,2024,15
SPY,2024-03-26,short,521.44,520.83,2024-03-26T14:20:00+00:00,2024-03-26T14:30:00+00:00,520.99,0.18999999999994088,521.4497,520.0706,1,1,2024-03-26T14:35:00+00:00,520.98,2024-03-26T15:56:00+00:00,521.4597,STOP_LOSS,-0.4796999999999798,0.10424396999999999,0.01999999999998181,-0.5839439699999798,-1.0435066347617619,-1.2702718512072706,4.69615858130006,0.459699999999998,0.005,0.0004894425859366285,,HYP-FCR-03,baseline,939.2317162600119,938.647772290012,18.99999999999409,0.35941538461539635,0.528636246896488,2,2,3.9899999999988722,0.459699999999998,10.0,2024,10
QQQ,2024-03-26,long,446.91,445.85,2024-03-26T15:00:00+00:00,2024-03-26T15:55:00+00:00,446.54,0.20999999999997954,445.98,447.66,2,2,2024-03-26T16:00:00+00:00,446.56,2024-03-26T16:21:00+00:00,445.97,STOP_LOSS,-1.17999999999995,0.178506,0.05999999999994543,-1.35850599999995,-1.0535714285713795,-1.2129517857142362,5.011921013950091,1.1200000000000045,0.005,0.0011173360442858305,,HYP-FCR-03,baseline,1002.3842027900181,1001.0256967900182,20.999999999997954,0.33500714285714495,0.6268523059209175,11,11,2.0000000000038654,0.5600000000000023,55.0,2024,12
QQQ,2024-03-27,long,446.54,443.5196,2024-03-27T18:20:00+00:00,2024-03-27T18:25:00+00:00,443.7,0.08999999999997499,443.121,444.858,2,2,2024-03-27T18:30:00+00:00,443.73,2024-03-27T18:39:00+00:00,443.111,STOP_LOSS,-1.2380000000000564,0.1773682,0.08000000000004093,-1.4153682000000565,-1.0690846286701554,-1.2222523316062501,5.005128483950091,1.1580000000000155,0.005,0.0011568134601472925,,HYP-FCR-03,baseline,1001.0256967900182,999.6103285900181,8.999999999997499,0.27084999999999987,0.332287243861824,1,1,13.960000000002992,0.5790000000000077,5.0,2024,14
SPY,2024-03-27,long,521.78,520.74,2024-03-27T19:25:00+00:00,2024-03-27T19:30:00+00:00,521.05,0.25700000000006185,519.97,523.2099999999998,1,1,2024-03-27T19:35:00+00:00,521.06,2024-03-27T19:59:00+00:00,523.16,FORCED_SESSION_CLOSE,2.1000000000000227,0.10442199999999999,0.01999999999998181,1.9955780000000227,1.9444444444445965,1.847757407407553,4.69323886145006,1.0799999999999272,0.005,0.0011505913420164619,,HYP-FCR-03,baseline,938.647772290012,940.643350290012,25.700000000006185,0.3431499999999882,0.7489436106660956,1,1,41.1200000000008,1.0799999999999272,5.0,2024,15
QQQ,2024-03-28,short,445.61,443.76,2024-03-28T14:00:00+00:00,2024-03-28T14:10:00+00:00,444.5001,0.21999999999997044,445.49,442.5202999999999,2,2,2024-03-28T14:15:00+00:00,444.46000000000004,2024-03-28T19:59:00+00:00,443.98,FORCED_SESSION_CLOSE,0.9600000000000364,0.177688,0.10019999999985885,0.7823120000000363,0.4848974643903441,0.395146984543898,4.998051642950091,1.9798000000000684,0.005,0.00198057177219511,,HYP-FCR-03,baseline,999.6103285900181,1000.3926405900181,21.999999999997044,0.6914111111111083,0.3181898532790817,2,2,2.9999999999972715,0.9899000000000342,10.0,2024,10
QQQ,2024-04-02,long,440.19,438.55,2024-04-02T14:20:00+00:00,2024-04-02T14:25:00+00:00,438.91,0.13990000000001146,438.21000000000004,440.31,2,2,2024-04-02T14:30:00+00:00,438.925,2024-04-02T14:59:00+00:00,438.20000000000005,STOP_LOSS,-1.4499999999999318,0.175425,0.049999999999954525,-1.6254249999999317,-1.0357142857142538,-1.1610178571428271,5.0019632029500904,1.3999999999999773,0.005,0.0013994505189225263,,HYP-FCR-03,baseline,1000.3926405900181,998.7672155900182,13.990000000001146,0.7562583333333398,0.1849896970832413,1,1,35.000000000002274,0.6999999999999886,5.0,2024,10
SPY,2024-04-02,long,518.46,516.85,2024-04-02T14:20:00+00:00,2024-04-02T14:25:00+00:00,517.17,0.11000000000001364,516.61,518.2899999999998,1,1,2024-04-02T14:30:00+00:00,517.18,2024-04-02T19:05:00+00:00,518.2799999999999,TAKE_PROFIT,1.099999999999909,0.10354599999999999,0.01999999999998181,0.996453999999909,1.9642857142857433,1.779382142857154,4.70321675145006,0.5599999999999454,0.005,0.000595337223005181,,HYP-FCR-03,baseline,940.643350290012,941.6398042900119,11.000000000001364,0.6142750000000016,0.17907289080625674,1,1,5.000000000006821,0.5599999999999454,5.0,2024,10
SPY,2024-04-04,long,523.7,522.58,2024-04-04T15:25:00+00:00,2024-04-04T15:30:00+00:00,522.8,0.009999999999990905,522.4113,523.5773999999999,1,1,2024-04-04T15:35:00+00:00,522.8149999999999,2024-04-04T16:05:00+00:00,523.5673999999999,TAKE_PROFIT,0.752399999999966,0.10463824000000001,0.024999999999977263,0.647761759999966,1.9356830460509928,1.6664825315153415,4.708199021450059,0.3886999999999716,0.005,0.0004127905364971779,,HYP-FCR-03,baseline,941.6398042900119,942.2875660500118,0.9999999999990905,0.23752857142858375,0.042100198472323755,1,1,6.000000000005912,0.3886999999999716,5.0,2024,11
QQQ,2024-04-04,long,446.95,445.4906,2024-04-04T15:35:00+00:00,2024-04-04T15:40:00+00:00,445.8301,0.06999999999999318,445.39,446.7103000000001,2,2,2024-04-04T15:45:00+00:00,445.86,2024-04-04T16:08:00+00:00,446.7003000000001,TAKE_PROFIT,1.6806000000001404,0.17851206000000003,0.07979999999997744,1.5020879400001403,1.9093387866394318,1.706530265848716,4.993836077950091,0.8802000000000589,0.005,0.0008812864361793093,,HYP-FCR-03,baseline,998.7672155900182,1000.2693035300183,6.999999999999318,0.2880214285714341,0.24303747241025858,1,1,11.059999999997672,0.44010000000002947,5.0,2024,11
QQQ,2024-04-08,short,441.6,439.2,2024-04-08T15:25:00+00:00,2024-04-08T15:35:00+00:00,441.0801,0.03000000000002956,441.96999999999997,439.3003000000001,2,2,2024-04-08T15:40:00+00:00,441.035,2024-04-08T19:59:00+00:00,440.63,FORCED_SESSION_CLOSE,0.8100000000000591,0.176333,0.11019999999996344,0.6336670000000592,0.45510731542875626,0.3560327003034563,5.0013465176500915,1.7797999999999092,0.005,0.0017793208226213422,,HYP-FCR-03,baseline,1000.2693035300183,1000.9029705300184,3.000000000002956,0.5226714285714219,0.05739743624790488,2,2,40.99999999999682,0.8898999999999546,10.0,2024,11
SPY,2024-04-08,short,519.39,517.98,2024-04-08T15:30:00+00:00,2024-04-08T15:35:00+00:00,519.09,0.03499999999996817,519.87,517.5300000000001,1,1,2024-04-08T15:40:00+00:00,519.063,2024-04-08T19:59:00+00:00,518.68,FORCED_SESSION_CLOSE,0.3830000000000382,0.1037743,0.03700000000003456,0.2792257000000382,0.49102564102570717,0.3579816666667282,4.711437830250059,0.7799999999999727,0.005,0.0008277727820071588,,HYP-FCR-03,baseline,942.2875660500118,942.5667917500118,3.4999999999968168,0.41530714285714304,0.08427497721128152,1,1,12.000000000000455,0.7799999999999727,5.0,2024,11
QQQ,2024-04-10,short,438.67,436.28,2024-04-10T14:40:00+00:00,2024-04-10T14:50:00+00:00,437.335,0.040000000000020464,438.99,434.0249999999999,2,2,2024-04-10T14:55:00+00:00,437.33,2024-04-10T17:27:00+00:00,439.0,STOP_LOSS,-3.340000000000032,0.175266,0.029999999999972715,-3.515266000000032,-1.009063444108753,-1.0620138972809574,5.004514852650092,3.310000000000059,0.005,0.0033070138639385606,,HYP-FCR-03,baseline,1000.9029705300184,997.3877045300184,4.000000000002046,1.0954357142857094,0.03651515052720633,2,2,35.99999999999568,1.6550000000000296,10.0,2024,10
SPY,2024-04-10,short,514.48,512.67,2024-04-10T15:30:00+00:00,2024-04-10T15:40:00+00:00,513.13,0.11000000000001364,514.5,510.39,1,1,2024-04-10T15:45:00+00:00,513.14,2024-04-10T17:22:00+00:00,514.51,STOP_LOSS,-1.3700000000000045,0.10276500000000001,0.01999999999998181,-1.4727650000000045,-1.0,-1.0750109489051092,4.71283395875006,1.3700000000000045,0.005,0.001453477898851498,,HYP-FCR-03,baseline,942.5667917500118,941.0940267500118,11.000000000001364,0.6720499999999967,0.16367829774572454,2,2,4.9999999999954525,1.3700000000000045,10.0,2024,11
QQQ,2024-04-11,long,440.48,439.26,2024-04-11T14:35:00+00:00,2024-04-11T14:45:00+00:00,439.945,0.03000000000002956,439.08,441.675,2,2,2024-04-11T14:50:00+00:00,439.96999999999997,2024-04-11T16:01:00+00:00,441.665,TAKE_PROFIT,3.3900000000001,0.176327,0.06999999999993634,3.2136730000001,1.9595375722543724,1.8576144508670902,4.9869385226500915,1.7300000000000182,0.005,0.0017345311077553497,,HYP-FCR-03,baseline,997.3877045300184,1000.6013775300185,3.000000000002956,0.7417142857142949,0.04044684129433827,2,2,23.00000000000182,0.8650000000000091,10.0,2024,10
SPY,2024-04-11,long,515.87,514.09,2024-04-11T15:45:00+00:00,2024-04-11T16:00:00+00:00,515.12,0.36009999999998854,514.28,516.8000000000001,1,1,2024-04-11T16:05:00+00:00,515.135,2024-04-11T17:08:00+00:00,516.7900000000001,TAKE_PROFIT,1.6550000000000864,0.10319250000000002,0.024999999999977263,1.5518075000000864,1.9702380952381235,1.8473898809524139,4.705470133750059,0.8400000000000318,0.005,0.0008925781867948949,,HYP-FCR-03,baseline,941.0940267500118,942.645834250012,36.009999999998854,0.5726571428571431,0.6288230304844381,3,3,21.000000000003638,0.8400000000000318,15.0,2024,12
SPY,2024-04-16,short,505.2,502.95,2024-04-16T14:15:00+00:00,2024-04-16T14:25:00+00:00,503.18,0.28010000000000446,504.90999999999997,499.7200000000001,1,1,2024-04-16T14:30:00+00:00,503.16,2024-04-16T15:53:00+00:00,504.91999999999996,STOP_LOSS,-1.759999999999934,0.100808,0.029999999999972715,-1.860807999999934,-1.0173410404624124,-1.0756115606936276,4.71322917125006,1.7299999999999613,0.005,0.0018352597944448397,,HYP-FCR-03,baseline,942.645834250012,940.785026250012,28.010000000000446,0.8971833333333356,0.3121992903717231,2,2,7.999999999998408,1.7299999999999613,10.0,2024,10
QQQ,2024-04-16,short,431.9285,429.78,2024-04-16T14:20:00+00:00,2024-04-16T14:30:00+00:00,430.7548,0.009999999999990905,431.99,428.28439999999995,2,2,2024-04-16T14:35:00+00:00,430.77,2024-04-16T15:25:00+00:00,432.0,STOP_LOSS,-2.4600000000000364,0.172554,0.050399999999967804,-2.6325540000000363,-0.9957901554404129,-1.065638762953365,5.003006887650092,2.4704000000000406,0.005,0.0024689152498452637,,HYP-FCR-03,baseline,1000.6013775300185,997.9688235300184,0.9999999999990905,0.8856230769230776,0.011291485351458918,2,2,33.150000000000546,1.2352000000000203,10.0,2024,10
QQQ,2024-04-18,short,426.61,423.53,2024-04-18T16:40:00+00:00,2024-04-18T16:50:00+00:00,425.0,0.32000000000005,426.61,421.78,2,2,2024-04-18T16:55:00+00:00,424.96000000000004,2024-04-18T19:59:00+00:00,423.37,FORCED_SESSION_CLOSE,3.1800000000000637,0.169666,0.09999999999990905,3.010334000000064,0.9875776397515642,0.9348863354037386,4.989844117650092,3.2200000000000273,0.005,0.0032265536999545067,,HYP-FCR-03,baseline,997.9688235300184,1000.9791575300185,32.000000000005,0.6081857142857123,0.5261550748127587,2,2,3.999999999996362,1.6100000000000136,10.0,2024,12
SPY,2024-04-18,short,502.08,499.73,2024-04-18T16:40:00+00:00,2024-04-18T16:50:00+00:00,500.86,0.23999999999995225,502.36,497.86,1,1,2024-04-18T16:55:00+00:00,500.83,2024-04-18T19:59:00+00:00,499.49,FORCED_SESSION_CLOSE,1.339999999999975,0.100032,0.040000000000020464,1.239967999999975,0.8933333333333167,0.8266453333333167,4.7039251312500605,1.5,0.005,0.0015944131317427851,,HYP-FCR-03,baseline,940.785026250012,942.024994250012,23.999999999995225,0.6115928571428607,0.39241792509014073,2,2,31.999999999999318,1.5,10.0,2024,12
SPY,2024-04-22,long,498.07,496.74,2024-04-22T15:50:00+00:00,2024-04-22T15:55:00+00:00,497.39,0.2849000000000501,496.5212,499.1275999999999,1,1,2024-04-22T16:00:00+00:00,497.40999999999997,2024-04-22T17:14:00+00:00,499.1175999999999,TAKE_PROFIT,1.7075999999999567,0.09965275999999999,0.029999999999972715,1.6079472399999568,1.9654696132596985,1.8507680018416461,4.71012497125006,0.8687999999999647,0.005,0.0009222685229192406,,HYP-FCR-03,baseline,942.024994250012,943.632941490012,28.49000000000501,0.4311214285714219,0.6608347002006003,1,1,6.569999999999254,0.8687999999999647,5.0,2024,12
QQQ,2024-04-22,long,418.33,416.71,2024-04-22T16:10:00+00:00,2024-04-22T16:15:00+00:00,416.94,0.05000000000001137,416.43,417.96,2,2,2024-04-22T16:20:00+00:00,416.95,2024-04-22T16:30:00+00:00,416.42,STOP_LOSS,-1.0599999999999454,0.16667400000000002,0.03999999999996362,-1.2266739999999454,-1.0392156862744748,-1.2026215686274189,5.004895787650092,1.0199999999999818,0.005,0.0010190022362872155,,HYP-FCR-03,baseline,1000.9791575300185,999.7524835300186,5.000000000001137,0.5400571428571327,0.09258279547140148,1,1,26.99999999999818,0.5099999999999909,5.0,2024,12
SPY,2024-04-25,long,499.355,497.865,2024-04-25T14:00:00+00:00,2024-04-25T14:15:00+00:00,499.34,0.3199999999999932,497.89,502.23999999999995,1,1,2024-04-25T14:20:00+00:00,499.34999999999997,2024-04-25T17:04:00+00:00,502.22999999999996,TAKE_PROFIT,2.8799999999999955,0.100158,0.01999999999998181,2.7798419999999955,1.9862068965517365,1.9171324137931154,4.71816470745006,1.4499999999999886,0.005,0.001536614435810618,,HYP-FCR-03,baseline,943.632941490012,946.412783490012,31.999999999999318,0.7954899999999953,0.40226778463587864,3,3,37.5,1.4499999999999886,15.0,2024,10
QQQ,2024-04-25,short,419.945,418.14,2024-04-25T14:45:00+00:00,2024-04-25T14:55:00+00:00,419.25,0.07999999999998408,420.2,417.35,2,2,2024-04-25T15:00:00+00:00,419.25,2024-04-25T15:11:00+00:00,420.21,STOP_LOSS,-1.919999999999959,0.167892,0.01999999999998181,-2.0878919999999592,-1.0105263157894642,-1.098890526315781,4.998762417650093,1.8999999999999773,0.005,0.001900470397724126,,HYP-FCR-03,baseline,999.7524835300186,997.6645915300186,7.999999999998408,0.8083071428571357,0.09897227892507154,2,2,43.17000000000348,0.9499999999999886,10.0,2024,11
SPY,2024-04-29,long,510.75,509.02,2024-04-29T15:35:00+00:00,2024-04-29T16:00:00+00:00,509.775,0.06020000000000891,509.3399,510.64519999999993,1,1,2024-04-29T16:05:00+00:00,509.78,2024-04-29T18:32:00+00:00,509.3299,STOP_LOSS,-0.45009999999996353,0.10191098999999999,0.014999999999986358,-0.5520109899999636,-1.0344748333716092,-1.2686991266375374,4.73206391745006,0.43509999999997717,0.005,0.0004597359710162548,,HYP-FCR-03,baseline,946.412783490012,945.860772500012,6.020000000000891,0.33041428571429166,0.18219551212765567,5,5,1.4999999999986358,0.43509999999997717,25.0,2024,12
QQQ,2024-04-30,short,432.36,430.87,2024-04-30T14:00:00+00:00,2024-04-30T14:30:00+00:00,431.17,0.39999999999997726,431.9,429.7100000000001,2,2,2024-04-30T14:35:00+00:00,431.14,2024-04-30T14:45:00+00:00,431.90999999999997,STOP_LOSS,-1.5399999999999636,0.17260999999999999,0.08000000000004093,-1.7126099999999636,-1.054794520547976,-1.1730205479452427,4.988322957650093,1.4599999999999227,0.005,0.0014634176780403386,,HYP-FCR-03,baseline,997.6645915300186,995.9519815300187,39.999999999997726,0.6872153846153861,0.582059146163972,6,6,19.999999999998863,0.7299999999999613,30.0,2024,10
SPY,2024-04-30,short,509.54,508.2,2024-04-30T14:05:00+00:00,2024-04-30T14:30:00+00:00,508.32,0.47999999999996135,509.25,506.46,1,1,2024-04-30T14:35:00+00:00,508.3,2024-04-30T14:46:00+00:00,509.26,STOP_LOSS,-0.9599999999999795,0.101756,0.029999999999972715,-1.0617559999999795,-1.0322580645160995,-1.1416731182795394,4.72930386250006,0.9300000000000068,0.005,0.0009832313877886241,,HYP-FCR-03,baseline,945.860772500012,944.799016500012,47.999999999996135,0.5400538461538531,0.8888002620820455,5,5,1.999999999998181,0.9300000000000068,25.0,2024,10
QQQ,2024-05-01,long,423.52,422.04,2024-05-01T15:35:00+00:00,2024-05-01T15:40:00+00:00,422.55,0.06999999999999318,421.93,423.79,2,2,2024-05-01T15:45:00+00:00,422.53999999999996,2024-05-01T15:51:00+00:00,421.92,STOP_LOSS,-1.2399999999998954,0.16889200000000001,0.04000000000007731,-1.4088919999998955,-0.9999999999999083,-1.136203225806359,4.979759907650093,1.240000000000009,0.005,0.0012450399446919868,,HYP-FCR-03,baseline,995.9519815300187,994.5430895300187,6.999999999999318,0.53030714285714,0.1319989763344571,1,1,1.50000000000432,0.6200000000000045,5.0,2024,11
SPY,2024-05-01,long,501.83,500.4187,2024-05-01T15:20:00+00:00,2024-05-01T15:40:00+00:00,501.315,0.07999999999998408,500.83,502.285,1,1,2024-05-01T15:45:00+00:00,501.33,2024-05-01T15:50:00+00:00,500.82,STOP_LOSS,-0.5099999999999909,0.100215,0.024999999999977263,-0.6102149999999908,-1.051546391752529,-1.2581752577319045,4.7239950825000605,0.48500000000001364,0.005,0.0005133366901636773,,HYP-FCR-03,baseline,944.799016500012,944.188801500012,7.999999999998408,0.4115357142857111,0.19439382105350791,4,4,27.51999999999839,0.48500000000001364,20.0,2024,11
QQQ,2024-05-02,long,425.76,422.92,2024-05-02T14:20:00+00:00,2024-05-02T14:25:00+00:00,423.3,0.4300000000000068,422.02,425.86000000000007,2,2,2024-05-02T14:30:00+00:00,423.28999999999996,2024-05-02T14:46:00+00:00,422.01,STOP_LOSS,-2.5599999999999454,0.16906,0.04000000000007731,-2.7290599999999454,-0.9999999999999556,-1.066039062499954,4.972715447650094,2.560000000000059,0.005,0.0025740463404253433,,HYP-FCR-03,baseline,994.5430895300187,991.8140295300188,43.00000000000068,1.1484083333333313,0.37443127807328197,1,1,106.99999999999932,1.2800000000000296,5.0,2024,10
SPY,2024-05-02,long,504.68,501.6604,2024-05-02T14:20:00+00:00,2024-05-02T14:25:00+00:00,502.02,0.4549999999999841,500.79,504.4799999999999,1,1,2024-05-02T14:30:00+00:00,502.03,2024-05-02T14:42:00+00:00,500.78000000000003,STOP_LOSS,-1.2499999999999432,0.100281,0.01999999999998181,-1.3502809999999432,-1.0162601626016117,-1.0977894308942973,4.72094400750006,1.2299999999999613,0.005,0.0013027055585131781,,HYP-FCR-03,baseline,944.188801500012,942.838520500012,45.49999999999841,0.9821250000000011,0.4632811505663572,1,1,92.03999999999724,1.2299999999999613,5.0,2024,10
QQQ,2024-05-03,short,435.88,433.49,2024-05-03T14:00:00+00:00,2024-05-03T14:05:00+00:00,434.21,0.4571000000000254,435.62,431.38999999999993,2,2,2024-05-03T14:10:00+00:00,434.15000000000003,2024-05-03T18:07:00+00:00,435.63,STOP_LOSS,-2.9599999999999227,0.173956,0.13999999999987267,-3.1339559999999227,-1.049645390070876,-1.1113319148935699,4.9590701476500945,2.82000000000005,0.005,0.0028432749649007646,,HYP-FCR-03,baseline,991.8140295300188,988.680073530019,45.71000000000254,1.1591499999999968,0.3943406806712044,1,1,60.000000000002274,1.410000000000025,5.0,2024,10
SPY,2024-05-03,short,511.98,509.61,2024-05-03T14:00:00+00:00,2024-05-03T14:05:00+00:00,510.13,0.660000000000025,511.69,507.01,1,1,2024-05-03T14:10:00+00:00,510.1,2024-05-03T18:07:00+00:00,511.7,STOP_LOSS,-1.599999999999966,0.10218,0.03999999999996362,-1.7021799999999658,-1.0256410256410022,-1.0911410256410021,4.71419260250006,1.5600000000000023,0.005,0.001654578134093093,,HYP-FCR-03,baseline,942.838520500012,941.136340500012,66.0000000000025,1.1387499999999946,0.5795828759605077,1,1,56.99999999999363,1.5600000000000023,5.0,2024,10
QQQ,2024-05-06,short,438.16,436.52,2024-05-06T16:00:00+00:00,2024-05-06T16:05:00+00:00,437.97,0.07120000000003301,438.23,437.45000000000005,2,2,2024-05-06T16:10:00+00:00,437.95,2024-05-06T16:20:00+00:00,437.46000000000004,TAKE_PROFIT,0.9799999999999045,0.17508200000000002,0.06000000000005912,0.8049179999999045,1.884615384615267,1.5479192307691014,4.943400367650095,0.5199999999999818,0.005,0.0005259537578656309,,HYP-FCR-03,baseline,988.680073530019,989.4849915300189,7.1200000000033015,0.2927357142857098,0.243222799697552,1,1,6.000000000000227,0.2599999999999909,5.0,2024,12
SPY,2024-05-06,short,514.36,513.3,2024-05-06T15:55:00+00:00,2024-05-06T16:05:00+00:00,514.17,0.010799999999903775,514.37,513.7699999999999,1,1,2024-05-06T16:10:00+00:00,514.16,2024-05-06T16:21:00+00:00,513.7799999999999,TAKE_PROFIT,0.38000000000010914,0.10279399999999998,0.01999999999998181,0.27720600000010914,1.9000000000001136,1.3860300000002306,4.70568170250006,0.20000000000004547,0.005,0.0002125090610078752,,HYP-FCR-03,baseline,941.136340500012,941.4135465000121,1.0799999999903775,0.2510642857143109,0.04301687103435025,2,2,10.000000000002274,0.20000000000004547,10.0,2024,12
QQQ,2024-05-07,long,441.2914,440.14,2024-05-07T14:00:00+00:00,2024-05-07T14:15:00+00:00,440.84,0.18500000000000227,440.33,441.85999999999996,2,2,2024-05-07T14:20:00+00:00,440.83,2024-05-07T14:21:00+00:00,440.32,STOP_LOSS,-1.0199999999999818,0.17623,0.03999999999996362,-1.1962299999999817,-1.0,-1.1727745098039246,4.947424957650094,1.0199999999999818,0.005,0.0010308392838003315,,HYP-FCR-03,baseline,989.4849915300189,988.2887615300189,18.500000000000227,0.5453800000000001,0.3392130257801941,3,3,15.999999999996817,0.5099999999999909,15.0,2024,10
SPY,2024-05-07,long,517.93,517.165,2024-05-07T14:00:00+00:00,2024-05-07T14:15:00+00:00,517.67,0.06979999999998654,517.25,518.5099999999999,1,1,2024-05-07T14:20:00+00:00,517.68,2024-05-07T14:24:00+00:00,517.24,STOP_LOSS,-0.4399999999999409,0.10349200000000001,0.01999999999998181,-0.5434919999999409,-1.047619047619009,-1.2940285714285569,4.707067732500061,0.4199999999999591,0.005,0.00044613762098647864,,HYP-FCR-03,baseline,941.4135465000121,940.8700545000122,6.979999999998654,0.4035199999999918,0.17297779540044597,3,3,21.99999999999136,0.4199999999999591,15.0,2024,10
QQQ,2024-05-08,short,439.85,437.55,2024-05-08T17:05:00+00:00,2024-05-08T17:25:00+00:00,439.158,0.18000000000000682,439.61,438.254,2,2,2024-05-08T17:30:00+00:00,439.12,2024-05-08T17:44:00+00:00,439.62,STOP_LOSS,-1.0,0.17574800000000002,0.09600000000000364,-1.175748,-1.106194690265491,-1.3006061946902707,4.941443807650095,0.9039999999999964,0.005,0.0009147124152261624,,HYP-FCR-03,baseline,988.2887615300189,987.1130135300189,18.000000000000682,0.3681714285714333,0.48890268508460016,4,4,14.999999999997726,0.4519999999999982,20.0,2024,13
SPY,2024-05-08,short,516.53,515.14,2024-05-08T17:20:00+00:00,2024-05-08T17:25:00+00:00,516.29,0.08499999999992269,516.66,515.55,1,1,2024-05-08T17:30:00+00:00,516.27,2024-05-08T17:42:00+00:00,516.67,STOP_LOSS,-0.39999999999997726,0.10329400000000001,0.029999999999972715,-0.5032939999999773,-1.0810810810810063,-1.3602540540539758,4.704350272500061,0.37000000000000455,0.005,0.00039325303024616536,,HYP-FCR-03,baseline,940.8700545000122,940.3667605000122,8.49999999999227,0.3153642857142976,0.26952956897892977,1,1,6.000000000005912,0.37000000000000455,5.0,2024,13
QQQ,2024-05-09,short,440.76,438.46,2024-05-09T15:45:00+00:00,2024-05-09T15:50:00+00:00,440.465,0.1199999999999477,441.19,439.01499999999993,2,2,2024-05-09T15:55:00+00:00,440.45,2024-05-09T17:01:00+00:00,441.2,STOP_LOSS,-1.5,0.17633000000000001,0.049999999999954525,-1.67633,-1.0344827586206573,-1.1560896551723776,4.935565067650095,1.4500000000000455,0.005,0.0014689300820933304,,HYP-FCR-03,baseline,987.1130135300189,985.4366835300189,11.99999999999477,0.39428571428571707,0.30434782608682176,1,1,25.0,0.7250000000000227,5.0,2024,11
SPY,2024-05-13,long,522.67,521.1,2024-05-13T16:00:00+00:00,2024-05-13T16:05:00+00:00,521.33,0.0301000000000613,521.0304,521.9292000000002,1,1,2024-05-13T16:10:00+00:00,521.34,2024-05-13T16:59:00+00:00,521.0204,STOP_LOSS,-0.31960000000003674,0.10423604,0.01999999999998181,-0.4238360400000367,-1.0667556742322368,-1.4146730307074733,4.701833802500061,0.29960000000005493,0.005,0.000318599096208751,,HYP-FCR-03,baseline,940.3667605000122,939.9429244600121,3.01000000000613,0.26727142857142133,0.11261959484763205,1,1,9.000000000003183,0.29960000000005493,5.0,2024,12
QQQ,2024-05-13,long,444.09,442.08,2024-05-13T17:10:00+00:00,2024-05-13T17:20:00+00:00,443.0,0.3450000000000273,442.05,444.9,2,2,2024-05-13T17:25:00+00:00,443.02,2024-05-13T19:59:00+00:00,443.09000000000003,FORCED_SESSION_CLOSE,0.14000000000010004,0.17722200000000002,0.05999999999994543,-0.037221999999899974,0.07368421052636932,-0.019590526315737062,4.927183417650094,1.8999999999999773,0.005,0.0019280792279761914,,HYP-FCR-03,baseline,985.4366835300189,985.3994615300189,34.50000000000273,0.31110000000000226,1.108968177434988,2,2,43.00000000000068,0.9499999999999886,10.0,2024,13
QQQ,2024-05-14,short,443.911,442.46,2024-05-14T14:35:00+00:00,2024-05-14T14:40:00+00:00,443.35,1.089999999999975,444.83,440.3900000000001,2,2,2024-05-14T14:45:00+00:00,443.33,2024-05-14T15:17:00+00:00,444.84,STOP_LOSS,-3.019999999999982,0.17763400000000001,0.06000000000005912,-3.1976339999999817,-1.0202702702702908,-1.0802817567567788,4.926997307650095,2.9599999999999227,0.005,0.0030038579434617948,,HYP-FCR-03,baseline,985.3994615300189,982.2018275300189,108.9999999999975,0.6995714285714314,1.5580967939554409,1,1,64.90000000000009,1.4799999999999613,5.0,2024,10
SPY,2024-05-14,short,521.68,520.88,2024-05-14T14:35:00+00:00,2024-05-14T14:40:00+00:00,521.13,0.7649999999999864,522.24,518.91,1,1,2024-05-14T14:45:00+00:00,521.11,2024-05-14T18:14:00+00:00,522.25,STOP_LOSS,-1.1399999999999864,0.10433600000000001,0.029999999999972715,-1.2443359999999863,-1.027027027027002,-1.1210234234233973,4.6997146223000605,1.1100000000000136,0.005,0.001180922767877313,,HYP-FCR-03,baseline,939.9429244600121,938.6985884600122,76.49999999999864,0.5477428571428504,1.3966407594804575,1,1,37.999999999999545,1.1100000000000136,5.0,2024,10
QQQ,2024-05-16,short,453.619,452.53,2024-05-16T17:20:00+00:00,2024-05-16T17:25:00+00:00,452.98,0.6400000000000432,454.11,450.72,2,2,2024-05-16T17:30:00+00:00,452.96000000000004,2024-05-16T19:59:00+00:00,451.96999999999997,FORCED_SESSION_CLOSE,1.9800000000001319,0.180986,0.05999999999994543,1.7990140000001318,0.8761061946903274,0.7960238938053712,4.911009137650095,2.259999999999991,0.005,0.0023009527539602534,,HYP-FCR-03,baseline,982.2018275300189,984.0008415300191,64.00000000000432,0.3941357142857141,1.6238061581399825,1,1,46.09999999999559,1.1299999999999955,5.0,2024,13
SPY,2024-05-16,long,530.33,529.86,2024-05-16T17:50:00+00:00,2024-05-16T17:55:00+00:00,530.05,0.03499999999996817,529.51,531.1299999999999,1,1,2024-05-16T18:00:00+00:00,530.0649999999999,2024-05-16T18:07:00+00:00,529.5,STOP_LOSS,-0.5649999999999409,0.10595650000000001,0.024999999999977263,-0.6709564999999409,-1.0462962962962572,-1.2425120370370113,4.693492942300061,0.5399999999999636,0.005,0.0005752645275475103,,HYP-FCR-03,baseline,938.6985884600122,938.0276319600122,3.4999999999968168,0.4147785714285663,0.08438237269447733,1,1,38.49999999999909,0.5399999999999636,5.0,2024,14
SPY,2024-05-17,long,529.2,528.36,2024-05-17T14:10:00+00:00,2024-05-17T14:25:00+00:00,529.17,0.16999999999995907,528.5600000000001,530.3899999999998,1,1,2024-05-17T14:30:00+00:00,529.18,2024-05-17T15:04:00+00:00,528.5500000000001,STOP_LOSS,-0.6299999999998818,0.105773,0.01999999999998181,-0.7357729999998818,-1.0327868852458773,-1.2061852459016433,4.690138159800061,0.6099999999999,0.005,0.0006503006726201687,,HYP-FCR-03,baseline,938.0276319600122,937.2918589600123,16.999999999995907,0.3440083333333253,0.4941740752403179,3,3,1.8000000000029104,0.6099999999999,15.0,2024,10
QQQ,2024-05-17,short,452.48,451.35,2024-05-17T14:55:00+00:00,2024-05-17T15:05:00+00:00,452.13,0.13999999999998636,452.58,451.23,2,2,2024-05-17T15:10:00+00:00,452.125,2024-05-17T16:45:00+00:00,451.24,TAKE_PROFIT,1.7699999999999818,0.180673,0.029999999999972715,1.5893269999999817,1.966666666666696,1.7659188888889132,4.920004207650096,0.8999999999999773,0.005,0.0009146333641347,,HYP-FCR-03,baseline,984.0008415300191,985.5901685300191,13.999999999998636,0.42107857142857646,0.3324795168868697,2,2,9.99999999999659,0.44999999999998863,10.0,2024,11
QQQ,2024-05-20,short,454.64,451.785,2024-05-20T14:50:00+00:00,2024-05-20T15:00:00+00:00,454.31,0.13269999999999982,454.92,453.09,2,2,2024-05-20T15:05:00+00:00,454.3199,2024-05-20T16:39:00+00:00,454.93,STOP_LOSS,-1.220199999999977,0.18184998000000002,0.039800000000013824,-1.402049979999977,-1.0001639344261883,-1.1492212950819227,4.9279508426500955,1.2200000000000273,0.005,0.0012378370228871337,,HYP-FCR-03,baseline,985.5901685300191,984.1881185500191,13.269999999999982,0.3333285714285564,0.39810568722412065,2,2,37.000000000000455,0.6100000000000136,10.0,2024,11
SPY,2024-05-20,short,531.23,529.47,2024-05-20T15:40:00+00:00,2024-05-20T15:45:00+00:00,530.975,0.17999999999994998,531.4901,529.9448000000001,1,1,2024-05-20T15:50:00+00:00,530.97,2024-05-20T18:07:00+00:00,529.9548000000001,TAKE_PROFIT,1.0151999999999362,0.10609248000000003,0.014999999999986358,0.9091075199999361,1.9708794408852892,1.7649146185206843,4.686459294800062,0.5150999999999613,0.005,0.0005495620121692927,,HYP-FCR-03,baseline,937.2918589600123,938.2009664800122,17.999999999994998,0.23542857142856682,0.764563106795919,1,1,14.099999999996271,0.5150999999999613,5.0,2024,11
QQQ,2024-05-22,short,456.61,455.62,2024-05-22T15:45:00+00:00,2024-05-22T15:50:00+00:00,456.21,0.05000000000001137,456.72499999999997,455.18,2,2,2024-05-22T15:55:00+00:00,456.18,2024-05-22T17:37:00+00:00,455.19,TAKE_PROFIT,1.9800000000000182,0.18227400000000002,0.07999999999992724,1.7977260000000181,1.9223300970874473,1.745365048543753,4.920940592750096,1.0299999999999727,0.005,0.0010465478911871515,,HYP-FCR-03,baseline,984.1881185500191,985.9858445500191,5.000000000001137,0.2390285714285767,0.20918001434381536,1,1,3.9699999999982083,0.5149999999999864,5.0,2024,11
SPY,2024-05-22,short,531.19,530.625,2024-05-22T15:20:00+00:00,2024-05-22T15:55:00+00:00,530.71,0.09500000000002728,530.96,530.21,1,1,2024-05-22T16:00:00+00:00,530.6800000000001,2024-05-22T16:10:00+00:00,530.97,STOP_LOSS,-0.2899999999999636,0.10616500000000001,0.03999999999996362,-0.39616499999996363,-1.1599999999998545,-1.5846599999998545,4.691004832400061,0.25,0.005,0.0002664674296147467,,HYP-FCR-03,baseline,938.2009664800122,937.8048014800122,9.500000000002728,0.20134285714284975,0.4718319852420998,7,7,6.9999999999936335,0.25,35.0,2024,12
QQQ,2024-05-23,long,460.58,457.07,2024-05-23T15:05:00+00:00,2024-05-23T15:10:00+00:00,458.11,0.5099999999999909,456.32,461.69000000000005,2,2,2024-05-23T15:15:00+00:00,458.12,2024-05-23T17:37:00+00:00,456.31,STOP_LOSS,-3.6200000000000045,0.18288600000000002,0.03999999999996362,-3.8028860000000044,-1.0111731843575316,-1.0622586592178662,4.929929222750096,3.580000000000041,0.005,0.0036308837695675734,,HYP-FCR-03,baseline,985.9858445500191,982.1829585500191,50.99999999999909,0.8280499999999985,0.6159048366644427,1,1,12.000000000000455,1.7900000000000205,5.0,2024,11
SPY,2024-05-23,long,533.07,529.545,2024-05-23T15:05:00+00:00,2024-05-23T15:10:00+00:00,530.375,0.37150000000008276,529.05,533.0250000000001,1,1,2024-05-23T15:15:00+00:00,530.39,2024-05-23T17:20:00+00:00,529.04,STOP_LOSS,-1.3500000000000227,0.105943,0.024999999999977263,-1.4559430000000226,-1.0188679245282841,-1.0988249056603567,4.689024007400061,1.3250000000000455,0.005,0.0014128739775153365,,HYP-FCR-03,baseline,937.8048014800122,936.3488584800122,37.150000000008276,0.6719999999999929,0.5528273809525099,1,1,15.479999999990923,1.3250000000000455,5.0,2024,11
SPY,2024-05-28,long,530.51,529.12,2024-05-28T14:00:00+00:00,2024-05-28T14:45:00+00:00,529.93,0.08000000000004093,529.2,531.3899999999998,1,1,2024-05-28T14:50:00+00:00,529.99,2024-05-28T17:04:00+00:00,529.19,STOP_LOSS,-0.7999999999999545,0.10591800000000001,0.07000000000005002,-0.9059179999999545,-1.095890410958985,-1.2409835616439355,4.681744292400061,0.7299999999999045,0.005,0.0007796239546710437,,HYP-FCR-03,baseline,936.3488584800122,935.4429404800122,8.000000000004093,0.46622857142857094,0.17158965559513636,9,9,12.000000000000455,0.7299999999999045,45.0,2024,10
QQQ,2024-05-28,short,459.56,457.09,2024-05-28T17:40:00+00:00,2024-05-28T17:50:00+00:00,458.6299,0.2799999999999727,459.65999999999997,456.5697000000001,2,2,2024-05-28T17:55:00+00:00,458.61,2024-05-28T19:59:00+00:00,459.66999999999996,STOP_LOSS,-2.119999999999891,0.183656,0.059799999999995634,-2.303655999999891,-1.029026308125424,-1.1181710513542413,4.910914792750096,2.0601999999998952,0.005,0.00209757253683299,,HYP-FCR-03,baseline,982.1829585500191,979.8793025500191,27.99999999999727,0.4623928571428613,0.6055456862593006,2,2,12.999999999999545,1.0300999999999476,10.0,2024,13
QQQ,2024-05-29,short,457.5,455.34,2024-05-29T15:05:00+00:00,2024-05-29T15:10:00+00:00,457.14,0.2599999999999909,457.96,455.5,2,2,2024-05-29T15:15:00+00:00,457.13,2024-05-29T16:39:00+00:00,457.96999999999997,STOP_LOSS,-1.67999999999995,0.18302,0.03999999999996362,-1.86301999999995,-1.024390243902417,-1.1359878048780276,4.899396512750096,1.6399999999999864,0.005,0.0016736755187420347,,HYP-FCR-03,baseline,979.8793025500191,978.0162825500191,25.99999999999909,0.5247500000000075,0.4954740352548589,1,1,31.999999999999318,0.8199999999999932,5.0,2024,11
SPY,2024-05-29,short,526.42,525.37,2024-05-29T15:10:00+00:00,2024-05-29T15:15:00+00:00,526.251,0.020100000000070395,526.8,525.153,1,1,2024-05-29T15:20:00+00:00,526.2513,2024-05-29T16:26:00+00:00,526.81,STOP_LOSS,-0.5586999999999307,0.10530612999999998,0.010300000000029286,-0.6640061299999307,-1.0176684881602056,-1.2094829326046577,4.677214702400061,0.5489999999999782,0.005,0.0005868877472294193,,HYP-FCR-03,baseline,935.4429404800122,934.7789343500123,2.0100000000070395,0.39963571428572614,0.05029580510839821,1,1,2.0000000000095497,0.5489999999999782,5.0,2024,11
SPY,2024-05-30,long,524.99,523.92,2024-05-30T16:00:00+00:00,2024-05-30T16:05:00+00:00,524.12,0.07999999999992724,523.69,524.9799999999999,1,1,2024-05-30T16:10:00+00:00,524.14,2024-05-30T17:01:00+00:00,524.9699999999999,TAKE_PROFIT,0.8299999999999272,0.10491099999999999,0.029999999999972715,0.7250889999999273,1.9302325581395903,1.68625348837212,4.673894671750062,0.42999999999995,0.005,0.00046000180812690814,,HYP-FCR-03,baseline,934.7789343500123,935.5040233500122,7.999999999992724,0.3894428571428453,0.20542166464895187,1,1,22.499999999990905,0.42999999999995,5.0,2024,12
SPY,2024-05-31,long,524.81,522.94,2024-05-31T19:40:00+00:00,2024-05-31T19:45:00+00:00,524.665,1.080000000000041,522.46,529.0749999999998,1,1,2024-05-31T19:50:00+00:00,524.68,2024-05-31T19:59:00+00:00,527.34,FORCED_SESSION_CLOSE,2.660000000000082,0.105202,0.024999999999977263,2.554798000000082,1.2063492063492833,1.1586385487529098,4.677520116750061,2.2049999999999272,0.005,0.002357018190155813,,HYP-FCR-03,baseline,935.5040233500122,938.0588213500123,108.00000000000409,0.6056285714285617,1.7832712176252317,1,1,47.00000000000273,2.2049999999999272,5.0,2024,15
SPY,2024-06-03,short,529.16,527.345,2024-06-03T14:00:00+00:00,2024-06-03T14:35:00+00:00,527.35,0.2400000000000091,528.24,525.57,1,1,2024-06-03T14:40:00+00:00,527.35,2024-06-03T15:02:00+00:00,525.58,TAKE_PROFIT,1.7699999999999818,0.10529300000000001,0.009999999999990905,1.6647069999999817,1.9887640449438302,1.8704573033707947,4.690294106750062,0.8899999999999864,0.005,0.0009487677955196223,,HYP-FCR-03,baseline,938.0588213500123,939.7235283500123,24.00000000000091,0.6778357142857041,0.354068094881838,7,7,14.999999999997726,0.8899999999999864,35.0,2024,10
SPY,2024-06-04,short,526.79,525.77,2024-06-04T14:50:00+00:00,2024-06-04T15:00:00+00:00,526.02,0.19039999999995416,526.64,524.78,1,1,2024-06-04T15:05:00+00:00,525.99,2024-06-04T16:43:00+00:00,526.65,STOP_LOSS,-0.6599999999999682,0.105264,0.03999999999996362,-0.7652639999999682,-1.064516129032199,-1.234296774193488,4.698617641750062,0.6200000000000045,0.005,0.0006597685183945692,,HYP-FCR-03,baseline,939.7235283500123,938.9582643500123,19.039999999995416,0.7668071428571466,0.2483023296972926,2,2,12.999999999999545,0.6200000000000045,10.0,2024,11
QQQ,2024-06-04,short,453.15,451.44,2024-06-04T14:40:00+00:00,2024-06-04T15:30:00+00:00,451.5394,0.2729999999999677,452.5,449.6182,2,2,2024-06-04T15:35:00+00:00,451.51,2024-06-04T16:42:00+00:00,452.51,STOP_LOSS,-2.0,0.180804,0.07880000000000109,-2.180804,-1.041016031646888,-1.13512596293983,4.890081412750096,1.921199999999999,0.005,0.001964384473222451,,HYP-FCR-03,baseline,978.0162825500191,975.8354785500192,27.29999999999677,0.6909571428571439,0.39510409990277895,10,10,6.000000000000227,0.9605999999999995,50.0,2024,11
SPY,2024-06-05,long,530.82,529.51,2024-06-05T14:20:00+00:00,2024-06-05T14:25:00+00:00,530.265,0.38999999999998636,529.3100000000001,532.1749999999998,1,1,2024-06-05T14:30:00+00:00,530.29,2024-06-05T15:18:00+00:00,532.1649999999998,TAKE_PROFIT,1.8749999999998863,0.10624549999999999,0.03499999999996817,1.7687544999998863,1.9633507853403447,1.8520989528796032,4.694791321750062,0.9549999999999272,0.005,0.0010170846098905362,,HYP-FCR-03,baseline,938.9582643500123,940.7270188500122,38.999999999998636,0.624133333333352,0.624866481521002,1,1,8.000000000004093,0.9549999999999272,5.0,2024,10
SPY,2024-06-06,long,535.42,534.33,2024-06-06T18:50:00+00:00,2024-06-06T18:55:00+00:00,534.405,0.2054000000000542,533.87,535.4749999999999,1,1,2024-06-06T19:00:00+00:00,534.415,2024-06-06T19:59:00+00:00,534.62,FORCED_SESSION_CLOSE,0.20500000000004093,0.10690349999999998,0.01999999999998181,0.09809650000004094,0.38317757009355724,0.1833579439253211,4.703635094250061,0.5349999999999682,0.005,0.0005687090827411088,,HYP-FCR-03,baseline,940.7270188500122,940.8251153500122,20.54000000000542,0.43926428571427323,0.46760004553081297,1,1,21.000000000003638,0.5349999999999682,5.0,2024,15
QQQ,2024-06-06,long,464.54,462.48,2024-06-06T18:10:00+00:00,2024-06-06T19:50:00+00:00,463.39,0.06999999999999318,462.92,464.3299999999999,2,2,2024-06-06T19:55:00+00:00,463.38,2024-06-06T19:59:00+00:00,463.40000000000003,FORCED_SESSION_CLOSE,0.04000000000007731,0.185356,0.03999999999996362,-0.14535599999992269,0.04255319148944662,-0.15463404255311897,4.879177392750096,0.9399999999999409,0.005,0.0009632771308916481,,HYP-FCR-03,baseline,975.8354785500192,975.6901225500193,6.999999999999318,0.3779357142857082,0.1852166846213302,20,20,29.000000000002046,0.46999999999997044,100.0,2024,15
QQQ,2024-06-07,short,463.58,461.84,2024-06-07T15:00:00+00:00,2024-06-07T15:05:00+00:00,462.78,0.18500000000000227,464.39,459.55999999999995,2,2,2024-06-07T15:10:00+00:00,462.7525,2024-06-07T15:38:00+00:00,464.4,STOP_LOSS,-3.294999999999959,0.1854305,0.07499999999993179,-3.480430499999959,-1.023291925465817,-1.080879037267059,4.878450612750097,3.2200000000000273,0.005,0.0033002281416812766,,HYP-FCR-03,baseline,975.6901225500193,972.2096920500193,18.500000000000227,0.5757000000000038,0.3213479242661127,1,1,29.50000000000159,1.6100000000000136,5.0,2024,11
SPY,2024-06-12,short,542.96,541.21,2024-06-12T17:25:00+00:00,2024-06-12T17:30:00+00:00,542.5899,0.1350000000001046,543.16,541.4496999999999,1,1,2024-06-12T17:35:00+00:00,542.58,2024-06-12T18:00:00+00:00,541.4596999999999,TAKE_PROFIT,1.1203000000001566,0.10840396999999999,0.019899999999893225,1.0118960300001567,1.9650938431855949,1.7749447991582397,4.704125576750061,0.5701000000000249,0.005,0.0006059574629743302,,HYP-FCR-03,baseline,940.8251153500122,941.8370113800123,13.50000000001046,0.29160000000000047,0.4629629629633209,1,1,40.99999999999682,0.5701000000000249,5.0,2024,13
QQQ,2024-06-12,short,474.4599,471.29,2024-06-12T18:00:00+00:00,2024-06-12T18:05:00+00:00,473.98,0.18999999999999773,474.78499999999997,472.3700000000001,2,2,2024-06-12T18:10:00+00:00,473.98,2024-06-12T18:18:00+00:00,474.79499999999996,STOP_LOSS,-1.6299999999998818,0.189755,0.01999999999998181,-1.8197549999998817,-1.0124223602484366,-1.130282608695649,4.861048460250096,1.6099999999999,0.005,0.0016560213430962865,,HYP-FCR-03,baseline,972.2096920500193,970.3899370500194,18.999999999999773,0.4732142857142776,0.40150943396226624,1,1,59.01000000000067,0.80499999999995,5.0,2024,14
SPY,2024-06-13,long,543.19,541.74,2024-06-13T18:05:00+00:00,2024-06-13T18:10:00+00:00,541.9899,0.14049999999997453,541.34,543.2897,1,1,2024-06-13T18:15:00+00:00,542.01,2024-06-13T19:59:00+00:00,543.2797,TAKE_PROFIT,1.2697000000000571,0.10852897,0.030099999999947613,1.161171030000057,1.9536851823358248,1.7866918448992966,4.709185056900061,0.6499000000000024,0.005,0.0006900344668423535,,HYP-FCR-03,baseline,941.8370113800123,942.9981824100124,14.049999999997453,0.3767214285714268,0.3729546273297155,1,1,40.98999999999933,0.6499000000000024,5.0,2024,14
SPY,2024-06-14,long,541.6295,540.665,2024-06-14T14:15:00+00:00,2024-06-14T14:20:00+00:00,541.22,0.13000000000010914,540.12,543.4200000000001,1,1,2024-06-14T14:25:00+00:00,541.2325,2024-06-14T14:36:00+00:00,540.11,STOP_LOSS,-1.1224999999999454,0.10813425,0.022499999999922693,-1.2306342499999454,-1.0204545454544747,-1.1187584090908362,4.714990912050062,1.1000000000000227,0.005,0.0011664921741299248,,HYP-FCR-03,baseline,942.9981824100124,941.7675481600124,13.000000000010914,0.5630272727272541,0.23089467650545717,1,1,55.99999999999454,1.1000000000000227,5.0,2024,10
QQQ,2024-06-14,short,478.14,476.05,2024-06-14T14:25:00+00:00,2024-06-14T14:35:00+00:00,476.5225,0.22000000000002728,478.25,473.06749999999994,2,2,2024-06-14T14:40:00+00:00,476.52,2024-06-14T17:09:00+00:00,478.26,STOP_LOSS,-3.480000000000018,0.19095600000000001,0.024999999999977263,-3.670956000000018,-1.0072358900144651,-1.0625053545586034,4.851949685250097,3.455000000000041,0.005,0.0035604243903262474,,HYP-FCR-03,baseline,970.3899370500194,966.7189810500194,22.00000000000273,0.6981285714285548,0.3151281998813619,2,2,10.500000000001819,1.7275000000000205,10.0,2024,10
QQQ,2024-06-17,short,479.82,478.14,2024-06-17T14:20:00+00:00,2024-06-17T14:25:00+00:00,479.23,0.060000000000002274,479.84,478.0100000000001,2,2,2024-06-17T14:30:00+00:00,479.26,2024-06-17T14:37:00+00:00,479.84999999999997,STOP_LOSS,-1.17999999999995,0.191822,0.07999999999992724,-1.37182199999995,-0.9672131147541259,-1.1244442622951205,4.833594905250097,1.2199999999999136,0.005,0.0012620006681515537,,HYP-FCR-03,baseline,966.7189810500194,965.3471590500194,6.000000000000227,0.635083333333327,0.09447579057866874,1,1,7.999999999998408,0.6099999999999568,5.0,2024,10
SPY,2024-06-18,long,548.22,547.11,2024-06-18T15:35:00+00:00,2024-06-18T15:40:00+00:00,547.535,0.13999999999998636,547.05,548.505,1,1,2024-06-18T15:45:00+00:00,547.54,2024-06-18T17:49:00+00:00,548.495,TAKE_PROFIT,0.9550000000000409,0.10960349999999999,0.014999999999986358,0.845396500000041,1.9690721649484826,1.7430855670103447,4.708837740800062,0.48500000000001364,0.005,0.0005149890766013197,,HYP-FCR-03,baseline,941.7675481600124,942.6129446600124,13.999999999998636,0.3139214285714128,0.44597146692755407,1,1,6.989999999996144,0.48500000000001364,5.0,2024,11
QQQ,2024-06-18,long,485.68,484.38,2024-06-18T15:40:00+00:00,2024-06-18T15:45:00+00:00,484.705,0.07999999999998408,484.14,485.835,1,1,2024-06-18T15:50:00+00:00,484.715,2024-06-18T17:49:00+00:00,485.825,TAKE_PROFIT,1.1100000000000136,0.097054,0.01999999999998181,1.0129460000000137,1.9646017699115366,1.7928247787610934,4.826735795250097,0.5649999999999977,0.005,0.0005852816727155482,,HYP-FCR-03,baseline,965.3471590500194,966.3601050500195,7.999999999998408,0.4109642857142798,0.19466411749366358,1,1,7.4299999999993815,0.5649999999999977,5.0,2024,11
QQQ,2024-06-20,long,486.8387,485.27,2024-06-20T14:55:00+00:00,2024-06-20T15:00:00+00:00,485.56,0.1450999999999567,484.74,487.2,1,1,2024-06-20T15:05:00+00:00,485.53999999999996,2024-06-20T15:48:00+00:00,484.73,STOP_LOSS,-0.8099999999999454,0.097027,0.03000000000002956,-0.9070269999999454,-0.9878048780487222,-1.1061304878048206,4.831800525250097,0.8199999999999932,0.005,0.0008485449634301174,,HYP-FCR-03,baseline,966.3601050500195,965.4530780500195,14.50999999999567,0.7034,0.20628376457201691,1,1,24.00000000000091,0.8199999999999932,5.0,2024,11
SPY,2024-06-20,long,550.12,548.81,2024-06-20T14:50:00+00:00,2024-06-20T15:00:00+00:00,549.19,0.08010000000001583,548.7,550.1700000000001,1,1,2024-06-20T15:05:00+00:00,549.18,2024-06-20T15:27:00+00:00,548.69,STOP_LOSS,-0.4899999999998954,0.109787,0.020000000000095497,-0.5997869999998954,-0.999999999999768,-1.22405510204058,4.713064723300063,0.4900000000000091,0.005,0.0005198316050887094,,HYP-FCR-03,baseline,942.6129446600124,942.0131576600126,8.010000000001583,0.45792857142857557,0.17491810949933106,2,2,9.999999999990905,0.4900000000000091,10.0,2024,11
QQQ,2024-06-21,short,481.45,478.67,2024-06-21T15:20:00+00:00,2024-06-21T15:30:00+00:00,480.25,0.21999999999997044,481.5969,477.5562,2,2,2024-06-21T15:35:00+00:00,480.25,2024-06-21T15:47:00+00:00,481.6069,STOP_LOSS,-2.713799999999992,0.19237138,0.01999999999998181,-2.906171379999992,-1.0074244561585797,-1.0788371000074175,4.827265390250098,2.69380000000001,0.005,0.0027901925647601964,,HYP-FCR-03,baseline,965.4530780500195,962.5469066700194,21.999999999997044,0.6464071428571531,0.3403427737935553,2,2,32.99999999999841,1.346900000000005,10.0,2024,11
SPY,2024-06-21,short,544.86,543.02,2024-06-21T15:20:00+00:00,2024-06-21T15:30:00+00:00,544.12,0.18500000000005912,545.13,542.1,1,1,2024-06-21T15:35:00+00:00,544.12,2024-06-21T15:48:00+00:00,545.14,STOP_LOSS,-1.0199999999999818,0.10892600000000001,0.009999999999990905,-1.1289259999999819,-1.009900990099001,-1.1177485148514772,4.710065788300063,1.009999999999991,0.005,0.0010721718606445578,,HYP-FCR-03,baseline,942.0131576600126,940.8842316600126,18.50000000000591,0.47279285714284114,0.39129186747456834,2,2,38.999999999998636,1.009999999999991,10.0,2024,11
QQQ,2024-06-24,short,479.21,476.82,2024-06-24T14:15:00+00:00,2024-06-24T14:30:00+00:00,477.97,0.2899999999999636,479.11,475.69000000000005,2,2,2024-06-24T14:35:00+00:00,478.01,2024-06-24T17:08:00+00:00,475.70000000000005,TAKE_PROFIT,4.619999999999891,0.19074200000000002,0.09999999999990905,4.429257999999891,2.0263157894736605,1.942657017543835,4.812734533350097,2.2799999999999727,0.005,0.002368715731358745,,HYP-FCR-03,baseline,962.5469066700194,966.9761646700193,28.999999999996362,1.0948384615384594,0.2648792586190821,3,3,29.000000000002046,1.1399999999999864,15.0,2024,10
SPY,2024-06-24,short,545.802,543.76,2024-06-24T14:40:00+00:00,2024-06-24T14:45:00+00:00,544.85,0.2900000000000773,546.2299,542.0902,1,1,2024-06-24T14:50:00+00:00,544.85,2024-06-24T15:18:00+00:00,546.2399,STOP_LOSS,-1.3899000000000115,0.10910899,0.009999999999990905,-1.4990089900000114,-1.00724690194941,-1.0863171171823967,4.704421158300063,1.3799000000000206,0.005,0.0014665991346942307,,HYP-FCR-03,baseline,940.8842316600126,939.3852226700126,29.00000000000773,0.7683571428571392,0.37742865111100693,1,1,40.800000000001546,1.3799000000000206,5.0,2024,10
SPY,2024-06-25,short,544.07,543.03,2024-06-25T16:10:00+00:00,2024-06-25T16:15:00+00:00,543.805,0.07999999999992724,544.13,543.1549999999999,1,1,2024-06-25T16:20:00+00:00,543.79,2024-06-25T16:31:00+00:00,543.1649999999998,TAKE_PROFIT,0.6250000000001137,0.1086955,0.024999999999977263,0.5163045000001136,1.9230769230770037,1.5886292307693581,4.696926113350063,0.3250000000000455,0.005,0.00034597095223224685,,HYP-FCR-03,baseline,939.3852226700126,939.9015271700127,7.999999999992724,0.3209357142857162,0.24927110458235396,1,1,7.989999999995234,0.3250000000000455,5.0,2024,12
SPY,2024-06-26,short,544.39,543.17,2024-06-26T14:25:00+00:00,2024-06-26T14:30:00+00:00,544.065,0.09109999999998308,544.65,542.8950000000002,1,1,2024-06-26T14:35:00+00:00,544.0550000000001,2024-06-26T15:50:00+00:00,544.66,STOP_LOSS,-0.6049999999999045,0.10887150000000002,0.01999999999998181,-0.7138714999999045,-1.0341880341880076,-1.2202931623931603,4.699507635850064,0.5849999999999227,0.005,0.0006224056277058329,,HYP-FCR-03,baseline,939.9015271700127,939.1876556700129,9.109999999998308,0.4829615384615391,0.18862785697217146,1,1,28.999999999996362,0.5849999999999227,5.0,2024,10
QQQ,2024-06-26,short,480.27,478.33,2024-06-26T14:55:00+00:00,2024-06-26T15:10:00+00:00,478.57,0.049999999999954525,479.67,476.36999999999995,2,2,2024-06-26T15:15:00+00:00,478.54,2024-06-26T15:24:00+00:00,479.68,STOP_LOSS,-2.2799999999999727,0.191644,0.07999999999992724,-2.471643999999973,-1.0363636363636026,-1.1234745454545099,4.834880823350097,2.2000000000000455,0.005,0.0022751336386360624,,HYP-FCR-03,baseline,966.9761646700193,964.5045206700194,4.9999999999954525,0.7488642857142948,0.06676777215014688,3,3,9.000000000003183,1.1000000000000227,15.0,2024,11
QQQ,2024-06-27,short,482.76,480.12,2024-06-27T14:15:00+00:00,2024-06-27T14:50:00+00:00,480.8405,0.5599999999999454,482.115,478.29150000000004,2,2,2024-06-27T14:55:00+00:00,480.89,2024-06-27T19:59:00+00:00,481.58,FORCED_SESSION_CLOSE,-1.3799999999999955,0.19249400000000003,0.11899999999991451,-1.5724939999999954,-0.5413887799136945,-0.6169062377402937,4.822522603350097,2.548999999999978,0.005,0.002642807727048543,,HYP-FCR-03,baseline,964.5045206700194,962.9320266700194,55.99999999999454,0.8199000000000021,0.6830101231856861,7,7,34.00000000000318,1.274499999999989,35.0,2024,10
SPY,2024-06-27,short,546.84,545.14,2024-06-27T14:15:00+00:00,2024-06-27T14:50:00+00:00,545.83,0.1959999999999127,546.7,544.09,1,1,2024-06-27T14:55:00+00:00,545.82,2024-06-27T19:59:00+00:00,546.36,FORCED_SESSION_CLOSE,-0.5399999999999636,0.10921800000000001,0.01999999999998181,-0.6492179999999637,-0.6206896551723687,-0.7462275862068509,4.695938278350065,0.8700000000000045,0.005,0.0009263324477783409,,HYP-FCR-03,baseline,939.1876556700129,938.5384376700129,19.59999999999127,0.561857142857158,0.34884312229833503,7,7,12.000000000000455,0.8700000000000045,35.0,2024,10
QQQ,2024-06-28,short,484.27,481.67,2024-06-28T14:55:00+00:00,2024-06-28T15:00:00+00:00,483.45,0.11000000000001364,485.4,479.55,1,1,2024-06-28T15:05:00+00:00,483.44,2024-06-28T19:31:00+00:00,479.56,TAKE_PROFIT,3.8799999999999955,0.09630000000000001,0.01999999999998181,3.7836999999999956,1.989743589743599,1.9403589743589835,4.814660133350097,1.9499999999999886,0.005,0.0020250650575445246,,HYP-FCR-03,baseline,962.9320266700194,966.7157266700193,11.000000000001364,0.8986357142857051,0.12240777686812603,1,1,19.990000000001373,1.9499999999999886,5.0,2024,11
SPY,2024-06-28,short,548.26,546.67,2024-06-28T15:00:00+00:00,2024-06-28T15:05:00+00:00,547.47,0.10500000000001819,548.84,544.73,1,1,2024-06-28T15:10:00+00:00,547.45,2024-06-28T19:05:00+00:00,544.74,TAKE_PROFIT,2.7100000000000364,0.10921900000000001,0.029999999999972715,2.6007810000000364,1.9781021897810418,1.8983802919708233,4.6926921883500645,1.3700000000000045,0.005,0.0014597164538099527,,HYP-FCR-03,baseline,938.5384376700129,941.1392186700128,10.500000000001819,0.7375999999999863,0.1423535791757323,1,1,37.000000000000455,1.3700000000000045,5.0,2024,11
QQQ,2024-07-01,long,480.4,476.945,2024-07-01T14:15:00+00:00,2024-07-01T14:25:00+00:00,479.21,0.049999999999954525,476.475,484.6799999999999,1,1,2024-07-01T14:30:00+00:00,479.25,2024-07-01T19:59:00+00:00,481.93,FORCED_SESSION_CLOSE,2.680000000000007,0.09611800000000001,0.05000000000001137,2.5838820000000067,0.979890310786124,0.9447466179159223,4.833578633350097,2.734999999999957,0.005,0.0028291667597267994,,HYP-FCR-03,baseline,966.7157266700193,969.2996086700193,4.9999999999954525,1.2287166666666895,0.040692863828075576,2,2,68.99999999999977,2.734999999999957,10.0,2024,10
SPY,2024-07-01,long,545.8599,544.095,2024-07-01T16:05:00+00:00,2024-07-01T16:10:00+00:00,545.015,0.13999999999998636,544.059,546.927,1,1,2024-07-01T16:15:00+00:00,545.02,2024-07-01T19:26:00+00:00,544.049,STOP_LOSS,-0.9710000000000036,0.1089069,0.014999999999986358,-1.0799069000000037,-1.015690376569023,-1.1296097280334563,4.705696093350064,0.9560000000000173,0.005,0.0010157902051420248,,HYP-FCR-03,baseline,941.1392186700128,940.0593117700129,13.999999999998636,0.5231142857142815,0.2676279425418953,1,1,2.4999999999977263,0.9560000000000173,5.0,2024,12
QQQ,2024-07-02,short,483.18,480.28,2024-07-02T15:55:00+00:00,2024-07-02T16:00:00+00:00,483.12,0.6650999999999954,484.03,481.30000000000007,2,2,2024-07-02T16:05:00+00:00,483.0799,2024-07-02T17:03:00+00:00,484.03999999999996,STOP_LOSS,-1.9201999999999089,0.19342398,0.10019999999997253,-2.113623979999909,-1.0550549450549318,-1.1613318571428477,4.846498043350096,1.8199999999999363,0.005,0.0018776444184241106,,HYP-FCR-03,baseline,969.2996086700193,967.1859846900194,66.50999999999954,0.5038499999999958,1.3200357249181323,1,1,70.99999999999795,0.9099999999999682,5.0,2024,12
QQQ,2024-07-03,short,487.86,486.2,2024-07-03T14:20:00+00:00,2024-07-03T14:25:00+00:00,487.3,0.20999999999997954,487.89,486.12000000000006,1,1,2024-07-03T14:30:00+00:00,487.28000000000003,2024-07-03T14:42:00+00:00,487.9,STOP_LOSS,-0.6199999999999477,0.09751800000000001,0.029999999999972715,-0.7175179999999477,-1.0508474576270745,-1.2161322033897934,4.835929923450097,0.589999999999975,0.005,0.0006100171108135614,,HYP-FCR-03,baseline,967.1859846900194,966.4684666900195,20.999999999997954,0.7149249999999986,0.2937371052907367,1,1,14.959999999996398,0.589999999999975,5.0,2024,10
SPY,2024-07-03,short,549.63,548.65,2024-07-03T14:20:00+00:00,2024-07-03T14:25:00+00:00,549.18,0.10500000000001819,549.79,547.9599999999999,1,1,2024-07-03T14:30:00+00:00,549.15,2024-07-03T14:46:00+00:00,549.8,STOP_LOSS,-0.6499999999999773,0.10989499999999999,0.03999999999996362,-0.7598949999999772,-1.065573770491742,-1.2457295081966562,4.700296558850065,0.6100000000000136,0.005,0.0006488952264633821,,HYP-FCR-03,baseline,940.0593117700129,939.2994167700128,10.500000000001819,0.47791666666667726,0.2197035745423174,1,1,10.000000000002274,0.6100000000000136,5.0,2024,10
QQQ,2024-07-05,short,493.7,491.59,2024-07-05T14:05:00+00:00,2024-07-05T14:10:00+00:00,493.12,0.3686999999999898,494.02,491.32000000000005,1,1,2024-07-05T14:15:00+00:00,493.11,2024-07-05T14:33:00+00:00,494.03,STOP_LOSS,-0.9199999999999591,0.09871400000000001,0.01999999999998181,-1.018713999999959,-1.0222222222222026,-1.1319044444444275,4.8323423334500974,0.8999999999999773,0.005,0.0009312254160576136,,HYP-FCR-03,baseline,966.4684666900195,965.4497526900195,36.86999999999898,0.949999999999995,0.38810526315788607,1,1,57.99999999999841,0.8999999999999773,5.0,2024,10
SPY,2024-07-05,short,552.53,551.39,2024-07-05T14:05:00+00:00,2024-07-05T14:10:00+00:00,551.79,0.31979999999998654,552.55,550.27,1,1,2024-07-05T14:15:00+00:00,551.78,2024-07-05T14:44:00+00:00,552.56,STOP_LOSS,-0.7799999999999727,0.11043399999999999,0.01999999999998181,-0.8904339999999727,-1.0263157894736605,-1.1716236842105046,4.696497083850065,0.7599999999999909,0.005,0.0008091136717761603,,HYP-FCR-03,baseline,939.2994167700128,938.4089827700128,31.979999999998654,0.6089666666666744,0.5251518966555079,1,1,4.000000000007731,0.7599999999999909,5.0,2024,10
QQQ,2024-07-08,long,497.04,495.781,2024-07-08T14:55:00+00:00,2024-07-08T15:05:00+00:00,496.46,0.22000000000002728,495.89,497.59999999999997,1,1,2024-07-08T15:10:00+00:00,496.48,2024-07-08T19:55:00+00:00,497.59,TAKE_PROFIT,1.1099999999999568,0.099407,0.03000000000002956,1.0105929999999568,1.947368421052579,1.7729701754385419,4.827248763450098,0.5699999999999932,0.005,0.0005903984111154516,,HYP-FCR-03,baseline,965.4497526900195,966.4603456900195,22.00000000000273,0.5090499999999898,0.43217758569891307,2,2,20.100000000002183,0.5699999999999932,10.0,2024,11
QQQ,2024-07-09,long,499.835,498.76,2024-07-09T14:05:00+00:00,2024-07-09T14:15:00+00:00,499.68,0.19499999999999318,499.03000000000003,500.97999999999996,1,1,2024-07-09T14:20:00+00:00,499.6987,2024-07-09T14:24:00+00:00,499.02000000000004,STOP_LOSS,-0.6786999999999352,0.09987187,0.02869999999995798,-0.7785718699999352,-1.0441538461537831,-1.1978028769230191,4.832301728450098,0.6499999999999773,0.005,0.0006725573407110662,,HYP-FCR-03,baseline,966.4603456900195,965.6817738200195,19.499999999999318,0.7097100000000068,0.274760113285696,2,2,14.900000000000091,0.6499999999999773,10.0,2024,10
SPY,2024-07-09,long,556.82,556.11,2024-07-09T14:30:00+00:00,2024-07-09T14:35:00+00:00,556.46,0.030000000000086402,556.0,557.3800000000001,1,1,2024-07-09T14:40:00+00:00,556.47,2024-07-09T15:11:00+00:00,555.99,STOP_LOSS,-0.4800000000000182,0.11124600000000001,0.01999999999998181,-0.5912460000000181,-1.0434782608695223,-1.2853173913042857,4.692044913850064,0.4600000000000364,0.005,0.0004901913861077927,,HYP-FCR-03,baseline,938.4089827700128,937.8177367700127,3.00000000000864,0.3821785714285722,0.07849733669773082,1,1,35.000000000002274,0.4600000000000364,5.0,2024,10
QQQ,2024-07-10,short,500.19,498.83,2024-07-10T14:15:00+00:00,2024-07-10T14:20:00+00:00,499.8494,0.18999999999999773,500.53,498.48820000000006,1,1,2024-07-10T14:25:00+00:00,499.8599,2024-07-10T15:01:00+00:00,498.49820000000005,TAKE_PROFIT,1.361699999999928,0.09983581000000001,0.020499999999969987,1.2618641899999279,2.0007346459006587,1.854046708786341,4.828408869100098,0.6805999999999699,0.005,0.0007047870410846315,,HYP-FCR-03,baseline,965.6817738200195,966.9436380100195,18.999999999999773,0.5789090909090749,0.3282035175879448,1,1,38.999999999998636,0.6805999999999699,5.0,2024,10
QQQ,2024-07-15,short,497.96,495.92,2024-07-15T16:05:00+00:00,2024-07-15T16:10:00+00:00,497.19,0.4200000000000159,498.73,494.10999999999996,1,1,2024-07-15T16:15:00+00:00,497.15000000000003,2024-07-15T19:52:00+00:00,494.11999999999995,TAKE_PROFIT,3.0300000000000864,0.099127,0.049999999999954525,2.930873000000086,1.9675324675324974,1.9031642857143165,4.834718190050098,1.5400000000000205,0.005,0.0015926471197115037,,HYP-FCR-03,baseline,966.9436380100195,969.8745110100197,42.00000000000159,0.7512428571428538,0.5590735352844096,1,1,42.00000000000159,1.5400000000000205,5.0,2024,12
SPY,2024-07-15,short,562.83,561.39,2024-07-15T16:10:00+00:00,2024-07-15T16:15:00+00:00,562.44,0.22000000000002728,563.37,560.5800000000002,1,1,2024-07-15T16:20:00+00:00,562.45,2024-07-15T19:46:00+00:00,560.5900000000001,TAKE_PROFIT,1.8599999999999,0.11230400000000003,0.01999999999998181,1.7476959999999,2.0,1.8792430107526816,4.689088683850064,0.92999999999995,0.005,0.0009916639060410734,,HYP-FCR-03,baseline,937.8177367700127,939.5654327700126,22.00000000000273,0.5140642857142877,0.4279620392113785,1,1,30.999999999994543,0.92999999999995,5.0,2024,12
SPY,2024-07-16,long,563.61,562.74,2024-07-16T14:35:00+00:00,2024-07-16T14:40:00+00:00,563.3001,0.17989999999997508,562.63,564.6403000000001,1,1,2024-07-16T14:45:00+00:00,563.3199999999999,2024-07-16T16:12:00+00:00,562.62,STOP_LOSS,-0.6999999999999318,0.11259400000000001,0.02989999999988413,-0.8125939999999318,-1.044620205939236,-1.2126458737499985,4.6978271638500635,0.6701000000000477,0.005,0.0007132020577049849,,HYP-FCR-03,baseline,939.5654327700126,938.7528387700128,17.989999999997508,0.6185357142857291,0.2908482013972621,1,1,26.99999999999818,0.6701000000000477,5.0,2024,10
QQQ,2024-07-16,long,498.44,495.6,2024-07-16T15:05:00+00:00,2024-07-16T15:10:00+00:00,495.72,0.013900000000035106,494.95,497.2600000000001,1,1,2024-07-16T15:15:00+00:00,495.76,2024-07-16T15:31:00+00:00,494.94,STOP_LOSS,-0.8199999999999932,0.09907,0.049999999999954525,-0.9190699999999932,-1.0649350649350027,-1.1935974025973337,4.849372555050098,0.7700000000000387,0.005,0.0007939171421240535,,HYP-FCR-03,baseline,969.8745110100197,968.9554410100196,1.3900000000035106,0.9232142857142743,0.015056092843365098,1,1,12.999999999999545,0.7700000000000387,5.0,2024,11
SPY,2024-07-22,long,554.4101,552.275,2024-07-22T14:20:00+00:00,2024-07-22T14:30:00+00:00,553.46,0.1150000000000091,552.33,555.72,1,1,2024-07-22T14:35:00+00:00,553.472,2024-07-22T15:23:00+00:00,552.32,STOP_LOSS,-1.15199999999993,0.1105792,0.021999999999934516,-1.26257919999993,-1.0194690265486146,-1.1173267256636594,4.693764193850064,1.1299999999999955,0.005,0.0012037247221329966,,HYP-FCR-03,baseline,938.7528387700128,937.4902595700129,11.50000000000091,0.8480769230769213,0.13560090702948946,2,2,5.499999999994998,1.1299999999999955,10.0,2024,10
QQQ,2024-07-22,long,482.86,479.44,2024-07-22T16:30:00+00:00,2024-07-22T16:40:00+00:00,480.495,0.14500000000003865,479.69,482.105,2,2,2024-07-22T16:45:00+00:00,480.5,2024-07-22T17:27:00+00:00,482.095,TAKE_PROFIT,3.1900000000000546,0.19251900000000002,0.029999999999972715,2.9974810000000547,1.9813664596273464,1.861789440993807,4.844777205050098,1.6100000000000136,0.005,0.00166158311503136,,HYP-FCR-03,baseline,968.9554410100196,971.9529220100197,14.500000000003865,0.6895928571428556,0.21026899930606527,2,2,0.9999999999990905,0.8050000000000068,10.0,2024,12
SPY,2024-07-23,short,555.81,554.13,2024-07-23T14:35:00+00:00,2024-07-23T14:40:00+00:00,555.37,0.09999999999990905,556.03,554.0500000000001,1,1,2024-07-23T14:45:00+00:00,555.34,2024-07-23T15:12:00+00:00,556.04,STOP_LOSS,-0.6999999999999318,0.11113800000000001,0.03999999999996362,-0.8111379999999317,-1.0606060606060084,-1.2289969696969256,4.687451297850065,0.6599999999999682,0.005,0.0007040073144895203,,HYP-FCR-03,baseline,937.4902595700129,936.679121570013,9.999999999990905,0.5753142857142767,0.17381803734589152,1,1,27.00000000000955,0.6599999999999682,5.0,2024,10
QQQ,2024-07-23,short,483.28,480.87,2024-07-23T14:25:00+00:00,2024-07-23T14:50:00+00:00,481.18,0.49500000000000455,482.21,479.12000000000006,2,2,2024-07-23T14:55:00+00:00,481.13,2024-07-23T15:03:00+00:00,482.21999999999997,STOP_LOSS,-2.17999999999995,0.19266999999999998,0.12000000000000455,-2.37266999999995,-1.0582524271844698,-1.1517815533980644,4.859764610050099,2.0599999999999454,0.005,0.0021194442172567584,,HYP-FCR-03,baseline,971.9529220100197,969.5802520100198,49.500000000000455,0.9253357142857104,0.5349409866689382,5,5,7.000000000005002,1.0299999999999727,25.0,2024,10
QQQ,2024-07-25,long,463.95,458.87,2024-07-25T14:20:00+00:00,2024-07-25T14:25:00+00:00,460.36,0.3599999999999568,456.68,467.72,1,1,2024-07-25T14:30:00+00:00,460.38,2024-07-25T17:03:00+00:00,467.71000000000004,TAKE_PROFIT,7.330000000000041,0.092809,0.029999999999972715,7.237191000000041,1.9918478260869639,1.9666279891304423,4.847901260050099,3.680000000000007,0.005,0.0037954568405978396,,HYP-FCR-03,baseline,969.5802520100198,976.8174430100198,35.99999999999568,1.8497916666666658,0.19461651086831777,1,1,86.00000000000136,3.680000000000007,5.0,2024,10
SPY,2024-07-25,long,541.62,539.61,2024-07-25T14:20:00+00:00,2024-07-25T14:25:00+00:00,540.6,0.09000000000003183,538.1800000000001,545.4399999999999,1,1,2024-07-25T14:30:00+00:00,540.59,2024-07-25T16:17:00+00:00,545.43,TAKE_PROFIT,4.839999999999918,0.108602,0.01999999999998181,4.731397999999918,2.0,1.9551231404958669,4.683395607850065,2.419999999999959,0.005,0.0025835955390397522,,HYP-FCR-03,baseline,936.679121570013,941.4105195700129,9.000000000003183,1.119591666666641,0.08038645041722106,1,1,63.999999999998636,2.419999999999959,5.0,2024,10
QQQ,2024-07-26,long,462.71,460.23,2024-07-26T14:10:00+00:00,2024-07-26T14:25:00+00:00,462.05,0.3650000000000091,460.89,464.37000000000006,2,2,2024-07-26T14:30:00+00:00,462.05,2024-07-26T14:31:00+00:00,460.88,STOP_LOSS,-2.340000000000032,0.18458600000000003,0.01999999999998181,-2.5245860000000317,-1.0086206896551644,-1.0881836206896454,4.8840872150501,2.32000000000005,0.005,0.002375059962945658,,HYP-FCR-03,baseline,976.8174430100198,974.2928570100198,36.50000000000091,1.5476416666666541,0.23584270691429135,3,3,6.999999999999318,1.160000000000025,15.0,2024,10
SPY,2024-07-26,short,543.18,541.49,2024-07-26T14:30:00+00:00,2024-07-26T14:35:00+00:00,542.12,1.19500000000005,543.698,538.964,1,1,2024-07-26T14:40:00+00:00,542.14,2024-07-26T15:01:00+00:00,543.708,STOP_LOSS,-1.5679999999999836,0.1085848,0.029999999999972715,-1.6765847999999837,-0.9936628643853035,-1.0624745247148357,4.707052597850065,1.5779999999999745,0.005,0.001676208165509689,,HYP-FCR-03,baseline,941.4105195700129,939.7339347700129,119.500000000005,1.1160785714285535,1.0707131474359184,1,1,65.0000000000091,1.5779999999999745,5.0,2024,10
QQQ,2024-07-29,short,467.67,464.2,2024-07-29T14:00:00+00:00,2024-07-29T14:10:00+00:00,465.0,0.5799999999999841,467.46,460.08000000000004,1,1,2024-07-29T14:15:00+00:00,465.03000000000003,2024-07-29T19:59:00+00:00,463.84999999999997,FORCED_SESSION_CLOSE,1.1800000000000637,0.092888,0.040000000000020464,1.0871120000000636,0.47967479674799735,0.44191544715450104,4.8714642850500995,2.4599999999999795,0.005,0.0025249081755042368,,HYP-FCR-03,baseline,974.2928570100198,975.3799690100199,57.99999999999841,1.3433333333333368,0.4317617866004833,2,2,24.00000000000091,2.4599999999999795,10.0,2024,10
SPY,2024-07-29,short,546.65,544.75,2024-07-29T14:05:00+00:00,2024-07-29T14:10:00+00:00,545.17,0.30999999999994543,546.96,541.5899999999998,1,1,2024-07-29T14:15:00+00:00,545.19,2024-07-29T17:13:00+00:00,546.97,STOP_LOSS,-1.7799999999999727,0.10921600000000001,0.030000000000086402,-1.8892159999999727,-0.9944134078211708,-1.055427932960833,4.698669673850064,1.7900000000000773,0.005,0.0019047944676363693,,HYP-FCR-03,baseline,939.7339347700129,937.844718770013,30.999999999994543,0.9455555555555546,0.3278495887190966,1,1,38.999999999998636,1.7900000000000773,5.0,2024,10
QQQ,2024-07-31,short,468.9,466.41,2024-07-31T17:30:00+00:00,2024-07-31T17:35:00+00:00,468.41,0.5400000000000205,469.76,465.7100000000001,2,2,2024-07-31T17:40:00+00:00,468.37,2024-07-31T18:05:00+00:00,469.77,STOP_LOSS,-2.7999999999999545,0.18762800000000002,0.10000000000002274,-2.9876279999999547,-1.0370370370370463,-1.1065288888889,4.876899845050099,2.699999999999932,0.005,0.0027681519877226384,,HYP-FCR-03,baseline,975.3799690100199,972.3923410100199,54.000000000002046,0.6328928571428533,0.8532249873032371,1,1,66.0000000000025,1.349999999999966,5.0,2024,13
QQQ,2024-08-02,long,453.57,448.285,2024-08-02T15:35:00+00:00,2024-08-02T15:40:00+00:00,450.01,0.650100000000009,446.755,456.52,1,1,2024-08-02T15:45:00+00:00,449.94,2024-08-02T17:30:00+00:00,446.745,STOP_LOSS,-3.194999999999993,0.0896685,0.07999999999998408,-3.2846684999999933,-0.981566820276497,-1.0091147465437782,4.861961705050099,3.2549999999999955,0.005,0.003347414271711602,,HYP-FCR-03,baseline,972.3923410100199,969.1076725100199,65.0100000000009,1.5793714285714324,0.411619450776082,1,1,101.50000000000432,3.2549999999999955,5.0,2024,11
SPY,2024-08-05,short,518.04,510.27,2024-08-05T18:35:00+00:00,2024-08-05T18:40:00+00:00,516.5901,0.4800000000000182,518.92,511.9303000000001,1,1,2024-08-05T18:45:00+00:00,516.58,2024-08-05T19:59:00+00:00,517.42,FORCED_SESSION_CLOSE,-0.8399999999999181,0.1034,0.020099999999956708,-0.9433999999999182,-0.36053049487099675,-0.4049100819777405,4.689223593850065,2.3298999999999523,0.005,0.002484313184655585,,HYP-FCR-03,baseline,937.844718770013,936.9013187700131,48.00000000000182,1.0503571428571215,0.4569874192451813,1,1,95.00000000000455,2.3298999999999523,5.0,2024,14
QQQ,2024-08-05,short,434.2,423.45,2024-08-05T18:40:00+00:00,2024-08-05T18:45:00+00:00,433.005,1.0900000000000318,436.13,426.755,1,1,2024-08-05T18:50:00+00:00,432.99,2024-08-05T19:59:00+00:00,435.76,FORCED_SESSION_CLOSE,-2.769999999999982,0.08687500000000001,0.024999999999977263,-2.856874999999982,-0.8863999999999942,-0.9141999999999942,4.8455383625501,3.125,0.005,0.0032246158901065654,,HYP-FCR-03,baseline,969.1076725100199,966.25079751002,109.00000000000318,1.2708071428571333,0.8577225947513988,1,1,129.00000000000205,3.125,5.0,2024,14
SPY,2024-08-07,short,531.19,527.94,2024-08-07T14:10:00+00:00,2024-08-07T14:20:00+00:00,529.69,0.1150000000000091,531.06,526.9500000000003,1,1,2024-08-07T14:25:00+00:00,529.69,2024-08-07T15:05:00+00:00,531.0699999999999,STOP_LOSS,-1.3799999999998818,0.106076,0.009999999999990905,-1.4860759999998818,-1.0072992700729866,-1.0847270072992703,4.684506593850066,1.3699999999998909,0.005,0.001462267127341074,,HYP-FCR-03,baseline,936.9013187700131,935.4152427700132,11.50000000000091,1.246227272727269,0.09227851333115249,2,2,5.999999999994543,1.3699999999998909,10.0,2024,10
QQQ,2024-08-07,long,449.0,446.15,2024-08-07T14:40:00+00:00,2024-08-07T14:45:00+00:00,448.38,0.6599999999999682,446.04,453.05999999999995,2,2,2024-08-07T14:50:00+00:00,448.4,2024-08-07T15:40:00+00:00,446.03000000000003,STOP_LOSS,-4.739999999999895,0.17888600000000002,0.05999999999994543,-4.918885999999896,-1.0128205128205012,-1.051044017094006,4.8312539875501,4.67999999999995,0.005,0.00484346301401259,,HYP-FCR-03,baseline,966.25079751002,961.3319115100201,65.99999999999682,1.4571428571428677,0.4529411764705631,1,1,25.99999999999909,2.339999999999975,5.0,2024,10
QQQ,2024-08-09,short,448.62,446.07,2024-08-09T14:20:00+00:00,2024-08-09T14:35:00+00:00,446.87,0.16999999999995907,448.09499999999997,444.4200000000001,2,2,2024-08-09T14:40:00+00:00,446.87,2024-08-09T14:47:00+00:00,448.10499999999996,STOP_LOSS,-2.4699999999999136,0.178995,0.01999999999998181,-2.6489949999999136,-1.0081632653061152,-1.0812224489795867,4.8066595575501,2.449999999999932,0.005,0.002548547458652001,,HYP-FCR-03,baseline,961.3319115100201,958.6829165100202,16.999999999995907,1.416021428571432,0.12005468036699511,3,3,26.99999999999818,1.224999999999966,15.0,2024,10
SPY,2024-08-09,short,531.1101,528.56,2024-08-09T14:20:00+00:00,2024-08-09T14:35:00+00:00,530.04,0.049999999999954525,530.789,528.5419999999999,1,1,2024-08-09T14:40:00+00:00,530.0394,2024-08-09T14:42:00+00:00,530.799,STOP_LOSS,-0.7595999999999776,0.10608384000000001,0.01059999999995398,-0.8656838399999777,-1.0141522029371879,-1.1557861682242327,4.677076213850066,0.7490000000000236,0.005,0.0008007139137288758,,HYP-FCR-03,baseline,935.4152427700132,934.5495589300132,4.9999999999954525,1.1685214285714258,0.042789116893715805,3,3,5.8400000000006,0.7490000000000236,15.0,2024,10
QQQ,2024-08-12,short,452.14,448.5546,2024-08-12T15:20:00+00:00,2024-08-12T15:25:00+00:00,451.13,2.430000000000007,453.96,445.47,1,1,2024-08-12T15:30:00+00:00,451.1,2024-08-12T19:59:00+00:00,451.49,FORCED_SESSION_CLOSE,-0.38999999999998636,0.090259,0.03999999999996362,-0.48025899999998634,-0.1378091872791479,-0.1697028268551198,4.793414582550101,2.829999999999984,0.005,0.002951966652647038,,HYP-FCR-03,baseline,958.6829165100202,958.2026575100202,243.00000000000068,1.0181571428571365,2.3866649829524147,1,1,187.00000000000045,2.829999999999984,5.0,2024,11
SPY,2024-08-12,short,534.48,530.95,2024-08-12T15:20:00+00:00,2024-08-12T15:25:00+00:00,532.89,1.9443999999999733,535.225,528.2199999999999,1,1,2024-08-12T15:30:00+00:00,532.85,2024-08-12T19:59:00+00:00,533.26,FORCED_SESSION_CLOSE,-0.40999999999996817,0.10661100000000001,0.049999999999954525,-0.5166109999999682,-0.1755888650963434,-0.22124668094216707,4.672747794650066,2.3350000000000364,0.005,0.0024985298828597495,,HYP-FCR-03,baseline,934.5495589300132,934.0329479300132,194.43999999999733,0.8011214285714345,2.4270977290761544,1,1,75.99999999999909,2.3350000000000364,5.0,2024,11
QQQ,2024-08-14,long,464.43,460.48,2024-08-14T14:45:00+00:00,2024-08-14T14:50:00+00:00,461.4899,0.3957999999999515,459.59520000000003,465.27929999999986,2,2,2024-08-14T14:55:00+00:00,461.49,2024-08-14T19:59:00+00:00,462.8,FORCED_SESSION_CLOSE,2.6200000000000045,0.184858,0.020200000000045293,2.4351420000000044,0.6914023328231601,0.6426194120441434,4.7910132875501015,3.789399999999887,0.005,0.003954695773696766,,HYP-FCR-03,baseline,958.2026575100202,960.6377995100203,39.57999999999515,1.0834785714285837,0.365304871215019,1,1,62.5,1.8946999999999434,5.0,2024,10
SPY,2024-08-14,long,543.27,541.29,2024-08-14T14:45:00+00:00,2024-08-14T14:55:00+00:00,542.36,0.10000000000002274,541.2,544.68,1,1,2024-08-14T15:00:00+00:00,542.374,2024-08-14T15:58:00+00:00,544.67,TAKE_PROFIT,2.2959999999999354,0.10870439999999999,0.02400000000000091,2.1872955999999353,1.9793103448275848,1.8855996551724097,4.670164739650066,1.1599999999999682,0.005,0.0012419262110300703,,HYP-FCR-03,baseline,934.0329479300132,936.2202435300131,10.000000000002274,0.7289214285714333,0.13718899744243543,2,2,16.999999999995907,1.1599999999999682,10.0,2024,11
SPY,2024-08-15,short,550.29,548.95,2024-08-15T14:00:00+00:00,2024-08-15T14:05:00+00:00,549.14,0.26499999999998636,550.18,547.0600000000001,1,1,2024-08-15T14:10:00+00:00,549.13,2024-08-15T14:22:00+00:00,550.1899999999999,STOP_LOSS,-1.0599999999999454,0.109932,0.01999999999998181,-1.1699319999999453,-1.0192307692307525,-1.1249346153846023,4.681101217650066,1.0399999999999636,0.005,0.0011108497249308021,,HYP-FCR-03,baseline,936.2202435300131,935.0503115300132,26.499999999998636,0.7453374999999909,0.3555436295637743,1,1,34.00000000000318,1.0399999999999636,5.0,2024,10
SPY,2024-08-19,short,555.5313,554.52,2024-08-19T14:10:00+00:00,2024-08-19T14:20:00+00:00,554.94,0.13010000000008404,555.47,553.8800000000001,1,1,2024-08-19T14:25:00+00:00,554.95,2024-08-19T14:28:00+00:00,555.48,STOP_LOSS,-0.5299999999999727,0.11104300000000002,0.01999999999998181,-0.6410429999999727,-1.0,-1.2095150943396333,4.675251557650066,0.5299999999999727,0.005,0.0005668144199992181,,HYP-FCR-03,baseline,935.0503115300132,934.4092685300133,13.010000000008404,0.7545363636363411,0.17242376414185318,2,2,14.869999999996253,0.5299999999999727,10.0,2024,10
QQQ,2024-08-19,long,475.67,473.71,2024-08-19T14:20:00+00:00,2024-08-19T14:30:00+00:00,475.36,0.3350000000000364,473.41,479.26,2,2,2024-08-19T14:35:00+00:00,475.4,2024-08-19T18:42:00+00:00,479.25,TAKE_PROFIT,7.7000000000000455,0.19093000000000002,0.09999999999990905,7.509070000000046,1.9743589743589975,1.9254025641025871,4.803188997550102,3.8999999999999773,0.005,0.00405980277060636,,HYP-FCR-03,baseline,960.6377995100203,968.1468695100203,33.50000000000364,1.0346846153846145,0.3237701566438288,2,2,29.999999999995453,1.9499999999999886,10.0,2024,10
QQQ,2024-08-20,long,482.94,480.33,2024-08-20T15:55:00+00:00,2024-08-20T16:00:00+00:00,481.06,0.339999999999975,479.71000000000004,483.75999999999993,2,2,2024-08-20T16:05:00+00:00,481.05,2024-08-20T16:54:00+00:00,479.70000000000005,STOP_LOSS,-2.699999999999932,0.19215000000000002,0.03999999999996362,-2.8921499999999316,-1.0,-1.0711666666666684,4.840734347550102,2.699999999999932,0.005,0.0027888330634859185,,HYP-FCR-03,baseline,968.1468695100203,965.2547195100204,33.9999999999975,0.6517071428571545,0.5217067262902448,1,1,0.9999999999990905,1.349999999999966,5.0,2024,12
SPY,2024-08-20,long,560.84,559.14,2024-08-20T18:15:00+00:00,2024-08-20T18:20:00+00:00,559.705,0.12000000000000455,558.72,561.6750000000001,1,1,2024-08-20T18:25:00+00:00,559.72,2024-08-20T19:17:00+00:00,558.71,STOP_LOSS,-1.009999999999991,0.11184300000000001,0.024999999999977263,-1.1218429999999908,-1.0253807106598751,-1.1389269035532743,4.6720463426500665,0.9850000000000136,0.005,0.0010541419409822296,,HYP-FCR-03,baseline,934.4092685300133,933.2874255300133,12.000000000000455,0.33948571428569657,0.35347584581723435,1,1,1.999999999998181,0.9850000000000136,5.0,2024,14
QQQ,2024-08-21,short,482.04,480.35,2024-08-21T14:50:00+00:00,2024-08-21T14:55:00+00:00,480.84,1.4300000000000068,484.05,474.4199999999999,1,1,2024-08-21T15:00:00+00:00,480.8,2024-08-21T19:59:00+00:00,482.53999999999996,FORCED_SESSION_CLOSE,-1.7399999999999523,0.096334,0.049999999999954525,-1.8363339999999522,-0.5420560747663341,-0.5720666666666453,4.826273597550102,3.2100000000000364,0.005,0.0033255470655761065,,HYP-FCR-03,baseline,965.2547195100204,963.4183855100205,143.00000000000068,1.1256428571428623,1.2703851767244116,1,1,75.0,3.2100000000000364,5.0,2024,11
SPY,2024-08-21,long,560.45,559.35,2024-08-21T15:00:00+00:00,2024-08-21T15:10:00+00:00,560.21,0.2115000000000009,559.215,562.2,1,1,2024-08-21T15:15:00+00:00,560.17,2024-08-21T15:49:00+00:00,559.205,STOP_LOSS,-0.9649999999999181,0.11193750000000001,0.05000000000006821,-1.0769374999999182,-0.969849246231069,-1.0823492462310687,4.666437127650067,0.9950000000000045,0.005,0.0010661238679337663,,HYP-FCR-03,baseline,933.2874255300133,932.2104880300134,21.15000000000009,0.9339571428571551,0.22645578720344875,2,2,80.00000000000682,0.9950000000000045,10.0,2024,11
SPY,2024-08-23,short,559.83,558.83,2024-08-23T14:45:00+00:00,2024-08-23T14:50:00+00:00,559.71,1.2699999999999818,561.83,555.47,1,1,2024-08-23T14:55:00+00:00,559.65,2024-08-23T15:15:00+00:00,561.84,STOP_LOSS,-2.1900000000000546,0.11214900000000001,0.07000000000005002,-2.3021490000000546,-1.0330188679245518,-1.085919339622665,4.661052440150067,2.1200000000000045,0.005,0.002274164501710422,,HYP-FCR-03,baseline,932.2104880300134,929.9083390300133,126.99999999999818,1.388207142857157,0.9148490601958109,1,1,207.99999999999272,2.1200000000000045,5.0,2024,10
QQQ,2024-08-23,short,479.42,478.02,2024-08-23T15:40:00+00:00,2024-08-23T15:45:00+00:00,479.0,0.15499999999997272,479.99,477.02,2,2,2024-08-23T15:50:00+00:00,479.0,2024-08-23T16:06:00+00:00,477.03,TAKE_PROFIT,3.9400000000000546,0.19120600000000001,0.01999999999998181,3.7487940000000544,1.9898989898989992,1.893330303030313,4.817091927550102,1.9800000000000182,0.005,0.0020551818709083837,,HYP-FCR-03,baseline,963.4183855100205,967.1671795100206,15.499999999997272,1.4405071428571432,0.10760099369763712,1,1,126.99999999999818,0.9900000000000091,5.0,2024,11
QQQ,2024-08-28,long,477.02,473.97,2024-08-28T14:05:00+00:00,2024-08-28T14:25:00+00:00,475.17,0.009999999999990905,474.25,477.01000000000005,2,2,2024-08-28T14:30:00+00:00,475.17,2024-08-28T14:40:00+00:00,474.24,STOP_LOSS,-1.8600000000000136,0.18988200000000002,0.01999999999998181,-2.0498820000000135,-1.0108695652173811,-1.114066304347814,4.835835897550103,1.8400000000000318,0.005,0.0019024632338456725,,HYP-FCR-03,baseline,967.1671795100206,965.1172975100205,0.9999999999990905,0.8387166666666749,0.011922977564919588,4,4,38.00000000000523,0.9200000000000159,20.0,2024,10
QQQ,2024-08-29,short,476.95,472.78,2024-08-29T14:00:00+00:00,2024-08-29T14:20:00+00:00,475.07,0.040000000000020464,475.88,473.45,2,2,2024-08-29T14:25:00+00:00,475.05,2024-08-29T14:28:00+00:00,475.89,STOP_LOSS,-1.67999999999995,0.19018800000000002,0.05999999999994543,-1.87018799999995,-1.0370370370370032,-1.154437037037003,4.825586487550103,1.6200000000000045,0.005,0.001678552445572746,,HYP-FCR-03,baseline,965.1172975100205,963.2471095100206,4.000000000002046,1.6896909090909171,0.023672968697891116,4,4,81.99999999999932,0.8100000000000023,20.0,2024,10
SPY,2024-08-29,short,561.28,559.37,2024-08-29T18:25:00+00:00,2024-08-29T18:30:00+00:00,559.93,1.1200000000000045,561.98,555.8299999999998,1,1,2024-08-29T18:35:00+00:00,559.91,2024-08-29T19:59:00+00:00,558.325,FORCED_SESSION_CLOSE,1.5849999999999227,0.11182350000000002,0.029999999999972715,1.4731764999999226,0.7731707317072536,0.7186226829267676,4.6495416951500665,2.050000000000068,0.005,0.002204518353000707,,HYP-FCR-03,baseline,929.9083390300133,931.3815155300132,112.00000000000045,0.5885071428571435,1.9031204864609057,1,1,75.0,2.050000000000068,5.0,2024,14
SPY,2024-08-30,short,561.9295,560.41,2024-08-30T14:40:00+00:00,2024-08-30T15:00:00+00:00,560.4163,0.5,561.79,557.6689,1,1,2024-08-30T15:05:00+00:00,560.38,2024-08-30T16:32:00+00:00,557.6789,TAKE_PROFIT,2.7010999999999967,0.11180589,0.04629999999997381,2.589294109999997,1.9662954065662268,1.8849050811676673,4.656907577650066,1.3736999999999853,0.005,0.0014749058007859064,,HYP-FCR-03,baseline,931.3815155300132,933.9708096400132,50.0,0.7694285714285586,0.6498329001114108,4,4,24.049999999999727,1.3736999999999853,20.0,2024,11
QQQ,2024-08-30,long,476.12,473.97,2024-08-30T19:15:00+00:00,2024-08-30T19:25:00+00:00,475.1301,0.410000000000025,473.89,477.6103000000001,2,2,2024-08-30T19:30:00+00:00,475.155,2024-08-30T19:59:00+00:00,476.38,FORCED_SESSION_CLOSE,2.4500000000000455,0.190307,0.06979999999987285,2.2596930000000457,0.9878235626159039,0.9110930570115198,4.816235547550103,2.4802000000000817,0.005,0.0025748325383106486,,HYP-FCR-03,baseline,963.2471095100206,965.5068025100206,41.0000000000025,0.4834214285714365,0.8481212783877209,2,2,12.000000000000455,1.2401000000000408,10.0,2024,15
SPY,2024-09-04,short,552.555,550.03,2024-09-04T15:25:00+00:00,2024-09-04T15:30:00+00:00,552.11,0.2599999999999909,553.3195,549.6910000000001,1,1,2024-09-04T15:35:00+00:00,552.12,2024-09-04T19:04:00+00:00,549.7010000000001,TAKE_PROFIT,2.418999999999869,0.11018210000000002,0.01999999999998181,2.308817899999869,2.0,1.908902769739557,4.669854048200066,1.2094999999999345,0.005,0.001295008353062041,,HYP-FCR-03,baseline,933.9708096400132,936.279627540013,25.99999999999909,0.7901214285714185,0.32906334469384624,1,1,46.50000000000318,1.2094999999999345,5.0,2024,11
QQQ,2024-09-04,short,461.44,458.24,2024-09-04T18:35:00+00:00,2024-09-04T18:40:00+00:00,460.73,0.25,462.02,458.1500000000001,2,2,2024-09-04T18:45:00+00:00,460.69,2024-09-04T19:51:00+00:00,462.03,STOP_LOSS,-2.67999999999995,0.184544,0.10000000000002274,-2.86454399999995,-1.0387596899224905,-1.1102883720930352,4.827534012550103,2.5799999999999272,0.005,0.002672171747824791,,HYP-FCR-03,baseline,965.5068025100206,962.6422585100207,25.0,0.6862071428571507,0.36432147727154024,1,1,0.9999999999990905,1.2899999999999636,5.0,2024,14
SPY,2024-09-05,short,552.27,550.65,2024-09-05T14:40:00+00:00,2024-09-05T14:45:00+00:00,550.91,0.5150000000001,553.025,546.68,1,1,2024-09-05T14:50:00+00:00,550.85,2024-09-05T19:59:00+00:00,549.58,FORCED_SESSION_CLOSE,1.2699999999999818,0.11004300000000002,0.06999999999993634,1.1599569999999817,0.6004728132387595,0.5484430260047172,4.681398137700065,2.115000000000009,0.005,0.0022589405320683664,,HYP-FCR-03,baseline,936.279627540013,937.439584540013,51.500000000010004,0.9381642857142732,0.5489443670390882,1,1,60.000000000002274,2.115000000000009,5.0,2024,10
QQQ,2024-09-05,short,463.2,458.97,2024-09-05T14:45:00+00:00,2024-09-05T14:50:00+00:00,461.91,1.2350000000000136,464.46999999999997,456.79000000000013,1,1,2024-09-05T14:55:00+00:00,461.93,2024-09-05T19:59:00+00:00,461.15,FORCED_SESSION_CLOSE,0.7800000000000296,0.092308,0.029999999999972715,0.6876920000000295,0.30468750000001804,0.26862968750001726,4.813211292550104,2.5599999999999454,0.005,0.0026593472054325953,,HYP-FCR-03,baseline,962.6422585100207,963.3299505100208,123.50000000000136,1.2394285714285656,0.9964269248501771,1,1,31.999999999999318,2.5599999999999454,5.0,2024,10
QQQ,2024-09-09,short,454.65,452.465,2024-09-09T14:15:00+00:00,2024-09-09T14:20:00+00:00,453.15,0.5600000000000023,454.745,449.9599999999999,2,2,2024-09-09T14:25:00+00:00,453.13,2024-09-09T15:13:00+00:00,449.9699999999999,TAKE_PROFIT,6.320000000000164,0.18062,0.05999999999994543,6.1393800000001635,1.9811912225705504,1.9245705329153788,4.816649752550104,3.1900000000000546,0.005,0.0033114303134779066,,HYP-FCR-03,baseline,963.3299505100208,969.469330510021,56.00000000000023,0.9540545454545447,0.5869685361995721,1,1,12.999999999999545,1.5950000000000273,5.0,2024,10
SPY,2024-09-09,short,545.49,544.06,2024-09-09T14:20:00+00:00,2024-09-09T14:25:00+00:00,544.73,0.21000000000003638,546.055,542.0800000000002,1,1,2024-09-09T14:30:00+00:00,544.71,2024-09-09T16:02:00+00:00,546.0649999999999,STOP_LOSS,-1.3549999999999045,0.10907750000000001,0.029999999999972715,-1.4640774999999044,-1.022641509433943,-1.104964150943381,4.687197922700065,1.3249999999999318,0.005,0.0014134244188654446,,HYP-FCR-03,baseline,937.439584540013,935.9755070400131,21.000000000003638,0.6710999999999862,0.3129190880644326,1,1,17.999999999994998,1.3249999999999318,5.0,2024,10
QQQ,2024-09-10,long,457.82,455.4,2024-09-10T15:05:00+00:00,2024-09-10T15:15:00+00:00,456.375,0.12999999999999545,455.38,458.365,2,2,2024-09-10T15:20:00+00:00,456.3701,2024-09-10T15:45:00+00:00,455.37,STOP_LOSS,-2.00019999999995,0.18234802,0.02980000000002292,-2.18254801999995,-1.0051256281406737,-1.0967577989949446,4.847346652550105,1.990000000000009,0.005,0.0020526693701110738,,HYP-FCR-03,baseline,969.469330510021,967.2867824900211,12.999999999999545,1.1046357142857184,0.11768585635858814,2,2,42.999999999995,0.9950000000000045,10.0,2024,11
SPY,2024-09-10,long,548.66,547.63,2024-09-10T18:25:00+00:00,2024-09-10T18:30:00+00:00,548.1899,0.030000000000086402,547.65,549.2697,1,1,2024-09-10T18:35:00+00:00,548.2,2024-09-10T19:59:00+00:00,548.8100000000001,FORCED_SESSION_CLOSE,0.6100000000000136,0.10970100000000002,0.020100000000070395,0.5002990000000136,1.1298388590480206,0.9266512317096204,4.679877535200066,0.5398999999999887,0.005,0.0005768313336610718,,HYP-FCR-03,baseline,935.9755070400131,936.4758060400131,3.00000000000864,0.4442785714285752,0.06752520136999085,1,1,12.999999999999545,0.5398999999999887,5.0,2024,14
QQQ,2024-09-11,long,459.94,456.76,2024-09-11T15:40:00+00:00,2024-09-11T15:45:00+00:00,457.39,0.6100000000000136,454.81,462.54999999999995,1,1,2024-09-11T15:50:00+00:00,457.4,2024-09-11T17:43:00+00:00,462.53999999999996,TAKE_PROFIT,5.139999999999986,0.09199399999999999,0.01999999999998181,5.048005999999987,1.992248062015511,1.9565914728682239,4.836433912450105,2.579999999999984,0.005,0.0026672544758220146,,HYP-FCR-03,baseline,967.2867824900211,972.3347884900211,61.000000000001364,1.0463571428571308,0.5829749470953847,1,1,50.0,2.579999999999984,5.0,2024,11
SPY,2024-09-11,long,548.76,544.5101,2024-09-11T15:40:00+00:00,2024-09-11T15:45:00+00:00,544.86,0.5099999999999909,542.69,549.1999999999999,1,1,2024-09-11T15:50:00+00:00,544.89,2024-09-11T17:30:00+00:00,549.1899999999999,TAKE_PROFIT,4.2999999999999545,0.10940799999999999,0.03999999999996362,4.190591999999954,1.9815668202765142,1.9311483870967896,4.682379030200066,2.169999999999959,0.005,0.002317198144366413,,HYP-FCR-03,baseline,936.4758060400131,940.6663980400131,50.99999999999909,0.880671428571426,0.5791036060148826,1,1,59.01000000000067,2.169999999999959,5.0,2024,11
QQQ,2024-09-12,short,469.33,466.8491,2024-09-12T15:40:00+00:00,2024-09-12T15:45:00+00:00,468.7,0.060000000000002274,469.21,467.68,2,2,2024-09-12T15:50:00+00:00,468.695,2024-09-12T15:52:00+00:00,469.21999999999997,STOP_LOSS,-1.0499999999999545,0.187583,0.029999999999972715,-1.2375829999999546,-1.029411764705856,-1.2133166666666437,4.861673942450105,1.0199999999999818,0.005,0.001049021398878448,,HYP-FCR-03,baseline,972.3347884900211,971.0972054900211,6.000000000000227,1.0714428571428496,0.055999253343291276,1,1,28.000000000002956,0.5099999999999909,5.0,2024,11
SPY,2024-09-12,short,555.37,552.74,2024-09-12T15:40:00+00:00,2024-09-12T15:45:00+00:00,554.6499,0.125,555.06,553.8297000000001,1,1,2024-09-12T15:50:00+00:00,554.64,2024-09-12T16:04:00+00:00,555.0699999999999,STOP_LOSS,-0.42999999999995,0.11097100000000001,0.019900000000006912,-0.54097099999995,-1.0485247500609842,-1.3191197268959403,4.703331990200065,0.41009999999994307,0.005,0.00043596752350720053,,HYP-FCR-03,baseline,940.6663980400131,940.1254270400132,12.5,0.8266357142856984,0.15121533928401987,1,1,11.000000000001364,0.41009999999994307,5.0,2024,11
QQQ,2024-09-13,short,474.69,472.25,2024-09-13T14:25:00+00:00,2024-09-13T14:30:00+00:00,473.62,0.6499999999999773,475.24,470.38,2,2,2024-09-13T14:35:00+00:00,473.55,2024-09-13T14:44:00+00:00,475.25,STOP_LOSS,-3.3999999999999773,0.18976,0.15999999999996817,-3.5897599999999774,-1.0493827160493727,-1.1079506172839406,4.855486027450105,3.240000000000009,0.005,0.003336432214697896,,HYP-FCR-03,baseline,971.0972054900211,967.5074454900212,64.99999999999773,1.06628461538461,0.6095933399222135,1,1,68.99999999999977,1.6200000000000045,5.0,2024,10
SPY,2024-09-13,short,561.28,559.45,2024-09-13T14:25:00+00:00,2024-09-13T14:30:00+00:00,560.97,0.2800000000000864,562.31,558.2900000000002,1,1,2024-09-13T14:35:00+00:00,560.9699,2024-09-13T14:44:00+00:00,562.3199999999999,STOP_LOSS,-1.350099999999884,0.11232899,0.010099999999965803,-1.462428989999884,-1.0075373134328107,-1.091364917910428,4.700627135200066,1.3399999999999181,0.005,0.0014253417272404928,,HYP-FCR-03,baseline,940.1254270400132,938.6629980500132,28.00000000000864,0.7926769230769056,0.3532334446084546,1,1,108.00000000000409,1.3399999999999181,5.0,2024,10
QQQ,2024-09-16,long,473.8599,470.5301,2024-09-16T15:05:00+00:00,2024-09-16T15:10:00+00:00,471.7031,0.022499999999979536,470.40520000000004,474.29889999999995,2,2,2024-09-16T15:15:00+00:00,471.72499999999997,2024-09-16T16:21:00+00:00,470.39520000000005,STOP_LOSS,-2.659599999999841,0.18842404000000001,0.06379999999990105,-2.8480240399998413,-1.0245781647275993,-1.0971662069496522,4.837537227450106,2.59579999999994,0.005,0.0026829767689128476,,HYP-FCR-03,baseline,967.5074454900212,964.6594214500213,2.2499999999979536,0.9780785714285726,0.02300428683057256,1,1,22.01000000000022,1.29789999999997,5.0,2024,11
SPY,2024-09-16,long,562.92,560.82,2024-09-16T15:05:00+00:00,2024-09-16T15:10:00+00:00,561.11,0.17999999999994998,560.48,562.37,1,1,2024-09-16T15:15:00+00:00,561.0801,2024-09-16T16:19:00+00:00,560.47,STOP_LOSS,-0.6100999999999885,0.11215501,0.03989999999998872,-0.7222550099999885,-0.9684126984126872,-1.1464365238095138,4.693314990250066,0.6299999999999955,0.005,0.0006711673958691916,,HYP-FCR-03,baseline,938.6629980500132,937.9407430400132,17.999999999994998,0.686935714285726,0.2620332532675398,1,1,40.000000000009095,0.6299999999999955,5.0,2024,11
QQQ,2024-09-17,short,477.05,474.23,2024-09-17T14:50:00+00:00,2024-09-17T15:00:00+00:00,475.44,0.4700000000000273,477.33,471.66,2,2,2024-09-17T15:05:00+00:00,475.46000000000004,2024-09-17T16:50:00+00:00,471.67,TAKE_PROFIT,7.580000000000041,0.18942600000000004,0.06000000000005912,7.390574000000041,2.0052910052910304,1.9551783068783317,4.823297107250107,3.7799999999999727,0.005,0.0039184813997028,,HYP-FCR-03,baseline,964.6594214500213,972.0499954500214,47.00000000000273,0.9131428571428485,0.514705882352976,2,2,30.399999999997362,1.8899999999999864,10.0,2024,11
SPY,2024-09-17,short,565.57,564.07,2024-09-17T15:25:00+00:00,2024-09-17T16:10:00+00:00,564.52,0.12000000000000455,564.98,563.5999999999999,1,1,2024-09-17T16:15:00+00:00,564.51,2024-09-17T16:22:00+00:00,563.6099999999999,TAKE_PROFIT,0.900000000000091,0.112812,0.01999999999998181,0.7871880000000909,1.9565217391304777,1.7112782608696275,4.689703715200066,0.4600000000000364,0.005,0.00049043609994924,,HYP-FCR-03,baseline,937.9407430400132,938.7279310400133,12.000000000000455,0.38645000000000856,0.3105188252037829,9,9,14.999999999997726,0.4600000000000364,45.0,2024,12
QQQ,2024-09-18,long,474.8299,473.19,2024-09-18T14:25:00+00:00,2024-09-18T14:30:00+00:00,473.5499,0.05369999999999209,473.03000000000003,474.5896999999999,2,2,2024-09-18T14:35:00+00:00,473.53999999999996,2024-09-18T15:17:00+00:00,473.02000000000004,STOP_LOSS,-1.03999999999985,0.189312,0.039800000000013824,-1.2293119999998499,-1.0001923446816212,-1.1822581265627696,4.860249977250107,1.0397999999999001,0.005,0.0010696980658062892,,HYP-FCR-03,baseline,972.0499954500214,970.8206834500215,5.369999999999209,0.8196153846153825,0.06551853589862965,1,1,37.999999999999545,0.5198999999999501,5.0,2024,10
SPY,2024-09-18,long,563.93,562.53,2024-09-18T14:35:00+00:00,2024-09-18T14:45:00+00:00,563.1,0.09000000000003183,562.5,564.3000000000001,1,1,2024-09-18T14:50:00+00:00,563.09,2024-09-18T15:13:00+00:00,562.49,STOP_LOSS,-0.6000000000000227,0.11255799999999999,0.01999999999998181,-0.7125580000000227,-1.0,-1.1875966666666595,4.693639655200067,0.6000000000000227,0.005,0.0006391628289309394,,HYP-FCR-03,baseline,938.7279310400133,938.0153730400133,9.000000000003183,0.5515785714285845,0.16316805014185465,2,2,11.000000000001364,0.6000000000000227,10.0,2024,10
SPY,2024-09-19,short,571.09,568.08,2024-09-19T14:40:00+00:00,2024-09-19T14:45:00+00:00,570.425,0.25,571.59,568.0949999999998,1,1,2024-09-19T14:50:00+00:00,570.42,2024-09-19T16:19:00+00:00,571.6,STOP_LOSS,-1.1800000000000637,0.114202,0.014999999999986358,-1.2942020000000636,-1.012875536480674,-1.1109030042918264,4.690076865200067,1.1650000000000773,0.005,0.0012419839093088952,,HYP-FCR-03,baseline,938.0153730400133,936.7211710400132,25.0,0.9184928571428698,0.27218502360232616,1,1,45.499999999992724,1.1650000000000773,5.0,2024,10
QQQ,2024-09-20,long,483.63,481.43,2024-09-20T16:20:00+00:00,2024-09-20T16:25:00+00:00,482.08,0.28000000000002956,481.41110000000003,483.4177999999999,2,2,2024-09-20T16:30:00+00:00,482.05,2024-09-20T17:57:00+00:00,481.40110000000004,STOP_LOSS,-1.2977999999999383,0.19269022,0.07999999999992724,-1.4904902199999384,-0.9701001644491205,-1.1141353117058213,4.854103417250108,1.337799999999902,0.005,0.0013780093716645385,,HYP-FCR-03,baseline,970.8206834500215,969.3301932300216,28.000000000002956,0.6165285714285663,0.4541557568876945,1,1,4.000000000002046,0.668899999999951,5.0,2024,12
SPY,2024-09-20,long,568.4958,566.93,2024-09-20T16:05:00+00:00,2024-09-20T16:25:00+00:00,567.95,0.32000000000005,567.1403,569.5694000000001,1,1,2024-09-20T16:30:00+00:00,567.92,2024-09-20T18:03:00+00:00,567.1303,STOP_LOSS,-0.7896999999999252,0.11350502999999999,0.04000000000007731,-0.9032050299999252,-0.9752994936395023,-1.1154810794120071,4.683605855200066,0.8097000000000207,0.005,0.0008643980994910527,,HYP-FCR-03,baseline,936.7211710400132,935.8179660100133,32.000000000005,0.5402785714285626,0.592287047687142,4,4,1.999999999998181,0.8097000000000207,20.0,2024,12
QQQ,2024-09-23,short,483.67,481.87,2024-09-23T14:55:00+00:00,2024-09-23T15:05:00+00:00,482.885,0.2599999999999909,483.74399999999997,481.16700000000003,2,2,2024-09-23T15:10:00+00:00,482.89,2024-09-23T15:38:00+00:00,483.75399999999996,STOP_LOSS,-1.7279999999999518,0.19332880000000002,0.029999999999972715,-1.9213287999999518,-1.0058207217694943,-1.1183520372526168,4.846650966150108,1.717999999999961,0.005,0.0017723578735076918,,HYP-FCR-03,baseline,969.3301932300216,967.4088644300216,25.99999999999909,0.8574714285714354,0.30321710011161085,2,2,12.000000000000455,0.8589999999999804,10.0,2024,11
SPY,2024-09-23,short,569.42,568.25,2024-09-23T15:00:00+00:00,2024-09-23T15:05:00+00:00,569.14,0.2300000000000182,569.88,567.66,1,1,2024-09-23T15:10:00+00:00,569.15,2024-09-23T15:31:00+00:00,569.89,STOP_LOSS,-0.7400000000000091,0.113904,0.01999999999998181,-0.8539040000000091,-1.0,-1.1539243243243225,4.679089830050066,0.7400000000000091,0.005,0.0007907520766619809,,HYP-FCR-03,baseline,935.8179660100133,934.9640620100132,23.00000000000182,0.6992571428571394,0.3289204870475066,1,1,45.00000000000455,0.7400000000000091,5.0,2024,11
QQQ,2024-09-24,long,484.89,483.21,2024-09-24T15:05:00+00:00,2024-09-24T15:15:00+00:00,483.775,0.1600999999999999,483.29,484.7449999999999,1,1,2024-09-24T15:20:00+00:00,483.8,2024-09-24T15:45:00+00:00,484.7349999999999,TAKE_PROFIT,0.9349999999998886,0.0968535,0.03500000000002501,0.8381464999998886,1.9278350515463338,1.728137113401986,4.837044322150108,0.4849999999999568,0.005,0.0005013392142997463,,HYP-FCR-03,baseline,967.4088644300216,968.2470109300215,16.00999999999999,0.7381428571428614,0.21689568414940832,2,2,18.999999999999773,0.4849999999999568,10.0,2024,11
SPY,2024-09-24,long,570.55,569.23,2024-09-24T14:55:00+00:00,2024-09-24T15:15:00+00:00,569.83,0.03499999999996817,569.495,570.5000000000001,1,1,2024-09-24T15:20:00+00:00,569.85,2024-09-24T15:52:00+00:00,570.4900000000001,TAKE_PROFIT,0.6400000000001,0.11403400000000002,0.029999999999972715,0.5259660000001001,1.910447761194121,1.5700477611941581,4.674820310050066,0.3350000000000364,0.005,0.0003583025418964698,,HYP-FCR-03,baseline,934.9640620100132,935.4900280100134,3.4999999999968168,0.5661785714285575,0.06181795243796964,4,4,5.000000000006821,0.3350000000000364,20.0,2024,11
SPY,2024-09-25,short,571.8281,570.86,2024-09-25T14:05:00+00:00,2024-09-25T14:25:00+00:00,571.0999,0.07009999999991123,571.65,569.9997000000002,1,1,2024-09-25T14:30:00+00:00,571.09,2024-09-25T16:47:00+00:00,570.0097000000002,TAKE_PROFIT,1.080299999999852,0.11410997000000003,0.019900000000006912,0.9661900299998519,1.9638247591346856,1.7563898018541646,4.677450140050067,0.5500999999999294,0.005,0.0005880340607906953,,HYP-FCR-03,baseline,935.4900280100134,936.4562180400133,7.009999999991123,0.459083333333344,0.1526955890359258,4,4,6.1900000000036925,0.5500999999999294,20.0,2024,10
QQQ,2024-09-25,long,486.93,484.68,2024-09-25T17:45:00+00:00,2024-09-25T17:55:00+00:00,486.09,0.4800000000000182,484.9396,488.39079999999996,1,1,2024-09-25T18:00:00+00:00,486.09,2024-09-25T18:15:00+00:00,484.9296,STOP_LOSS,-1.1603999999999814,0.09710196,0.009999999999990905,-1.2575019599999815,-1.0086926286508962,-1.0930997566063907,4.841235054650108,1.1503999999999905,0.005,0.0011881265699906548,,HYP-FCR-03,baseline,968.2470109300215,966.9895089700215,48.00000000000182,0.5807214285714265,0.8265580989164067,2,2,5.000000000001137,1.1503999999999905,10.0,2024,14
SPY,2024-09-27,short,573.56,572.705,2024-09-27T15:05:00+00:00,2024-09-27T15:15:00+00:00,573.0099,0.009199999999964348,573.64,571.7497000000001,1,1,2024-09-27T15:20:00+00:00,573.02,2024-09-27T17:30:00+00:00,571.7597000000001,TAKE_PROFIT,1.2602999999999156,0.11447797000000001,0.020099999999956708,1.1458220299999156,2.0001587049674256,1.8184764799237731,4.682281090200067,0.6300999999999704,0.005,0.000672855802398065,,HYP-FCR-03,baseline,936.4562180400133,937.6020400700131,0.9199999999964348,0.44972142857143027,0.020457108368593317,2,2,14.930000000003929,0.6300999999999704,10.0,2024,11
QQQ,2024-09-30,long,487.79,485.53,2024-09-30T14:25:00+00:00,2024-09-30T14:30:00+00:00,486.2662,0.03000000000002956,484.86,489.07860000000005,1,1,2024-09-30T14:35:00+00:00,486.2501,2024-09-30T18:15:00+00:00,484.85,STOP_LOSS,-1.4000999999999522,0.09711001000000001,0.0261000000000422,-1.4972100099999521,-0.9956620679845966,-1.0647205305077079,4.834947544850108,1.4062000000000126,0.005,0.0014542039876914606,,HYP-FCR-03,baseline,966.9895089700215,965.4922989600215,3.000000000002956,0.8995384615384759,0.03335043612112006,1,1,93.99999999999977,1.4062000000000126,5.0,2024,10
SPY,2024-09-30,long,571.49,570.4,2024-09-30T14:25:00+00:00,2024-09-30T14:30:00+00:00,571.2999,0.10500000000001819,570.4,573.0997,1,1,2024-09-30T14:35:00+00:00,571.31,2024-09-30T18:14:00+00:00,570.39,STOP_LOSS,-0.9199999999999591,0.11417,0.020099999999956708,-1.0341699999999592,-1.0223358150905175,-1.1492054672740932,4.688010200350066,0.8999000000000024,0.005,0.0009597888672819063,,HYP-FCR-03,baseline,937.6020400700131,936.5678700700132,10.500000000001819,0.48078461538461154,0.21839301142367404,1,1,14.999999999997726,0.8999000000000024,5.0,2024,10
SPY,2024-10-01,long,573.46,568.53,2024-10-01T15:35:00+00:00,2024-10-01T15:40:00+00:00,569.02,0.1228000000000975,567.9,571.26,1,1,2024-10-01T15:45:00+00:00,569.01,2024-10-01T16:32:00+00:00,567.89,STOP_LOSS,-1.1200000000000045,0.11369000000000001,0.01999999999998181,-1.2336900000000046,-1.0,-1.1015089285714281,4.682839350350066,1.1200000000000045,0.005,0.001195855672388461,,HYP-FCR-03,baseline,936.5678700700132,935.3341800700132,12.28000000000975,0.8453428571428715,0.14526650218012435,1,1,35.000000000002274,1.1200000000000045,5.0,2024,11
QQQ,2024-10-01,long,488.0,481.25,2024-10-01T17:55:00+00:00,2024-10-01T18:00:00+00:00,482.15,1.0500000000000114,479.82,486.80999999999995,2,2,2024-10-01T18:05:00+00:00,482.19,2024-10-01T19:59:00+00:00,481.16,FORCED_SESSION_CLOSE,-2.0599999999999454,0.19267,0.10000000000002274,-2.2526699999999455,-0.4420600858369012,-0.48340557939913326,4.827461494800107,4.659999999999968,0.005,0.0048265532568405566,,HYP-FCR-03,baseline,965.4922989600215,963.2396289600215,105.00000000000114,0.9299285714285597,1.1291189799524037,1,1,77.99999999999727,2.329999999999984,5.0,2024,14
QQQ,2024-10-03,short,482.99,479.37,2024-10-03T14:15:00+00:00,2024-10-03T14:25:00+00:00,481.0,0.660000000000025,482.53999999999996,477.9200000000001,2,2,2024-10-03T14:30:00+00:00,480.96000000000004,2024-10-03T14:53:00+00:00,482.54999999999995,STOP_LOSS,-3.1799999999998363,0.192702,0.09999999999990905,-3.3727019999998364,-1.0324675324675037,-1.0950331168830896,4.816198144800108,3.0799999999999272,0.005,0.0031975428620241706,,HYP-FCR-03,baseline,963.2396289600215,959.8669269600216,66.0000000000025,1.3437500000000095,0.49116279069768953,2,2,61.000000000001364,1.5399999999999636,10.0,2024,10
SPY,2024-10-03,short,568.29,566.82,2024-10-03T14:20:00+00:00,2024-10-03T14:25:00+00:00,567.1699,0.41000000000008185,568.54,564.4297,1,1,2024-10-03T14:30:00+00:00,567.14,2024-10-03T15:41:00+00:00,568.55,STOP_LOSS,-1.4099999999999682,0.11356900000000002,0.03989999999998872,-1.5235689999999682,-1.0291219619005834,-1.1120129917524204,4.676670900350066,1.3700999999999794,0.005,0.001464824048125155,,HYP-FCR-03,baseline,935.3341800700132,933.8106110700132,41.000000000008185,1.0877083333333342,0.37693928366220864,1,1,42.000000000007276,1.3700999999999794,5.0,2024,10
QQQ,2024-10-04,long,487.72,483.79,2024-10-04T14:45:00+00:00,2024-10-04T15:00:00+00:00,485.435,0.029999999999972715,484.2364,487.8322,1,1,2024-10-04T15:05:00+00:00,485.43,2024-10-04T15:15:00+00:00,484.2264,STOP_LOSS,-1.2035999999999945,0.09696564,0.014999999999986358,-1.3005656399999945,-1.0041715334556944,-1.0850706157183343,4.7993346348001085,1.198599999999999,0.005,0.0012487147606971571,,HYP-FCR-03,baseline,959.8669269600216,958.5663613200217,2.9999999999972715,1.21268571428571,0.02473847893692981,3,3,18.000000000000682,1.198599999999999,15.0,2024,11
SPY,2024-10-04,long,572.71,569.89,2024-10-04T14:55:00+00:00,2024-10-04T15:05:00+00:00,570.34,0.1999999999999318,569.64,571.7400000000001,1,1,2024-10-04T15:10:00+00:00,570.37,2024-10-04T15:14:00+00:00,569.63,STOP_LOSS,-0.7400000000000091,0.114,0.03999999999996362,-0.8540000000000091,-1.0571428571428014,-1.2199999999999338,4.669053055350067,0.7000000000000455,0.005,0.0007496166692708125,,HYP-FCR-03,baseline,933.8106110700132,932.9566110700132,19.99999999999318,1.045199999999982,0.1913509376195324,2,2,35.83999999999605,0.7000000000000455,10.0,2024,11
QQQ,2024-10-07,short,486.04,484.25,2024-10-07T14:40:00+00:00,2024-10-07T14:45:00+00:00,485.67,0.043800000000032924,486.23,484.55,1,1,2024-10-07T14:50:00+00:00,485.67,2024-10-07T14:57:00+00:00,486.24,STOP_LOSS,-0.5699999999999932,0.09719100000000001,0.009999999999990905,-0.6671909999999932,-1.0178571428571266,-1.191412499999983,4.792831806600108,0.5600000000000023,0.005,0.0005842057708230424,,HYP-FCR-03,baseline,958.5663613200217,957.8991703200217,4.380000000003292,0.8161428571428563,0.05366707509193607,1,1,22.999999999996135,0.5600000000000023,5.0,2024,10
SPY,2024-10-07,short,571.65,570.53,2024-10-07T14:20:00+00:00,2024-10-07T15:05:00+00:00,571.1,0.10000000000002274,571.4,570.5000000000001,1,1,2024-10-07T15:10:00+00:00,571.11,2024-10-07T15:12:00+00:00,571.41,STOP_LOSS,-0.2999999999999545,0.114252,0.01999999999998181,-0.41425199999995455,-1.0,-1.3808400000000578,4.664783055350066,0.2999999999999545,0.005,0.0003215583623507237,,HYP-FCR-03,baseline,932.9566110700132,932.5423590700133,10.000000000002274,0.5306071428571337,0.18846335060918656,9,9,21.000000000003638,0.2999999999999545,45.0,2024,11
SPY,2024-10-08,short,570.86,569.5299,2024-10-08T14:10:00+00:00,2024-10-08T14:15:00+00:00,570.73,0.0061000000000603904,571.25,569.69,1,1,2024-10-08T14:20:00+00:00,570.71,2024-10-08T14:42:00+00:00,571.26,STOP_LOSS,-0.5499999999999545,0.114197,0.029999999999972715,-0.6641969999999545,-1.0576923076922573,-1.2773019230768803,4.6627117953500665,0.5199999999999818,0.005,0.0005576154208357428,,HYP-FCR-03,baseline,932.5423590700133,931.8781620700133,0.610000000006039,0.6249900000000139,0.00976015616259501,1,1,24.00000000000091,0.5199999999999818,5.0,2024,10
SPY,2024-10-10,short,576.3199,574.56,2024-10-10T17:00:00+00:00,2024-10-10T17:10:00+00:00,575.63,0.2599999999999909,576.2205,574.449,1,1,2024-10-10T17:15:00+00:00,575.62,2024-10-10T17:20:00+00:00,576.2305,STOP_LOSS,-0.6105000000000018,0.11518505000000001,0.01999999999998181,-0.7256850500000018,-1.033869602032144,-1.228933192209953,4.659390810350067,0.59050000000002,0.005,0.0006336665285602592,,HYP-FCR-03,baseline,931.8781620700133,931.1524770200133,25.99999999999909,0.48319285714286153,0.5380874244238236,2,2,8.010000000001583,0.59050000000002,10.0,2024,13
QQQ,2024-10-14,short,498.62,495.54,2024-10-14T14:00:00+00:00,2024-10-14T14:10:00+00:00,497.62,0.19999999999998863,498.64,495.58000000000004,1,1,2024-10-14T14:15:00+00:00,497.62,2024-10-14T15:01:00+00:00,495.59000000000003,TAKE_PROFIT,2.0299999999999727,0.099321,0.009999999999990905,1.9306789999999727,1.9901960784313812,1.8928225490196149,4.789495851600108,1.0199999999999818,0.005,0.0010648302364216612,,HYP-FCR-03,baseline,957.8991703200217,959.8298493200216,19.999999999998863,0.6722222222222235,0.2975206611570073,2,2,20.999999999997954,1.0199999999999818,10.0,2024,10
SPY,2024-10-14,short,583.3,580.73,2024-10-14T14:55:00+00:00,2024-10-14T15:00:00+00:00,582.57,0.01999999999998181,583.4257,580.8586000000001,1,1,2024-10-14T15:05:00+00:00,582.55,2024-10-14T15:59:00+00:00,583.4357,STOP_LOSS,-0.8857000000000426,0.11659857,0.030000000000086402,-1.0022985700000426,-1.0350590160103867,-1.1713200537572677,4.655762385100067,0.8556999999999562,0.005,0.0009189687200730763,,HYP-FCR-03,baseline,931.1524770200133,930.1501784500133,1.999999999998181,0.4419357142857215,0.04525545085738727,1,1,11.570000000006075,0.8556999999999562,5.0,2024,11
QQQ,2024-10-16,long,491.23,487.79,2024-10-16T14:00:00+00:00,2024-10-16T14:10:00+00:00,489.89,0.4300000000000068,487.96000000000004,493.7499999999999,1,1,2024-10-16T14:15:00+00:00,489.92,2024-10-16T19:59:00+00:00,490.92,FORCED_SESSION_CLOSE,1.0,0.098084,0.040000000000020464,0.9019159999999999,0.5181347150259201,0.4673139896373178,4.799149246600108,1.92999999999995,0.005,0.002010773056669609,,HYP-FCR-03,baseline,959.8298493200216,960.7317653200216,43.00000000000068,1.05825555555556,0.40632907405269103,2,2,22.00000000000273,1.92999999999995,10.0,2024,10
SPY,2024-10-16,short,579.96,578.96,2024-10-16T14:40:00+00:00,2024-10-16T14:45:00+00:00,579.87,0.13999999999998636,581.0,577.61,1,1,2024-10-16T14:50:00+00:00,579.87,2024-10-16T16:30:00+00:00,581.01,STOP_LOSS,-1.1399999999999864,0.11608800000000001,0.009999999999990905,-1.2560879999999863,-1.008849557522116,-1.1115823008849481,4.650750892250066,1.1299999999999955,0.005,0.00121485758556001,,HYP-FCR-03,baseline,930.1501784500133,928.8940904500133,13.999999999998636,0.4859999999999819,0.2880658436213818,1,1,31.999999999993634,1.1299999999999955,5.0,2024,10
QQQ,2024-10-17,long,496.49,492.34,2024-10-17T14:10:00+00:00,2024-10-17T14:20:00+00:00,493.68,0.019000000000005457,491.8,497.44,1,1,2024-10-17T14:25:00+00:00,493.7,2024-10-17T14:51:00+00:00,491.79,STOP_LOSS,-1.9099999999999682,0.09854900000000001,0.029999999999972715,-2.0085489999999684,-1.0159574468084962,-1.0683771276595602,4.803658826600108,1.8799999999999955,0.005,0.001956841719888135,,HYP-FCR-03,baseline,960.7317653200216,958.7232163200216,1.9000000000005457,1.30462727272728,0.014563546537155081,2,2,79.98999999999796,1.8799999999999955,10.0,2024,10
SPY,2024-10-17,long,586.12,583.2,2024-10-17T15:05:00+00:00,2024-10-17T15:30:00+00:00,584.2067,0.18999999999994088,583.48,585.6600999999998,1,1,2024-10-17T15:35:00+00:00,584.2198999999999,2024-10-17T18:05:00+00:00,583.47,STOP_LOSS,-0.7498999999999114,0.11676898999999999,0.023199999999974352,-0.8666689899999114,-1.0319251410485433,-1.1926090408696661,4.644470452250067,0.7266999999999371,0.005,0.0007823281550299011,,HYP-FCR-03,baseline,928.8940904500133,928.0274214600134,18.99999999999409,0.6104142857142847,0.3112640127313039,5,5,83.00000000000409,0.7266999999999371,25.0,2024,11
QQQ,2024-10-18,short,495.16,493.3,2024-10-18T14:10:00+00:00,2024-10-18T14:55:00+00:00,493.872,0.3901000000000181,494.87,491.87600000000003,1,1,2024-10-18T15:00:00+00:00,493.87,2024-10-18T15:19:00+00:00,494.88,STOP_LOSS,-1.009999999999991,0.098875,0.012000000000000455,-1.108874999999991,-1.012024048096193,-1.111097194388779,4.793616081600108,0.9979999999999905,0.005,0.0010409678028145907,,HYP-FCR-03,baseline,958.7232163200216,957.6143413200216,39.01000000000181,0.6147000000000113,0.6346185130958368,9,9,27.99999999999727,0.9979999999999905,45.0,2024,11
SPY,2024-10-21,short,584.47,583.74,2024-10-21T14:20:00+00:00,2024-10-21T14:25:00+00:00,583.92,0.13540000000000418,584.68,582.4,1,1,2024-10-21T14:30:00+00:00,583.92,2024-10-21T14:46:00+00:00,582.41,TAKE_PROFIT,1.509999999999991,0.116633,0.009999999999990905,1.393366999999991,1.9868421052631697,1.8333776315789574,4.640137107300068,0.7599999999999909,0.005,0.0008189413183549313,,HYP-FCR-03,baseline,928.0274214600134,929.4207884600135,13.540000000000418,0.39195833333333024,0.34544488147125824,1,1,25.969999999995252,0.7599999999999909,5.0,2024,10
QQQ,2024-10-21,short,495.0,493.12,2024-10-21T14:35:00+00:00,2024-10-21T14:40:00+00:00,493.41,0.4700000000000273,495.15,489.9300000000001,1,1,2024-10-21T14:45:00+00:00,493.41,2024-10-21T19:54:00+00:00,495.15999999999997,STOP_LOSS,-1.7499999999999432,0.098857,0.009999999999990905,-1.8488569999999431,-1.0057471264367766,-1.06256149425287,4.788071706600108,1.7399999999999523,0.005,0.0018170153943198601,,HYP-FCR-03,baseline,957.6143413200216,955.7654843200216,47.00000000000273,0.770707142857138,0.6098295628319468,1,1,1.999999999998181,1.7399999999999523,5.0,2024,10
QQQ,2024-10-22,short,494.57,491.97,2024-10-22T14:40:00+00:00,2024-10-22T14:45:00+00:00,494.21,0.10000000000002274,494.96999999999997,492.69,1,1,2024-10-22T14:50:00+00:00,494.2,2024-10-22T14:54:00+00:00,494.97999999999996,STOP_LOSS,-0.7799999999999727,0.098918,0.01999999999998181,-0.8789179999999728,-1.0263157894736605,-1.156471052631557,4.778827421600108,0.7599999999999909,0.005,0.0007951741431013196,,HYP-FCR-03,baseline,955.7654843200216,954.8865663200216,10.000000000002274,0.7703571428571406,0.12980992118686346,1,1,37.999999999999545,0.7599999999999909,5.0,2024,10
QQQ,2024-10-23,long,494.25,492.95,2024-10-23T14:25:00+00:00,2024-10-23T14:30:00+00:00,493.71,0.177599999999984,492.0741,496.98179999999996,1,1,2024-10-23T14:35:00+00:00,493.73,2024-10-23T15:12:00+00:00,492.0641,STOP_LOSS,-1.665900000000022,0.09857941,0.03000000000002956,-1.7644794100000218,-1.0183385292499723,-1.07859857570758,4.774432831600108,1.6358999999999924,0.005,0.0017131877834500138,,HYP-FCR-03,baseline,954.8865663200216,953.1220869100216,17.7599999999984,0.9189692307692431,0.19326000703126922,1,1,100.99999999999909,1.6358999999999924,5.0,2024,10
QQQ,2024-10-24,short,492.19,490.29,2024-10-24T14:00:00+00:00,2024-10-24T14:50:00+00:00,490.85,0.37000000000000455,491.925,488.70000000000005,1,1,2024-10-24T14:55:00+00:00,490.85,2024-10-24T15:19:00+00:00,491.935,STOP_LOSS,-1.0849999999999795,0.09827850000000002,0.009999999999990905,-1.1832784999999795,-1.0093023255813869,-1.1007241860465042,4.7656104345501085,1.0749999999999886,0.005,0.0011278722996390627,,HYP-FCR-03,baseline,953.1220869100216,951.9388084100216,37.000000000000455,0.8370142857142875,0.4420474134252746,10,10,3.8000000000010914,1.0749999999999886,50.0,2024,10
SPY,2024-10-24,long,580.06,578.62,2024-10-24T15:05:00+00:00,2024-10-24T15:15:00+00:00,579.2765,0.3000000000000682,578.6,580.6295000000001,1,1,2024-10-24T15:20:00+00:00,579.285,2024-10-24T15:23:00+00:00,578.59,STOP_LOSS,-0.6949999999999363,0.1157875,0.018499999999903594,-0.8107874999999364,-1.0273466371025908,-1.1985033259421982,4.647103942300068,0.6765000000000327,0.005,0.0007278726798449892,,HYP-FCR-03,baseline,929.4207884600135,928.6100009600135,30.00000000000682,0.49104285714283996,0.6109446367790274,2,2,37.000000000000455,0.6765000000000327,10.0,2024,11
QQQ,2024-10-25,short,499.1,495.12,2024-10-25T15:25:00+00:00,2024-10-25T15:30:00+00:00,498.75,0.10000000000002274,499.4,497.45000000000005,1,1,2024-10-25T15:35:00+00:00,498.6999,2024-10-25T17:20:00+00:00,497.46000000000004,TAKE_PROFIT,1.2398999999999774,0.09961599000000002,0.06009999999997717,1.1402840099999774,1.9075384615384934,1.7542830923077188,4.759694042050108,0.6499999999999773,0.005,0.0006828169985901106,,HYP-FCR-03,baseline,951.9388084100216,953.0790924200215,10.000000000002274,0.6637785714285859,0.15065264879642393,1,1,37.000000000000455,0.6499999999999773,5.0,2024,11
SPY,2024-10-25,short,583.49,581.47,2024-10-25T15:10:00+00:00,2024-10-25T15:30:00+00:00,582.5199,0.18000000000006366,583.2,581.1596999999999,1,1,2024-10-25T15:35:00+00:00,582.475,2024-10-25T17:13:00+00:00,581.1696999999999,TAKE_PROFIT,1.305300000000102,0.11636446999999998,0.05489999999997508,1.188935530000102,1.9192765769740157,1.748177518012108,4.643050004800068,0.6801000000000386,0.005,0.0007323849617136786,,HYP-FCR-03,baseline,928.6100009600135,929.7989364900136,18.000000000006366,0.46367142857142035,0.3882059340051354,4,4,14.999999999997726,0.6801000000000386,20.0,2024,11
QQQ,2024-10-28,long,498.52,496.15,2024-10-28T16:05:00+00:00,2024-10-28T16:20:00+00:00,496.92,0.11000000000001364,496.34000000000003,498.08,1,1,2024-10-28T16:25:00+00:00,496.93,2024-10-28T16:34:00+00:00,496.33000000000004,STOP_LOSS,-0.5999999999999659,0.099326,0.01999999999998181,-0.6993259999999659,-1.0344827586206593,-1.205734482758595,4.765395462100108,0.5799999999999841,0.005,0.0006085539013632862,,HYP-FCR-03,baseline,953.0790924200215,952.3797664200216,11.000000000001364,0.4778428571428565,0.23020120182967996,3,3,1.999999999998181,0.5799999999999841,15.0,2024,12
SPY,2024-10-28,long,582.71,581.35,2024-10-28T16:15:00+00:00,2024-10-28T16:20:00+00:00,581.5499,0.10000000000002274,580.97,582.7096999999999,1,1,2024-10-28T16:25:00+00:00,581.55,2024-10-28T16:35:00+00:00,580.96,STOP_LOSS,-0.5899999999999181,0.11625100000000001,0.010099999999965803,-0.7062509999999181,-1.0174167959992526,-1.2178841179513298,4.648994682450068,0.5798999999999523,0.005,0.0006236832257402573,,HYP-FCR-03,baseline,929.7989364900136,929.0926854900137,10.000000000002274,0.40249285714285016,0.2484516140482249,1,1,20.000000000004547,0.5798999999999523,5.0,2024,12
QQQ,2024-10-30,short,499.6,496.6,2024-10-30T14:45:00+00:00,2024-10-30T14:50:00+00:00,498.69,0.0402000000000271,499.99,496.09,1,1,2024-10-30T14:55:00+00:00,498.68,2024-10-30T15:51:00+00:00,500.0,STOP_LOSS,-1.3199999999999932,0.09986800000000001,0.01999999999998181,-1.4198679999999932,-1.0153846153846013,-1.0922061538461392,4.761898832100108,1.3000000000000114,0.005,0.0013650016997806325,,HYP-FCR-03,baseline,952.3797664200216,950.9598984200217,4.02000000000271,0.6990928571428624,0.057503090740079,1,1,47.999999999996135,1.3000000000000114,5.0,2024,10
SPY,2024-10-30,short,581.91,579.29,2024-10-30T17:25:00+00:00,2024-10-30T17:30:00+00:00,580.9813,0.37000000000000455,582.13,578.6839000000001,1,1,2024-10-30T17:35:00+00:00,580.96,2024-10-30T19:59:00+00:00,579.98,FORCED_SESSION_CLOSE,0.9800000000000182,0.11609400000000002,0.03129999999998745,0.8639060000000182,0.8531383302864544,0.7520727779229097,4.645463427450069,1.1486999999999625,0.005,0.0012363674991092257,,HYP-FCR-03,baseline,929.0926854900137,929.9565914900137,37.000000000000455,0.34204999999998825,1.0817131998246374,1,1,16.000000000008185,1.1486999999999625,5.0,2024,13
QQQ,2024-10-31,long,492.43,487.21,2024-10-31T14:15:00+00:00,2024-10-31T14:20:00+00:00,488.22,0.2699999999999818,486.79,491.08000000000004,1,1,2024-10-31T14:25:00+00:00,488.21,2024-10-31T14:30:00+00:00,486.78000000000003,STOP_LOSS,-1.42999999999995,0.097499,0.020000000000038654,-1.52749899999995,-0.9999999999999603,-1.0681811188810788,4.754799492100108,1.4300000000000068,0.005,0.001503743746056894,,HYP-FCR-03,baseline,950.9598984200217,949.4323994200217,26.99999999999818,1.2369181818181894,0.21828444594702243,1,1,41.99999999999591,1.4300000000000068,5.0,2024,10
SPY,2024-11-01,short,573.3599,570.68,2024-11-01T17:30:00+00:00,2024-11-01T17:35:00+00:00,571.995,0.9600000000000364,573.71,568.5649999999999,1,1,2024-11-01T17:40:00+00:00,571.98,2024-11-01T19:59:00+00:00,571.03,FORCED_SESSION_CLOSE,0.9500000000000455,0.114301,0.024999999999977263,0.8356990000000455,0.5539358600583253,0.4872880466472478,4.649782957450069,1.7150000000000318,0.005,0.0018441720997452043,,HYP-FCR-03,baseline,929.9565914900137,930.7922904900138,96.00000000000364,0.6877000000000066,1.3959575396248758,1,1,39.009999999996126,1.7150000000000318,5.0,2024,13
QQQ,2024-11-01,short,488.09,485.2,2024-11-01T19:25:00+00:00,2024-11-01T19:30:00+00:00,487.78,0.35000000000002274,488.62,486.0999999999999,1,1,2024-11-01T19:35:00+00:00,487.78000000000003,2024-11-01T19:59:00+00:00,487.40999999999997,FORCED_SESSION_CLOSE,0.3700000000000614,0.09751900000000001,0.010000000000047748,0.27248100000006137,0.44047619047624686,0.3243821428572036,4.747161997100108,0.8400000000000318,0.005,0.0008847391352066364,,HYP-FCR-03,baseline,949.4323994200217,949.7048804200218,35.000000000002274,0.4628357142857169,0.7562078491288625,1,1,30.000000000001137,0.8400000000000318,5.0,2024,15
SPY,2024-11-04,short,571.54,569.27,2024-11-04T16:20:00+00:00,2024-11-04T16:25:00+00:00,571.11,0.10019999999997253,571.93,569.4700000000001,1,1,2024-11-04T16:30:00+00:00,571.1,2024-11-04T16:43:00+00:00,569.4800000000001,TAKE_PROFIT,1.6199999999998909,0.11405800000000002,0.01999999999998181,1.5059419999998909,1.9756097560975812,1.836514634146351,4.653961452450069,0.8199999999999363,0.005,0.000880969909589871,,HYP-FCR-03,baseline,930.7922904900138,932.2982324900137,10.019999999997253,0.5350928571428751,0.18725721837325543,1,1,6.720000000007076,0.8199999999999363,5.0,2024,11
QQQ,2024-11-04,short,487.32,484.2545,2024-11-04T16:35:00+00:00,2024-11-04T16:40:00+00:00,486.54,0.39999999999997726,488.23,483.16,1,1,2024-11-04T16:45:00+00:00,486.47,2024-11-04T20:59:00+00:00,485.96999999999997,FORCED_SESSION_CLOSE,0.5000000000000568,0.09724400000000001,0.07999999999998408,0.40275600000005685,0.2958579881657145,0.23831715976334758,4.748524402100109,1.6899999999999977,0.005,0.0017795001740462456,,HYP-FCR-03,baseline,949.7048804200218,950.1076364200219,39.999999999997726,0.6502071428571453,0.615188566281038,1,1,30.000000000001137,1.6899999999999977,5.0,2024,11
QQQ,2024-11-05,short,491.13,487.52,2024-11-05T15:50:00+00:00,2024-11-05T15:55:00+00:00,490.15,0.33499999999997954,491.3,487.8499999999999,1,1,2024-11-05T16:00:00+00:00,490.09000000000003,2024-11-05T16:22:00+00:00,491.31,STOP_LOSS,-1.2199999999999704,0.09814000000000002,0.06999999999993634,-1.3181399999999706,-1.060869565217334,-1.1462086956521143,4.75053818210011,1.150000000000034,0.005,0.0012103891768865272,,HYP-FCR-03,baseline,950.1076364200219,948.7894964200219,33.499999999997954,0.7300642857142796,0.4588637008482377,1,1,16.0000000000025,1.150000000000034,5.0,2024,11
QQQ,2024-11-06,short,503.46,499.6,2024-11-06T15:30:00+00:00,2024-11-06T15:40:00+00:00,502.02,0.42999999999995,503.28999999999996,499.48,1,1,2024-11-06T15:45:00+00:00,501.96500000000003,2024-11-06T16:39:00+00:00,503.29999999999995,STOP_LOSS,-1.3349999999999227,0.1005265,0.06499999999994088,-1.4355264999999227,-1.051181102362159,-1.1303358267716088,4.7439474821001095,1.2699999999999818,0.005,0.0013385477018790293,,HYP-FCR-03,baseline,948.7894964200219,947.353969920022,42.999999999995,1.2591857142857106,0.34149053243021665,2,2,32.9400000000021,1.2699999999999818,10.0,2024,10
QQQ,2024-11-08,long,514.156,512.8,2024-11-08T16:00:00+00:00,2024-11-08T16:55:00+00:00,513.79,0.07999999999992724,513.34,514.6899999999998,1,1,2024-11-08T17:00:00+00:00,513.77,2024-11-08T17:14:00+00:00,513.33,STOP_LOSS,-0.4399999999999409,0.10271,0.029999999999972715,-0.5427099999999409,-0.9777777777777946,-1.2060222222222736,4.73676984960011,0.4499999999999318,0.005,0.00047500724574777673,,HYP-FCR-03,baseline,947.353969920022,946.811259920022,7.999999999992724,0.38367142857145253,0.20851174740270906,11,11,12.999999999999545,0.4499999999999318,55.0,2024,12
QQQ,2024-11-11,long,515.58,512.43,2024-11-11T15:05:00+00:00,2024-11-11T15:10:00+00:00,513.12,0.01999999999998181,512.33,514.6999999999999,1,1,2024-11-11T15:15:00+00:00,513.03,2024-11-11T17:48:00+00:00,512.32,STOP_LOSS,-0.7099999999999227,0.102535,0.10000000000002274,-0.8125349999999227,-0.8987341772151334,-1.0285253164556458,4.734056299600111,0.7899999999999636,0.005,0.0008343795996539961,,HYP-FCR-03,baseline,946.811259920022,945.9987249200221,1.999999999998181,0.7854111111111151,0.025464371100744888,1,1,18.99999999999409,0.7899999999999636,5.0,2024,10
SPY,2024-11-11,long,600.17,598.8901,2024-11-11T15:30:00+00:00,2024-11-11T15:55:00+00:00,599.68,0.10999999999989996,599.1561,600.7277999999998,1,1,2024-11-11T16:00:00+00:00,599.7,2024-11-11T16:15:00+00:00,599.1461,STOP_LOSS,-0.5538999999999987,0.11988461000000003,0.030000000000086402,-0.6737846099999988,-1.0572628364193384,-1.2860939301395524,4.661491162450068,0.5238999999999123,0.005,0.0005619446457606837,,HYP-FCR-03,baseline,932.2982324900137,931.6244478800137,10.999999999989996,0.4382714285714298,0.25098601649313784,5,5,1.0099999999965803,0.5238999999999123,25.0,2024,11
QQQ,2024-11-12,long,514.66,512.93,2024-11-12T20:35:00+00:00,2024-11-12T20:40:00+00:00,513.355,0.029999999999972715,512.85,514.365,1,1,2024-11-12T20:45:00+00:00,513.36,2024-11-12T20:52:00+00:00,512.84,STOP_LOSS,-0.5199999999999818,0.10262,0.014999999999986358,-0.6226199999999819,-1.0297029702970029,-1.232910891089084,4.729993624600111,0.5049999999999955,0.005,0.0005338273580048322,,HYP-FCR-03,baseline,945.9987249200221,945.3761049200222,2.9999999999972715,0.3335714285714175,0.0899357601712274,1,1,20.99999999999227,0.5049999999999955,5.0,2024,15
QQQ,2024-11-13,long,513.04,511.51,2024-11-13T16:45:00+00:00,2024-11-13T16:50:00+00:00,512.72,0.25999999999993406,511.21000000000004,515.74,1,1,2024-11-13T16:55:00+00:00,512.71,2024-11-13T20:59:00+00:00,512.26,FORCED_SESSION_CLOSE,-0.4500000000000455,0.102497,0.01999999999998181,-0.5524970000000455,-0.29801324503314447,-0.3658920529801648,4.726880524600111,1.509999999999991,0.005,0.0015972479018048964,,HYP-FCR-03,baseline,945.3761049200222,944.8236079200221,25.999999999993406,0.6545000000000007,0.3972498090144137,1,1,28.999999999996362,1.509999999999991,5.0,2024,11
SPY,2024-11-13,short,597.72,596.3404,2024-11-13T19:35:00+00:00,2024-11-13T19:40:00+00:00,597.07,0.09999999999990905,597.93,595.3500000000003,1,1,2024-11-13T19:45:00+00:00,597.05,2024-11-13T20:15:00+00:00,597.9399999999999,STOP_LOSS,-0.8899999999999864,0.11949899999999998,0.030000000000086402,-1.0094989999999864,-1.034883720930337,-1.1738360465117486,4.658122239400068,0.8599999999999,0.005,0.00092311875451197,,HYP-FCR-03,baseline,931.6244478800137,930.6149488800137,9.999999999990905,0.428121428571436,0.23357859085351326,1,1,6.9999999999936335,0.8599999999999,5.0,2024,14
SPY,2024-11-14,long,597.81,595.7901,2024-11-14T15:25:00+00:00,2024-11-14T15:30:00+00:00,596.41,0.30999999999994543,595.14,598.9499999999999,1,1,2024-11-14T15:35:00+00:00,596.41,2024-11-14T17:14:00+00:00,595.13,STOP_LOSS,-1.2799999999999727,0.119154,0.009999999999990905,-1.3991539999999727,-1.0078740157480244,-1.1016960629921202,4.653074744400069,1.2699999999999818,0.005,0.001364689017222875,,HYP-FCR-03,baseline,930.6149488800137,929.2157948800137,30.999999999994543,0.7224076923076924,0.4291205690372249,1,1,36.01000000001022,1.2699999999999818,5.0,2024,10
QQQ,2024-11-14,long,512.79,510.1397,2024-11-14T15:25:00+00:00,2024-11-14T15:40:00+00:00,511.665,0.1524000000000001,510.89,513.2150000000001,1,1,2024-11-14T15:45:00+00:00,511.62,2024-11-14T15:57:00+00:00,510.88,STOP_LOSS,-0.7400000000000091,0.10225000000000001,0.05500000000000682,-0.842250000000009,-0.954838709677389,-1.086774193548351,4.724118039600111,0.7750000000000341,0.005,0.0008202589282312225,,HYP-FCR-03,baseline,944.8236079200221,943.9813579200221,15.240000000000009,0.871549999999993,0.17486088004130723,3,3,23.970000000002756,0.7750000000000341,15.0,2024,10
QQQ,2024-11-20,long,503.21,499.8,2024-11-20T16:40:00+00:00,2024-11-20T16:45:00+00:00,501.24,0.5507000000000062,498.7299,506.26020000000005,1,1,2024-11-20T16:50:00+00:00,501.21999999999997,2024-11-20T18:43:00+00:00,498.7199,STOP_LOSS,-2.500099999999975,0.09999399,0.03000000000002956,-2.600093989999975,-0.9960160949762767,-1.0358527508863995,4.719906789600111,2.5101000000000226,0.005,0.002659056748250624,,HYP-FCR-03,baseline,943.9813579200221,941.3812639300221,55.07000000000062,0.7578785714285671,0.7266335541879241,1,1,30.000000000001137,2.5101000000000226,5.0,2024,11
SPY,2024-11-20,long,590.53,587.4,2024-11-20T16:45:00+00:00,2024-11-20T16:50:00+00:00,588.5,0.5177999999999656,586.45,592.5999999999999,1,1,2024-11-20T16:55:00+00:00,588.5268,2024-11-20T17:20:00+00:00,586.44,STOP_LOSS,-2.0867999999999256,0.11749668000000002,0.03679999999997108,-2.2042966799999255,-1.0179512195121814,-1.0752666731707192,4.646078974400068,2.0499999999999545,0.005,0.002206161379622979,,HYP-FCR-03,baseline,929.2157948800137,927.0114982000138,51.77999999999656,0.6611285714285974,0.7832062058384185,1,1,18.99999999999409,2.0499999999999545,5.0,2024,11
QQQ,2024-11-21,long,506.96,500.31,2024-11-21T15:10:00+00:00,2024-11-21T15:15:00+00:00,501.685,1.160000000000025,499.89,505.27500000000003,1,1,2024-11-21T15:20:00+00:00,501.68,2024-11-21T15:24:00+00:00,499.88,STOP_LOSS,-1.8000000000000114,0.100156,0.014999999999986358,-1.9001560000000113,-1.0027855153203318,-1.0585827298050108,4.706906319650111,1.795000000000016,0.005,0.0019067725997714863,,HYP-FCR-03,baseline,941.3812639300221,939.4811079300221,116.0000000000025,2.1193099999999845,0.5473479575899861,1,1,82.99000000000092,1.795000000000016,5.0,2024,10
SPY,2024-11-21,long,593.57,588.56,2024-11-21T15:05:00+00:00,2024-11-21T15:15:00+00:00,590.53,0.9114000000000715,589.05,593.49,1,1,2024-11-21T15:20:00+00:00,590.52,2024-11-21T15:24:00+00:00,589.04,STOP_LOSS,-1.4800000000000182,0.117956,0.01999999999998181,-1.5979560000000181,-1.0,-1.079699999999999,4.635057491000069,1.4800000000000182,0.005,0.0015965282015096328,,HYP-FCR-03,baseline,927.0114982000138,925.4135422000137,91.14000000000715,1.6293600000000084,0.5593607305936483,2,2,14.999999999997726,1.4800000000000182,10.0,2024,10
QQQ,2024-11-22,long,506.36,504.05,2024-11-22T15:35:00+00:00,2024-11-22T15:40:00+00:00,505.66,0.8600000000000136,503.25,510.4800000000001,1,1,2024-11-22T15:45:00+00:00,505.635,2024-11-22T20:59:00+00:00,505.76,FORCED_SESSION_CLOSE,0.125,0.10113950000000001,0.03500000000002501,0.023860499999999993,0.05186721991701191,0.0099006224066389,4.69740553965011,2.410000000000025,0.005,0.00256524583587426,,HYP-FCR-03,baseline,939.4811079300221,939.504968430022,86.00000000000136,1.1606071428571414,0.7409914761362714,1,1,70.99000000000046,2.410000000000025,5.0,2024,10
SPY,2024-11-22,long,596.131,593.57,2024-11-22T15:25:00+00:00,2024-11-22T15:40:00+00:00,595.52,0.4399999999999409,593.77,599.02,1,1,2024-11-22T15:45:00+00:00,595.49,2024-11-22T16:20:00+00:00,593.76,STOP_LOSS,-1.7300000000000182,0.118925,0.03999999999996362,-1.8489250000000181,-0.988571428571439,-1.0565285714285817,4.627067711000069,1.75,0.005,0.0018910464567437298,,HYP-FCR-03,baseline,925.4135422000137,923.5646172000137,43.99999999999409,0.9800928571428601,0.4489370540691592,3,3,41.75000000000182,1.75,15.0,2024,10
QQQ,2024-11-25,long,511.4525,507.58,2024-11-25T16:15:00+00:00,2024-11-25T16:20:00+00:00,508.01,0.1301000000000272,507.23,509.56999999999994,1,1,2024-11-25T16:25:00+00:00,508.01,2024-11-25T16:37:00+00:00,507.22,STOP_LOSS,-0.7899999999999636,0.101523,0.009999999999990905,-0.8915229999999637,-1.0128205128205017,-1.1429782051281985,4.69752484215011,0.7799999999999727,0.005,0.0008302244545905987,,HYP-FCR-03,baseline,939.504968430022,938.613445430022,13.01000000000272,0.7866571428571376,0.16538335815207142,1,1,22.999999999996135,0.7799999999999727,5.0,2024,11
SPY,2024-11-26,long,599.61,598.5,2024-11-26T15:35:00+00:00,2024-11-26T15:45:00+00:00,599.035,0.021399999999971442,598.3681,600.3687999999999,1,1,2024-11-26T15:50:00+00:00,599.045,2024-11-26T19:04:00+00:00,600.3587999999999,TAKE_PROFIT,1.313799999999901,0.11994037999999999,0.01999999999998181,1.193859619999901,1.9700104963263105,1.7901628729944608,4.617823086000069,0.6668999999999414,0.005,0.0007220934925179283,,HYP-FCR-03,baseline,923.5646172000137,924.7584768200136,2.139999999997144,0.6602785714285672,0.03241056264126636,2,2,27.99999999999727,0.6668999999999414,10.0,2024,10
QQQ,2024-11-26,long,510.14,508.08,2024-11-26T17:30:00+00:00,2024-11-26T17:35:00+00:00,508.5399,0.1199999999999477,507.83,509.9597,1,1,2024-11-26T17:40:00+00:00,508.53999999999996,2024-11-26T19:18:00+00:00,507.82,STOP_LOSS,-0.7199999999999704,0.10163599999999999,0.010099999999965803,-0.8216359999999704,-1.0142273559655808,-1.1573968164529722,4.69306722715011,0.7099000000000046,0.005,0.0007563283942462243,,HYP-FCR-03,baseline,938.613445430022,937.791809430022,11.99999999999477,0.45686428571428905,0.26266005847301566,1,1,0.9999999999990905,0.7099000000000046,5.0,2024,12
SPY,2024-12-02,short,603.6799,602.47,2024-12-02T17:25:00+00:00,2024-12-02T17:30:00+00:00,603.605,0.06000000000005912,603.925,602.9650000000001,1,1,2024-12-02T17:35:00+00:00,603.6,2024-12-02T19:57:00+00:00,603.935,STOP_LOSS,-0.3349999999999227,0.12075349999999999,0.014999999999986358,-0.45575349999992265,-1.0468749999999667,-1.4242296875000415,4.623792384100068,0.31999999999993634,0.005,0.00034603629814816846,,HYP-FCR-03,baseline,924.7584768200136,924.3027233200137,6.000000000005912,0.2724642857142986,0.22021234762112674,1,1,23.99000000000342,0.31999999999993634,5.0,2024,12
QQQ,2024-12-03,short,515.19,513.37,2024-12-03T15:15:00+00:00,2024-12-03T15:25:00+00:00,514.42,0.18999999999994088,515.33,512.5999999999998,1,1,2024-12-03T15:30:00+00:00,514.39,2024-12-03T15:36:00+00:00,515.34,STOP_LOSS,-0.9500000000000455,0.10297300000000001,0.03999999999996362,-1.0529730000000455,-1.043956043956,-1.1571131868131326,4.68895904715011,0.9100000000000819,0.005,0.0009703646276812423,,HYP-FCR-03,baseline,937.791809430022,936.7388364300219,18.99999999999409,0.6382583333333306,0.2976851066051234,2,2,28.999999999996362,0.9100000000000819,10.0,2024,10
SPY,2024-12-03,long,603.72,602.77,2024-12-03T15:55:00+00:00,2024-12-03T16:00:00+00:00,603.0802,0.08510000000001128,602.5701,604.1003999999999,1,1,2024-12-03T16:05:00+00:00,603.0801,2024-12-03T16:42:00+00:00,602.5601,STOP_LOSS,-0.5199999999999818,0.12056402000000001,0.010099999999965803,-0.6405640199999818,-1.0194079592237144,-1.2557616545775823,4.621513616600068,0.5100999999999658,0.005,0.0005518754701573655,,HYP-FCR-03,baseline,924.3027233200137,923.6621593000137,8.510000000001128,0.3742714285714247,0.22737509065234746,1,1,31.999999999993634,0.5100999999999658,5.0,2024,11
SPY,2024-12-04,long,606.21,605.51,2024-12-04T15:20:00+00:00,2024-12-04T15:35:00+00:00,606.04,0.1993000000001075,605.5,607.1199999999999,1,1,2024-12-04T15:40:00+00:00,606.05,2024-12-04T18:30:00+00:00,605.49,STOP_LOSS,-0.5599999999999454,0.121154,0.01999999999998181,-0.6811539999999454,-1.037037037037006,-1.2613962962962801,4.618310796500069,0.5399999999999636,0.005,0.0005846293415432284,,HYP-FCR-03,baseline,923.6621593000137,922.9810053000137,19.93000000001075,0.39467857142856083,0.5049678762105837,3,3,6.9999999999936335,0.5399999999999636,15.0,2024,10
SPY,2024-12-05,short,607.85,607.37,2024-12-05T15:10:00+00:00,2024-12-05T15:15:00+00:00,607.635,0.014999999999986358,608.1,606.7049999999999,1,1,2024-12-05T15:20:00+00:00,607.64,2024-12-05T17:14:00+00:00,608.11,STOP_LOSS,-0.4700000000000273,0.121575,0.014999999999986358,-0.5915750000000273,-1.0107526881720326,-1.2722043010752404,4.614905026500069,0.46500000000003183,0.005,0.0005038023505682917,,HYP-FCR-03,baseline,922.9810053000137,922.3894303000137,1.4999999999986358,0.322059999999999,0.046575172328095396,1,1,6.9999999999936335,0.46500000000003183,5.0,2024,10
QQQ,2024-12-05,long,523.65,522.36,2024-12-05T15:50:00+00:00,2024-12-05T16:20:00+00:00,523.2601,0.27510000000006585,522.55,524.6803,1,1,2024-12-05T16:25:00+00:00,523.27,2024-12-05T18:23:00+00:00,522.54,STOP_LOSS,-0.7300000000000182,0.104581,0.019900000000006912,-0.8345810000000182,-1.028024221940581,-1.1753006618786157,4.68369418215011,0.7101000000000113,0.005,0.0007580554711559229,,HYP-FCR-03,baseline,936.7388364300219,935.9042554300219,27.510000000006585,0.42854285714284807,0.6419427961865797,6,6,22.620000000006257,0.7101000000000113,30.0,2024,11
QQQ,2024-12-06,short,525.4,522.35,2024-12-06T16:05:00+00:00,2024-12-06T16:10:00+00:00,524.95,0.019000000000005457,525.6364,523.5772000000002,1,1,2024-12-06T16:15:00+00:00,524.9,2024-12-06T16:29:00+00:00,525.6464,STOP_LOSS,-0.7463999999999942,0.10505464,0.06000000000005912,-0.8514546399999942,-1.0874125874126819,-1.240464219114328,4.679521277150109,0.6863999999999351,0.005,0.0007334083545592529,,HYP-FCR-03,baseline,935.9042554300219,935.0528007900218,1.9000000000005457,0.5594142857142889,0.033964095099475844,1,1,48.00000000000182,0.6863999999999351,5.0,2024,11
SPY,2024-12-06,short,609.04,607.34,2024-12-06T15:10:00+00:00,2024-12-06T16:10:00+00:00,607.88,0.13999999999998636,608.72,606.1999999999999,1,1,2024-12-06T16:15:00+00:00,607.8425,2024-12-06T20:59:00+00:00,607.89,FORCED_SESSION_CLOSE,-0.04750000000001364,0.12157325000000001,0.04750000000001364,-0.16907325000001366,-0.05654761904763315,-0.20127767857143722,4.611947151500068,0.8400000000000318,0.005,0.000910678258451873,,HYP-FCR-03,baseline,922.3894303000137,922.2203570500137,13.999999999998636,0.41503571428571767,0.33732036829873385,12,12,1.9900000000006912,0.8400000000000318,60.0,2024,11
QQQ,2024-12-10,short,524.95,522.8,2024-12-10T15:20:00+00:00,2024-12-10T15:25:00+00:00,524.3,0.2237999999999829,525.25,522.3999999999999,1,1,2024-12-10T15:30:00+00:00,524.28,2024-12-10T16:08:00+00:00,522.4099999999999,TAKE_PROFIT,1.8700000000001182,0.10466899999999998,0.029999999999972715,1.7653310000001183,1.9684210526316093,1.8582431578947725,4.675264003950109,0.9500000000000455,0.005,0.001015985406596713,,HYP-FCR-03,baseline,935.0528007900218,936.818131790022,22.37999999999829,0.7219166666666771,0.31000808034165483,1,1,28.999999999996362,0.9500000000000455,5.0,2024,10
SPY,2024-12-10,short,605.4,604.2737,2024-12-10T15:50:00+00:00,2024-12-10T15:55:00+00:00,605.0083,0.06009999999992033,605.5649999999999,603.8949,1,1,2024-12-10T16:00:00+00:00,604.99,2024-12-10T19:01:00+00:00,603.9049,TAKE_PROFIT,1.0851000000000113,0.12088949,0.028299999999944703,0.9642105100000112,1.949164720675506,1.7320109753907837,4.611101785250069,0.556699999999978,0.005,0.0006036518232808725,,HYP-FCR-03,baseline,922.2203570500137,923.1845675600138,6.009999999992033,0.4034357142857305,0.1489704502397002,1,1,17.000000000007276,0.556699999999978,5.0,2024,11
QQQ,2024-12-12,long,527.75,526.7611,2024-12-12T15:15:00+00:00,2024-12-12T15:20:00+00:00,527.7,0.313199999999938,526.54,530.0200000000002,1,1,2024-12-12T15:25:00+00:00,527.7401,2024-12-12T20:59:00+00:00,526.53,STOP_LOSS,-1.2101000000000113,0.10542701,0.05009999999992942,-1.3155270100000114,-1.0431896551723499,-1.1340750086206195,4.68409065895011,1.1600000000000819,0.005,0.0012382339331793418,,HYP-FCR-03,baseline,936.818131790022,935.502604780022,31.319999999993797,0.8026090909090933,0.3902273267864247,1,1,67.74000000000342,1.1600000000000819,5.0,2024,10
SPY,2024-12-12,long,606.64,605.72,2024-12-12T15:20:00+00:00,2024-12-12T15:25:00+00:00,606.5626,0.15999999999996817,605.44,608.8077999999998,1,1,2024-12-12T15:30:00+00:00,606.5699999999999,2024-12-12T19:16:00+00:00,605.4300000000001,STOP_LOSS,-1.1399999999998727,0.1212,0.017399999999952342,-1.2611999999998726,-1.015499732763187,-1.1234633885622325,4.615922837800069,1.1225999999999203,0.005,0.001216008195378486,,HYP-FCR-03,baseline,923.1845675600138,921.9233675600138,15.999999999996817,0.5359083333333293,0.29855852213525824,1,1,0.9999999999990905,1.1225999999999203,5.0,2024,10
QQQ,2024-12-13,long,533.1661,530.29,2024-12-13T19:20:00+00:00,2024-12-13T19:25:00+00:00,530.675,0.1999999999999318,529.86,532.3049999999998,1,1,2024-12-13T19:30:00+00:00,530.7198999999999,2024-12-13T20:59:00+00:00,530.49,FORCED_SESSION_CLOSE,-0.2298999999999296,0.10612098999999998,0.05489999999997508,-0.3360209899999296,-0.28208588957048625,-0.41229569325147725,4.677513023900111,0.8149999999999409,0.005,0.0008711894502865477,,HYP-FCR-03,baseline,935.502604780022,935.1665837900221,19.99999999999318,0.41250714285713946,0.4848400893489408,1,1,24.00000000000091,0.8149999999999409,5.0,2024,14
SPY,2024-12-16,short,606.4,605.5801,2024-12-16T15:10:00+00:00,2024-12-16T15:15:00+00:00,605.765,0.15499999999997272,606.67,603.955,1,1,2024-12-16T15:20:00+00:00,605.755,2024-12-16T15:32:00+00:00,606.68,STOP_LOSS,-0.9249999999999545,0.1212435,0.01999999999998181,-1.0462434999999546,-1.0220994475137928,-1.156070165745841,4.609616837800069,0.9049999999999727,0.005,0.000981643411854468,,HYP-FCR-03,baseline,921.9233675600138,920.8771240600139,15.499999999997272,0.48385999999998147,0.320340594386762,1,1,9.000000000003183,0.9049999999999727,5.0,2024,10
QQQ,2024-12-17,long,537.09,535.04,2024-12-17T15:40:00+00:00,2024-12-17T16:10:00+00:00,536.74,0.35039999999992233,535.58,539.06,1,1,2024-12-17T16:15:00+00:00,536.75,2024-12-17T17:01:00+00:00,535.57,STOP_LOSS,-1.17999999999995,0.10723200000000002,0.01999999999998181,-1.28723199999995,-1.0172413793103297,-1.109682758620677,4.67583291895011,1.1599999999999682,0.005,0.0012404207123171,,HYP-FCR-03,baseline,935.1665837900221,933.8793517900222,35.03999999999223,0.7272000000000064,0.48184818481837083,6,6,39.999999999997726,1.1599999999999682,30.0,2024,11
SPY,2024-12-17,short,604.86,603.6004,2024-12-17T16:15:00+00:00,2024-12-17T16:20:00+00:00,604.35,0.2599999999999909,605.04,602.9700000000001,1,1,2024-12-17T16:25:00+00:00,604.335,2024-12-17T16:36:00+00:00,605.05,STOP_LOSS,-0.7149999999999181,0.1209385,0.024999999999977263,-0.8359384999999182,-1.0362318840579412,-1.2115050724637533,4.60438562030007,0.6899999999999409,0.005,0.0007492856342850942,,HYP-FCR-03,baseline,920.8771240600139,920.041185560014,25.99999999999909,0.42822142857145146,0.6071625160547244,1,1,15.999999999996817,0.6899999999999409,5.0,2024,11
QQQ,2024-12-18,short,535.67,533.46,2024-12-18T16:10:00+00:00,2024-12-18T16:15:00+00:00,534.852,0.5499999999999545,536.4399999999999,531.676,1,1,2024-12-18T16:20:00+00:00,534.84,2024-12-18T19:07:00+00:00,531.686,TAKE_PROFIT,3.1539999999999964,0.10665260000000001,0.021999999999934516,3.0473473999999965,1.986146095717925,1.9189845088161606,4.669396758950111,1.5879999999999654,0.005,0.0017004337840387533,,HYP-FCR-03,baseline,933.8793517900222,936.9266991900222,54.99999999999545,0.5578214285714337,0.9859786157883722,1,1,65.0000000000091,1.5879999999999654,5.0,2024,11
QQQ,2024-12-19,long,521.7599,518.28,2024-12-19T15:10:00+00:00,2024-12-19T15:15:00+00:00,519.78,0.7699999999999818,518.13,523.0799999999999,1,1,2024-12-19T15:20:00+00:00,519.73,2024-12-19T15:22:00+00:00,518.12,STOP_LOSS,-1.6100000000000136,0.103785,0.05999999999994543,-1.7137850000000137,-0.9757575757575975,-1.0386575757575984,4.684633495950111,1.6499999999999773,0.005,0.0017610769352889724,,HYP-FCR-03,baseline,936.9266991900222,935.2129141900222,76.99999999999818,1.6558100000000309,0.4650292002101494,1,1,38.999999999998636,1.6499999999999773,5.0,2024,10
SPY,2024-12-19,long,593.0,589.81,2024-12-19T15:10:00+00:00,2024-12-19T15:15:00+00:00,590.45,0.41000000000008185,589.41,592.5300000000002,1,1,2024-12-19T15:20:00+00:00,590.41,2024-12-19T15:22:00+00:00,589.4,STOP_LOSS,-1.009999999999991,0.117981,0.05000000000006821,-1.1279809999999908,-0.9711538461537652,-1.084597115384526,4.60020592780007,1.0400000000000773,0.005,0.0011303841787985245,,HYP-FCR-03,baseline,920.041185560014,918.913204560014,41.000000000008185,1.407979999999975,0.29119731814378697,1,1,56.99999999999363,1.0400000000000773,5.0,2024,10
QQQ,2024-12-23,long,520.83,517.95,2024-12-23T15:55:00+00:00,2024-12-23T16:05:00+00:00,519.48,0.12999999999999545,517.85,522.74,1,1,2024-12-23T16:10:00+00:00,519.48,2024-12-23T18:39:00+00:00,522.73,TAKE_PROFIT,3.25,0.10422100000000001,0.009999999999990905,3.145779,1.9938650306748522,1.9299257668711711,4.6760645709501105,1.6299999999999955,0.005,0.0017429186180686147,,HYP-FCR-03,baseline,935.2129141900222,938.3586931900221,12.999999999999545,1.1567785714286012,0.11238105823437561,2,2,35.000000000002274,1.6299999999999955,10.0,2024,11
SPY,2024-12-23,long,591.77,589.18,2024-12-23T16:00:00+00:00,2024-12-23T16:05:00+00:00,590.09,0.04000000000007731,589.02,592.2300000000001,1,1,2024-12-23T16:10:00+00:00,590.09,2024-12-23T16:53:00+00:00,592.2200000000001,TAKE_PROFIT,2.130000000000109,0.11823100000000002,0.009999999999990905,2.011769000000109,1.9906542056074856,1.8801579439252476,4.594566022800071,1.07000000000005,0.005,0.0011644190057235907,,HYP-FCR-03,baseline,918.913204560014,920.9249735600141,4.000000000007731,1.0620571428571322,0.03766275691387926,1,1,21.99999999999136,1.07000000000005,5.0,2024,11
QQQ,2024-12-26,short,529.54,526.31,2024-12-26T16:20:00+00:00,2024-12-26T16:25:00+00:00,529.28,0.365099999999984,529.84,528.1599999999999,1,1,2024-12-26T16:30:00+00:00,529.27,2024-12-26T16:39:00+00:00,529.85,STOP_LOSS,-0.5800000000000409,0.10591199999999999,0.01999999999998181,-0.6859120000000409,-1.0357142857142494,-1.224842857142801,4.691793465950111,0.5600000000000591,0.005,0.0005967867128680786,,HYP-FCR-03,baseline,938.3586931900221,937.6727811900221,36.5099999999984,0.5440071428571319,0.6711308937645092,1,1,37.000000000000455,0.5600000000000591,5.0,2024,11
QQQ,2024-12-30,long,515.71,512.54,2024-12-30T15:35:00+00:00,2024-12-30T15:40:00+00:00,514.6601,0.7400000000000091,512.48,519.0203000000001,1,1,2024-12-30T15:45:00+00:00,514.71,2024-12-30T17:47:00+00:00,519.0103000000001,TAKE_PROFIT,4.300300000000107,0.10337203000000002,0.05989999999997053,4.1969279700001065,1.972524196137806,1.9251080088069503,4.68836390595011,2.1801000000000386,0.005,0.0023250115005292397,,HYP-FCR-03,baseline,937.6727811900221,941.8697091600222,74.00000000000091,1.3196357142857056,0.5607608160260784,1,1,3.999999999996362,2.1801000000000386,5.0,2024,10
SPY,2024-12-30,long,588.01,585.19,2024-12-30T15:35:00+00:00,2024-12-30T15:40:00+00:00,586.658,0.4699999999999136,584.75,590.474,1,1,2024-12-30T15:45:00+00:00,586.65,2024-12-30T17:23:00+00:00,590.464,TAKE_PROFIT,3.814000000000078,0.11771140000000001,0.018000000000029104,3.696288600000078,1.9989517819706748,1.9372581761006542,4.60462486780007,1.9080000000000155,0.005,0.002071830013062054,,HYP-FCR-03,baseline,920.9249735600141,924.6212621600142,46.99999999999136,1.0349928571428595,0.4541094141435604,1,1,37.000000000000455,1.9080000000000155,5.0,2024,10
SPY,2024-12-31,short,590.58,588.5559,2024-12-31T15:00:00+00:00,2024-12-31T15:10:00+00:00,589.13,0.41030000000000655,590.02,587.35,1,1,2024-12-31T15:15:00+00:00,589.11,2024-12-31T15:22:00+00:00,590.03,STOP_LOSS,-0.9199999999999591,0.11791399999999999,0.029999999999972715,-1.0379139999999591,-1.0337078651685092,-1.1661955056179496,4.623106310800071,0.8899999999999864,0.005,0.0009625562772814148,,HYP-FCR-03,baseline,924.6212621600142,923.5833481600142,41.030000000000655,1.12646666666669,0.3642362549564994,2,2,5.989999999997053,0.8899999999999864,10.0,2024,10
QQQ,2024-12-31,long,517.66,514.8,2024-12-31T15:15:00+00:00,2024-12-31T15:20:00+00:00,516.45,0.40999999999996817,514.3,520.7500000000002,1,1,2024-12-31T15:25:00+00:00,516.4628,2024-12-31T16:03:00+00:00,514.29,STOP_LOSS,-2.172800000000052,0.10307528,0.022799999999961074,-2.275875280000052,-1.0106046511627722,-1.0585466418604446,4.709348545800111,2.150000000000091,0.005,0.0022826936455122896,,HYP-FCR-03,baseline,941.8697091600222,939.5938338800222,40.99999999999682,1.3481909090909001,0.3041112332350881,1,1,0.9999999999990905,2.150000000000091,5.0,2024,10
