symbol,session_date,direction,opening_high,opening_low,last_sweep_time,signal_time,signal_close,fvg_size,stop,target,intended_quantity,actual_quantity,entry_time,entry_price,exit_time,exit_price,exit_reason,gross_pnl,commission,slippage_cost,net_pnl,intended_R,realized_R,intended_risk,realized_risk,risk_percent_intended,risk_percent_realized,quantity_rejection_reason,hypothesis_id,scenario,equity_before,equity_after,fvg_size_ticks,atr_14,fvg_size_normalized_by_atr,bars_since_last_sweep,confirmation_offset_bars,sweep_depth_ticks,stop_distance,minutes_between_last_touch_and_confirmation,year,entry_hour
QQQ,2022-01-05,short,395.37,392.36,2022-01-05T15:00:00+00:00,2022-01-05T15:15:00+00:00,394.04,0.009999999999990905,394.86,392.40000000000003,2,2,2022-01-05T15:20:00+00:00,394.01000000000005,2022-01-05T15:25:00+00:00,394.89,STOP_LOSS,-1.7599999999998772,0.47334000000000004,0.11999999999989086,-2.233339999999877,-1.0731707317072512,-1.3617926829267657,5.0,1.6399999999999864,0.005,0.0016399999999999863,,HYP-FCR-03,severe,1000.0,997.7666600000001,0.9999999999990905,1.275169999999997,0.007842091642675823,3,3,51.99999999999818,0.8199999999999932,15.0,2022,10
SPY,2022-01-05,short,477.66,476.13,2022-01-05T15:30:00+00:00,2022-01-05T15:35:00+00:00,477.16,0.08999999999997499,477.75,475.9800000000001,2,2,2022-01-05T15:40:00+00:00,477.13000000000005,2022-01-05T17:49:00+00:00,476.01000000000005,TAKE_PROFIT,2.240000000000009,0.5718840000000001,0.11999999999989086,1.668116000000009,1.898305084745851,1.4136576271187116,5.0,1.17999999999995,0.005,0.00117999999999995,,HYP-FCR-03,severe,1000.0,1001.668116,8.999999999997499,0.6519857142857249,0.13803983435215816,1,1,6.999999999999318,0.589999999999975,5.0,2022,10
QQQ,2022-01-06,long,386.26,381.94,2022-01-06T15:20:00+00:00,2022-01-06T15:30:00+00:00,385.31,0.4000000000000341,382.18,391.57,1,1,2022-01-06T15:35:00+00:00,385.33,2022-01-06T20:59:00+00:00,384.0,FORCED_SESSION_CLOSE,-1.329999999999984,0.23079899999999995,0.049999999999954525,-1.560798999999984,-0.4249201277955227,-0.498657827476034,4.9888333000000005,3.1299999999999955,0.005,0.0031370060009822285,,HYP-FCR-03,severe,997.7666600000001,996.2058610000001,40.00000000000341,1.801538461538467,0.22203245089668777,2,2,14.999999999997726,3.1299999999999955,10.0,2022,10
SPY,2022-01-06,long,470.395,466.81,2022-01-06T15:20:00+00:00,2022-01-06T15:30:00+00:00,468.785,0.11459999999999582,466.44,473.4750000000001,2,2,2022-01-06T15:35:00+00:00,468.82,2022-01-06T20:59:00+00:00,467.90000000000003,FORCED_SESSION_CLOSE,-1.8399999999999181,0.562032,0.12999999999988177,-2.402031999999918,-0.3923240938166091,-0.5121603411513624,5.0083405800000005,4.690000000000055,0.005,0.004682189564672192,,HYP-FCR-03,severe,1001.668116,999.2660840000001,11.459999999999582,1.2711846153846147,0.09015212944920828,2,2,44.99999999999886,2.3450000000000273,10.0,2022,10
QQQ,2022-01-07,long,385.76,381.1,2022-01-07T16:45:00+00:00,2022-01-07T16:50:00+00:00,381.96,0.3199999999999932,380.26,385.35999999999996,2,2,2022-01-07T16:55:00+00:00,381.98999999999995,2022-01-07T17:21:00+00:00,380.23,STOP_LOSS,-3.519999999999868,0.45733199999999996,0.11999999999989086,-3.977331999999868,-1.035294117647027,-1.1698035294117337,4.981029305000001,3.3999999999999773,0.005,0.003412949203678673,,HYP-FCR-03,severe,996.2058610000001,992.2285290000003,31.999999999999318,1.0049928571428464,0.31841022324252144,1,1,95.00000000000455,1.6999999999999886,5.0,2022,11
SPY,2022-01-07,long,469.2,466.73,2022-01-07T16:45:00+00:00,2022-01-07T16:50:00+00:00,468.025,0.5683999999999969,466.42,471.2349999999999,2,2,2022-01-07T16:55:00+00:00,468.04999999999995,2022-01-07T19:23:00+00:00,466.39000000000004,STOP_LOSS,-3.3199999999998226,0.5606639999999999,0.10999999999989996,-3.8806639999998227,-1.0342679127725554,-1.2089295950155503,4.9963304200000005,3.2099999999999227,0.005,0.0032123576006407545,,HYP-FCR-03,severe,999.2660840000001,995.3854200000003,56.83999999999969,0.7352928571428582,0.7730253251862664,1,1,25.99999999999909,1.6049999999999613,5.0,2022,11
QQQ,2022-01-10,long,375.71,371.47,2022-01-10T16:10:00+00:00,2022-01-10T16:15:00+00:00,372.62,0.21299999999996544,370.61,376.64,2,2,2022-01-10T16:20:00+00:00,372.60999999999996,2022-01-10T17:33:00+00:00,370.58000000000004,STOP_LOSS,-4.059999999999832,0.445914,0.08000000000004093,-4.505913999999832,-1.0099502487561816,-1.1208741293531972,4.961142645000002,4.019999999999982,0.005,0.004051486006002535,,HYP-FCR-03,severe,992.2285290000003,987.7226150000005,21.299999999996544,0.9975857142857153,0.21351548739095194,1,1,48.00000000000182,2.009999999999991,5.0,2022,11
SPY,2022-01-10,long,463.02,459.01,2022-01-10T16:15:00+00:00,2022-01-10T16:20:00+00:00,459.8,0.060000000000002274,458.44,462.52000000000004,2,2,2022-01-10T16:25:00+00:00,459.83,2022-01-10T16:43:00+00:00,458.41,STOP_LOSS,-2.839999999999918,0.550944,0.11999999999989086,-3.390943999999918,-1.044117647058783,-1.2466705882352516,4.976927100000002,2.7200000000000273,0.005,0.0027326098467466264,,HYP-FCR-03,severe,995.3854200000003,991.9944760000004,6.000000000000227,0.8690071428571409,0.06904431165287428,1,1,45.999999999997954,1.3600000000000136,5.0,2022,11
QQQ,2022-01-11,short,380.0598,377.2182,2022-01-11T15:30:00+00:00,2022-01-11T15:35:00+00:00,379.26,0.29000000000002046,380.39,377.0,2,2,2022-01-11T15:40:00+00:00,379.24,2022-01-11T16:03:00+00:00,380.41999999999996,STOP_LOSS,-2.3599999999999,0.4557959999999999,0.09999999999990905,-2.8157959999999,-1.0442477876105793,-1.2459274336282793,4.938613075000003,2.259999999999991,0.005,0.002288091783744356,,HYP-FCR-03,severe,987.7226150000005,984.9068190000006,29.000000000002046,1.4701142857142844,0.19726357523226037,1,1,136.02000000000203,1.1299999999999955,5.0,2022,10
SPY,2022-01-12,short,472.68,470.89,2022-01-12T15:25:00+00:00,2022-01-12T15:30:00+00:00,471.89,0.040000000000020464,472.9,469.87,2,2,2022-01-12T15:35:00+00:00,471.87,2022-01-12T16:06:00+00:00,469.9,TAKE_PROFIT,3.9400000000000546,0.565062,0.09999999999990905,3.3749380000000544,1.950495049504995,1.6707613861386559,4.959972380000003,2.019999999999982,0.005,0.0020363016618249606,,HYP-FCR-03,severe,991.9944760000004,995.3694140000005,4.000000000002046,0.8139923076923048,0.04914051351839158,1,1,4.000000000002046,1.009999999999991,5.0,2022,10
QQQ,2022-01-12,short,389.75,387.14,2022-01-12T15:25:00+00:00,2022-01-12T15:35:00+00:00,387.18,0.6100000000000136,389.59,382.36000000000007,2,2,2022-01-12T15:40:00+00:00,387.16,2022-01-12T20:59:00+00:00,387.45,FORCED_SESSION_CLOSE,-0.5799999999999272,0.46476599999999996,0.09999999999990905,-1.0447659999999273,-0.12033195020745538,-0.21675643153525748,4.924534095000003,4.819999999999936,0.005,0.004893863974760371,,HYP-FCR-03,severe,984.9068190000006,983.8620530000006,61.000000000001364,1.1885714285714317,0.513221153846164,2,2,23.00000000000182,2.409999999999968,10.0,2022,10
QQQ,2022-01-14,short,380.08,374.86,2022-01-14T15:15:00+00:00,2022-01-14T15:30:00+00:00,378.02,0.22999999999996135,379.99,374.0799999999999,2,2,2022-01-14T15:35:00+00:00,377.97,2022-01-14T20:33:00+00:00,380.02,STOP_LOSS,-4.099999999999909,0.454794,0.15999999999985448,-4.554793999999909,-1.0406091370558002,-1.156039086294377,4.919310265000004,3.9400000000000546,0.005,0.00400462644939519,,HYP-FCR-03,severe,983.8620530000006,979.3072590000007,22.999999999996135,1.5346153846153838,0.14987468671676688,3,3,12.999999999999545,1.9700000000000273,15.0,2022,10
SPY,2022-01-14,short,464.5,460.73,2022-01-14T15:20:00+00:00,2022-01-14T16:10:00+00:00,461.23,0.1500000000000341,462.62,458.45000000000005,2,2,2022-01-14T16:15:00+00:00,461.18,2022-01-14T16:44:00+00:00,462.65,STOP_LOSS,-2.939999999999941,0.554298,0.15999999999996817,-3.494297999999941,-1.0575539568345216,-1.2569417266186962,4.9768470700000025,2.7799999999999727,0.005,0.002792932916060018,,HYP-FCR-03,severe,995.3694140000005,991.8751160000005,15.00000000000341,1.0470500000000007,0.14325963421043314,10,10,29.000000000002046,1.3899999999999864,50.0,2022,11
QQQ,2022-01-18,short,374.78,372.31,2022-01-18T15:45:00+00:00,2022-01-18T15:55:00+00:00,373.31,0.15999999999996817,374.8,370.33,2,2,2022-01-18T16:00:00+00:00,373.29,2022-01-18T20:44:00+00:00,370.35999999999996,TAKE_PROFIT,5.860000000000127,0.4461899999999999,0.09999999999990905,5.413810000000128,1.966442953020165,1.816714765100703,4.896536295000003,2.980000000000018,0.005,0.00304296733493325,,HYP-FCR-03,severe,979.3072590000007,984.7210690000009,15.999999999996817,1.1217857142857253,0.14262973575291515,2,2,26.000000000004775,1.490000000000009,10.0,2022,11
SPY,2022-01-18,long,459.96,457.14,2022-01-18T16:35:00+00:00,2022-01-18T16:40:00+00:00,457.85,0.13999999999998636,456.73,460.09000000000003,2,2,2022-01-18T16:45:00+00:00,457.86999999999995,2022-01-18T17:06:00+00:00,456.70000000000005,STOP_LOSS,-2.3399999999998045,0.548742,0.09999999999979536,-2.8887419999998043,-1.0446428571427655,-1.2896169642856217,4.959375580000002,2.240000000000009,0.005,0.002258348822212017,,HYP-FCR-03,severe,991.8751160000005,988.9863740000008,13.999999999998636,0.7114285714285741,0.1967871485943576,1,1,47.999999999996135,1.1200000000000045,5.0,2022,11
QQQ,2022-01-19,short,374.609,371.75,2022-01-19T15:00:00+00:00,2022-01-19T15:25:00+00:00,372.5063,0.009999999999990905,374.32,368.87890000000004,2,2,2022-01-19T15:30:00+00:00,372.49,2022-01-19T16:14:00+00:00,368.9089,TAKE_PROFIT,7.162199999999984,0.44483933999999997,0.09259999999994761,6.717360659999985,1.97447207366159,1.851838964547623,4.923605345000005,3.627399999999966,0.005,0.0036836827343235843,,HYP-FCR-03,severe,984.7210690000009,991.4384296600008,0.9999999999990905,1.2624166666666714,0.007921314938272521,5,5,8.100000000001728,1.813699999999983,25.0,2022,10
QQQ,2022-01-20,short,372.55,369.53,2022-01-20T16:40:00+00:00,2022-01-20T16:45:00+00:00,372.02,0.19999999999998863,372.87,370.31999999999994,2,2,2022-01-20T16:50:00+00:00,371.97,2022-01-20T16:57:00+00:00,372.9,STOP_LOSS,-1.8599999999999,0.446922,0.15999999999985448,-2.3069219999998998,-1.0941176470587355,-1.3570129411763754,4.957192148300004,1.7000000000000455,0.005,0.001714680356482687,,HYP-FCR-03,severe,991.4384296600008,989.1315076600009,19.999999999998863,0.6686714285714288,0.2991005618817527,1,1,22.999999999996135,0.8500000000000227,5.0,2022,11
SPY,2022-01-20,short,457.01,453.51,2022-01-20T17:50:00+00:00,2022-01-20T17:55:00+00:00,456.73,0.349899999999991,457.65,454.8900000000001,2,2,2022-01-20T18:00:00+00:00,456.69000000000005,2022-01-20T19:13:00+00:00,454.9200000000001,TAKE_PROFIT,3.5399999999999636,0.5469660000000001,0.13999999999987267,2.9930339999999633,1.9239130434783267,1.6266489130435307,4.944931870000004,1.8399999999999181,0.005,0.001860490749289046,,HYP-FCR-03,severe,988.9863740000008,991.9794080000007,34.9899999999991,0.4653571428571297,0.7518956254796643,1,1,37.000000000000455,0.9199999999999591,5.0,2022,13
QQQ,2022-01-21,long,361.24,356.66,2022-01-21T15:30:00+00:00,2022-01-21T15:35:00+00:00,358.39,1.0300000000000296,355.48,364.2099999999999,1,1,2022-01-21T15:40:00+00:00,358.42999999999995,2022-01-21T18:24:00+00:00,355.45000000000005,STOP_LOSS,-2.9799999999999045,0.214164,0.06999999999993634,-3.1941639999999043,-1.0240549828178478,-1.0976508591065084,4.945657538300004,2.909999999999968,0.005,0.0029419748309142298,,HYP-FCR-03,severe,989.1315076600009,985.937343660001,103.00000000000296,1.9367857142857068,0.5318089618292631,1,1,42.00000000000159,2.909999999999968,5.0,2022,10
SPY,2022-01-21,long,446.67,443.14,2022-01-21T15:30:00+00:00,2022-01-21T15:35:00+00:00,444.26,0.5699999999999932,441.97,448.8399999999999,2,2,2022-01-21T15:40:00+00:00,444.28,2022-01-21T18:21:00+00:00,441.94000000000005,STOP_LOSS,-4.679999999999836,0.531732,0.09999999999990905,-5.211731999999836,-1.0218340611353516,-1.1379327510916855,4.959897040000004,4.579999999999927,0.005,0.004617031324504998,,HYP-FCR-03,severe,991.9794080000007,986.7676760000008,56.99999999999932,1.681828571428574,0.33891682522424116,1,1,77.88999999999646,2.2899999999999636,5.0,2022,10
QQQ,2022-01-24,long,347.66,342.53,2022-01-24T18:45:00+00:00,2022-01-24T18:50:00+00:00,344.98,1.079999999999984,341.98,350.98,1,1,2022-01-24T18:55:00+00:00,344.98999999999995,2022-01-24T19:37:00+00:00,341.95000000000005,STOP_LOSS,-3.0399999999999068,0.206082,0.03999999999990678,-3.2460819999999067,-1.0133333333333023,-1.0820273333333021,4.9296867183000055,3.0,0.005,0.0030427897059496565,,HYP-FCR-03,severe,985.937343660001,982.6912616600011,107.99999999999841,1.850442857142854,0.583644069759355,1,1,59.99999999999659,3.0,5.0,2022,13
SPY,2022-01-24,long,433.46,428.45,2022-01-24T18:45:00+00:00,2022-01-24T18:50:00+00:00,430.3701,0.9300000000000068,427.51,436.09029999999996,1,1,2022-01-24T18:55:00+00:00,430.42999999999995,2022-01-24T19:37:00+00:00,427.48,STOP_LOSS,-2.949999999999932,0.25737299999999996,0.08989999999994325,-3.2073729999999316,-1.0314324673962252,-1.121419880423742,4.9338383800000045,2.8600999999999885,0.005,0.002898453272804597,,HYP-FCR-03,severe,986.7676760000008,983.5603030000009,93.00000000000068,1.795100000000003,0.5180769873544678,1,1,100.99999999999909,2.8600999999999885,5.0,2022,13
QQQ,2022-01-25,long,348.73,342.85,2022-01-25T15:10:00+00:00,2022-01-25T15:15:00+00:00,344.21,0.21999999999997044,342.68,347.2699999999999,2,2,2022-01-25T15:20:00+00:00,344.25,2022-01-25T16:36:00+00:00,342.65000000000003,STOP_LOSS,-3.199999999999932,0.41214,0.13999999999998636,-3.6121399999999317,-1.0457516339869244,-1.1804379084967307,4.913456308300006,3.0599999999999454,0.005,0.003113897639458879,,HYP-FCR-03,severe,982.6912616600011,979.0791216600012,21.999999999997044,2.0279900000000053,0.10848179724750609,1,1,50.0,1.5299999999999727,5.0,2022,10
SPY,2022-01-25,long,434.67,428.38,2022-01-25T15:10:00+00:00,2022-01-25T15:15:00+00:00,430.0,0.410000000000025,427.73,434.53999999999996,2,2,2022-01-25T15:20:00+00:00,430.03999999999996,2022-01-25T18:35:00+00:00,434.51,TAKE_PROFIT,8.940000000000055,0.5187299999999999,0.13999999999987267,8.421270000000055,1.9691629955947414,1.8549052863436393,4.917801515000004,4.539999999999964,0.005,0.004615883729906858,,HYP-FCR-03,severe,983.5603030000009,991.9815730000009,41.0000000000025,2.0340000000000034,0.20157325467061177,1,1,77.99999999999727,2.269999999999982,5.0,2022,10
QQQ,2022-01-26,short,353.47,349.8501,2022-01-26T15:05:00+00:00,2022-01-26T15:15:00+00:00,352.18,0.5022999999999911,353.625,349.29,2,2,2022-01-26T15:20:00+00:00,352.125,2022-01-26T15:47:00+00:00,349.32,TAKE_PROFIT,5.610000000000014,0.42086699999999994,0.16999999999995907,5.189133000000013,1.9411764705882493,1.795547750865065,4.895395608300006,2.8899999999999864,0.005,0.002951753271073815,,HYP-FCR-03,severe,979.0791216600012,984.2682546600012,50.22999999999911,1.4424500000000022,0.348226974938466,2,2,34.99999999999659,1.4449999999999932,10.0,2022,10
SPY,2022-01-26,short,442.35,438.79,2022-01-26T15:10:00+00:00,2022-01-26T15:15:00+00:00,441.32,0.6200000000000045,442.83,438.3,2,2,2022-01-26T15:20:00+00:00,441.29,2022-01-26T15:30:00+00:00,438.33,TAKE_PROFIT,5.920000000000073,0.5277719999999999,0.11999999999989086,5.392228000000073,1.9602649006622876,1.7855059602649357,4.959907865000004,3.019999999999982,0.005,0.0030444113904926125,,HYP-FCR-03,severe,991.9815730000009,997.373801000001,62.000000000000455,1.5012800000000026,0.4129809229457553,1,1,9.99999999999659,1.509999999999991,5.0,2022,10
QQQ,2022-01-27,short,350.94,346.96,2022-01-27T15:15:00+00:00,2022-01-27T15:25:00+00:00,347.4797,0.2599999999999909,351.09,340.2591,1,1,2022-01-27T15:30:00+00:00,347.39500000000004,2022-01-27T20:15:00+00:00,340.28909999999996,TAKE_PROFIT,7.1059000000000765,0.20630522999999998,0.11469999999991387,6.899594770000077,1.9682297869983343,1.9110862726089481,4.921341273300006,3.610299999999995,0.005,0.0036680041065096755,,HYP-FCR-03,severe,984.2682546600012,991.1678494300012,25.99999999999909,1.647499999999989,0.15781487101668748,2,2,25.99999999999909,3.610299999999995,10.0,2022,10
SPY,2022-01-27,short,441.27,436.98,2022-01-27T15:15:00+00:00,2022-01-27T15:25:00+00:00,437.46,0.3100000000000023,441.3,429.7799999999999,1,1,2022-01-27T15:30:00+00:00,437.37,2022-01-27T20:15:00+00:00,429.8099999999999,TAKE_PROFIT,7.560000000000116,0.26015399999999994,0.1199999999999477,7.299846000000116,1.9687500000000138,1.9010015625000145,4.986869005000005,3.840000000000032,0.005,0.0038501111580732487,,HYP-FCR-03,severe,997.373801000001,1004.6736470000011,31.000000000000227,1.6445833333333297,0.18849759310869194,2,2,16.0000000000025,3.840000000000032,10.0,2022,10
SPY,2022-01-28,long,433.15,427.88,2022-01-28T15:00:00+00:00,2022-01-28T15:10:00+00:00,430.206,0.37999999999999545,428.49,433.63800000000003,2,2,2022-01-28T15:15:00+00:00,430.25,2022-01-28T16:00:00+00:00,433.60800000000006,TAKE_PROFIT,6.716000000000122,0.5183148,0.14799999999991087,6.197685200000122,1.9568764568764832,1.805852331002358,5.023368235000006,3.4320000000000164,0.005,0.0034160346598600616,,HYP-FCR-03,severe,1004.6736470000011,1010.8713322000012,37.999999999999545,1.557222222222227,0.24402425972172306,2,2,6.000000000000227,1.7160000000000082,10.0,2022,10
QQQ,2022-01-28,long,343.84,338.08,2022-01-28T15:00:00+00:00,2022-01-28T15:15:00+00:00,342.35,0.12999999999999545,338.75,349.55000000000007,1,1,2022-01-28T15:20:00+00:00,342.4,2022-01-28T20:47:00+00:00,349.5200000000001,TAKE_PROFIT,7.120000000000118,0.207576,0.07999999999992724,6.912424000000118,1.977777777777798,1.9201177777777985,4.955839247150006,3.6000000000000227,0.005,0.0036320790692215285,,HYP-FCR-03,severe,991.1678494300012,998.0802734300013,12.999999999999545,1.725,0.07536231884057706,3,3,12.999999999999545,3.6000000000000227,15.0,2022,10
QQQ,2022-02-01,long,364.63,360.53,2022-02-01T15:50:00+00:00,2022-02-01T15:55:00+00:00,362.275,0.5900000000000318,360.24,366.3449999999999,2,2,2022-02-01T16:00:00+00:00,362.28999999999996,2022-02-01T20:59:00+00:00,365.47,FORCED_SESSION_CLOSE,6.360000000000127,0.43665599999999993,0.08999999999991815,5.923344000000127,1.5626535626536184,1.4553670761671302,4.990401367150007,4.069999999999936,0.005,0.004077828315364835,,HYP-FCR-03,severe,998.0802734300013,1004.0036174300014,59.00000000000318,1.3857642857142878,0.4257578334802576,1,1,9.309999999999263,2.034999999999968,5.0,2022,11
SPY,2022-02-01,long,451.02,448.62,2022-02-01T15:50:00+00:00,2022-02-01T15:55:00+00:00,450.01,0.6700000000000159,448.28000000000003,453.4699999999999,2,2,2022-02-01T16:00:00+00:00,450.03,2022-02-01T20:50:00+00:00,453.43999999999994,TAKE_PROFIT,6.819999999999936,0.542082,0.09999999999990905,6.277917999999937,1.9710982658959795,1.81442716763008,5.054356661000006,3.4599999999999227,0.005,0.003422789715947114,,HYP-FCR-03,severe,1010.8713322000012,1017.1492502000011,67.00000000000159,1.2390428571428547,0.5407399720982925,1,1,47.00000000000273,1.7299999999999613,5.0,2022,11
SPY,2022-02-02,long,456.39,453.9808,2022-02-02T16:20:00+00:00,2022-02-02T16:25:00+00:00,454.28,0.07999999999998408,453.28000000000003,456.27999999999986,2,2,2022-02-02T16:30:00+00:00,454.30999999999995,2022-02-02T16:38:00+00:00,453.25000000000006,STOP_LOSS,-2.119999999999777,0.5445359999999999,0.11999999999989086,-2.664535999999777,-1.0599999999999488,-1.3322679999999643,5.085746251000006,1.9999999999998863,0.005,0.001966279776155395,,HYP-FCR-03,severe,1017.1492502000011,1014.4847142000013,7.999999999998408,0.954107142857144,0.08384802545384809,1,1,28.079999999999927,0.9999999999999432,5.0,2022,11
QQQ,2022-02-02,long,370.1,366.37,2022-02-02T17:05:00+00:00,2022-02-02T17:10:00+00:00,367.28,0.4800000000000182,365.8008,370.23839999999996,2,2,2022-02-02T17:15:00+00:00,367.325,2022-02-02T20:59:00+00:00,368.51000000000005,FORCED_SESSION_CLOSE,2.3700000000001182,0.441501,0.14999999999997726,1.9284990000001183,0.801108707409455,0.6518722958356304,5.0200180871500075,2.9583999999999833,0.005,0.002946602929153531,,HYP-FCR-03,severe,1004.0036174300014,1005.9321164300015,48.00000000000182,1.0202857142857178,0.47045645477458914,1,1,56.00000000000023,1.4791999999999916,5.0,2022,12
QQQ,2022-02-03,short,360.86,357.89,2022-02-03T16:15:00+00:00,2022-02-03T16:25:00+00:00,359.06,0.9600000000000364,360.94,355.3,2,2,2022-02-03T16:30:00+00:00,359.04,2022-02-03T19:45:00+00:00,355.33,TAKE_PROFIT,7.420000000000073,0.42862199999999995,0.09999999999990905,6.991378000000073,1.973404255319173,1.8594090425532155,5.029660582150008,3.759999999999991,0.005,0.0037378267763674023,,HYP-FCR-03,severe,1005.9321164300015,1012.9234944300016,96.00000000000364,1.0981999999999914,0.874157712620692,2,2,13.999999999998636,1.8799999999999955,10.0,2022,11
SPY,2022-02-03,short,452.34,450.0,2022-02-03T16:20:00+00:00,2022-02-03T16:25:00+00:00,451.58,0.44999999999998863,452.825,449.09,2,2,2022-02-03T16:30:00+00:00,451.55,2022-02-03T18:10:00+00:00,449.11999999999995,TAKE_PROFIT,4.860000000000127,0.5404019999999999,0.11999999999989086,4.319598000000127,1.9518072289157067,1.7347783132530568,5.072423571000007,2.490000000000009,0.005,0.002454448021884257,,HYP-FCR-03,severe,1014.4847142000013,1018.8043122000015,44.99999999999886,0.8445714285714335,0.5328146143436912,1,1,32.000000000005,1.2450000000000045,5.0,2022,11
QQQ,2022-02-04,short,356.19,351.97,2022-02-04T15:25:00+00:00,2022-02-04T15:30:00+00:00,355.74,0.13999999999998636,357.09999999999997,353.0200000000001,2,2,2022-02-04T15:35:00+00:00,355.71000000000004,2022-02-04T16:10:00+00:00,353.05000000000007,TAKE_PROFIT,5.319999999999936,0.425256,0.11999999999989086,4.894743999999936,1.9558823529412153,1.7995382352941514,5.064617472150008,2.7199999999999136,0.005,0.002685296584546623,,HYP-FCR-03,severe,1012.9234944300016,1017.8182384300015,13.999999999998636,1.6814384615384528,0.08326204211594615,1,1,100.99999999999909,1.3599999999999568,5.0,2022,10
SPY,2022-02-04,short,448.31,445.07,2022-02-04T15:20:00+00:00,2022-02-04T15:30:00+00:00,446.51,0.6099999999999568,448.303,442.924,2,2,2022-02-04T15:35:00+00:00,446.4359,2022-02-04T17:50:00+00:00,448.33299999999997,STOP_LOSS,-3.7941999999999325,0.53686134,0.20819999999991978,-4.331061339999932,-1.0580591187952926,-1.2077694757389619,5.094021561000008,3.5860000000000127,0.005,0.003519812349691002,,HYP-FCR-03,severe,1018.8043122000015,1014.4732508600016,60.99999999999568,1.3337538461538498,0.45735575703044135,2,2,20.999999999997954,1.7930000000000064,10.0,2022,10
SPY,2022-02-07,short,450.41,448.21,2022-02-07T15:35:00+00:00,2022-02-07T15:45:00+00:00,449.5112,0.2799999999999727,450.81,446.9135999999999,2,2,2022-02-07T15:50:00+00:00,449.48,2022-02-07T17:30:00+00:00,446.9435999999999,TAKE_PROFIT,5.072800000000257,0.5378541599999999,0.12239999999985685,4.5349458400002565,1.9528795811518886,1.745821465968647,5.072366254300008,2.5976000000000568,0.005,0.0025605406527949236,,HYP-FCR-03,severe,1014.4732508600016,1019.0081967000018,27.99999999999727,1.0117857142857158,0.2767384398164216,2,2,41.99999999999591,1.2988000000000284,10.0,2022,10
QQQ,2022-02-07,long,361.05,357.74,2022-02-07T19:25:00+00:00,2022-02-07T19:30:00+00:00,358.18,0.5300000000000296,357.04040000000003,360.45919999999995,2,2,2022-02-07T19:35:00+00:00,358.21,2022-02-07T20:28:00+00:00,357.01040000000006,STOP_LOSS,-2.399199999999837,0.42913224,0.11999999999989086,-2.828332239999837,-1.052650052650006,-1.240932011231969,5.089091192150008,2.279199999999946,0.005,0.002239299625359085,,HYP-FCR-03,severe,1017.8182384300015,1014.9899061900018,53.000000000002956,0.6137785714285704,0.8635035901733322,1,1,73.00000000000182,1.139599999999973,5.0,2022,14
QQQ,2022-02-08,long,355.72,353.59,2022-02-08T15:15:00+00:00,2022-02-08T15:20:00+00:00,354.44,0.34000000000003183,353.44,356.44,2,2,2022-02-08T15:25:00+00:00,354.47999999999996,2022-02-08T15:28:00+00:00,353.41,STOP_LOSS,-2.1399999999998727,0.42473399999999994,0.13999999999987267,-2.5647339999998726,-1.0699999999999363,-1.2823669999999363,5.074949530950009,2.0,0.005,0.001970462945299092,,HYP-FCR-03,severe,1014.9899061900018,1012.425172190002,34.00000000000318,1.1563636363636285,0.2940251572327339,1,1,4.9999999999954525,1.0,5.0,2022,10
SPY,2022-02-08,long,447.47,446.06,2022-02-08T15:10:00+00:00,2022-02-08T15:20:00+00:00,446.825,0.07999999999998408,446.26,447.955,2,2,2022-02-08T15:25:00+00:00,446.86999999999995,2022-02-08T15:27:00+00:00,446.23,STOP_LOSS,-1.279999999999859,0.5358599999999999,0.14999999999986358,-1.815859999999859,-1.1327433628317383,-1.606955752212271,5.0950409835000094,1.1299999999999955,0.005,0.0011089214038311312,,HYP-FCR-03,severe,1019.0081967000018,1017.192336700002,7.999999999998408,0.8804545454545457,0.09086215797623383,2,2,10.000000000002274,0.5649999999999977,10.0,2022,10
QQQ,2022-02-09,long,364.54,362.42,2022-02-09T15:20:00+00:00,2022-02-09T15:30:00+00:00,363.94,0.011000000000024102,362.265,367.29,2,2,2022-02-09T15:35:00+00:00,363.96999999999997,2022-02-09T20:59:00+00:00,366.74,FORCED_SESSION_CLOSE,5.540000000000077,0.438426,0.11999999999989086,5.1015740000000775,1.6537313432835938,1.522857910447774,5.06212586095001,3.3500000000000227,0.005,0.0033088865152903647,,HYP-FCR-03,severe,1012.425172190002,1017.526746190002,1.1000000000024102,1.0528076923076897,0.01044825192710435,2,2,23.00000000000182,1.6750000000000114,10.0,2022,10
QQQ,2022-02-10,short,364.15,359.32,2022-02-10T16:10:00+00:00,2022-02-10T16:35:00+00:00,362.52,0.37000000000000455,363.62,360.31999999999994,2,2,2022-02-10T16:40:00+00:00,362.47,2022-02-10T16:46:00+00:00,363.65,STOP_LOSS,-2.3599999999999,0.43567199999999995,0.15999999999985448,-2.7956719999999,-1.072727272727205,-1.2707599999999282,5.08763373095001,2.2000000000000455,0.005,0.0021621053286684233,,HYP-FCR-03,severe,1017.526746190002,1014.7310741900021,37.000000000000455,1.0609071428571448,0.34875813825096136,5,5,14.00000000000432,1.1000000000000227,25.0,2022,11
SPY,2022-02-10,short,455.55,451.29,2022-02-10T16:15:00+00:00,2022-02-10T16:35:00+00:00,454.49,0.12340000000000373,455.21999999999997,453.0300000000001,2,2,2022-02-10T16:40:00+00:00,454.43,2022-02-10T16:44:00+00:00,455.24999999999994,STOP_LOSS,-1.6399999999998727,0.545808,0.17999999999994998,-2.1858079999998727,-1.123287671232849,-1.4971287671232798,5.08596168350001,1.4599999999999227,0.005,0.0014353234362111764,,HYP-FCR-03,severe,1017.192336700002,1015.0065287000021,12.340000000000373,0.9242071428571462,0.1335198509919735,4,4,8.999999999997499,0.7299999999999613,20.0,2022,11
SPY,2022-02-11,long,451.605,448.79,2022-02-11T15:15:00+00:00,2022-02-11T15:25:00+00:00,449.7018,0.21000000000003638,449.0,451.1054,2,2,2022-02-11T15:30:00+00:00,449.75,2022-02-11T15:52:00+00:00,448.97,STOP_LOSS,-1.5599999999999454,0.5392319999999999,0.15639999999996235,-2.0992319999999456,-1.1114277571957567,-1.4956055856369128,5.075032643500011,1.403599999999983,0.005,0.001382848248077461,,HYP-FCR-03,severe,1015.0065287000021,1012.9072967000022,21.000000000003638,1.1919833333333354,0.17617695996870986,2,2,51.000000000004775,0.7017999999999915,10.0,2022,10
SPY,2022-02-14,long,441.28,438.97,2022-02-14T16:30:00+00:00,2022-02-14T17:30:00+00:00,440.94,0.3549000000000433,439.97,442.87999999999994,2,2,2022-02-14T17:35:00+00:00,440.97009999999995,2022-02-14T18:24:00+00:00,439.94000000000005,STOP_LOSS,-2.0601999999997815,0.52854606,0.12019999999984066,-2.5887460599997816,-1.0619587628865177,-1.3344051855669383,5.064536483500011,1.9399999999999409,0.005,0.0019152789266306573,,HYP-FCR-03,severe,1012.9072967000022,1010.3185506400024,35.49000000000433,0.8136214285714232,0.43619795096004976,12,12,11.000000000001364,0.9699999999999704,60.0,2022,12
QQQ,2022-02-14,short,349.55,345.81,2022-02-14T18:20:00+00:00,2022-02-14T18:25:00+00:00,348.65,0.6400000000000432,349.92,346.1099999999999,2,2,2022-02-14T18:30:00+00:00,348.62,2022-02-14T18:53:00+00:00,346.1399999999999,TAKE_PROFIT,4.960000000000264,0.4168559999999999,0.11999999999989086,4.543144000000264,1.9527559055118555,1.7886393700787895,5.073655370950011,2.5400000000000773,0.005,0.0025031262613373737,,HYP-FCR-03,severe,1014.7310741900021,1019.2742181900023,64.00000000000432,0.6614142857142927,0.967623490788193,1,1,39.999999999997726,1.2700000000000387,5.0,2022,13
SPY,2022-02-15,short,445.78,443.45,2022-02-15T17:00:00+00:00,2022-02-15T17:15:00+00:00,444.34,0.06499999999999773,445.42,442.1799999999999,2,2,2022-02-15T17:20:00+00:00,444.33000000000004,2022-02-15T18:29:00+00:00,445.45,STOP_LOSS,-2.2399999999998954,0.5338679999999999,0.07999999999981355,-2.7738679999998954,-1.0370370370369493,-1.284198148148051,5.051592753200012,2.160000000000082,0.005,0.0021379395623605997,,HYP-FCR-03,severe,1010.3185506400024,1007.5446826400025,6.499999999999773,0.5134142857142885,0.12660341133586955,3,3,13.00000000000523,1.080000000000041,15.0,2022,12
QQQ,2022-02-15,short,354.07,352.22,2022-02-15T17:15:00+00:00,2022-02-15T17:20:00+00:00,352.96,0.6200000000000045,354.23,350.4199999999999,2,2,2022-02-15T17:25:00+00:00,352.96000000000004,2022-02-15T18:23:00+00:00,354.26,STOP_LOSS,-2.599999999999909,0.424332,0.06000000000005912,-3.024331999999909,-1.0236220472440276,-1.1906818897637075,5.0963710909500115,2.5400000000000773,0.005,0.002491969241123881,,HYP-FCR-03,severe,1019.2742181900023,1016.2498861900024,62.000000000000455,0.5198142857142898,1.1927336686179124,1,1,1.999999999998181,1.2700000000000387,5.0,2022,12
SPY,2022-02-16,long,444.81,442.42,2022-02-16T15:15:00+00:00,2022-02-16T16:30:00+00:00,443.37,0.01999999999998181,442.93,444.25,2,2,2022-02-16T16:35:00+00:00,443.4,2022-02-16T17:30:00+00:00,442.90000000000003,STOP_LOSS,-0.9999999999998863,0.5317799999999999,0.11999999999989086,-1.5317799999998862,-1.136363636363513,-1.7406590909089705,5.037723413200013,0.8799999999999955,0.005,0.0008734103957495858,,HYP-FCR-03,severe,1007.5446826400025,1006.0129026400026,1.999999999998181,0.5252857142857132,0.038074517269478636,15,15,17.00000000000159,0.4399999999999977,75.0,2022,11
SPY,2022-02-17,long,443.8,440.54,2022-02-17T15:55:00+00:00,2022-02-17T16:00:00+00:00,440.7,0.12999999999999545,440.28000000000003,441.5399999999999,2,2,2022-02-17T16:05:00+00:00,440.73999999999995,2022-02-17T16:13:00+00:00,441.50999999999993,TAKE_PROFIT,1.5399999999999636,0.5293499999999999,0.13999999999987267,1.0106499999999636,1.8333333333334687,1.203154761904836,5.0300645132000135,0.8399999999999181,0.005,0.0008349793504591943,,HYP-FCR-03,severe,1006.0129026400026,1007.0235526400025,12.999999999999545,0.708907142857141,0.1833808578596775,1,1,18.000000000000682,0.4199999999999591,5.0,2022,11
SPY,2022-02-18,long,438.66,435.91,2022-02-18T19:25:00+00:00,2022-02-18T19:30:00+00:00,436.42,0.37009999999997945,434.90000000000003,439.46,2,2,2022-02-18T19:35:00+00:00,436.445,2022-02-18T19:49:00+00:00,434.87000000000006,STOP_LOSS,-3.1499999999998636,0.522789,0.10999999999989996,-3.6727889999998635,-1.0361842105262833,-1.2081542763157591,5.035117763200013,3.0399999999999636,0.005,0.003018797318126603,,HYP-FCR-03,severe,1007.0235526400025,1003.3507636400027,37.009999999997945,0.7501857142857163,0.4933445051701196,1,1,41.0000000000025,1.5199999999999818,5.0,2022,14
QQQ,2022-02-22,short,343.73,338.04,2022-02-22T15:30:00+00:00,2022-02-22T15:40:00+00:00,341.56,0.12009999999997945,344.0064,336.66720000000004,2,2,2022-02-22T15:45:00+00:00,341.51000000000005,2022-02-22T18:16:00+00:00,336.6972,TAKE_PROFIT,9.625600000000077,0.40692432,0.15999999999985448,9.218675680000077,1.967298888162227,1.8841309025507156,5.081249430950012,4.892799999999966,0.005,0.004814563884817191,,HYP-FCR-03,severe,1016.2498861900024,1025.4685618700025,12.009999999997945,1.6123071428571458,0.0744895292017078,2,2,31.000000000000227,2.446399999999983,10.0,2022,10
SPY,2022-02-22,short,435.3,430.49,2022-02-22T15:30:00+00:00,2022-02-22T15:40:00+00:00,433.28,0.11009999999998854,435.45,428.93999999999994,2,2,2022-02-22T15:45:00+00:00,433.25,2022-02-22T18:02:00+00:00,428.9699999999999,TAKE_PROFIT,8.560000000000173,0.5173319999999999,0.11999999999989086,8.042668000000173,1.972350230414772,1.8531493087557867,5.016753818200014,4.340000000000032,0.005,0.0043255062509298114,,HYP-FCR-03,severe,1003.3507636400027,1011.3934316400029,11.009999999998854,1.3412928571428608,0.08208498197367334,2,2,19.999999999998863,2.170000000000016,10.0,2022,10
QQQ,2022-02-25,long,341.81,338.05,2022-02-25T15:05:00+00:00,2022-02-25T15:10:00+00:00,339.09,0.30000000000001137,337.75,341.7699999999999,3,3,2022-02-25T15:15:00+00:00,339.14,2022-02-25T15:31:00+00:00,341.73999999999995,TAKE_PROFIT,7.799999999999898,0.6127919999999999,0.23999999999995225,7.187207999999898,1.9402985074626973,1.787862686567172,5.127342809350012,4.019999999999925,0.005,0.003920159183299796,,HYP-FCR-03,severe,1025.4685618700025,1032.6557698700024,30.000000000001137,1.8916000000000015,0.1585958976527866,1,1,31.000000000000227,1.339999999999975,5.0,2022,10
SPY,2022-02-25,long,431.26,428.26,2022-02-25T15:00:00+00:00,2022-02-25T15:10:00+00:00,429.81,0.36000000000001364,428.35,432.72999999999996,2,2,2022-02-25T15:15:00+00:00,429.89,2022-02-25T15:46:00+00:00,432.7,TAKE_PROFIT,5.6200000000000045,0.517554,0.2199999999999136,5.102446000000005,1.924657534246604,1.7474130136986563,5.056967158200014,2.919999999999959,0.005,0.0028871059556567387,,HYP-FCR-03,severe,1011.3934316400029,1016.4958776400028,36.000000000001364,1.6538888888888816,0.21766879408801726,2,2,39.999999999997726,1.4599999999999795,10.0,2022,10
QQQ,2022-02-28,short,345.03,342.15,2022-02-28T15:00:00+00:00,2022-02-28T15:15:00+00:00,342.62,0.04199999999997317,343.7,340.46000000000004,3,3,2022-02-28T15:20:00+00:00,342.60990000000004,2022-02-28T15:24:00+00:00,343.72999999999996,STOP_LOSS,-3.360299999999768,0.6177059099999999,0.12029999999981555,-3.9780059099997676,-1.0371296296295733,-1.2277796018517981,5.163278849350012,3.2399999999999523,0.005,0.003137541177354604,,HYP-FCR-03,severe,1032.6557698700024,1028.6777639600025,4.199999999997317,1.4077000000000113,0.029835902536032417,3,3,26.000000000004775,1.079999999999984,15.0,2022,10
SPY,2022-02-28,short,434.49,431.87,2022-02-28T17:30:00+00:00,2022-02-28T17:45:00+00:00,433.44,0.20999999999997954,434.34,431.64000000000004,2,2,2022-02-28T17:50:00+00:00,433.41,2022-02-28T18:02:00+00:00,434.36999999999995,STOP_LOSS,-1.9199999999998454,0.5206679999999999,0.11999999999989086,-2.440667999999845,-1.0666666666666078,-1.3559266666666148,5.0824793882000145,1.7999999999999545,0.005,0.0017707892767642227,,HYP-FCR-03,severe,1016.4958776400028,1014.055209640003,20.999999999997954,0.8607142857142824,0.2439834024896037,3,3,48.00000000000182,0.8999999999999773,15.0,2022,12
QQQ,2022-03-01,long,347.635,345.18,2022-03-01T15:10:00+00:00,2022-03-01T15:20:00+00:00,347.54,1.0499999999999545,345.76,351.1000000000001,2,2,2022-03-01T15:25:00+00:00,347.59999999999997,2022-03-01T15:42:00+00:00,345.73,STOP_LOSS,-3.7399999999998954,0.4159979999999999,0.1799999999998363,-4.1559979999998955,-1.0505617977527621,-1.167415168539277,5.143388819800013,3.560000000000059,0.005,0.003460753332798278,,HYP-FCR-03,severe,1028.6777639600025,1024.5217659600025,104.99999999999545,1.480690909090914,0.7091284167096111,2,2,13.999999999998636,1.7800000000000296,10.0,2022,10
QQQ,2022-03-02,long,344.62,341.725,2022-03-02T15:25:00+00:00,2022-03-02T15:30:00+00:00,342.55,0.3299999999999841,341.06,345.53000000000003,2,2,2022-03-02T15:35:00+00:00,342.59999999999997,2022-03-02T16:08:00+00:00,345.50000000000006,TAKE_PROFIT,5.800000000000182,0.41286,0.15999999999985448,5.387140000000182,1.946308724832264,1.8077651006711908,5.122608829800013,2.980000000000018,0.005,0.0029086741726835675,,HYP-FCR-03,severe,1024.5217659600025,1029.9089059600028,32.99999999999841,1.6150307692307662,0.20433047238918053,1,1,148.50000000000136,1.490000000000009,5.0,2022,10
SPY,2022-03-02,long,434.77,431.9,2022-03-02T15:25:00+00:00,2022-03-02T15:30:00+00:00,433.89,0.36000000000001364,432.19,437.28999999999996,2,2,2022-03-02T15:35:00+00:00,433.90999999999997,2022-03-02T16:28:00+00:00,437.26,TAKE_PROFIT,6.7000000000000455,0.5227019999999999,0.09999999999990905,6.177298000000046,1.9705882352941442,1.816852352941202,5.070276048200015,3.3999999999999773,0.005,0.0033528746439821576,,HYP-FCR-03,severe,1014.055209640003,1020.2325076400031,36.000000000001364,1.4226923076923081,0.25304136253042314,1,1,22.999999999996135,1.6999999999999886,5.0,2022,10
SPY,2022-03-04,long,432.49,429.37,2022-03-04T17:05:00+00:00,2022-03-04T17:10:00+00:00,431.0746,0.2249999999999659,429.19,434.84379999999993,2,2,2022-03-04T17:15:00+00:00,431.08,2022-03-04T20:59:00+00:00,432.21000000000004,FORCED_SESSION_CLOSE,2.2600000000001046,0.5179739999999999,0.07079999999996289,1.7420260000001047,0.5995967314019238,0.4621739361137974,5.101162538200016,3.7691999999999553,0.005,0.0036944519722458664,,HYP-FCR-03,severe,1020.2325076400031,1021.9745336400032,22.49999999999659,0.906328571428576,0.24825433854006798,1,1,59.00000000000318,1.8845999999999776,5.0,2022,12
QQQ,2022-03-04,long,341.31,337.35,2022-03-04T17:10:00+00:00,2022-03-04T17:15:00+00:00,338.12,1.089999999999975,336.03000000000003,342.29999999999995,2,2,2022-03-04T17:20:00+00:00,338.15999999999997,2022-03-04T19:15:00+00:00,336.00000000000006,STOP_LOSS,-4.319999999999823,0.404496,0.13999999999987267,-4.724495999999823,-1.033492822966477,-1.130262200956909,5.149544529800014,4.17999999999995,0.005,0.0040586113740842655,,HYP-FCR-03,severe,1029.9089059600028,1025.184409960003,108.9999999999975,0.9416642857142798,1.1575250506322199,1,1,97.00000000000273,2.089999999999975,5.0,2022,12
QQQ,2022-03-08,long,326.13,322.46,2022-03-08T15:50:00+00:00,2022-03-08T15:55:00+00:00,324.63,1.0300000000000296,321.49,330.90999999999997,1,1,2022-03-08T16:00:00+00:00,324.65999999999997,2022-03-08T16:26:00+00:00,321.46000000000004,STOP_LOSS,-3.199999999999932,0.19383599999999998,0.05999999999994543,-3.393835999999932,-1.0191082802547597,-1.080839490445843,5.125922049800015,3.1399999999999864,0.005,0.0030628635877544136,,HYP-FCR-03,severe,1025.184409960003,1021.790573960003,103.00000000000296,1.671771428571422,0.6161129340990084,1,1,125.99999999999909,3.1399999999999864,5.0,2022,11
SPY,2022-03-08,long,421.19,417.76,2022-03-08T15:50:00+00:00,2022-03-08T15:55:00+00:00,419.32,0.5099999999999909,417.02,423.92,2,2,2022-03-08T16:00:00+00:00,419.38,2022-03-08T16:24:00+00:00,416.99,STOP_LOSS,-4.779999999999973,0.501822,0.17999999999994998,-5.2818219999999725,-1.0391304347825976,-1.1482221739130318,5.109872668200016,4.600000000000023,0.005,0.00450109063247989,,HYP-FCR-03,severe,1021.9745336400032,1016.6927116400033,50.99999999999909,1.5460285714285646,0.32987747408105117,1,1,118.99999999999977,2.3000000000000114,5.0,2022,11
SPY,2022-03-10,short,425.0,422.0493,2022-03-10T15:20:00+00:00,2022-03-10T15:30:00+00:00,422.3338,0.150100000000009,425.18,416.6414,1,1,2022-03-10T15:35:00+00:00,422.3,2022-03-10T19:05:00+00:00,425.21,STOP_LOSS,-2.909999999999968,0.25425299999999995,0.06379999999995789,-3.164252999999968,-1.022415852715887,-1.1117465392452943,5.083463558200016,2.8462000000000103,0.005,0.0027994692667845248,,HYP-FCR-03,severe,1016.6927116400033,1013.5284586400034,15.0100000000009,1.2339538461538557,0.12164150261199783,2,2,18.999999999999773,2.8462000000000103,10.0,2022,10
QQQ,2022-03-10,long,331.51,328.92,2022-03-10T18:45:00+00:00,2022-03-10T18:50:00+00:00,329.89,0.6730000000000018,328.5,332.66999999999996,3,3,2022-03-10T18:55:00+00:00,329.92999999999995,2022-03-10T20:59:00+00:00,331.38500000000005,FORCED_SESSION_CLOSE,4.365000000000293,0.5951835,0.209999999999809,3.7698165000002932,1.046762589928138,0.9040327338130288,5.1089528698000155,4.169999999999959,0.005,0.0040810711179678485,,HYP-FCR-03,severe,1021.790573960003,1025.5603904600034,67.30000000000018,0.7427000000000054,0.9061532247206099,1,1,41.0000000000025,1.3899999999999864,5.0,2022,13
QQQ,2022-03-14,short,325.32,322.02,2022-03-14T15:10:00+00:00,2022-03-14T15:15:00+00:00,324.45,0.5100000000000477,325.77,321.81,3,3,2022-03-14T15:20:00+00:00,324.44000000000005,2022-03-14T15:43:00+00:00,321.84,TAKE_PROFIT,7.800000000000239,0.581652,0.11999999999972033,7.218348000000239,1.9696969696970401,1.822815151515221,5.127801952300017,3.9599999999999795,0.005,0.003861303572989755,,HYP-FCR-03,severe,1025.5603904600034,1032.7787384600038,51.000000000004775,1.0260071428571353,0.49707256284770507,1,1,6.000000000000227,1.3199999999999932,5.0,2022,11
SPY,2022-03-14,short,421.97,419.11,2022-03-14T15:35:00+00:00,2022-03-14T15:40:00+00:00,420.775,0.29000000000002046,422.34,417.645,2,2,2022-03-14T15:45:00+00:00,420.76000000000005,2022-03-14T17:03:00+00:00,417.67499999999995,TAKE_PROFIT,6.1700000000001864,0.5030609999999999,0.08999999999980446,5.666939000000187,1.9712460063898387,1.8105236421725863,5.0676422932000165,3.1299999999999955,0.005,0.003088221128196011,,HYP-FCR-03,severe,1013.5284586400034,1019.1953976400035,29.000000000002046,0.7834714285714232,0.37014751198879664,1,1,35.99999999999568,1.5649999999999977,5.0,2022,11
QQQ,2022-03-16,short,335.27,332.01,2022-03-16T16:45:00+00:00,2022-03-16T16:50:00+00:00,334.79,0.4399999999999977,336.11,332.15000000000003,3,3,2022-03-16T16:55:00+00:00,334.76000000000005,2022-03-16T18:05:00+00:00,332.18,TAKE_PROFIT,7.740000000000123,0.600246,0.1799999999998363,7.1397540000001225,1.9545454545454957,1.8029681818182222,5.163893692300019,3.9599999999999795,0.005,0.003834315959974943,,HYP-FCR-03,severe,1032.7787384600038,1039.9184924600038,43.99999999999977,0.6066285714285787,0.7253202712886084,1,1,83.00000000000409,1.3199999999999932,5.0,2022,12
SPY,2022-03-16,short,432.67,429.8,2022-03-16T16:45:00+00:00,2022-03-16T16:50:00+00:00,431.46,0.5,432.875,428.62999999999994,2,2,2022-03-16T16:55:00+00:00,431.42,2022-03-16T18:05:00+00:00,428.6599999999999,TAKE_PROFIT,5.520000000000209,0.516048,0.13999999999987267,5.00395200000021,1.9505300353357347,1.7681809187279636,5.095976988200018,2.830000000000041,0.005,0.002776700136748109,,HYP-FCR-03,severe,1019.1953976400035,1024.1993496400037,50.0,0.5800000000000003,0.862068965517241,1,1,21.999999999997044,1.4150000000000205,5.0,2022,12
QQQ,2022-03-17,short,341.045,337.0406,2022-03-17T14:10:00+00:00,2022-03-17T14:15:00+00:00,339.78,0.3199999999999932,341.52,336.29999999999995,2,2,2022-03-17T14:20:00+00:00,339.75,2022-03-17T17:26:00+00:00,341.54999999999995,STOP_LOSS,-3.599999999999909,0.4087799999999999,0.11999999999989086,-4.008779999999909,-1.0344827586206582,-1.1519482758620367,5.199592462300019,3.480000000000018,0.005,0.0033464161136011936,,HYP-FCR-03,severe,1039.9184924600038,1035.909712460004,31.999999999999318,1.2060600000000021,0.26532676649585646,1,1,75.49999999999955,1.740000000000009,5.0,2022,10
SPY,2022-03-17,short,436.24,433.19,2022-03-17T14:30:00+00:00,2022-03-17T14:35:00+00:00,435.86,0.19999999999998863,436.61,434.36,2,2,2022-03-17T14:40:00+00:00,435.84000000000003,2022-03-17T14:48:00+00:00,434.39,TAKE_PROFIT,2.900000000000091,0.522138,0.09999999999990905,2.377862000000091,1.933333333333394,1.585241333333394,5.120996748200018,1.5,0.005,0.0014645586335582381,,HYP-FCR-03,severe,1024.1993496400037,1026.5772116400037,19.999999999998863,0.8428500000000066,0.23729014652665012,1,1,28.999999999996362,0.75,5.0,2022,10
QQQ,2022-03-21,long,352.48,348.21,2022-03-21T14:45:00+00:00,2022-03-21T14:50:00+00:00,349.01,0.25,347.83,351.37,2,2,2022-03-21T14:55:00+00:00,349.03009999999995,2022-03-21T15:25:00+00:00,351.34000000000003,TAKE_PROFIT,4.619800000000168,0.42022205999999995,0.10019999999985885,4.199577940000168,1.957542372881416,1.7794821779661627,5.1795485623000195,2.3600000000000136,0.005,0.0022781908226303382,,HYP-FCR-03,severe,1035.909712460004,1040.109290400004,25.0,0.9891357142857048,0.25274590371103445,1,1,48.999999999995225,1.1800000000000068,5.0,2022,10
SPY,2022-03-21,long,446.46,443.82,2022-03-21T14:45:00+00:00,2022-03-21T14:50:00+00:00,444.51,0.05000000000001137,443.56,446.40999999999997,2,2,2022-03-21T14:55:00+00:00,444.54999999999995,2022-03-21T16:31:00+00:00,443.53000000000003,STOP_LOSS,-2.03999999999985,0.5328479999999999,0.13999999999987267,-2.57284799999985,-1.0736842105262496,-1.3541305263157266,5.132886058200019,1.8999999999999773,0.005,0.0018508106145904417,,HYP-FCR-03,severe,1026.5772116400037,1024.004363640004,5.000000000001137,0.7374357142857134,0.06780252031655641,1,1,34.99999999999659,0.9499999999999886,5.0,2022,10
SPY,2022-03-23,short,447.31,445.64,2022-03-23T14:40:00+00:00,2022-03-23T14:45:00+00:00,446.97,0.37000000000000455,447.78,445.35000000000014,2,2,2022-03-23T14:50:00+00:00,446.97,2022-03-23T15:02:00+00:00,447.80999999999995,STOP_LOSS,-1.6799999999998363,0.5368679999999999,0.05999999999994543,-2.2168679999998364,-1.037037037037006,-1.3684370370370282,5.12002181820002,1.6199999999998909,0.005,0.0015820245084125573,,HYP-FCR-03,severe,1024.004363640004,1021.7874956400041,37.000000000000455,0.7092357142857192,0.5216883365393359,1,1,54.000000000002046,0.8099999999999454,5.0,2022,10
QQQ,2022-03-23,short,354.34,352.26,2022-03-23T17:20:00+00:00,2022-03-23T17:25:00+00:00,353.26,0.4000000000000341,355.26,349.26,2,2,2022-03-23T17:30:00+00:00,353.20000000000005,2022-03-23T19:59:00+00:00,351.86999999999995,FORCED_SESSION_CLOSE,2.6600000000001955,0.4230419999999999,0.1799999999998363,2.236958000000196,0.6650000000000489,0.559239500000049,5.200546452000021,4.0,0.005,0.0038457497081500775,,HYP-FCR-03,severe,1040.109290400004,1042.3462484000042,40.00000000000341,0.6821714285714222,0.5863628748534647,1,1,39.00000000000432,2.0,5.0,2022,13
SPY,2022-03-24,short,446.35,444.76,2022-03-24T14:15:00+00:00,2022-03-24T14:20:00+00:00,445.62,0.2400000000000091,446.75,443.36,2,2,2022-03-24T14:25:00+00:00,445.6,2022-03-24T14:45:00+00:00,446.78,STOP_LOSS,-2.3599999999999,0.5354279999999999,0.09999999999990905,-2.8954279999999,-1.0442477876105793,-1.2811628318583679,5.10893747820002,2.259999999999991,0.005,0.0022118101950194874,,HYP-FCR-03,severe,1021.7874956400041,1018.8920676400041,24.00000000000091,0.8295727272727205,0.28930555707758887,1,1,23.999999999995225,1.1299999999999955,5.0,2022,10
QQQ,2022-03-24,long,354.47,352.51,2022-03-24T14:30:00+00:00,2022-03-24T14:35:00+00:00,353.2299,0.2599999999999909,352.06,355.56969999999995,2,2,2022-03-24T14:40:00+00:00,353.28999999999996,2022-03-24T15:25:00+00:00,355.5397,TAKE_PROFIT,4.499400000000037,0.42529781999999994,0.18019999999989977,4.074102180000037,1.922984870501794,1.7412181297547193,5.211731242000021,2.3397999999999683,0.005,0.002244743532767109,,HYP-FCR-03,severe,1042.3462484000042,1046.4203505800042,25.99999999999909,1.184728571428573,0.21945955071082396,1,1,91.60999999999717,1.1698999999999842,5.0,2022,10
QQQ,2022-03-25,long,360.18,358.2607,2022-03-25T14:15:00+00:00,2022-03-25T14:25:00+00:00,359.11,0.2699999999999818,358.38,360.57000000000005,2,2,2022-03-25T14:30:00+00:00,359.14,2022-03-25T14:43:00+00:00,360.5400000000001,TAKE_PROFIT,2.800000000000182,0.431808,0.11999999999989086,2.3681920000001817,1.917808219178159,1.622049315068577,5.232101752900021,1.4600000000000364,0.005,0.001395232804093303,,HYP-FCR-03,severe,1046.4203505800042,1048.7885425800043,26.99999999999818,0.9986166666666776,0.27037401739070266,2,2,33.06999999999789,0.7300000000000182,10.0,2022,10
SPY,2022-03-25,long,451.63,450.3,2022-03-25T17:40:00+00:00,2022-03-25T17:50:00+00:00,450.88,0.01979999999997517,450.44,451.76,2,2,2022-03-25T17:55:00+00:00,450.90999999999997,2022-03-25T18:06:00+00:00,451.73,TAKE_PROFIT,1.6400000000001,0.541584,0.11999999999989086,1.0984160000001002,1.863636363636487,1.2482000000001203,5.094460338200021,0.8799999999999955,0.005,0.000863683237850977,,HYP-FCR-03,severe,1018.8920676400041,1019.9904836400043,1.979999999997517,0.5807357142857167,0.034094682852988355,2,2,24.00000000000091,0.4399999999999977,10.0,2022,13
QQQ,2022-03-28,long,363.19,359.26,2022-03-28T16:45:00+00:00,2022-03-28T16:55:00+00:00,360.1,0.3499999999999659,359.5299,361.2402000000001,2,2,2022-03-28T17:00:00+00:00,360.15999999999997,2022-03-28T17:25:00+00:00,361.2102000000001,TAKE_PROFIT,2.1004000000002634,0.43282212,0.1799999999998363,1.6675778800002634,1.8421329591301276,1.4625310296440892,5.243942712900021,1.1402000000000498,0.005,0.0010871590923325447,,HYP-FCR-03,severe,1048.7885425800043,1050.4561204600045,34.99999999999659,0.6375642857142826,0.5489642501035802,2,2,3.9299999999968804,0.5701000000000249,10.0,2022,13
SPY,2022-03-28,long,453.649,451.67,2022-03-28T17:15:00+00:00,2022-03-28T17:25:00+00:00,452.3411,0.22000000000002728,451.68,453.66329999999994,2,2,2022-03-28T17:30:00+00:00,452.35999999999996,2022-03-28T18:44:00+00:00,453.63329999999996,TAKE_PROFIT,2.546600000000012,0.5435959799999999,0.09779999999989286,2.003004020000012,1.9260323702920161,1.514902450461416,5.099952418200021,1.3221999999999525,0.005,0.0012962866038528748,,HYP-FCR-03,severe,1019.9904836400043,1021.9934876600043,22.00000000000273,0.39073571428571896,0.5630404182586595,2,2,3.000000000002956,0.6610999999999763,10.0,2022,13
QQQ,2022-03-29,long,370.72,367.86,2022-03-29T14:50:00+00:00,2022-03-29T14:55:00+00:00,368.3989,0.08100000000001728,367.14,370.9167000000001,2,2,2022-03-29T15:00:00+00:00,368.47999999999996,2022-03-29T19:04:00+00:00,370.88670000000013,TAKE_PROFIT,4.8134000000003425,0.44362002,0.2221999999998161,4.3697799800003425,1.911748351735718,1.7355548415283997,5.252280602300023,2.5178000000000793,0.005,0.0023968635633228653,,HYP-FCR-03,severe,1050.4561204600045,1054.825900440005,8.100000000001728,1.0901428571428653,0.0743021884418971,1,1,3.0100000000004457,1.2589000000000397,5.0,2022,11
SPY,2022-03-29,long,461.75,458.68,2022-03-29T14:50:00+00:00,2022-03-29T14:55:00+00:00,459.19,0.009999999999990905,458.37,460.83,2,2,2022-03-29T15:00:00+00:00,459.21999999999997,2022-03-29T15:22:00+00:00,458.34000000000003,STOP_LOSS,-1.7599999999998772,0.5505359999999999,0.11999999999989086,-2.3105359999998774,-1.0731707317072512,-1.4088634146340833,5.109967438300022,1.6399999999999864,0.005,0.0016047068986271072,,HYP-FCR-03,severe,1021.9934876600043,1019.6829516600045,0.9999999999990905,0.8368642857142845,0.011949368817257694,1,1,7.999999999998408,0.8199999999999932,5.0,2022,11
QQQ,2022-03-30,short,370.3698,368.71,2022-03-30T14:50:00+00:00,2022-03-30T14:55:00+00:00,369.09,0.4399999999999977,370.3,366.6699999999999,2,2,2022-03-30T15:00:00+00:00,369.07000000000005,2022-03-30T19:09:00+00:00,366.6999999999999,TAKE_PROFIT,4.74000000000035,0.44146199999999997,0.09999999999979536,4.298538000000351,1.958677685950499,1.776255371900918,5.274129502200025,2.4200000000000728,0.005,0.0022942174618490177,,HYP-FCR-03,severe,1054.825900440005,1059.1244384400054,43.99999999999977,0.8275785714285705,0.5316715719698583,1,1,15.01999999999839,1.2100000000000364,5.0,2022,11
QQQ,2022-03-31,long,367.46,364.79,2022-03-31T14:05:00+00:00,2022-03-31T14:15:00+00:00,366.23,0.029999999999972715,364.82,369.05000000000007,2,2,2022-03-31T14:20:00+00:00,366.26,2022-03-31T16:35:00+00:00,364.79,STOP_LOSS,-2.939999999999941,0.4386299999999999,0.11999999999989086,-3.3786299999999407,-1.0425531914893222,-1.1980957446808087,5.295622192200027,2.82000000000005,0.005,0.0026625766507226054,,HYP-FCR-03,severe,1059.1244384400054,1055.7458084400055,2.9999999999972715,1.1124999999999943,0.026966292134807075,2,2,3.000000000002956,1.410000000000025,10.0,2022,10
SPY,2022-03-31,long,458.15,457.111,2022-03-31T14:30:00+00:00,2022-03-31T14:35:00+00:00,457.54,0.18000000000000682,456.83,458.9600000000001,2,2,2022-03-31T14:40:00+00:00,457.59,2022-03-31T16:26:00+00:00,456.8,STOP_LOSS,-1.5799999999999272,0.548634,0.15999999999985448,-2.128633999999927,-1.1126760563379199,-1.499038028168886,5.098414758300023,1.4200000000000728,0.005,0.0013925897237846013,,HYP-FCR-03,severe,1019.6829516600045,1017.5543176600046,18.000000000000682,0.6942142857142812,0.2592859347669628,1,1,9.100000000000819,0.7100000000000364,5.0,2022,10
QQQ,2022-04-01,long,363.61,360.59,2022-04-01T18:25:00+00:00,2022-04-01T18:30:00+00:00,361.49,0.05099999999998772,360.39,363.69000000000005,2,2,2022-04-01T18:35:00+00:00,361.52,2022-04-01T19:11:00+00:00,360.36,STOP_LOSS,-2.3199999999999363,0.43312799999999996,0.11999999999989086,-2.7531279999999363,-1.0545454545454038,-1.2514218181817633,5.278729042200028,2.2000000000000455,0.005,0.0020838349367929923,,HYP-FCR-03,severe,1055.7458084400055,1052.9926804400056,5.099999999998772,0.5447428571428645,0.09362215462076713,1,1,26.99999999999818,1.1000000000000227,5.0,2022,14
SPY,2022-04-01,long,453.46,451.66,2022-04-01T18:25:00+00:00,2022-04-01T18:30:00+00:00,452.5801,0.21000000000003638,451.44,454.86030000000005,2,2,2022-04-01T18:35:00+00:00,452.64,2022-04-01T19:12:00+00:00,451.41,STOP_LOSS,-2.4599999999999227,0.54243,0.1797999999998865,-3.0024299999999227,-1.0788527322164212,-1.3167397596701496,5.087771588300023,2.280200000000036,0.005,0.0022408631759763408,,HYP-FCR-03,severe,1017.5543176600046,1014.5518876600047,21.000000000003638,0.5361714285714315,0.39166577853571527,1,1,16.0000000000025,1.140100000000018,5.0,2022,14
SPY,2022-04-06,long,447.59,445.44,2022-04-06T15:45:00+00:00,2022-04-06T15:50:00+00:00,446.05,0.3399000000000001,445.05,448.05,2,2,2022-04-06T15:55:00+00:00,446.08,2022-04-06T16:16:00+00:00,445.02000000000004,STOP_LOSS,-2.119999999999891,0.5346599999999999,0.11999999999989086,-2.6546599999998906,-1.0599999999999454,-1.3273299999999453,5.072759438300023,2.0,0.005,0.0019713136650042263,,HYP-FCR-03,severe,1014.5518876600047,1011.8972276600048,33.99000000000001,0.5804571428571462,0.5855729474305933,1,1,7.999999999998408,1.0,5.0,2022,11
QQQ,2022-04-06,long,356.61,353.13,2022-04-06T17:35:00+00:00,2022-04-06T17:40:00+00:00,354.04,0.11000000000001364,352.76,356.6000000000001,2,2,2022-04-06T17:45:00+00:00,354.04999999999995,2022-04-06T18:09:00+00:00,352.73,STOP_LOSS,-2.6399999999998727,0.42406799999999994,0.07999999999981355,-3.064067999999873,-1.0312499999999265,-1.1969015624999226,5.264963402200029,2.560000000000059,0.005,0.0024311659972131357,,HYP-FCR-03,severe,1052.9926804400056,1049.9286124400057,11.000000000001364,0.5297571428571481,0.20764231588600918,1,1,36.000000000001364,1.2800000000000296,5.0,2022,13
SPY,2022-04-07,long,447.655,445.29,2022-04-07T17:10:00+00:00,2022-04-07T17:15:00+00:00,446.09,0.450999999999965,444.84000000000003,448.58999999999986,2,2,2022-04-07T17:20:00+00:00,446.13,2022-04-07T18:53:00+00:00,448.5599999999999,TAKE_PROFIT,4.859999999999786,0.5368139999999999,0.13999999999998636,4.323185999999787,1.9440000000000028,1.7292743999999933,5.059486138300024,2.4999999999998863,0.005,0.002470606630458998,,HYP-FCR-03,severe,1011.8972276600048,1016.2204136600045,45.0999999999965,0.6195071428571453,0.7279980629762698,1,1,25.0,1.2499999999999432,5.0,2022,13
QQQ,2022-04-07,long,355.0,352.09,2022-04-07T17:55:00+00:00,2022-04-07T18:00:00+00:00,353.13,1.0,351.39,356.61,2,2,2022-04-07T18:05:00+00:00,353.1699,2022-04-07T19:59:00+00:00,354.1,FORCED_SESSION_CLOSE,1.8602000000000771,0.42436194,0.13979999999992287,1.435838060000077,0.5345402298850769,0.4125971436781809,5.249643062200029,3.480000000000018,0.005,0.0033145110617688496,,HYP-FCR-03,severe,1049.9286124400057,1051.364450500006,100.0,0.8215428571428528,1.2172219517284617,1,1,43.99999999999977,1.740000000000009,5.0,2022,14
SPY,2022-04-08,long,448.2,445.97,2022-04-08T14:00:00+00:00,2022-04-08T14:05:00+00:00,447.39,0.15999999999996817,446.07,450.03,2,2,2022-04-08T14:10:00+00:00,447.40999999999997,2022-04-08T15:01:00+00:00,450.0,TAKE_PROFIT,5.180000000000064,0.538446,0.09999999999990905,4.641554000000063,1.9621212121212463,1.758164393939427,5.081102068300023,2.6399999999999864,0.005,0.002597861610053474,,HYP-FCR-03,severe,1016.2204136600045,1020.8619676600046,15.999999999996817,0.8093750000000028,0.19768339768335766,1,1,3.000000000002956,1.3199999999999932,5.0,2022,10
QQQ,2022-04-08,short,352.54,348.62,2022-04-08T15:10:00+00:00,2022-04-08T15:20:00+00:00,351.16,0.2785999999999831,352.3,348.88000000000005,2,2,2022-04-08T15:25:00+00:00,351.13000000000005,2022-04-08T16:00:00+00:00,352.33,STOP_LOSS,-2.3999999999998636,0.422076,0.11999999999989086,-2.8220759999998637,-1.0526315789473213,-1.2377526315789025,5.256822252500029,2.2799999999999727,0.005,0.002168610512668233,,HYP-FCR-03,severe,1051.364450500006,1048.542374500006,27.85999999999831,0.9479928571428624,0.29388407085645174,2,2,8.999999999997499,1.1399999999999864,10.0,2022,11
QQQ,2022-04-11,long,345.75,343.375,2022-04-11T17:00:00+00:00,2022-04-11T17:05:00+00:00,343.83,0.2899999999999636,342.66,346.1699999999999,3,3,2022-04-11T17:10:00+00:00,343.85499999999996,2022-04-11T18:03:00+00:00,342.63000000000005,STOP_LOSS,-3.674999999999727,0.6178364999999999,0.16499999999984993,-4.292836499999727,-1.047008547008506,-1.223030341880307,5.24271187250003,3.509999999999877,0.005,0.003347504197599653,,HYP-FCR-03,severe,1048.542374500006,1044.2495380000062,28.999999999996362,0.4813142857142907,0.6025169179626393,1,1,25.499999999999545,1.169999999999959,5.0,2022,13
QQQ,2022-04-12,short,347.33,343.685,2022-04-12T14:10:00+00:00,2022-04-12T14:20:00+00:00,345.94,0.18000000000000682,347.02,343.78000000000003,3,3,2022-04-12T14:25:00+00:00,345.93,2022-04-12T14:48:00+00:00,343.81,TAKE_PROFIT,6.360000000000014,0.620766,0.11999999999989086,5.739234000000014,1.962962962962996,1.7713685185185488,5.221247690000031,3.2399999999999523,0.005,0.0031027066635867,,HYP-FCR-03,severe,1044.2495380000062,1049.9887720000063,18.000000000000682,1.2360818181818187,0.14562142841383507,2,2,36.000000000001364,1.079999999999984,10.0,2022,10
SPY,2022-04-12,long,445.75,442.37,2022-04-12T15:10:00+00:00,2022-04-12T15:20:00+00:00,443.59,0.37000000000000455,442.375,446.0199999999999,2,2,2022-04-12T15:25:00+00:00,443.63,2022-04-12T16:24:00+00:00,442.345,STOP_LOSS,-2.5699999999999363,0.531585,0.13999999999998636,-3.101584999999936,-1.0576131687242754,-1.2763724279835391,5.104309838300023,2.42999999999995,0.005,0.0023803413948018243,,HYP-FCR-03,severe,1020.8619676600046,1017.7603826600047,37.000000000000455,0.6650071428571452,0.5563850012352225,2,2,5.000000000001137,1.214999999999975,10.0,2022,11
SPY,2022-04-18,short,439.46,436.73,2022-04-18T14:45:00+00:00,2022-04-18T14:55:00+00:00,438.57,0.2699999999999818,439.26,437.19,2,2,2022-04-18T15:00:00+00:00,438.55,2022-04-18T15:27:00+00:00,437.21999999999997,TAKE_PROFIT,2.660000000000082,0.525462,0.09999999999990905,2.1345380000000818,1.9275362318841236,1.546766666666731,5.088801913300023,1.3799999999999955,0.005,0.0013559183708774813,,HYP-FCR-03,severe,1017.7603826600047,1019.8949206600048,26.99999999999818,0.7782142857142966,0.34694814134921453,2,2,1.0000000000047748,0.6899999999999977,10.0,2022,11
QQQ,2022-04-18,short,339.35,336.8,2022-04-18T15:10:00+00:00,2022-04-18T15:15:00+00:00,338.5295,0.17000000000001592,339.805,335.97849999999994,3,3,2022-04-18T15:20:00+00:00,338.49,2022-04-18T16:26:00+00:00,336.0084999999999,TAKE_PROFIT,7.444500000000289,0.6070486499999999,0.20849999999984448,6.83745135000029,1.9455115640925544,1.7868682477460265,5.249943860000031,3.826500000000067,0.005,0.00364432468426438,,HYP-FCR-03,severe,1049.9887720000063,1056.8262233500066,17.00000000000159,0.8140357142857104,0.20883604615454165,1,1,19.999999999998863,1.2755000000000223,5.0,2022,11
QQQ,2022-04-20,long,347.56,342.56,2022-04-20T14:10:00+00:00,2022-04-20T14:15:00+00:00,343.34,0.08999999999997499,342.51,344.99999999999994,3,3,2022-04-20T14:20:00+00:00,343.38,2022-04-20T14:24:00+00:00,342.48,STOP_LOSS,-2.699999999999932,0.6172739999999999,0.20999999999997954,-3.317273999999932,-1.0843373493975839,-1.3322385542168658,5.284131116750033,2.4899999999999523,0.005,0.0023561111041576588,,HYP-FCR-03,severe,1056.8262233500066,1053.5089493500066,8.999999999997499,1.157550000000009,0.07775042114809234,1,1,8.499999999997954,0.8299999999999841,5.0,2022,10
SPY,2022-04-20,long,447.57,444.41,2022-04-20T14:05:00+00:00,2022-04-20T14:15:00+00:00,445.4,0.12000000000000455,444.75,446.69999999999993,2,2,2022-04-20T14:20:00+00:00,445.45,2022-04-20T14:40:00+00:00,446.66999999999996,TAKE_PROFIT,2.439999999999941,0.5352719999999999,0.15999999999996817,1.904727999999941,1.8769230769230971,1.4651753846153903,5.099474603300024,1.2999999999999545,0.005,0.001274641116124674,,HYP-FCR-03,severe,1019.8949206600048,1021.7996486600048,12.000000000000455,0.7976900000000114,0.15043437927014608,2,2,4.000000000002046,0.6499999999999773,10.0,2022,10
QQQ,2022-04-21,long,347.87,344.983,2022-04-21T14:25:00+00:00,2022-04-21T14:30:00+00:00,345.41,0.4199999999999591,344.15000000000003,347.93,3,3,2022-04-21T14:35:00+00:00,345.42999999999995,2022-04-21T14:41:00+00:00,344.12000000000006,STOP_LOSS,-3.9299999999996658,0.620595,0.14999999999969305,-4.5505949999996655,-1.0396825396824587,-1.2038611111110313,5.2675447467500325,3.7799999999999727,0.005,0.0035880093874211087,,HYP-FCR-03,severe,1053.5089493500066,1048.9583543500069,41.99999999999591,1.0872461538461597,0.38629706668926705,1,1,105.29999999999973,1.259999999999991,5.0,2022,10
SPY,2022-04-25,long,423.87,420.27,2022-04-25T14:05:00+00:00,2022-04-25T14:25:00+00:00,422.6599,0.8201000000000249,420.89,426.1997,2,2,2022-04-25T14:30:00+00:00,422.68949999999995,2022-04-25T14:58:00+00:00,420.86,STOP_LOSS,-3.658999999999878,0.5061296999999999,0.1191999999998643,-4.165129699999878,-1.0336742188823842,-1.1766567885190864,5.108998243300024,3.539800000000014,0.005,0.00346427991499325,,HYP-FCR-03,severe,1021.7996486600048,1017.6345189600049,82.01000000000249,1.458108333333333,0.562441062335349,4,4,27.99999999999727,1.769900000000007,20.0,2022,10
QQQ,2022-04-25,short,325.6,322.43,2022-04-25T14:50:00+00:00,2022-04-25T14:55:00+00:00,324.62,0.6399999999999864,327.01,319.84000000000003,2,2,2022-04-25T15:00:00+00:00,324.62,2022-04-25T18:21:00+00:00,327.03999999999996,STOP_LOSS,-4.839999999999918,0.39099599999999995,0.05999999999994543,-5.2309959999999185,-1.012552301255219,-1.0943506276150519,5.244791771750035,4.779999999999973,0.005,0.004556901596881725,,HYP-FCR-03,severe,1048.9583543500069,1043.7273583500069,63.999999999998636,1.4707428571428482,0.4351542466392039,1,1,142.1199999999999,2.3899999999999864,5.0,2022,11
QQQ,2022-04-27,long,322.88,316.94,2022-04-27T14:35:00+00:00,2022-04-27T14:40:00+00:00,318.18,0.8500000000000227,315.75,323.04,2,2,2022-04-27T14:45:00+00:00,318.17999999999995,2022-04-27T19:59:00+00:00,316.70000000000005,FORCED_SESSION_CLOSE,-2.959999999999809,0.380928,0.06000000000005912,-3.340927999999809,-0.6090534979423459,-0.6874337448559258,5.2186367917500345,4.860000000000014,0.005,0.004656388434315857,,HYP-FCR-03,severe,1043.7273583500069,1040.386430350007,85.00000000000227,1.6238500000000005,0.5234473627490362,1,1,87.00000000000045,2.430000000000007,5.0,2022,10
SPY,2022-04-27,long,422.02,417.15,2022-04-27T14:35:00+00:00,2022-04-27T14:40:00+00:00,418.05,1.2700000000000387,415.92,422.31,2,2,2022-04-27T14:45:00+00:00,418.08,2022-04-27T16:30:00+00:00,422.28000000000003,TAKE_PROFIT,8.400000000000091,0.504216,0.11999999999989086,7.895784000000091,1.9718309859155185,1.8534704225352368,5.0881725948000245,4.259999999999991,0.005,0.004186178751437792,,HYP-FCR-03,severe,1017.6345189600049,1025.530302960005,127.00000000000387,1.6978142857142748,0.7480205642549099,1,1,133.9999999999975,2.1299999999999955,5.0,2022,10
QQQ,2022-04-28,long,323.505,319.03,2022-04-28T14:15:00+00:00,2022-04-28T14:20:00+00:00,319.99,0.12319999999999709,319.23,321.51,3,3,2022-04-28T14:25:00+00:00,319.97999999999996,2022-04-28T14:26:00+00:00,319.20000000000005,STOP_LOSS,-2.3399999999997476,0.5752619999999999,0.12000000000006139,-2.9152619999997476,-1.0263157894735857,-1.2786236842104308,5.201932151750035,2.2799999999999727,0.005,0.0021914934042660808,,HYP-FCR-03,severe,1040.386430350007,1037.4711683500072,12.319999999999709,1.5939818181818168,0.07729071849798498,1,1,53.99999999999636,0.7599999999999909,5.0,2022,10
SPY,2022-04-28,long,423.08,419.56,2022-04-28T15:05:00+00:00,2022-04-28T15:10:00+00:00,420.84,0.4199999999999591,419.3,423.9199999999999,2,2,2022-04-28T15:15:00+00:00,420.84999999999997,2022-04-28T16:35:00+00:00,423.88999999999993,TAKE_PROFIT,6.079999999999927,0.5068439999999999,0.07999999999992724,5.573155999999927,1.974025974025997,1.8094662337662528,5.127651514800025,3.0799999999999272,0.005,0.0030033242227070936,,HYP-FCR-03,severe,1025.530302960005,1031.103458960005,41.99999999999591,1.0293999999999974,0.4080046629103945,1,1,5.000000000001137,1.5399999999999636,5.0,2022,11
QQQ,2022-05-02,short,316.1135,310.4414,2022-05-02T14:40:00+00:00,2022-05-02T14:45:00+00:00,315.35,0.160000000000025,317.115,311.82000000000005,2,2,2022-05-02T14:50:00+00:00,315.35,2022-05-02T17:03:00+00:00,311.85,TAKE_PROFIT,7.0,0.37632,0.05999999999994543,6.62368,1.983002832861205,1.8763966005665869,5.187355841750036,3.5299999999999727,0.005,0.003402504192587906,,HYP-FCR-03,severe,1037.4711683500072,1044.0948483500072,16.0000000000025,1.9237714285714236,0.08316996376167186,1,1,137.65000000000214,1.7649999999999864,5.0,2022,10
SPY,2022-05-02,short,413.37,409.25,2022-05-02T14:55:00+00:00,2022-05-02T15:00:00+00:00,410.89,0.44999999999998863,413.89,404.89,1,1,2022-05-02T15:05:00+00:00,410.88000000000005,2022-05-02T19:35:00+00:00,413.91999999999996,STOP_LOSS,-3.0399999999999068,0.24743999999999997,0.03999999999990678,-3.287439999999907,-1.0133333333333023,-1.0958133333333022,5.155517294800025,3.0,0.005,0.0029095043508300033,,HYP-FCR-03,severe,1031.103458960005,1027.816018960005,44.99999999999886,1.6250357142857135,0.2769169908353594,1,1,56.00000000000023,3.0,5.0,2022,11
QQQ,2022-05-03,short,319.48,315.98,2022-05-03T14:05:00+00:00,2022-05-03T14:10:00+00:00,318.64,0.5300000000000296,320.13,315.65999999999997,3,3,2022-05-03T14:15:00+00:00,318.63000000000005,2022-05-03T15:24:00+00:00,320.15999999999997,STOP_LOSS,-4.589999999999748,0.574911,0.11999999999972033,-5.164910999999748,-1.02684563758383,-1.1554610738254398,5.220474241750036,4.470000000000027,0.005,0.004281220242647505,,HYP-FCR-03,severe,1044.0948483500072,1038.9299373500073,53.000000000002956,1.6300222222222247,0.3251489413914097,1,1,82.99999999999841,1.490000000000009,5.0,2022,10
SPY,2022-05-03,short,415.7117,413.36,2022-05-03T14:05:00+00:00,2022-05-03T14:10:00+00:00,415.07,0.11000000000001364,416.01,413.19,2,2,2022-05-03T14:15:00+00:00,415.04,2022-05-03T14:29:00+00:00,416.03999999999996,STOP_LOSS,-1.9999999999998863,0.4986479999999999,0.11999999999989086,-2.498647999999886,-1.0638297872339846,-1.3290680851063257,5.1390800948000255,1.8799999999999955,0.005,0.0018291211319145153,,HYP-FCR-03,severe,1027.816018960005,1025.3173709600053,11.000000000001364,1.4685111111111142,0.07490580028147335,1,1,52.33000000000061,0.9399999999999977,5.0,2022,10
QQQ,2022-05-04,long,319.47,317.11,2022-05-04T16:20:00+00:00,2022-05-04T16:25:00+00:00,318.15,0.6899999999999977,316.08,322.28999999999996,2,2,2022-05-04T16:30:00+00:00,318.16999999999996,2022-05-04T18:01:00+00:00,322.26,TAKE_PROFIT,8.180000000000064,0.38425799999999993,0.09999999999990905,7.795742000000064,1.9758454106280412,1.8830294685990554,5.1946496867500365,4.139999999999986,0.005,0.003984869288260054,,HYP-FCR-03,severe,1038.9299373500073,1046.7256793500073,68.99999999999977,0.7209000000000044,0.957136912193083,1,1,65.98999999999933,2.069999999999993,5.0,2022,12
SPY,2022-05-04,long,417.42,416.02,2022-05-04T16:20:00+00:00,2022-05-04T16:25:00+00:00,416.98,0.5100000000000477,415.385,420.1700000000001,2,2,2022-05-04T16:30:00+00:00,417.01,2022-05-04T18:33:00+00:00,415.355,STOP_LOSS,-3.3099999999999454,0.49941899999999995,0.11999999999989086,-3.8094189999999455,-1.0376175548588993,-1.1941752351096804,5.126586854800027,3.1900000000000546,0.005,0.0031112317906145056,,HYP-FCR-03,severe,1025.3173709600053,1021.5079519600054,51.000000000004775,0.6535285714285725,0.7803790412486783,1,1,12.999999999999545,1.5950000000000273,5.0,2022,12
QQQ,2022-05-06,short,311.73,305.105,2022-05-06T14:25:00+00:00,2022-05-06T14:35:00+00:00,308.87,0.2400000000000091,310.95,304.71000000000004,2,2,2022-05-06T14:40:00+00:00,308.81,2022-05-06T14:45:00+00:00,310.97999999999996,STOP_LOSS,-4.339999999999918,0.3718739999999999,0.17999999999994998,-4.711873999999918,-1.043269230769219,-1.1326620192307582,5.233628396750037,4.159999999999968,0.005,0.0039742982159215135,,HYP-FCR-03,severe,1046.7256793500073,1042.0138053500075,24.00000000000091,2.1464285714285682,0.11181364392679309,2,2,44.99999999999886,2.079999999999984,10.0,2022,10
SPY,2022-05-06,short,411.77,405.73,2022-05-06T15:35:00+00:00,2022-05-06T15:40:00+00:00,410.78,0.5500000000000114,413.76,404.81999999999994,1,1,2022-05-06T15:45:00+00:00,410.76000000000005,2022-05-06T16:56:00+00:00,413.78999999999996,STOP_LOSS,-3.029999999999916,0.24736499999999997,0.04999999999989768,-3.2773649999999157,-1.0167785234898985,-1.0997869127516429,5.1075397598000265,2.980000000000018,0.005,0.002917255802348069,,HYP-FCR-03,severe,1021.5079519600054,1018.2305869600054,55.00000000000114,1.6839357142857116,0.3266157937824302,1,1,18.999999999999773,2.980000000000018,5.0,2022,11
SPY,2022-05-09,long,406.41,403.27,2022-05-09T16:10:00+00:00,2022-05-09T16:15:00+00:00,403.55,0.12000000000000455,400.89,408.87000000000006,1,1,2022-05-09T16:20:00+00:00,403.58,2022-05-09T16:52:00+00:00,400.86,STOP_LOSS,-2.7199999999999704,0.241332,0.05999999999994543,-2.9613319999999703,-1.022556390977423,-1.1132827067668956,5.091152934800028,2.660000000000025,0.005,0.002612374872710935,,HYP-FCR-03,severe,1018.2305869600054,1015.2692549600055,12.000000000000455,1.120907142857143,0.10705614712573766,1,1,84.99999999999659,2.660000000000025,5.0,2022,12
QQQ,2022-05-10,long,305.76,300.62,2022-05-10T17:25:00+00:00,2022-05-10T17:30:00+00:00,301.93,1.378599999999949,299.08,307.63000000000005,1,1,2022-05-10T17:35:00+00:00,301.969,2022-05-10T19:59:00+00:00,300.79,FORCED_SESSION_CLOSE,-1.1789999999999736,0.18082769999999998,0.06899999999995998,-1.3598276999999737,-0.4136842105263032,-0.4771325263157764,5.210069026750038,2.8500000000000227,0.005,0.0027350885231724174,,HYP-FCR-03,severe,1042.0138053500075,1040.6539776500076,137.8599999999949,1.232921428571432,1.1181572223927623,1,1,145.99999999999795,2.8500000000000227,5.0,2022,13
SPY,2022-05-11,short,403.17,395.22,2022-05-11T14:45:00+00:00,2022-05-11T14:50:00+00:00,401.461,0.060000000000002274,403.78,396.8230000000001,2,2,2022-05-11T14:55:00+00:00,401.45000000000005,2022-05-11T15:38:00+00:00,403.80999999999995,STOP_LOSS,-4.7199999999998,0.483156,0.08199999999987995,-5.2031559999998,-1.0176800344976027,-1.121853385079752,5.076346274800027,4.63799999999992,0.005,0.0045682462827879335,,HYP-FCR-03,severe,1015.2692549600055,1010.0660989600057,6.000000000000227,1.886571428571423,0.031803725579283446,1,1,87.00000000000045,2.31899999999996,5.0,2022,10
SPY,2022-05-12,short,391.28,386.92,2022-05-12T15:45:00+00:00,2022-05-12T15:50:00+00:00,389.63,0.9899999999999523,392.73,383.42999999999995,1,1,2022-05-12T15:55:00+00:00,389.59000000000003,2022-05-12T19:59:00+00:00,392.44,FORCED_SESSION_CLOSE,-2.849999999999966,0.23460899999999998,0.06999999999993634,-3.0846089999999657,-0.9193548387096597,-0.9950351612903042,5.050330494800028,3.1000000000000227,0.005,0.003069106074534999,,HYP-FCR-03,severe,1010.0660989600057,1006.9814899600057,98.99999999999523,1.408064285714289,0.7030928985587761,1,1,27.000000000003865,3.1000000000000227,5.0,2022,11
QQQ,2022-05-12,short,290.25,285.04,2022-05-12T15:50:00+00:00,2022-05-12T15:55:00+00:00,288.78,0.6100000000000136,291.65999999999997,283.02,1,1,2022-05-12T16:00:00+00:00,288.75,2022-05-12T16:33:00+00:00,291.68999999999994,STOP_LOSS,-2.939999999999941,0.17413199999999995,0.05999999999994543,-3.114131999999941,-1.0208333333333144,-1.0812958333333145,5.2032698882500386,2.8799999999999955,0.005,0.0027674905029465963,,HYP-FCR-03,severe,1040.6539776500076,1037.5398456500077,61.000000000001364,1.4826928571428613,0.411413595918631,1,1,47.00000000000273,2.8799999999999955,5.0,2022,12
QQQ,2022-05-13,short,299.29,294.0825,2022-05-13T18:00:00+00:00,2022-05-13T18:05:00+00:00,298.75,0.7450000000000045,300.37,295.51,3,3,2022-05-13T18:10:00+00:00,298.69000000000005,2022-05-13T18:52:00+00:00,300.4,STOP_LOSS,-5.129999999999768,0.5391809999999999,0.26999999999975444,-5.669180999999768,-1.055555555555505,-1.1664981481480972,5.187699228250039,4.860000000000014,0.005,0.004684157452242497,,HYP-FCR-03,severe,1037.5398456500077,1031.870664650008,74.50000000000045,0.7661571428571351,0.9723853741306492,1,1,60.99999999999568,1.6200000000000045,5.0,2022,14
SPY,2022-05-13,short,399.07,395.61,2022-05-13T18:00:00+00:00,2022-05-13T18:05:00+00:00,398.33,0.6399999999999864,400.015,394.96,2,2,2022-05-13T18:10:00+00:00,398.3,2022-05-13T18:52:00+00:00,400.04499999999996,STOP_LOSS,-3.4899999999998954,0.47900699999999996,0.11999999999989086,-3.9690069999998956,-1.0356083086053087,-1.1777468842729644,5.034907449800029,3.3700000000000045,0.005,0.003346635497871814,,HYP-FCR-03,severe,1006.9814899600057,1003.0124829600057,63.999999999998636,0.8196428571428669,0.7808278867102137,1,1,28.000000000002956,1.6850000000000023,5.0,2022,14
QQQ,2022-05-16,long,301.23,297.821,2022-05-16T14:00:00+00:00,2022-05-16T14:10:00+00:00,299.82,0.7799999999999727,298.44,302.58,3,3,2022-05-16T14:15:00+00:00,299.83,2022-05-16T14:51:00+00:00,298.41,STOP_LOSS,-4.259999999999877,0.538416,0.11999999999989086,-4.798415999999877,-1.0289855072463505,-1.1590376811593943,5.1593533232500395,4.139999999999986,0.005,0.004012130727065684,,HYP-FCR-03,severe,1031.870664650008,1027.072248650008,77.99999999999727,1.7210000000000036,0.45322486926204014,2,2,34.10000000000082,1.3799999999999955,10.0,2022,10
SPY,2022-05-16,short,401.29,397.6,2022-05-16T14:30:00+00:00,2022-05-16T14:50:00+00:00,398.87,0.23099999999999454,400.43,395.75,2,2,2022-05-16T14:55:00+00:00,398.89000000000004,2022-05-16T15:44:00+00:00,400.46,STOP_LOSS,-3.1399999999998727,0.47961,0.10000000000002274,-3.6196099999998728,-1.0064102564102142,-1.1601314102563678,5.0150624148000285,3.1200000000000045,0.005,0.0031106292822922045,,HYP-FCR-03,severe,1003.0124829600057,999.3928729600059,23.099999999999454,1.2937785714285692,0.17854678157555826,4,4,45.999999999997954,1.5600000000000023,20.0,2022,10
QQQ,2022-05-17,long,305.54,303.02,2022-05-17T15:25:00+00:00,2022-05-17T15:30:00+00:00,304.09,0.37999999999999545,302.32,307.62999999999994,2,2,2022-05-17T15:35:00+00:00,304.125,2022-05-17T18:20:00+00:00,302.29,STOP_LOSS,-3.669999999999959,0.3638489999999999,0.12999999999999545,-4.033848999999959,-1.036723163841807,-1.1395053672316386,5.13536124325004,3.5399999999999636,0.005,0.0034466903420406576,,HYP-FCR-03,severe,1027.072248650008,1023.0383996500082,37.999999999999545,0.7730214285714193,0.4915775759311791,1,1,40.99999999999682,1.7699999999999818,5.0,2022,11
SPY,2022-05-17,long,406.63,404.4,2022-05-17T15:20:00+00:00,2022-05-17T15:30:00+00:00,405.87,0.3405999999999949,404.46000000000004,408.68999999999994,2,2,2022-05-17T15:35:00+00:00,405.9,2022-05-17T18:20:00+00:00,404.43000000000006,STOP_LOSS,-2.939999999999827,0.48619799999999996,0.11999999999989086,-3.426197999999827,-1.042553191489324,-1.2149638297872,4.9969643648000295,2.8199999999999363,0.005,0.0028217131383453326,,HYP-FCR-03,severe,999.3928729600059,995.9666749600061,34.05999999999949,0.7460285714285776,0.45655087893989976,2,2,6.000000000000227,1.4099999999999682,10.0,2022,11
QQQ,2022-05-19,short,292.06,287.58,2022-05-19T16:35:00+00:00,2022-05-19T16:40:00+00:00,290.54,0.6499999999999773,292.989,285.6420000000001,2,2,2022-05-19T16:45:00+00:00,290.48,2022-05-19T18:50:00+00:00,293.01899999999995,STOP_LOSS,-5.077999999999861,0.3500994,0.17999999999994998,-5.428099399999861,-1.0367496937525424,-1.1082277256022786,5.115191998250041,4.897999999999911,0.005,0.004787699075299193,,HYP-FCR-03,severe,1023.0383996500082,1017.6103002500083,64.99999999999773,0.9488071428571426,0.6850707279064452,1,1,48.00000000000182,2.4489999999999554,5.0,2022,12
SPY,2022-05-19,short,391.79,387.11,2022-05-19T16:30:00+00:00,2022-05-19T16:40:00+00:00,389.35,0.5913999999999646,391.71999999999997,384.6100000000001,2,2,2022-05-19T16:45:00+00:00,389.27000000000004,2022-05-19T17:56:00+00:00,391.74999999999994,STOP_LOSS,-4.959999999999809,0.468612,0.2199999999999136,-5.428611999999809,-1.0464135021096874,-1.1452767932489303,4.97983337480003,4.739999999999895,0.005,0.004759195381903952,,HYP-FCR-03,severe,995.9666749600061,990.5380629600063,59.13999999999646,1.0552214285714285,0.5604510901570764,2,2,12.999999999999545,2.3699999999999477,10.0,2022,12
SPY,2022-05-23,long,394.44,391.1,2022-05-23T14:10:00+00:00,2022-05-23T14:15:00+00:00,392.995,0.19999999999998863,391.1,396.78499999999997,2,2,2022-05-23T14:20:00+00:00,393.01,2022-05-23T15:34:00+00:00,396.755,TAKE_PROFIT,7.490000000000009,0.473859,0.08999999999991815,7.016141000000009,1.9762532981530556,1.8512245382585955,4.952690314800032,3.7899999999999636,0.005,0.003826203294676408,,HYP-FCR-03,severe,990.5380629600063,997.5542039600064,19.999999999998863,1.576890000000003,0.12683192866971588,1,1,2.0000000000038654,1.8949999999999818,5.0,2022,10
QQQ,2022-05-23,long,292.005,288.1306,2022-05-23T14:25:00+00:00,2022-05-23T15:05:00+00:00,290.8,0.8700000000000045,289.42,293.56,3,3,2022-05-23T15:10:00+00:00,290.88,2022-05-23T16:07:00+00:00,293.53000000000003,TAKE_PROFIT,7.950000000000102,0.5259689999999999,0.3299999999998704,7.424031000000102,1.9202898550724947,1.7932442028985813,5.088051501250042,4.139999999999986,0.005,0.004068355046114277,,HYP-FCR-03,severe,1017.6103002500083,1025.0343312500083,87.00000000000045,1.4575714285714167,0.5968832696265883,8,8,22.059999999999036,1.3799999999999955,40.0,2022,11
QQQ,2022-05-24,long,288.86,284.67,2022-05-24T15:45:00+00:00,2022-05-24T15:50:00+00:00,285.56,0.8199999999999932,283.94,288.8,3,3,2022-05-24T15:55:00+00:00,285.60999999999996,2022-05-24T17:04:00+00:00,283.91,STOP_LOSS,-5.099999999999795,0.5125679999999999,0.23999999999978172,-5.612567999999795,-1.0493827160493376,-1.154849382716004,5.125171656250042,4.860000000000014,0.005,0.0047413046098400856,,HYP-FCR-03,severe,1025.0343312500083,1019.4217632500086,81.99999999999932,0.9585428571428614,0.8554651405406908,1,1,22.00000000000273,1.6200000000000045,5.0,2022,11
SPY,2022-05-24,long,393.6,390.66,2022-05-24T16:05:00+00:00,2022-05-24T16:10:00+00:00,391.679,0.25,390.24,394.5569999999999,2,2,2022-05-24T16:15:00+00:00,391.71999999999997,2022-05-24T16:32:00+00:00,390.21000000000004,STOP_LOSS,-3.019999999999868,0.469158,0.14199999999993906,-3.4891579999998683,-1.0493398193189516,-1.2123551077136743,4.987771019800032,2.877999999999929,0.005,0.0028850562591737753,,HYP-FCR-03,severe,997.5542039600064,994.0650459600065,25.0,0.9692571428571414,0.25792948944699956,1,1,64.00000000000432,1.4389999999999645,5.0,2022,12
QQQ,2022-05-25,short,289.09,285.5,2022-05-25T15:30:00+00:00,2022-05-25T15:35:00+00:00,288.55,0.45050000000003365,289.76,286.13000000000005,3,3,2022-05-25T15:40:00+00:00,288.56,2022-05-25T18:00:00+00:00,289.78999999999996,STOP_LOSS,-3.689999999999884,0.520515,0.11999999999989086,-4.210514999999884,-1.01652892561982,-1.1599214876032933,5.097108816250043,3.6299999999999386,0.005,0.0035608421664720703,,HYP-FCR-03,severe,1019.4217632500086,1015.2112482500087,45.050000000003365,0.8652714285714264,0.5206458749525738,1,1,41.0000000000025,1.2099999999999795,5.0,2022,11
SPY,2022-05-25,short,395.36,391.89,2022-05-25T15:30:00+00:00,2022-05-25T15:35:00+00:00,394.58,0.45999999999997954,396.2,391.34,2,2,2022-05-25T15:40:00+00:00,394.55,2022-05-25T18:02:00+00:00,396.22999999999996,STOP_LOSS,-3.3599999999999,0.47446799999999995,0.11999999999989086,-3.8344679999999,-1.0370370370370032,-1.1834777777777434,4.970325229800032,3.240000000000009,0.005,0.003259344057179898,,HYP-FCR-03,severe,994.0650459600065,990.2305779600066,45.999999999997954,0.8439571428571517,0.545051373630994,1,1,56.00000000000023,1.6200000000000045,5.0,2022,11
SPY,2022-05-27,short,411.55,407.7,2022-05-27T14:55:00+00:00,2022-05-27T15:00:00+00:00,410.82,0.18500000000000227,411.56,409.34,2,2,2022-05-27T15:05:00+00:00,410.79,2022-05-27T15:11:00+00:00,411.59,STOP_LOSS,-1.599999999999909,0.493428,0.11999999999989086,-2.093427999999909,-1.0810810810810063,-1.4144783783782995,4.951152889800033,1.4800000000000182,0.005,0.0014946013917778577,,HYP-FCR-03,severe,990.2305779600066,988.1371499600067,18.500000000000227,0.5843571428571457,0.3165872142769856,1,1,6.999999999999318,0.7400000000000091,5.0,2022,11
SPY,2022-05-31,long,413.93,410.22,2022-05-31T14:10:00+00:00,2022-05-31T14:15:00+00:00,411.862,0.11000000000001364,410.05,415.48600000000005,2,2,2022-05-31T14:20:00+00:00,411.895,2022-05-31T16:03:00+00:00,415.4560000000001,TAKE_PROFIT,7.122000000000185,0.49641060000000004,0.12599999999986267,6.625589400000185,1.9652317880795083,1.8282531456954032,4.940685749800034,3.6240000000000236,0.005,0.00366750708658884,,HYP-FCR-03,severe,988.1371499600067,994.7627393600069,11.000000000001364,1.1478199999999958,0.09583384154311132,1,1,19.000000000005457,1.8120000000000118,5.0,2022,10
QQQ,2022-05-31,long,309.35,305.28,2022-05-31T14:10:00+00:00,2022-05-31T14:20:00+00:00,306.63,0.4399999999999977,304.34000000000003,311.2099999999999,2,2,2022-05-31T14:25:00+00:00,306.66999999999996,2022-05-31T18:01:00+00:00,311.17999999999995,TAKE_PROFIT,9.019999999999982,0.37070999999999993,0.13999999999987267,8.649289999999981,1.9694323144105077,1.8884912663755717,5.076056241250043,4.579999999999927,0.005,0.004511376334624736,,HYP-FCR-03,severe,1015.2112482500087,1023.8605382500086,43.99999999999977,1.2412727272727322,0.35447487915628795,2,2,94.99999999999886,2.2899999999999636,10.0,2022,10
QQQ,2022-06-02,short,306.54,303.4001,2022-06-02T14:20:00+00:00,2022-06-02T14:25:00+00:00,305.4784,0.7400000000000091,307.71,301.0152000000001,2,2,2022-06-02T14:30:00+00:00,305.45000000000005,2022-06-02T15:01:00+00:00,307.73999999999995,STOP_LOSS,-4.5799999999998136,0.367914,0.11679999999989832,-4.947913999999813,-1.026169564438049,-1.108602348091035,5.119302691250043,4.463199999999915,0.005,0.004359187441317404,,HYP-FCR-03,severe,1023.8605382500086,1018.9126242500088,74.00000000000091,1.4258166666666672,0.5190008065553137,1,1,21.999999999997044,2.2315999999999576,5.0,2022,10
SPY,2022-06-02,short,409.68,407.32,2022-06-02T14:15:00+00:00,2022-06-02T14:25:00+00:00,407.9663,0.8199999999999932,410.3,403.29889999999995,2,2,2022-06-02T14:30:00+00:00,407.93,2022-06-02T15:02:00+00:00,410.33,STOP_LOSS,-4.7999999999999545,0.49095599999999995,0.13259999999991123,-5.290955999999954,-1.0284098213137742,-1.1335981488623013,4.973813696800034,4.667400000000043,0.005,0.004691973085967085,,HYP-FCR-03,severe,994.7627393600069,989.471783360007,81.99999999999932,1.4296749999999985,0.5735569272736769,2,2,67.00000000000159,2.3337000000000216,10.0,2022,10
SPY,2022-06-03,long,413.98,411.36,2022-06-03T16:50:00+00:00,2022-06-03T17:00:00+00:00,413.09,0.27010000000001355,411.58,416.10999999999996,2,2,2022-06-03T17:05:00+00:00,413.13,2022-06-03T17:18:00+00:00,411.55,STOP_LOSS,-3.159999999999968,0.49480799999999997,0.13999999999998636,-3.654807999999968,-1.0463576158940355,-1.210201324503308,4.9473589168000345,3.019999999999982,0.005,0.0030521335229437186,,HYP-FCR-03,severe,989.471783360007,985.816975360007,27.010000000001355,0.8097714285714233,0.333550913838139,2,2,30.000000000001137,1.509999999999991,10.0,2022,13
QQQ,2022-06-03,long,310.14,307.5,2022-06-03T17:00:00+00:00,2022-06-03T17:05:00+00:00,307.91,0.05000000000001137,307.1,309.53000000000003,3,3,2022-06-03T17:10:00+00:00,307.92999999999995,2022-06-03T17:15:00+00:00,307.07000000000005,STOP_LOSS,-2.5799999999997,0.5535,0.14999999999969305,-3.1334999999997,-1.0617283950616019,-1.289506172839379,5.094563121250044,2.430000000000007,0.005,0.002384895369991767,,HYP-FCR-03,severe,1018.9126242500088,1015.7791242500091,5.000000000001137,0.7482714285714239,0.06682067240689622,1,1,19.999999999998863,0.8100000000000023,5.0,2022,13
QQQ,2022-06-06,short,311.79,309.04,2022-06-06T15:00:00+00:00,2022-06-06T15:10:00+00:00,309.49,0.9499999999999886,311.63,305.21000000000004,2,2,2022-06-06T15:15:00+00:00,309.47,2022-06-06T19:59:00+00:00,307.28,FORCED_SESSION_CLOSE,4.380000000000109,0.37005,0.09999999999990905,4.009950000000109,1.0233644859813404,0.9369042056075081,5.078895621250045,4.279999999999973,0.005,0.0042135144322443824,,HYP-FCR-03,severe,1015.7791242500091,1019.7890742500092,94.99999999999886,0.769364285714285,1.2347856764861391,2,2,13.839999999999009,2.1399999999999864,10.0,2022,11
SPY,2022-06-06,short,415.495,413.66,2022-06-06T15:05:00+00:00,2022-06-06T15:10:00+00:00,414.43,0.5099999999999909,416.09999999999997,411.0900000000001,2,2,2022-06-06T15:15:00+00:00,414.40000000000003,2022-06-06T16:30:00+00:00,411.12000000000006,TAKE_PROFIT,6.559999999999945,0.49531200000000003,0.11999999999989086,6.064687999999945,1.9640718562874568,1.8157748502994293,4.929084876800035,3.339999999999918,0.005,0.0033880528368667984,,HYP-FCR-03,severe,985.816975360007,991.8816633600069,50.99999999999909,0.6852714285714318,0.7442306489607704,1,1,67.50000000000114,1.669999999999959,5.0,2022,11
QQQ,2022-06-08,long,311.72,307.95,2022-06-08T19:20:00+00:00,2022-06-08T19:25:00+00:00,308.14,0.12999999999999545,307.73,308.9599999999999,3,3,2022-06-08T19:30:00+00:00,308.19,2022-06-08T19:46:00+00:00,307.70000000000005,STOP_LOSS,-1.4699999999998568,0.5543009999999999,0.23999999999995225,-2.0243009999998565,-1.1951219512194886,-1.6457731707317185,5.098945371250046,1.2299999999999045,0.005,0.0012061317688704326,,HYP-FCR-03,severe,1019.7890742500092,1017.7647732500094,12.999999999999545,0.5581785714285681,0.23290037750335238,1,1,30.62999999999647,0.40999999999996817,5.0,2022,15
SPY,2022-06-09,short,411.69,408.42,2022-06-09T14:00:00+00:00,2022-06-09T14:05:00+00:00,409.81,0.061399999999991905,411.65999999999997,406.11000000000007,2,2,2022-06-09T14:10:00+00:00,409.8,2022-06-09T19:03:00+00:00,406.14000000000004,TAKE_PROFIT,7.319999999999936,0.489564,0.07999999999992724,6.830435999999937,1.9783783783783977,1.8460637837838008,4.959408316800035,3.699999999999932,0.005,0.0037302836988297103,,HYP-FCR-03,severe,991.8816633600069,998.7120993600068,6.1399999999991905,1.4157375000000059,0.04336962184020106,1,1,5.000000000001137,1.849999999999966,5.0,2022,10
QQQ,2022-06-09,short,308.62,305.01,2022-06-09T14:40:00+00:00,2022-06-09T14:45:00+00:00,307.5199,0.18009999999998172,308.76,305.03970000000004,3,3,2022-06-09T14:50:00+00:00,307.45000000000005,2022-06-09T17:44:00+00:00,305.0697,TAKE_PROFIT,7.1409000000001015,0.55126773,0.29969999999980246,6.589632270000101,1.9194419804854967,1.7712636803484092,5.088823866250047,3.720299999999952,0.005,0.00365536329983203,,HYP-FCR-03,severe,1017.7647732500094,1024.3544055200095,18.009999999998172,1.0339857142857178,0.17418035618064187,1,1,20.49999999999841,1.240099999999984,5.0,2022,10
QQQ,2022-06-13,long,282.34,279.64,2022-06-13T16:30:00+00:00,2022-06-13T16:35:00+00:00,281.0119,0.6600999999999999,278.7521,285.5315000000001,2,2,2022-06-13T16:40:00+00:00,281.05989999999997,2022-06-13T16:56:00+00:00,278.7221,STOP_LOSS,-4.675599999999918,0.3358691999999999,0.15599999999983538,-5.011469199999918,-1.0345163288786248,-1.1088302504646046,5.121772027600048,4.519600000000082,0.005,0.004412144835464172,,HYP-FCR-03,severe,1024.3544055200095,1019.3429363200096,66.00999999999999,0.9684857142857278,0.6815794908103866,1,1,77.99999999999727,2.259800000000041,5.0,2022,12
SPY,2022-06-13,long,381.81,379.18,2022-06-13T16:30:00+00:00,2022-06-13T16:35:00+00:00,381.017,0.535000000000025,378.91,385.23099999999994,2,2,2022-06-13T16:40:00+00:00,381.03999999999996,2022-06-13T16:54:00+00:00,378.88000000000005,STOP_LOSS,-4.319999999999823,0.455952,0.10599999999988086,-4.775951999999823,-1.025154247745582,-1.1333535832937562,4.993560496800034,4.213999999999942,0.005,0.004219434212022014,,HYP-FCR-03,severe,998.7120993600068,993.936147360007,53.5000000000025,1.2072000000000125,0.44317428760770333,1,1,55.00000000000114,2.106999999999971,5.0,2022,12
SPY,2022-06-14,short,377.63,374.5,2022-06-14T14:00:00+00:00,2022-06-14T14:10:00+00:00,375.38,0.3826999999999998,377.45,371.24,2,2,2022-06-14T14:15:00+00:00,375.34000000000003,2022-06-14T19:13:00+00:00,371.27,TAKE_PROFIT,8.1400000000001,0.447966,0.13999999999987267,7.6920340000001,1.9661835748792578,1.8579792270531703,4.9696807368000355,4.139999999999986,0.005,0.004165257507734513,,HYP-FCR-03,severe,993.936147360007,1001.6281813600071,38.26999999999998,1.3739333333333295,0.2785433548449713,2,2,31.000000000000227,2.069999999999993,10.0,2022,10
QQQ,2022-06-14,long,278.37,274.76,2022-06-14T14:45:00+00:00,2022-06-14T14:50:00+00:00,276.12,0.6100000000000136,274.65000000000003,279.05999999999995,3,3,2022-06-14T14:55:00+00:00,276.155,2022-06-14T15:15:00+00:00,274.62000000000006,STOP_LOSS,-4.604999999999734,0.49569749999999996,0.19499999999982265,-5.100697499999734,-1.0442176870747906,-1.1566207482992827,5.096714681600048,4.409999999999911,0.005,0.004326316338562872,,HYP-FCR-03,severe,1019.3429363200096,1014.2422388200099,61.000000000001364,1.2157142857142884,0.5017626321974249,1,1,21.999999999997044,1.4699999999999704,5.0,2022,10
QQQ,2022-06-15,short,280.91,278.76,2022-06-15T14:15:00+00:00,2022-06-15T14:20:00+00:00,280.51,0.01999999999998181,281.11,279.30999999999995,3,3,2022-06-15T14:25:00+00:00,280.46000000000004,2022-06-15T14:40:00+00:00,279.3399999999999,TAKE_PROFIT,3.3600000000003547,0.5038199999999999,0.23999999999978172,2.8561800000003545,1.866666666666793,1.5867666666668034,5.07121119410005,1.8000000000000682,0.005,0.001774723957556949,,HYP-FCR-03,severe,1014.2422388200099,1017.0984188200102,1.999999999998181,1.034109090909076,0.019340319291072078,1,1,28.999999999996362,0.6000000000000227,5.0,2022,10
SPY,2022-06-15,short,379.13,376.7,2022-06-15T14:10:00+00:00,2022-06-15T14:45:00+00:00,377.3999,0.1500000000000341,377.94,376.3197,2,2,2022-06-15T14:50:00+00:00,377.35,2022-06-15T15:11:00+00:00,376.3497,TAKE_PROFIT,2.0006000000000768,0.45221981999999994,0.15979999999990468,1.548380180000077,1.8520644325125846,1.4334199037216167,5.008140906800036,1.0801999999999907,0.005,0.0010784440974227572,,HYP-FCR-03,severe,1001.6281813600071,1003.1765615400072,15.00000000000341,0.7364571428571358,0.20367783985107246,7,7,24.00000000000091,0.5400999999999954,35.0,2022,10
SPY,2022-06-16,long,370.94,368.01,2022-06-16T14:20:00+00:00,2022-06-16T14:25:00+00:00,368.93,0.07499999999998863,367.56,371.67,2,2,2022-06-16T14:30:00+00:00,368.96999999999997,2022-06-16T14:41:00+00:00,367.53000000000003,STOP_LOSS,-2.8799999999998818,0.44189999999999996,0.13999999999987267,-3.3218999999998817,-1.0510948905109023,-1.2123722627736755,5.015882807700036,2.740000000000009,0.005,0.0027313237819210517,,HYP-FCR-03,severe,1003.1765615400072,999.8546615400073,7.499999999998863,1.1870750000000025,0.06318050670765409,1,1,43.99999999999977,1.3700000000000045,5.0,2022,10
QQQ,2022-06-17,long,276.06,272.03,2022-06-17T15:00:00+00:00,2022-06-17T15:05:00+00:00,274.02,0.37999999999999545,271.34000000000003,279.3799999999999,1,1,2022-06-17T15:10:00+00:00,274.05999999999995,2022-06-17T19:59:00+00:00,274.68,FORCED_SESSION_CLOSE,0.6200000000000614,0.164622,0.06999999999993634,0.4553780000000614,0.23134328358211678,0.16991716417913055,5.085492094100052,2.67999999999995,0.005,0.002634946579810005,,HYP-FCR-03,severe,1017.0984188200102,1017.5537968200103,37.999999999999545,1.183028571428569,0.3212094865478401,1,1,108.9999999999975,2.67999999999995,5.0,2022,11
SPY,2022-06-17,long,369.38,365.43,2022-06-17T16:55:00+00:00,2022-06-17T17:05:00+00:00,368.01,0.6050000000000182,365.22,373.5899999999999,1,1,2022-06-17T17:10:00+00:00,368.04999999999995,2022-06-17T19:59:00+00:00,365.81,FORCED_SESSION_CLOSE,-2.2399999999999523,0.22015799999999994,0.06999999999993634,-2.4601579999999523,-0.8028673835125382,-0.881777060931894,4.999273307700037,2.7899999999999636,0.005,0.0027904055532458273,,HYP-FCR-03,severe,999.8546615400073,997.3945035400073,60.50000000000182,1.0004857142857142,0.6047062855184807,2,2,36.000000000001364,2.7899999999999636,10.0,2022,13
QQQ,2022-06-21,short,282.345,278.64,2022-06-21T17:30:00+00:00,2022-06-21T18:00:00+00:00,281.3,0.07999999999998408,282.03,279.8400000000001,3,3,2022-06-21T18:05:00+00:00,281.27900000000005,2022-06-21T18:55:00+00:00,282.05999999999995,STOP_LOSS,-2.3429999999996767,0.5070051,0.15299999999979264,-2.8500050999996764,-1.0698630136985392,-1.301372191780743,5.087768984100052,2.189999999999884,0.005,0.002152220361069776,,HYP-FCR-03,severe,1017.5537968200103,1014.7037917200107,7.999999999998408,0.4199214285714317,0.19051183044443157,6,6,12.5,0.7299999999999613,30.0,2022,14
SPY,2022-06-21,short,374.91,371.81,2022-06-21T17:55:00+00:00,2022-06-21T18:00:00+00:00,374.74,0.11000000000001364,375.2799,373.66020000000003,2,2,2022-06-21T18:05:00+00:00,374.70000000000005,2022-06-21T18:10:00+00:00,375.30989999999997,STOP_LOSS,-1.2197999999998501,0.45000594,0.13999999999987267,-1.6698059399998502,-1.1296536395627668,-1.5464029820336034,4.986972517700037,1.0797999999999774,0.005,0.001082620764569578,,HYP-FCR-03,severe,997.3945035400073,995.7246976000075,11.000000000001364,0.41884285714286307,0.2626283297520668,1,1,14.999999999997726,0.5398999999999887,5.0,2022,14
QQQ,2022-06-22,short,282.11,277.91,2022-06-22T15:50:00+00:00,2022-06-22T15:55:00+00:00,281.34,0.07409999999998718,282.62989999999996,278.7602,3,3,2022-06-22T16:00:00+00:00,281.29,2022-06-22T16:34:00+00:00,282.65989999999994,STOP_LOSS,-4.109699999999748,0.50755491,0.23999999999978172,-4.6172549099997475,-1.0620203116520102,-1.1931816187300792,5.0735189586000535,3.869699999999966,0.005,0.0038136252486457058,,HYP-FCR-03,severe,1014.7037917200107,1010.086536810011,7.409999999998718,0.7543499999999922,0.09823026446608066,1,1,36.000000000001364,1.2898999999999887,5.0,2022,12
SPY,2022-06-23,short,377.38,374.8,2022-06-23T14:05:00+00:00,2022-06-23T14:10:00+00:00,375.95,0.2699999999999818,377.17,373.50999999999993,2,2,2022-06-23T14:15:00+00:00,375.92,2022-06-23T14:40:00+00:00,377.2,STOP_LOSS,-2.5599999999999454,0.45187199999999994,0.11999999999989086,-3.0118719999999453,-1.0491803278688066,-1.2343737704917532,4.9786234880000375,2.4400000000000546,0.005,0.002450476528182117,,HYP-FCR-03,severe,995.7246976000075,992.7128256000076,26.99999999999818,1.3911111111111216,0.19408945686899504,1,1,5.000000000001137,1.2200000000000273,5.0,2022,10
QQQ,2022-06-23,short,283.78,280.31,2022-06-23T15:35:00+00:00,2022-06-23T15:40:00+00:00,283.5901,0.0999999999999659,284.5,281.7703,3,3,2022-06-23T15:45:00+00:00,283.54,2022-06-23T16:04:00+00:00,281.8003,TAKE_PROFIT,5.219100000000083,0.50880627,0.24029999999987695,4.710293730000083,1.911968348170173,1.7255719419716884,5.0504326840500555,2.72969999999998,0.005,0.0027024417220931772,,HYP-FCR-03,severe,1010.086536810011,1014.7968305400111,9.99999999999659,0.8145571428571381,0.12276609551198116,1,1,7.000000000005002,0.9098999999999933,5.0,2022,11
QQQ,2022-06-27,long,296.5799,291.92,2022-06-27T19:05:00+00:00,2022-06-27T19:15:00+00:00,292.79,0.25,291.90000000000003,294.57,3,3,2022-06-27T19:20:00+00:00,292.80499999999995,2022-06-27T19:36:00+00:00,291.87000000000006,STOP_LOSS,-2.8049999999996658,0.5262074999999999,0.1349999999997067,-3.3312074999996657,-1.0505617977527,-1.2476432584268602,5.0739841527000555,2.669999999999959,0.005,0.002631068524897888,,HYP-FCR-03,severe,1014.7968305400111,1011.4656230400115,25.0,0.5495357142857082,0.4549294859296859,2,2,37.000000000000455,0.8899999999999864,10.0,2022,15
SPY,2022-06-27,long,391.36,387.52,2022-06-27T19:05:00+00:00,2022-06-27T19:15:00+00:00,389.04,0.30000000000001137,387.8231,391.47380000000004,2,2,2022-06-27T19:20:00+00:00,389.04999999999995,2022-06-27T19:38:00+00:00,387.79310000000004,STOP_LOSS,-2.513799999999833,0.46610586,0.07999999999981355,-2.9799058599998327,-1.0328704084147478,-1.224384033199034,4.963564128000038,2.4338000000000193,0.005,0.002451665715640373,,HYP-FCR-03,severe,992.7128256000076,989.7329197400078,30.000000000001137,0.6242500000000015,0.48057669203045356,2,2,6.000000000000227,1.2169000000000096,10.0,2022,15
QQQ,2022-06-29,short,284.7,280.84,2022-06-29T14:10:00+00:00,2022-06-29T14:15:00+00:00,282.6105,0.2400000000000091,284.93,277.9715,2,2,2022-06-29T14:20:00+00:00,282.57000000000005,2022-06-29T14:42:00+00:00,284.96,STOP_LOSS,-4.779999999999859,0.34051799999999993,0.14099999999984902,-5.120517999999859,-1.0303944815692712,-1.1037978012502367,5.0573281152000575,4.63900000000001,0.005,0.004586413907036463,,HYP-FCR-03,severe,1011.4656230400115,1006.3451050400116,24.00000000000091,1.5935499999999991,0.15060713501302703,1,1,29.000000000002046,2.319500000000005,5.0,2022,10
SPY,2022-06-29,short,381.91,378.42,2022-06-29T14:10:00+00:00,2022-06-29T14:20:00+00:00,380.37,0.6599999999999682,381.34499999999997,378.4200000000001,2,2,2022-06-29T14:25:00+00:00,380.35,2022-06-29T14:25:00+00:00,381.37499999999994,STOP_LOSS,-2.049999999999841,0.4570349999999999,0.09999999999990905,-2.5070349999998407,-1.0512820512820065,-1.2856589743589377,4.948664598700039,1.9499999999999318,0.005,0.001970228494079166,,HYP-FCR-03,severe,989.7329197400078,987.2258847400079,65.99999999999682,1.3706545454545458,0.4815217679675038,2,2,20.999999999997954,0.9749999999999659,10.0,2022,10
SPY,2022-06-30,long,377.0,373.05,2022-06-30T14:10:00+00:00,2022-06-30T14:15:00+00:00,373.55,0.01999999999998181,372.76,375.13000000000005,2,2,2022-06-30T14:20:00+00:00,373.59,2022-06-30T14:53:00+00:00,375.1000000000001,TAKE_PROFIT,3.020000000000209,0.449214,0.13999999999987267,2.570786000000209,1.911392405063374,1.6270797468355334,4.93612942370004,1.580000000000041,0.005,0.0016004442594372854,,HYP-FCR-03,severe,987.2258847400079,989.7966707400082,1.999999999998181,1.0775500000000022,0.018560623636937282,1,1,21.000000000003638,0.7900000000000205,5.0,2022,10
QQQ,2022-06-30,long,281.5196,276.81,2022-06-30T14:30:00+00:00,2022-06-30T14:35:00+00:00,277.52,0.5600000000000023,276.535,279.4899999999999,3,3,2022-06-30T14:40:00+00:00,277.54499999999996,2022-06-30T15:09:00+00:00,279.4599999999999,TAKE_PROFIT,5.744999999999891,0.5013044999999998,0.16499999999984993,5.243695499999891,1.9441624365482717,1.7745162436548634,5.031725525200058,2.9549999999998704,0.005,0.0029363684338509118,,HYP-FCR-03,severe,1006.3451050400116,1011.5888005400116,56.00000000000023,1.1695285714285757,0.47882541194864864,1,1,30.889999999999418,0.9849999999999568,5.0,2022,10
SPY,2022-07-01,short,379.71,375.75,2022-07-01T14:00:00+00:00,2022-07-01T14:05:00+00:00,377.8131,0.2599999999999909,379.07,375.2993000000001,2,2,2022-07-01T14:10:00+00:00,377.795,2022-07-01T14:18:00+00:00,375.32930000000005,TAKE_PROFIT,4.93139999999994,0.45187457999999997,0.09619999999995343,4.4795254199999395,1.9617312435357008,1.7819736733232694,4.948983353700041,2.5137999999999465,0.005,0.002539713533407359,,HYP-FCR-03,severe,989.7966707400082,994.2761961600081,25.99999999999909,1.5762500000000017,0.16494845360824148,1,1,31.999999999999318,1.2568999999999733,5.0,2022,10
QQQ,2022-07-01,short,281.82,277.4,2022-07-01T14:00:00+00:00,2022-07-01T14:15:00+00:00,279.2201,0.4900000000000091,280.88,275.9003,3,3,2022-07-01T14:20:00+00:00,279.19000000000005,2022-07-01T16:59:00+00:00,277.90999999999997,FORCED_SESSION_CLOSE,3.840000000000259,0.50139,0.18029999999976098,3.3386100000002594,0.7711307910115619,0.6704440026508169,5.057944002700058,4.97969999999998,0.005,0.0049226523636300545,,HYP-FCR-03,severe,1011.5888005400116,1014.9274105400118,49.00000000000091,1.6889999999999872,0.2901124925991787,3,3,43.99999999999977,1.6598999999999933,15.0,2022,10
SPY,2022-07-05,long,376.33,373.28,2022-07-05T14:05:00+00:00,2022-07-05T14:15:00+00:00,374.1895,0.01999999999998181,373.17,376.2285,2,2,2022-07-05T14:20:00+00:00,374.2,2022-07-05T14:38:00+00:00,376.1985,TAKE_PROFIT,3.997000000000071,0.45023909999999995,0.0809999999999036,3.546760900000071,1.9602746444335928,1.739460961255563,4.971380980800041,2.0389999999999873,0.005,0.0020507380221660787,,HYP-FCR-03,severe,994.2761961600081,997.8229570600082,1.999999999998181,1.271960000000007,0.015723764898252852,2,2,35.99999999999568,1.0194999999999936,10.0,2022,10
QQQ,2022-07-06,long,288.7355,285.63,2022-07-06T15:30:00+00:00,2022-07-06T17:00:00+00:00,287.49,0.11000000000001364,287.01,288.45000000000005,3,3,2022-07-06T17:05:00+00:00,287.53,2022-07-06T18:05:00+00:00,288.4200000000001,TAKE_PROFIT,2.6700000000003,0.518355,0.209999999999809,2.1516450000003,1.8541666666668049,1.4941979166668184,5.0746370527000595,1.4400000000000546,0.005,0.0014188206812089888,,HYP-FCR-03,severe,1014.9274105400118,1017.0790555400121,11.000000000001364,0.5074999999999891,0.21674876847293795,18,18,4.000000000002046,0.4800000000000182,90.0,2022,13
SPY,2022-07-06,long,383.66,380.81,2022-07-06T16:55:00+00:00,2022-07-06T17:00:00+00:00,381.35,0.1150000000000091,380.71000000000004,382.63,2,2,2022-07-06T17:05:00+00:00,381.41999999999996,2022-07-06T18:05:00+00:00,382.6,TAKE_PROFIT,2.3600000000001273,0.45841199999999993,0.1999999999998181,1.9015880000001273,1.8437500000001388,1.4856156250001311,4.989114785300041,1.2799999999999727,0.005,0.0012827926947796158,,HYP-FCR-03,severe,997.8229570600082,999.7245450600084,11.50000000000091,0.5589000000000023,0.20576131687244342,1,1,18.999999999999773,0.6399999999999864,5.0,2022,13
SPY,2022-07-08,long,388.54,385.8738,2022-07-08T14:00:00+00:00,2022-07-08T14:15:00+00:00,387.21,0.3199999999999932,386.44,388.74999999999994,2,2,2022-07-08T14:20:00+00:00,387.26,2022-07-08T14:27:00+00:00,388.71999999999997,TAKE_PROFIT,2.919999999999959,0.46558799999999995,0.15999999999996817,2.454411999999959,1.8961038961039143,1.5937740259740372,4.998622725300042,1.5399999999999636,0.005,0.001540424317487899,,HYP-FCR-03,severe,999.7245450600084,1002.1789570600083,31.999999999999318,0.9541099999999971,0.3353910974625506,3,3,21.3799999999992,0.7699999999999818,15.0,2022,10
QQQ,2022-07-08,short,293.87,291.12,2022-07-08T16:35:00+00:00,2022-07-08T16:40:00+00:00,293.21,0.05570000000000164,293.78,292.07,3,3,2022-07-08T16:45:00+00:00,293.16,2022-07-08T17:11:00+00:00,293.80999999999995,STOP_LOSS,-1.9499999999997613,0.5282729999999999,0.23999999999978172,-2.4782729999997613,-1.1403508771928565,-1.4492824561402287,5.08539527770006,1.7099999999999795,0.005,0.0016812852360744614,,HYP-FCR-03,severe,1017.0790555400121,1014.6007825400123,5.570000000000164,0.653964285714291,0.08517284692261663,1,1,12.000000000000455,0.5699999999999932,5.0,2022,12
QQQ,2022-07-11,long,293.11,288.2,2022-07-11T14:00:00+00:00,2022-07-11T14:30:00+00:00,289.94,9.999999997489795e-05,289.01,291.8,3,3,2022-07-11T14:35:00+00:00,289.98999999999995,2022-07-11T19:04:00+00:00,288.98,STOP_LOSS,-3.029999999999802,0.5210729999999999,0.23999999999978172,-3.551072999999802,-1.0860215053762652,-1.272786021505296,5.073003912700062,2.7900000000000205,0.005,0.0027498500375836175,,HYP-FCR-03,severe,1014.6007825400123,1011.0497095400126,0.009999999997489795,0.9885692307692318,0.00010115629423048633,6,6,6.000000000000227,0.9300000000000068,30.0,2022,10
SPY,2022-07-11,long,386.87,383.67,2022-07-11T14:20:00+00:00,2022-07-11T15:10:00+00:00,384.9,0.2699999999999818,384.1,386.4999999999999,2,2,2022-07-11T15:15:00+00:00,384.9514,2022-07-11T15:52:00+00:00,384.07000000000005,STOP_LOSS,-1.7627999999998565,0.46141284,0.16279999999994743,-2.2242128399998564,-1.101749999999973,-1.3901330249999893,5.010894785300041,1.599999999999909,0.005,0.0015965212487534844,,HYP-FCR-03,severe,1002.1789570600083,999.9547442200085,26.99999999999818,0.6810000000000035,0.3964757709250814,10,10,0.9999999999990905,0.7999999999999545,50.0,2022,11
QQQ,2022-07-12,long,292.28,288.03,2022-07-12T14:50:00+00:00,2022-07-12T15:10:00+00:00,289.42,0.12069999999999936,288.33,291.6000000000001,3,3,2022-07-12T15:15:00+00:00,289.5,2022-07-12T18:31:00+00:00,288.3,STOP_LOSS,-3.599999999999966,0.5200199999999999,0.3299999999998704,-4.120019999999966,-1.100917431192618,-1.2599449541283931,5.055248547700063,3.2700000000000955,0.005,0.0032342623405606985,,HYP-FCR-03,severe,1011.0497095400126,1006.9296895400126,12.069999999999936,0.9491357142857046,0.12716832607108786,4,4,49.59999999999809,1.0900000000000318,20.0,2022,11
SPY,2022-07-12,long,386.16,383.59,2022-07-12T15:05:00+00:00,2022-07-12T15:10:00+00:00,384.7432,0.09000000000003183,383.77,386.68960000000004,2,2,2022-07-12T15:15:00+00:00,384.78999999999996,2022-07-12T17:20:00+00:00,383.74,STOP_LOSS,-2.099999999999909,0.4611179999999999,0.1535999999998694,-2.561117999999909,-1.0789149198519659,-1.3158230579530708,4.999773721100042,1.9464000000000397,0.005,0.0019464880898367894,,HYP-FCR-03,severe,999.9547442200085,997.3936262200085,9.000000000003183,0.7967214285714265,0.11296294636057136,1,1,8.999999999997499,0.9732000000000198,5.0,2022,11
SPY,2022-07-14,long,374.4,371.7416,2022-07-14T14:45:00+00:00,2022-07-14T15:25:00+00:00,374.2,0.03500000000002501,373.2,376.2,2,2,2022-07-14T15:30:00+00:00,374.21999999999997,2022-07-14T16:49:00+00:00,373.17,STOP_LOSS,-2.099999999999909,0.44843399999999994,0.09999999999990905,-2.548433999999909,-1.0499999999999545,-1.2742169999999544,4.986968131100043,2.0,0.005,0.002005226369432236,,HYP-FCR-03,severe,997.3936262200085,994.8451922200086,3.500000000002501,0.8282214285714247,0.04225923019209429,8,8,7.159999999998945,1.0,40.0,2022,11
QQQ,2022-07-14,short,283.93,280.68,2022-07-14T16:20:00+00:00,2022-07-14T16:30:00+00:00,283.48,0.04989999999997963,284.15999999999997,282.1200000000001,3,3,2022-07-14T16:35:00+00:00,283.45000000000005,2022-07-14T17:26:00+00:00,284.18999999999994,STOP_LOSS,-2.2199999999996862,0.510876,0.1799999999998363,-2.7308759999996863,-1.0882352941175732,-1.3386647058822976,5.0346484477000635,2.03999999999985,0.005,0.0020259607211818,,HYP-FCR-03,severe,1006.9296895400126,1004.1988135400129,4.989999999997963,0.6951142857142908,0.07178675654565639,2,2,55.00000000000114,0.67999999999995,10.0,2022,12
QQQ,2022-07-15,short,291.23,288.08,2022-07-15T14:00:00+00:00,2022-07-15T14:45:00+00:00,290.0299,0.17009999999999081,290.63,288.8297,3,3,2022-07-15T14:50:00+00:00,290.0,2022-07-15T15:02:00+00:00,290.65999999999997,STOP_LOSS,-1.9799999999999045,0.522594,0.1796999999999116,-2.5025939999999043,-1.0998166972170818,-1.3900983169471277,5.020994067700065,1.800299999999993,0.005,0.0017927724826257811,,HYP-FCR-03,severe,1004.1988135400129,1001.696219540013,17.00999999999908,1.0564214285714277,0.16101528745967675,9,9,9.99999999999659,0.6000999999999976,45.0,2022,10
SPY,2022-07-18,long,389.09,387.67,2022-07-18T15:30:00+00:00,2022-07-18T15:40:00+00:00,388.37,0.04450000000002774,387.63,389.85,2,2,2022-07-18T15:45:00+00:00,388.39,2022-07-18T16:50:00+00:00,387.6,STOP_LOSS,-1.5799999999999272,0.46559399999999995,0.09999999999990905,-2.045593999999927,-1.0675675675675054,-1.3821581081080418,4.974225961100043,1.4800000000000182,0.005,0.0014876686459100045,,HYP-FCR-03,severe,994.8451922200086,992.7995982200086,4.450000000002774,0.4197071428571389,0.10602631086308383,2,2,27.000000000003865,0.7400000000000091,10.0,2022,11
SPY,2022-07-20,long,392.93,391.31,2022-07-20T14:05:00+00:00,2022-07-20T14:10:00+00:00,392.245,0.060000000000002274,391.45,393.83500000000004,2,2,2022-07-20T14:15:00+00:00,392.28999999999996,2022-07-20T14:31:00+00:00,393.80500000000006,TAKE_PROFIT,3.0300000000002,0.471657,0.14999999999986358,2.5583430000002,1.9056603773585783,1.6090207547170747,4.963997991100043,1.5900000000000318,0.005,0.0016015316714982,,HYP-FCR-03,severe,992.7995982200086,995.3579412200088,6.000000000000227,0.7541888888888858,0.0795556668680146,1,1,28.000000000002956,0.7950000000000159,5.0,2022,10
QQQ,2022-07-21,short,304.3,301.7,2022-07-21T14:00:00+00:00,2022-07-21T14:05:00+00:00,302.79,0.33089999999998554,304.26,299.8500000000001,3,3,2022-07-21T14:10:00+00:00,302.73,2022-07-21T15:32:00+00:00,304.28999999999996,STOP_LOSS,-4.679999999999836,0.546318,0.26999999999992497,-5.226317999999837,-1.0612244897959027,-1.1851061224489663,5.008481097700065,4.409999999999911,0.005,0.004402532338621602,,HYP-FCR-03,severe,1001.696219540013,996.4699015400131,33.089999999998554,1.4383875000000046,0.23004927392652152,1,1,57.99999999999841,1.4699999999999704,5.0,2022,10
SPY,2022-07-21,short,395.5,392.77,2022-07-21T14:00:00+00:00,2022-07-21T14:05:00+00:00,393.67,0.6406000000000063,395.34999999999997,390.3100000000001,2,2,2022-07-21T14:10:00+00:00,393.65000000000003,2022-07-21T15:32:00+00:00,395.37999999999994,STOP_LOSS,-3.459999999999809,0.47341799999999995,0.09999999999990905,-3.933417999999809,-1.0297619047618787,-1.1706601190475971,4.976789706100044,3.3599999999999,0.005,0.003375670058834868,,HYP-FCR-03,severe,995.3579412200088,991.424523220009,64.06000000000063,1.2861375000000095,0.49808049294885,1,1,25.99999999999909,1.67999999999995,5.0,2022,10
QQQ,2022-07-22,long,308.55,305.46,2022-07-22T14:10:00+00:00,2022-07-22T14:15:00+00:00,306.293,0.4300000000000068,305.22,308.43899999999996,3,3,2022-07-22T14:20:00+00:00,306.335,2022-07-22T14:27:00+00:00,305.19000000000005,STOP_LOSS,-3.434999999999775,0.5503724999999999,0.21599999999983766,-3.985372499999775,-1.0671015843429146,-1.238077819198463,4.982349507700065,3.2189999999999372,0.005,0.0032304036429249626,,HYP-FCR-03,severe,996.4699015400131,992.4845290400133,43.00000000000068,1.15938000000001,0.37088788835412295,1,1,25.99999999999909,1.072999999999979,5.0,2022,10
SPY,2022-07-22,long,400.18,397.91,2022-07-22T14:10:00+00:00,2022-07-22T14:15:00+00:00,398.83,0.4700000000000273,397.44,401.60999999999996,2,2,2022-07-22T14:20:00+00:00,398.88,2022-07-22T15:21:00+00:00,397.41,STOP_LOSS,-2.939999999999941,0.4777739999999999,0.15999999999996817,-3.417773999999941,-1.0575539568345216,-1.22941510791366,4.957122616100045,2.7799999999999727,0.005,0.0028040460316342787,,HYP-FCR-03,severe,991.424523220009,988.006749220009,47.00000000000273,1.0700000000000045,0.43925233644862177,1,1,50.0,1.3899999999999864,5.0,2022,10
SPY,2022-07-25,long,396.05,394.03,2022-07-25T14:35:00+00:00,2022-07-25T14:45:00+00:00,395.2489,0.4399999999999977,394.29,397.16669999999993,2,2,2022-07-25T14:50:00+00:00,395.27,2022-07-25T15:17:00+00:00,394.26000000000005,STOP_LOSS,-2.019999999999868,0.4737179999999999,0.10219999999992524,-2.493717999999868,-1.0532902283866556,-1.3003013870059141,4.940033746100045,1.9177999999999429,0.005,0.0019410798575151106,,HYP-FCR-03,severe,988.006749220009,985.5130312200092,43.99999999999977,0.8272214285714361,0.5319011147472962,2,2,15.999999999996817,0.9588999999999714,10.0,2022,10
QQQ,2022-07-25,long,302.5,300.364,2022-07-25T15:30:00+00:00,2022-07-25T15:35:00+00:00,300.7179,0.1500000000000341,299.79,302.5736999999999,3,3,2022-07-25T15:40:00+00:00,300.75,2022-07-25T16:16:00+00:00,299.76000000000005,STOP_LOSS,-2.9699999999998568,0.540459,0.18629999999996016,-3.510458999999857,-1.066925315227922,-1.261076624636271,4.962422645200067,2.7836999999998966,0.005,0.0028047792369040223,,HYP-FCR-03,severe,992.4845290400133,988.9740700400134,15.00000000000341,0.69527857142858,0.21574086440177645,1,1,2.400000000000091,0.9278999999999655,5.0,2022,11
SPY,2022-07-28,long,402.77,398.33,2022-07-28T14:25:00+00:00,2022-07-28T14:40:00+00:00,399.76,0.17000000000001592,398.75,401.78,2,2,2022-07-28T14:45:00+00:00,399.85999999999996,2022-07-28T15:02:00+00:00,401.75,TAKE_PROFIT,3.7800000000000864,0.4809659999999999,0.2599999999998772,3.2990340000000864,1.871287128712931,1.633185148514909,4.927565156100046,2.019999999999982,0.005,0.0020496938508254288,,HYP-FCR-03,severe,985.5130312200092,988.8120652200093,17.00000000000159,1.030371428571438,0.16498904694563687,3,3,18.000000000000682,1.009999999999991,15.0,2022,10
QQQ,2022-07-28,long,307.69,302.87,2022-07-28T14:30:00+00:00,2022-07-28T14:50:00+00:00,305.06,0.5800000000000409,303.88,307.42,3,3,2022-07-28T14:55:00+00:00,305.08,2022-07-28T15:24:00+00:00,307.39000000000004,TAKE_PROFIT,6.930000000000177,0.551223,0.14999999999986358,6.378777000000177,1.9576271186441065,1.8019144067797006,4.944870350200067,3.5400000000000205,0.005,0.0035794669519058206,,HYP-FCR-03,severe,988.9740700400134,995.3528470400136,58.00000000000409,0.9699857142857208,0.5979469506178676,4,4,12.5,1.1800000000000068,20.0,2022,10
QQQ,2022-07-29,short,313.36,309.931,2022-07-29T14:55:00+00:00,2022-07-29T15:00:00+00:00,312.31,0.6299999999999955,314.01,308.91,2,2,2022-07-29T15:05:00+00:00,312.28000000000003,2022-07-29T17:23:00+00:00,314.03999999999996,STOP_LOSS,-3.519999999999868,0.3757919999999999,0.11999999999989086,-3.895791999999868,-1.035294117647027,-1.145821176470557,4.976764235200068,3.3999999999999773,0.005,0.0034158740893854055,,HYP-FCR-03,severe,995.3528470400136,991.4570550400136,62.999999999999545,0.7606000000000067,0.8282934525374571,1,1,57.69999999999982,1.6999999999999886,5.0,2022,11
SPY,2022-07-29,short,409.47,406.77,2022-07-29T15:05:00+00:00,2022-07-29T15:25:00+00:00,408.3,0.16669999999999163,409.37,406.16,2,2,2022-07-29T15:30:00+00:00,408.25,2022-07-29T15:41:00+00:00,409.4,STOP_LOSS,-2.2999999999999545,0.49058999999999997,0.15999999999996817,-2.7905899999999546,-1.0747663551401725,-1.3040140186915758,4.944060326100047,2.1399999999999864,0.005,0.0021642130747300693,,HYP-FCR-03,severe,988.8120652200093,986.0214752200094,16.669999999999163,0.6411642857142762,0.259995766629894,4,4,2.9999999999972715,1.0699999999999932,20.0,2022,11
QQQ,2022-08-01,short,316.738,312.53,2022-08-01T14:15:00+00:00,2022-08-01T14:20:00+00:00,316.38,0.4800000000000182,317.59999999999997,313.94000000000005,3,3,2022-08-01T14:25:00+00:00,316.32000000000005,2022-08-01T14:46:00+00:00,317.62999999999994,STOP_LOSS,-3.9299999999996658,0.5705549999999999,0.26999999999975444,-4.5005549999996655,-1.0737704918032134,-1.2296598360655122,4.957285275200069,3.6599999999999113,0.005,0.003691536593939714,,HYP-FCR-03,severe,991.4570550400136,986.956500040014,48.00000000000182,1.1501454545454572,0.41733851844827435,1,1,88.2000000000005,1.2199999999999704,5.0,2022,10
SPY,2022-08-01,short,411.76,408.4,2022-08-01T14:15:00+00:00,2022-08-01T14:20:00+00:00,411.0707,0.9399999999999977,412.46,408.2921,2,2,2022-08-01T14:25:00+00:00,411.03000000000003,2022-08-01T14:49:00+00:00,412.48999999999995,STOP_LOSS,-2.9199999999998454,0.49411199999999994,0.1413999999998623,-3.4141119999998453,-1.050888936874636,-1.228716619880467,4.930107376100047,2.778599999999983,0.005,0.002817991362084683,,HYP-FCR-03,severe,986.0214752200094,982.6073632200096,93.99999999999977,1.021363636363648,0.9203382287494309,1,1,78.00000000000296,1.3892999999999915,5.0,2022,10
QQQ,2022-08-02,long,315.15,312.61,2022-08-02T14:10:00+00:00,2022-08-02T14:45:00+00:00,314.9642,0.17000000000001592,313.71000000000004,317.47259999999994,3,3,2022-08-02T14:50:00+00:00,314.97999999999996,2022-08-02T16:19:00+00:00,317.44259999999997,TAKE_PROFIT,7.387800000000027,0.5691803399999998,0.13739999999978636,6.818619660000027,1.9634826981343247,1.8122095519056494,4.93478250020007,3.7625999999999067,0.005,0.00381232607500671,,HYP-FCR-03,severe,986.956500040014,993.7751197000141,17.00000000000159,1.1234642857142856,0.15131767174239266,7,7,76.99000000000069,1.254199999999969,35.0,2022,10
SPY,2022-08-02,short,409.77,407.6787,2022-08-02T19:05:00+00:00,2022-08-02T19:20:00+00:00,408.62,0.03000000000002956,409.51,406.84000000000003,2,2,2022-08-02T19:25:00+00:00,408.58000000000004,2022-08-02T19:35:00+00:00,409.53999999999996,STOP_LOSS,-1.9199999999998454,0.490872,0.13999999999987267,-2.4108719999998454,-1.078651685393188,-1.3544224719100462,4.913036816100048,1.7799999999999727,0.005,0.0018115068812092994,,HYP-FCR-03,severe,982.6073632200096,980.1964912200098,3.000000000002956,0.6413000000000011,0.04677997816938953,3,3,6.1399999999991905,0.8899999999999864,15.0,2022,15
QQQ,2022-08-03,short,319.32,315.99,2022-08-03T14:15:00+00:00,2022-08-03T14:20:00+00:00,319.02,0.39999999999997726,320.13,316.79999999999995,3,3,2022-08-03T14:25:00+00:00,319.0,2022-08-03T15:10:00+00:00,320.15999999999997,STOP_LOSS,-3.4799999999999045,0.575244,0.14999999999986358,-4.055243999999904,-1.0450450450450035,-1.2177909909909472,4.9688755985000705,3.330000000000041,0.005,0.003350858694274064,,HYP-FCR-03,severe,993.7751197000141,989.7198757000142,39.999999999997726,1.0034727272727288,0.3986157163305379,1,1,76.99999999999818,1.1100000000000136,5.0,2022,10
SPY,2022-08-03,short,411.725,410.0,2022-08-03T14:15:00+00:00,2022-08-03T14:20:00+00:00,410.965,0.9099999999999682,412.17,408.5549999999999,2,2,2022-08-03T14:25:00+00:00,410.96000000000004,2022-08-03T15:11:00+00:00,412.2,STOP_LOSS,-2.4799999999999045,0.493896,0.06999999999982265,-2.9738959999999044,-1.0290456431534525,-1.2339817427385076,4.900982456100049,2.410000000000082,0.005,0.0024586907029226918,,HYP-FCR-03,severe,980.1964912200098,977.2225952200099,90.99999999999682,0.8156727272727267,1.1156435290445876,1,1,60.62000000000012,1.205000000000041,5.0,2022,10
SPY,2022-08-04,short,415.05,413.43,2022-08-04T14:05:00+00:00,2022-08-04T14:20:00+00:00,413.7,0.10000000000002274,414.5935,411.91299999999995,2,2,2022-08-04T14:25:00+00:00,413.66,2022-08-04T16:13:00+00:00,414.6235,STOP_LOSS,-1.9269999999999072,0.49697009999999997,0.13999999999987267,-2.423970099999907,-1.0783435926132456,-1.3564466144375267,4.8861129761000495,1.7870000000000346,0.005,0.0018286519455659057,,HYP-FCR-03,severe,977.2225952200099,974.79862512001,10.000000000002274,0.8204545454545485,0.12188365650972255,3,3,3.999999999996362,0.8935000000000173,15.0,2022,10
QQQ,2022-08-04,long,324.52,322.21,2022-08-04T15:45:00+00:00,2022-08-04T15:50:00+00:00,323.16,0.4200000000000159,321.25,326.9800000000001,2,2,2022-08-04T15:55:00+00:00,323.17999999999995,2022-08-04T19:59:00+00:00,324.295,FORCED_SESSION_CLOSE,2.230000000000132,0.3884849999999999,0.09999999999979536,1.841515000000132,0.5837696335078802,0.482071989528824,4.948599378500071,3.82000000000005,0.005,0.0038596779692821877,,HYP-FCR-03,severe,989.7198757000142,991.5613907000144,42.00000000000159,0.7597214285714203,0.5528342155489594,1,1,18.000000000000682,1.910000000000025,5.0,2022,11
QQQ,2022-08-05,short,321.43,319.09,2022-08-05T15:00:00+00:00,2022-08-05T15:05:00+00:00,321.04,0.5500000000000114,322.1357,318.8486000000001,3,3,2022-08-05T15:10:00+00:00,321.0,2022-08-05T15:27:00+00:00,318.87860000000006,TAKE_PROFIT,6.364199999999812,0.5758907400000001,0.20999999999997954,5.788309259999812,1.9361138997900926,1.7609166925253248,4.957806953500072,3.2870999999998958,0.005,0.0033150746195142753,,HYP-FCR-03,severe,991.5613907000144,997.3496999600142,55.00000000000114,0.7950642857142854,0.6917679612610087,1,1,43.99999999999977,1.0956999999999653,5.0,2022,11
SPY,2022-08-05,short,412.23,409.6,2022-08-05T15:10:00+00:00,2022-08-05T15:25:00+00:00,410.22,0.5199999999999818,411.90999999999997,406.84000000000015,2,2,2022-08-05T15:30:00+00:00,410.185,2022-08-05T16:45:00+00:00,411.93999999999994,STOP_LOSS,-3.509999999999877,0.49327499999999996,0.12999999999999545,-4.003274999999877,-1.0384615384615385,-1.1844008875739696,4.87399312560005,3.3799999999998818,0.005,0.003467382814151755,,HYP-FCR-03,severe,974.79862512001,970.7953501200101,51.99999999999818,0.6564999999999982,0.7920792079207666,3,3,43.00000000000068,1.6899999999999409,15.0,2022,11
QQQ,2022-08-08,short,326.29,321.91,2022-08-08T14:00:00+00:00,2022-08-08T14:50:00+00:00,324.34,0.5695999999999799,325.55,321.9199999999999,3,3,2022-08-08T14:55:00+00:00,324.3,2022-08-08T15:42:00+00:00,321.9499999999999,TAKE_PROFIT,7.050000000000409,0.5816249999999998,0.209999999999809,6.468375000000409,1.9421487603306329,1.781921487603365,4.986748499800071,3.630000000000109,0.005,0.0036396461543485134,,HYP-FCR-03,severe,997.3496999600142,1003.8180749600145,56.95999999999799,0.7975214285714287,0.7142127842511815,10,10,18.000000000000682,1.2100000000000364,50.0,2022,10
QQQ,2022-08-09,long,319.03,316.1606,2022-08-09T15:10:00+00:00,2022-08-09T15:15:00+00:00,317.51,0.5600000000000023,315.93,320.66999999999996,3,3,2022-08-09T15:20:00+00:00,317.55989999999997,2022-08-09T16:21:00+00:00,315.90000000000003,STOP_LOSS,-4.979699999999809,0.5701139099999999,0.23969999999985703,-5.549813909999809,-1.050569620253135,-1.1708468164556678,5.019090374800073,4.739999999999952,0.005,0.004721971160151467,,HYP-FCR-03,severe,1003.8180749600145,998.2682610500148,56.00000000000023,0.7905999999999916,0.7083227928155935,1,1,6.059999999996535,1.579999999999984,5.0,2022,11
SPY,2022-08-09,long,412.75,410.91,2022-08-09T15:10:00+00:00,2022-08-09T15:15:00+00:00,412.0112,0.5388999999999555,410.39,415.25359999999995,2,2,2022-08-09T15:20:00+00:00,412.04999999999995,2022-08-09T17:42:00+00:00,410.36,STOP_LOSS,-3.3799999999998818,0.49344599999999994,0.13759999999990669,-3.873445999999882,-1.0424377004687602,-1.1946231186774956,4.853976750600051,3.242399999999975,0.005,0.0033399418318177444,,HYP-FCR-03,severe,970.7953501200101,966.9219041200103,53.88999999999555,0.6749928571428582,0.7983788188234126,1,1,26.000000000004775,1.6211999999999875,5.0,2022,11
SPY,2022-08-10,long,418.86,417.205,2022-08-10T14:20:00+00:00,2022-08-10T14:35:00+00:00,418.16,0.3100000000000023,417.3301,419.81980000000004,2,2,2022-08-10T14:40:00+00:00,418.2,2022-08-10T15:05:00+00:00,419.78980000000007,TAKE_PROFIT,3.179600000000164,0.50279388,0.13999999999987267,2.676806120000164,1.9156524882516743,1.6127281118207824,4.8346095206000514,1.6598000000000184,0.005,0.0017165812388029334,,HYP-FCR-03,severe,966.9219041200103,969.5987102400104,31.000000000000227,0.7489285714285724,0.4139246542680044,3,3,48.49999999999568,0.8299000000000092,15.0,2022,10
QQQ,2022-08-10,long,325.05,322.81,2022-08-10T14:20:00+00:00,2022-08-10T14:45:00+00:00,324.1006,0.14999999999997726,323.5,325.30179999999996,3,3,2022-08-10T14:50:00+00:00,324.17999999999995,2022-08-10T15:05:00+00:00,325.2718,TAKE_PROFIT,3.2754000000001042,0.58450662,0.32819999999981064,2.6908933800001043,1.8178488178489187,1.4934473193474125,4.9913413052500735,1.8017999999999574,0.005,0.001804925660067324,,HYP-FCR-03,severe,998.2682610500148,1000.9591544300149,14.999999999997726,0.8666214285714285,0.17308595778348446,5,5,74.99000000000251,0.6005999999999858,25.0,2022,10
QQQ,2022-08-11,short,328.82,327.47,2022-08-11T14:40:00+00:00,2022-08-11T14:45:00+00:00,327.96,0.4300000000000068,329.37,325.13999999999993,3,3,2022-08-11T14:50:00+00:00,327.91,2022-08-11T18:03:00+00:00,325.1699999999999,TAKE_PROFIT,8.220000000000368,0.5877719999999999,0.23999999999978172,7.632228000000368,1.9432624113475703,1.8043092198582111,5.004795772150074,4.230000000000075,0.005,0.004225946664535779,,HYP-FCR-03,severe,1000.9591544300149,1008.5913824300153,43.00000000000068,0.6711071428571488,0.6407322654462287,1,1,38.999999999998636,1.410000000000025,5.0,2022,10
SPY,2022-08-11,long,423.53,422.24,2022-08-11T16:50:00+00:00,2022-08-11T16:55:00+00:00,422.4,0.05000000000001137,422.09000000000003,423.01999999999987,2,2,2022-08-11T17:00:00+00:00,422.42999999999995,2022-08-11T17:02:00+00:00,422.06000000000006,STOP_LOSS,-0.7399999999997817,0.506694,0.11999999999989086,-1.2466939999997817,-1.1935483870966321,-2.01079677419355,4.8479935512000525,0.6199999999998909,0.005,0.0006394397944758184,,HYP-FCR-03,severe,969.5987102400104,968.3520162400106,5.000000000001137,0.44171428571427945,0.11319534282020846,1,1,18.999999999999773,0.30999999999994543,5.0,2022,13
SPY,2022-08-12,long,422.89,421.4585,2022-08-12T14:05:00+00:00,2022-08-12T15:05:00+00:00,422.71,0.03000000000002956,422.29,423.5499999999999,2,2,2022-08-12T15:10:00+00:00,422.73069999999996,2022-08-12T15:17:00+00:00,423.5199999999999,TAKE_PROFIT,1.5785999999999376,0.5077504199999998,0.10139999999989868,1.0708495799999378,1.879285714285823,1.2748209285714787,4.841760081200053,0.8399999999999181,0.005,0.00086745314298155,,HYP-FCR-03,severe,968.3520162400106,969.4228658200105,3.000000000002956,0.7006285714285809,0.04281869341819673,12,12,18.85000000000332,0.4199999999999591,60.0,2022,11
QQQ,2022-08-16,long,332.47,330.63,2022-08-16T15:10:00+00:00,2022-08-16T15:15:00+00:00,331.6,0.4900000000000091,329.90000000000003,335.0,2,2,2022-08-16T15:20:00+00:00,331.63,2022-08-16T19:59:00+00:00,332.28000000000003,FORCED_SESSION_CLOSE,1.3000000000000682,0.39834600000000003,0.11999999999989086,0.9016540000000681,0.3823529411764932,0.2651923529411983,5.042956912150077,3.3999999999999773,0.005,0.0033710381223050934,,HYP-FCR-03,severe,1008.5913824300153,1009.4930364300154,49.00000000000091,0.6263571428571392,0.7823012886304217,1,1,40.99999999999682,1.6999999999999886,5.0,2022,11
SPY,2022-08-16,short,428.78,427.62,2022-08-16T18:45:00+00:00,2022-08-16T18:50:00+00:00,428.5299,0.2999999999999545,429.62,426.3497,2,2,2022-08-16T18:55:00+00:00,428.49,2022-08-16T19:29:00+00:00,429.65,STOP_LOSS,-2.3199999999999363,0.5148839999999999,0.13979999999992287,-2.8348839999999362,-1.0641225575634905,-1.300286212274066,4.8471143291000525,2.1802000000000135,0.005,0.002248966964644306,,HYP-FCR-03,severe,969.4228658200105,966.5879818200106,29.999999999995453,0.4796428571428635,0.6254653760237242,1,1,45.00000000000455,1.0901000000000067,5.0,2022,14
SPY,2022-08-17,short,427.41,425.9,2022-08-17T14:05:00+00:00,2022-08-17T14:15:00+00:00,426.3799,0.22500000000002274,426.9573,425.2251000000001,2,2,2022-08-17T14:20:00+00:00,426.34000000000003,2022-08-17T15:42:00+00:00,425.2551000000001,TAKE_PROFIT,2.1697999999998956,0.5109570600000001,0.13979999999992287,1.6588429399998956,1.878940076203729,1.436476394180833,4.832939909100053,1.1547999999999092,0.005,0.0011947179374458081,,HYP-FCR-03,severe,966.5879818200106,968.2468247600104,22.500000000002274,0.711590000000001,0.3161933135654273,2,2,11.99999999999477,0.5773999999999546,10.0,2022,10
QQQ,2022-08-17,long,330.22,328.25,2022-08-17T18:00:00+00:00,2022-08-17T18:05:00+00:00,329.97,0.009999999999990905,328.26,333.3900000000001,2,2,2022-08-17T18:10:00+00:00,329.98999999999995,2022-08-17T19:51:00+00:00,328.23,STOP_LOSS,-3.519999999999868,0.394932,0.09999999999979536,-3.914931999999868,-1.029239766081811,-1.1447169590642645,5.047465182150077,3.4200000000000728,0.005,0.003387839119816622,,HYP-FCR-03,severe,1009.4930364300154,1005.5781044300155,0.9999999999990905,0.647185714285724,0.015451515352169896,1,1,29.000000000002046,1.7100000000000364,5.0,2022,14
QQQ,2022-08-18,long,328.72,327.12,2022-08-18T14:00:00+00:00,2022-08-18T14:20:00+00:00,328.32,0.05000000000001137,327.89,329.18,3,3,2022-08-18T14:25:00+00:00,328.34,2022-08-18T14:28:00+00:00,327.86,STOP_LOSS,-1.439999999999884,0.5905799999999999,0.14999999999986358,-2.030579999999884,-1.1162790697673342,-1.574093023255699,5.027890522150078,1.2900000000000205,0.005,0.0012828441613008488,,HYP-FCR-03,severe,1005.5781044300155,1003.5475244300156,5.000000000001137,0.8436272727272726,0.05926788004182428,4,4,32.99999999999841,0.4300000000000068,20.0,2022,10
SPY,2022-08-18,long,427.02,425.81,2022-08-18T14:10:00+00:00,2022-08-18T14:20:00+00:00,426.46,0.0776000000000181,426.04,427.2999999999999,2,2,2022-08-18T14:25:00+00:00,426.51,2022-08-18T14:31:00+00:00,426.01000000000005,STOP_LOSS,-0.9999999999998863,0.511512,0.15999999999996817,-1.5115119999998863,-1.1904761904761711,-1.7994190476190877,4.841234123800052,0.8399999999999181,0.005,0.0008675473841167725,,HYP-FCR-03,severe,968.2468247600104,966.7353127600105,7.76000000000181,0.6317909090909045,0.12282544570272173,2,2,8.999999999997499,0.4199999999999591,10.0,2022,10
SPY,2022-08-19,long,425.26,422.82,2022-08-19T16:35:00+00:00,2022-08-19T16:40:00+00:00,423.399,0.21999999999997044,422.58,425.03700000000003,2,2,2022-08-19T16:45:00+00:00,423.41999999999996,2022-08-19T17:30:00+00:00,422.55,STOP_LOSS,-1.7399999999998954,0.507582,0.10199999999986176,-2.2475819999998956,-1.0622710622709766,-1.3721501831500913,4.8336765638000525,1.6380000000000337,0.005,0.0016943624365221288,,HYP-FCR-03,severe,966.7353127600105,964.4877307600107,21.999999999997044,0.415699999999999,0.5292278085156867,1,1,2.9999999999972715,0.8190000000000168,5.0,2022,12
QQQ,2022-08-23,short,316.17,313.33,2022-08-23T14:35:00+00:00,2022-08-23T14:55:00+00:00,314.13,0.42500000000001137,315.43,311.53,3,3,2022-08-23T15:00:00+00:00,314.0801,2022-08-23T17:29:00+00:00,315.46,STOP_LOSS,-4.139699999999891,0.5665860899999999,0.23969999999985703,-4.706286089999891,-1.0614615384615014,-1.2067400230768845,5.0177376221500785,3.900000000000034,0.005,0.003886213562446995,,HYP-FCR-03,severe,1003.5475244300156,998.8412383400157,42.50000000000114,0.9209857142857102,0.46146209806264915,4,4,0.9999999999990905,1.3000000000000114,20.0,2022,11
SPY,2022-08-23,short,414.51,412.35,2022-08-23T14:35:00+00:00,2022-08-23T14:55:00+00:00,412.8999,0.2400000000000091,414.09999999999997,410.4997000000001,2,2,2022-08-23T15:00:00+00:00,412.88000000000005,2022-08-23T19:59:00+00:00,412.35999999999996,FORCED_SESSION_CLOSE,1.040000000000191,0.495144,0.09979999999984557,0.544856000000191,0.43329722523132347,0.22700441629872825,4.822438653800053,2.400199999999927,0.005,0.0024885749434143487,,HYP-FCR-03,severe,964.4877307600107,965.0325867600109,24.00000000000091,0.8343857142857141,0.28763675586831444,4,4,43.00000000000068,1.2000999999999635,20.0,2022,11
QQQ,2022-08-25,short,317.85,315.7577,2022-08-25T15:10:00+00:00,2022-08-25T15:15:00+00:00,317.38,0.19999999999998863,318.14,315.86,3,3,2022-08-25T15:20:00+00:00,317.35,2022-08-25T17:30:00+00:00,318.16999999999996,STOP_LOSS,-2.459999999999809,0.5719679999999999,0.1799999999998363,-3.031967999999809,-1.0789473684209818,-1.3298105263157216,4.994206191700079,2.2799999999999727,0.005,0.002282645041557483,,HYP-FCR-03,severe,998.8412383400157,995.8092703400159,19.999999999998863,0.5020857142857105,0.3983383599840469,1,1,27.99999999999727,0.7599999999999909,5.0,2022,11
SPY,2022-08-25,short,416.52,414.09,2022-08-25T15:10:00+00:00,2022-08-25T15:15:00+00:00,415.79,0.18999999999999773,416.67,414.03000000000003,2,2,2022-08-25T15:20:00+00:00,415.75,2022-08-25T17:42:00+00:00,416.7,STOP_LOSS,-1.8999999999999773,0.49946999999999997,0.13999999999998636,-2.3994699999999773,-1.0795454545454473,-1.3633352272727215,4.825162933800055,1.759999999999991,0.005,0.0018237726105281007,,HYP-FCR-03,severe,965.0325867600109,962.6331167600109,18.999999999999773,0.4805714285714292,0.39536266349583304,1,1,17.00000000000159,0.8799999999999955,5.0,2022,11
QQQ,2022-08-29,short,307.14,304.013,2022-08-29T14:15:00+00:00,2022-08-29T14:30:00+00:00,305.36,0.029999999999972715,306.90999999999997,302.2600000000001,3,3,2022-08-29T14:35:00+00:00,305.36,2022-08-29T17:45:00+00:00,306.93999999999994,STOP_LOSS,-4.739999999999782,0.55107,0.08999999999991815,-5.291069999999782,-1.0193548387096605,-1.1378645161290188,4.97904635170008,4.649999999999864,0.005,0.0046695689008921714,,HYP-FCR-03,severe,995.8092703400159,990.5182003400162,2.9999999999972715,1.1050538461538553,0.027147998357173134,3,3,8.000000000004093,1.5499999999999545,15.0,2022,10
SPY,2022-08-29,short,404.17,401.5101,2022-08-29T14:25:00+00:00,2022-08-29T14:30:00+00:00,402.88,0.03000000000002956,404.21,400.22,2,2,2022-08-29T14:35:00+00:00,402.85,2022-08-29T16:05:00+00:00,404.23999999999995,STOP_LOSS,-2.779999999999859,0.4842539999999999,0.11999999999989086,-3.264253999999859,-1.0451127819548467,-1.2271631578946984,4.813165583800055,2.659999999999968,0.005,0.002763254196939413,,HYP-FCR-03,severe,962.6331167600109,959.3688627600111,3.000000000002956,0.9913538461538346,0.030261646854370775,1,1,23.210000000000264,1.329999999999984,5.0,2022,10
QQQ,2022-09-01,long,297.9373,295.89,2022-09-01T14:20:00+00:00,2022-09-01T14:25:00+00:00,296.55,0.6999999999999886,295.22,299.21,3,3,2022-09-01T14:30:00+00:00,296.59,2022-09-01T14:38:00+00:00,295.19000000000005,STOP_LOSS,-4.199999999999761,0.532602,0.209999999999809,-4.732601999999761,-1.0526315789473213,-1.1861157894736385,4.952591001700081,3.9899999999999523,0.005,0.004028194533558597,,HYP-FCR-03,severe,990.5182003400162,985.7855983400163,69.99999999999886,1.0089000000000017,0.6938249578749008,1,1,83.9999999999975,1.329999999999984,5.0,2022,10
SPY,2022-09-01,long,393.46,391.95,2022-09-01T14:20:00+00:00,2022-09-01T14:25:00+00:00,392.62,0.9382999999999697,390.93,396.0,2,2,2022-09-01T14:30:00+00:00,392.65999999999997,2022-09-01T14:40:00+00:00,390.90000000000003,STOP_LOSS,-3.519999999999868,0.47013599999999994,0.13999999999987267,-3.9901359999998682,-1.0414201183431577,-1.1805136094674182,4.796844313800055,3.3799999999999955,0.005,0.0035231495738521925,,HYP-FCR-03,severe,959.3688627600111,955.3787267600112,93.82999999999697,0.9600249999999969,0.9773703809796336,1,1,117.00000000000159,1.6899999999999977,5.0,2022,10
QQQ,2022-09-02,long,302.61,299.6,2022-09-02T14:05:00+00:00,2022-09-02T14:15:00+00:00,301.7,1.0100000000000477,299.41,306.2799999999999,2,2,2022-09-02T14:20:00+00:00,301.7,2022-09-02T16:33:00+00:00,299.38000000000005,STOP_LOSS,-4.639999999999873,0.36064799999999997,0.05999999999994543,-5.000647999999873,-1.013100436681211,-1.0918445414847058,4.928927991700082,4.579999999999927,0.005,0.0046460406884745314,,HYP-FCR-03,severe,985.7855983400163,980.7849503400165,101.00000000000477,1.2216600000000029,0.8267439385754182,2,2,30.500000000000682,2.2899999999999636,10.0,2022,10
SPY,2022-09-02,long,400.43,397.64,2022-09-02T14:05:00+00:00,2022-09-02T14:15:00+00:00,399.49,1.0699999999999932,397.23,404.01,2,2,2022-09-02T14:20:00+00:00,399.53999999999996,2022-09-02T16:37:00+00:00,397.20000000000005,STOP_LOSS,-4.679999999999836,0.47804399999999997,0.15999999999985448,-5.158043999999836,-1.0353982300884634,-1.1411601769911188,4.776893633800056,4.519999999999982,0.005,0.00473110806572878,,HYP-FCR-03,severe,955.3787267600112,950.2206827600114,106.99999999999932,1.1799699999999973,0.9068027153232672,2,2,50.99999999999909,2.259999999999991,10.0,2022,10
QQQ,2022-09-06,long,296.6,293.03,2022-09-06T14:35:00+00:00,2022-09-06T14:40:00+00:00,293.7801,0.727800000000002,292.22,296.90029999999996,3,3,2022-09-06T14:45:00+00:00,293.83,2022-09-06T17:12:00+00:00,292.19000000000005,STOP_LOSS,-4.9199999999997885,0.527418,0.23969999999985703,-5.4474179999997885,-1.0512146657265262,-1.1639035959233102,4.903924751700083,4.6802999999999315,0.005,0.004771994103679277,,HYP-FCR-03,severe,980.7849503400165,975.3375323400168,72.7800000000002,1.0721499999999935,0.678822925896569,1,1,122.99999999999613,1.5600999999999772,5.0,2022,10
SPY,2022-09-06,long,394.12,390.52,2022-09-06T14:35:00+00:00,2022-09-06T14:40:00+00:00,391.8701,0.726600000000019,390.2292,395.15189999999996,2,2,2022-09-06T14:45:00+00:00,391.90999999999997,2022-09-06T17:07:00+00:00,390.1992,STOP_LOSS,-3.4215999999998985,0.46926551999999994,0.13979999999992287,-3.8908655199998985,-1.042598573953295,-1.185588859772054,4.751103413800057,3.2817999999999756,0.005,0.0034537240238421856,,HYP-FCR-03,severe,950.2206827600114,946.3298172400115,72.6600000000019,1.1945285714285572,0.6082734372197273,1,1,84.99999999999659,1.6408999999999878,5.0,2022,10
QQQ,2022-09-07,long,295.66,293.42,2022-09-07T14:25:00+00:00,2022-09-07T14:55:00+00:00,294.39,0.06999999999999318,294.1,294.9699999999999,3,3,2022-09-07T15:00:00+00:00,294.42949999999996,2022-09-07T15:01:00+00:00,294.07000000000005,STOP_LOSS,-1.0784999999997353,0.52964955,0.20849999999984448,-1.6081495499997354,-1.2396551724136444,-1.8484477586206174,4.876687661700084,0.8699999999998909,0.005,0.0008919988938727688,,HYP-FCR-03,severe,975.3375323400168,973.729382790017,6.999999999999318,0.8584428571428597,0.0815429931270824,6,6,0.9999999999990905,0.2899999999999636,30.0,2022,11
QQQ,2022-09-08,short,299.23,295.45,2022-09-08T16:00:00+00:00,2022-09-08T16:05:00+00:00,297.29,1.829999999999984,300.67,290.53000000000003,1,1,2022-09-08T16:10:00+00:00,297.25930000000005,2022-09-08T19:59:00+00:00,300.53999999999996,FORCED_SESSION_CLOSE,-3.2806999999999107,0.17933979,0.060699999999940246,-3.460039789999911,-0.9706213017751228,-1.0236804112425786,4.868646913950085,3.3799999999999955,0.005,0.0034711903119481876,,HYP-FCR-03,severe,973.729382790017,970.2693430000171,182.9999999999984,0.7029285714285761,2.603393964028006,1,1,126.99999999999818,3.3799999999999955,5.0,2022,12
SPY,2022-09-08,short,397.7,394.12,2022-09-08T16:00:00+00:00,2022-09-08T16:05:00+00:00,396.41,1.9300000000000068,399.76,389.7100000000001,1,1,2022-09-08T16:10:00+00:00,396.365,2022-09-08T17:37:00+00:00,399.78999999999996,STOP_LOSS,-3.4249999999999545,0.23884649999999996,0.07499999999998863,-3.6638464999999547,-1.0223880597014894,-1.0936855223880573,4.731649086200058,3.349999999999966,0.005,0.0035399920186075327,,HYP-FCR-03,severe,946.3298172400115,942.6659707400115,193.00000000000068,0.7499214285714159,2.5736029488804117,1,1,199.0000000000009,3.349999999999966,5.0,2022,12
SPY,2022-09-12,short,411.03,408.46,2022-09-12T14:50:00+00:00,2022-09-12T14:55:00+00:00,410.51,0.024999999999977263,411.26,409.01,2,2,2022-09-12T15:00:00+00:00,410.49,2022-09-12T15:56:00+00:00,409.03999999999996,TAKE_PROFIT,2.900000000000091,0.49171799999999993,0.09999999999990905,2.408282000000091,1.933333333333394,1.605521333333394,4.713329853700058,1.5,0.005,0.0015912317263584578,,HYP-FCR-03,severe,942.6659707400115,945.0742527400116,2.4999999999977263,0.5198714285714264,0.04808881316804747,1,1,31.000000000000227,0.75,5.0,2022,11
QQQ,2022-09-12,short,310.62,308.28,2022-09-12T14:35:00+00:00,2022-09-12T15:00:00+00:00,309.3,0.07999999999998408,310.46,306.9800000000001,3,3,2022-09-12T15:05:00+00:00,309.28000000000003,2022-09-12T15:29:00+00:00,310.48999999999995,STOP_LOSS,-3.629999999999768,0.557793,0.14999999999986358,-4.187792999999768,-1.0431034482758241,-1.2033887931034146,4.851346715000085,3.4799999999999045,0.005,0.0035866329541444073,,HYP-FCR-03,severe,970.2693430000171,966.0815500000174,7.999999999998408,0.5753571428571556,0.13904407200493513,5,5,23.00000000000182,1.1599999999999682,25.0,2022,11
QQQ,2022-09-14,long,295.95,293.16,2022-09-14T14:30:00+00:00,2022-09-14T14:40:00+00:00,295.58,0.4199999999999591,293.33,300.08,2,2,2022-09-14T14:45:00+00:00,295.61999999999995,2022-09-14T19:16:00+00:00,293.3,STOP_LOSS,-4.639999999999873,0.35335199999999994,0.13999999999987267,-4.993351999999873,-1.031111111111083,-1.1096337777777494,4.830407750000087,4.5,0.005,0.004657991864144304,,HYP-FCR-03,severe,966.0815500000174,961.0881980000175,41.99999999999591,1.1987999999999974,0.350350350350317,2,2,10.000000000002274,2.25,10.0,2022,10
SPY,2022-09-14,long,395.61,393.02,2022-09-14T14:30:00+00:00,2022-09-14T14:40:00+00:00,394.71,0.4399999999999977,391.99,400.1499999999999,1,1,2022-09-14T14:45:00+00:00,394.75,2022-09-14T19:15:00+00:00,391.96000000000004,STOP_LOSS,-2.7899999999999636,0.236013,0.06999999999999318,-3.0260129999999634,-1.0257352941176447,-1.1125047794117633,4.725371263700058,2.7199999999999704,0.005,0.0028780807350470036,,HYP-FCR-03,severe,945.0742527400116,942.0482397400117,43.99999999999977,1.2122714285714349,0.3629550195029364,2,2,125.99999999999909,2.7199999999999704,10.0,2022,10
QQQ,2022-09-15,short,296.22,293.53,2022-09-15T14:15:00+00:00,2022-09-15T14:25:00+00:00,293.595,0.8199999999999932,295.8583,289.0684000000001,2,2,2022-09-15T14:30:00+00:00,293.555,2022-09-15T19:59:00+00:00,291.04999999999995,FORCED_SESSION_CLOSE,5.010000000000105,0.350763,0.13999999999998636,4.659237000000105,1.106790968939203,1.0293016833827133,4.805440990000088,4.526599999999917,0.005,0.0047098695098114545,,HYP-FCR-03,severe,961.0881980000175,965.7474350000176,81.99999999999932,0.9663333333333336,0.8485684718868503,2,2,13.999999999998636,2.2632999999999583,10.0,2022,10
SPY,2022-09-15,short,395.36,392.2929,2022-09-15T14:15:00+00:00,2022-09-15T14:25:00+00:00,392.92,0.8000000000000114,395.19,388.38000000000005,2,2,2022-09-15T14:30:00+00:00,392.89000000000004,2022-09-15T19:59:00+00:00,390.15999999999997,FORCED_SESSION_CLOSE,5.46000000000015,0.4698299999999999,0.11999999999989086,4.99017000000015,1.20264317180621,1.0991563876652402,4.710241198700059,4.539999999999964,0.005,0.004819286113472195,,HYP-FCR-03,severe,942.0482397400117,947.0384097400118,80.00000000000114,0.969900000000005,0.8248273017836966,2,2,31.000000000000227,2.269999999999982,10.0,2022,10
QQQ,2022-09-16,short,287.78,285.64,2022-09-16T14:45:00+00:00,2022-09-16T16:10:00+00:00,286.63,0.03000000000002956,287.59,284.71000000000004,3,3,2022-09-16T16:15:00+00:00,286.58200000000005,2022-09-16T18:26:00+00:00,287.61999999999995,STOP_LOSS,-3.1139999999996917,0.5167818,0.23399999999975307,-3.6307817999996916,-1.081249999999916,-1.2606881249999198,4.8287371750000885,2.8799999999999386,0.005,0.002982146155014003,,HYP-FCR-03,severe,965.7474350000176,962.1166532000179,3.000000000002956,0.7049714285714279,0.0425549161060645,17,17,2.0000000000038654,0.9599999999999795,85.0,2022,12
SPY,2022-09-16,short,384.68,382.12,2022-09-16T14:50:00+00:00,2022-09-16T16:10:00+00:00,383.12,0.1300000000000523,384.28,380.80000000000007,2,2,2022-09-16T16:15:00+00:00,383.1,2022-09-16T18:27:00+00:00,384.30999999999995,STOP_LOSS,-2.4199999999998454,0.46044599999999997,0.09999999999990905,-2.8804459999998455,-1.0431034482758241,-1.2415715517241055,4.73519204870006,2.3199999999999363,0.005,0.002449742245023452,,HYP-FCR-03,severe,947.0384097400118,944.157963740012,13.00000000000523,0.7473999999999867,0.173936312550247,16,16,7.999999999998408,1.1599999999999682,80.0,2022,12
QQQ,2022-09-19,short,288.8495,286.04,2022-09-19T15:25:00+00:00,2022-09-19T15:30:00+00:00,287.92,0.2599999999999909,289.21999999999997,285.3200000000001,3,3,2022-09-19T15:35:00+00:00,287.88500000000005,2022-09-19T16:55:00+00:00,289.24999999999994,STOP_LOSS,-4.094999999999686,0.5194215,0.19499999999982265,-4.614421499999686,-1.0499999999999563,-1.1831849999999609,4.81058326600009,3.8999999999998636,0.005,0.00405356251451255,,HYP-FCR-03,severe,962.1166532000179,957.5022317000182,25.99999999999909,0.642628571428576,0.40458829806151597,1,1,1.0500000000035925,1.2999999999999545,5.0,2022,11
SPY,2022-09-19,short,385.49,382.1784,2022-09-19T15:25:00+00:00,2022-09-19T15:30:00+00:00,384.93,0.3199999999999932,386.3699,382.0502000000001,2,2,2022-09-19T15:35:00+00:00,384.91,2022-09-19T19:01:00+00:00,386.39989999999995,STOP_LOSS,-2.979799999999841,0.46278593999999995,0.09999999999990905,-3.442585939999841,-1.0347246336550842,-1.195425355927468,4.72078981870006,2.879799999999932,0.005,0.0030501252021350616,,HYP-FCR-03,severe,944.157963740012,940.7153778000121,31.999999999999318,0.7089285714285681,0.4513853904282041,1,1,43.99999999999977,1.439899999999966,5.0,2022,11
SPY,2022-09-20,long,385.3,383.41,2022-09-20T14:40:00+00:00,2022-09-20T14:55:00+00:00,384.65,0.10039999999997917,383.86,386.2299999999999,2,2,2022-09-20T15:00:00+00:00,384.69,2022-09-20T16:47:00+00:00,383.83000000000004,STOP_LOSS,-1.7199999999999136,0.46111199999999997,0.13999999999998636,-2.1811119999999136,-1.0886075949367042,-1.3804506329114012,4.70357688900006,1.5799999999999272,0.005,0.001679572841357146,,HYP-FCR-03,severe,940.7153778000121,938.5342658000122,10.039999999997917,0.764971428571414,0.13124673190406133,3,3,16.0000000000025,0.7899999999999636,15.0,2022,11
QQQ,2022-09-20,short,289.22,287.79,2022-09-20T17:00:00+00:00,2022-09-20T17:05:00+00:00,288.94,0.06999999999999318,289.3795,288.061,3,3,2022-09-20T17:10:00+00:00,288.89000000000004,2022-09-20T17:27:00+00:00,288.09099999999995,TAKE_PROFIT,2.3970000000002756,0.5192829,0.23999999999978172,1.8777171000002757,1.8179749715587588,1.4241312855519415,4.787511158500092,1.3185000000000286,0.005,0.0013770202891945943,,HYP-FCR-03,severe,957.5022317000182,959.3799488000185,6.999999999999318,0.4300000000000068,0.16279069767440016,1,1,18.999999999999773,0.43950000000000955,5.0,2022,13
QQQ,2022-09-21,short,290.48,289.025,2022-09-21T14:30:00+00:00,2022-09-21T14:40:00+00:00,289.44,0.009999999999990905,290.50149999999996,287.31700000000006,3,3,2022-09-21T14:45:00+00:00,289.40000000000003,2022-09-21T16:33:00+00:00,290.53149999999994,STOP_LOSS,-3.3944999999997094,0.52193835,0.209999999999809,-3.9164383499997095,-1.0659444182759665,-1.2298440414507243,4.7968997440000924,3.1844999999999004,0.005,0.003319331411901027,,HYP-FCR-03,severe,959.3799488000185,955.4635104500188,0.9999999999990905,0.6465214285714305,0.015467391424422156,2,2,7.999999999998408,1.0614999999999668,10.0,2022,10
SPY,2022-09-21,long,386.88,385.42,2022-09-21T15:05:00+00:00,2022-09-21T16:10:00+00:00,386.34,0.160000000000025,385.93,387.1599999999999,2,2,2022-09-21T16:15:00+00:00,386.35999999999996,2022-09-21T16:56:00+00:00,385.90000000000003,STOP_LOSS,-0.9199999999998454,0.46335599999999993,0.09999999999990905,-1.3833559999998453,-1.1219512195120938,-1.6870195121950642,4.692671329000062,0.8199999999999363,0.005,0.0008737027830315427,,HYP-FCR-03,severe,938.5342658000122,937.1509098000124,16.0000000000025,0.3626571428571432,0.4411880564091129,13,13,2.0000000000038654,0.40999999999996817,65.0,2022,12
SPY,2022-09-22,long,377.66,374.44,2022-09-22T15:45:00+00:00,2022-09-22T15:50:00+00:00,374.94,0.11000000000001364,374.31,376.2,2,2,2022-09-22T15:55:00+00:00,374.96,2022-09-22T15:59:00+00:00,374.28000000000003,STOP_LOSS,-1.3599999999999,0.44954399999999994,0.09999999999990905,-1.8095439999999,-1.0793650793650078,-1.4361460317459627,4.6857545490000625,1.259999999999991,0.005,0.0013445006421312384,,HYP-FCR-03,severe,937.1509098000124,935.3413658000126,11.000000000001364,0.7176785714285521,0.15327195819858,1,1,26.99999999999818,0.6299999999999955,5.0,2022,11
QQQ,2022-09-22,long,282.94,280.3,2022-09-22T16:20:00+00:00,2022-09-22T16:25:00+00:00,280.36,0.06999999999999318,279.8114,281.45720000000006,3,3,2022-09-22T16:30:00+00:00,280.3973,2022-09-22T17:09:00+00:00,279.7814,STOP_LOSS,-1.8476999999998611,0.5041608299999999,0.2018999999997959,-2.351860829999861,-1.1226759022966266,-1.429007674079334,4.777317552250095,1.6458000000000652,0.005,0.001722514760636857,,HYP-FCR-03,severe,955.4635104500188,953.111649620019,6.999999999999318,0.7067500000000037,0.09904492394763752,1,1,53.000000000002956,0.5486000000000217,5.0,2022,12
QQQ,2022-09-26,short,278.53,274.75,2022-09-26T14:40:00+00:00,2022-09-26T14:50:00+00:00,277.34,0.07999999999998408,278.53499999999997,274.95,3,3,2022-09-26T14:55:00+00:00,277.32050000000004,2022-09-26T16:24:00+00:00,274.97999999999996,TAKE_PROFIT,7.021500000000231,0.49707044999999994,0.14849999999972852,6.524429550000231,1.958577405857816,1.819924560669531,4.765558248100095,3.5849999999999795,0.005,0.003761364160672285,,HYP-FCR-03,severe,953.111649620019,959.6360791700192,7.999999999998408,0.8655642857142831,0.09242525520096556,2,2,6.990000000001828,1.1949999999999932,10.0,2022,10
SPY,2022-09-26,short,368.67,366.06,2022-09-26T15:00:00+00:00,2022-09-26T15:10:00+00:00,367.39,0.7450000000000045,368.53999999999996,365.09000000000003,2,2,2022-09-26T15:15:00+00:00,367.35060000000004,2022-09-26T16:24:00+00:00,365.12,TAKE_PROFIT,4.461200000000076,0.43948236,0.13879999999983283,4.021717640000076,1.939652173913115,1.7485728869565893,4.676706829000063,2.2999999999999545,0.005,0.002458995276053815,,HYP-FCR-03,severe,935.3413658000126,939.3630834400126,74.50000000000045,0.9609285714285656,0.7752917564855517,2,2,16.999999999995907,1.1499999999999773,10.0,2022,11
SPY,2022-09-29,long,367.11,362.81,2022-09-29T15:40:00+00:00,2022-09-29T15:45:00+00:00,363.75,0.08999999999997499,362.91,365.42999999999995,2,2,2022-09-29T15:50:00+00:00,363.77,2022-09-29T16:19:00+00:00,362.88000000000005,STOP_LOSS,-1.779999999999859,0.43599,0.09999999999990905,-2.215989999999859,-1.0595238095237571,-1.319041666666622,4.696815417200063,1.67999999999995,0.005,0.001788445841247746,,HYP-FCR-03,severe,939.3630834400126,937.1470934400128,8.999999999997499,0.8641499999999951,0.10414858531502112,1,1,25.99999999999909,0.839999999999975,5.0,2022,11
QQQ,2022-09-29,long,276.25,272.48,2022-09-29T15:50:00+00:00,2022-09-29T15:55:00+00:00,272.8224,0.11000000000001364,272.27,273.9272000000001,3,3,2022-09-29T16:00:00+00:00,272.86999999999995,2022-09-29T16:11:00+00:00,272.24,STOP_LOSS,-1.8899999999998158,0.49059899999999995,0.23279999999971324,-2.380598999999816,-1.1404779145544888,-1.436518826936802,4.798180395850096,1.6572000000001026,0.005,0.0017269046422612624,,HYP-FCR-03,severe,959.6360791700192,957.2554801700194,11.000000000001364,0.7056999999999951,0.15587360068019612,1,1,9.500000000002728,0.5524000000000342,5.0,2022,12
QQQ,2022-09-30,short,273.15,270.0,2022-09-30T15:45:00+00:00,2022-09-30T15:50:00+00:00,272.41,0.22000000000002728,273.83,269.5700000000001,3,3,2022-09-30T15:55:00+00:00,272.34000000000003,2022-09-30T18:47:00+00:00,269.6000000000001,TAKE_PROFIT,8.219999999999857,0.487746,0.2999999999998977,7.732253999999857,1.9295774647887545,1.815083098591568,4.786277400850097,4.259999999999877,0.005,0.004450222629431438,,HYP-FCR-03,severe,957.2554801700194,964.9877341700193,22.00000000000273,0.6795857142857155,0.32372664017998115,1,1,2.0000000000038654,1.419999999999959,5.0,2022,11
SPY,2022-09-30,short,363.69,360.1623,2022-09-30T15:45:00+00:00,2022-09-30T15:50:00+00:00,362.8832,0.29000000000002046,364.67,359.30959999999993,2,2,2022-09-30T15:55:00+00:00,362.85,2022-09-30T18:48:00+00:00,359.3395999999999,TAKE_PROFIT,7.020800000000236,0.43331375999999994,0.12639999999987594,6.587486240000236,1.9646295052608367,1.8433753749720543,4.685735467200064,3.573600000000056,0.005,0.0038132754452477034,,HYP-FCR-03,severe,937.1470934400128,943.734579680013,29.000000000002046,0.7842785714285745,0.3697665734660854,1,1,16.0000000000025,1.786800000000028,5.0,2022,11
QQQ,2022-10-04,short,281.53,278.99,2022-10-04T16:45:00+00:00,2022-10-04T16:50:00+00:00,280.97,0.24010000000004084,282.01,278.8900000000001,3,3,2022-10-04T16:55:00+00:00,280.93,2022-10-04T18:50:00+00:00,282.03999999999996,STOP_LOSS,-3.3299999999998704,0.5066729999999999,0.20999999999997954,-3.8366729999998705,-1.067307692307688,-1.2297028846153861,4.824938670850097,3.119999999999891,0.005,0.003233201718033635,,HYP-FCR-03,severe,964.9877341700193,961.1510611700194,24.010000000004084,0.4542785714285742,0.5285303228039043,1,1,20.000000000004547,1.0399999999999636,5.0,2022,12
SPY,2022-10-04,short,376.07,372.31,2022-10-04T17:05:00+00:00,2022-10-04T17:15:00+00:00,374.32,0.2617999999999938,376.07,370.82,2,2,2022-10-04T17:20:00+00:00,374.29,2022-10-04T17:51:00+00:00,376.09999999999997,STOP_LOSS,-3.619999999999891,0.45023399999999997,0.11999999999989086,-4.070233999999891,-1.0342857142856832,-1.1629239999999688,4.718672898400065,3.5,0.005,0.003708669869007795,,HYP-FCR-03,severe,943.734579680013,939.6643456800131,26.17999999999938,0.5584285714285622,0.4688155538500862,2,2,0.9999999999990905,1.75,10.0,2022,13
QQQ,2022-10-05,long,279.62,277.84,2022-10-05T16:05:00+00:00,2022-10-05T16:10:00+00:00,278.92,0.7200000000000273,277.28000000000003,282.2,2,2,2022-10-05T16:15:00+00:00,278.95,2022-10-05T18:59:00+00:00,282.17,TAKE_PROFIT,6.440000000000055,0.33667199999999997,0.11999999999989086,6.1033280000000545,1.9634146341463745,1.8607707317073492,4.805755305850097,3.2799999999999727,0.005,0.0034125749140901888,,HYP-FCR-03,severe,961.1510611700194,967.2543891700194,72.00000000000273,0.6216642857142786,1.1581813794768074,1,1,56.49999999999977,1.6399999999999864,5.0,2022,12
SPY,2022-10-05,long,375.18,373.3,2022-10-05T16:05:00+00:00,2022-10-05T16:10:00+00:00,374.315,0.6499999999999773,372.57,377.805,2,2,2022-10-05T16:15:00+00:00,374.34999999999997,2022-10-05T19:00:00+00:00,377.77500000000003,TAKE_PROFIT,6.850000000000136,0.451275,0.12999999999988177,6.3987250000001366,1.9627507163324123,1.8334455587392893,4.698321728400066,3.490000000000009,0.005,0.0037140921820060947,,HYP-FCR-03,severe,939.6643456800131,946.0630706800132,64.99999999999773,0.6996357142857212,0.9290549163339689,1,1,71.01000000000113,1.7450000000000045,5.0,2022,12
QQQ,2022-10-06,long,284.18,280.95,2022-10-06T14:45:00+00:00,2022-10-06T14:50:00+00:00,281.5889,0.2500999999999749,280.23,284.30670000000003,3,3,2022-10-06T14:55:00+00:00,281.61499999999995,2022-10-06T18:45:00+00:00,280.20000000000005,STOP_LOSS,-4.24499999999972,0.5056335,0.1682999999997037,-4.75063349999972,-1.041283390977924,-1.1653134888512033,4.836271945850097,4.076700000000017,0.005,0.0042147133635631745,,HYP-FCR-03,severe,967.2543891700194,962.5037556700197,25.00999999999749,1.0401500000000072,0.2404460895062954,1,1,67.00000000000159,1.3589000000000055,5.0,2022,10
SPY,2022-10-06,long,378.72,375.34,2022-10-06T14:45:00+00:00,2022-10-06T14:50:00+00:00,375.83,0.4399999999999977,374.195,379.09999999999997,2,2,2022-10-06T14:55:00+00:00,375.888,2022-10-06T16:11:00+00:00,374.165,STOP_LOSS,-3.4459999999999127,0.4500318,0.17599999999993088,-3.896031799999913,-1.053822629969398,-1.1914470336391236,4.730315353400066,3.269999999999982,0.005,0.003456429176174866,,HYP-FCR-03,severe,946.0630706800132,942.1670388800133,43.99999999999977,1.1063071428571456,0.3977195689649576,1,1,98.98999999999774,1.634999999999991,5.0,2022,10
SPY,2022-10-07,long,369.37,365.36,2022-10-07T14:05:00+00:00,2022-10-07T14:20:00+00:00,366.44,0.05500000000000682,365.52070000000003,368.2785999999999,2,2,2022-10-07T14:25:00+00:00,366.46,2022-10-07T15:19:00+00:00,365.49070000000006,STOP_LOSS,-1.9385999999998376,0.43917042,0.09999999999990905,-2.3777704199998375,-1.054389209180851,-1.293250527575291,4.710835194400066,1.8385999999999285,0.005,0.001951458631142028,,HYP-FCR-03,severe,942.1670388800133,939.7892684600134,5.500000000000682,1.094890909090912,0.050233315066679406,3,3,48.00000000000182,0.9192999999999643,15.0,2022,10
QQQ,2022-10-07,long,275.15,271.96,2022-10-07T14:40:00+00:00,2022-10-07T14:45:00+00:00,272.76,0.09000000000003183,271.75,274.78,3,3,2022-10-07T14:50:00+00:00,272.79999999999995,2022-10-07T15:19:00+00:00,271.72,STOP_LOSS,-3.2399999999997817,0.49006799999999995,0.209999999999809,-3.7300679999997817,-1.069306930693007,-1.2310455445543944,4.812518778350099,3.0299999999999727,0.005,0.003148039664417438,,HYP-FCR-03,severe,962.5037556700197,958.77368767002,9.000000000003183,0.7882071428571423,0.11418318244845413,1,1,19.999999999998863,1.009999999999991,5.0,2022,10
QQQ,2022-10-10,long,269.7,266.71,2022-10-10T14:15:00+00:00,2022-10-10T14:20:00+00:00,267.145,0.28000000000002956,266.3,268.8349999999999,3,3,2022-10-10T14:25:00+00:00,267.14,2022-10-10T14:37:00+00:00,266.27000000000004,STOP_LOSS,-2.609999999999843,0.48006899999999997,0.1049999999999045,-3.090068999999843,-1.0295857988165422,-1.2189621301774956,4.7938684383501,2.5349999999999113,0.005,0.002644002471699431,,HYP-FCR-03,severe,958.77368767002,955.6836186700201,28.000000000002956,0.9899999999999936,0.2828282828283145,1,1,32.99999999999841,0.8449999999999704,5.0,2022,10
SPY,2022-10-10,long,364.21,361.54,2022-10-10T14:15:00+00:00,2022-10-10T14:20:00+00:00,361.7861,0.1099999999999568,361.04,363.2782999999999,2,2,2022-10-10T14:25:00+00:00,361.80999999999995,2022-10-10T14:37:00+00:00,361.01000000000005,STOP_LOSS,-1.5999999999997954,0.4336919999999999,0.10779999999988377,-2.033691999999795,-1.0722423267657755,-1.3628816512531265,4.698946342300068,1.4921999999999116,0.005,0.0015878027660872385,,HYP-FCR-03,severe,939.7892684600134,937.7555764600137,10.99999999999568,0.9653090909090917,0.11395313794917537,1,1,40.00000000000341,0.7460999999999558,5.0,2022,10
QQQ,2022-10-11,long,265.32,262.32,2022-10-11T14:10:00+00:00,2022-10-11T14:15:00+00:00,262.59,0.12000000000000455,261.93,263.9099999999999,3,3,2022-10-11T14:20:00+00:00,262.59999999999997,2022-10-11T14:40:00+00:00,263.87999999999994,TAKE_PROFIT,3.839999999999918,0.4738319999999999,0.11999999999989086,3.3661679999999183,1.9393939393939916,1.7000848484848892,4.7784180933501,1.9799999999999045,0.005,0.0020718153595175957,,HYP-FCR-03,severe,955.6836186700201,959.04978667002,12.000000000000455,0.8625,0.13913043478261397,1,1,37.000000000000455,0.6599999999999682,5.0,2022,10
SPY,2022-10-11,long,358.9,356.5,2022-10-11T14:30:00+00:00,2022-10-11T14:40:00+00:00,358.24,0.17999999999994998,356.714,361.29200000000003,2,2,2022-10-11T14:45:00+00:00,358.29999999999995,2022-10-11T15:48:00+00:00,361.26200000000006,TAKE_PROFIT,5.9240000000002055,0.4317372,0.1799999999998363,5.492262800000206,1.9410222804718757,1.7995618610747601,4.6887778823000685,3.052000000000021,0.005,0.003254579419853932,,HYP-FCR-03,severe,937.7555764600137,943.2478392600138,17.999999999994998,0.8285714285714343,0.21724137931028295,2,2,24.00000000000091,1.5260000000000105,10.0,2022,10
QQQ,2022-10-17,short,269.56,266.74,2022-10-17T14:20:00+00:00,2022-10-17T14:25:00+00:00,268.92,0.2300000000000182,269.83,267.1000000000001,3,3,2022-10-17T14:30:00+00:00,268.89500000000004,2022-10-17T15:53:00+00:00,269.85999999999996,STOP_LOSS,-2.8949999999997544,0.48487949999999996,0.16499999999984993,-3.3798794999997543,-1.0604395604395076,-1.2380510989010522,4.7952489333501,2.7299999999999045,0.005,0.002846567548363592,,HYP-FCR-03,severe,959.04978667002,955.6699071700202,23.00000000000182,0.9159833333333248,0.25109627176624794,1,1,14.999999999997726,0.9099999999999682,5.0,2022,10
SPY,2022-10-17,short,367.38,363.97,2022-10-17T14:20:00+00:00,2022-10-17T14:25:00+00:00,366.725,0.4399999999999977,367.81,364.55500000000006,2,2,2022-10-17T14:30:00+00:00,366.69000000000005,2022-10-17T18:01:00+00:00,367.84,STOP_LOSS,-2.299999999999841,0.44071799999999994,0.12999999999988177,-2.740717999999841,-1.059907834101329,-1.2630036866358951,4.716239196300069,2.169999999999959,0.005,0.0023005618562586296,,HYP-FCR-03,severe,943.2478392600138,940.5071212600141,43.99999999999977,1.024008333333337,0.4296840032226263,1,1,59.9899999999991,1.0849999999999795,5.0,2022,10
QQQ,2022-10-19,short,271.95,269.445,2022-10-19T14:50:00+00:00,2022-10-19T14:55:00+00:00,271.36,0.3300000000000409,272.36199999999997,269.3560000000001,3,3,2022-10-19T15:00:00+00:00,271.33000000000004,2022-10-19T15:19:00+00:00,272.39199999999994,STOP_LOSS,-3.1859999999996944,0.48934979999999995,0.1799999999998363,-3.6753497999996942,-1.0598802395209064,-1.2226712574849858,4.778349535850102,3.005999999999858,0.005,0.0031454375380526346,,HYP-FCR-03,severe,955.6699071700202,951.9945573700205,33.00000000000409,0.9560642857142706,0.3451650740760593,1,1,30.000000000001137,1.0019999999999527,5.0,2022,11
SPY,2022-10-19,short,370.94,367.85,2022-10-19T14:40:00+00:00,2022-10-19T14:55:00+00:00,369.68,0.29000000000002046,370.5799,367.8802,2,2,2022-10-19T15:00:00+00:00,369.65000000000003,2022-10-19T15:13:00+00:00,370.6099,STOP_LOSS,-1.9197999999998956,0.44415593999999997,0.11999999999989086,-2.3639559399998955,-1.06667407489715,-1.3134547949771582,4.702535606300071,1.7998000000000047,0.005,0.0019136484555149148,,HYP-FCR-03,severe,940.5071212600141,938.1431653200142,29.000000000002046,0.9162642857142893,0.3165025686600303,3,3,31.999999999999318,0.8999000000000024,15.0,2022,11
SPY,2022-10-20,short,369.82,367.0,2022-10-20T16:00:00+00:00,2022-10-20T16:05:00+00:00,368.79,0.4300000000000068,370.89,364.5900000000001,2,2,2022-10-20T16:10:00+00:00,368.73010000000005,2022-10-20T19:59:00+00:00,365.46,FORCED_SESSION_CLOSE,6.540200000000141,0.44051406,0.1797999999998865,6.099685940000141,1.557190476190535,1.4523061761905334,4.690715826600071,4.199999999999932,0.005,0.004476928634412906,,HYP-FCR-03,severe,938.1431653200142,944.2428512600143,43.00000000000068,0.7396928571428621,0.5813223635292694,1,1,55.860000000001264,2.099999999999966,5.0,2022,12
QQQ,2022-10-20,short,272.46,269.1132,2022-10-20T16:05:00+00:00,2022-10-20T16:10:00+00:00,272.12,0.30000000000001137,273.472,269.41600000000005,3,3,2022-10-20T16:15:00+00:00,272.1,2022-10-20T17:48:00+00:00,269.446,TAKE_PROFIT,7.961999999999989,0.4873914,0.14999999999986358,7.474608599999989,1.963017751479323,1.842852218934942,4.759972786850103,4.055999999999926,0.005,0.004260528559328142,,HYP-FCR-03,severe,951.9945573700205,959.4691659700205,30.000000000001137,0.6963928571428661,0.4307913226319406,1,1,55.00000000000114,1.3519999999999754,5.0,2022,12
QQQ,2022-10-21,short,270.75,266.8236,2022-10-21T14:20:00+00:00,2022-10-21T14:25:00+00:00,269.58,0.7799999999999727,271.74,265.25999999999993,2,2,2022-10-21T14:30:00+00:00,269.555,2022-10-21T15:50:00+00:00,271.77,STOP_LOSS,-4.42999999999995,0.324795,0.10999999999989996,-4.75479499999995,-1.0254629629629395,-1.1006469907407164,4.797345829850102,4.32000000000005,0.005,0.0045024896611789945,,HYP-FCR-03,severe,959.4691659700205,954.7143709700206,77.99999999999727,1.4176166666666603,0.5502192647283418,1,1,98.00000000000182,2.160000000000025,5.0,2022,10
SPY,2022-10-21,short,369.125,363.54,2022-10-21T14:20:00+00:00,2022-10-21T14:25:00+00:00,367.35,1.0400999999999954,369.84,362.3700000000001,1,1,2022-10-21T14:30:00+00:00,367.33000000000004,2022-10-21T15:50:00+00:00,369.86999999999995,STOP_LOSS,-2.5399999999999068,0.22116,0.049999999999954525,-2.7611599999999066,-1.0200803212851226,-1.1088995983935581,4.721214256300072,2.4899999999999523,0.005,0.00263703346726666,,HYP-FCR-03,severe,944.2428512600143,941.4816912600144,104.00999999999954,1.531241666666664,0.6792526762050387,1,1,64.49999999999818,2.4899999999999523,5.0,2022,10
SPY,2022-10-24,long,378.76,375.09,2022-10-24T14:30:00+00:00,2022-10-24T14:35:00+00:00,375.89,0.5849999999999795,373.5,380.66999999999996,1,1,2022-10-24T14:40:00+00:00,375.91999999999996,2022-10-24T19:59:00+00:00,378.81,FORCED_SESSION_CLOSE,2.890000000000043,0.22641899999999998,0.05999999999994543,2.6635810000000433,1.2092050209205272,1.1144690376569282,4.7074084563000715,2.3899999999999864,0.005,0.0025385517553733567,,HYP-FCR-03,severe,941.4816912600144,944.1452722600144,58.499999999997954,1.62963571428572,0.3589759323950438,1,1,93.99999999999977,2.3899999999999864,5.0,2022,10
QQQ,2022-10-24,long,277.27,274.23,2022-10-24T14:50:00+00:00,2022-10-24T14:55:00+00:00,275.49,0.22000000000002728,273.67,279.13,2,2,2022-10-24T15:00:00+00:00,275.52,2022-10-24T19:05:00+00:00,279.1,TAKE_PROFIT,7.160000000000082,0.33277199999999996,0.11999999999989086,6.827228000000082,1.967032967032997,1.8756120879121174,4.773571854850103,3.6399999999999864,0.005,0.003812658645016131,,HYP-FCR-03,severe,954.7143709700206,961.5415989700207,22.00000000000273,1.2572857142857086,0.17498011589594342,1,1,56.99999999999932,1.8199999999999932,5.0,2022,11
SPY,2022-10-25,short,382.6,378.71,2022-10-25T14:00:00+00:00,2022-10-25T14:05:00+00:00,381.83,0.03000000000002956,382.40999999999997,380.67,2,2,2022-10-25T14:10:00+00:00,381.8,2022-10-25T14:15:00+00:00,382.43999999999994,STOP_LOSS,-1.279999999999859,0.45854399999999995,0.11999999999989086,-1.7385439999998589,-1.1034482758619777,-1.4987448275861264,4.7207263613000725,1.1599999999999682,0.005,0.0012286244861696538,,HYP-FCR-03,severe,944.1452722600144,942.4067282600146,3.000000000002956,1.0212499999999949,0.02937576499390914,1,1,15.999999999996817,0.5799999999999841,5.0,2022,10
QQQ,2022-10-25,short,283.06,279.4,2022-10-25T16:45:00+00:00,2022-10-25T16:50:00+00:00,282.84,0.06999999999999318,283.38,281.75999999999993,3,3,2022-10-25T16:55:00+00:00,282.81,2022-10-25T18:17:00+00:00,283.40999999999997,STOP_LOSS,-1.7999999999998977,0.5095979999999999,0.1799999999998363,-2.3095979999998977,-1.111111111111006,-1.4256777777776606,4.807707994850103,1.6200000000000614,0.005,0.001684794502635523,,HYP-FCR-03,severe,961.5415989700207,959.2320009700207,6.999999999999318,0.33839285714285794,0.206860158311325,1,1,35.000000000002274,0.5400000000000205,5.0,2022,12
QQQ,2022-10-26,short,279.79,277.43,2022-10-26T17:20:00+00:00,2022-10-26T17:25:00+00:00,278.83,0.29000000000002046,279.86,276.7699999999999,3,3,2022-10-26T17:30:00+00:00,278.8,2022-10-26T18:01:00+00:00,279.89,STOP_LOSS,-3.269999999999925,0.502821,0.1799999999998363,-3.772820999999925,-1.0582524271844114,-1.2209776699028534,4.796160004850104,3.0900000000000887,0.005,0.003221327058391854,,HYP-FCR-03,severe,959.2320009700207,955.4591799700208,29.000000000002046,0.6225357142857116,0.46583672766913015,1,1,16.989999999998417,1.0300000000000296,5.0,2022,13
SPY,2022-10-26,short,383.15,381.35,2022-10-26T18:25:00+00:00,2022-10-26T18:30:00+00:00,382.66,0.12000000000000455,383.45,381.0800000000001,2,2,2022-10-26T18:35:00+00:00,382.62,2022-10-26T19:59:00+00:00,382.10999999999996,FORCED_SESSION_CLOSE,1.0200000000000955,0.45883799999999997,0.13999999999998636,0.5611620000000955,0.6455696202532547,0.35516582278488695,4.712033641300073,1.5799999999999272,0.005,0.0016765584886231815,,HYP-FCR-03,severe,942.4067282600146,942.9678902600147,12.000000000000455,0.5020428571428519,0.23902341860400098,1,1,18.000000000000682,0.7899999999999636,5.0,2022,14
SPY,2022-10-27,short,384.33,380.52,2022-10-27T14:35:00+00:00,2022-10-27T14:40:00+00:00,382.81,0.5500000000000114,384.55,379.33,2,2,2022-10-27T14:45:00+00:00,382.74,2022-10-27T19:56:00+00:00,379.35999999999996,TAKE_PROFIT,6.760000000000105,0.4572599999999999,0.1999999999999318,6.302740000000105,1.9425287356322039,1.8111321839080667,4.714839451300073,3.480000000000018,0.005,0.0036904756099812057,,HYP-FCR-03,severe,942.9678902600147,949.2706302600147,55.00000000000114,1.0759071428571392,0.5111965318302951,1,1,6.000000000000227,1.740000000000009,5.0,2022,10
QQQ,2022-10-27,long,278.2795,273.395,2022-10-27T16:30:00+00:00,2022-10-27T17:10:00+00:00,274.711,0.42999999999995,273.7701,276.5928,3,3,2022-10-27T17:15:00+00:00,274.72279999999995,2022-10-27T17:34:00+00:00,273.74010000000004,STOP_LOSS,-2.9480999999997266,0.49361660999999996,0.12539999999972906,-3.4417166099997267,-1.0444255500052182,-1.2192994685938037,4.777295899850104,2.8226999999999975,0.005,0.0029542863360092105,,HYP-FCR-03,severe,955.4591799700208,952.0174633600211,42.999999999995,0.6029214285714285,0.7131940906774515,8,8,38.49999999999909,0.9408999999999992,40.0,2022,13
SPY,2022-10-31,long,387.47,385.47,2022-10-31T14:35:00+00:00,2022-10-31T14:45:00+00:00,386.15,0.2300000000000182,385.75,386.94999999999993,2,2,2022-10-31T14:50:00+00:00,386.16999999999996,2022-10-31T15:07:00+00:00,386.91999999999996,TAKE_PROFIT,1.5,0.46385399999999993,0.09999999999990905,1.036146,1.8750000000001066,1.2951825000000736,4.746353151300074,0.7999999999999545,0.005,0.0008427522926531778,,HYP-FCR-03,severe,949.2706302600147,950.3067762600148,23.00000000000182,0.7478500000000038,0.3075483051414281,2,2,10.000000000002274,0.39999999999997726,10.0,2022,10
QQQ,2022-10-31,long,279.76,277.13,2022-10-31T15:05:00+00:00,2022-10-31T15:25:00+00:00,278.2257,0.08000000000004093,277.67,279.3371,3,3,2022-10-31T15:30:00+00:00,278.26,2022-10-31T15:58:00+00:00,277.64000000000004,STOP_LOSS,-1.8599999999998431,0.5003099999999999,0.1928999999998382,-2.360309999999843,-1.1157099154218928,-1.415817887349191,4.760087316800106,1.667100000000005,0.005,0.00175112333981374,,HYP-FCR-03,severe,952.0174633600211,949.6571533600213,8.000000000004093,0.6366571428571441,0.12565632993768464,4,4,15.999999999996817,0.5557000000000016,20.0,2022,11
SPY,2022-11-02,long,384.06,382.41,2022-11-02T17:35:00+00:00,2022-11-02T17:40:00+00:00,383.11,0.3450000000000273,382.14,385.05000000000007,2,2,2022-11-02T17:45:00+00:00,383.14,2022-11-02T18:00:00+00:00,382.11,STOP_FIRST_AMBIGUOUS_BAR,-2.0599999999999454,0.45914999999999995,0.11999999999989086,-2.5191499999999456,-1.0618556701030348,-1.298530927834987,4.751533881300074,1.9400000000000546,0.005,0.0020414460345479515,,HYP-FCR-03,severe,950.3067762600148,947.7876262600148,34.50000000000273,0.33877857142856066,1.0183642918890417,1,1,24.00000000000091,0.9700000000000273,5.0,2022,13
SPY,2022-11-03,long,372.25,369.04,2022-11-03T14:00:00+00:00,2022-11-03T14:05:00+00:00,370.2015,0.12019999999995434,369.16,372.2845,2,2,2022-11-03T14:10:00+00:00,370.25,2022-11-03T14:25:00+00:00,372.2545,TAKE_PROFIT,4.0090000000000146,0.4455027,0.15699999999992542,3.5634973000000145,1.92462794047051,1.7107524243879337,4.738938131300074,2.08299999999997,0.005,0.00219774973030564,,HYP-FCR-03,severe,947.7876262600148,951.3511235600148,12.019999999995434,1.1662250000000043,0.10306758987326965,1,1,25.0,1.041499999999985,5.0,2022,10
QQQ,2022-11-03,long,263.48,260.47,2022-11-03T14:00:00+00:00,2022-11-03T14:15:00+00:00,262.08,0.11000000000001364,260.97,264.2999999999999,3,3,2022-11-03T14:20:00+00:00,262.14,2022-11-03T14:51:00+00:00,264.2699999999999,TAKE_PROFIT,6.389999999999816,0.47376899999999983,0.26999999999992497,5.916230999999816,1.9189189189189384,1.7766459459459598,4.748285766800107,3.3299999999998704,0.005,0.0035065286332207992,,HYP-FCR-03,severe,949.6571533600213,955.5733843600211,11.000000000001364,1.0639999999999816,0.10338345864663115,3,3,37.000000000000455,1.1099999999999568,15.0,2022,10
QQQ,2022-11-04,short,266.39,260.57,2022-11-04T14:40:00+00:00,2022-11-04T14:55:00+00:00,264.55,0.5901000000000067,265.8,262.05,3,3,2022-11-04T15:00:00+00:00,264.53000000000003,2022-11-04T15:40:00+00:00,262.08,TAKE_PROFIT,7.350000000000136,0.473949,0.14999999999986358,6.876051000000136,1.9600000000000364,1.8336136000000363,4.777866921800106,3.75,0.005,0.003924345384014121,,HYP-FCR-03,severe,955.5733843600211,962.4494353600213,59.01000000000067,1.141042857142862,0.5171584891014522,3,3,22.00000000000273,1.25,15.0,2022,11
SPY,2022-11-04,short,377.37,372.225,2022-11-04T14:50:00+00:00,2022-11-04T14:55:00+00:00,376.8,0.38999999999998636,378.05,374.3,2,2,2022-11-04T15:00:00+00:00,376.8,2022-11-04T15:29:00+00:00,374.33,TAKE_PROFIT,4.940000000000055,0.45067799999999997,0.05999999999994543,4.489322000000055,1.9760000000000217,1.7957288000000218,4.756755617800074,2.5,0.005,0.002627841538300649,,HYP-FCR-03,severe,951.3511235600148,955.8404455600148,38.999999999998636,1.1455000000000066,0.340462680052365,1,1,87.00000000000045,1.25,5.0,2022,11
SPY,2022-11-07,short,378.34,375.53,2022-11-07T15:15:00+00:00,2022-11-07T15:25:00+00:00,376.85,0.35000000000002274,377.76,375.0300000000001,2,2,2022-11-07T15:30:00+00:00,376.84000000000003,2022-11-07T16:03:00+00:00,377.78999999999996,STOP_LOSS,-1.8999999999998636,0.45277799999999996,0.07999999999992724,-2.3527779999998635,-1.0439560439560056,-1.292735164835135,4.7792022278000745,1.8199999999999363,0.005,0.0019040834780051825,,HYP-FCR-03,severe,955.8404455600148,953.487667560015,35.000000000002274,1.0346333333333366,0.3382840942040867,2,2,5.000000000001137,0.9099999999999682,10.0,2022,10
QQQ,2022-11-08,short,269.33,267.4183,2022-11-08T18:55:00+00:00,2022-11-08T19:00:00+00:00,268.385,0.2798999999999978,269.6079,265.9392,3,3,2022-11-08T19:05:00+00:00,268.34000000000003,2022-11-08T19:26:00+00:00,265.9692,TAKE_PROFIT,7.112400000000093,0.48087827999999994,0.22499999999979536,6.6315217200000935,1.938670373701911,1.8075944394472685,4.812247176800106,3.6686999999999443,0.005,0.003811836617294707,,HYP-FCR-03,severe,962.4494353600213,969.0809570800214,27.98999999999978,0.7417857142857096,0.3773326913818001,1,1,25.0,1.2228999999999814,5.0,2022,14
SPY,2022-11-08,long,381.23,379.53,2022-11-08T19:35:00+00:00,2022-11-08T19:40:00+00:00,380.4699,1.0199999999999818,378.12,385.1697,2,2,2022-11-08T19:45:00+00:00,380.5,2022-11-08T20:59:00+00:00,381.94000000000005,FORCED_SESSION_CLOSE,2.880000000000109,0.457464,0.12019999999995434,2.4225360000001093,0.6127920337035874,0.5154551257500571,4.767438337800075,4.699799999999982,0.005,0.004929062178671718,,HYP-FCR-03,severe,953.487667560015,955.9102035600151,101.99999999999818,0.9247000000000014,1.1030604520384777,1,1,103.00999999999476,2.349899999999991,5.0,2022,14
QQQ,2022-11-09,short,268.34,266.42,2022-11-09T15:20:00+00:00,2022-11-09T15:30:00+00:00,266.54,0.3199999999999932,268.23,263.16,2,2,2022-11-09T15:35:00+00:00,266.51000000000005,2022-11-09T20:48:00+00:00,263.19,TAKE_PROFIT,6.6400000000001,0.31782,0.11999999999989086,6.3221800000001,1.9644970414201506,1.8704674556213339,4.845404785400107,3.3799999999999955,0.005,0.0034878406961833357,,HYP-FCR-03,severe,969.0809570800214,975.4031370800216,31.999999999999318,0.9754615384615328,0.32804983834081974,2,2,4.000000000002046,1.6899999999999977,10.0,2022,10
SPY,2022-11-09,short,380.09,378.15,2022-11-09T15:25:00+00:00,2022-11-09T15:30:00+00:00,378.78,0.400100000000009,380.755,374.8299999999999,2,2,2022-11-09T15:35:00+00:00,378.76000000000005,2022-11-09T19:49:00+00:00,374.8599999999999,TAKE_PROFIT,7.800000000000296,0.4521719999999999,0.09999999999979536,7.347828000000296,1.9746835443038495,1.860209620253218,4.779551017800076,3.9500000000000455,0.005,0.004132187296766366,,HYP-FCR-03,severe,955.9102035600151,963.2580315600154,40.0100000000009,1.0796000000000014,0.3706002223045651,1,1,67.00000000000159,1.9750000000000227,5.0,2022,10
QQQ,2022-11-10,short,278.395,273.85,2022-11-10T15:10:00+00:00,2022-11-10T15:35:00+00:00,276.22,0.22999999999996135,277.93,272.80000000000007,2,2,2022-11-10T15:40:00+00:00,276.17,2022-11-10T15:49:00+00:00,277.96,STOP_LOSS,-3.5799999999999272,0.332478,0.15999999999996817,-3.9124779999999273,-1.0467836257309855,-1.1439994152046709,4.877015685400108,3.419999999999959,0.005,0.003506242567804438,,HYP-FCR-03,severe,975.4031370800216,971.4906590800216,22.999999999996135,1.1278571428571402,0.2039265357821068,5,5,2.5000000000034106,1.7099999999999795,25.0,2022,10
SPY,2022-11-10,short,389.83,385.642,2022-11-10T15:30:00+00:00,2022-11-10T15:35:00+00:00,388.18,0.25,389.9,384.74000000000007,2,2,2022-11-10T15:40:00+00:00,388.13000000000005,2022-11-10T15:49:00+00:00,389.92999999999995,STOP_LOSS,-3.5999999999997954,0.4668359999999999,0.15999999999985448,-4.066835999999795,-1.0465116279069353,-1.1822197674418213,4.816290157800077,3.439999999999941,0.005,0.0035712134104179676,,HYP-FCR-03,severe,963.2580315600154,959.1911955600157,25.0,1.2263642857142787,0.20385459925098112,1,1,17.00000000000159,1.7199999999999704,5.0,2022,10
SPY,2022-11-11,short,396.155,393.61,2022-11-11T16:05:00+00:00,2022-11-11T16:10:00+00:00,395.2,0.7210000000000036,396.93,391.73999999999995,2,2,2022-11-11T16:15:00+00:00,395.13000000000005,2022-11-11T18:09:00+00:00,396.96,STOP_LOSS,-3.6599999999998545,0.47525399999999995,0.1999999999998181,-4.135253999999854,-1.0578034682080393,-1.1951601156068816,4.795955977800078,3.4600000000000364,0.005,0.003607205754197884,,HYP-FCR-03,severe,959.1911955600157,955.0559415600159,72.10000000000036,0.938528571428573,0.7682238153949217,1,1,81.50000000000546,1.7300000000000182,5.0,2022,11
QQQ,2022-11-11,short,284.17,281.19,2022-11-11T16:25:00+00:00,2022-11-11T16:30:00+00:00,283.295,0.36000000000001364,284.82,280.24500000000006,3,3,2022-11-11T16:35:00+00:00,283.26000000000005,2022-11-11T16:58:00+00:00,284.84999999999997,STOP_LOSS,-4.769999999999754,0.511299,0.19499999999982265,-5.281298999999755,-1.042622950819634,-1.1543822950819307,4.857453295400108,4.574999999999932,0.005,0.004709257837159595,,HYP-FCR-03,severe,971.4906590800216,966.2093600800218,36.000000000001364,0.8477785714285834,0.4246391830751055,1,1,31.000000000000227,1.5249999999999773,5.0,2022,11
QQQ,2022-11-14,short,286.46,284.44,2022-11-14T16:10:00+00:00,2022-11-14T16:15:00+00:00,285.39,0.2300000000000182,286.56,283.04999999999995,3,3,2022-11-14T16:20:00+00:00,285.36,2022-11-14T16:34:00+00:00,286.59,STOP_LOSS,-3.689999999999884,0.514755,0.1799999999998363,-4.204754999999884,-1.051282051282004,-1.197935897435848,4.8310468004001095,3.5100000000000477,0.005,0.003632753050238872,,HYP-FCR-03,severe,966.2093600800218,962.004605080022,23.00000000000182,0.7027857142857101,0.3272690314056585,1,1,14.00000000000432,1.170000000000016,5.0,2022,11
SPY,2022-11-14,short,397.8,395.92,2022-11-14T16:10:00+00:00,2022-11-14T16:15:00+00:00,396.62,0.48999999999995225,397.99,393.88,2,2,2022-11-14T16:20:00+00:00,396.61,2022-11-14T16:34:00+00:00,398.02,STOP_LOSS,-2.8199999999999363,0.476778,0.07999999999992724,-3.2967779999999363,-1.0291970802919441,-1.2032036496350091,4.775279707800079,2.740000000000009,0.005,0.0028689418920575627,,HYP-FCR-03,severe,955.0559415600159,951.759163560016,48.999999999995225,0.6874214285714321,0.7128087365828091,1,1,22.999999999996135,1.3700000000000045,5.0,2022,11
QQQ,2022-11-15,long,293.26,290.815,2022-11-15T16:05:00+00:00,2022-11-15T16:35:00+00:00,292.23,0.45999999999997954,291.24,294.21000000000004,3,3,2022-11-15T16:40:00+00:00,292.26,2022-11-15T17:42:00+00:00,291.21000000000004,STOP_LOSS,-3.1499999999998636,0.525123,0.1799999999998363,-3.6751229999998634,-1.0606060606060048,-1.2374151515150942,4.81002302540011,2.9700000000000273,0.005,0.003087303308442037,,HYP-FCR-03,severe,962.004605080022,958.3294820800221,45.999999999997954,0.8284928571428541,0.5552250644457437,6,6,8.499999999997954,0.9900000000000091,30.0,2022,11
SPY,2022-11-15,long,402.31,399.97,2022-11-15T16:15:00+00:00,2022-11-15T16:35:00+00:00,401.15,0.18999999999999773,400.195,403.05999999999995,2,2,2022-11-15T16:40:00+00:00,401.14,2022-11-15T17:03:00+00:00,400.165,STOP_LOSS,-1.9499999999999318,0.480783,0.07999999999992724,-2.430782999999932,-1.0209424083769447,-1.2726612565444881,4.75879581780008,1.9099999999999682,0.005,0.002006810202757273,,HYP-FCR-03,severe,951.759163560016,949.3283805600161,18.999999999999773,0.8949642857142928,0.21229897442036372,4,4,13.460000000003447,0.9549999999999841,20.0,2022,11
QQQ,2022-11-16,long,287.735,285.62,2022-11-16T16:20:00+00:00,2022-11-16T16:25:00+00:00,286.025,0.01999999999998181,285.42,287.2349999999999,3,3,2022-11-16T16:30:00+00:00,286.05999999999995,2022-11-16T17:45:00+00:00,287.2049999999999,TAKE_PROFIT,3.4349999999999454,0.5159384999999999,0.19499999999982265,2.9190614999999456,1.8925619834711653,1.6082983471075107,4.7916474104001106,1.814999999999884,0.005,0.0018939206545753838,,HYP-FCR-03,severe,958.3294820800221,961.2485435800221,1.999999999998181,0.5691714285714227,0.03513879825306815,1,1,11.000000000001364,0.6049999999999613,5.0,2022,11
SPY,2022-11-16,long,397.78,395.73,2022-11-16T16:10:00+00:00,2022-11-16T17:45:00+00:00,397.19,0.25,396.37,398.83,2,2,2022-11-16T17:50:00+00:00,397.22999999999996,2022-11-16T18:00:00+00:00,396.34000000000003,STOP_LOSS,-1.779999999999859,0.4761419999999999,0.13999999999987267,-2.256141999999859,-1.0853658536584596,-1.37569634146334,4.74664190280008,1.6399999999999864,0.005,0.0017275371026330612,,HYP-FCR-03,severe,949.3283805600161,947.0722385600162,25.0,0.5034571428571398,0.49656659667442554,19,19,27.000000000003865,0.8199999999999932,95.0,2022,12
SPY,2022-11-17,long,391.7,390.27,2022-11-17T15:00:00+00:00,2022-11-17T15:20:00+00:00,391.575,0.26000000000004775,390.7305,393.26399999999995,2,2,2022-11-17T15:25:00+00:00,391.60999999999996,2022-11-17T15:48:00+00:00,390.70050000000003,STOP_LOSS,-1.8189999999998463,0.4693863,0.12999999999988177,-2.2883862999998463,-1.076968620485426,-1.3548764357607426,4.735361192800081,1.6889999999999645,0.005,0.0017833908874448886,,HYP-FCR-03,severe,947.0722385600162,944.7838522600164,26.000000000004775,0.7341818181818098,0.35413571074796407,4,4,12.999999999999545,0.8444999999999823,20.0,2022,10
QQQ,2022-11-17,short,282.97,280.72,2022-11-17T15:45:00+00:00,2022-11-17T15:50:00+00:00,282.72,0.1553000000000111,283.26,281.6400000000001,3,3,2022-11-17T15:55:00+00:00,282.70000000000005,2022-11-17T16:33:00+00:00,283.28999999999996,STOP_LOSS,-1.7699999999997544,0.5093909999999999,0.14999999999986358,-2.2793909999997544,-1.0925925925925146,-1.4070314814814247,4.806242717900111,1.6199999999998909,0.005,0.0016853081451405382,,HYP-FCR-03,severe,961.2485435800221,958.9691525800223,15.53000000000111,0.696721428571424,0.2229011390082293,1,1,26.99999999999818,0.5399999999999636,5.0,2022,10
SPY,2022-11-18,long,397.81,395.56,2022-11-18T20:35:00+00:00,2022-11-18T20:40:00+00:00,396.445,0.06499999999999773,395.5802,398.1746,2,2,2022-11-18T20:45:00+00:00,396.47999999999996,2022-11-18T20:54:00+00:00,395.5502,STOP_LOSS,-1.8595999999998867,0.4752181199999999,0.12999999999988177,-2.3348181199998868,-1.075161887141467,-1.349917969472641,4.7239192613000816,1.729600000000005,0.005,0.0018306832783632264,,HYP-FCR-03,severe,944.7838522600164,942.4490341400165,6.499999999999773,0.4910285714285741,0.13237518910740767,1,1,5.000000000001137,0.8648000000000025,5.0,2022,15
SPY,2022-11-21,long,395.82,394.28,2022-11-21T18:05:00+00:00,2022-11-21T18:10:00+00:00,395.0,0.21999999999997044,393.91,397.17999999999995,2,2,2022-11-21T18:15:00+00:00,395.03,2022-11-21T20:59:00+00:00,394.55,FORCED_SESSION_CLOSE,-0.9599999999999227,0.4737479999999999,0.11999999999989086,-1.4337479999999225,-0.4403669724770389,-0.657682568807319,4.712245170700083,2.17999999999995,0.005,0.0023131224299987713,,HYP-FCR-03,severe,942.4490341400165,941.0152861400165,21.999999999997044,0.44047857142857083,0.4994567596931244,1,1,15.499999999997272,1.089999999999975,5.0,2022,13
QQQ,2022-11-23,short,288.45,285.89,2022-11-23T16:45:00+00:00,2022-11-23T16:50:00+00:00,286.97,0.5300000000000296,288.65999999999997,283.59000000000015,2,2,2022-11-23T16:55:00+00:00,286.92,2022-11-23T19:02:00+00:00,288.68999999999994,STOP_LOSS,-3.53999999999985,0.3453659999999999,0.15999999999996817,-3.8853659999998498,-1.0473372781065011,-1.1495165680473332,4.7948457629001116,3.3799999999998818,0.005,0.0035246180660830316,,HYP-FCR-03,severe,958.9691525800223,955.0837865800224,53.000000000002956,0.45071428571427774,1.175911251981069,1,1,19.999999999998863,1.6899999999999409,5.0,2022,11
SPY,2022-11-23,short,401.85,399.49,2022-11-23T16:45:00+00:00,2022-11-23T16:50:00+00:00,400.3599,0.4800000000000182,401.875,397.32969999999995,2,2,2022-11-23T16:55:00+00:00,400.32000000000005,2022-11-23T19:02:00+00:00,401.905,STOP_LOSS,-3.1699999999998454,0.48133499999999996,0.1397999999998092,-3.6513349999998455,-1.0461355686092693,-1.2049815193715931,4.705076430700083,3.030200000000036,0.005,0.003220138976094341,,HYP-FCR-03,severe,941.0152861400165,937.3639511400168,48.00000000000182,0.42424285714285553,1.1314274169108463,1,1,3.4999999999968168,1.515100000000018,5.0,2022,11
QQQ,2022-11-25,short,287.58,286.42,2022-11-25T16:10:00+00:00,2022-11-25T16:15:00+00:00,287.43,0.060000000000002274,287.65,286.99000000000007,3,3,2022-11-25T16:20:00+00:00,287.39000000000004,2022-11-25T16:28:00+00:00,287.02000000000004,TAKE_PROFIT,1.1100000000000136,0.516969,0.209999999999809,0.5930310000000136,1.6818181818184283,0.8985318181819596,4.775418932900112,0.6599999999999113,0.005,0.0006910388483959598,,HYP-FCR-03,severe,955.0837865800224,955.6768175800224,6.000000000000227,0.3176000000000069,0.18891687657431036,1,1,2.9899999999997817,0.21999999999997044,5.0,2022,11
SPY,2022-11-25,short,402.56,401.535,2022-11-25T16:20:00+00:00,2022-11-25T16:30:00+00:00,402.195,0.11000000000001364,402.59999999999997,401.38500000000005,2,2,2022-11-25T16:35:00+00:00,402.18,2022-11-25T16:58:00+00:00,402.62999999999994,STOP_LOSS,-0.8999999999998636,0.4828859999999999,0.08999999999991815,-1.3828859999998635,-1.1111111111110175,-1.7072666666666132,4.686819755700084,0.8099999999999454,0.005,0.0008641254008273179,,HYP-FCR-03,severe,937.3639511400168,935.9810651400169,11.000000000001364,0.2784428571428594,0.3950541275460927,2,2,7.999999999998408,0.4049999999999727,10.0,2022,11
QQQ,2022-11-28,long,286.96,284.66,2022-11-28T17:15:00+00:00,2022-11-28T17:20:00+00:00,284.75,0.35000000000002274,284.22,285.80999999999995,3,3,2022-11-28T17:25:00+00:00,284.78099999999995,2022-11-28T17:53:00+00:00,284.19000000000005,STOP_LOSS,-1.7729999999996835,0.5120739,0.18299999999976535,-2.2850738999996834,-1.1150943396225,-1.43715339622629,4.778384087900112,1.5899999999999181,0.005,0.001663742355942187,,HYP-FCR-03,severe,955.6768175800224,953.3917436800227,35.000000000002274,0.5280571428571526,0.6628070555135035,1,1,45.00000000000455,0.5299999999999727,5.0,2022,12
QQQ,2022-11-29,long,283.1,281.58,2022-11-29T15:10:00+00:00,2022-11-29T15:30:00+00:00,282.821,0.07999999999998408,282.33,283.8030000000001,3,3,2022-11-29T15:35:00+00:00,282.84999999999997,2022-11-29T15:53:00+00:00,282.3,STOP_LOSS,-1.6499999999998636,0.508635,0.1769999999997367,-2.1586349999998635,-1.1201629327900349,-1.4654684317716753,4.766958718400113,1.4730000000001269,0.005,0.0015450102329546656,,HYP-FCR-03,severe,953.3917436800227,951.2331086800228,7.999999999998408,0.655415384615393,0.122059997183205,4,4,8.999999999997499,0.4910000000000423,20.0,2022,10
SPY,2022-11-29,long,396.6399,395.24,2022-11-29T19:00:00+00:00,2022-11-29T19:05:00+00:00,395.685,0.5450000000000159,394.72,397.61499999999995,2,2,2022-11-29T19:10:00+00:00,395.71999999999997,2022-11-29T19:27:00+00:00,394.69000000000005,STOP_LOSS,-2.0599999999998317,0.474246,0.12999999999988177,-2.5342459999998317,-1.0673575129533084,-1.313080829015491,4.679905325700084,1.92999999999995,0.005,0.0020620075254527016,,HYP-FCR-03,severe,935.9810651400169,933.446819140017,54.50000000000159,0.43456428571427963,1.2541297522971004,1,1,23.00000000000182,0.964999999999975,5.0,2022,14
QQQ,2022-11-30,long,281.97,280.47,2022-11-30T16:05:00+00:00,2022-11-30T16:10:00+00:00,281.155,0.05000000000001137,280.355,282.7549999999999,3,3,2022-11-30T16:15:00+00:00,281.17999999999995,2022-11-30T17:20:00+00:00,280.32500000000005,STOP_LOSS,-2.5649999999997135,0.5053544999999999,0.16499999999984993,-3.0703544999997137,-1.0687499999999415,-1.2793143749999534,4.756165543400114,2.3999999999998636,0.005,0.0025230408593853717,,HYP-FCR-03,severe,951.2331086800228,948.1627541800232,5.000000000001137,0.5518857142857071,0.09059846759165566,1,1,12.000000000000455,0.7999999999999545,5.0,2022,11
SPY,2022-11-30,long,396.2094,394.865,2022-11-30T16:25:00+00:00,2022-11-30T16:30:00+00:00,395.31,0.06220000000001846,394.79,396.34999999999997,2,2,2022-11-30T16:35:00+00:00,395.34,2022-11-30T17:08:00+00:00,394.76000000000005,STOP_LOSS,-1.1599999999998545,0.47406,0.11999999999989086,-1.6340599999998544,-1.1153846153845144,-1.5712115384614533,4.667234095700086,1.0399999999999636,0.005,0.0011141502426009805,,HYP-FCR-03,severe,933.446819140017,931.8127591400172,6.220000000001846,0.4896571428571487,0.12702765783642317,1,1,10.500000000001819,0.5199999999999818,5.0,2022,11
QQQ,2022-12-01,short,295.56,293.0698,2022-12-01T15:00:00+00:00,2022-12-01T15:05:00+00:00,293.82,0.14999999999997726,295.09,291.28000000000003,3,3,2022-12-01T15:10:00+00:00,293.76000000000005,2022-12-01T15:25:00+00:00,291.31,TAKE_PROFIT,7.350000000000136,0.526563,0.26999999999975444,6.823437000000136,1.92913385826778,1.7909283464567542,4.740813770900116,3.8099999999999454,0.005,0.0040182974739340575,,HYP-FCR-03,severe,948.1627541800232,954.9861911800233,14.999999999997726,0.9149250000000109,0.16394786457903707,1,1,18.999999999999773,1.2699999999999818,5.0,2022,10
QQQ,2022-12-02,short,290.23,288.36,2022-12-02T15:55:00+00:00,2022-12-02T16:00:00+00:00,289.7584,0.045000000000015916,290.68,287.91519999999997,3,3,2022-12-02T16:05:00+00:00,289.72,2022-12-02T16:26:00+00:00,290.71,STOP_LOSS,-2.9699999999998568,0.5223869999999999,0.2051999999998202,-3.492386999999857,-1.074218749999934,-1.2631608072915983,4.774930955900117,2.7648000000000366,0.005,0.0028951203960171684,,HYP-FCR-03,severe,954.9861911800233,951.4938041800234,4.500000000001592,0.8645071428571457,0.052052779866333485,1,1,43.00000000000068,0.9216000000000122,5.0,2022,11
QQQ,2022-12-05,long,291.68,290.19,2022-12-05T15:40:00+00:00,2022-12-05T15:45:00+00:00,290.56,0.19999999999998863,289.83,292.02000000000004,3,3,2022-12-05T15:50:00+00:00,290.61999999999995,2022-12-05T16:21:00+00:00,289.8,STOP_LOSS,-2.459999999999809,0.5223779999999999,0.26999999999975444,-2.982377999999809,-1.1232876712327615,-1.3618164383560432,4.757469020900117,2.1900000000000546,0.005,0.002301643994295211,,HYP-FCR-03,severe,951.4938041800234,948.5114261800236,19.999999999998863,0.6892785714285635,0.29015844723778206,1,1,8.3500000000015,0.7300000000000182,5.0,2022,10
QQQ,2022-12-07,long,282.57,279.25,2022-12-07T15:00:00+00:00,2022-12-07T15:05:00+00:00,280.61,0.396000000000015,279.52,282.7900000000001,3,3,2022-12-07T15:10:00+00:00,280.66999999999996,2022-12-07T15:10:00+00:00,279.49,STOP_LOSS,-3.53999999999985,0.5041439999999999,0.26999999999975444,-4.04414399999985,-1.082568807339372,-1.2367412844035877,4.742557130900118,3.2700000000000955,0.005,0.0034475072305343666,,HYP-FCR-03,severe,948.5114261800236,944.4672821800237,39.6000000000015,1.1797124999999795,0.33567500556281454,1,1,46.989999999999554,1.0900000000000318,5.0,2022,10
SPY,2022-12-07,long,395.3,392.34,2022-12-07T15:00:00+00:00,2022-12-07T15:05:00+00:00,393.82,0.5099999999999909,392.77,395.92,2,2,2022-12-07T15:10:00+00:00,393.83,2022-12-07T15:10:00+00:00,392.74,STOP_LOSS,-2.17999999999995,0.4719419999999999,0.07999999999992724,-2.65194199999995,-1.038095238095203,-1.2628295238094862,4.659063795700086,2.1000000000000227,0.005,0.0022536716517362796,,HYP-FCR-03,severe,931.8127591400172,929.1608171400172,50.99999999999909,1.1937874999999991,0.427211710626884,1,1,36.99999999999477,1.0500000000000114,5.0,2022,10
SPY,2022-12-08,short,396.2501,393.45,2022-12-08T16:05:00+00:00,2022-12-08T16:10:00+00:00,395.9,0.14220000000000255,396.64,394.41999999999996,2,2,2022-12-08T16:15:00+00:00,395.88000000000005,2022-12-08T18:30:00+00:00,396.66999999999996,STOP_LOSS,-1.5799999999998136,0.47552999999999995,0.09999999999979536,-2.0555299999998136,-1.0675675675674285,-1.3888716216214785,4.645804085700086,1.4800000000000182,0.005,0.0015928351397290937,,HYP-FCR-03,severe,929.1608171400172,927.1052871400174,14.220000000000255,0.6009285714285681,0.2366337810531376,1,1,1.9200000000012096,0.7400000000000091,5.0,2022,11
SPY,2022-12-09,short,396.89,394.12,2022-12-09T16:05:00+00:00,2022-12-09T16:10:00+00:00,396.26,0.29000000000002046,397.28999999999996,394.20000000000005,2,2,2022-12-09T16:15:00+00:00,396.25,2022-12-09T16:37:00+00:00,397.31999999999994,STOP_LOSS,-2.1399999999998727,0.4761419999999999,0.07999999999992724,-2.6161419999998725,-1.0388349514562765,-1.269971844660166,4.635526435700087,2.0599999999999454,0.005,0.0022219698545294037,,HYP-FCR-03,severe,927.1052871400174,924.4891451400175,29.000000000002046,0.7960000000000004,0.36432160804022656,1,1,47.00000000000273,1.0299999999999727,5.0,2022,11
QQQ,2022-12-09,short,284.27,281.59,2022-12-09T18:05:00+00:00,2022-12-09T18:10:00+00:00,283.92,0.03000000000002956,284.83,282.1000000000001,3,3,2022-12-09T18:15:00+00:00,283.90000000000003,2022-12-09T20:51:00+00:00,282.13000000000005,TAKE_PROFIT,5.309999999999945,0.509427,0.14999999999986358,4.800572999999946,1.9450549450549932,1.75845164835169,4.722336410900119,2.7299999999999045,0.005,0.002890518339289113,,HYP-FCR-03,severe,944.4672821800237,949.2678551800237,3.000000000002956,0.44457142857142784,0.06748071979441107,1,1,18.999999999999773,0.9099999999999682,5.0,2022,13
QQQ,2022-12-12,long,283.0236,281.42,2022-12-12T15:50:00+00:00,2022-12-12T16:00:00+00:00,282.34,0.18199999999995953,281.37,284.2799999999999,3,3,2022-12-12T16:05:00+00:00,282.38,2022-12-12T20:07:00+00:00,284.24999999999994,TAKE_PROFIT,5.609999999999843,0.509967,0.20999999999997954,5.1000329999998435,1.9278350515463967,1.752588659793814,4.746339275900119,2.9099999999999113,0.005,0.0030655204262110456,,HYP-FCR-03,severe,949.2678551800237,954.3678881800236,18.199999999995953,0.5424214285714258,0.33553246684831856,2,2,25.99999999999909,0.9699999999999704,10.0,2022,11
QQQ,2022-12-14,short,290.09,288.04,2022-12-14T18:10:00+00:00,2022-12-14T18:15:00+00:00,289.62,0.12000000000000455,290.12,288.62,3,3,2022-12-14T18:20:00+00:00,289.6,2022-12-14T18:30:00+00:00,290.15,STOP_LOSS,-1.6499999999998636,0.521775,0.14999999999986358,-2.1717749999998635,-1.099999999999909,-1.447849999999909,4.771839440900118,1.5,0.005,0.0015717209459556473,,HYP-FCR-03,severe,954.3678881800236,952.1961131800236,12.000000000000455,0.40067142857142407,0.29949727243556934,1,1,16.0000000000025,0.5,5.0,2022,13
SPY,2022-12-15,long,395.25,391.17,2022-12-15T15:35:00+00:00,2022-12-15T15:40:00+00:00,391.8,0.12000000000000455,391.08,393.24000000000007,2,2,2022-12-15T15:45:00+00:00,391.84,2022-12-15T15:49:00+00:00,391.05,STOP_LOSS,-1.5799999999999272,0.46973399999999993,0.13999999999987267,-2.049733999999927,-1.0972222222221302,-1.4234263888887844,4.6224457257000875,1.4400000000000546,0.005,0.0015576169904969095,,HYP-FCR-03,severe,924.4891451400175,922.4394111400176,12.000000000000455,0.9036142857142855,0.13280002529524798,1,1,8.000000000004093,0.7200000000000273,5.0,2022,10
SPY,2022-12-19,long,383.82,381.89,2022-12-19T15:05:00+00:00,2022-12-19T15:15:00+00:00,382.7701,0.2699999999999818,382.02,384.2703000000001,2,2,2022-12-19T15:20:00+00:00,382.83,2022-12-19T15:54:00+00:00,381.99,STOP_LOSS,-1.67999999999995,0.4588919999999999,0.1797999999998865,-2.13889199999995,-1.1198506865750426,-1.4257379016130247,4.612197055700088,1.5002000000000635,0.005,0.0016263398786767007,,HYP-FCR-03,severe,922.4394111400176,920.3005191400176,26.99999999999818,0.7204600000000141,0.37476056963603327,2,2,14.999999999997726,0.7501000000000317,10.0,2022,10
QQQ,2022-12-19,long,273.96,271.42,2022-12-19T15:15:00+00:00,2022-12-19T15:20:00+00:00,272.5401,0.12000000000000455,271.18,275.2603,3,3,2022-12-19T15:25:00+00:00,272.54999999999995,2022-12-19T15:54:00+00:00,271.15000000000003,STOP_LOSS,-4.199999999999761,0.48932999999999993,0.11969999999979564,-4.689329999999761,-1.029336078229492,-1.1492610837437935,4.760980565900119,4.080299999999966,0.005,0.004285146666239897,,HYP-FCR-03,severe,952.1961131800236,947.5067831800238,12.000000000000455,0.7952181818181636,0.15090198230332216,1,1,3.000000000002956,1.3600999999999885,5.0,2022,10
QQQ,2022-12-20,short,269.63,266.95,2022-12-20T16:10:00+00:00,2022-12-20T16:15:00+00:00,268.45,0.3900000000000432,270.28,264.79,2,2,2022-12-20T16:20:00+00:00,268.4109,2022-12-20T17:09:00+00:00,270.30999999999995,STOP_LOSS,-3.798199999999838,0.32323254,0.13819999999986976,-4.121432539999838,-1.0377595628414948,-1.1260744644808398,4.737533915900119,3.659999999999968,0.005,0.003862769180096284,,HYP-FCR-03,severe,947.5067831800238,943.385350640024,39.00000000000432,0.7282142857142853,0.5355566454144784,1,1,18.000000000000682,1.829999999999984,5.0,2022,11
SPY,2022-12-20,short,380.27,377.85,2022-12-20T16:15:00+00:00,2022-12-20T16:20:00+00:00,379.6301,0.5300000000000296,380.89,377.1103000000001,2,2,2022-12-20T16:25:00+00:00,379.6,2022-12-20T17:00:00+00:00,380.91999999999996,STOP_LOSS,-2.6399999999998727,0.45631199999999994,0.12019999999995434,-3.0963119999998727,-1.0477021985871728,-1.2287927613302536,4.601502595700088,2.5197999999999183,0.005,0.0027380186662880144,,HYP-FCR-03,severe,920.3005191400176,917.2042071400177,53.000000000002956,0.8048499999999917,0.6585077964838604,1,1,36.000000000001364,1.2598999999999592,5.0,2022,11
QQQ,2022-12-23,long,266.72,263.63,2022-12-23T15:05:00+00:00,2022-12-23T15:20:00+00:00,266.4,0.5,264.66,269.8799999999999,2,2,2022-12-23T15:25:00+00:00,266.39,2022-12-23T20:59:00+00:00,267.42,FORCED_SESSION_CLOSE,2.060000000000059,0.32028599999999996,0.07999999999992724,1.7397140000000593,0.5919540229885389,0.49991781609198477,4.71692675320012,3.4799999999999045,0.005,0.0036888425261627786,,HYP-FCR-03,severe,943.385350640024,945.125064640024,50.0,1.3625454545454596,0.36696023485454893,3,3,10.000000000002274,1.7399999999999523,15.0,2022,10
SPY,2022-12-23,short,381.27,378.03,2022-12-23T15:55:00+00:00,2022-12-23T16:05:00+00:00,380.34,0.19999999999998863,381.07,378.87999999999994,2,2,2022-12-23T16:10:00+00:00,380.32000000000005,2022-12-23T16:13:00+00:00,381.09999999999997,STOP_LOSS,-1.5599999999998317,0.456852,0.09999999999979536,-2.016851999999832,-1.0684931506847897,-1.381405479451905,4.586021035700089,1.4600000000000364,0.005,0.0015917938324253205,,HYP-FCR-03,severe,917.2042071400177,915.1873551400179,19.999999999998863,1.033200000000006,0.1935733643050595,2,2,27.000000000003865,0.7300000000000182,10.0,2022,11
SPY,2022-12-27,long,383.01,380.03,2022-12-27T15:00:00+00:00,2022-12-27T15:15:00+00:00,382.05,0.22999999999996135,380.37010000000004,385.40979999999996,2,2,2022-12-27T15:20:00+00:00,382.10999999999996,2022-12-27T20:59:00+00:00,381.36,FORCED_SESSION_CLOSE,-1.4999999999998863,0.458082,0.1799999999998363,-1.9580819999998864,-0.44645514613962395,-0.5827971903089219,4.5759367757000895,3.35979999999995,0.005,0.003671160862450861,,HYP-FCR-03,severe,915.1873551400179,913.229273140018,22.999999999996135,0.9204900000000009,0.24986691870629896,3,3,37.999999999999545,1.679899999999975,15.0,2022,10
QQQ,2022-12-27,long,266.85,263.23,2022-12-27T15:00:00+00:00,2022-12-27T15:20:00+00:00,265.145,0.5949999999999704,263.6,268.2349999999999,3,3,2022-12-27T15:25:00+00:00,265.17999999999995,2022-12-27T18:55:00+00:00,263.57000000000005,STOP_LOSS,-4.8299999999997,0.47587499999999994,0.19499999999982265,-5.3058749999997,-1.042071197410966,-1.1447411003235903,4.72562532320012,4.634999999999877,0.005,0.0049041128771304355,,HYP-FCR-03,severe,945.125064640024,939.8191896400243,59.499999999997044,0.9290090909091036,0.6404673601393064,4,4,20.000000000004547,1.544999999999959,20.0,2022,10
QQQ,2022-12-28,long,265.47,262.22,2022-12-28T18:00:00+00:00,2022-12-28T18:05:00+00:00,262.52,0.160000000000025,261.77500000000003,264.0099999999999,3,3,2022-12-28T18:10:00+00:00,262.55999999999995,2022-12-28T18:23:00+00:00,261.74500000000006,STOP_LOSS,-2.444999999999652,0.4718745,0.209999999999809,-2.9168744999996523,-1.0939597315435452,-1.3050892617449026,4.699095948200122,2.234999999999843,0.005,0.002378117008715163,,HYP-FCR-03,severe,939.8191896400243,936.9023151400247,16.0000000000025,0.4571857142857141,0.3499671905759384,1,1,24.00000000000091,0.7449999999999477,5.0,2022,13
QQQ,2022-12-30,short,264.49,262.29,2022-12-30T15:50:00+00:00,2022-12-30T16:15:00+00:00,263.6356,0.22410000000002128,264.45,262.00680000000006,3,3,2022-12-30T16:20:00+00:00,263.59000000000003,2022-12-30T16:57:00+00:00,264.47999999999996,STOP_LOSS,-2.6699999999997885,0.475263,0.22679999999985512,-3.1452629999997885,-1.0928290766207684,-1.2873538801571194,4.684511575700124,2.4431999999999334,0.005,0.0026077425154347974,,HYP-FCR-03,severe,936.9023151400247,933.7570521400249,22.410000000002128,0.5802857142857079,0.3861890694239701,5,5,43.00000000000068,0.8143999999999778,25.0,2022,11
SPY,2022-12-30,long,381.62,379.02,2022-12-30T18:25:00+00:00,2022-12-30T18:35:00+00:00,379.72,0.2436999999999898,378.95,381.2600000000001,2,2,2022-12-30T18:40:00+00:00,379.75,2022-12-30T19:04:00+00:00,378.92,STOP_LOSS,-1.6599999999999682,0.455202,0.11999999999989086,-2.115201999999968,-1.0779220779220031,-1.3735077922077026,4.5661463657000905,1.5400000000000773,0.005,0.0016863235173189216,,HYP-FCR-03,severe,913.229273140018,911.114071140018,24.36999999999898,0.5048642857142868,0.4827039798531218,2,2,58.9999999999975,0.7700000000000387,10.0,2022,13
SPY,2023-01-04,long,384.17,381.9,2023-01-04T15:40:00+00:00,2023-01-04T15:45:00+00:00,382.74,0.4249999999999545,381.25,385.72,2,2,2023-01-04T15:50:00+00:00,382.775,2023-01-04T16:55:00+00:00,385.69000000000005,TAKE_PROFIT,5.830000000000155,0.46107899999999996,0.12999999999988177,5.368921000000155,1.9563758389262145,1.8016513422819203,4.55557035570009,2.980000000000018,0.005,0.0032707210813584923,,HYP-FCR-03,severe,911.114071140018,916.4829921400182,42.49999999999545,1.1074714285714313,0.38375707854438995,1,1,89.99999999999773,1.490000000000009,5.0,2023,10
QQQ,2023-01-04,long,266.92,264.72,2023-01-04T16:05:00+00:00,2023-01-04T16:15:00+00:00,265.32,0.18139999999999645,264.51,266.94,3,3,2023-01-04T16:20:00+00:00,265.34999999999997,2023-01-04T16:35:00+00:00,266.91,TAKE_PROFIT,4.680000000000177,0.47903399999999996,0.1799999999998363,4.200966000000177,1.9259259259259935,1.7287925925926606,4.668785260700125,2.430000000000007,0.005,0.0026023899840229613,,HYP-FCR-03,severe,933.7570521400249,937.9580181400252,18.139999999999645,0.7062785714285634,0.2568391670627716,2,2,31.000000000000227,0.8100000000000023,10.0,2023,11
QQQ,2023-01-05,short,264.09,261.5001,2023-01-05T15:05:00+00:00,2023-01-05T15:55:00+00:00,262.16,0.029999999999972715,262.92,260.64000000000004,3,3,2023-01-05T16:00:00+00:00,262.13000000000005,2023-01-05T16:13:00+00:00,262.95,STOP_LOSS,-2.459999999999809,0.47257199999999994,0.1799999999998363,-2.932571999999809,-1.0789473684209818,-1.286215789473616,4.689790090700126,2.2799999999999727,0.005,0.0024308124200710206,,HYP-FCR-03,severe,937.9580181400252,935.0254461400253,2.9999999999972715,0.8292857142857153,0.0361757105942823,10,10,12.000000000000455,0.7599999999999909,50.0,2023,11
SPY,2023-01-05,short,381.76,378.89,2023-01-05T15:05:00+00:00,2023-01-05T15:55:00+00:00,379.39,0.30999999999994543,380.55,377.06999999999994,2,2,2023-01-05T16:00:00+00:00,379.37,2023-01-05T18:22:00+00:00,380.58,STOP_LOSS,-2.419999999999959,0.45597,0.09999999999990905,-2.875969999999959,-1.043103448275822,-1.2396422413792658,4.582414960700091,2.32000000000005,0.005,0.0025314163163931425,,HYP-FCR-03,severe,916.4829921400182,913.6070221400182,30.999999999994543,0.9160642857142948,0.3384041980833529,10,10,7.999999999998408,1.160000000000025,50.0,2023,11
SPY,2023-01-09,short,391.67,389.35,2023-01-09T18:30:00+00:00,2023-01-09T18:35:00+00:00,391.12,0.24740000000002738,392.23,388.9,2,2,2023-01-09T18:40:00+00:00,391.07000000000005,2023-01-09T19:59:00+00:00,388.92999999999995,TAKE_PROFIT,4.2800000000002,0.46799999999999997,0.15999999999985448,3.8120000000002,1.9279279279279944,1.7171171171171862,4.568035110700091,2.2200000000000273,0.005,0.00242992878360319,,HYP-FCR-03,severe,913.6070221400182,917.4190221400185,24.740000000002738,0.45032857142857907,0.5493766456238817,1,1,37.000000000000455,1.1100000000000136,5.0,2023,13
QQQ,2023-01-09,short,273.5401,270.73,2023-01-09T18:40:00+00:00,2023-01-09T18:45:00+00:00,272.725,0.6000000000000227,274.26,269.6550000000001,3,3,2023-01-09T18:50:00+00:00,272.6981,2023-01-09T20:59:00+00:00,270.57,FORCED_SESSION_CLOSE,6.384300000000053,0.48894129,0.1706999999999539,5.895358710000053,1.3863843648208871,1.2802081889251196,4.675127230700126,4.6049999999999045,0.005,0.004924999655367967,,HYP-FCR-03,severe,935.0254461400253,940.9208048500254,60.000000000002274,0.4343999999999945,1.3812154696133294,1,1,27.490000000000236,1.5349999999999682,5.0,2023,13
QQQ,2023-01-10,short,272.02,269.38,2023-01-10T15:25:00+00:00,2023-01-10T15:30:00+00:00,269.7393,0.34080000000000155,272.05,265.1179,2,2,2023-01-10T15:35:00+00:00,269.69000000000005,2023-01-10T19:00:00+00:00,272.08,STOP_LOSS,-4.779999999999859,0.32506199999999996,0.15859999999986485,-5.105061999999859,-1.0343186047517776,-1.1046570303370982,4.704604024250127,4.621399999999994,0.005,0.004911571703143077,,HYP-FCR-03,severe,940.9208048500254,935.8157428500256,34.080000000000155,1.2375615384615344,0.2753802452714106,1,1,8.010000000001583,2.310699999999997,5.0,2023,10
SPY,2023-01-10,short,389.23,387.02,2023-01-10T15:20:00+00:00,2023-01-10T15:35:00+00:00,387.2904,0.4900000000000091,388.73,384.4111999999999,2,2,2023-01-10T15:40:00+00:00,387.27000000000004,2023-01-10T16:13:00+00:00,388.76,STOP_LOSS,-2.9799999999999045,0.4656179999999999,0.10079999999982192,-3.4456179999999046,-1.035009724923527,-1.1967275632119359,4.587095110700092,2.8792000000000826,0.005,0.003138369633195433,,HYP-FCR-03,severe,917.4190221400185,913.9734041400186,49.00000000000091,1.1358000000000013,0.43141398133474956,3,3,3.999999999996362,1.4396000000000413,15.0,2023,10
QQQ,2023-01-11,short,274.85,273.12,2023-01-11T15:30:00+00:00,2023-01-11T15:35:00+00:00,274.25,0.2950000000000159,275.46,271.83000000000004,3,3,2023-01-11T15:40:00+00:00,274.22,2023-01-11T17:07:00+00:00,275.48999999999995,STOP_LOSS,-3.809999999999775,0.49473899999999993,0.1799999999998363,-4.304738999999775,-1.0495867768594598,-1.1858785123966522,4.679078714250128,3.6299999999999386,0.005,0.003878968726199004,,HYP-FCR-03,severe,935.8157428500256,931.5110038500258,29.50000000000159,0.7360857142857193,0.4007685440360395,1,1,62.999999999999545,1.2099999999999795,5.0,2023,10
SPY,2023-01-11,long,393.1594,391.8,2023-01-11T16:05:00+00:00,2023-01-11T16:15:00+00:00,392.51,0.3599999999999568,391.85,393.8299999999999,2,2,2023-01-11T16:20:00+00:00,392.54999999999995,2023-01-11T18:10:00+00:00,393.79999999999995,TAKE_PROFIT,2.5,0.4718099999999999,0.13999999999987267,2.02819,1.8939393939394853,1.5365075757576498,4.5698670207000935,1.3199999999999363,0.005,0.001444243337957912,,HYP-FCR-03,severe,913.9734041400186,916.0015941400186,35.99999999999568,0.5289928571428513,0.6805384895825559,2,2,7.499999999998863,0.6599999999999682,10.0,2023,11
SPY,2023-01-12,short,396.965,392.42,2023-01-12T15:40:00+00:00,2023-01-12T15:45:00+00:00,395.23,0.3499999999999659,396.87,391.95000000000005,2,2,2023-01-12T15:50:00+00:00,395.21000000000004,2023-01-12T17:08:00+00:00,396.9,STOP_LOSS,-3.3799999999998818,0.47526599999999997,0.09999999999990905,-3.8552659999998817,-1.0304878048780213,-1.1753859756097298,4.580007970700093,3.2799999999999727,0.005,0.0035807797944711842,,HYP-FCR-03,severe,916.0015941400186,912.1463281400187,34.99999999999659,1.2561785714285716,0.2786228072669105,1,1,2.5000000000034106,1.6399999999999864,5.0,2023,10
QQQ,2023-01-12,short,278.76,273.74,2023-01-12T18:25:00+00:00,2023-01-12T18:30:00+00:00,278.09,1.1200000000000045,279.57,275.12999999999994,3,3,2023-01-12T18:35:00+00:00,278.1,2023-01-12T18:53:00+00:00,279.59999999999997,STOP_LOSS,-4.4999999999998295,0.5019299999999999,0.12000000000006139,-5.001929999999829,-1.0135135135134627,-1.1265608108107585,4.657555019250129,4.440000000000055,0.005,0.00476644932979761,,HYP-FCR-03,severe,931.5110038500258,926.509073850026,112.00000000000045,0.5470499999999967,2.0473448496481335,1,1,63.999999999998636,1.4800000000000182,5.0,2023,13
SPY,2023-01-17,short,399.1,397.62,2023-01-17T15:35:00+00:00,2023-01-17T15:40:00+00:00,398.418,0.13999999999998636,399.71999999999997,395.8140000000001,2,2,2023-01-17T15:45:00+00:00,398.37,2023-01-17T20:59:00+00:00,397.78999999999996,FORCED_SESSION_CLOSE,1.1600000000000819,0.47769599999999995,0.15599999999994907,0.682304000000082,0.44546850998468274,0.2620215053763828,4.5607316407000935,2.603999999999928,0.005,0.0028548051114888687,,HYP-FCR-03,severe,912.1463281400187,912.8286321400187,13.999999999998636,0.7403500000000024,0.1890997501181683,1,1,26.99999999999818,1.301999999999964,5.0,2023,10
QQQ,2023-01-17,short,281.455,279.581,2023-01-17T15:40:00+00:00,2023-01-17T15:45:00+00:00,281.16,0.165300000000002,281.81,279.86000000000007,3,3,2023-01-17T15:50:00+00:00,281.12,2023-01-17T16:10:00+00:00,279.89000000000004,TAKE_PROFIT,3.689999999999884,0.504909,0.20999999999997954,3.185090999999884,1.8923076923076991,1.6333799999999976,4.63254536925013,1.9499999999999318,0.005,0.0021046744765238837,,HYP-FCR-03,severe,926.509073850026,929.6941648500258,16.5300000000002,0.7490428571428538,0.22068163179677286,1,1,23.500000000001364,0.6499999999999773,5.0,2023,10
QQQ,2023-01-18,short,283.9,282.59,2023-01-18T15:15:00+00:00,2023-01-18T15:20:00+00:00,283.5136,0.1099999999999568,284.17,282.20079999999996,3,3,2023-01-18T15:25:00+00:00,283.49,2023-01-18T15:39:00+00:00,282.23079999999993,TAKE_PROFIT,3.777600000000234,0.5091487199999999,0.16079999999988104,3.2684512800002343,1.9183424741012207,1.659786349786786,4.648470824250129,1.9692000000000576,0.005,0.002118115907845587,,HYP-FCR-03,severe,929.6941648500258,932.962616130026,10.99999999999568,0.8399545454545525,0.13095946750360027,1,1,22.00000000000273,0.6564000000000192,5.0,2023,10
QQQ,2023-01-19,long,277.225,274.85,2023-01-19T16:05:00+00:00,2023-01-19T16:10:00+00:00,275.31,0.1301000000000272,274.53000000000003,276.86999999999995,3,3,2023-01-19T16:15:00+00:00,275.33,2023-01-19T16:26:00+00:00,274.50000000000006,STOP_LOSS,-2.4899999999997817,0.49484700000000004,0.14999999999986358,-2.9848469999997818,-1.0641025641025081,-1.2755756410255923,4.664813080650131,2.339999999999918,0.005,0.002508139082470797,,HYP-FCR-03,severe,932.962616130026,929.9777691300262,13.01000000000272,0.6748999999999918,0.19276929915547306,1,1,42.00000000000159,0.7799999999999727,5.0,2023,11
SPY,2023-01-19,long,390.43,388.6196,2023-01-19T17:10:00+00:00,2023-01-19T17:15:00+00:00,388.74,0.020000000000038654,388.2,389.82000000000005,2,2,2023-01-19T17:20:00+00:00,388.775,2023-01-19T17:30:00+00:00,388.17,STOP_LOSS,-1.2099999999999227,0.46616699999999994,0.12999999999988177,-1.6761669999999227,-1.1203703703702563,-1.552006481481351,4.564143160700094,1.080000000000041,0.005,0.0011831355437089091,,HYP-FCR-03,severe,912.8286321400187,911.1524651400188,2.0000000000038654,0.4636000000000016,0.04314063848153275,1,1,42.959999999999354,0.5400000000000205,5.0,2023,12
SPY,2023-01-24,long,400.15,397.98,2023-01-24T15:10:00+00:00,2023-01-24T15:15:00+00:00,398.7613,0.07999999999998408,398.27,399.74390000000005,2,2,2023-01-24T15:20:00+00:00,398.78999999999996,2023-01-24T15:45:00+00:00,399.7139000000001,TAKE_PROFIT,1.847800000000234,0.47910233999999996,0.11739999999986139,1.368697660000234,1.880521066558258,1.3929347242012697,4.555762325700094,0.9826000000000477,0.005,0.0010784144669454957,,HYP-FCR-03,severe,911.1524651400188,912.5211628000189,7.999999999998408,1.1179599999999994,0.0715589108733623,1,1,20.000000000004547,0.49130000000002383,5.0,2023,10
QQQ,2023-01-24,long,289.55,286.84,2023-01-24T15:05:00+00:00,2023-01-24T15:55:00+00:00,289.03,0.12999999999999545,288.19,290.7099999999999,3,3,2023-01-24T16:00:00+00:00,289.07,2023-01-24T17:01:00+00:00,288.16,STOP_LOSS,-2.7299999999999045,0.5195069999999999,0.20999999999997954,-3.2495069999999044,-1.0833333333333277,-1.2894869047619053,4.649888845650131,2.519999999999925,0.005,0.0027097421934691294,,HYP-FCR-03,severe,929.9777691300262,926.7282621300263,12.999999999999545,0.9139214285714315,0.14224417541363593,10,10,6.000000000000227,0.839999999999975,50.0,2023,11
QQQ,2023-01-25,long,284.08,281.62,2023-01-25T15:50:00+00:00,2023-01-25T16:00:00+00:00,282.89,0.28000000000002956,281.90000000000003,284.8699999999999,3,3,2023-01-25T16:05:00+00:00,282.92999999999995,2023-01-25T16:51:00+00:00,284.8399999999999,TAKE_PROFIT,5.7299999999999045,0.5109929999999998,0.209999999999809,5.2190069999999045,1.9292929292929901,1.7572414141414667,4.633641310650132,2.9699999999998568,0.005,0.0032048229468835876,,HYP-FCR-03,severe,926.7282621300263,931.9472691300263,28.000000000002956,0.7566428571428584,0.37005569715853937,2,2,3.000000000002956,0.9899999999999523,10.0,2023,11
SPY,2023-01-25,long,396.65,394.32,2023-01-25T15:55:00+00:00,2023-01-25T16:00:00+00:00,395.12,0.37999999999999545,394.28000000000003,396.79999999999995,2,2,2023-01-25T16:05:00+00:00,395.1599,2023-01-25T16:51:00+00:00,396.77,TAKE_PROFIT,3.220199999999977,0.47515793999999995,0.13979999999992287,2.745042059999977,1.9167857142857576,1.6339536071428922,4.5626058140000945,1.67999999999995,0.005,0.0018410531925034661,,HYP-FCR-03,severe,912.5211628000189,915.2662048600189,37.999999999999545,0.8125,0.4676923076923021,1,1,8.999999999997499,0.839999999999975,5.0,2023,11
QQQ,2023-01-26,long,292.64,289.54,2023-01-26T16:40:00+00:00,2023-01-26T17:05:00+00:00,290.83,0.06499999999999773,289.87,292.74999999999994,3,3,2023-01-26T17:10:00+00:00,290.86499999999995,2023-01-26T20:24:00+00:00,292.71999999999997,TAKE_PROFIT,5.565000000000055,0.5252264999999998,0.19499999999982265,5.039773500000055,1.932291666666727,1.7499213541667231,4.659736345650131,2.8799999999999386,0.005,0.003090303599138631,,HYP-FCR-03,severe,931.9472691300263,936.9870426300263,6.499999999999773,0.6891642857142861,0.09431713358829717,5,5,22.00000000000273,0.9599999999999795,25.0,2023,12
SPY,2023-01-26,long,404.07,400.8,2023-01-26T16:25:00+00:00,2023-01-26T17:05:00+00:00,402.45,0.14060000000000628,401.44,404.46999999999997,2,2,2023-01-26T17:10:00+00:00,402.48999999999995,2023-01-26T20:57:00+00:00,404.44,TAKE_PROFIT,3.900000000000091,0.4841579999999999,0.13999999999987267,3.415842000000091,1.930693069306993,1.6910108910891692,4.576331024300095,2.019999999999982,0.005,0.0022070081789034497,,HYP-FCR-03,severe,915.2662048600189,918.682046860019,14.060000000000628,0.6878142857142718,0.20441564375767207,8,8,69.99999999999886,1.009999999999991,40.0,2023,12
QQQ,2023-01-27,short,294.4199,291.88,2023-01-27T15:45:00+00:00,2023-01-27T15:50:00+00:00,293.52,0.6299999999999955,294.86,290.8399999999999,3,3,2023-01-27T15:55:00+00:00,293.5,2023-01-27T16:30:00+00:00,294.89,STOP_LOSS,-4.169999999999959,0.529551,0.14999999999986358,-4.699550999999959,-1.037313432835786,-1.1690425373133948,4.684935213150132,4.0200000000000955,0.005,0.004290347483052027,,HYP-FCR-03,severe,936.9870426300263,932.2874916300264,62.999999999999545,0.7746357142857262,0.8132855074735407,1,1,37.510000000003174,1.3400000000000318,5.0,2023,10
SPY,2023-01-27,short,405.52,403.44,2023-01-27T15:40:00+00:00,2023-01-27T15:50:00+00:00,403.89,0.6311000000000035,405.42,400.8299999999999,2,2,2023-01-27T15:55:00+00:00,403.87,2023-01-27T16:32:00+00:00,405.45,STOP_LOSS,-3.159999999999968,0.4855919999999999,0.09999999999990905,-3.645591999999968,-1.0326797385620612,-1.1913699346404896,4.593410234300095,3.060000000000059,0.005,0.0033308586038650607,,HYP-FCR-03,severe,918.682046860019,915.036454860019,63.110000000000355,0.7591928571428517,0.8312775786314519,2,2,6.999999999999318,1.5300000000000296,10.0,2023,10
QQQ,2023-01-30,short,294.0925,292.33,2023-01-30T15:05:00+00:00,2023-01-30T15:15:00+00:00,292.8859,0.11000000000001364,294.2,290.2577,3,3,2023-01-30T15:20:00+00:00,292.81,2023-01-30T20:17:00+00:00,290.2877,TAKE_PROFIT,7.566900000000089,0.5247879299999999,0.3176999999998884,7.04211207000009,1.919412525683005,1.786295327600667,4.661437458150131,3.942299999999989,0.005,0.004228631227377306,,HYP-FCR-03,severe,932.2874916300264,939.3296037000265,11.000000000001364,0.946160000000009,0.11625940644289824,2,2,28.750000000002274,1.3140999999999963,10.0,2023,10
SPY,2023-01-30,short,404.6,402.66,2023-01-30T15:15:00+00:00,2023-01-30T15:25:00+00:00,403.9,0.0999999999999659,404.65,402.4,2,2,2023-01-30T15:30:00+00:00,403.88000000000005,2023-01-30T15:42:00+00:00,402.42999999999995,TAKE_PROFIT,2.9000000000002046,0.48378599999999994,0.09999999999979536,2.416214000000205,1.9333333333334697,1.6108093333334699,4.575182274300095,1.5,0.005,0.0016392789511642657,,HYP-FCR-03,severe,915.036454860019,917.4526688600192,9.99999999999659,0.8131833333333324,0.12297349921087825,2,2,8.999999999997499,0.75,10.0,2023,10
QQQ,2023-02-01,long,294.79,293.41,2023-02-01T16:10:00+00:00,2023-02-01T16:15:00+00:00,293.715,0.10210000000000719,293.235,294.6749999999999,3,3,2023-02-01T16:20:00+00:00,293.73999999999995,2023-02-01T18:59:00+00:00,294.6449999999999,TAKE_PROFIT,2.714999999999918,0.5295464999999998,0.16499999999984993,2.1854534999999182,1.8854166666667616,1.517676041666732,4.696648018500133,1.439999999999884,0.005,0.0015330082159954429,,HYP-FCR-03,severe,939.3296037000265,941.5150572000264,10.210000000000719,0.5188785714285709,0.19677050782595737,1,1,6.000000000000227,0.47999999999996135,5.0,2023,11
SPY,2023-02-01,long,406.43,404.81,2023-02-01T16:20:00+00:00,2023-02-01T16:25:00+00:00,405.26,0.25,404.58,406.62,2,2,2023-02-01T16:30:00+00:00,405.28,2023-02-01T16:56:00+00:00,404.55,STOP_LOSS,-1.4599999999999227,0.48589799999999994,0.09999999999990905,-1.9458979999999226,-1.0735294117646383,-1.4308073529411052,4.587263344300096,1.3600000000000136,0.005,0.0014823652992256066,,HYP-FCR-03,severe,917.4526688600192,915.5067708600193,25.0,0.4946071428571323,0.5054516571593725,1,1,13.999999999998636,0.6800000000000068,5.0,2023,11
QQQ,2023-02-02,long,309.15,307.25,2023-02-02T15:10:00+00:00,2023-02-02T15:20:00+00:00,308.6899,0.2599999999999909,307.26,311.5497000000001,3,3,2023-02-02T15:25:00+00:00,308.71999999999997,2023-02-02T18:01:00+00:00,311.5197000000001,TAKE_PROFIT,8.39910000000043,0.55821573,0.18029999999976098,7.840884270000431,1.9579690887475216,1.8278397720120885,4.707575286000132,4.289700000000096,0.005,0.004556167176717538,,HYP-FCR-03,severe,941.5150572000264,949.3559414700268,25.99999999999909,1.1219999999999934,0.23172905525846027,2,2,25.0,1.429900000000032,10.0,2023,10
SPY,2023-02-02,long,415.08,413.33,2023-02-02T15:15:00+00:00,2023-02-02T15:20:00+00:00,414.46,0.5099999999999909,413.3,416.7799999999999,2,2,2023-02-02T15:25:00+00:00,414.48999999999995,2023-02-02T15:52:00+00:00,416.74999999999994,TAKE_PROFIT,4.519999999999982,0.4987439999999999,0.11999999999989086,4.0212559999999815,1.948275862069011,1.7333000000000396,4.577533854300096,2.3199999999999363,0.005,0.002534115610986195,,HYP-FCR-03,severe,915.5067708600193,919.5280268600193,50.99999999999909,1.0224727272727292,0.49879081015718485,1,1,10.99999999999568,1.1599999999999682,5.0,2023,10
QQQ,2023-02-03,short,309.38,304.54,2023-02-03T17:55:00+00:00,2023-02-03T18:00:00+00:00,308.47,1.170000000000016,310.65,304.1100000000001,2,2,2023-02-03T18:05:00+00:00,308.42,2023-02-03T20:59:00+00:00,306.21,FORCED_SESSION_CLOSE,4.420000000000073,0.36877799999999994,0.15999999999996817,4.051222000000073,1.0137614678899483,0.9291793577982032,4.746779707350134,4.3599999999999,0.005,0.0045925872578926235,,HYP-FCR-03,severe,949.3559414700268,953.4071634700268,117.00000000000159,0.7082214285714282,1.6520256981775505,1,1,103.00000000000296,2.17999999999995,5.0,2023,13
SPY,2023-02-03,short,414.43,411.44,2023-02-03T17:55:00+00:00,2023-02-03T18:00:00+00:00,413.7,1.0300000000000296,415.78999999999996,409.52000000000004,2,2,2023-02-03T18:05:00+00:00,413.67,2023-02-03T20:59:00+00:00,412.39,FORCED_SESSION_CLOSE,2.560000000000059,0.4956359999999999,0.11999999999989086,2.0643640000000594,0.6124401913875813,0.4938669856459531,4.5976401343000965,4.17999999999995,0.005,0.004545810326492937,,HYP-FCR-03,severe,919.5280268600193,921.5923908600193,103.00000000000296,0.6530642857142895,1.5771801069682847,1,1,119.99000000000137,2.089999999999975,5.0,2023,13
QQQ,2023-02-06,short,304.96,303.33,2023-02-06T15:10:00+00:00,2023-02-06T15:15:00+00:00,303.63,0.09499999999997044,305.48,299.92999999999995,2,2,2023-02-06T15:20:00+00:00,303.59000000000003,2023-02-06T16:27:00+00:00,305.51,STOP_LOSS,-3.839999999999918,0.36546,0.13999999999987267,-4.205459999999918,-1.037837837837803,-1.1366108108107746,4.767035817350134,3.7000000000000455,0.005,0.0038808183342502922,,HYP-FCR-03,severe,953.4071634700268,949.2017034700269,9.499999999997044,1.071999999999997,0.08861940298504731,1,1,55.00000000000114,1.8500000000000227,5.0,2023,10
SPY,2023-02-06,long,410.89,409.365,2023-02-06T15:50:00+00:00,2023-02-06T15:55:00+00:00,410.27,0.6099999999999568,409.0,412.80999999999995,2,2,2023-02-06T16:00:00+00:00,410.29999999999995,2023-02-06T20:30:00+00:00,408.97,STOP_LOSS,-2.6599999999998545,0.49156199999999994,0.11999999999989086,-3.1515619999998545,-1.0472440944881467,-1.2407724409448424,4.607961954300097,2.5399999999999636,0.005,0.002756099144470654,,HYP-FCR-03,severe,921.5923908600193,918.4408288600195,60.99999999999568,0.7029142857142899,0.8678156247458889,1,1,9.500000000002728,1.2699999999999818,5.0,2023,11
QQQ,2023-02-07,long,304.67,303.09,2023-02-07T15:10:00+00:00,2023-02-07T15:20:00+00:00,303.63,0.0999999999999659,302.95,304.99,3,3,2023-02-07T15:25:00+00:00,303.69,2023-02-07T16:32:00+00:00,304.96000000000004,TAKE_PROFIT,3.810000000000116,0.547785,0.26999999999992497,3.2622150000001158,1.8676470588235676,1.5991250000000408,4.746008517350135,2.0400000000000205,0.005,0.002149174398383744,,HYP-FCR-03,severe,949.2017034700269,952.463918470027,9.99999999999659,0.7497818181818264,0.13337213249910432,2,2,31.999999999999318,0.6800000000000068,10.0,2023,10
SPY,2023-02-07,short,409.58,408.5319,2023-02-07T18:30:00+00:00,2023-02-07T18:35:00+00:00,408.62,0.8100000000000023,411.37,403.12,1,1,2023-02-07T18:40:00+00:00,408.6,2023-02-07T19:07:00+00:00,411.4,STOP_LOSS,-2.7999999999999545,0.24599999999999997,0.049999999999954525,-3.0459999999999545,-1.0181818181818016,-1.107636363636347,4.592204144300097,2.75,0.005,0.0029942048671914284,,HYP-FCR-03,severe,918.4408288600195,915.3948288600195,81.00000000000023,1.5364285714285708,0.527196652719667,1,1,22.00000000000273,2.75,5.0,2023,13
QQQ,2023-02-08,long,309.5,307.31,2023-02-08T15:05:00+00:00,2023-02-08T15:15:00+00:00,308.8,0.06999999999999318,307.73,310.94,3,3,2023-02-08T15:20:00+00:00,308.84,2023-02-08T15:24:00+00:00,307.70000000000005,STOP_LOSS,-3.4199999999997885,0.554886,0.209999999999809,-3.9748859999997883,-1.0654205607476044,-1.2382822429905962,4.762319592350135,3.2099999999999795,0.005,0.0033702064065128097,,HYP-FCR-03,severe,952.463918470027,948.4890324700273,6.999999999999318,0.9099999999999853,0.07692307692307067,2,2,18.999999999999773,1.0699999999999932,10.0,2023,10
SPY,2023-02-08,short,414.42,412.77,2023-02-08T15:15:00+00:00,2023-02-08T15:25:00+00:00,413.37,0.038000000000010914,414.39,411.33000000000004,2,2,2023-02-08T15:30:00+00:00,413.32000000000005,2023-02-08T16:23:00+00:00,411.36,TAKE_PROFIT,3.9200000000000728,0.49480799999999997,0.15999999999985448,3.425192000000073,1.9215686274510504,1.6790156862745755,4.576974144300098,2.0399999999999636,0.005,0.0022285465633888964,,HYP-FCR-03,severe,915.3948288600195,918.8200208600196,3.8000000000010914,0.7426166666666679,0.05117041093432347,2,2,10.99999999999568,1.0199999999999818,10.0,2023,10
QQQ,2023-02-10,short,300.92,298.93,2023-02-10T15:35:00+00:00,2023-02-10T15:45:00+00:00,299.78,0.34000000000003183,300.78,297.78,3,3,2023-02-10T15:50:00+00:00,299.72,2023-02-10T17:03:00+00:00,297.80999999999995,TAKE_PROFIT,5.730000000000246,0.537777,0.26999999999975444,5.192223000000245,1.9100000000000819,1.7307410000000818,4.742445162350136,3.0,0.005,0.0031629253447322298,,HYP-FCR-03,severe,948.4890324700273,953.6812554700275,34.00000000000318,1.0153499999999878,0.3348599005269473,2,2,32.99999999999841,1.0,10.0,2023,10
SPY,2023-02-10,short,406.99,405.47,2023-02-10T16:25:00+00:00,2023-02-10T16:30:00+00:00,406.68,0.2300000000000182,407.40999999999997,405.2200000000001,2,2,2023-02-10T16:35:00+00:00,406.64000000000004,2023-02-10T18:15:00+00:00,407.43999999999994,STOP_LOSS,-1.5999999999997954,0.48844799999999994,0.13999999999987267,-2.0884479999997954,-1.095890410958822,-1.430443835616374,4.5941001043000975,1.4599999999999227,0.005,0.0015889945439296765,,HYP-FCR-03,severe,918.8200208600196,916.7315728600198,23.00000000000182,0.6701428571428494,0.34321040289919974,1,1,39.999999999997726,0.7299999999999613,5.0,2023,11
QQQ,2023-02-13,short,302.67,299.93,2023-02-13T15:00:00+00:00,2023-02-13T15:10:00+00:00,301.86,0.12000000000000455,302.59,300.4000000000001,3,3,2023-02-13T15:15:00+00:00,301.85,2023-02-13T15:29:00+00:00,302.61999999999995,STOP_LOSS,-2.309999999999775,0.5440229999999999,0.11999999999989086,-2.854022999999775,-1.0547945205478984,-1.3032068493150348,4.768406277350137,2.189999999999884,0.005,0.0022963647313383856,,HYP-FCR-03,severe,953.6812554700275,950.8272324700278,12.000000000000455,0.8605555555555561,0.1394448030987786,2,2,19.999999999998863,0.7299999999999613,10.0,2023,10
QQQ,2023-02-14,short,305.99,300.91,2023-02-14T15:30:00+00:00,2023-02-14T15:35:00+00:00,303.12,0.6000000000000227,306.83,295.70000000000005,1,1,2023-02-14T15:40:00+00:00,303.09000000000003,2023-02-14T19:50:00+00:00,306.85999999999996,STOP_LOSS,-3.769999999999925,0.182985,0.05999999999994543,-3.952984999999925,-1.0161725067385299,-1.0654946091644062,4.754136162350139,3.7099999999999795,0.005,0.0039018655264661103,,HYP-FCR-03,severe,950.8272324700278,946.8742474700279,60.000000000002274,1.2364999999999984,0.4852405984634238,1,1,15.999999999996817,3.7099999999999795,5.0,2023,10
SPY,2023-02-14,short,413.72,409.49,2023-02-14T15:30:00+00:00,2023-02-14T15:35:00+00:00,410.58,0.5150000000000432,414.46,402.82,1,1,2023-02-14T15:40:00+00:00,410.62,2023-02-14T20:59:00+00:00,412.7,FORCED_SESSION_CLOSE,-2.079999999999984,0.24699599999999997,0.06999999999999318,-2.326995999999984,-0.5360824742268007,-0.5997412371133986,4.5836578643001,3.8799999999999955,0.005,0.004232427588258108,,HYP-FCR-03,severe,916.7315728600198,914.4045768600198,51.50000000000432,1.131764285714277,0.45504174897604,1,1,1.999999999998181,3.8799999999999955,5.0,2023,10
QQQ,2023-02-15,long,306.79,304.65,2023-02-15T15:10:00+00:00,2023-02-15T15:20:00+00:00,305.4901,0.13999999999998636,304.73990000000003,306.9904999999999,3,3,2023-02-15T15:25:00+00:00,305.53,2023-02-15T16:41:00+00:00,306.9604999999999,TAKE_PROFIT,4.2914999999998145,0.5512414499999998,0.2096999999998843,3.7402585499998144,1.90682484670759,1.6618939616102661,4.734371237350139,2.2505999999998494,0.005,0.0023768731761511864,,HYP-FCR-03,severe,946.8742474700279,950.6145060200276,13.999999999998636,1.0863545454545416,0.1288713713085344,2,2,44.99999999999886,0.7501999999999498,10.0,2023,10
SPY,2023-02-15,long,411.63,409.74,2023-02-15T15:10:00+00:00,2023-02-15T15:20:00+00:00,410.715,0.08999999999997499,410.1,411.9449999999999,2,2,2023-02-15T15:25:00+00:00,410.75,2023-02-15T16:29:00+00:00,411.9149999999999,TAKE_PROFIT,2.3299999999998136,0.49359899999999995,0.12999999999999545,1.8364009999998137,1.8943089430894264,1.4930089430893954,4.572022884300099,1.2299999999999045,0.005,0.0013451376241177728,,HYP-FCR-03,severe,914.4045768600198,916.2409778600196,8.999999999997499,0.9760545454545567,0.09220796155204752,2,2,26.99999999999818,0.6149999999999523,10.0,2023,10
QQQ,2023-02-16,short,306.0,303.71,2023-02-16T20:15:00+00:00,2023-02-16T20:20:00+00:00,304.98,0.7699999999999818,306.59,301.7600000000001,2,2,2023-02-16T20:25:00+00:00,304.95000000000005,2023-02-16T20:59:00+00:00,303.30999999999995,FORCED_SESSION_CLOSE,3.2800000000002,0.36495599999999995,0.11999999999989086,2.9150440000002003,1.0186335403727602,0.9052931677019498,4.753072530100138,3.2199999999999136,0.005,0.003387282625720919,,HYP-FCR-03,severe,950.6145060200276,953.5295500200278,76.99999999999818,0.5396428571428616,1.4268696227663342,1,1,4.000000000002046,1.6099999999999568,5.0,2023,15
SPY,2023-02-16,short,409.75,408.26,2023-02-16T20:25:00+00:00,2023-02-16T20:30:00+00:00,408.97,0.17999999999994998,410.23,406.45000000000005,2,2,2023-02-16T20:35:00+00:00,408.93,2023-02-16T20:59:00+00:00,408.35999999999996,FORCED_SESSION_CLOSE,1.1400000000001,0.4903739999999999,0.13999999999998636,0.6496260000001002,0.45238095238099535,0.25778809523813684,4.581204889300098,2.519999999999982,0.005,0.0027503681464735572,,HYP-FCR-03,severe,916.2409778600196,916.8906038600197,17.999999999994998,0.5713857142857209,0.3150236267719167,1,1,49.00000000000091,1.259999999999991,5.0,2023,15
SPY,2023-02-17,short,406.81,404.18,2023-02-17T15:35:00+00:00,2023-02-17T15:45:00+00:00,405.38,0.4200000000000159,406.46,403.22,2,2,2023-02-17T15:50:00+00:00,405.36,2023-02-17T19:32:00+00:00,406.48999999999995,STOP_LOSS,-2.259999999999877,0.4871099999999999,0.09999999999990905,-2.747109999999877,-1.046296296296255,-1.271810185185147,4.584453019300098,2.159999999999968,0.005,0.0023557881288199262,,HYP-FCR-03,severe,916.8906038600197,914.1434938600198,42.00000000000159,0.8148714285714261,0.5154187338931856,2,2,42.00000000000159,1.079999999999984,10.0,2023,10
QQQ,2023-02-17,long,301.93,298.88,2023-02-17T16:40:00+00:00,2023-02-17T16:45:00+00:00,299.3641,0.03300000000001546,298.78000000000003,300.53229999999996,3,3,2023-02-17T16:50:00+00:00,299.39,2023-02-17T16:54:00+00:00,298.75000000000006,STOP_LOSS,-1.9199999999997885,0.538326,0.1676999999998543,-2.4583259999997886,-1.0957027906179653,-1.402913884608732,4.7676477501001395,1.7522999999999342,0.005,0.00183769868481069,,HYP-FCR-03,severe,953.5295500200278,951.071224020028,3.300000000001546,0.5358571428571436,0.06158357771263874,1,1,4.000000000002046,0.5840999999999781,5.0,2023,11
QQQ,2023-02-22,long,295.98,294.5399,2023-02-22T17:15:00+00:00,2023-02-22T17:20:00+00:00,294.73,0.3006000000000313,294.05,296.09000000000003,3,3,2023-02-22T17:25:00+00:00,294.77,2023-02-22T19:06:00+00:00,296.06000000000006,TAKE_PROFIT,3.870000000000232,0.531747,0.209999999999809,3.3382530000002317,1.8970588235295065,1.636398529411862,4.75535612010014,2.0400000000000205,0.005,0.0021449497666192257,,HYP-FCR-03,severe,951.071224020028,954.4094770200282,30.06000000000313,0.475200000000005,0.6325757575758167,1,1,46.989999999999554,0.6800000000000068,5.0,2023,12
SPY,2023-02-22,long,400.47,399.29,2023-02-22T17:10:00+00:00,2023-02-22T17:20:00+00:00,400.02,0.37999999999999545,399.27,401.52,2,2,2023-02-22T17:25:00+00:00,400.05999999999995,2023-02-22T19:02:00+00:00,399.24,STOP_LOSS,-1.6399999999998727,0.47957999999999995,0.13999999999987267,-2.1195799999998726,-1.0933333333332484,-1.4130533333332485,4.570717469300099,1.5,0.005,0.0016408802448138308,,HYP-FCR-03,severe,914.1434938600198,912.0239138600199,37.999999999999545,0.45648571428571927,0.8324466420479248,2,2,18.999999999999773,0.75,10.0,2023,12
QQQ,2023-02-23,long,298.13,296.62,2023-02-23T19:30:00+00:00,2023-02-23T19:35:00+00:00,296.848,0.2599999999999909,296.27,298.0040000000001,3,3,2023-02-23T19:40:00+00:00,296.88,2023-02-23T19:57:00+00:00,296.24,STOP_LOSS,-1.919999999999959,0.533808,0.18599999999986494,-2.453807999999959,-1.1072664359860755,-1.4151141868511108,4.772047385100142,1.7340000000000941,0.005,0.0018168302408460956,,HYP-FCR-03,severe,954.4094770200282,951.9556690200283,25.99999999999909,0.47989999999999455,0.541779537403613,1,1,33.01000000000158,0.5780000000000314,5.0,2023,14
SPY,2023-02-23,long,402.2,400.76,2023-02-23T20:20:00+00:00,2023-02-23T20:30:00+00:00,401.4399,0.12999999999999545,400.75,402.81970000000007,2,2,2023-02-23T20:35:00+00:00,401.46999999999997,2023-02-23T20:46:00+00:00,400.72,STOP_LOSS,-1.4999999999998863,0.48131399999999996,0.12019999999984066,-1.9813139999998863,-1.087114074503433,-1.435942890273823,4.5601195693001,1.3798000000000457,0.005,0.0015128989262575645,,HYP-FCR-03,severe,912.0239138600199,910.04259986002,12.999999999999545,0.4978500000000078,0.26112282816107946,2,2,22.49999999999659,0.6899000000000228,10.0,2023,15
SPY,2023-02-24,long,396.47,394.16,2023-02-24T16:05:00+00:00,2023-02-24T16:10:00+00:00,394.665,0.17999999999994998,394.04,395.915,2,2,2023-02-24T16:15:00+00:00,394.7,2023-02-24T16:42:00+00:00,395.88500000000005,TAKE_PROFIT,2.3700000000001182,0.47435099999999997,0.12999999999988177,1.8956490000001183,1.8960000000000945,1.5165192000000947,4.5502129993001,1.25,0.005,0.0013735620730197368,,HYP-FCR-03,severe,910.04259986002,911.9382488600202,17.999999999994998,0.5878642857142731,0.3061931203751296,1,1,14.00000000000432,0.625,5.0,2023,11
QQQ,2023-02-24,long,292.97,290.82,2023-02-24T16:40:00+00:00,2023-02-24T16:45:00+00:00,291.745,0.125,290.79,293.655,3,3,2023-02-24T16:50:00+00:00,291.78,2023-02-24T17:40:00+00:00,290.76000000000005,STOP_LOSS,-3.059999999999775,0.524286,0.19499999999982265,-3.584285999999775,-1.06806282722507,-1.2510596858638166,4.759778345100141,2.8649999999999523,0.005,0.003009593926731136,,HYP-FCR-03,severe,951.9556690200283,948.3713830200285,12.5,0.5042214285714246,0.24790695697752033,1,1,4.000000000002046,0.9549999999999841,5.0,2023,11
SPY,2023-02-27,short,400.35,399.08,2023-02-27T15:35:00+00:00,2023-02-27T15:40:00+00:00,399.4,0.9499999999999886,400.69,396.81999999999994,2,2,2023-02-27T15:45:00+00:00,399.38000000000005,2023-02-27T20:37:00+00:00,396.8499999999999,TAKE_PROFIT,5.0600000000002865,0.477738,0.09999999999979536,4.582262000000286,1.9612403100775992,1.7760705426357417,4.559691244300101,2.580000000000041,0.005,0.0028291389282390582,,HYP-FCR-03,severe,911.9382488600202,916.5205108600204,94.99999999999886,0.5978571428571472,1.589008363201881,1,1,19.499999999999318,1.2900000000000205,5.0,2023,10
QQQ,2023-02-27,long,295.57,294.47,2023-02-27T17:50:00+00:00,2023-02-27T17:55:00+00:00,294.7901,0.03000000000002956,294.29,295.79029999999995,3,3,2023-02-27T18:00:00+00:00,294.84,2023-02-27T18:43:00+00:00,294.26000000000005,STOP_LOSS,-1.7399999999997817,0.53019,0.23969999999985703,-2.270189999999782,-1.1597680463906346,-1.5131573685262254,4.741856915100143,1.5002999999999247,0.005,0.0015819751912191978,,HYP-FCR-03,severe,948.3713830200285,946.1011930200287,3.000000000002956,0.3341642857142761,0.08977620075677616,1,1,4.000000000002046,0.5000999999999749,5.0,2023,13
QQQ,2023-02-28,short,294.68,292.96,2023-02-28T15:05:00+00:00,2023-02-28T15:15:00+00:00,294.12,0.21000000000003638,294.71999999999997,292.9200000000001,3,3,2023-02-28T15:20:00+00:00,294.1,2023-02-28T16:22:00+00:00,294.74999999999994,STOP_LOSS,-1.9499999999997613,0.5299649999999999,0.14999999999986358,-2.479964999999761,-1.0833333333332622,-1.3777583333332788,4.730505965100144,1.7999999999998977,0.005,0.0019025449003548525,,HYP-FCR-03,severe,946.1011930200287,943.621228020029,21.000000000003638,0.6547999999999945,0.3207086133171016,2,2,27.99999999999727,0.5999999999999659,10.0,2023,10
SPY,2023-02-28,short,398.03,396.45,2023-02-28T15:05:00+00:00,2023-02-28T15:15:00+00:00,397.31,0.3599999999999568,397.95,396.03000000000003,2,2,2023-02-28T15:20:00+00:00,397.26000000000005,2023-02-28T16:02:00+00:00,397.97999999999996,STOP_LOSS,-1.4399999999998272,0.47714399999999996,0.15999999999985448,-1.9171439999998272,-1.124999999999889,-1.4977687499998968,4.582602554300102,1.2799999999999727,0.005,0.0013965863118533812,,HYP-FCR-03,severe,916.5205108600204,914.6033668600206,35.99999999999568,0.6411300000000096,0.5615085864020579,2,2,26.000000000004775,0.6399999999999864,10.0,2023,10
QQQ,2023-03-01,long,293.93,292.1,2023-03-01T15:35:00+00:00,2023-03-01T15:40:00+00:00,292.615,0.6999999999999886,291.3,295.245,3,3,2023-03-01T15:45:00+00:00,292.65,2023-03-01T16:06:00+00:00,291.27000000000004,STOP_LOSS,-4.139999999999816,0.525528,0.19499999999982265,-4.665527999999815,-1.049429657794632,-1.1826433460075598,4.718106140100145,3.944999999999993,0.005,0.0041807028952471365,,HYP-FCR-03,severe,943.621228020029,938.9557000200292,69.99999999999886,0.7613571428571382,0.9194108265315603,1,1,80.80000000000496,1.3149999999999977,5.0,2023,10
SPY,2023-03-01,long,396.69,395.16,2023-03-01T15:35:00+00:00,2023-03-01T15:40:00+00:00,395.9,0.5699999999999932,394.6,398.4999999999999,2,2,2023-03-01T15:45:00+00:00,395.91999999999996,2023-03-01T16:08:00+00:00,394.57000000000005,STOP_LOSS,-2.699999999999818,0.47429399999999994,0.09999999999990905,-3.174293999999818,-1.0384615384615048,-1.2208823076922803,4.573016834300104,2.599999999999909,0.005,0.0028427623319670515,,HYP-FCR-03,severe,914.6033668600206,911.4290728600208,56.99999999999932,0.7539285714285638,0.7560397915679758,1,1,42.00000000000159,1.2999999999999545,5.0,2023,10
QQQ,2023-03-03,short,296.9752,294.87,2023-03-03T15:00:00+00:00,2023-03-03T15:05:00+00:00,295.7009,0.37999999999999545,296.76,293.5827,3,3,2023-03-03T15:10:00+00:00,295.67,2023-03-03T15:14:00+00:00,296.78999999999996,STOP_LOSS,-3.359999999999843,0.533214,0.18269999999984066,-3.893213999999843,-1.0575016523462817,-1.2253214993862211,4.6947785001001465,3.1773000000000025,0.005,0.0033838657137202814,,HYP-FCR-03,severe,938.9557000200292,935.0624860200294,37.999999999999545,0.7544624999999883,0.5036698311711998,1,1,3.480000000001837,1.0591000000000008,5.0,2023,10
SPY,2023-03-03,long,400.92,399.155,2023-03-03T15:05:00+00:00,2023-03-03T15:15:00+00:00,400.47,0.4399999999999977,399.32,402.7700000000001,2,2,2023-03-03T15:20:00+00:00,400.51,2023-03-03T17:55:00+00:00,402.7400000000001,TAKE_PROFIT,4.460000000000264,0.48195000000000005,0.13999999999987267,3.978050000000264,1.939130434782666,1.7295869565218025,4.557145364300104,2.300000000000068,0.005,0.002523509583453135,,HYP-FCR-03,severe,911.4290728600208,915.4071228600211,43.99999999999977,0.7707200000000057,0.5708947477683133,2,2,12.5,1.150000000000034,10.0,2023,10
SPY,2023-03-06,short,405.85,404.76,2023-03-06T18:05:00+00:00,2023-03-06T18:10:00+00:00,405.59,0.05000000000001137,405.86,405.0499999999999,2,2,2023-03-06T18:15:00+00:00,405.56,2023-03-06T18:23:00+00:00,405.89,STOP_LOSS,-0.6599999999999682,0.48686999999999997,0.11999999999989086,-1.146869999999968,-1.2222222222219883,-2.12383333333297,4.577035614300105,0.5400000000000773,0.005,0.0005899014618904719,,HYP-FCR-03,severe,915.4071228600211,914.2602528600212,5.000000000001137,0.33851428571428854,0.14770425388254416,1,1,6.999999999999318,0.27000000000003865,5.0,2023,13
QQQ,2023-03-06,short,301.81,300.63,2023-03-06T18:30:00+00:00,2023-03-06T18:40:00+00:00,301.41,0.09000000000003183,301.8185,300.59300000000013,3,3,2023-03-06T18:45:00+00:00,301.35,2023-03-06T19:48:00+00:00,300.6230000000001,TAKE_PROFIT,2.180999999999756,0.5417757000000001,0.26999999999992497,1.6392242999997557,1.7796817625459322,1.3375963280293506,4.675312430100147,1.2254999999998404,0.005,0.0013106075993017537,,HYP-FCR-03,severe,935.0624860200294,936.7017103200292,9.000000000003183,0.4135071428571483,0.21765041198121107,2,2,5.000000000001137,0.4084999999999468,10.0,2023,13
QQQ,2023-03-08,long,297.49,296.02,2023-03-08T15:20:00+00:00,2023-03-08T15:25:00+00:00,296.8,0.13999999999998636,296.0,298.40000000000003,3,3,2023-03-08T15:30:00+00:00,296.84999999999997,2023-03-08T16:51:00+00:00,298.37000000000006,TAKE_PROFIT,4.5600000000002865,0.535698,0.23999999999978172,4.0243020000002865,1.9000000000000923,1.6767925000000956,4.683508551600146,2.400000000000034,0.005,0.002562181720774334,,HYP-FCR-03,severe,936.7017103200292,940.7260123200294,13.999999999998636,0.8402833333333272,0.16661046869110108,1,1,50.0,0.8000000000000114,5.0,2023,10
SPY,2023-03-08,long,399.1,397.94,2023-03-08T15:20:00+00:00,2023-03-08T15:25:00+00:00,398.63,0.07999999999998408,397.96000000000004,399.9699999999999,2,2,2023-03-08T15:30:00+00:00,398.65999999999997,2023-03-08T16:35:00+00:00,397.93000000000006,STOP_LOSS,-1.459999999999809,0.477954,0.11999999999989086,-1.937953999999809,-1.0895522388058942,-1.4462343283581547,4.571301264300106,1.3399999999999181,0.005,0.001465665816498183,,HYP-FCR-03,severe,914.2602528600212,912.3222988600214,7.999999999998408,0.8435166666666731,0.09484104246110546,1,1,50.0,0.6699999999999591,5.0,2023,10
QQQ,2023-03-09,short,300.61,297.96,2023-03-09T15:10:00+00:00,2023-03-09T15:15:00+00:00,299.57,0.10000000000002274,300.7205,297.26899999999995,3,3,2023-03-09T15:20:00+00:00,299.535,2023-03-09T15:43:00+00:00,300.7505,STOP_LOSS,-3.6464999999998895,0.54025695,0.19499999999982265,-4.186756949999889,-1.0564971751411905,-1.213025336810027,4.703630061600148,3.451500000000067,0.005,0.003668974765019984,,HYP-FCR-03,severe,940.7260123200294,936.5392553700295,10.000000000002274,0.7942800000000034,0.12590018633230385,1,1,21.999999999997044,1.1505000000000223,5.0,2023,10
QQQ,2023-03-10,short,293.06,289.13,2023-03-10T16:45:00+00:00,2023-03-10T16:50:00+00:00,292.19,0.6999999999999886,293.8,288.96999999999997,2,2,2023-03-10T16:55:00+00:00,292.17,2023-03-10T18:26:00+00:00,288.99999999999994,TAKE_PROFIT,6.3400000000001455,0.34870199999999996,0.09999999999990905,5.991298000000145,1.9689440993789105,1.8606515527950604,4.682696276850148,3.2200000000000273,0.005,0.00343819010419141,,HYP-FCR-03,severe,936.5392553700295,942.5305533700297,69.99999999999886,0.9128857142857255,0.7667991612155896,1,1,42.00000000000159,1.6100000000000136,5.0,2023,11
SPY,2023-03-10,short,391.2,387.48,2023-03-10T16:45:00+00:00,2023-03-10T16:50:00+00:00,390.42,0.9300000000000068,392.48,386.3,2,2,2023-03-10T16:55:00+00:00,390.39000000000004,2023-03-10T18:23:00+00:00,386.33,TAKE_PROFIT,8.120000000000118,0.466032,0.11999999999989086,7.653968000000118,1.9708737864077934,1.8577592233009974,4.561611494300108,4.1200000000000045,0.005,0.004515947933255702,,HYP-FCR-03,severe,912.3222988600214,919.9762668600215,93.00000000000068,1.0221428571428532,0.9098532494759012,1,1,78.00000000000296,2.0600000000000023,5.0,2023,11
SPY,2023-03-14,short,391.92,389.9014,2023-03-14T16:50:00+00:00,2023-03-14T17:10:00+00:00,389.96,0.6899999999999977,391.45,386.97999999999996,2,2,2023-03-14T17:15:00+00:00,389.92,2023-03-14T19:56:00+00:00,391.47999999999996,STOP_LOSS,-3.119999999999891,0.4688399999999999,0.13999999999987267,-3.588839999999891,-1.046979865771769,-1.2043087248321709,4.5998813343001075,2.980000000000018,0.005,0.0032392139964339305,,HYP-FCR-03,severe,919.9762668600215,916.3874268600216,68.99999999999977,0.5866428571428628,1.176184098380601,4,4,40.99999999999682,1.490000000000009,20.0,2023,13
QQQ,2023-03-14,short,296.38,294.21,2023-03-14T17:10:00+00:00,2023-03-14T17:15:00+00:00,295.59,0.37000000000000455,297.07,292.62999999999994,3,3,2023-03-14T17:20:00+00:00,295.54,2023-03-14T19:56:00+00:00,297.09999999999997,STOP_LOSS,-4.679999999999836,0.533376,0.23999999999978172,-5.213375999999836,-1.0540540540540042,-1.1741837837837323,4.712652766850148,4.440000000000055,0.005,0.004710722622332804,,HYP-FCR-03,severe,942.5305533700297,937.3171773700299,37.000000000000455,0.5315928571428604,0.6960213912365844,1,1,11.000000000001364,1.4800000000000182,5.0,2023,13
QQQ,2023-03-15,long,296.17,294.27,2023-03-15T14:55:00+00:00,2023-03-15T15:00:00+00:00,295.01,0.18000000000000682,293.76,297.51,3,3,2023-03-15T15:05:00+00:00,295.03999999999996,2023-03-15T18:24:00+00:00,297.48,TAKE_PROFIT,7.320000000000164,0.533268,0.1799999999998363,6.786732000000164,1.9520000000000437,1.8097952000000437,4.68658588685015,3.75,0.005,0.004000780195367733,,HYP-FCR-03,severe,937.3171773700299,944.10390937003,18.000000000000682,1.0257928571428547,0.17547402357758818,1,1,12.700000000000955,1.25,5.0,2023,11
SPY,2023-03-15,long,387.72,385.17,2023-03-15T14:55:00+00:00,2023-03-15T15:00:00+00:00,386.12,0.1349999999999909,384.74,388.88,2,2,2023-03-15T15:05:00+00:00,386.15,2023-03-15T16:10:00+00:00,384.71000000000004,STOP_LOSS,-2.8799999999998818,0.462516,0.11999999999989086,-3.3425159999998817,-1.0434782608695259,-1.2110565217390916,4.581937134300108,2.759999999999991,0.005,0.003011826569311477,,HYP-FCR-03,severe,916.3874268600216,913.0449108600217,13.49999999999909,1.1475714285714145,0.1176397360886279,1,1,6.999999999999318,1.3799999999999955,5.0,2023,11
SPY,2023-03-16,short,388.65,386.29,2023-03-16T14:00:00+00:00,2023-03-16T14:10:00+00:00,387.24,0.5640000000000214,388.59999999999997,384.5200000000001,2,2,2023-03-16T14:15:00+00:00,387.20000000000005,2023-03-16T14:40:00+00:00,388.62999999999994,STOP_LOSS,-2.8599999999997863,0.4654979999999999,0.13999999999987267,-3.325497999999786,-1.0514705882352489,-1.2226095588234895,4.565224554300109,2.7199999999999136,0.005,0.002979042944818423,,HYP-FCR-03,severe,913.0449108600217,909.7194128600219,56.40000000000214,0.9906888888888956,0.5693008232206722,2,2,31.0100000000034,1.3599999999999568,10.0,2023,10
QQQ,2023-03-17,short,308.03,306.31,2023-03-17T14:15:00+00:00,2023-03-17T14:20:00+00:00,306.52,0.44999999999998863,308.32,302.91999999999996,2,2,2023-03-17T14:25:00+00:00,306.5,2023-03-17T19:59:00+00:00,305.35999999999996,FORCED_SESSION_CLOSE,2.2800000000000864,0.3671159999999999,0.09999999999990905,1.9128840000000866,0.6333333333333533,0.5313566666666873,4.72051954685015,3.6000000000000227,0.005,0.0038131395964689802,,HYP-FCR-03,severe,944.10390937003,946.0167933700301,44.99999999999886,1.0298454545454556,0.43695876698179514,1,1,13.00000000000523,1.8000000000000114,5.0,2023,10
QQQ,2023-03-20,short,304.5,302.01,2023-03-20T15:55:00+00:00,2023-03-20T16:10:00+00:00,303.39,0.3801000000000272,304.21999999999997,301.73,3,3,2023-03-20T16:15:00+00:00,303.39000000000004,2023-03-20T16:50:00+00:00,304.24999999999994,STOP_LOSS,-2.5799999999997,0.5468759999999999,0.09000000000008868,-3.1268759999997,-1.0361445783131524,-1.2557734939758072,4.730083966850151,2.4899999999999523,0.005,0.0026320885817784846,,HYP-FCR-03,severe,946.0167933700301,942.8899173700304,38.01000000000272,0.5626499999999949,0.6755531858171699,3,3,11.000000000001364,0.8299999999999841,15.0,2023,12
SPY,2023-03-20,short,392.13,390.07,2023-03-20T16:05:00+00:00,2023-03-20T16:10:00+00:00,391.2903,0.6099999999999568,392.52,388.83090000000004,2,2,2023-03-20T16:15:00+00:00,391.29,2023-03-20T16:50:00+00:00,392.54999999999995,STOP_LOSS,-2.519999999999868,0.4703039999999999,0.060599999999908505,-2.990303999999868,-1.024640156135606,-1.2158672847035525,4.548597064300109,2.4593999999999596,0.005,0.002703470944154059,,HYP-FCR-03,severe,909.7194128600219,906.7291088600219,60.99999999999568,0.5953499999999882,1.0246073738136707,1,1,39.999999999997726,1.2296999999999798,5.0,2023,12
QQQ,2023-03-21,long,308.94,307.63,2023-03-21T15:10:00+00:00,2023-03-21T15:15:00+00:00,307.9,0.4199999999999591,306.85,309.9999999999999,3,3,2023-03-21T15:20:00+00:00,307.91999999999996,2023-03-21T15:41:00+00:00,306.82000000000005,STOP_LOSS,-3.299999999999727,0.5532659999999999,0.14999999999986358,-3.853265999999727,-1.0476190476190064,-1.223259047619014,4.714449586850152,3.1499999999998636,0.005,0.003340792962115925,,HYP-FCR-03,severe,942.8899173700304,939.0366513700307,41.99999999999591,0.5759928571428726,0.7291757090240788,1,1,42.19999999999686,1.0499999999999545,5.0,2023,11
SPY,2023-03-21,long,397.99,397.07,2023-03-21T17:30:00+00:00,2023-03-21T17:35:00+00:00,397.135,0.05000000000001137,396.69,398.025,2,2,2023-03-21T17:40:00+00:00,397.16999999999996,2023-03-21T17:53:00+00:00,396.66,STOP_LOSS,-1.0199999999998681,0.4762979999999999,0.12999999999988177,-1.496297999999868,-1.1460674157302064,-1.6812337078650461,4.53364554430011,0.8899999999999864,0.005,0.0009815500476420482,,HYP-FCR-03,severe,906.7291088600219,905.232810860022,5.000000000001137,0.33800000000000197,0.14792899408287302,1,1,12.000000000000455,0.4449999999999932,5.0,2023,13
SPY,2023-03-22,short,398.875,398.08,2023-03-22T15:10:00+00:00,2023-03-22T15:15:00+00:00,398.67,0.03500000000002501,399.07,397.87000000000006,2,2,2023-03-22T15:20:00+00:00,398.65000000000003,2023-03-22T15:25:00+00:00,399.09999999999997,STOP_LOSS,-0.8999999999998636,0.47864999999999996,0.09999999999990905,-1.3786499999998636,-1.1249999999998934,-1.7233124999999274,4.52616405430011,0.7999999999999545,0.005,0.0008837505561026998,,HYP-FCR-03,severe,905.232810860022,903.8541608600221,3.500000000002501,0.40735000000000404,0.08592119798704963,1,1,19.499999999999318,0.39999999999997726,5.0,2023,11
QQQ,2023-03-22,short,310.82,309.74,2023-03-22T19:00:00+00:00,2023-03-22T19:05:00+00:00,309.81,0.8149999999999977,313.38,302.67,1,1,2023-03-22T19:10:00+00:00,309.8,2023-03-22T19:59:00+00:00,306.02,FORCED_SESSION_CLOSE,3.7800000000000296,0.18474599999999997,0.03999999999996362,3.5952540000000295,1.058823529411775,1.0070739495798422,4.695183256850154,3.569999999999993,0.005,0.003801768540973831,,HYP-FCR-03,severe,939.0366513700307,942.6319053700307,81.49999999999977,1.773907142857151,0.4594378027517915,1,1,118.99999999999977,3.569999999999993,5.0,2023,15
SPY,2023-03-23,short,396.17,394.92,2023-03-23T17:10:00+00:00,2023-03-23T17:15:00+00:00,395.81,0.20249999999998636,396.75,393.93,2,2,2023-03-23T17:20:00+00:00,395.76000000000005,2023-03-23T18:24:00+00:00,393.96,TAKE_PROFIT,3.6000000000001364,0.473832,0.15999999999985448,3.1261680000001366,1.9148936170213537,1.662855319149013,4.519270804300111,1.8799999999999955,0.005,0.0020799815738096125,,HYP-FCR-03,severe,903.8541608600221,906.9803288600223,20.249999999998636,0.5641071428571374,0.35897435897433827,1,1,36.009999999998854,0.9399999999999977,5.0,2023,13
QQQ,2023-03-23,long,310.93,309.73,2023-03-23T19:45:00+00:00,2023-03-23T19:50:00+00:00,310.39,0.3100000000000023,308.97,313.2299999999999,3,3,2023-03-23T19:55:00+00:00,310.40999999999997,2023-03-23T19:59:00+00:00,309.75,FORCED_SESSION_CLOSE,-1.9799999999999045,0.558144,0.14999999999986358,-2.5381439999999045,-0.4647887323943572,-0.5958084507042201,4.713159526850154,4.259999999999877,0.005,0.0045192614166052565,,HYP-FCR-03,severe,942.6319053700307,940.0937613700308,31.000000000000227,1.1760714285714269,0.2635894321287603,1,1,42.00000000000159,1.419999999999959,5.0,2023,15
SPY,2023-03-24,short,391.98,389.4,2023-03-24T14:10:00+00:00,2023-03-24T14:20:00+00:00,390.97,0.09000000000003183,391.81,389.2900000000001,2,2,2023-03-24T14:25:00+00:00,390.95000000000005,2023-03-24T14:26:00+00:00,391.84,STOP_LOSS,-1.779999999999859,0.4696739999999999,0.09999999999990905,-2.249673999999859,-1.0595238095237571,-1.3390916666666226,4.534901644300112,1.67999999999995,0.005,0.0018523003714000404,,HYP-FCR-03,severe,906.9803288600223,904.7306548600224,9.000000000003183,1.1153090909090948,0.08069511916797192,2,2,53.49999999999682,0.839999999999975,10.0,2023,10
QQQ,2023-03-24,long,309.73,307.18,2023-03-24T15:30:00+00:00,2023-03-24T15:50:00+00:00,308.86,0.8100000000000023,307.6,311.38,3,3,2023-03-24T15:55:00+00:00,308.89,2023-03-24T16:19:00+00:00,307.57000000000005,STOP_LOSS,-3.959999999999809,0.554814,0.1799999999998363,-4.514813999999809,-1.0476190476190046,-1.1943952380951963,4.700468806850155,3.7799999999999727,0.005,0.004020875528937932,,HYP-FCR-03,severe,940.0937613700308,935.5789473700311,81.00000000000023,0.7014142857142807,1.1548096702580617,4,4,4.000000000002046,1.259999999999991,20.0,2023,11
SPY,2023-03-28,short,396.03,394.97,2023-03-28T14:20:00+00:00,2023-03-28T14:25:00+00:00,395.87,0.1150000000000091,396.27,395.07000000000005,2,2,2023-03-28T14:30:00+00:00,395.86,2023-03-28T14:33:00+00:00,395.1,TAKE_PROFIT,1.5199999999999818,0.474576,0.07999999999992724,1.045423999999982,1.9000000000000852,1.3067800000000518,4.523653274300112,0.7999999999999545,0.005,0.0008842410674409263,,HYP-FCR-03,severe,904.7306548600224,905.7760788600224,11.50000000000091,0.5587083333333235,0.2058319039451314,1,1,31.000000000000227,0.39999999999997726,5.0,2023,10
QQQ,2023-03-28,long,308.2,305.94,2023-03-28T15:05:00+00:00,2023-03-28T15:15:00+00:00,306.43,0.070699999999988,305.92,307.45,3,3,2023-03-28T15:20:00+00:00,306.46,2023-03-28T16:16:00+00:00,305.89000000000004,STOP_LOSS,-1.709999999999809,0.5511149999999999,0.1799999999998363,-2.261114999999809,-1.1176470588234244,-1.477852941176372,4.677894736850155,1.5299999999999727,0.005,0.001635351035100667,,HYP-FCR-03,severe,935.5789473700311,933.3178323700313,7.0699999999987995,0.4905071428571505,0.14413653507300264,2,2,0.9999999999990905,0.5099999999999909,10.0,2023,11
QQQ,2023-03-29,short,311.83,310.75,2023-03-29T14:05:00+00:00,2023-03-29T14:30:00+00:00,310.8,0.05000000000001137,311.52,309.36000000000007,3,3,2023-03-29T14:35:00+00:00,310.79,2023-03-29T15:48:00+00:00,311.54999999999995,STOP_LOSS,-2.279999999999802,0.560106,0.11999999999989086,-2.8401059999998024,-1.0555555555555074,-1.3148638888888513,4.6665891618501565,2.1599999999999113,0.005,0.002314324150986048,,HYP-FCR-03,severe,933.3178323700313,930.4777263700315,5.000000000001137,0.5116076923076863,0.09773113413224607,5,5,9.000000000003183,0.7199999999999704,25.0,2023,10
SPY,2023-03-29,long,400.125,399.425,2023-03-29T15:30:00+00:00,2023-03-29T15:35:00+00:00,399.542,0.05000000000001137,399.33,399.96599999999995,2,2,2023-03-29T15:40:00+00:00,399.58,2023-03-29T16:01:00+00:00,399.936,TAKE_PROFIT,0.7119999999999891,0.47970959999999996,0.13599999999996726,0.23229039999998913,1.6792452830189286,0.5478547169811346,4.528880394300112,0.42399999999997817,0.005,0.00046810686426341656,,HYP-FCR-03,severe,905.7760788600224,906.0083692600224,5.000000000001137,0.36070714285713734,0.1386166062694647,1,1,16.0000000000025,0.21199999999998909,5.0,2023,11
QQQ,2023-03-30,short,315.59,314.54,2023-03-30T14:00:00+00:00,2023-03-30T14:10:00+00:00,314.65,0.40999999999996817,315.57,312.80999999999995,2,2,2023-03-30T14:15:00+00:00,314.62,2023-03-30T14:24:00+00:00,315.59999999999997,STOP_LOSS,-1.9599999999999227,0.37813199999999997,0.11999999999989086,-2.3381319999999226,-1.0652173913042873,-1.2707239130434143,4.652388631850157,1.8400000000000318,0.005,0.0019774788238921285,,HYP-FCR-03,severe,930.4777263700315,928.1395943700315,40.99999999999682,0.6044222222222149,0.6783337622706274,2,2,33.00000000000409,0.9200000000000159,10.0,2023,10
SPY,2023-03-30,long,404.14,403.51,2023-03-30T14:25:00+00:00,2023-03-30T14:30:00+00:00,403.65,0.05000000000001137,403.16,404.6299999999999,2,2,2023-03-30T14:35:00+00:00,403.66999999999996,2023-03-30T15:32:00+00:00,403.13000000000005,STOP_LOSS,-1.0799999999998136,0.48407999999999995,0.09999999999990905,-1.5640799999998136,-1.1020408163264477,-1.5959999999999654,4.530041846300112,0.9799999999999045,0.005,0.001081667712187156,,HYP-FCR-03,severe,906.0083692600224,904.4442892600226,5.000000000001137,0.494684615384616,0.10107449968124943,1,1,15.999999999996817,0.48999999999995225,5.0,2023,10
QQQ,2023-04-03,short,320.01,318.49,2023-04-03T14:35:00+00:00,2023-04-03T14:40:00+00:00,319.375,0.07500000000004547,320.045,318.03499999999997,2,2,2023-04-03T14:45:00+00:00,319.35,2023-04-03T14:59:00+00:00,318.06499999999994,TAKE_PROFIT,2.5700000000001637,0.38244899999999993,0.10999999999989996,2.187551000000164,1.9179104477612707,1.6325007462687402,4.640697971850158,1.3400000000000318,0.005,0.0014437483414437757,,HYP-FCR-03,severe,928.1395943700315,930.3271453700318,7.5000000000045475,0.5589285714285707,0.13418530351445854,1,1,6.000000000000227,0.6700000000000159,5.0,2023,10
SPY,2023-04-03,short,410.7,408.82,2023-04-03T14:35:00+00:00,2023-04-03T14:40:00+00:00,410.2699,0.4399999999999977,411.21,408.38970000000006,2,2,2023-04-03T14:45:00+00:00,410.22,2023-04-03T19:59:00+00:00,410.96,FORCED_SESSION_CLOSE,-1.4799999999999045,0.492708,0.15979999999990468,-1.9727079999999044,-0.7871503031592105,-1.0492011488139357,4.522221446300113,1.8801999999999452,0.005,0.002078845565533112,,HYP-FCR-03,severe,904.4442892600226,902.4715812600227,43.99999999999977,0.5215214285714305,0.8436853710982901,1,1,42.00999999999908,0.9400999999999726,5.0,2023,10
QQQ,2023-04-04,short,320.87,319.28,2023-04-04T14:15:00+00:00,2023-04-04T14:20:00+00:00,319.915,0.18999999999999773,321.37,317.00500000000005,2,2,2023-04-04T14:25:00+00:00,319.88000000000005,2023-04-04T19:59:00+00:00,319.15999999999997,FORCED_SESSION_CLOSE,1.4400000000001683,0.38342399999999993,0.12999999999988177,1.0565760000001683,0.4948453608248055,0.36308453608253605,4.6516357268501585,2.909999999999968,0.005,0.0031279319478983215,,HYP-FCR-03,severe,930.3271453700318,931.3837213700319,18.999999999999773,0.72627272727272,0.2616097133558638,1,1,58.9999999999975,1.454999999999984,5.0,2023,10
SPY,2023-04-04,short,411.68,410.45,2023-04-04T14:10:00+00:00,2023-04-04T14:25:00+00:00,410.48,0.27010000000001355,411.53,408.3800000000001,2,2,2023-04-04T14:30:00+00:00,410.46000000000004,2023-04-04T15:18:00+00:00,408.4100000000001,TAKE_PROFIT,4.099999999999909,0.49132200000000004,0.09999999999990905,3.608677999999909,1.9523809523809936,1.7184180952381263,4.512357906300114,2.099999999999909,0.005,0.0023269430789919256,,HYP-FCR-03,severe,902.4715812600227,906.0802592600227,27.010000000001355,0.5729083333333307,0.47145413024192023,3,3,2.9999999999972715,1.0499999999999545,15.0,2023,10
QQQ,2023-04-10,short,315.24,313.25,2023-04-10T16:00:00+00:00,2023-04-10T16:05:00+00:00,314.8,0.42500000000001137,315.62,313.16,2,2,2023-04-10T16:10:00+00:00,314.77000000000004,2023-04-10T16:33:00+00:00,315.65,STOP_LOSS,-1.7599999999998772,0.37825200000000003,0.11999999999989086,-2.138251999999877,-1.0731707317072512,-1.303812195121887,4.65691860685016,1.6399999999999864,0.005,0.0017608209832007857,,HYP-FCR-03,severe,931.3837213700319,929.2454693700321,42.50000000000114,0.39171428571428024,1.0849744711889573,1,1,3.999999999996362,0.8199999999999932,5.0,2023,12
SPY,2023-04-10,short,406.84,405.97,2023-04-10T16:00:00+00:00,2023-04-10T16:05:00+00:00,406.58,0.29009999999999536,407.34999999999997,405.04,2,2,2023-04-10T16:10:00+00:00,406.55,2023-04-10T16:33:00+00:00,407.37999999999994,STOP_LOSS,-1.6599999999998545,0.4883579999999999,0.11999999999989086,-2.1483579999998543,-1.077922077922009,-1.3950376623376006,4.530401296300114,1.5399999999999636,0.005,0.001699628685495974,,HYP-FCR-03,severe,906.0802592600227,903.9319012600229,29.009999999999536,0.32488571428571944,0.8929293817605907,1,1,18.33000000000311,0.7699999999999818,5.0,2023,12
QQQ,2023-04-11,long,317.89,316.26,2023-04-11T14:20:00+00:00,2023-04-11T14:25:00+00:00,316.5794,0.0999999999999659,315.92990000000003,317.8784,2,2,2023-04-11T14:30:00+00:00,316.59,2023-04-11T14:35:00+00:00,315.89990000000006,STOP_LOSS,-1.3801999999998316,0.37949394,0.08119999999985339,-1.7596939399998315,-1.0625096227866473,-1.3546527636642502,4.646227346850161,1.2989999999999782,0.005,0.0013979083491045866,,HYP-FCR-03,severe,929.2454693700321,927.4857754300323,9.99999999999659,0.5574083333333325,0.1794016953459601,1,1,32.99000000000092,0.6494999999999891,5.0,2023,10
SPY,2023-04-11,long,410.2809,409.41,2023-04-11T14:15:00+00:00,2023-04-11T14:25:00+00:00,410.005,0.12999999999999545,409.51,410.995,2,2,2023-04-11T14:30:00+00:00,410.03999999999996,2023-04-11T14:35:00+00:00,409.48,STOP_LOSS,-1.1199999999998909,0.4917119999999999,0.12999999999988177,-1.6117119999998908,-1.1313131313130107,-1.627991919191794,4.519659506300115,0.9900000000000091,0.005,0.0010952152464361671,,HYP-FCR-03,severe,903.9319012600229,902.320189260023,12.999999999999545,0.4063333333333266,0.3199343724364174,2,2,8.000000000004093,0.49500000000000455,10.0,2023,10
QQQ,2023-04-12,long,318.42,314.86,2023-04-12T15:40:00+00:00,2023-04-12T15:45:00+00:00,315.44,0.3059999999999832,314.535,317.24999999999994,2,2,2023-04-12T15:50:00+00:00,315.47999999999996,2023-04-12T18:29:00+00:00,314.50500000000005,STOP_LOSS,-1.949999999999818,0.37799099999999997,0.13999999999987267,-2.327990999999818,-1.0773480662982746,-1.2861828729281148,4.637428877150161,1.8099999999999454,0.005,0.00195151240908329,,HYP-FCR-03,severe,927.4857754300323,925.1577844300325,30.599999999998317,0.5648785714285752,0.5417093433480945,1,1,31.999999999999318,0.9049999999999727,5.0,2023,11
SPY,2023-04-12,long,412.17,410.14,2023-04-12T15:55:00+00:00,2023-04-12T17:10:00+00:00,411.4,0.11000000000001364,410.745,412.7099999999999,2,2,2023-04-12T17:15:00+00:00,411.42999999999995,2023-04-12T17:45:00+00:00,410.71500000000003,STOP_LOSS,-1.4299999999998363,0.4932869999999999,0.11999999999989086,-1.9232869999998363,-1.091603053435035,-1.4681580152671119,4.511600946300115,1.3099999999999454,0.005,0.0014518127994833558,,HYP-FCR-03,severe,902.320189260023,900.3969022600231,11.000000000001364,0.36178571428573036,0.30404738400792153,15,15,5.000000000001137,0.6549999999999727,75.0,2023,13
QQQ,2023-04-14,short,320.26,317.42,2023-04-14T14:00:00+00:00,2023-04-14T14:10:00+00:00,318.79,0.2400000000000091,320.24,315.89000000000004,2,2,2023-04-14T14:15:00+00:00,318.76000000000005,2023-04-14T16:45:00+00:00,315.92,TAKE_PROFIT,5.680000000000064,0.380808,0.11999999999989086,5.299192000000064,1.9586206896552096,1.8273075862069328,4.6257889221501625,2.8999999999999773,0.005,0.0031346004420063304,,HYP-FCR-03,severe,925.1577844300325,930.4569764300326,24.00000000000091,0.860000000000001,0.27906976744187073,2,2,10.000000000002274,1.4499999999999886,10.0,2023,10
QQQ,2023-04-17,long,319.1999,317.66,2023-04-17T14:10:00+00:00,2023-04-17T14:15:00+00:00,318.5,0.03499999999996817,317.795,319.90999999999997,2,2,2023-04-17T14:20:00+00:00,318.53999999999996,2023-04-17T14:30:00+00:00,317.76500000000004,STOP_LOSS,-1.5499999999998408,0.381783,0.13999999999987267,-1.9317829999998408,-1.099290780141756,-1.370058865248145,4.652284882150163,1.4099999999999682,0.005,0.0015153844140218511,,HYP-FCR-03,severe,930.4569764300326,928.5251934300327,3.4999999999968168,0.7149900000000059,0.04895173359063466,1,1,4.000000000002046,0.7049999999999841,5.0,2023,10
SPY,2023-04-17,long,413.19,412.23,2023-04-17T18:40:00+00:00,2023-04-17T18:45:00+00:00,412.4921,0.3849999999999909,411.83,413.8163,2,2,2023-04-17T18:50:00+00:00,412.53,2023-04-17T19:54:00+00:00,413.78630000000004,TAKE_PROFIT,2.512600000000134,0.4957897799999999,0.13579999999990378,2.016810220000134,1.8974475154811192,1.523040492372833,4.501984511300115,1.324200000000019,0.005,0.0014706847576621347,,HYP-FCR-03,severe,900.3969022600231,902.4137124800233,38.49999999999909,0.26971428571429457,1.4274364406778854,1,1,29.50000000000159,0.6621000000000095,5.0,2023,14
QQQ,2023-04-20,short,317.48,315.57,2023-04-20T15:00:00+00:00,2023-04-20T15:05:00+00:00,316.9299,0.1349999999999909,317.76,315.26969999999994,2,2,2023-04-20T15:10:00+00:00,316.89000000000004,2023-04-20T15:41:00+00:00,317.78999999999996,STOP_LOSS,-1.7999999999998408,0.380808,0.1397999999998092,-2.180807999999841,-1.0842067220815603,-1.3135814962051555,4.642625967150163,1.6602000000000317,0.005,0.0017879967196874264,,HYP-FCR-03,severe,928.5251934300327,926.3443854300328,13.49999999999909,0.46894285714285744,0.28788155730211895,1,1,17.159999999995534,0.8301000000000158,5.0,2023,11
SPY,2023-04-20,short,412.32,411.08,2023-04-20T16:00:00+00:00,2023-04-20T16:05:00+00:00,412.18,0.07110000000000127,412.55,411.44,2,2,2023-04-20T16:10:00+00:00,412.14500000000004,2023-04-20T16:26:00+00:00,412.58,STOP_LOSS,-0.8699999999998909,0.49483499999999997,0.12999999999988177,-1.3648349999998908,-1.1756756756755138,-1.8443716216214514,4.512068562400116,0.7400000000000091,0.005,0.0008200230002781462,,HYP-FCR-03,severe,902.4137124800233,901.0488774800234,7.110000000000127,0.36127142857143973,0.19680493495195284,1,1,6.000000000000227,0.37000000000000455,5.0,2023,12
QQQ,2023-04-21,long,316.3,314.39,2023-04-21T14:05:00+00:00,2023-04-21T14:10:00+00:00,315.18,0.19999999999998863,314.22,317.09999999999997,2,2,2023-04-21T14:15:00+00:00,315.22999999999996,2023-04-21T18:01:00+00:00,317.07,TAKE_PROFIT,3.6800000000000637,0.37937999999999994,0.15999999999985448,3.300620000000064,1.9166666666667407,1.7190729166667365,4.631721927150164,1.919999999999959,0.005,0.002072663288296011,,HYP-FCR-03,severe,926.3443854300328,929.6450054300329,19.999999999998863,0.6340333333333459,0.3154408285578855,1,1,20.999999999997954,0.9599999999999795,5.0,2023,10
SPY,2023-04-21,long,412.28,410.914,2023-04-21T14:05:00+00:00,2023-04-21T14:10:00+00:00,411.46,0.029999999999972715,410.645,413.09,2,2,2023-04-21T14:15:00+00:00,411.5,2023-04-21T14:44:00+00:00,410.615,STOP_LOSS,-1.7699999999999818,0.49326899999999996,0.13999999999998636,-2.2632689999999815,-1.0858895705521392,-1.3885085889570479,4.505244387400118,1.6299999999999955,0.005,0.001809002864038453,,HYP-FCR-03,severe,901.0488774800234,898.7856084800234,2.9999999999972715,0.5184333333333294,0.05786664952094054,1,1,29.399999999998272,0.8149999999999977,5.0,2023,10
SPY,2023-04-24,long,412.95,411.94,2023-04-24T17:45:00+00:00,2023-04-24T17:55:00+00:00,412.17,0.14999999999997726,411.94,412.63000000000005,2,2,2023-04-24T18:00:00+00:00,412.21,2023-04-24T18:24:00+00:00,411.91,STOP_LOSS,-0.599999999999909,0.49447199999999997,0.13999999999987267,-1.094471999999909,-1.3043478260866557,-2.3792869565213532,4.493928042400117,0.4600000000000364,0.005,0.0005118016973791592,,HYP-FCR-03,severe,898.7856084800234,897.6911364800235,14.999999999997726,0.22035714285714952,0.6807131280387742,2,2,8.999999999997499,0.2300000000000182,10.0,2023,14
SPY,2023-04-25,long,411.16,410.04,2023-04-25T15:10:00+00:00,2023-04-25T15:15:00+00:00,410.31,0.05000000000001137,409.74,411.45,2,2,2023-04-25T15:20:00+00:00,410.335,2023-04-25T15:22:00+00:00,409.71000000000004,STOP_LOSS,-1.2499999999998863,0.492027,0.10999999999989996,-1.7420269999998863,-1.096491228070089,-1.5280938596490414,4.488455682400118,1.1399999999999864,0.005,0.0012699245360381867,,HYP-FCR-03,severe,897.6911364800235,895.9491094800236,5.000000000001137,0.38308571428571064,0.13051909307878987,1,1,6.999999999999318,0.5699999999999932,5.0,2023,11
QQQ,2023-04-26,short,313.78,312.22,2023-04-26T14:10:00+00:00,2023-04-26T14:20:00+00:00,312.35,0.6399999999999864,313.52,310.0100000000001,2,2,2023-04-26T14:25:00+00:00,312.3,2023-04-26T15:01:00+00:00,313.54999999999995,STOP_LOSS,-2.4999999999998863,0.3755099999999999,0.15999999999996817,-2.875509999999886,-1.0683760683760573,-1.2288504273504217,4.648225027150165,2.339999999999918,0.005,0.0025170898421785063,,HYP-FCR-03,severe,929.6450054300329,926.7694954300331,63.999999999998636,0.7631818181818114,0.8385944014294119,2,2,7.000000000005002,1.169999999999959,10.0,2023,10
SPY,2023-04-26,long,407.27,406.32,2023-04-26T15:00:00+00:00,2023-04-26T15:05:00+00:00,407.065,0.29000000000002046,406.04,409.11499999999995,2,2,2023-04-26T15:10:00+00:00,407.08,2023-04-26T17:45:00+00:00,406.01000000000005,STOP_LOSS,-2.1399999999998727,0.48785399999999995,0.08999999999991815,-2.6278539999998727,-1.0439024390243512,-1.2818799999999664,4.479745547400118,2.0499999999999545,0.005,0.002288076385487676,,HYP-FCR-03,severe,895.9491094800236,893.3212554800238,29.000000000002046,0.47462142857142453,0.6110132887866,1,1,8.280000000002019,1.0249999999999773,5.0,2023,11
SPY,2023-04-27,short,407.85,406.74,2023-04-27T14:55:00+00:00,2023-04-27T15:00:00+00:00,407.7,0.060000000000002274,408.375,406.34999999999997,2,2,2023-04-27T15:05:00+00:00,407.68,2023-04-27T15:24:00+00:00,408.405,STOP_LOSS,-1.4499999999999318,0.489651,0.09999999999990905,-1.9396509999999318,-1.0740740740740053,-1.4367785185184438,4.4666062774001185,1.3500000000000227,0.005,0.0015112144614476948,,HYP-FCR-03,severe,893.3212554800238,891.3816044800238,6.000000000000227,0.3836785714285692,0.15638089919017717,1,1,15.999999999996817,0.6750000000000114,5.0,2023,11
QQQ,2023-04-28,short,320.705,318.96,2023-04-28T14:55:00+00:00,2023-04-28T15:00:00+00:00,319.31,0.9900000000000091,321.15999999999997,315.61000000000007,2,2,2023-04-28T15:05:00+00:00,319.29,2023-04-28T16:05:00+00:00,321.18999999999994,STOP_LOSS,-3.799999999999841,0.38428799999999996,0.09999999999990905,-4.184287999999841,-1.027027027027003,-1.1308886486486265,4.633847477150166,3.699999999999932,0.005,0.003992362737708672,,HYP-FCR-03,severe,926.7694954300331,922.5852074300333,99.00000000000091,0.6719357142857234,1.4733552316866982,1,1,39.500000000003865,1.849999999999966,5.0,2023,11
SPY,2023-05-01,short,416.7299,415.38,2023-05-01T14:15:00+00:00,2023-05-01T14:25:00+00:00,415.9901,0.030100000000004457,416.46999999999997,415.0303,2,2,2023-05-01T14:30:00+00:00,415.97,2023-05-01T14:37:00+00:00,416.49999999999994,STOP_LOSS,-1.0599999999998317,0.499482,0.10019999999985885,-1.5594819999998317,-1.1043967493226314,-1.6247989164407957,4.456908022400119,0.9597999999999729,0.005,0.0010767554492667145,,HYP-FCR-03,severe,891.3816044800238,889.8221224800241,3.0100000000004457,0.467116666666674,0.0644378634887872,2,2,5.090000000001282,0.47989999999998645,10.0,2023,10
QQQ,2023-05-01,long,322.77,321.75,2023-05-01T14:40:00+00:00,2023-05-01T14:50:00+00:00,322.3519,0.1099999999999568,321.78000000000003,323.49569999999994,2,2,2023-05-01T14:55:00+00:00,322.4,2023-05-01T15:15:00+00:00,321.75000000000006,STOP_LOSS,-1.2999999999998408,0.38649,0.15619999999989886,-1.6864899999998408,-1.1365623360726584,-1.4744623185871013,4.612926037150166,1.143799999999942,0.005,0.0012397770859410675,,HYP-FCR-03,severe,922.5852074300333,920.8987174300335,10.99999999999568,0.45500714285714544,0.24175444655490283,2,2,13.999999999998636,0.571899999999971,10.0,2023,10
QQQ,2023-05-03,long,320.79,319.475,2023-05-03T15:45:00+00:00,2023-05-03T15:55:00+00:00,320.11,0.040000000000020464,319.40000000000003,321.53,2,2,2023-05-03T16:00:00+00:00,320.14,2023-05-03T18:00:00+00:00,321.5,TAKE_PROFIT,2.7200000000000273,0.38498399999999994,0.11999999999989086,2.3350160000000275,1.9154929577465534,1.6443774647887992,4.604493587150167,1.419999999999959,0.005,0.0015419719596990811,,HYP-FCR-03,severe,920.8987174300335,923.2337334300335,4.000000000002046,0.37464285714285744,0.10676835081035005,2,2,7.5000000000045475,0.7099999999999795,10.0,2023,12
SPY,2023-05-03,long,412.65,411.25,2023-05-03T15:55:00+00:00,2023-05-03T16:00:00+00:00,411.54,0.2699999999999818,411.01,412.6000000000001,2,2,2023-05-03T16:05:00+00:00,411.57,2023-05-03T18:00:00+00:00,412.5700000000001,TAKE_PROFIT,2.0000000000002274,0.49448400000000003,0.11999999999989086,1.5055160000002275,1.886792452830298,1.4202981132076826,4.44911061240012,1.0600000000000591,0.005,0.0011912493218821443,,HYP-FCR-03,severe,889.8221224800241,891.3276384800242,26.99999999999818,0.3725000000000023,0.7248322147650474,1,1,18.000000000000682,0.5300000000000296,5.0,2023,12
SPY,2023-05-04,long,407.27,404.89,2023-05-04T15:05:00+00:00,2023-05-04T15:10:00+00:00,406.16,0.6800000000000068,404.85,408.78000000000003,2,2,2023-05-04T15:15:00+00:00,406.2,2023-05-04T15:36:00+00:00,404.82000000000005,STOP_LOSS,-2.759999999999877,0.48661199999999993,0.13999999999987267,-3.2466119999998773,-1.0534351145037681,-1.2391648854961341,4.4566381924001215,2.6200000000000045,0.005,0.0029394353848017944,,HYP-FCR-03,severe,891.3276384800242,888.0810264800243,68.00000000000068,0.9181071428571508,0.740654296495119,1,1,7.499999999998863,1.3100000000000023,5.0,2023,11
QQQ,2023-05-04,short,317.13,315.72,2023-05-04T15:15:00+00:00,2023-05-04T15:20:00+00:00,316.63,0.05000000000001137,317.33,315.23,2,2,2023-05-04T15:25:00+00:00,316.6,2023-05-04T17:06:00+00:00,317.35999999999996,STOP_LOSS,-1.5199999999998681,0.380376,0.11999999999989086,-1.9003759999998682,-1.0857142857142092,-1.3574114285713565,4.616168667150167,1.3999999999999773,0.005,0.0015164090623060787,,HYP-FCR-03,severe,923.2337334300335,921.3333574300336,5.000000000001137,0.7460714285714362,0.06701771182385372,1,1,30.000000000001137,0.6999999999999886,5.0,2023,11
QQQ,2023-05-08,long,322.6399,321.46,2023-05-08T14:35:00+00:00,2023-05-08T14:45:00+00:00,322.205,0.03500000000002501,321.43,323.75499999999994,2,2,2023-05-08T14:50:00+00:00,322.23999999999995,2023-05-08T18:47:00+00:00,323.72499999999997,TAKE_PROFIT,2.9700000000000273,0.3875789999999999,0.12999999999988177,2.5824210000000276,1.9161290322581384,1.6660780645161957,4.606666787150168,1.5499999999999545,0.005,0.0016823443843643337,,HYP-FCR-03,severe,921.3333574300336,923.9157784300337,3.500000000002501,0.43366428571429033,0.08070759145493468,2,2,14.499999999998181,0.7749999999999773,10.0,2023,10
SPY,2023-05-08,long,413.13,411.89,2023-05-08T14:35:00+00:00,2023-05-08T14:45:00+00:00,412.46,0.06999999999999318,411.82,413.73999999999995,2,2,2023-05-08T14:50:00+00:00,412.48999999999995,2023-05-08T18:07:00+00:00,411.79,STOP_LOSS,-1.3999999999998636,0.49456799999999995,0.11999999999989086,-1.8945679999998635,-1.0937499999999167,-1.4801312499999248,4.440405132400122,1.2799999999999727,0.005,0.0014413099276237762,,HYP-FCR-03,severe,888.0810264800243,886.1864584800245,6.999999999999318,0.4159000000000016,0.16830968982926883,2,2,20.999999999997954,0.6399999999999864,10.0,2023,10
QQQ,2023-05-09,short,322.74,321.85,2023-05-09T14:00:00+00:00,2023-05-09T14:10:00+00:00,322.02,0.13999999999998636,322.705,320.65,2,2,2023-05-09T14:15:00+00:00,321.9913,2023-05-09T19:59:00+00:00,321.61999999999995,FORCED_SESSION_CLOSE,0.7426000000001522,0.38616678,0.11739999999986139,0.35643322000015226,0.5420437956205473,0.2601702335767526,4.619578892150169,1.3700000000000045,0.005,0.001482819139995618,,HYP-FCR-03,severe,923.9157784300337,924.2722116500338,13.999999999998636,0.4322222222222081,0.3239074550128325,2,2,13.999999999998636,0.6850000000000023,10.0,2023,10
SPY,2023-05-09,short,411.675,410.6894,2023-05-09T14:00:00+00:00,2023-05-09T14:10:00+00:00,410.98,0.06999999999999318,411.645,409.6500000000001,2,2,2023-05-09T14:15:00+00:00,410.95000000000005,2023-05-09T14:45:00+00:00,411.67499999999995,STOP_LOSS,-1.449999999999818,0.49357499999999993,0.11999999999989086,-1.943574999999818,-1.0902255639096974,-1.4613345864661085,4.430932292400122,1.3299999999999272,0.005,0.0015008128224856042,,HYP-FCR-03,severe,886.1864584800245,884.2428834800247,6.999999999999318,0.45998888888890277,0.15217758883062865,2,2,16.499999999996362,0.6649999999999636,10.0,2023,10
QQQ,2023-05-10,short,325.34,323.04,2023-05-10T14:15:00+00:00,2023-05-10T14:20:00+00:00,324.86,0.36299999999999955,325.51,323.56000000000006,2,2,2023-05-10T14:25:00+00:00,324.82000000000005,2023-05-10T14:44:00+00:00,323.59000000000003,TAKE_PROFIT,2.4600000000000364,0.389046,0.13999999999987267,2.0709540000000364,1.8923076923077864,1.593041538461622,4.621361058250169,1.2999999999999545,0.005,0.0014065120465746365,,HYP-FCR-03,severe,924.2722116500338,926.3431656500338,36.299999999999955,0.853981818181813,0.4250675977772594,1,1,38.00000000000523,0.6499999999999773,5.0,2023,10
SPY,2023-05-10,long,414.535,411.5001,2023-05-10T15:15:00+00:00,2023-05-10T15:25:00+00:00,411.92,0.07839999999998781,411.15000000000003,413.46,2,2,2023-05-10T15:30:00+00:00,411.945,2023-05-10T16:01:00+00:00,411.12000000000006,STOP_LOSS,-1.6499999999998636,0.493839,0.10999999999989996,-2.1438389999998635,-1.0714285714285081,-1.392103246753191,4.421214417400123,1.5399999999999636,0.005,0.0017416029337314453,,HYP-FCR-03,severe,884.2428834800247,882.0990444800249,7.839999999998781,0.6049714285714336,0.12959289694906728,2,2,37.009999999997945,0.7699999999999818,10.0,2023,11
QQQ,2023-05-11,long,325.85,324.38,2023-05-11T14:45:00+00:00,2023-05-11T14:50:00+00:00,325.3,0.5,324.34000000000003,327.21999999999997,2,2,2023-05-11T14:55:00+00:00,325.34,2023-05-11T19:59:00+00:00,326.16,FORCED_SESSION_CLOSE,1.6400000000001,0.39089999999999997,0.13999999999987267,1.2491000000001,0.854166666666737,0.6505729166667327,4.63171582825017,1.919999999999959,0.005,0.002072666017514855,,HYP-FCR-03,severe,926.3431656500338,927.5922656500339,50.0,0.5699571428571387,0.8772589417750771,1,1,0.9999999999990905,0.9599999999999795,5.0,2023,10
SPY,2023-05-11,long,412.09,410.16,2023-05-11T14:40:00+00:00,2023-05-11T14:50:00+00:00,411.15,0.37999999999999545,410.29,412.8699999999999,2,2,2023-05-11T14:55:00+00:00,411.19,2023-05-11T17:50:00+00:00,410.26000000000005,STOP_LOSS,-1.8599999999999,0.49287,0.13999999999998636,-2.3528699999999,-1.0813953488372055,-1.3679476744186152,4.410495222400124,1.7199999999999136,0.005,0.0019498944146502395,,HYP-FCR-03,severe,882.0990444800249,879.7461744800249,37.999999999999545,0.6374285714285618,0.5961452263558961,2,2,4.500000000001592,0.8599999999999568,10.0,2023,10
SPY,2023-05-15,long,412.29,410.78,2023-05-15T14:20:00+00:00,2023-05-15T14:25:00+00:00,411.02,0.29000000000002046,410.31,412.43999999999994,2,2,2023-05-15T14:30:00+00:00,411.04499999999996,2023-05-15T16:45:00+00:00,412.40999999999997,TAKE_PROFIT,2.730000000000018,0.49407299999999993,0.10999999999989996,2.2359270000000184,1.922535211267674,1.5745964788732978,4.398730872400125,1.419999999999959,0.005,0.0016141019321161037,,HYP-FCR-03,severe,879.7461744800249,881.982101480025,29.000000000002046,0.47440833333333404,0.611287744383397,1,1,38.999999999998636,0.7099999999999795,5.0,2023,10
QQQ,2023-05-15,long,325.81,324.52,2023-05-15T14:30:00+00:00,2023-05-15T14:35:00+00:00,324.96,0.17709999999999582,324.28000000000003,326.3199999999999,2,2,2023-05-15T14:40:00+00:00,324.96999999999997,2023-05-15T16:00:00+00:00,326.2899999999999,TAKE_PROFIT,2.6399999999998727,0.3907559999999999,0.07999999999992724,2.249243999999873,1.9411764705882846,1.6538558823529694,4.63796132825017,1.3599999999999,0.005,0.0014661614271296725,,HYP-FCR-03,severe,927.5922656500339,929.8415096500338,17.70999999999958,0.49565714285714485,0.35730343555452093,1,1,29.999999999995453,0.67999999999995,5.0,2023,10
SPY,2023-05-16,long,412.815,410.89,2023-05-16T14:15:00+00:00,2023-05-16T15:50:00+00:00,411.87,0.20999999999997954,411.16,413.28999999999996,2,2,2023-05-16T15:55:00+00:00,411.90999999999997,2023-05-16T18:31:00+00:00,411.13000000000005,STOP_LOSS,-1.5599999999998317,0.49382399999999993,0.13999999999987267,-2.053823999999832,-1.098591549295688,-1.446354929577388,4.4099105074001255,1.419999999999959,0.005,0.001610009996367391,,HYP-FCR-03,severe,881.982101480025,879.9282774800251,20.999999999997954,0.3870928571428668,0.5425054896388168,19,19,15.999999999996817,0.7099999999999795,95.0,2023,11
QQQ,2023-05-16,short,327.98,326.02,2023-05-16T19:45:00+00:00,2023-05-16T19:50:00+00:00,327.325,0.214999999999975,328.34499999999997,325.285,2,2,2023-05-16T19:55:00+00:00,327.295,2023-05-16T19:59:00+00:00,327.16999999999996,FORCED_SESSION_CLOSE,0.2500000000001137,0.3926789999999999,0.11999999999989086,-0.1426789999998862,0.12254901960790106,-0.06994068627445527,4.649207548250169,2.0399999999999636,0.005,0.0021939222747409527,,HYP-FCR-03,severe,929.8415096500338,929.6988306500339,21.4999999999975,0.27762857142856695,0.7744159720077437,1,1,16.999999999995907,1.0199999999999818,5.0,2023,15
QQQ,2023-05-19,long,338.205,336.9703,2023-05-19T14:10:00+00:00,2023-05-19T14:15:00+00:00,337.49,0.05009999999998627,336.81,338.85,2,2,2023-05-19T14:20:00+00:00,337.53,2023-05-19T14:47:00+00:00,336.78000000000003,STOP_LOSS,-1.4999999999998863,0.40458599999999995,0.13999999999987267,-1.9045859999998862,-1.1029411764704935,-1.4004308823528435,4.648494153250169,1.3600000000000136,0.005,0.0014628393143714278,,HYP-FCR-03,severe,929.6988306500339,927.794244650034,5.009999999998627,0.5494599999999934,0.09118043169655092,1,1,33.03000000000225,0.6800000000000068,5.0,2023,10
SPY,2023-05-22,long,420.39,418.62,2023-05-22T14:55:00+00:00,2023-05-22T15:00:00+00:00,419.07,0.10000000000002274,418.37,420.46999999999997,2,2,2023-05-22T15:05:00+00:00,419.09999999999997,2023-05-22T17:15:00+00:00,418.34000000000003,STOP_LOSS,-1.5199999999998681,0.502464,0.11999999999989086,-2.022463999999868,-1.0857142857142092,-1.444617142857072,4.399641387400126,1.3999999999999773,0.005,0.0015910387651245337,,HYP-FCR-03,severe,879.9282774800251,877.9058134800252,10.000000000002274,0.6317857142857122,0.15828151498025134,1,1,59.00000000000318,0.6999999999999886,5.0,2023,11
QQQ,2023-05-23,short,337.0338,335.7,2023-05-23T14:00:00+00:00,2023-05-23T14:55:00+00:00,336.27,0.09499999999997044,336.64,335.53,2,2,2023-05-23T15:00:00+00:00,336.24,2023-05-23T15:06:00+00:00,336.66999999999996,STOP_LOSS,-0.8599999999999,0.40374599999999994,0.11999999999989086,-1.2637459999999,-1.1621621621620126,-1.7077648648647086,4.63897122325017,0.7400000000000091,0.005,0.0007975906342026714,,HYP-FCR-03,severe,927.794244650034,926.5304986500341,9.499999999997044,0.4124857142857122,0.23031100644171104,11,11,2.62000000000171,0.37000000000000455,55.0,2023,11
SPY,2023-05-23,short,418.07,416.84,2023-05-23T14:00:00+00:00,2023-05-23T14:55:00+00:00,417.382,0.045000000000015916,417.71999999999997,416.7060000000001,2,2,2023-05-23T15:00:00+00:00,417.35,2023-05-23T15:02:00+00:00,417.74999999999994,STOP_LOSS,-0.7999999999998408,0.50106,0.12399999999990996,-1.3010599999998407,-1.1834319526626074,-1.9246449704141624,4.389529067400126,0.6759999999999309,0.005,0.0007700142653347536,,HYP-FCR-03,severe,877.9058134800252,876.6047534800254,4.500000000001592,0.4111142857142909,0.10945861421923256,11,11,6.000000000000227,0.33799999999996544,55.0,2023,11
SPY,2023-05-24,long,412.49,410.97,2023-05-24T15:20:00+00:00,2023-05-24T15:25:00+00:00,411.21,0.25,410.45,412.72999999999996,2,2,2023-05-24T15:30:00+00:00,411.24499999999995,2023-05-24T15:43:00+00:00,410.42,STOP_LOSS,-1.6499999999998636,0.4929989999999999,0.12999999999988177,-2.1429989999998633,-1.0855263157893968,-1.4098677631578216,4.383023767400127,1.5199999999999818,0.005,0.00173396276254007,,HYP-FCR-03,severe,876.6047534800254,874.4617544800254,25.0,0.5325714285714339,0.4694206008583644,1,1,34.00000000000318,0.7599999999999909,5.0,2023,11
QQQ,2023-05-24,long,332.19,330.86,2023-05-24T17:35:00+00:00,2023-05-24T17:40:00+00:00,331.228,0.14679999999998472,330.42,332.844,2,2,2023-05-24T17:45:00+00:00,331.26,2023-05-24T18:34:00+00:00,330.39000000000004,STOP_LOSS,-1.7399999999998954,0.39699,0.12399999999990996,-2.1369899999998956,-1.0767326732672717,-1.3223948019801453,4.632652493250171,1.6159999999999854,0.005,0.0017441411829988505,,HYP-FCR-03,severe,926.5304986500341,924.3935086500343,14.679999999998472,0.31190000000000445,0.47066367425451305,1,1,23.00000000000182,0.8079999999999927,5.0,2023,13
SPY,2023-05-25,long,414.8,412.59,2023-05-25T14:25:00+00:00,2023-05-25T14:40:00+00:00,413.7001,0.06999999999999318,413.02,415.0603000000001,2,2,2023-05-25T14:45:00+00:00,413.73999999999995,2023-05-25T15:38:00+00:00,412.99,STOP_LOSS,-1.4999999999998863,0.496038,0.1397999999998092,-1.9960379999998863,-1.102779003087635,-1.467459197176719,4.372308772400127,1.3602000000000771,0.005,0.0015554711146960139,,HYP-FCR-03,severe,874.4617544800254,872.4657164800255,6.999999999999318,0.6528571428571378,0.10722100656454181,3,3,9.99999999999659,0.6801000000000386,15.0,2023,10
QQQ,2023-05-25,short,339.42,336.665,2023-05-25T15:30:00+00:00,2023-05-25T15:35:00+00:00,338.9,0.17000000000001592,339.515,337.66999999999996,2,2,2023-05-25T15:40:00+00:00,338.83000000000004,2023-05-25T16:16:00+00:00,339.54499999999996,STOP_LOSS,-1.4299999999998363,0.40702499999999997,0.1999999999998181,-1.8370249999998363,-1.1626016260161098,-1.4935162601624463,4.621967543250172,1.2300000000000182,0.005,0.0013306021607575821,,HYP-FCR-03,severe,924.3935086500343,922.5564836500345,17.00000000000159,0.47400714285713874,0.3586443845029827,1,1,4.499999999995907,0.6150000000000091,5.0,2023,11
QQQ,2023-05-30,long,353.93,350.65,2023-05-30T14:45:00+00:00,2023-05-30T14:55:00+00:00,351.35,0.040000000000020464,350.67,352.71000000000004,2,2,2023-05-30T15:00:00+00:00,351.375,2023-05-30T15:21:00+00:00,350.64000000000004,STOP_LOSS,-1.4699999999999136,0.421209,0.10999999999989996,-1.8912089999999135,-1.080882352941102,-1.390594852941099,4.612782418250172,1.3600000000000136,0.005,0.0014741644810941682,,HYP-FCR-03,severe,922.5564836500345,920.6652746500346,4.000000000002046,0.8303999999999974,0.048169556840101865,2,2,8.999999999997499,0.6800000000000068,10.0,2023,11
QQQ,2023-05-31,long,350.6,348.24,2023-05-31T17:30:00+00:00,2023-05-31T17:35:00+00:00,348.81,0.12999999999999545,347.55,351.33,2,2,2023-05-31T17:40:00+00:00,348.84499999999997,2023-05-31T19:57:00+00:00,347.52000000000004,STOP_LOSS,-2.6499999999998636,0.417819,0.12999999999988177,-3.0678189999998637,-1.051587301587255,-1.2173884920634468,4.603326373250173,2.519999999999982,0.005,0.002737151133410446,,HYP-FCR-03,severe,920.6652746500346,917.5974556500347,12.999999999999545,0.42392142857142645,0.3066606008525747,1,1,15.00000000000341,1.259999999999991,5.0,2023,13
SPY,2023-05-31,long,419.22,418.06,2023-05-31T17:35:00+00:00,2023-05-31T17:40:00+00:00,418.17,0.19999999999998863,417.61,419.29,2,2,2023-05-31T17:45:00+00:00,418.2,2023-05-31T18:51:00+00:00,417.58000000000004,STOP_LOSS,-1.2399999999998954,0.5014679999999999,0.11999999999989086,-1.7414679999998954,-1.1071428571427593,-1.5548821428570432,4.362328582400128,1.1200000000000045,0.005,0.0012837180634657592,,HYP-FCR-03,severe,872.4657164800255,870.7242484800256,19.999999999998863,0.4078142857142869,0.4904193085087457,1,1,67.00000000000159,0.5600000000000023,5.0,2023,13
QQQ,2023-06-01,short,348.37,346.66,2023-06-01T14:15:00+00:00,2023-06-01T14:20:00+00:00,347.335,0.05000000000001137,348.5091,344.98679999999996,2,2,2023-06-01T14:25:00+00:00,347.31,2023-06-01T14:40:00+00:00,348.53909999999996,STOP_LOSS,-2.45819999999992,0.4175094599999999,0.10999999999989996,-2.8757094599999196,-1.0468443914487262,-1.2246441785196727,4.587987278250174,2.34820000000002,0.005,0.0025590742275288163,,HYP-FCR-03,severe,917.5974556500347,914.7217461900348,5.000000000001137,0.7263636363636372,0.06883604505633598,1,1,31.999999999999318,1.17410000000001,5.0,2023,10
QQQ,2023-06-02,long,355.83,352.16,2023-06-02T14:00:00+00:00,2023-06-02T14:40:00+00:00,354.3,0.03000000000002956,353.1982,356.50360000000006,2,2,2023-06-02T14:45:00+00:00,354.35499999999996,2023-06-02T19:59:00+00:00,354.61,FORCED_SESSION_CLOSE,0.5100000000001046,0.4253789999999999,0.16999999999984539,0.0846210000001047,0.23143946269744634,0.03840125249596239,4.573608730950174,2.2036000000000513,0.005,0.0024090386056507397,,HYP-FCR-03,severe,914.7217461900348,914.8063671900348,3.000000000002956,0.9432571428571391,0.031804688919883646,8,8,15.00000000000341,1.1018000000000256,40.0,2023,10
SPY,2023-06-02,long,426.375,424.3,2023-06-02T14:00:00+00:00,2023-06-02T14:40:00+00:00,426.2401,0.099899999999991,425.4101,427.90009999999995,2,2,2023-06-02T14:45:00+00:00,426.28999999999996,2023-06-02T16:47:00+00:00,427.8701,TAKE_PROFIT,3.1602000000000317,0.5124960599999999,0.15979999999990468,2.6477039400000315,1.9037349397590917,1.5950023734940255,4.353621242400128,1.6599999999999682,0.005,0.0019064589080845479,,HYP-FCR-03,severe,870.7242484800256,873.3719524200257,9.9899999999991,0.7171357142857134,0.1393041763364053,8,8,35.000000000002274,0.8299999999999841,40.0,2023,10
QQQ,2023-06-05,short,356.45,354.43,2023-06-05T17:35:00+00:00,2023-06-05T17:40:00+00:00,356.0264,0.009999999999990905,356.575,354.9292000000001,2,2,2023-06-05T17:45:00+00:00,355.99,2023-06-05T18:32:00+00:00,354.95920000000007,TAKE_PROFIT,2.061599999999885,0.42656952,0.13279999999997472,1.635030479999885,1.8789646372584914,1.4901845424717368,4.574031835950175,1.0971999999999298,0.005,0.0011993794964175253,,HYP-FCR-03,severe,914.8063671900348,916.4413976700347,0.9999999999990905,0.3472428571428533,0.028798288558825488,1,1,11.000000000001364,0.5485999999999649,5.0,2023,13
QQQ,2023-06-06,short,354.32,352.93,2023-06-06T17:50:00+00:00,2023-06-06T17:55:00+00:00,354.09,0.18000000000000682,354.48,353.3099999999999,2,2,2023-06-06T18:00:00+00:00,354.06,2023-06-06T18:11:00+00:00,354.51,STOP_LOSS,-0.8999999999999773,0.4251419999999999,0.11999999999989086,-1.3251419999999772,-1.153846153845997,-1.6988999999997825,4.5822069883501735,0.7800000000000864,0.005,0.0008511182515141311,,HYP-FCR-03,severe,916.4413976700347,915.1162556700347,18.000000000000682,0.4127499999999965,0.4360993337371492,1,1,25.99999999999909,0.3900000000000432,5.0,2023,14
QQQ,2023-06-09,short,357.21,354.52,2023-06-09T14:30:00+00:00,2023-06-09T14:35:00+00:00,356.62,0.1099999999999568,357.28999999999996,355.2800000000001,2,2,2023-06-09T14:40:00+00:00,356.58000000000004,2023-06-09T14:49:00+00:00,355.31000000000006,TAKE_PROFIT,2.5399999999999636,0.427134,0.13999999999987267,2.1128659999999635,1.8955223880597902,1.57676567164186,4.575581278350174,1.3399999999999181,0.005,0.0014642948277853395,,HYP-FCR-03,severe,915.1162556700347,917.2291216700346,10.99999999999568,0.6014214285714274,0.18290003444214278,1,1,26.000000000004775,0.6699999999999591,5.0,2023,10
SPY,2023-06-09,short,431.3,429.92,2023-06-09T15:15:00+00:00,2023-06-09T15:20:00+00:00,430.6725,0.22000000000002728,431.615,428.7875,2,2,2023-06-09T15:25:00+00:00,430.64000000000004,2023-06-09T19:59:00+00:00,429.91999999999996,FORCED_SESSION_CLOSE,1.4400000000001683,0.5163359999999999,0.12499999999988631,0.9236640000001684,0.7639257294430638,0.4900074270557946,4.366859762100129,1.884999999999991,0.005,0.002158301505763777,,HYP-FCR-03,severe,873.3719524200257,874.2956164200258,22.00000000000273,0.4604071428571298,0.4778379384706811,1,1,30.709999999999127,0.9424999999999955,5.0,2023,11
QQQ,2023-06-12,long,356.53,355.64,2023-06-12T14:20:00+00:00,2023-06-12T14:25:00+00:00,356.24,0.0999999999999659,355.37,357.98,2,2,2023-06-12T14:30:00+00:00,356.28,2023-06-12T17:45:00+00:00,357.95000000000005,TAKE_PROFIT,3.3400000000001455,0.428538,0.13999999999987267,2.9114620000001454,1.9195402298851312,1.6732540229885806,4.586145608350173,1.740000000000009,0.005,0.001897017832176898,,HYP-FCR-03,severe,917.2291216700346,920.1405836700347,9.99999999999659,0.6136249999999942,0.1629659808514432,1,1,31.000000000000227,0.8700000000000045,5.0,2023,10
SPY,2023-06-12,long,431.26,430.29,2023-06-12T14:40:00+00:00,2023-06-12T15:35:00+00:00,430.98,0.10000000000002274,430.57,431.80000000000007,2,2,2023-06-12T15:40:00+00:00,431.0,2023-06-12T17:58:00+00:00,431.7700000000001,TAKE_PROFIT,1.540000000000191,0.5176620000000001,0.09999999999990905,1.022338000000191,1.8780487804879233,1.2467536585367422,4.371478082100129,0.82000000000005,0.005,0.0009378978741283186,,HYP-FCR-03,severe,874.2956164200258,875.317954420026,10.000000000002274,0.31285714285714256,0.31963470319642,11,11,6.000000000000227,0.410000000000025,55.0,2023,11
QQQ,2023-06-13,long,364.11,361.24,2023-06-13T14:30:00+00:00,2023-06-13T14:35:00+00:00,361.8299,0.05999999999994543,360.77,363.94970000000006,2,2,2023-06-13T14:40:00+00:00,361.85999999999996,2023-06-13T19:59:00+00:00,363.23,FORCED_SESSION_CLOSE,2.740000000000123,0.4350539999999999,0.12019999999984066,2.3049460000001227,1.2925747712048552,1.0873412586093325,4.600702918350174,2.1198000000000548,0.005,0.0023037783982368305,,HYP-FCR-03,severe,920.1405836700347,922.4455296700348,5.999999999994543,1.0367928571428584,0.05787076906113186,1,1,82.99999999999841,1.0599000000000274,5.0,2023,10
SPY,2023-06-13,long,437.18,435.09,2023-06-13T14:15:00+00:00,2023-06-13T14:35:00+00:00,436.08,0.01999999999998181,435.39,437.46,2,2,2023-06-13T14:40:00+00:00,436.11999999999995,2023-06-13T18:34:00+00:00,435.36,STOP_LOSS,-1.5199999999998681,0.522888,0.13999999999987267,-2.042887999999868,-1.101449275362227,-1.4803536231883152,4.376589772100131,1.3799999999999955,0.005,0.0015765699686971061,,HYP-FCR-03,severe,875.317954420026,873.2750664200262,1.999999999998181,0.7267857142857191,0.027518427518402305,4,4,45.999999999997954,0.6899999999999977,20.0,2023,10
SPY,2023-06-14,short,437.69,436.51,2023-06-14T17:05:00+00:00,2023-06-14T17:10:00+00:00,437.4496,0.01999999999998181,438.09,436.1688,1,1,2023-06-14T17:15:00+00:00,437.42,2023-06-14T18:00:00+00:00,436.19879999999995,TAKE_PROFIT,1.2212000000000671,0.26208563999999995,0.05959999999993215,0.9591143600000671,1.9069331667708742,1.497680137414222,4.366375332100131,0.6403999999999996,0.005,0.0007333313690327913,,HYP-FCR-03,severe,873.2750664200262,874.2341807800262,1.999999999998181,0.25287857142857156,0.07908934271099771,1,1,8.999999999997499,0.6403999999999996,5.0,2023,13
SPY,2023-06-16,long,443.18,440.77,2023-06-16T15:50:00+00:00,2023-06-16T16:00:00+00:00,441.27,0.1150000000000091,440.59000000000003,442.6299999999999,1,1,2023-06-16T16:05:00+00:00,441.3062,2023-06-16T18:31:00+00:00,440.56000000000006,STOP_LOSS,-0.7461999999999307,0.26455986,0.06619999999998072,-1.0107598599999306,-1.0973529411764493,-1.4864115588235367,4.371170903900131,0.67999999999995,0.005,0.0007778236254652353,,HYP-FCR-03,severe,874.2341807800262,873.2234209200263,11.50000000000091,0.5198714285714264,0.22120854057323705,2,2,34.99999999999659,0.67999999999995,10.0,2023,12
QQQ,2023-06-16,long,372.85,369.38,2023-06-16T15:50:00+00:00,2023-06-16T16:25:00+00:00,370.69,0.009999999999990905,370.06,371.95,2,2,2023-06-16T16:30:00+00:00,370.72999999999996,2023-06-16T17:38:00+00:00,370.03000000000003,STOP_LOSS,-1.3999999999998636,0.44445599999999996,0.13999999999987267,-1.8444559999998635,-1.1111111111110108,-1.4638539682538705,4.612227648350174,1.259999999999991,0.005,0.0013659343120787865,,HYP-FCR-03,severe,922.4455296700348,920.601073670035,0.9999999999990905,0.526778571428557,0.01898330824823069,7,7,12.000000000000455,0.6299999999999955,35.0,2023,12
QQQ,2023-06-20,long,368.32,365.8,2023-06-20T16:20:00+00:00,2023-06-20T16:25:00+00:00,366.65,0.4200000000000159,365.58,368.78999999999996,2,2,2023-06-20T16:30:00+00:00,366.69,2023-06-20T19:59:00+00:00,366.90500000000003,FORCED_SESSION_CLOSE,0.43000000000006366,0.44015699999999996,0.13999999999998636,-0.0101569999999363,0.20093457943928336,-0.0047462616822132545,4.603005368350175,2.1399999999999864,0.005,0.0023245682209219456,,HYP-FCR-03,severe,920.601073670035,920.5909166700351,42.00000000000159,0.4592857142857148,0.91446345256613,1,1,18.000000000000682,1.0699999999999932,5.0,2023,12
SPY,2023-06-20,long,438.17,437.09,2023-06-20T16:30:00+00:00,2023-06-20T16:40:00+00:00,437.7001,0.11000000000001364,437.19,438.72030000000007,1,1,2023-06-20T16:45:00+00:00,437.74499999999995,2023-06-20T19:18:00+00:00,437.16,STOP_LOSS,-0.5849999999999227,0.26247149999999997,0.07489999999990005,-0.8474714999999227,-1.1468339541264394,-1.661383062144452,4.366117104600132,0.5101000000000226,0.005,0.0005841574879686374,,HYP-FCR-03,severe,873.2234209200263,872.3759494200265,11.000000000001364,0.3839357142857125,0.2865062975572916,2,2,2.9999999999972715,0.5101000000000226,10.0,2023,12
SPY,2023-06-21,long,436.28,434.84,2023-06-21T14:10:00+00:00,2023-06-21T14:15:00+00:00,435.24,0.11000000000001364,434.675,436.37,2,2,2023-06-21T14:20:00+00:00,435.26,2023-06-21T14:49:00+00:00,434.64500000000004,STOP_LOSS,-1.2299999999999045,0.5219429999999999,0.09999999999990905,-1.7519429999999043,-1.088495575221159,-1.5503920353981517,4.361879747100132,1.1299999999999955,0.005,0.0012953131052629806,,HYP-FCR-03,severe,872.3759494200265,870.6240064200266,11.000000000001364,0.6115700000000004,0.17986493778310508,1,1,17.999999999994998,0.5649999999999977,5.0,2023,10
QQQ,2023-06-21,long,366.18,363.71,2023-06-21T18:20:00+00:00,2023-06-21T18:30:00+00:00,364.34,0.01999999999998181,363.85,365.3199999999999,2,2,2023-06-21T18:35:00+00:00,364.38,2023-06-21T18:41:00+00:00,363.82000000000005,STOP_LOSS,-1.1199999999998909,0.43692,0.13999999999998636,-1.5569199999998908,-1.1428571428571428,-1.5886938775510637,4.602954583350176,0.9799999999999045,0.005,0.001064533640571606,,HYP-FCR-03,severe,920.5909166700351,919.0339966700352,1.999999999998181,0.4135785714285711,0.04835840486342992,2,2,2.9999999999972715,0.48999999999995225,10.0,2023,14
QQQ,2023-06-22,short,363.42,360.22,2023-06-22T14:40:00+00:00,2023-06-22T14:45:00+00:00,363.22,0.4200000000000159,364.2,361.2600000000001,2,2,2023-06-22T14:50:00+00:00,363.16990000000004,2023-06-22T15:05:00+00:00,364.22999999999996,STOP_LOSS,-2.1201999999998407,0.43643993999999997,0.16019999999991796,-2.5566399399998407,-1.0817346938775123,-1.3044081326530315,4.595169983350176,1.9599999999999227,0.005,0.0021326740981309203,,HYP-FCR-03,severe,919.0339966700352,916.4773567300354,42.00000000000159,0.7508071428571432,0.5593979812202315,1,1,39.999999999997726,0.9799999999999613,5.0,2023,10
SPY,2023-06-22,short,435.0899,433.6,2023-06-22T14:40:00+00:00,2023-06-22T14:45:00+00:00,434.65,0.3299999999999841,435.59,432.77,2,2,2023-06-22T14:50:00+00:00,434.59000000000003,2023-06-22T15:40:00+00:00,435.61999999999995,STOP_LOSS,-2.0599999999998317,0.522126,0.1799999999998363,-2.582125999999832,-1.095744680850977,-1.3734712765956585,4.353120032100133,1.8799999999999955,0.005,0.0021593707342512703,,HYP-FCR-03,severe,870.6240064200266,868.0418804200268,32.99999999999841,0.5725142857142893,0.5764048308214078,1,1,2.010000000001355,0.9399999999999977,5.0,2023,10
SPY,2023-06-23,short,433.589,432.7117,2023-06-23T14:50:00+00:00,2023-06-23T14:55:00+00:00,433.575,0.125,434.13,432.465,2,2,2023-06-23T15:00:00+00:00,433.55,2023-06-23T16:15:00+00:00,434.15999999999997,STOP_LOSS,-1.2199999999999136,0.5206259999999999,0.10999999999989996,-1.7406259999999136,-1.0990990990990077,-1.5681315315314344,4.340209402100134,1.1100000000000136,0.005,0.001278740144960412,,HYP-FCR-03,severe,868.0418804200268,866.3012544200269,12.5,0.5017071428571366,0.24914933299164593,1,1,34.10000000000082,0.5550000000000068,5.0,2023,11
QQQ,2023-06-23,short,363.3,360.8227,2023-06-23T18:35:00+00:00,2023-06-23T18:40:00+00:00,362.8,0.160000000000025,363.67,361.06,2,2,2023-06-23T18:45:00+00:00,362.76000000000005,2023-06-23T19:59:00+00:00,362.58,FORCED_SESSION_CLOSE,0.36000000000012733,0.435204,0.13999999999987267,-0.07520399999987265,0.20689655172421004,-0.043220689655098996,4.582386783650177,1.740000000000009,0.005,0.0018985739115347908,,HYP-FCR-03,severe,916.4773567300354,916.4021527300355,16.0000000000025,0.3844928571428576,0.41613256794671044,1,1,45.990000000000464,0.8700000000000045,5.0,2023,14
QQQ,2023-06-26,short,364.555,361.78,2023-06-26T14:15:00+00:00,2023-06-26T14:35:00+00:00,362.68,0.410000000000025,364.21,359.62000000000006,2,2,2023-06-26T14:40:00+00:00,362.63000000000005,2023-06-26T16:08:00+00:00,359.65000000000003,TAKE_PROFIT,5.960000000000036,0.43336800000000003,0.15999999999985448,5.526632000000037,1.9477124183007002,1.806088888888933,4.582010763650177,3.0599999999999454,0.005,0.0033391453641656776,,HYP-FCR-03,severe,916.4021527300355,921.9287847300355,41.0000000000025,0.6750357142857045,0.6073752711497205,4,4,28.499999999996817,1.5299999999999727,20.0,2023,10
SPY,2023-06-26,short,434.44,432.6,2023-06-26T14:15:00+00:00,2023-06-26T14:35:00+00:00,432.89,0.22000000000002728,434.0,430.66999999999996,2,2,2023-06-26T14:40:00+00:00,432.855,2023-06-26T19:59:00+00:00,431.46,FORCED_SESSION_CLOSE,2.7900000000000773,0.518589,0.12999999999988177,2.2714110000000773,1.2567567567567761,1.0231581081081305,4.3315062721001345,2.2200000000000273,0.005,0.002562618937319071,,HYP-FCR-03,severe,866.3012544200269,868.572665420027,22.00000000000273,0.5120857142857095,0.429615577749318,4,4,12.000000000000455,1.1100000000000136,20.0,2023,10
QQQ,2023-06-27,short,360.51,358.77,2023-06-27T14:00:00+00:00,2023-06-27T14:10:00+00:00,359.04,0.339999999999975,360.284,356.5520000000001,2,2,2023-06-27T14:15:00+00:00,358.98,2023-06-27T15:27:00+00:00,360.31399999999996,STOP_LOSS,-2.6679999999998927,0.43157639999999997,0.17999999999994998,-3.0995763999998927,-1.0723472668810106,-1.2458104501607572,4.609643923650178,2.4879999999999427,0.005,0.002698690008608955,,HYP-FCR-03,severe,921.9287847300355,918.8292083300356,33.9999999999975,0.974099999999996,0.34904013961603164,2,2,116.0000000000025,1.2439999999999714,10.0,2023,10
SPY,2023-06-27,long,433.3,432.23,2023-06-27T14:10:00+00:00,2023-06-27T14:20:00+00:00,432.84,0.15999999999996817,432.38,433.75999999999993,2,2,2023-06-27T14:25:00+00:00,432.8662,2023-06-27T15:28:00+00:00,433.72999999999996,TAKE_PROFIT,1.7275999999999385,0.51995772,0.11239999999997963,1.2076422799999387,1.8778260869565384,1.3126546521739049,4.342863327100135,0.9199999999999591,0.005,0.0010592090179985835,,HYP-FCR-03,severe,868.572665420027,869.7803077000269,15.999999999996817,0.5379272727272812,0.29743797742168965,2,2,35.000000000002274,0.45999999999997954,10.0,2023,10
QQQ,2023-06-28,short,363.89,361.9038,2023-06-28T16:40:00+00:00,2023-06-28T16:45:00+00:00,363.44,0.1443999999999619,364.45,361.42,2,2,2023-06-28T16:50:00+00:00,363.40000000000003,2023-06-28T17:30:00+00:00,364.47999999999996,STOP_LOSS,-2.1599999999998545,0.43672799999999995,0.13999999999987267,-2.5967279999998545,-1.069306930693007,-1.2855089108910287,4.594146041650178,2.019999999999982,0.005,0.0021984499204931837,,HYP-FCR-03,severe,918.8292083300356,916.2324803300357,14.43999999999619,0.6105571428571344,0.23650529960919706,1,1,54.000000000002046,1.009999999999991,5.0,2023,12
SPY,2023-06-28,short,435.29,434.41,2023-06-28T16:50:00+00:00,2023-06-28T16:55:00+00:00,435.17,0.00960000000003447,435.45,434.61000000000007,1,1,2023-06-28T17:00:00+00:00,435.11,2023-06-28T17:21:00+00:00,435.47999999999996,STOP_LOSS,-0.3699999999999477,0.26117699999999994,0.08999999999997499,-0.6311769999999477,-1.3214285714285134,-2.2542035714286044,4.348901538500135,0.2799999999999727,0.005,0.000321920371755002,,HYP-FCR-03,severe,869.7803077000269,869.149130700027,0.960000000003447,0.4948785714285618,0.0193986980933974,1,1,23.999999999995225,0.2799999999999727,5.0,2023,13
QQQ,2023-06-29,long,364.89,363.3,2023-06-29T15:05:00+00:00,2023-06-29T15:10:00+00:00,364.01,0.2949999999999591,363.1184,365.79319999999996,2,2,2023-06-29T15:15:00+00:00,364.0694,2023-06-29T17:05:00+00:00,363.08840000000004,STOP_LOSS,-1.9619999999998754,0.43629467999999993,0.17879999999991014,-2.3982946799998754,-1.1002691790039894,-1.3449386944817867,4.581162401650179,1.7831999999999653,0.005,0.0019462309384160224,,HYP-FCR-03,severe,916.2324803300357,913.8341856500359,29.499999999995907,0.755342857142864,0.3905511215341557,1,1,4.000000000002046,0.8915999999999826,5.0,2023,11
SPY,2023-06-29,short,436.98,435.54,2023-06-29T18:00:00+00:00,2023-06-29T18:05:00+00:00,436.57,0.16999999999995907,437.59999999999997,434.51000000000005,1,1,2023-06-29T18:10:00+00:00,436.5525,2023-06-29T19:04:00+00:00,437.62999999999994,STOP_LOSS,-1.0774999999999295,0.2622547499999999,0.0474999999999568,-1.3397547499999294,-1.0461165048543282,-1.300732766990257,4.345745653500135,1.0299999999999727,0.005,0.0011850670542239326,,HYP-FCR-03,severe,869.149130700027,867.8093759500271,16.999999999995907,0.35142142857142744,0.483749669708619,1,1,11.50000000000091,1.0299999999999727,5.0,2023,14
QQQ,2023-06-30,short,369.41,367.23,2023-06-30T15:25:00+00:00,2023-06-30T15:30:00+00:00,369.045,0.10499999999996135,369.8036,367.5278,2,2,2023-06-30T15:35:00+00:00,369.02000000000004,2023-06-30T16:48:00+00:00,369.8336,STOP_LOSS,-1.6271999999999025,0.44331215999999996,0.10999999999989996,-2.0705121599999026,-1.0725019773265883,-1.364692960717044,4.56917092825018,1.5172000000000025,0.005,0.0016602574338152776,,HYP-FCR-03,severe,913.8341856500359,911.763673490036,10.499999999996135,0.47958571428571467,0.2189389651781981,1,1,30.989999999997053,0.7586000000000013,5.0,2023,11
SPY,2023-06-30,short,442.6695,441.11,2023-06-30T15:30:00+00:00,2023-06-30T15:35:00+00:00,442.28,0.01999999999998181,442.82,441.19999999999993,1,1,2023-06-30T15:40:00+00:00,442.25,2023-06-30T16:20:00+00:00,442.84999999999997,STOP_LOSS,-0.5999999999999659,0.26552999999999993,0.05999999999994543,-0.8655299999999658,-1.111111111111006,-1.6028333333332092,4.339046879750136,0.5400000000000205,0.005,0.0006222564712542544,,HYP-FCR-03,severe,867.8093759500271,866.9438459500271,1.999999999998181,0.3742714285714328,0.05343715408980155,1,1,1.5499999999974534,0.5400000000000205,5.0,2023,11
QQQ,2023-07-05,short,371.15,368.66,2023-07-05T15:10:00+00:00,2023-07-05T15:15:00+00:00,370.651,0.12999999999999545,371.36,369.233,2,2,2023-07-05T15:20:00+00:00,370.63000000000005,2023-07-05T19:59:00+00:00,370.30999999999995,FORCED_SESSION_CLOSE,0.6400000000002137,0.444564,0.10199999999986176,0.19543600000021372,0.45133991537391455,0.13782510578294277,4.55881836745018,1.4180000000000064,0.005,0.0015552275674377398,,HYP-FCR-03,severe,911.763673490036,911.9591094900362,12.999999999999545,0.4691428571428519,0.27710109622411033,1,1,26.99000000000069,0.7090000000000032,5.0,2023,11
SPY,2023-07-05,short,443.32,441.9,2023-07-05T16:30:00+00:00,2023-07-05T16:35:00+00:00,442.95,0.06999999999999318,443.2614,442.3272,1,1,2023-07-05T16:40:00+00:00,442.91,2023-07-05T17:01:00+00:00,443.29139999999995,STOP_LOSS,-0.38139999999992824,0.26586041999999993,0.06999999999993634,-0.6472604199999281,-1.2247912652534945,-2.0785498394346336,4.334719229750136,0.3113999999999919,0.005,0.00035919281445356935,,HYP-FCR-03,severe,866.9438459500271,866.2965855300272,6.999999999999318,0.253935714285713,0.27566031897834364,1,1,4.000000000002046,0.3113999999999919,5.0,2023,12
QQQ,2023-07-06,long,366.96,364.94,2023-07-06T14:20:00+00:00,2023-07-06T14:30:00+00:00,365.63,0.2300000000000182,365.04,366.80999999999995,2,2,2023-07-06T14:35:00+00:00,365.65999999999997,2023-07-06T14:56:00+00:00,365.01000000000005,STOP_LOSS,-1.2999999999998408,0.438402,0.11999999999989086,-1.7384019999998408,-1.101694915254149,-1.4732220338982327,4.5597955474501815,1.17999999999995,0.005,0.0012939176633257176,,HYP-FCR-03,severe,911.9591094900362,910.2207074900364,23.00000000000182,0.7832923076923023,0.29363239973290817,2,2,7.999999999998408,0.589999999999975,10.0,2023,10
SPY,2023-07-06,long,439.62,438.04,2023-07-06T15:55:00+00:00,2023-07-06T16:05:00+00:00,438.55,0.07999999999998408,437.95,439.75000000000006,1,1,2023-07-06T16:10:00+00:00,438.58,2023-07-06T17:57:00+00:00,439.7200000000001,TAKE_PROFIT,1.1400000000001,0.26349,0.05999999999994543,0.8765100000001,1.9000000000000947,1.4608500000001114,4.331482927650136,0.6000000000000227,0.005,0.0006926034455427573,,HYP-FCR-03,severe,866.2965855300272,867.1730955300272,7.999999999998408,0.3292500000000018,0.24297646165522746,2,2,19.990000000001373,0.6000000000000227,10.0,2023,12
QQQ,2023-07-07,short,368.52,366.45,2023-07-07T14:05:00+00:00,2023-07-07T14:20:00+00:00,367.5696,0.25,368.26,366.18879999999996,2,2,2023-07-07T14:25:00+00:00,367.5101,2023-07-07T15:48:00+00:00,368.28999999999996,STOP_LOSS,-1.559799999999882,0.4414800599999999,0.17899999999985994,-2.001280059999882,-1.1296349942061537,-1.4493627317496016,4.551103537450182,1.380800000000022,0.005,0.0015169947119832326,,HYP-FCR-03,severe,910.2207074900364,908.2194274300365,25.0,0.7236363636363721,0.34547738693466934,3,3,5.000000000001137,0.690400000000011,15.0,2023,10
SPY,2023-07-07,short,440.2,438.47,2023-07-07T19:35:00+00:00,2023-07-07T19:40:00+00:00,439.53,0.12000000000000455,440.545,437.4999999999999,1,1,2023-07-07T19:45:00+00:00,439.50500000000005,2023-07-07T19:59:00+00:00,438.551,FORCED_SESSION_CLOSE,0.9540000000000646,0.2634168,0.054999999999893134,0.6905832000000646,0.939901477832536,0.6803775369458475,4.335865477650136,1.0150000000000432,0.005,0.0011704698926108428,,HYP-FCR-03,severe,867.1730955300272,867.8636787300273,12.000000000000455,0.33607857142857256,0.3570593611187983,1,1,33.50000000000364,1.0150000000000432,5.0,2023,15
SPY,2023-07-10,short,439.348,438.05,2023-07-10T14:30:00+00:00,2023-07-10T14:35:00+00:00,438.955,0.18000000000000682,439.71999999999997,437.425,1,1,2023-07-10T14:40:00+00:00,438.92,2023-07-10T19:59:00+00:00,439.69,FORCED_SESSION_CLOSE,-0.7699999999999818,0.26358299999999996,0.06499999999994088,-1.0335829999999817,-1.0065359477124125,-1.351088888888889,4.339318393650137,0.7649999999999864,0.005,0.0008814748430530418,,HYP-FCR-03,severe,867.8636787300273,866.8300957300273,18.000000000000682,0.582349999999991,0.3090924701640072,1,1,4.199999999997317,0.7649999999999864,5.0,2023,10
QQQ,2023-07-10,long,367.05,363.93,2023-07-10T16:20:00+00:00,2023-07-10T16:25:00+00:00,364.4737,0.2949999999999591,363.528,366.3651,2,2,2023-07-10T16:30:00+00:00,364.52,2023-07-10T18:23:00+00:00,366.3351,TAKE_PROFIT,3.630200000000059,0.43851305999999995,0.15259999999989304,3.191686940000059,1.9193190229460215,1.6874732684784284,4.5410971371501825,1.891399999999976,0.005,0.002082536381491,,HYP-FCR-03,severe,908.2194274300365,911.4111143700366,29.499999999995907,0.5582357142857087,0.5284506033037079,1,1,8.030000000002246,0.945699999999988,5.0,2023,12
QQQ,2023-07-11,long,367.55,365.3799,2023-07-11T14:15:00+00:00,2023-07-11T14:20:00+00:00,365.785,0.3100000000000023,364.78000000000003,367.795,2,2,2023-07-11T14:25:00+00:00,365.80999999999995,2023-07-11T16:00:00+00:00,367.76500000000004,TAKE_PROFIT,3.9100000000001955,0.440145,0.10999999999978627,3.4698550000001953,1.945273631840902,1.7262960199006026,4.557055571850183,2.009999999999991,0.005,0.00220537139421357,,HYP-FCR-03,severe,911.4111143700366,914.8809693700367,31.000000000000227,0.775909090909088,0.3995313415348609,1,1,66.9900000000041,1.0049999999999955,5.0,2023,10
SPY,2023-07-11,long,441.0471,439.65,2023-07-11T14:15:00+00:00,2023-07-11T14:20:00+00:00,440.22,0.20999999999997954,439.53000000000003,441.6,1,1,2023-07-11T14:25:00+00:00,440.25,2023-07-11T16:00:00+00:00,441.57000000000005,TAKE_PROFIT,1.32000000000005,0.264546,0.05999999999994543,1.05545400000005,1.9130434782609484,1.5296434782609472,4.334150478650137,0.6899999999999977,0.005,0.0007960037421392174,,HYP-FCR-03,severe,866.8300957300273,867.8855497300274,20.999999999997954,0.5236181818181855,0.40105559220802084,1,1,15.989999999999327,0.6899999999999977,5.0,2023,10
QQQ,2023-07-12,short,373.29,371.81,2023-07-12T14:55:00+00:00,2023-07-12T15:00:00+00:00,372.93,0.13240000000001828,373.78999999999996,371.2100000000001,2,2,2023-07-12T15:05:00+00:00,372.89000000000004,2023-07-12T15:40:00+00:00,371.24000000000007,TAKE_PROFIT,3.2999999999999545,0.44647800000000004,0.13999999999987267,2.8535219999999546,1.9186046511628607,1.659024418604708,4.574404846850184,1.7199999999999136,0.005,0.001880025989811834,,HYP-FCR-03,severe,914.8809693700367,917.7344913700367,13.240000000001828,0.4869214285714309,0.27191245287451,1,1,10.99999999999568,0.8599999999999568,5.0,2023,11
SPY,2023-07-12,short,447.07,445.8318,2023-07-12T15:20:00+00:00,2023-07-12T15:30:00+00:00,446.48,0.0999999999999659,447.09999999999997,445.2400000000001,1,1,2023-07-12T15:35:00+00:00,446.45000000000005,2023-07-12T15:40:00+00:00,445.2700000000001,TAKE_PROFIT,1.17999999999995,0.26751600000000003,0.05999999999994543,0.9124839999999499,1.9032258064516927,1.4717483870968175,4.339427748650137,0.6199999999999477,0.005,0.0007143799089555193,,HYP-FCR-03,severe,867.8855497300274,868.7980337300273,9.99999999999659,0.3238571428571423,0.308778120864474,2,2,3.000000000002956,0.6199999999999477,10.0,2023,11
SPY,2023-07-14,short,451.09,450.35,2023-07-14T14:20:00+00:00,2023-07-14T14:30:00+00:00,450.38,0.19499999999999318,451.135,448.87,1,1,2023-07-14T14:35:00+00:00,450.34000000000003,2023-07-14T19:00:00+00:00,448.9,TAKE_PROFIT,1.4400000000000546,0.26977199999999996,0.06999999999993634,1.1702280000000547,1.9072847682120042,1.549970860927234,4.343990168650136,0.7549999999999955,0.005,0.000869016699725412,,HYP-FCR-03,severe,868.7980337300273,869.9682617300274,19.499999999999318,0.45526153846154,0.4283252230332358,2,2,11.50000000000091,0.7549999999999955,10.0,2023,10
QQQ,2023-07-14,short,381.768,379.58,2023-07-14T14:35:00+00:00,2023-07-14T14:50:00+00:00,381.12,0.07499999999998863,381.69,379.98,2,2,2023-07-14T14:55:00+00:00,381.08500000000004,2023-07-14T15:04:00+00:00,381.71999999999997,STOP_LOSS,-1.2699999999998681,0.457683,0.12999999999988177,-1.7276829999998682,-1.1140350877191958,-1.5155114035086745,4.588672456850183,1.1399999999999864,0.005,0.0012421893376788546,,HYP-FCR-03,severe,917.7344913700367,916.0068083700369,7.499999999998863,0.7063928571428651,0.10617321401484696,3,3,39.200000000005275,0.5699999999999932,15.0,2023,10
QQQ,2023-07-17,short,381.0801,379.31,2023-07-17T16:25:00+00:00,2023-07-17T16:30:00+00:00,380.7199,0.03899999999998727,381.25,379.6597,2,2,2023-07-17T16:35:00+00:00,380.70000000000005,2023-07-17T16:51:00+00:00,381.28,STOP_LOSS,-1.1599999999998545,0.457188,0.09979999999984557,-1.6171879999998544,-1.0941331824182652,-1.5253612525937001,4.580034041850184,1.060200000000009,0.005,0.0011574149780464542,,HYP-FCR-03,severe,916.0068083700369,914.389620370037,3.8999999999987267,0.3281214285714254,0.11885843655437382,1,1,2.9899999999997817,0.5301000000000045,5.0,2023,12
SPY,2023-07-19,short,456.12,455.01,2023-07-19T14:25:00+00:00,2023-07-19T14:30:00+00:00,455.7499,0.1099999999999568,456.315,454.6197000000001,1,1,2023-07-19T14:35:00+00:00,455.71000000000004,2023-07-19T14:55:00+00:00,454.64970000000005,TAKE_PROFIT,1.0602999999999838,0.27310791,0.06989999999996144,0.7871920899999838,1.8763050787471867,1.393013785170805,4.349841308650137,0.5650999999999726,0.005,0.0006495639264772823,,HYP-FCR-03,severe,869.9682617300274,870.7554538200274,10.99999999999568,0.39135384615384683,0.28107555625431163,1,1,21.999999999997044,0.5650999999999726,5.0,2023,10
QQQ,2023-07-19,long,387.38,385.955,2023-07-19T14:15:00+00:00,2023-07-19T14:45:00+00:00,387.09,0.1449999999999818,386.35,388.5699999999999,2,2,2023-07-19T14:50:00+00:00,387.11999999999995,2023-07-19T14:55:00+00:00,386.32000000000005,STOP_LOSS,-1.5999999999997954,0.464064,0.11999999999989086,-2.0640639999997954,-1.0810810810810125,-1.3946378378377895,4.571948101850185,1.4799999999999045,0.005,0.0016185660543707563,,HYP-FCR-03,severe,914.389620370037,912.3255563700372,14.499999999998181,0.5553500000000083,0.26109660574408866,6,6,16.499999999996362,0.7399999999999523,30.0,2023,10
SPY,2023-07-20,long,455.1,454.08,2023-07-20T15:35:00+00:00,2023-07-20T15:40:00+00:00,454.18,0.07999999999998408,453.73,455.08,1,1,2023-07-20T15:45:00+00:00,454.21,2023-07-20T16:32:00+00:00,453.70000000000005,STOP_LOSS,-0.5099999999999341,0.272373,0.05999999999994543,-0.782372999999934,-1.1333333333332154,-1.738606666666564,4.353777269100137,0.44999999999998863,0.005,0.0005167926287751936,,HYP-FCR-03,severe,870.7554538200274,869.9730808200275,7.999999999998408,0.373571428571438,0.2141491395793019,1,1,13.999999999998636,0.44999999999998863,5.0,2023,11
QQQ,2023-07-21,long,379.92,377.54,2023-07-21T14:10:00+00:00,2023-07-21T14:15:00+00:00,377.92,0.05000000000001137,377.0699,379.6202,2,2,2023-07-21T14:20:00+00:00,377.9591,2023-07-21T14:23:00+00:00,377.03990000000005,STOP_LOSS,-1.838399999999865,0.4529994,0.13819999999986976,-2.291399399999865,-1.0812845547581873,-1.3477234443005948,4.561627781850186,1.7001999999999953,0.005,0.0018635891411008527,,HYP-FCR-03,severe,912.3255563700372,910.0341569700374,5.000000000001137,1.0583300000000064,0.0472442432889657,1,1,45.33000000000129,0.8500999999999976,5.0,2023,10
SPY,2023-07-21,long,454.07,452.58,2023-07-21T14:05:00+00:00,2023-07-21T14:15:00+00:00,453.54,0.2699999999999818,452.64,455.3400000000001,1,1,2023-07-21T14:20:00+00:00,453.55999999999995,2023-07-21T14:25:00+00:00,452.61,STOP_LOSS,-0.9499999999999318,0.27185099999999995,0.04999999999989768,-1.2218509999999316,-1.0555555555554397,-1.3576122222220948,4.349865404100138,0.9000000000000341,0.005,0.0010345147681485771,,HYP-FCR-03,severe,869.9730808200275,868.7512298200276,26.99999999999818,0.5252100000000098,0.5140800822527689,2,2,7.499999999998863,0.9000000000000341,10.0,2023,10
SPY,2023-07-24,short,454.45,452.75,2023-07-24T15:25:00+00:00,2023-07-24T15:30:00+00:00,454.12,0.1027000000000271,454.53999999999996,453.2800000000001,1,1,2023-07-24T15:35:00+00:00,454.08000000000004,2023-07-24T16:01:00+00:00,454.56999999999994,STOP_LOSS,-0.4899999999998954,0.272595,0.06999999999993634,-0.7625949999998953,-1.1666666666665313,-1.8157023809523087,4.3437561491001375,0.4199999999999591,0.005,0.0004834525530248368,,HYP-FCR-03,severe,868.7512298200276,867.9886348200276,10.27000000000271,0.34801428571427906,0.2951028282912046,1,1,7.999999999998408,0.4199999999999591,5.0,2023,11
QQQ,2023-07-25,short,378.85,376.93,2023-07-25T14:00:00+00:00,2023-07-25T14:30:00+00:00,377.77,0.08100000000001728,378.4899,376.3302,2,2,2023-07-25T14:35:00+00:00,377.735,2023-07-25T15:22:00+00:00,378.51989999999995,STOP_LOSS,-1.5697999999998729,0.4537529399999999,0.12999999999988177,-2.0235529399998726,-1.0902903180996546,-1.405440297263429,4.550170784850187,1.439799999999991,0.005,0.0015821384164236333,,HYP-FCR-03,severe,910.0341569700374,908.0106040300376,8.100000000001728,0.5756153846153893,0.1407189629827898,6,6,6.000000000000227,0.7198999999999955,30.0,2023,10
QQQ,2023-07-26,long,378.21,376.43,2023-07-26T15:35:00+00:00,2023-07-26T15:40:00+00:00,376.695,0.06999999999999318,376.02,378.045,2,2,2023-07-26T15:45:00+00:00,376.72999999999996,2023-07-26T16:49:00+00:00,375.99,STOP_LOSS,-1.4799999999999045,0.451632,0.12999999999988177,-1.9316319999999045,-1.096296296296207,-1.4308385185184238,4.5400530201501885,1.3500000000000227,0.005,0.001486766777841907,,HYP-FCR-03,severe,908.0106040300376,906.0789720300377,6.999999999999318,0.43778571428571567,0.15989557839776494,1,1,12.000000000000455,0.6750000000000114,5.0,2023,11
SPY,2023-07-26,long,455.16,454.42,2023-07-26T15:30:00+00:00,2023-07-26T15:40:00+00:00,454.6799,0.060000000000002274,454.35,455.3396999999999,1,1,2023-07-26T15:45:00+00:00,454.705,2023-07-26T16:40:00+00:00,454.32000000000005,STOP_LOSS,-0.38499999999993406,0.2727075,0.05509999999998172,-0.657707499999934,-1.1670203091845701,-1.9936571688391302,4.339943174100139,0.32989999999995234,0.005,0.0003800741009337699,,HYP-FCR-03,severe,867.9886348200276,867.3309273200277,6.000000000000227,0.2267071428571512,0.26465862188474776,2,2,9.000000000003183,0.32989999999995234,10.0,2023,11
QQQ,2023-07-27,long,384.71,382.7769,2023-07-27T15:25:00+00:00,2023-07-27T15:30:00+00:00,383.04,0.28000000000002956,382.0902,384.9396000000001,2,2,2023-07-27T15:35:00+00:00,383.04999999999995,2023-07-27T15:49:00+00:00,382.0602,STOP_LOSS,-1.9795999999998912,0.4590661199999999,0.07999999999981355,-2.4386661199998914,-1.0421141292902771,-1.2837787534216634,4.530394860150189,1.8996000000000777,0.005,0.002096505998526918,,HYP-FCR-03,severe,906.0789720300377,903.6403059100378,28.000000000002956,0.6521285714285625,0.42936318429762615,1,1,39.690000000001646,0.9498000000000388,5.0,2023,11
SPY,2023-07-28,short,456.59,455.16,2023-07-28T17:20:00+00:00,2023-07-28T17:25:00+00:00,456.1512,0.08990000000000009,456.83,454.7936000000001,1,1,2023-07-28T17:30:00+00:00,456.12,2023-07-28T18:22:00+00:00,456.85999999999996,STOP_LOSS,-0.7399999999999523,0.27389399999999997,0.061199999999985266,-1.0138939999999521,-1.0901591043016916,-1.4936564525633491,4.336654636600139,0.678799999999967,0.005,0.0007826309181633776,,HYP-FCR-03,severe,867.3309273200277,866.3170333200278,8.990000000000009,0.31610714285713876,0.28439724324935434,1,1,6.000000000000227,0.678799999999967,5.0,2023,13
QQQ,2023-07-28,short,382.69,380.22,2023-07-28T17:30:00+00:00,2023-07-28T17:35:00+00:00,382.5534,0.21999999999997044,383.13,381.40020000000004,2,2,2023-07-28T17:40:00+00:00,382.52000000000004,2023-07-28T18:01:00+00:00,383.15999999999997,STOP_LOSS,-1.279999999999859,0.459408,0.12679999999988922,-1.739407999999859,-1.109954908081766,-1.5083315990287067,4.518201529550189,1.1531999999999698,0.005,0.0012761714948500505,,HYP-FCR-03,severe,903.6403059100378,901.9008979100379,21.999999999997044,0.4624999999999976,0.47567567567561425,1,1,55.00000000000114,0.5765999999999849,5.0,2023,13
SPY,2023-07-31,long,458.16,456.5,2023-07-31T17:05:00+00:00,2023-07-31T17:10:00+00:00,456.851,0.18999999999999773,456.42,457.71299999999997,1,1,2023-07-31T17:15:00+00:00,456.88,2023-07-31T17:18:00+00:00,456.39000000000004,STOP_LOSS,-0.48999999999995225,0.273981,0.05899999999996908,-0.7639809999999523,-1.1368909512760357,-1.772577726218056,4.3315851666001395,0.4309999999999832,0.005,0.0004975083986843031,,HYP-FCR-03,severe,866.3170333200278,865.5530523200279,18.999999999999773,0.26872142857142683,0.7070519124956767,1,1,12.000000000000455,0.4309999999999832,5.0,2023,13
QQQ,2023-08-01,long,382.589,381.56,2023-08-01T14:25:00+00:00,2023-08-01T14:30:00+00:00,382.26,0.3147000000000162,381.02,384.74,2,2,2023-08-01T14:35:00+00:00,382.27,2023-08-01T19:59:00+00:00,382.77000000000004,FORCED_SESSION_CLOSE,1.0000000000001137,0.45902399999999993,0.07999999999992724,0.5409760000001138,0.4032258064516558,0.21813548387101203,4.5095044895501895,2.480000000000018,0.005,0.0027497477890829104,,HYP-FCR-03,severe,901.9008979100379,902.441873910038,31.47000000000162,0.686953846153852,0.45810937919915967,1,1,11.000000000001364,1.240000000000009,5.0,2023,10
SPY,2023-08-01,long,456.94,456.06,2023-08-01T16:50:00+00:00,2023-08-01T17:00:00+00:00,456.41,0.12999999999999545,456.03000000000003,457.17,1,1,2023-08-01T17:05:00+00:00,456.44,2023-08-01T17:39:00+00:00,456.00000000000006,STOP_LOSS,-0.4399999999999409,0.273732,0.05999999999994543,-0.7137319999999409,-1.1578947368419636,-1.8782421052630247,4.327765261600139,0.37999999999999545,0.005,0.0004390256599308889,,HYP-FCR-03,severe,865.5530523200279,864.8393203200279,12.999999999999545,0.2534999999999944,0.5128205128205062,2,2,13.999999999998636,0.37999999999999545,10.0,2023,13
QQQ,2023-08-03,short,374.36,371.77,2023-08-03T14:00:00+00:00,2023-08-03T14:10:00+00:00,373.41,0.030100000000004457,374.03,372.17000000000013,2,2,2023-08-03T14:15:00+00:00,373.36,2023-08-03T14:27:00+00:00,372.2000000000001,TAKE_PROFIT,2.3199999999998226,0.44733600000000007,0.15999999999996817,1.8726639999998227,1.8709677419354986,1.510212903225791,4.51220936955019,1.2399999999998954,0.005,0.0013740497153875504,,HYP-FCR-03,severe,902.441873910038,904.3145379100379,3.0100000000004457,0.9038777777777732,0.033300962519519785,2,2,20.999999999997954,0.6199999999999477,10.0,2023,10
SPY,2023-08-03,long,449.0,447.63,2023-08-03T14:30:00+00:00,2023-08-03T14:40:00+00:00,448.3967,0.03999999999996362,447.42,450.3501,1,1,2023-08-03T14:45:00+00:00,448.42499999999995,2023-08-03T16:43:00+00:00,450.3201,TAKE_PROFIT,1.8951000000000704,0.26962352999999994,0.05829999999991742,1.6254764700000703,1.9403092044640957,1.664253578376247,4.32419660160014,0.9766999999999939,0.005,0.001129342731131342,,HYP-FCR-03,severe,864.8393203200279,866.464796790028,3.999999999996362,0.5986571428571535,0.06681620770289227,2,2,25.99999999999909,0.9766999999999939,10.0,2023,10
SPY,2023-08-04,long,451.87,450.15,2023-08-04T14:25:00+00:00,2023-08-04T14:30:00+00:00,451.015,0.009999999999990905,450.02,453.005,1,1,2023-08-04T14:35:00+00:00,451.04999999999995,2023-08-04T18:01:00+00:00,449.99,STOP_LOSS,-1.0599999999999454,0.27031199999999994,0.06499999999994088,-1.3303119999999453,-1.0653266331657694,-1.336996984924562,4.33232398395014,0.9950000000000045,0.005,0.0011483444032419528,,HYP-FCR-03,severe,866.464796790028,865.1344847900281,0.9999999999990905,0.7587769230769325,0.013179104023669687,1,1,8.999999999997499,0.9950000000000045,5.0,2023,10
QQQ,2023-08-04,long,377.47,374.02,2023-08-04T14:15:00+00:00,2023-08-04T14:35:00+00:00,375.38,0.3901000000000181,374.63,376.88,2,2,2023-08-04T14:40:00+00:00,375.40999999999997,2023-08-04T15:44:00+00:00,376.85,TAKE_PROFIT,2.880000000000109,0.451356,0.11999999999989086,2.428644000000109,1.9200000000000728,1.6190960000000727,4.521572689550189,1.5,0.005,0.0016587149018599781,,HYP-FCR-03,severe,904.3145379100379,906.743181910038,39.01000000000181,1.0931714285714318,0.35685162436947787,4,4,57.99999999999841,0.75,20.0,2023,10
QQQ,2023-08-07,long,374.85,372.45,2023-08-07T14:00:00+00:00,2023-08-07T14:10:00+00:00,373.17,0.08640000000002601,372.7,374.11000000000007,2,2,2023-08-07T14:15:00+00:00,373.1837,2023-08-07T14:41:00+00:00,374.0800000000001,TAKE_PROFIT,1.7926000000002205,0.44835822000000003,0.08739999999988868,1.3442417800002204,1.9070212765958685,1.4300444468086622,4.53371590955019,0.9400000000000546,0.005,0.0010366772188128966,,HYP-FCR-03,severe,906.743181910038,908.0874236900381,8.640000000002601,1.0436222222222176,0.08278857824247148,2,2,39.999999999997726,0.4700000000000273,10.0,2023,10
SPY,2023-08-07,long,449.65,448.2601,2023-08-07T14:05:00+00:00,2023-08-07T14:10:00+00:00,449.12,0.27499999999997726,448.355,450.65,1,1,2023-08-07T14:15:00+00:00,449.145,2023-08-07T15:19:00+00:00,448.32500000000005,STOP_LOSS,-0.8199999999999363,0.269241,0.05499999999994998,-1.0892409999999364,-1.071895424836537,-1.4238444444443867,4.325672423950141,0.7649999999999864,0.005,0.0008842555850558369,,HYP-FCR-03,severe,865.1344847900281,864.0452437900282,27.499999999997726,0.7383333333333439,0.37246049661395936,1,1,5.0700000000006185,0.7649999999999864,5.0,2023,10
SPY,2023-08-08,long,448.15,446.085,2023-08-08T16:05:00+00:00,2023-08-08T16:10:00+00:00,446.35,0.16500000000002046,445.68,447.69000000000005,1,1,2023-08-08T16:15:00+00:00,446.375,2023-08-08T18:18:00+00:00,447.6600000000001,TAKE_PROFIT,1.2850000000000819,0.2682105,0.05499999999994998,1.016789500000082,1.9179104477612707,1.5175962686568027,4.320226218950141,0.6700000000000159,0.005,0.000775422357585285,,HYP-FCR-03,severe,864.0452437900282,865.0620332900282,16.500000000002046,0.3673857142857173,0.4491192596337573,1,1,7.499999999998863,0.6700000000000159,5.0,2023,12
QQQ,2023-08-08,long,372.66,370.12,2023-08-08T17:10:00+00:00,2023-08-08T17:20:00+00:00,370.37,0.03999999999996362,370.05,371.01,2,2,2023-08-08T17:25:00+00:00,370.42999999999995,2023-08-08T17:36:00+00:00,370.02000000000004,STOP_LOSS,-0.8199999999998226,0.44427,0.1799999999998363,-1.2642699999998226,-1.2812499999997502,-1.975421874999765,4.540437118450191,0.6399999999999864,0.005,0.0007047779578306776,,HYP-FCR-03,severe,908.0874236900381,906.8231536900383,3.999999999996362,0.40715714285713844,0.09824216694142254,2,2,26.499999999998636,0.3199999999999932,10.0,2023,13
QQQ,2023-08-09,long,372.45,369.93,2023-08-09T18:10:00+00:00,2023-08-09T18:15:00+00:00,370.51,0.2699999999999818,369.85,371.8299999999999,2,2,2023-08-09T18:20:00+00:00,370.53,2023-08-09T19:07:00+00:00,369.82000000000005,STOP_LOSS,-1.4199999999998454,0.44421,0.09999999999990905,-1.8642099999998454,-1.0757575757575104,-1.412280303030254,4.534115768450191,1.3199999999999363,0.005,0.0014556311168595572,,HYP-FCR-03,severe,906.8231536900383,904.9589436900385,26.99999999999818,0.35892142857142467,0.7522537761945086,1,1,10.000000000002274,0.6599999999999682,5.0,2023,14
SPY,2023-08-09,long,449.1999,448.03,2023-08-09T18:10:00+00:00,2023-08-09T18:15:00+00:00,448.435,0.27520000000004075,447.74,449.825,1,1,2023-08-09T18:20:00+00:00,448.46,2023-08-09T19:07:00+00:00,447.71000000000004,STOP_LOSS,-0.7499999999999432,0.268851,0.05499999999994998,-1.018850999999943,-1.079136690647411,-1.465972661870436,4.325310166450142,0.6949999999999932,0.005,0.0008034105916736973,,HYP-FCR-03,severe,865.0620332900282,864.0431822900283,27.520000000004075,0.30737142857143696,0.8953337051497642,1,1,16.999999999995907,0.6949999999999932,5.0,2023,14
QQQ,2023-08-10,short,373.98,370.3214,2023-08-10T14:15:00+00:00,2023-08-10T14:40:00+00:00,372.23,0.5409000000000219,373.68,369.33000000000004,2,2,2023-08-10T14:45:00+00:00,372.16,2023-08-10T15:50:00+00:00,369.36,TAKE_PROFIT,5.600000000000023,0.444912,0.1999999999999318,5.155088000000022,1.9310344827586436,1.7776165517241596,4.524794718450193,2.8999999999999773,0.005,0.0032045652680938296,,HYP-FCR-03,severe,904.9589436900385,910.1140316900385,54.09000000000219,0.7781999999999901,0.695065535852003,5,5,27.99999999999727,1.4499999999999886,25.0,2023,10
SPY,2023-08-10,short,451.23,447.99,2023-08-10T14:30:00+00:00,2023-08-10T14:40:00+00:00,449.81,0.4300000000000068,451.11,447.21,1,1,2023-08-10T14:45:00+00:00,449.77000000000004,2023-08-10T15:51:00+00:00,447.23999999999995,TAKE_PROFIT,2.5300000000000864,0.269103,0.06999999999993634,2.2608970000000865,1.9461538461538956,1.7391515384615899,4.320215911450141,1.3000000000000114,0.005,0.0015045544327478393,,HYP-FCR-03,severe,864.0431822900283,866.3040792900284,43.00000000000068,0.6331000000000009,0.6791975991154734,2,2,7.999999999998408,1.3000000000000114,10.0,2023,10
QQQ,2023-08-11,short,366.608,365.05,2023-08-11T14:50:00+00:00,2023-08-11T14:55:00+00:00,366.23,0.2999999999999545,367.1295,364.43100000000004,2,2,2023-08-11T15:00:00+00:00,366.20000000000005,2023-08-11T19:59:00+00:00,366.23999999999995,FORCED_SESSION_CLOSE,-0.07999999999981355,0.439464,0.11999999999989086,-0.5194639999998136,-0.04446914952741219,-0.2887515286269149,4.550570158450192,1.7989999999999782,0.005,0.001976675380621614,,HYP-FCR-03,severe,910.1140316900385,909.5945676900386,29.999999999995453,0.7647642857142907,0.3922777326346434,1,1,46.19000000000142,0.8994999999999891,5.0,2023,11
QQQ,2023-08-15,long,370.169,368.1399,2023-08-15T15:50:00+00:00,2023-08-15T16:00:00+00:00,368.5508,0.08000000000004093,368.17,369.3123999999999,2,2,2023-08-15T16:05:00+00:00,368.59,2023-08-15T16:06:00+00:00,368.14000000000004,STOP_LOSS,-0.8999999999998636,0.442038,0.13839999999993324,-1.3420379999998635,-1.1817226890755592,-1.7621297268907383,4.547972838450193,0.7615999999999303,0.005,0.000837296117471383,,HYP-FCR-03,severe,909.5945676900386,908.2525296900387,8.000000000004093,0.456700000000004,0.1751696956427419,2,2,3.9899999999988722,0.38079999999996517,10.0,2023,12
QQQ,2023-08-16,short,367.03,365.2,2023-08-16T14:20:00+00:00,2023-08-16T14:30:00+00:00,366.5,0.05000000000001137,367.25,365.0,2,2,2023-08-16T14:35:00+00:00,366.45000000000005,2023-08-16T15:05:00+00:00,367.28,STOP_LOSS,-1.6599999999998545,0.44023799999999996,0.15999999999985448,-2.1002379999998544,-1.1066666666665697,-1.4001586666665695,4.541262648450194,1.5,0.005,0.0016515230632078814,,HYP-FCR-03,severe,908.2525296900387,906.1522916900389,5.000000000001137,0.7470384615384572,0.06693095814242409,2,2,40.00000000000341,0.75,10.0,2023,10
SPY,2023-08-17,long,441.43,439.8,2023-08-17T14:45:00+00:00,2023-08-17T14:50:00+00:00,440.5278,0.12999999999999545,439.71930000000003,442.1448,1,1,2023-08-17T14:55:00+00:00,440.54999999999995,2023-08-17T15:03:00+00:00,439.68930000000006,STOP_LOSS,-0.8606999999998948,0.26407179,0.05219999999991387,-1.1247717899998948,-1.0645640074210452,-1.3911834137290309,4.331520396450142,0.8084999999999809,0.005,0.0009332750697221461,,HYP-FCR-03,severe,866.3040792900284,865.1793075000286,12.999999999999545,0.5262857142857139,0.24701411509228252,1,1,10.000000000002274,0.8084999999999809,5.0,2023,10
QQQ,2023-08-17,long,364.31,361.87,2023-08-17T16:20:00+00:00,2023-08-17T16:25:00+00:00,362.655,0.2599999999999909,361.825,364.31499999999994,2,2,2023-08-17T16:30:00+00:00,362.69,2023-08-17T17:25:00+00:00,361.795,STOP_LOSS,-1.7899999999999636,0.434691,0.12999999999999545,-2.2246909999999636,-1.078313253012047,-1.340175301204823,4.530761458450194,1.6599999999999682,0.005,0.0018319216485166631,,HYP-FCR-03,severe,906.1522916900389,903.9276006900388,25.99999999999909,0.5834785714285796,0.445603339576655,1,1,16.0000000000025,0.8299999999999841,5.0,2023,12
QQQ,2023-08-18,long,356.83,355.02,2023-08-18T14:15:00+00:00,2023-08-18T14:40:00+00:00,356.75,0.410000000000025,355.36,359.53,2,2,2023-08-18T14:45:00+00:00,356.79999999999995,2023-08-18T19:59:00+00:00,358.11,FORCED_SESSION_CLOSE,2.6200000000001182,0.42894599999999994,0.15999999999985448,2.1910540000001184,0.9424460431655194,0.7881489208633596,4.519638003450194,2.7799999999999727,0.005,0.0030754675461594277,,HYP-FCR-03,severe,903.9276006900388,906.118654690039,41.0000000000025,0.8049357142857089,0.5093574464686966,5,5,31.000000000000227,1.3899999999999864,25.0,2023,10
QQQ,2023-08-21,short,362.16,359.55,2023-08-21T14:10:00+00:00,2023-08-21T14:15:00+00:00,361.53,0.4300000000000068,362.36,359.8699999999999,2,2,2023-08-21T14:20:00+00:00,361.52500000000003,2023-08-21T15:10:00+00:00,359.89999999999986,TAKE_PROFIT,3.250000000000341,0.43285499999999993,0.06999999999982265,2.817145000000341,1.9578313253013138,1.697075301204941,4.530593273450195,1.6600000000000819,0.005,0.0018319896532402009,,HYP-FCR-03,severe,906.118654690039,908.9357996900393,43.00000000000068,0.6650399999999991,0.646577649464705,1,1,22.999999999996135,0.8300000000000409,5.0,2023,10
SPY,2023-08-21,short,438.71,437.33,2023-08-21T14:05:00+00:00,2023-08-21T14:15:00+00:00,437.82,0.5399999999999636,438.59,436.28000000000003,1,1,2023-08-21T14:20:00+00:00,437.79,2023-08-21T15:10:00+00:00,436.31,TAKE_PROFIT,1.4800000000000182,0.26222999999999996,0.05999999999994543,1.2177700000000182,1.922077922077991,1.5815194805195416,4.325896537500143,0.7699999999999818,0.005,0.0008899889229030785,,HYP-FCR-03,severe,865.1793075000286,866.3970775000286,53.99999999999636,0.6009999999999991,0.898502495840207,2,2,18.000000000000682,0.7699999999999818,10.0,2023,10
QQQ,2023-08-22,long,366.56,364.25,2023-08-22T14:45:00+00:00,2023-08-22T14:55:00+00:00,365.465,0.5999999999999659,364.26,367.87499999999994,2,2,2023-08-22T15:00:00+00:00,365.5,2023-08-22T15:45:00+00:00,364.23,STOP_LOSS,-2.5399999999999636,0.43783799999999995,0.12999999999999545,-2.977837999999964,-1.0539419087136919,-1.2356174273858933,4.5446789984501965,2.409999999999968,0.005,0.0026514523917110693,,HYP-FCR-03,severe,908.9357996900393,905.9579616900393,59.99999999999659,0.689935714285716,0.8696462403328987,2,2,19.900000000001228,1.204999999999984,10.0,2023,11
SPY,2023-08-22,long,441.18,439.58,2023-08-22T14:50:00+00:00,2023-08-22T14:55:00+00:00,439.7606,0.3100000000000023,439.12,441.0418,1,1,2023-08-22T15:00:00+00:00,439.79999999999995,2023-08-22T15:08:00+00:00,439.09000000000003,STOP_LOSS,-0.7099999999999227,0.263667,0.06939999999991642,-0.9736669999999227,-1.108335935060749,-1.519929753356093,4.331985387500143,0.6406000000000063,0.005,0.0007393838421621236,,HYP-FCR-03,severe,866.3970775000286,865.4234105000286,31.000000000000227,0.5662571428571539,0.5474544628891401,1,1,43.99999999999977,0.6406000000000063,5.0,2023,11
QQQ,2023-08-25,long,363.495,361.98,2023-08-25T18:10:00+00:00,2023-08-25T18:15:00+00:00,363.1299,0.009999999999990905,361.735,365.91970000000003,2,2,2023-08-25T18:20:00+00:00,363.155,2023-08-25T19:59:00+00:00,364.04,FORCED_SESSION_CLOSE,1.7700000000000955,0.4363169999999999,0.11019999999984975,1.3336830000000957,0.6344540827299758,0.4780568499534336,4.529789808450197,2.789800000000014,0.005,0.0030793923316217893,,HYP-FCR-03,severe,905.9579616900393,907.2916446900393,0.9999999999990905,0.6454857142857163,0.015492209631713907,1,1,12.000000000000455,1.394900000000007,5.0,2023,14
SPY,2023-08-28,short,443.209,441.785,2023-08-28T14:30:00+00:00,2023-08-28T14:40:00+00:00,442.25,0.29359999999996944,443.18,440.39,1,1,2023-08-28T14:45:00+00:00,442.22,2023-08-28T17:05:00+00:00,443.21,STOP_LOSS,-0.9899999999999523,0.265629,0.05999999999994543,-1.2556289999999524,-1.064516129032199,-1.3501387096773583,4.327117052500143,0.9300000000000068,0.005,0.0010746184916151816,,HYP-FCR-03,severe,865.4234105000286,864.1677815000286,29.359999999996944,0.5703428571428658,0.5147780783488014,2,2,2.1000000000015007,0.9300000000000068,10.0,2023,10
QQQ,2023-08-28,long,367.71,364.71,2023-08-28T16:30:00+00:00,2023-08-28T16:40:00+00:00,365.56,0.2300000000000182,364.75,367.18,2,2,2023-08-28T16:45:00+00:00,365.59,2023-08-28T17:06:00+00:00,367.15000000000003,TAKE_PROFIT,3.1200000000001182,0.439644,0.11999999999989086,2.6803560000001183,1.9259259259259935,1.654540740740809,4.536458223450197,1.6200000000000045,0.005,0.0017855339123655765,,HYP-FCR-03,severe,907.2916446900393,909.9720006900394,23.00000000000182,0.4898642857142842,0.4695177964742807,2,2,15.999999999996817,0.8100000000000023,10.0,2023,12
QQQ,2023-08-30,short,376.3239,374.13,2023-08-30T14:15:00+00:00,2023-08-30T14:20:00+00:00,374.7799,0.4300000000000068,377.03999999999996,370.25970000000007,2,2,2023-08-30T14:25:00+00:00,374.75,2023-08-30T16:09:00+00:00,377.06999999999994,STOP_LOSS,-4.639999999999873,0.45109199999999994,0.11979999999994106,-5.091091999999873,-1.0265032520684798,-1.1262979514180678,4.549860003450197,4.520199999999932,0.005,0.004967405586734785,,HYP-FCR-03,severe,909.9720006900394,904.8809086900395,43.00000000000068,0.911718181818189,0.4716369691591339,1,1,74.61000000000126,2.260099999999966,5.0,2023,10
SPY,2023-08-30,short,451.3383,449.4501,2023-08-30T14:15:00+00:00,2023-08-30T14:20:00+00:00,449.8187,0.48099999999999454,451.53,446.3961,1,1,2023-08-30T14:25:00+00:00,449.77000000000004,2023-08-30T16:33:00+00:00,451.55999999999995,STOP_LOSS,-1.7899999999999068,0.27039899999999994,0.0786999999999125,-2.0603989999999066,-1.0459884298486022,-1.2039963770232651,4.320838907500143,1.7112999999999943,0.005,0.0019802867413426448,,HYP-FCR-03,severe,864.1677815000286,862.1073825000286,48.099999999999454,0.6929272727272798,0.6941565427304303,1,1,22.169999999999845,1.7112999999999943,5.0,2023,10
SPY,2023-08-31,short,452.55,451.39,2023-08-31T14:45:00+00:00,2023-08-31T14:50:00+00:00,452.26,0.06999999999999318,452.75,451.28,1,1,2023-08-31T14:55:00+00:00,452.22,2023-08-31T16:22:00+00:00,451.30999999999995,TAKE_PROFIT,0.9100000000000819,0.271059,0.06999999999993634,0.6389410000000819,1.8571428571429898,1.3039612244899388,4.310536912500143,0.4900000000000091,0.005,0.0005683746711216603,,HYP-FCR-03,severe,862.1073825000286,862.7463235000287,6.999999999999318,0.4792000000000038,0.14607679465774756,1,1,0.9999999999990905,0.4900000000000091,5.0,2023,10
QQQ,2023-08-31,short,378.775,376.86,2023-08-31T16:15:00+00:00,2023-08-31T16:20:00+00:00,377.69,0.30000000000001137,378.99,375.09,2,2,2023-08-31T16:25:00+00:00,377.65000000000003,2023-08-31T18:06:00+00:00,379.02,STOP_LOSS,-2.7399999999998954,0.454002,0.13999999999987267,-3.1940019999998954,-1.0538461538461044,-1.2284623076922567,4.524404543450197,2.6000000000000227,0.005,0.002873306282662036,,HYP-FCR-03,severe,904.8809086900395,901.6869066900397,30.000000000001137,0.5083714285714304,0.5901197099983342,1,1,3.500000000002501,1.3000000000000114,5.0,2023,12
QQQ,2023-09-01,long,380.83,377.15,2023-09-01T15:15:00+00:00,2023-09-01T15:20:00+00:00,377.66,0.13999999999998636,376.98,379.02000000000004,2,2,2023-09-01T15:25:00+00:00,377.67999999999995,2023-09-01T15:32:00+00:00,376.95000000000005,STOP_LOSS,-1.459999999999809,0.45277799999999996,0.09999999999979536,-1.912777999999809,-1.0735294117645546,-1.4064544117645512,4.508434533450198,1.3600000000000136,0.005,0.0015082840727857236,,HYP-FCR-03,severe,901.6869066900397,899.7741286900399,13.999999999998636,0.6535000000000041,0.2142310635041859,1,1,21.999999999997044,0.6800000000000068,5.0,2023,11
QQQ,2023-09-05,long,377.36,375.9,2023-09-05T14:05:00+00:00,2023-09-05T14:10:00+00:00,376.53,0.08999999999997499,375.8801,377.82979999999986,2,2,2023-09-05T14:15:00+00:00,376.58,2023-09-05T14:49:00+00:00,377.7997999999999,TAKE_PROFIT,2.439599999999814,0.4526278799999999,0.15999999999996817,1.986972119999814,1.876904139098337,1.5286752731189264,4.4988706434502,1.299799999999891,0.005,0.001444584766948389,,HYP-FCR-03,severe,899.7741286900399,901.7611008100397,8.999999999997499,0.8141999999999965,0.11053795136327116,1,1,3.999999999996362,0.6498999999999455,5.0,2023,10
SPY,2023-09-05,long,450.93,449.38,2023-09-05T14:35:00+00:00,2023-09-05T14:50:00+00:00,450.17,0.13999999999998636,449.56,451.39000000000004,1,1,2023-09-05T14:55:00+00:00,450.2,2023-09-05T17:30:00+00:00,449.53000000000003,STOP_LOSS,-0.6699999999999591,0.26991899999999996,0.05999999999994543,-0.9399189999999591,-1.0983606557376133,-1.5408508196720296,4.313731617500143,0.6100000000000136,0.005,0.0007070444502450475,,HYP-FCR-03,severe,862.7463235000287,861.8064045000287,13.999999999998636,0.5042857142857267,0.2776203966005327,3,3,14.999999999997726,0.6100000000000136,15.0,2023,10
SPY,2023-09-07,long,444.4,442.805,2023-09-07T14:30:00+00:00,2023-09-07T14:45:00+00:00,444.25,0.3050000000000068,442.81,447.13,1,1,2023-09-07T14:50:00+00:00,444.28,2023-09-07T19:59:00+00:00,444.81,FORCED_SESSION_CLOSE,0.5300000000000296,0.26672699999999994,0.05999999999994543,0.2632730000000296,0.3680555555555767,0.18282847222224308,4.309032022500144,1.4399999999999977,0.005,0.0016709089100299785,,HYP-FCR-03,severe,861.8064045000287,862.0696775000288,30.500000000000682,0.6058214285714273,0.5034486824264699,3,3,5.500000000000682,1.4399999999999977,15.0,2023,10
QQQ,2023-09-07,short,371.16,369.15,2023-09-07T15:20:00+00:00,2023-09-07T15:25:00+00:00,370.89,0.1199999999999477,371.44,369.78999999999996,2,2,2023-09-07T15:30:00+00:00,370.86,2023-09-07T15:34:00+00:00,371.46999999999997,STOP_LOSS,-1.2199999999999136,0.4453979999999999,0.11999999999989086,-1.6653979999999136,-1.1090909090908077,-1.5139981818180719,4.508805504050199,1.1000000000000227,0.005,0.0012198352745665206,,HYP-FCR-03,severe,901.7611008100397,900.0957028100398,11.99999999999477,0.6327285714285803,0.18965478313870135,1,1,39.999999999997726,0.5500000000000114,5.0,2023,11
QQQ,2023-09-08,short,374.4,371.92,2023-09-08T14:30:00+00:00,2023-09-08T14:35:00+00:00,373.96,0.03000000000002956,374.61,372.6599999999999,2,2,2023-09-08T14:40:00+00:00,373.91,2023-09-08T14:59:00+00:00,372.6899999999999,TAKE_PROFIT,2.440000000000282,0.4479599999999999,0.15999999999985448,1.992040000000282,1.8769230769231953,1.532338461538598,4.500478514050199,1.3000000000000682,0.005,0.0014442908636732221,,HYP-FCR-03,severe,900.0957028100398,902.0877428100401,3.000000000002956,0.7549999999999873,0.03973509933778816,1,1,37.000000000000455,0.6500000000000341,5.0,2023,10
SPY,2023-09-08,short,446.1,444.8,2023-09-08T16:45:00+00:00,2023-09-08T16:50:00+00:00,445.82,0.08999999999997499,446.1384,445.1832,1,1,2023-09-08T16:55:00+00:00,445.78000000000003,2023-09-08T17:20:00+00:00,446.16839999999996,STOP_LOSS,-0.38839999999993324,0.26758452,0.06999999999993634,-0.6559845199999332,-1.219849246230958,-2.0602528894470464,4.310348387500144,0.3183999999999969,0.005,0.0003693436949590264,,HYP-FCR-03,severe,862.0696775000288,861.4136929800288,8.999999999997499,0.33317142857142457,0.2701312065859843,1,1,12.999999999999545,0.3183999999999969,5.0,2023,12
QQQ,2023-09-11,long,376.31,374.0,2023-09-11T14:20:00+00:00,2023-09-11T14:25:00+00:00,374.65,0.020000000000038654,373.87,376.2099999999999,2,2,2023-09-11T14:30:00+00:00,374.69,2023-09-11T14:31:00+00:00,373.84000000000003,STOP_LOSS,-1.6999999999999318,0.44911799999999996,0.13999999999998636,-2.1491179999999317,-1.089743589743584,-1.377639743589748,4.510438714050201,1.5599999999999454,0.005,0.0017293218009375472,,HYP-FCR-03,severe,902.0877428100401,899.9386248100402,2.0000000000038654,0.7485333333333273,0.026718916993283062,1,1,18.990000000002283,0.7799999999999727,5.0,2023,10
SPY,2023-09-11,long,448.77,446.93,2023-09-11T14:15:00+00:00,2023-09-11T14:25:00+00:00,447.8,0.15999999999996817,446.89,449.62000000000006,1,1,2023-09-11T14:30:00+00:00,447.83,2023-09-11T14:57:00+00:00,446.86,STOP_LOSS,-0.9699999999999704,0.268407,0.05999999999994543,-1.2384069999999705,-1.0659340659340042,-1.3608868131867433,4.307068464900144,0.910000000000025,0.005,0.0010564029889656313,,HYP-FCR-03,severe,861.4136929800288,860.1752859800289,15.999999999996817,0.5099166666666642,0.31377676090858425,2,2,12.000000000000455,0.910000000000025,10.0,2023,10
SPY,2023-09-12,long,447.82,446.79,2023-09-12T15:30:00+00:00,2023-09-12T15:35:00+00:00,446.87,0.10050000000001091,446.41,447.78999999999996,1,1,2023-09-12T15:40:00+00:00,446.9,2023-09-12T17:20:00+00:00,447.76,TAKE_PROFIT,0.8600000000000136,0.26839799999999997,0.05999999999994543,0.5916020000000137,1.8695652173914172,1.2860913043479132,4.3008764299001445,0.45999999999997954,0.005,0.0005347747226611898,,HYP-FCR-03,severe,860.1752859800289,860.7668879800289,10.050000000001091,0.3817499999999906,0.26326129666015297,1,1,6.000000000000227,0.45999999999997954,5.0,2023,11
QQQ,2023-09-12,long,376.675,374.93,2023-09-12T17:20:00+00:00,2023-09-12T17:25:00+00:00,375.31,0.5,374.4012,377.1276,2,2,2023-09-12T17:30:00+00:00,375.34,2023-09-12T17:44:00+00:00,374.37120000000004,STOP_LOSS,-1.9375999999998612,0.44982671999999996,0.11999999999989086,-2.387426719999861,-1.0660211267605044,-1.313505017605579,4.499693124050201,1.8175999999999704,0.005,0.0020196932878435245,,HYP-FCR-03,severe,899.9386248100402,897.5511980900403,50.0,0.3698999999999931,1.3517166801838585,1,1,18.999999999999773,0.9087999999999852,5.0,2023,13
QQQ,2023-09-13,long,374.44,372.78,2023-09-13T14:20:00+00:00,2023-09-13T14:25:00+00:00,373.5182,0.5199999999999818,372.17,376.2145999999999,2,2,2023-09-13T14:30:00+00:00,373.57,2023-09-13T19:59:00+00:00,374.21000000000004,FORCED_SESSION_CLOSE,1.2800000000000864,0.44866799999999996,0.163599999999974,0.8313320000000864,0.4747070167631366,0.30831182317167677,4.487755990450202,2.696399999999926,0.005,0.0030041740301141344,,HYP-FCR-03,severe,897.5511980900403,898.3825300900404,51.99999999999818,0.895716666666677,0.5805407215823186,1,1,63.999999999998636,1.348199999999963,5.0,2023,10
SPY,2023-09-13,long,447.26,445.99,2023-09-13T14:25:00+00:00,2023-09-13T14:30:00+00:00,446.37,0.2400000000000091,445.23,448.65,1,1,2023-09-13T14:35:00+00:00,446.4,2023-09-13T19:59:00+00:00,446.48,FORCED_SESSION_CLOSE,0.08000000000004093,0.267864,0.05999999999994543,-0.18786399999995906,0.07017543859652797,-0.1647929824561064,4.303834439900144,1.1399999999999864,0.005,0.001324400387514019,,HYP-FCR-03,severe,860.7668879800289,860.5790239800289,24.00000000000091,0.6469846153846106,0.37095163361394173,1,1,25.499999999999545,1.1399999999999864,5.0,2023,10
QQQ,2023-09-14,long,376.44,374.0,2023-09-14T14:20:00+00:00,2023-09-14T14:30:00+00:00,375.61,0.11000000000001364,374.03000000000003,378.77,2,2,2023-09-14T14:35:00+00:00,375.65,2023-09-14T19:59:00+00:00,377.25,FORCED_SESSION_CLOSE,3.2000000000000455,0.4517399999999999,0.13999999999987267,2.7482600000000454,1.0126582278481258,0.8697025316455927,4.491912650450202,3.159999999999968,0.005,0.003517432601548092,,HYP-FCR-03,severe,898.3825300900404,901.1307900900405,11.000000000001364,0.8386461538461538,0.13116378045202684,2,2,11.000000000001364,1.579999999999984,10.0,2023,10
SPY,2023-09-14,long,449.31,448.0696,2023-09-14T14:20:00+00:00,2023-09-14T14:30:00+00:00,448.765,0.040000000000020464,447.86,450.57499999999993,1,1,2023-09-14T14:35:00+00:00,448.79999999999995,2023-09-14T16:50:00+00:00,450.54499999999996,TAKE_PROFIT,1.7450000000000045,0.2698035,0.06499999999994088,1.4751965000000045,1.9281767955801736,1.6300513812155237,4.302895119900144,0.9049999999999727,0.005,0.0010516175444464176,,HYP-FCR-03,severe,860.5790239800289,862.0542204800289,4.000000000002046,0.5811846153846082,0.06882494639599128,2,2,35.46000000000049,0.9049999999999727,10.0,2023,10
QQQ,2023-09-18,short,371.2,369.03,2023-09-18T14:20:00+00:00,2023-09-18T14:40:00+00:00,369.96,0.015000000000043201,370.5,368.87999999999994,2,2,2023-09-18T14:45:00+00:00,369.92,2023-09-18T15:00:00+00:00,370.53,STOP_LOSS,-1.2199999999999136,0.44427,0.13999999999987267,-1.6642699999999135,-1.1296296296295067,-1.5409907407406023,4.505653950450203,1.080000000000041,0.005,0.0011984941718528206,,HYP-FCR-03,severe,901.1307900900405,899.4665200900406,1.50000000000432,0.6752928571428478,0.022212585016089074,4,4,12.000000000000455,0.5400000000000205,20.0,2023,10
SPY,2023-09-18,short,443.76,442.56,2023-09-18T15:00:00+00:00,2023-09-18T15:10:00+00:00,443.45,0.023000000000024556,443.68,442.98999999999995,1,1,2023-09-18T15:15:00+00:00,443.41,2023-09-18T15:17:00+00:00,443.71,STOP_LOSS,-0.2999999999999545,0.266136,0.06999999999993634,-0.5661359999999545,-1.3043478260866557,-2.461460869564825,4.3102711024001445,0.2300000000000182,0.005,0.00026680456349015296,,HYP-FCR-03,severe,862.0542204800289,861.488084480029,2.3000000000024556,0.40887857142856127,0.05625141938758482,2,2,7.999999999998408,0.2300000000000182,10.0,2023,11
QQQ,2023-09-19,long,369.765,368.09,2023-09-19T17:00:00+00:00,2023-09-19T17:05:00+00:00,368.54,0.18000000000000682,367.82,369.9800000000001,2,2,2023-09-19T17:10:00+00:00,368.55999999999995,2023-09-19T18:02:00+00:00,369.9500000000001,TAKE_PROFIT,2.7800000000003138,0.44310599999999994,0.09999999999979536,2.336894000000314,1.9305555555557004,1.622843055555712,4.497332600450203,1.4400000000000546,0.005,0.0016009489712367551,,HYP-FCR-03,severe,899.4665200900406,901.803414090041,18.000000000000682,0.3392428571428598,0.5305933381058819,1,1,9.99999999999659,0.7200000000000273,5.0,2023,13
SPY,2023-09-19,long,443.25,442.15,2023-09-19T18:30:00+00:00,2023-09-19T18:35:00+00:00,443.03,0.1400000000000432,442.03000000000003,445.02999999999986,1,1,2023-09-19T18:40:00+00:00,443.04999999999995,2023-09-19T19:00:00+00:00,442.00000000000006,STOP_LOSS,-1.0499999999998977,0.26551499999999995,0.049999999999954525,-1.3155149999998976,-1.0499999999999574,-1.3155149999999725,4.307440422400145,0.9999999999999432,0.005,0.0011607821605606028,,HYP-FCR-03,severe,861.488084480029,860.1725694800291,14.00000000000432,0.3464928571428548,0.4040487332248898,1,1,12.999999999999545,0.9999999999999432,5.0,2023,14
SPY,2023-09-20,short,444.42,443.44,2023-09-20T14:00:00+00:00,2023-09-20T14:15:00+00:00,443.623,0.13999999999998636,444.09999999999997,442.66900000000004,1,1,2023-09-20T14:20:00+00:00,443.59000000000003,2023-09-20T18:00:00+00:00,442.699,TAKE_PROFIT,0.8910000000000196,0.2658867,0.06299999999993133,0.6251133000000195,1.867924528302024,1.31051006289319,4.300862847400146,0.47699999999997544,0.005,0.0005545398876045536,,HYP-FCR-03,severe,860.1725694800291,860.7976827800292,13.999999999998636,0.4184300000000121,0.3345840403412334,3,3,1.4999999999986358,0.47699999999997544,15.0,2023,10
QQQ,2023-09-21,long,361.6,359.435,2023-09-21T14:05:00+00:00,2023-09-21T14:10:00+00:00,360.0,0.01999999999998181,359.46000000000004,361.0799999999999,2,2,2023-09-21T14:15:00+00:00,360.01,2023-09-21T14:19:00+00:00,361.04999999999995,TAKE_PROFIT,2.0799999999999272,0.4326359999999999,0.07999999999992724,1.6473639999999272,1.9259259259259882,1.5253370370370725,4.509017070450205,1.0799999999999272,0.005,0.0011976002564701913,,HYP-FCR-03,severe,901.803414090041,903.4507780900409,1.999999999998181,0.8249888888888867,0.024242750744095782,1,1,2.4999999999977263,0.5399999999999636,5.0,2023,10
SPY,2023-09-21,long,435.97,434.11,2023-09-21T14:05:00+00:00,2023-09-21T14:10:00+00:00,434.68,0.12999999999999545,434.05,435.94,1,1,2023-09-21T14:15:00+00:00,434.7,2023-09-21T14:59:00+00:00,434.02000000000004,STOP_LOSS,-0.67999999999995,0.26061599999999996,0.049999999999954525,-0.9406159999999499,-1.0793650793650078,-1.4930412698412012,4.303988413900146,0.6299999999999955,0.005,0.0007318792935935302,,HYP-FCR-03,severe,860.7976827800292,859.8570667800292,12.999999999999545,0.6188888888888945,0.2100538599640841,1,1,10.000000000002274,0.6299999999999955,5.0,2023,10
SPY,2023-09-22,short,432.64,431.67,2023-09-22T14:10:00+00:00,2023-09-22T14:15:00+00:00,432.445,0.0835999999999899,432.86,431.61499999999995,1,1,2023-09-22T14:20:00+00:00,432.42,2023-09-22T14:24:00+00:00,432.89,STOP_LOSS,-0.46999999999997044,0.25959299999999996,0.05499999999994998,-0.7295929999999704,-1.1325301204818006,-1.758055421686589,4.299285333900146,0.41500000000002046,0.005,0.00048263835471411764,,HYP-FCR-03,severe,859.8570667800292,859.1274737800292,8.35999999999899,0.6017799999999965,0.13892120043868256,1,1,27.10999999999899,0.41500000000002046,5.0,2023,10
QQQ,2023-09-22,short,359.94,358.44,2023-09-22T17:25:00+00:00,2023-09-22T17:40:00+00:00,359.175,0.040000000000020464,359.8,357.925,2,2,2023-09-22T17:45:00+00:00,359.14000000000004,2023-09-22T18:17:00+00:00,357.955,TAKE_PROFIT,2.3700000000001182,0.430257,0.12999999999988177,1.9397430000001181,1.8960000000000945,1.5517944000000945,4.517253890450204,1.25,0.005,0.0013835839542277984,,HYP-FCR-03,severe,903.4507780900409,905.390521090041,4.000000000002046,0.3789428571428622,0.10555681218432462,3,3,1.999999999998181,0.625,15.0,2023,13
QQQ,2023-09-25,short,358.68,355.93,2023-09-25T16:40:00+00:00,2023-09-25T16:45:00+00:00,358.42,0.009999999999990905,359.15999999999997,356.9400000000001,2,2,2023-09-25T16:50:00+00:00,358.39000000000004,2023-09-25T17:12:00+00:00,359.18999999999994,STOP_LOSS,-1.5999999999997954,0.43054799999999993,0.11999999999989086,-2.0305479999997953,-1.0810810810810125,-1.3719918918918421,4.526952605450205,1.4799999999999045,0.005,0.001634653738386906,,HYP-FCR-03,severe,905.390521090041,903.3599730900412,0.9999999999990905,0.4020071428571441,0.024875179900831938,1,1,19.009999999997262,0.7399999999999523,5.0,2023,12
SPY,2023-09-25,short,430.76,428.72,2023-09-25T19:00:00+00:00,2023-09-25T19:05:00+00:00,430.03,0.44999999999998863,431.07,427.94999999999993,1,1,2023-09-25T19:10:00+00:00,429.995,2023-09-25T19:16:00+00:00,431.09999999999997,STOP_LOSS,-1.1049999999999613,0.25832849999999996,0.06499999999994088,-1.3633284999999613,-1.0624999999999418,-1.3108927884614754,4.295637368900146,1.0400000000000205,0.005,0.0012105304878962605,,HYP-FCR-03,severe,859.1274737800292,857.7641452800292,44.99999999999886,0.4182214285714281,1.075985038684198,1,1,24.00000000000091,1.0400000000000205,5.0,2023,15
QQQ,2023-09-27,long,356.63,355.28,2023-09-27T19:00:00+00:00,2023-09-27T19:05:00+00:00,356.2701,0.5600000000000023,355.0,358.81030000000004,2,2,2023-09-27T19:10:00+00:00,356.33,2023-09-27T19:37:00+00:00,354.97,STOP_LOSS,-2.7199999999999136,0.42677999999999994,0.1797999999998865,-3.1467799999999135,-1.0707818282024584,-1.2387922210849067,4.516799865450206,2.540200000000027,0.005,0.0028119465945684935,,HYP-FCR-03,severe,903.3599730900412,900.2131930900413,56.00000000000023,0.6415785714285798,0.8728471070239621,1,1,42.999999999995,1.2701000000000136,5.0,2023,15
SPY,2023-09-27,long,427.67,426.64,2023-09-27T19:05:00+00:00,2023-09-27T19:10:00+00:00,426.75,0.020000000000038654,425.875,428.5,2,2,2023-09-27T19:15:00+00:00,426.77,2023-09-27T19:37:00+00:00,425.845,STOP_LOSS,-1.849999999999909,0.5115689999999999,0.09999999999990905,-2.3615689999999088,-1.0571428571428052,-1.349467999999948,4.288820726400146,1.75,0.005,0.0020401878647290485,,HYP-FCR-03,severe,857.7641452800292,855.4025762800293,2.0000000000038654,0.6745642857142887,0.02964876798785882,1,1,11.000000000001364,0.875,5.0,2023,15
QQQ,2023-09-29,short,362.55,360.87,2023-09-29T14:05:00+00:00,2023-09-29T14:25:00+00:00,361.04,0.3100000000000023,362.15999999999997,358.8000000000001,2,2,2023-09-29T14:30:00+00:00,361.02000000000004,2023-09-29T16:54:00+00:00,358.8300000000001,TAKE_PROFIT,4.379999999999882,0.43191000000000007,0.09999999999990905,3.9480899999998815,1.9553571428571814,1.762540178571458,4.5010659654502065,2.2399999999998954,0.005,0.002488299457499559,,HYP-FCR-03,severe,900.2131930900413,904.1612830900411,31.000000000000227,0.7384083333333488,0.4198219142524969,4,4,19.999999999998863,1.1199999999999477,20.0,2023,10
SPY,2023-10-02,short,427.75,426.195,2023-10-02T15:35:00+00:00,2023-10-02T15:40:00+00:00,426.8108,0.4300000000000068,428.3382,423.756,2,2,2023-10-02T15:45:00+00:00,426.78000000000003,2023-10-02T19:59:00+00:00,427.39,FORCED_SESSION_CLOSE,-1.2199999999999136,0.512502,0.12159999999983029,-1.7325019999999136,-0.3993714809479879,-0.5671408930207914,4.277012881400147,3.0548,0.005,0.0035711840070492894,,HYP-FCR-03,severe,855.4025762800293,853.6700742800293,43.00000000000068,0.7414214285714341,0.5799670517057053,1,1,48.00000000000182,1.5274,5.0,2023,11
QQQ,2023-10-02,short,360.63,357.92,2023-10-02T15:50:00+00:00,2023-10-02T15:55:00+00:00,359.63,0.4449999999999932,360.67,357.54999999999995,2,2,2023-10-02T16:00:00+00:00,359.61,2023-10-02T19:54:00+00:00,360.7,STOP_LOSS,-2.17999999999995,0.4321859999999999,0.09999999999990905,-2.6121859999999497,-1.0480769230768785,-1.255858653846105,4.520806415450206,2.080000000000041,0.005,0.002300474526946653,,HYP-FCR-03,severe,904.1612830900411,901.5490970900412,44.49999999999932,0.747414285714281,0.5953859974387836,1,1,4.000000000002046,1.0400000000000205,5.0,2023,12
QQQ,2023-10-04,long,357.73,355.69,2023-10-04T14:30:00+00:00,2023-10-04T14:35:00+00:00,357.3,0.6555000000000177,355.41,361.08,2,2,2023-10-04T14:40:00+00:00,357.32,2023-10-04T19:59:00+00:00,359.73,FORCED_SESSION_CLOSE,4.82000000000005,0.43022999999999995,0.09999999999990905,4.38977000000005,1.2751322751322975,1.1613148148148364,4.507745485450206,3.7799999999999727,0.005,0.004192783301764484,,HYP-FCR-03,severe,901.5490970900412,905.9388670900412,65.55000000000177,1.000078571428568,0.6554485004749826,1,1,26.99999999999818,1.8899999999999864,5.0,2023,10
SPY,2023-10-04,long,423.37,421.91,2023-10-04T14:35:00+00:00,2023-10-04T14:40:00+00:00,422.02,0.07999999999998408,420.605,424.8499999999999,2,2,2023-10-04T14:45:00+00:00,422.04499999999996,2023-10-04T19:32:00+00:00,424.81999999999994,TAKE_PROFIT,5.5499999999999545,0.5081189999999999,0.10999999999989996,5.041880999999955,1.9611307420495043,1.7815833922261781,4.268350371400147,2.8299999999999272,0.005,0.003315098051652684,,HYP-FCR-03,severe,853.6700742800293,858.7119552800293,7.999999999998408,0.8375071428571427,0.09552157337675392,1,1,8.030000000002246,1.4149999999999636,5.0,2023,10
QQQ,2023-10-05,long,360.15,357.57,2023-10-05T17:35:00+00:00,2023-10-05T17:40:00+00:00,358.3,0.41060000000004493,357.51,359.88000000000005,2,2,2023-10-05T17:45:00+00:00,358.3599,2023-10-05T19:59:00+00:00,358.64000000000004,FORCED_SESSION_CLOSE,0.5602000000001226,0.43019994,0.1797999999998865,0.1300000600001226,0.3545569620253849,0.08227851898741724,4.529694335450206,1.580000000000041,0.005,0.0017440470404754198,,HYP-FCR-03,severe,905.9388670900412,906.0688671500413,41.06000000000449,0.47353571428571073,0.8670940493250882,1,1,2.4999999999977263,0.7900000000000205,5.0,2023,13
SPY,2023-10-05,long,425.26,423.33,2023-10-05T17:35:00+00:00,2023-10-05T17:40:00+00:00,423.99,0.36000000000001364,422.90500000000003,426.15999999999997,2,2,2023-10-05T17:45:00+00:00,424.02799999999996,2023-10-05T19:59:00+00:00,424.43,FORCED_SESSION_CLOSE,0.8040000000000873,0.5090747999999999,0.13599999999985357,0.2949252000000874,0.37050691244244355,0.13591023041478936,4.293559776400147,2.169999999999959,0.005,0.0025270406294649918,,HYP-FCR-03,severe,858.7119552800293,859.0068804800294,36.000000000001364,0.489299999999998,0.7357449417535563,1,1,7.999999999998408,1.0849999999999795,5.0,2023,13
SPY,2023-10-06,long,423.0,421.0,2023-10-06T14:20:00+00:00,2023-10-06T14:25:00+00:00,422.99,0.46999999999997044,421.31,426.35,2,2,2023-10-06T14:30:00+00:00,423.02,2023-10-06T15:32:00+00:00,426.32000000000005,TAKE_PROFIT,6.600000000000136,0.509604,0.11999999999989086,6.090396000000137,1.9642857142857468,1.8126178571428906,4.295034402400147,3.3600000000000136,0.005,0.0039114936985398556,,HYP-FCR-03,severe,859.0068804800294,865.0972764800296,46.999999999997044,1.0479083333333346,0.4485125130219436,1,1,19.999999999998863,1.6800000000000068,5.0,2023,10
QQQ,2023-10-09,short,363.529,360.78,2023-10-09T14:00:00+00:00,2023-10-09T14:05:00+00:00,362.52,0.3299999999999841,363.32,360.91999999999996,2,2,2023-10-09T14:10:00+00:00,362.485,2023-10-09T14:24:00+00:00,363.34999999999997,STOP_LOSS,-1.7299999999999045,0.43550099999999997,0.12999999999988177,-2.1655009999999044,-1.081249999999925,-1.353438124999921,4.530344335750207,1.6000000000000227,0.005,0.0017658701871444715,,HYP-FCR-03,severe,906.0688671500413,903.9033661500414,32.99999999999841,1.0852750000000029,0.304070396903995,1,1,9.070000000002665,0.8000000000000114,5.0,2023,10
SPY,2023-10-09,short,429.09,427.35,2023-10-09T14:00:00+00:00,2023-10-09T14:05:00+00:00,428.16,0.2400000000000091,428.86,426.76000000000005,2,2,2023-10-09T14:10:00+00:00,428.1238,2023-10-09T14:26:00+00:00,428.89,STOP_LOSS,-1.5323999999999387,0.51420828,0.13239999999996144,-2.0466082799999388,-1.0945714285714025,-1.461863057142837,4.325486382400148,1.3999999999999773,0.005,0.0016183151167651327,,HYP-FCR-03,severe,865.0972764800296,863.0506682000296,24.00000000000091,0.731887499999992,0.32791924988473187,1,1,5.000000000001137,0.6999999999999886,5.0,2023,10
QQQ,2023-10-11,long,371.412,369.74,2023-10-11T14:45:00+00:00,2023-10-11T14:55:00+00:00,370.7097,0.4500000000000455,369.84000000000003,372.44909999999993,2,2,2023-10-11T15:00:00+00:00,370.76,2023-10-11T15:22:00+00:00,369.81000000000006,STOP_LOSS,-1.8999999999998636,0.444342,0.16059999999993124,-2.3443419999998634,-1.092330688743209,-1.3477877428998244,4.519516830750207,1.7393999999999323,0.005,0.0019243207461528632,,HYP-FCR-03,severe,903.9033661500414,901.5590241500415,45.00000000000455,0.6010142857142731,0.7487342825224941,2,2,30.700000000001637,0.8696999999999662,10.0,2023,11
SPY,2023-10-11,long,436.46,435.3,2023-10-11T19:25:00+00:00,2023-10-11T19:30:00+00:00,435.53,0.014999999999986358,435.14,436.30999999999995,1,1,2023-10-11T19:35:00+00:00,435.54999999999995,2023-10-11T19:46:00+00:00,436.28,TAKE_PROFIT,0.7300000000000182,0.261549,0.049999999999954525,0.4684510000000182,1.871794871794984,1.2011564102564989,4.315253341000148,0.38999999999998636,0.005,0.0004518854041482486,,HYP-FCR-03,severe,863.0506682000296,863.5191192000296,1.4999999999986358,0.4078500000000044,0.036778227289410804,1,1,23.500000000001364,0.38999999999998636,5.0,2023,15
SPY,2023-10-12,long,437.0,435.07,2023-10-12T14:00:00+00:00,2023-10-12T14:10:00+00:00,436.1698,0.10700000000002774,435.39,437.72940000000006,1,1,2023-10-12T14:15:00+00:00,436.2,2023-10-12T14:44:00+00:00,435.36,STOP_LOSS,-0.839999999999975,0.261468,0.06019999999995207,-1.101467999999975,-1.0771992818670817,-1.4125006411899752,4.317595596000149,0.7798000000000229,0.005,0.000903048910743789,,HYP-FCR-03,severe,863.5191192000296,862.4176512000297,10.700000000002774,0.5869888888888808,0.18228624429768933,2,2,8.999999999997499,0.7798000000000229,10.0,2023,10
QQQ,2023-10-18,short,367.33,365.48,2023-10-18T14:25:00+00:00,2023-10-18T14:30:00+00:00,365.7,1.0199999999999818,367.73,361.63999999999993,2,2,2023-10-18T14:35:00+00:00,365.66,2023-10-18T19:59:00+00:00,363.11999999999995,FORCED_SESSION_CLOSE,5.080000000000155,0.43726799999999993,0.13999999999987267,4.642732000000155,1.2512315270936158,1.1435300492611054,4.507795120750208,4.060000000000059,0.005,0.00450331025617284,,HYP-FCR-03,severe,901.5590241500415,906.2017561500417,101.99999999999818,0.9512538461538305,1.0722689891074924,1,1,42.00000000000159,2.0300000000000296,5.0,2023,10
QQQ,2023-10-19,long,365.335,363.21,2023-10-19T14:35:00+00:00,2023-10-19T14:40:00+00:00,363.62,0.18000000000000682,362.78000000000003,365.29999999999995,2,2,2023-10-19T14:45:00+00:00,363.63,2023-10-19T15:06:00+00:00,362.75000000000006,STOP_LOSS,-1.7599999999998772,0.43582800000000005,0.07999999999992724,-2.195827999999877,-1.0476190476190057,-1.307040476190442,4.531008780750208,1.67999999999995,0.005,0.00185389179462348,,HYP-FCR-03,severe,906.2017561500417,904.0059281500418,18.000000000000682,0.8618142857142905,0.20886170371476134,1,1,18.999999999999773,0.839999999999975,5.0,2023,10
SPY,2023-10-19,long,431.39,430.173,2023-10-19T15:40:00+00:00,2023-10-19T15:45:00+00:00,430.5022,0.2300000000000182,429.77,431.9666000000001,2,2,2023-10-19T15:50:00+00:00,430.54999999999995,2023-10-19T16:00:00+00:00,429.74,STOP_LOSS,-1.6199999999998909,0.5161739999999999,0.1555999999998221,-2.1361739999998908,-1.1062551215513623,-1.4587366839659863,4.312088256000148,1.4644000000000688,0.005,0.0016980171938299241,,HYP-FCR-03,severe,862.4176512000297,860.2814772000298,23.00000000000182,0.5332357142857153,0.43132894860223286,1,1,32.29999999999791,0.7322000000000344,5.0,2023,11
QQQ,2023-10-24,short,358.97,357.06,2023-10-24T15:15:00+00:00,2023-10-24T15:25:00+00:00,358.08,0.2715000000000032,359.061,356.118,2,2,2023-10-24T15:30:00+00:00,358.06,2023-10-24T16:42:00+00:00,356.14799999999997,TAKE_PROFIT,3.824000000000069,0.42852479999999993,0.09999999999990905,3.395475200000069,1.9490316004077932,1.73061936799189,4.5200296407502085,1.961999999999989,0.005,0.0021703397498897235,,HYP-FCR-03,severe,904.0059281500418,907.4014033500418,27.15000000000032,0.713400000000003,0.3805719091673704,2,2,10.99999999999568,0.9809999999999945,10.0,2023,11
SPY,2023-10-24,short,423.89,422.43,2023-10-24T15:15:00+00:00,2023-10-24T15:25:00+00:00,422.96,0.25,423.78999999999996,421.3,2,2,2023-10-24T15:30:00+00:00,422.935,2023-10-24T16:37:00+00:00,421.33,TAKE_PROFIT,3.2100000000000364,0.506559,0.10999999999989996,2.703441000000036,1.933734939759095,1.6285789156627035,4.301407386000149,1.6599999999999682,0.005,0.0019296010015266089,,HYP-FCR-03,severe,860.2814772000298,862.9849182000298,25.0,0.6034642857142914,0.414274723323663,2,2,0.9999999999990905,0.8299999999999841,10.0,2023,11
SPY,2023-10-25,long,421.92,419.51,2023-10-25T14:35:00+00:00,2023-10-25T14:40:00+00:00,420.22,0.10000000000002274,419.29,422.08000000000004,2,2,2023-10-25T14:45:00+00:00,420.22999999999996,2023-10-25T16:00:00+00:00,419.26000000000005,STOP_LOSS,-1.9399999999998272,0.503694,0.07999999999981355,-2.443693999999827,-1.0430107526880714,-1.313813978494521,4.314924591000149,1.8600000000000136,0.005,0.0021553099721366015,,HYP-FCR-03,severe,862.9849182000298,860.54122420003,10.000000000002274,0.6633642857142864,0.1507467347180839,1,1,12.000000000000455,0.9300000000000068,5.0,2023,10
QQQ,2023-10-25,long,356.88,353.42,2023-10-25T14:25:00+00:00,2023-10-25T15:05:00+00:00,354.73,0.4399999999999977,353.84000000000003,356.51,2,2,2023-10-25T15:10:00+00:00,354.76,2023-10-25T15:24:00+00:00,353.81000000000006,STOP_LOSS,-1.8999999999998636,0.425142,0.11999999999989086,-2.3251419999998637,-1.0674157303370184,-1.3062595505617411,4.537007016750209,1.7799999999999727,0.005,0.0019616456327137886,,HYP-FCR-03,severe,907.4014033500418,905.0762613500419,43.99999999999977,0.8382928571428587,0.5248762365692143,8,8,18.999999999999773,0.8899999999999864,40.0,2023,11
QQQ,2023-10-26,long,350.07,346.54,2023-10-26T14:40:00+00:00,2023-10-26T14:45:00+00:00,347.8,0.32000000000005,345.6,352.2,2,2,2023-10-26T14:50:00+00:00,347.82,2023-10-26T15:15:00+00:00,345.57000000000005,STOP_LOSS,-4.499999999999886,0.416034,0.09999999999990905,-4.916033999999886,-1.0227272727272523,-1.1172804545454345,4.5253813067502096,4.399999999999977,0.005,0.004861468793178589,,HYP-FCR-03,severe,905.0762613500419,900.1602273500421,32.000000000005,1.0788285714285613,0.29661802484180877,1,1,100.0,2.1999999999999886,5.0,2023,10
SPY,2023-10-26,long,417.325,415.25,2023-10-26T14:40:00+00:00,2023-10-26T14:45:00+00:00,416.375,0.4596000000000231,414.67,419.78499999999997,2,2,2023-10-26T14:50:00+00:00,416.399,2023-10-26T15:14:00+00:00,414.64000000000004,STOP_LOSS,-3.5179999999999154,0.49862339999999994,0.10799999999994725,-4.016623399999915,-1.0316715542521842,-1.1778954252199274,4.30270612100015,3.409999999999968,0.005,0.00396262248002116,,HYP-FCR-03,severe,860.54122420003,856.52460080003,45.96000000000231,0.8688142857142915,0.5289968265452324,1,1,62.74999999999977,1.704999999999984,5.0,2023,10
QQQ,2023-10-27,long,347.62,346.065,2023-10-27T14:45:00+00:00,2023-10-27T14:55:00+00:00,347.15,0.2899999999999636,345.73,349.9899999999999,2,2,2023-10-27T15:00:00+00:00,347.17999999999995,2023-10-27T17:05:00+00:00,345.70000000000005,STOP_LOSS,-2.959999999999809,0.415728,0.11999999999989086,-3.375727999999809,-1.0422535211267234,-1.188636619718277,4.50080113675021,2.839999999999918,0.005,0.003154993870769562,,HYP-FCR-03,severe,900.1602273500421,896.7844993500423,28.999999999996362,0.9608071428571634,0.30182956294182745,2,2,40.510000000000446,1.419999999999959,10.0,2023,11
SPY,2023-10-27,long,414.47,412.62,2023-10-27T14:45:00+00:00,2023-10-27T14:55:00+00:00,413.52,0.34159999999997126,412.09000000000003,416.3799999999999,2,2,2023-10-27T15:00:00+00:00,413.54999999999995,2023-10-27T16:27:00+00:00,412.06000000000006,STOP_LOSS,-2.979999999999791,0.495366,0.11999999999989086,-3.4753659999997906,-1.0419580419580052,-1.2151629370629062,4.2826230040001505,2.8599999999999,0.005,0.0033390751384473247,,HYP-FCR-03,severe,856.52460080003,853.0492348000303,34.159999999997126,0.823192857142861,0.41496958706079773,2,2,61.000000000001364,1.42999999999995,10.0,2023,11
QQQ,2023-10-30,long,350.54,347.11,2023-10-30T14:50:00+00:00,2023-10-30T15:05:00+00:00,348.27,0.2716000000000349,347.3488,350.1124,2,2,2023-10-30T15:10:00+00:00,348.28999999999996,2023-10-30T15:22:00+00:00,347.3188,STOP_LOSS,-1.9423999999999069,0.41736527999999995,0.09999999999990905,-2.3597652799999067,-1.0542770299608712,-1.2808105080329513,4.483922496750211,1.8423999999999978,0.005,0.0020544512102242,,HYP-FCR-03,severe,896.7844993500423,894.4247340700424,27.160000000003492,0.8332714285714238,0.32594421299872367,3,3,8.990000000000009,0.9211999999999989,15.0,2023,11
SPY,2023-10-30,long,415.345,413.53,2023-10-30T15:00:00+00:00,2023-10-30T15:05:00+00:00,413.8,0.382000000000005,413.01,415.38000000000005,2,2,2023-10-30T15:10:00+00:00,413.82,2023-10-30T15:22:00+00:00,412.98,STOP_LOSS,-1.67999999999995,0.4960799999999999,0.09999999999990905,-2.17607999999995,-1.0632911392404472,-1.3772658227847427,4.2652461740001515,1.580000000000041,0.005,0.0018521791422395693,,HYP-FCR-03,severe,853.0492348000303,850.8731548000303,38.2000000000005,0.6583642857142868,0.5802258844972997,1,1,50.99999999999909,0.7900000000000205,5.0,2023,11
SPY,2023-10-31,long,416.37,414.28,2023-10-31T14:00:00+00:00,2023-10-31T14:10:00+00:00,415.77,0.4399999999999977,414.37,418.56999999999994,2,2,2023-10-31T14:15:00+00:00,415.80999999999995,2023-10-31T19:59:00+00:00,418.20000000000005,FORCED_SESSION_CLOSE,4.7800000000002,0.5004059999999999,0.13999999999987267,4.2795940000002,1.7071428571429563,1.528426428571525,4.254365774000152,2.7999999999999545,0.005,0.0032907372670113234,,HYP-FCR-03,severe,850.8731548000303,855.1527488000305,43.99999999999977,0.6879555555555612,0.6395762000129122,2,2,6.999999999999318,1.3999999999999773,10.0,2023,10
QQQ,2023-10-31,short,349.45,346.62,2023-10-31T15:00:00+00:00,2023-10-31T15:45:00+00:00,348.17,0.07999999999998408,348.93,346.65000000000003,2,2,2023-10-31T15:50:00+00:00,348.16,2023-10-31T15:58:00+00:00,348.96,STOP_LOSS,-1.599999999999909,0.418272,0.07999999999992724,-2.018271999999909,-1.0526315789473213,-1.3278105263157456,4.4721236703502125,1.5199999999999818,0.005,0.0016994163310794026,,HYP-FCR-03,severe,894.4247340700424,892.4064620700425,7.999999999998408,0.7238571428571439,0.11051904479966208,9,9,12.999999999999545,0.7599999999999909,45.0,2023,11
SPY,2023-11-01,short,419.88,418.6499,2023-11-01T16:35:00+00:00,2023-11-01T16:40:00+00:00,419.5127,0.2599999999999909,420.18,418.1781,2,2,2023-11-01T16:45:00+00:00,419.48,2023-11-01T17:12:00+00:00,420.21,STOP_LOSS,-1.4599999999999227,0.503814,0.1253999999998996,-1.9638139999999227,-1.0939607372994886,-1.4714626105199227,4.275763744000153,1.334600000000023,0.005,0.0015606568556000829,,HYP-FCR-03,severe,855.1527488000305,853.1889348000306,25.99999999999909,0.35377857142856733,0.73492297441901,1,1,32.99999999999841,0.6673000000000116,5.0,2023,12
QQQ,2023-11-02,long,362.31,361.05,2023-11-02T14:25:00+00:00,2023-11-02T14:30:00+00:00,361.46,0.009999999999990905,360.96000000000004,362.45999999999987,2,2,2023-11-02T14:35:00+00:00,361.49499999999995,2023-11-02T14:52:00+00:00,362.4299999999999,TAKE_PROFIT,1.8699999999998909,0.4343549999999999,0.12999999999988177,1.435644999999891,1.8700000000001034,1.4356450000000542,4.462032310350213,0.9999999999998863,0.005,0.0011205656194827052,,HYP-FCR-03,severe,892.4064620700425,893.8421070700424,0.9999999999990905,0.6676769230769187,0.014977303624493952,1,1,11.000000000001364,0.49999999999994316,5.0,2023,10
QQQ,2023-11-03,short,366.885,364.52,2023-11-03T14:00:00+00:00,2023-11-03T14:05:00+00:00,365.83,0.12009999999997945,366.56,364.36999999999995,2,2,2023-11-03T14:10:00+00:00,365.82000000000005,2023-11-03T15:31:00+00:00,366.59,STOP_LOSS,-1.53999999999985,0.439446,0.07999999999981355,-1.97944599999985,-1.0547945205478162,-1.3557849315067128,4.4692105353502125,1.4600000000000364,0.005,0.0016333981006844973,,HYP-FCR-03,severe,893.8421070700424,891.8626610700426,12.009999999997945,0.891862500000002,0.13466201348299672,1,1,51.499999999998636,0.7300000000000182,5.0,2023,10
SPY,2023-11-03,short,435.0,433.01,2023-11-03T14:00:00+00:00,2023-11-03T14:05:00+00:00,434.2372,0.023700000000019372,434.69,433.3315999999999,1,1,2023-11-03T14:10:00+00:00,434.21000000000004,2023-11-03T14:17:00+00:00,434.71999999999997,STOP_LOSS,-0.5099999999999341,0.260679,0.05719999999990932,-0.7706789999999341,-1.1263250883390155,-1.7020295936393373,4.265944674000153,0.45280000000002474,0.005,0.000530714805983919,,HYP-FCR-03,severe,853.1889348000306,852.4182558000306,2.3700000000019372,0.6601625000000055,0.03590025183196436,1,1,48.00000000000182,0.45280000000002474,5.0,2023,10
QQQ,2023-11-06,long,369.78,368.33,2023-11-06T15:15:00+00:00,2023-11-06T15:40:00+00:00,369.15,0.2249999999999659,368.63,370.18999999999994,2,2,2023-11-06T15:45:00+00:00,369.19,2023-11-06T15:47:00+00:00,368.6,STOP_LOSS,-1.17999999999995,0.44267399999999996,0.13999999999998636,-1.62267399999995,-1.1346153846153761,-1.560263461538468,4.459313305350213,1.0399999999999636,0.005,0.0011660988237271737,,HYP-FCR-03,severe,891.8626610700426,890.2399870700426,22.49999999999659,0.6488928571428646,0.3467444548406061,5,5,25.99999999999909,0.5199999999999818,25.0,2023,10
SPY,2023-11-06,long,436.1498,435.01,2023-11-06T15:15:00+00:00,2023-11-06T15:40:00+00:00,435.5301,0.12000000000000455,435.2,436.19030000000004,1,1,2023-11-06T15:45:00+00:00,435.565,2023-11-06T15:46:00+00:00,435.17,STOP_LOSS,-0.3949999999999818,0.26122049999999997,0.06489999999996598,-0.6562204999999818,-1.196607088760869,-1.987944562253712,4.262091279000153,0.3301000000000158,0.005,0.00038725120884489154,,HYP-FCR-03,severe,852.4182558000306,851.7620353000306,12.000000000000455,0.45157857142857794,0.2657344869584536,5,5,24.00000000000091,0.3301000000000158,25.0,2023,10
QQQ,2023-11-08,long,373.79,372.76,2023-11-08T20:40:00+00:00,2023-11-08T20:45:00+00:00,372.9116,0.2300000000000182,372.37,373.99480000000005,2,2,2023-11-08T20:50:00+00:00,372.96,2023-11-08T20:59:00+00:00,372.94000000000005,FORCED_SESSION_CLOSE,-0.03999999999984993,0.44754,0.15679999999986194,-0.4875399999998499,-0.03692762186101246,-0.4500923190545004,4.451199935350213,1.0832000000000335,0.005,0.001216750556852721,,HYP-FCR-03,severe,890.2399870700426,889.7524470700428,23.00000000000182,0.29697142857143277,0.7744852799692633,1,1,13.990000000001146,0.5416000000000167,5.0,2023,15
QQQ,2023-11-09,short,374.08,372.72,2023-11-09T15:00:00+00:00,2023-11-09T15:10:00+00:00,373.1096,0.24399999999997135,374.09,371.14880000000005,2,2,2023-11-09T15:15:00+00:00,373.08000000000004,2023-11-09T16:11:00+00:00,374.11999999999995,STOP_LOSS,-2.0799999999998136,0.44832,0.1191999999998643,-2.5283199999998134,-1.060791513667823,-1.289432884536862,4.448762235350214,1.9607999999999493,0.005,0.002203759041581587,,HYP-FCR-03,severe,889.7524470700428,887.224127070043,24.399999999997135,0.7023333333333299,0.3474133839581954,2,2,24.00000000000091,0.9803999999999746,10.0,2023,10
SPY,2023-11-09,long,438.47,436.98,2023-11-09T16:00:00+00:00,2023-11-09T16:05:00+00:00,437.645,0.2400000000000091,436.79,439.3549999999999,1,1,2023-11-09T16:10:00+00:00,437.67999999999995,2023-11-09T18:01:00+00:00,436.76000000000005,STOP_LOSS,-0.9199999999999022,0.262332,0.06499999999994088,-1.1823319999999022,-1.0760233918127997,-1.3828444444443926,4.258810176500153,0.8549999999999613,0.005,0.0010038014898125745,,HYP-FCR-03,severe,851.7620353000306,850.5797033000307,24.00000000000091,0.49522142857143436,0.48463169433587977,1,1,3.000000000002956,0.8549999999999613,5.0,2023,11
SPY,2023-11-10,long,436.24,434.88,2023-11-10T15:45:00+00:00,2023-11-10T15:50:00+00:00,435.12,0.21510000000000673,434.57,436.22,1,1,2023-11-10T15:55:00+00:00,435.15999999999997,2023-11-10T16:05:00+00:00,436.19000000000005,TAKE_PROFIT,1.0300000000000864,0.261405,0.06999999999993634,0.7685950000000864,1.8727272727273911,1.3974454545455828,4.252898516500154,0.5500000000000114,0.005,0.0006466178276605387,,HYP-FCR-03,severe,850.5797033000307,851.3482983000308,21.510000000000673,0.5324928571428619,0.40394908047057204,1,1,31.499999999999773,0.5500000000000114,5.0,2023,10
QQQ,2023-11-14,short,385.01,383.18,2023-11-14T16:45:00+00:00,2023-11-14T16:55:00+00:00,384.4,0.08999999999997499,385.25,382.69999999999993,2,2,2023-11-14T17:00:00+00:00,384.38000000000005,2023-11-14T17:58:00+00:00,385.28,STOP_LOSS,-1.7999999999998408,0.461796,0.09999999999979536,-2.261795999999841,-1.0588235294116428,-1.3304682352939885,4.436120635350215,1.7000000000000455,0.005,0.00191608855996072,,HYP-FCR-03,severe,887.224127070043,884.9623310700431,8.999999999997499,0.3844500000000072,0.23410066328514323,2,2,29.000000000002046,0.8500000000000227,10.0,2023,12
SPY,2023-11-15,short,450.75,449.4,2023-11-15T16:30:00+00:00,2023-11-15T16:35:00+00:00,450.22,0.009999999999990905,451.03999999999996,448.58000000000015,1,1,2023-11-15T16:40:00+00:00,450.18,2023-11-15T20:59:00+00:00,449.65999999999997,FORCED_SESSION_CLOSE,0.5200000000000387,0.26995199999999997,0.06999999999999318,0.2500480000000387,0.634146341463511,0.3049365853659245,4.256741491500154,0.8199999999999363,0.005,0.0009631780572502575,,HYP-FCR-03,severe,851.3482983000308,851.5983463000308,0.9999999999990905,0.37862142857141684,0.026411606014276796,1,1,6.499999999999773,0.8199999999999363,5.0,2023,11
QQQ,2023-11-15,short,387.65,385.9906,2023-11-15T15:50:00+00:00,2023-11-15T16:40:00+00:00,386.175,0.20939999999995962,387.28,383.9650000000001,2,2,2023-11-15T16:45:00+00:00,386.15000000000003,2023-11-15T20:59:00+00:00,385.64,FORCED_SESSION_CLOSE,1.0200000000000955,0.46307399999999993,0.10999999999989996,0.5569260000000955,0.4615384615385209,0.25200271493217874,4.424811655350216,2.2099999999999227,0.005,0.00249728143493715,,HYP-FCR-03,severe,884.9623310700431,885.5192570700432,20.939999999995962,0.4600428571428584,0.45517498369708204,10,10,10.000000000002274,1.1049999999999613,50.0,2023,11
SPY,2023-11-16,short,450.47,449.13,2023-11-16T15:05:00+00:00,2023-11-16T15:15:00+00:00,449.31,0.025000000000034106,450.03,447.87000000000006,1,1,2023-11-16T15:20:00+00:00,449.29,2023-11-16T15:24:00+00:00,450.05999999999995,STOP_LOSS,-0.769999999999925,0.26980499999999996,0.049999999999954525,-1.0398049999999248,-1.0694444444443842,-1.444173611111066,4.257991731500154,0.7199999999999704,0.005,0.0008454689973602928,,HYP-FCR-03,severe,851.5983463000308,850.5585413000309,2.5000000000034106,0.4697999999999979,0.05321413367397663,2,2,1.999999999998181,0.7199999999999704,10.0,2023,10
QQQ,2023-11-16,short,385.985,384.21,2023-11-16T15:05:00+00:00,2023-11-16T15:35:00+00:00,384.6099,0.17000000000001592,385.62,382.58969999999994,2,2,2023-11-16T15:40:00+00:00,384.55,2023-11-16T17:38:00+00:00,385.65,STOP_LOSS,-2.199999999999932,0.46212,0.1797999999998865,-2.662119999999932,-1.0890010890010309,-1.3177507177506544,4.427596285350216,2.0202000000000453,0.005,0.002281373311614217,,HYP-FCR-03,severe,885.5192570700432,882.8571370700432,17.00000000000159,0.625785714285712,0.27165848647417323,6,6,18.500000000000227,1.0101000000000226,30.0,2023,10
QQQ,2023-11-17,long,385.63,384.45,2023-11-17T15:10:00+00:00,2023-11-17T15:20:00+00:00,385.45,0.11000000000001364,384.7385,386.873,2,2,2023-11-17T15:25:00+00:00,385.47999999999996,2023-11-17T15:46:00+00:00,384.7085,STOP_LOSS,-1.5429999999998927,0.46211309999999994,0.11999999999989086,-2.0051130999998925,-1.0843288826422282,-1.4090745607869923,4.414285685350216,1.4230000000000018,0.005,0.0016118123083000068,,HYP-FCR-03,severe,882.8571370700432,880.8520239700433,11.000000000001364,0.5619090909090997,0.19576120368874472,2,2,11.000000000001364,0.7115000000000009,10.0,2023,10
SPY,2023-11-17,long,450.6,449.46,2023-11-17T16:05:00+00:00,2023-11-17T17:05:00+00:00,450.5599,0.12999999999999545,449.93,451.81970000000007,1,1,2023-11-17T17:10:00+00:00,450.59,2023-11-17T20:59:00+00:00,450.75,FORCED_SESSION_CLOSE,0.160000000000025,0.270402,0.06009999999992033,-0.11040199999997496,0.25400857278936306,-0.17526909033175322,4.252792706500155,0.6299000000000206,0.005,0.0007405721880556908,,HYP-FCR-03,severe,850.5585413000309,850.4481393000309,12.999999999999545,0.3679071428571571,0.35335003009297106,12,12,16.999999999995907,0.6299000000000206,60.0,2023,12
QQQ,2023-11-20,short,388.52,386.04,2023-11-20T15:10:00+00:00,2023-11-20T15:15:00+00:00,387.9,0.11000000000001364,388.46,386.78,2,2,2023-11-20T15:20:00+00:00,387.85,2023-11-20T15:57:00+00:00,388.48999999999995,STOP_LOSS,-1.279999999999859,0.4658039999999999,0.15999999999985448,-1.745803999999859,-1.1428571428570125,-1.558753571428439,4.404260119850217,1.1200000000000045,0.005,0.0012714961985920287,,HYP-FCR-03,severe,880.8520239700433,879.1062199700434,11.000000000001364,0.5985299999999881,0.18378360316110443,1,1,9.8700000000008,0.5600000000000023,5.0,2023,10
SPY,2023-11-21,long,453.32,452.71,2023-11-21T16:50:00+00:00,2023-11-21T17:30:00+00:00,453.2,0.060000000000002274,452.94,453.71999999999997,1,1,2023-11-21T17:35:00+00:00,453.22999999999996,2023-11-21T18:14:00+00:00,452.91,STOP_LOSS,-0.31999999999993634,0.271842,0.05999999999994543,-0.5918419999999363,-1.230769230769029,-2.276315384615219,4.252240696500155,0.2599999999999909,0.005,0.00030572116979876783,,HYP-FCR-03,severe,850.4481393000309,849.856297300031,6.000000000000227,0.22161428571428538,0.2707406691162358,8,8,2.9999999999972715,0.2599999999999909,40.0,2023,12
QQQ,2023-11-21,long,389.23,388.23,2023-11-21T17:45:00+00:00,2023-11-21T17:50:00+00:00,388.36,0.05000000000001137,388.0,389.08000000000004,2,2,2023-11-21T17:55:00+00:00,388.4,2023-11-21T18:03:00+00:00,387.97,STOP_LOSS,-0.8599999999999,0.46582199999999996,0.13999999999987267,-1.3258219999999,-1.1944444444442601,-1.8414194444442356,4.395531099850217,0.7200000000000273,0.005,0.0008190136568759144,,HYP-FCR-03,severe,879.1062199700434,877.7803979700435,5.000000000001137,0.23433571428570385,0.21336909805839924,1,1,22.00000000000273,0.36000000000001364,5.0,2023,12
QQQ,2023-11-22,long,393.07,389.74,2023-11-22T15:20:00+00:00,2023-11-22T15:25:00+00:00,390.3835,0.08500000000003638,389.66,391.83050000000003,2,2,2023-11-22T15:30:00+00:00,390.41999999999996,2023-11-22T15:53:00+00:00,389.63000000000005,STOP_LOSS,-1.5799999999998136,0.46802999999999995,0.13299999999981083,-2.0480299999998133,-1.0919143054594407,-1.4153628196266823,4.3889019898502175,1.4470000000000027,0.005,0.0016484760919090213,,HYP-FCR-03,severe,877.7803979700435,875.7323679700437,8.500000000003638,0.9491666666666608,0.08955223880600903,1,1,25.0,0.7235000000000014,5.0,2023,10
SPY,2023-11-22,long,456.38,454.34,2023-11-22T15:20:00+00:00,2023-11-22T15:25:00+00:00,454.96,0.06130000000001701,454.38,456.11999999999995,1,1,2023-11-22T15:30:00+00:00,454.98999999999995,2023-11-22T15:53:00+00:00,454.35,STOP_LOSS,-0.6399999999999295,0.27280199999999993,0.05999999999994543,-0.9128019999999295,-1.1034482758619777,-1.5737965517240595,4.249281486500155,0.5799999999999841,0.005,0.0006824683206356503,,HYP-FCR-03,severe,849.856297300031,848.943495300031,6.130000000001701,0.6657666666666747,0.09207430030543674,1,1,6.999999999999318,0.5799999999999841,5.0,2023,10
SPY,2023-11-24,short,455.382,454.73,2023-11-24T15:05:00+00:00,2023-11-24T15:10:00+00:00,454.965,0.01999999999998181,455.39,454.11499999999995,1,1,2023-11-24T15:15:00+00:00,454.94000000000005,2023-11-24T17:59:00+00:00,455.28999999999996,FORCED_SESSION_CLOSE,-0.34999999999990905,0.273069,0.054999999999893134,-0.6230689999999091,-0.8235294117644698,-1.4660447058820998,4.244717476500155,0.42500000000001137,0.005,0.0005006222467725124,,HYP-FCR-03,severe,848.943495300031,848.3204263000312,1.999999999998181,0.3391111111111134,0.0589777195281242,1,1,1.2999999999976808,0.42500000000001137,5.0,2023,10
QQQ,2023-11-27,short,389.912,388.28,2023-11-27T16:00:00+00:00,2023-11-27T16:05:00+00:00,389.5401,0.3300000000000409,390.01,388.6003,2,2,2023-11-27T16:10:00+00:00,389.51000000000005,2023-11-27T16:38:00+00:00,390.03999999999996,STOP_LOSS,-1.0599999999998317,0.4677299999999999,0.12019999999984066,-1.5277299999998317,-1.1278995530962352,-1.6255905511809388,4.378661839850219,0.9397999999999911,0.005,0.001073158917465226,,HYP-FCR-03,severe,875.7323679700437,874.2046379700439,33.00000000000409,0.4571999999999881,0.7217847769029955,1,1,8.800000000002228,0.46989999999999554,5.0,2023,11
SPY,2023-11-27,short,455.245,454.0799,2023-11-27T18:20:00+00:00,2023-11-27T18:25:00+00:00,455.24,0.020999999999958163,455.4687,454.7826,1,1,2023-11-27T18:30:00+00:00,455.21000000000004,2023-11-27T19:40:00+00:00,454.8126,TAKE_PROFIT,0.3974000000000615,0.27300678,0.05999999999994543,0.12439322000006148,1.737647573240295,0.543914385658328,4.241602131500156,0.22870000000000346,0.005,0.0002695915280473485,,HYP-FCR-03,severe,848.3204263000312,848.4448195200313,2.0999999999958163,0.19881428571429183,0.10562621254559361,1,1,3.4999999999968168,0.22870000000000346,5.0,2023,13
QQQ,2023-11-28,short,389.23,388.05,2023-11-28T18:05:00+00:00,2023-11-28T18:15:00+00:00,388.75,0.1782000000000039,389.08,388.09000000000003,2,2,2023-11-28T18:20:00+00:00,388.73,2023-11-28T18:28:00+00:00,389.10999999999996,STOP_LOSS,-0.7599999999998772,0.4667039999999999,0.09999999999990905,-1.2267039999998772,-1.151515151515021,-1.8586424242423278,4.371023189850219,0.6599999999999682,0.005,0.000754971972617908,,HYP-FCR-03,severe,874.2046379700439,872.977933970044,17.82000000000039,0.3883857142857039,0.45882223121346993,2,2,0.9999999999990905,0.3299999999999841,10.0,2023,13
SPY,2023-11-28,short,454.23,453.5,2023-11-28T18:10:00+00:00,2023-11-28T18:15:00+00:00,454.2,0.009900000000016007,454.40999999999997,453.78000000000003,1,1,2023-11-28T18:20:00+00:00,454.18,2023-11-28T18:28:00+00:00,454.43999999999994,STOP_LOSS,-0.25999999999993406,0.27258599999999994,0.049999999999954525,-0.5325859999999341,-1.2380952380950447,-2.5361238095237426,4.242224097600157,0.20999999999997954,0.005,0.00024751167685693146,,HYP-FCR-03,severe,848.4448195200313,847.9122335200314,0.9900000000016007,0.36714999999999726,0.02696445594448068,1,1,15.999999999996817,0.20999999999997954,5.0,2023,13
QQQ,2023-11-30,long,390.55,388.01,2023-11-30T15:10:00+00:00,2023-11-30T15:15:00+00:00,388.84,0.4919999999999618,387.4001,391.7197999999999,2,2,2023-11-30T15:20:00+00:00,388.85999999999996,2023-11-30T15:38:00+00:00,387.37010000000004,STOP_LOSS,-2.979799999999841,0.46573805999999995,0.09999999999990905,-3.445538059999841,-1.0347246336550842,-1.1964504687825275,4.36488966985022,2.879799999999932,0.005,0.003298823358459312,,HYP-FCR-03,severe,872.977933970044,869.5323959100441,49.19999999999618,0.8927600000000098,0.5510999596755639,1,1,37.000000000000455,1.439899999999966,5.0,2023,10
SPY,2023-11-30,long,455.71,454.14,2023-11-30T15:50:00+00:00,2023-11-30T16:00:00+00:00,454.7979,0.17000000000001592,454.115,456.16370000000006,1,1,2023-11-30T16:05:00+00:00,454.82,2023-11-30T16:34:00+00:00,454.08500000000004,STOP_LOSS,-0.7349999999999568,0.27267149999999996,0.05209999999993897,-1.0076714999999568,-1.076292282911023,-1.4755769512372683,4.239561167600157,0.6829000000000178,0.005,0.0008053899601908324,,HYP-FCR-03,severe,847.9122335200314,846.9045620200314,17.00000000000159,0.6099571428571429,0.278708105955948,2,2,6.989999999996144,0.6829000000000178,10.0,2023,11
QQQ,2023-12-04,long,386.42,385.13,2023-12-04T17:10:00+00:00,2023-12-04T17:30:00+00:00,385.8315,0.03489999999999327,385.26,386.97450000000003,2,2,2023-12-04T17:35:00+00:00,385.85999999999996,2023-12-04T18:25:00+00:00,385.23,STOP_LOSS,-1.2599999999998772,0.4626539999999999,0.11699999999984811,-1.7226539999998771,-1.102362204724274,-1.5071338582675706,4.347661979550221,1.143000000000029,0.005,0.001314499615398201,,HYP-FCR-03,severe,869.5323959100441,867.8097419100442,3.489999999999327,0.3781214285714246,0.0922983924287192,4,4,10.000000000002274,0.5715000000000146,20.0,2023,12
SPY,2023-12-04,long,456.83,455.51,2023-12-04T19:05:00+00:00,2023-12-04T19:15:00+00:00,455.94,0.19499999999999318,455.6,456.61999999999995,1,1,2023-12-04T19:20:00+00:00,455.96999999999997,2023-12-04T20:50:00+00:00,456.59,TAKE_PROFIT,0.6200000000000045,0.27376799999999996,0.05999999999994543,0.3462320000000046,1.8235294117648535,1.0183294117647943,4.234522810100158,0.339999999999975,0.005,0.00040146200085285777,,HYP-FCR-03,severe,846.9045620200314,847.2507940200314,19.499999999999318,0.28463571428570894,0.6850862004065236,2,2,1.4999999999986358,0.339999999999975,10.0,2023,14
QQQ,2023-12-05,short,386.15,384.21,2023-12-05T17:40:00+00:00,2023-12-05T17:45:00+00:00,385.975,0.12999999999999545,386.33,385.2650000000001,2,2,2023-12-05T17:50:00+00:00,385.94000000000005,2023-12-05T17:58:00+00:00,386.35999999999996,STOP_LOSS,-0.8399999999998045,0.46337999999999996,0.12999999999988177,-1.3033799999998044,-1.1830985915491492,-1.8357464788731637,4.339048709550221,0.7099999999999227,0.005,0.0008181516820002698,,HYP-FCR-03,severe,867.8097419100442,866.5063619100443,12.999999999999545,0.6181999999999975,0.210287932707855,1,1,18.500000000000227,0.35499999999996135,5.0,2023,12
SPY,2023-12-05,short,455.7883,454.87,2023-12-05T17:40:00+00:00,2023-12-05T17:45:00+00:00,455.7399,0.07499999999998863,456.0,455.21969999999993,1,1,2023-12-05T17:50:00+00:00,455.70000000000005,2023-12-05T17:56:00+00:00,456.03,STOP_LOSS,-0.32999999999992724,0.27351899999999996,0.0698999999999046,-0.6035189999999272,-1.2687427912337506,-2.320334486735389,4.236253970100157,0.26010000000002265,0.005,0.0003069929256317382,,HYP-FCR-03,severe,847.2507940200314,846.6472750200315,7.499999999998863,0.4764785714285803,0.15740477011405418,1,1,22.07000000000221,0.26010000000002265,5.0,2023,12
QQQ,2023-12-07,short,389.2299,386.96,2023-12-07T16:10:00+00:00,2023-12-07T16:15:00+00:00,388.27,0.37000000000000455,389.7401,385.3298,2,2,2023-12-07T16:20:00+00:00,388.24,2023-12-07T16:36:00+00:00,389.77009999999996,STOP_LOSS,-3.0601999999998952,0.4668060599999999,0.11999999999989086,-3.527006059999895,-1.0408135500985956,-1.1995803210665565,4.332531809550222,2.9402000000000044,0.005,0.0033931660853809623,,HYP-FCR-03,severe,866.5063619100443,862.9793558500445,37.000000000000455,0.5973357142857115,0.61941717387926,1,1,68.01000000000386,1.4701000000000022,5.0,2023,11
SPY,2023-12-07,short,457.23,456.29,2023-12-07T16:15:00+00:00,2023-12-07T16:20:00+00:00,456.89,0.2411999999999921,457.9,454.87,1,1,2023-12-07T16:25:00+00:00,456.845,2023-12-07T16:40:00+00:00,457.92999999999995,STOP_LOSS,-1.0849999999999227,0.27443249999999997,0.07499999999993179,-1.3594324999999228,-1.0742574257425075,-1.3459727722771633,4.233236375100158,1.009999999999991,0.005,0.0011929407083677136,,HYP-FCR-03,severe,846.6472750200315,845.2878425200316,24.11999999999921,0.3633642857142953,0.6637966621453874,1,1,8.999999999997499,1.009999999999991,5.0,2023,11
SPY,2023-12-08,short,458.74,457.21,2023-12-08T16:15:00+00:00,2023-12-08T16:20:00+00:00,458.44,0.2699999999999818,459.205,456.91,1,1,2023-12-08T16:25:00+00:00,458.415,2023-12-08T18:06:00+00:00,459.23499999999996,STOP_LOSS,-0.8199999999999363,0.27529499999999996,0.05499999999994998,-1.0952949999999362,-1.071895424836537,-1.4317581699345827,4.226439212600158,0.7649999999999864,0.005,0.0009050171569004406,,HYP-FCR-03,severe,845.2878425200316,844.1925475200317,26.99999999999818,0.5292928571428612,0.5101145733525481,1,1,21.010000000001128,0.7649999999999864,5.0,2023,11
QQQ,2023-12-08,short,390.4,388.4801,2023-12-08T16:35:00+00:00,2023-12-08T16:40:00+00:00,390.32,0.410000000000025,391.08,388.8,2,2,2023-12-08T16:45:00+00:00,390.3,2023-12-08T17:28:00+00:00,391.10999999999996,STOP_LOSS,-1.6199999999998909,0.46884599999999993,0.09999999999990905,-2.088845999999891,-1.0657894736841516,-1.3742407894736288,4.314896779250223,1.5199999999999818,0.005,0.0017613399320575455,,HYP-FCR-03,severe,862.9793558500445,860.8905098500446,41.0000000000025,0.686871428571432,0.5969093820844327,1,1,72.00000000000273,0.7599999999999909,5.0,2023,11
QQQ,2023-12-11,short,393.81,391.53,2023-12-11T16:05:00+00:00,2023-12-11T16:10:00+00:00,393.1393,0.29000000000002046,394.24,390.93789999999996,2,2,2023-12-11T16:15:00+00:00,393.1,2023-12-11T17:13:00+00:00,394.27,STOP_LOSS,-2.339999999999918,0.47242199999999995,0.13859999999988304,-2.812421999999918,-1.0629599345870269,-1.2775606432269797,4.3044525492502235,2.201400000000035,0.005,0.0025571196044238994,,HYP-FCR-03,severe,860.8905098500446,858.0780878500447,29.000000000002046,0.5146214285714328,0.563521034880044,1,1,42.00000000000159,1.1007000000000176,5.0,2023,11
SPY,2023-12-11,short,460.42,459.47,2023-12-11T16:10:00+00:00,2023-12-11T16:15:00+00:00,460.34,0.10500000000001819,460.96999999999997,459.08,1,1,2023-12-11T16:20:00+00:00,460.31,2023-12-11T17:50:00+00:00,460.99999999999994,STOP_LOSS,-0.6899999999999409,0.27639299999999994,0.05999999999994543,-0.9663929999999408,-1.0952380952380094,-1.53395714285706,4.220962737600159,0.6299999999999955,0.005,0.0007462752447302863,,HYP-FCR-03,severe,844.1925475200317,843.2261545200317,10.500000000001819,0.38606428571428963,0.27197542970272154,1,1,20.999999999997954,0.6299999999999955,5.0,2023,11
SPY,2023-12-13,long,464.855,464.3,2023-12-13T15:05:00+00:00,2023-12-13T15:10:00+00:00,464.64,0.06839999999999691,464.41,465.0999999999999,1,1,2023-12-13T15:15:00+00:00,464.66999999999996,2023-12-13T15:44:00+00:00,465.06999999999994,TAKE_PROFIT,0.39999999999997726,0.27892199999999995,0.05999999999994543,0.12107799999997731,1.739130434782802,0.5264260869565116,4.216130772600159,0.22999999999996135,0.005,0.0002727619379060632,,HYP-FCR-03,severe,843.2261545200317,843.3472325200318,6.839999999999691,0.2692888888888787,0.2540023106123104,1,1,6.000000000000227,0.22999999999996135,5.0,2023,10
SPY,2023-12-14,long,473.73,472.255,2023-12-14T16:40:00+00:00,2023-12-14T16:45:00+00:00,472.4901,0.27499999999997726,471.83,473.8103,1,1,2023-12-14T16:50:00+00:00,472.515,2023-12-14T18:00:00+00:00,471.8,STOP_LOSS,-0.714999999999975,0.2832945,0.05489999999997508,-0.998294499999975,-1.0831692167852978,-1.5123382820784352,4.216736162600159,0.6600999999999999,0.005,0.0007827143726167629,,HYP-FCR-03,severe,843.3472325200318,842.3489380200318,27.499999999997726,0.5091357142857232,0.5401310343859501,1,1,42.50000000000114,0.6600999999999999,5.0,2023,11
QQQ,2023-12-15,short,405.57,403.8,2023-12-15T17:35:00+00:00,2023-12-15T17:40:00+00:00,405.39,0.1349999999999909,406.01,404.15,2,2,2023-12-15T17:45:00+00:00,405.36,2023-12-15T18:41:00+00:00,404.17999999999995,TAKE_PROFIT,2.3600000000001273,0.48572399999999993,0.11999999999989086,1.8742760000001275,1.9032258064517016,1.5115129032258983,4.290390439250223,1.240000000000009,0.005,0.001445089925448263,,HYP-FCR-03,severe,858.0780878500447,859.9523638500448,13.49999999999909,0.3523142857142797,0.3831806017354442,1,1,18.000000000000682,0.6200000000000045,5.0,2023,12
SPY,2023-12-15,short,469.82,468.81,2023-12-15T17:50:00+00:00,2023-12-15T18:00:00+00:00,469.455,0.0049999999999954525,469.84,468.685,1,1,2023-12-15T18:05:00+00:00,469.42,2023-12-15T18:30:00+00:00,469.86999999999995,STOP_LOSS,-0.4499999999999318,0.28178699999999995,0.06499999999994088,-0.7317869999999318,-1.1688311688310193,-1.9007454545453224,4.21174469010016,0.3849999999999909,0.005,0.0004570552447124178,,HYP-FCR-03,severe,842.3489380200318,841.6171510200319,0.49999999999954525,0.30784999999999385,0.0162416761409633,2,2,10.000000000002274,0.3849999999999909,10.0,2023,13
SPY,2023-12-18,short,471.43,470.8,2023-12-18T15:45:00+00:00,2023-12-18T15:50:00+00:00,471.15,0.029999999999972715,471.45,470.54999999999995,1,1,2023-12-18T15:55:00+00:00,471.13000000000005,2023-12-18T16:10:00+00:00,471.47999999999996,STOP_LOSS,-0.34999999999990905,0.282783,0.04999999999989768,-0.6327829999999091,-1.1666666666663192,-2.1092766666662834,4.20808575510016,0.30000000000001137,0.005,0.0003564566140749559,,HYP-FCR-03,severe,841.6171510200319,840.984368020032,2.9999999999972715,0.319814285714289,0.09380444007674403,1,1,4.000000000002046,0.30000000000001137,5.0,2023,10
QQQ,2023-12-19,short,408.5286,407.345,2023-12-19T15:35:00+00:00,2023-12-19T15:40:00+00:00,408.0307,0.2300000000000182,408.61,406.87210000000005,2,2,2023-12-19T15:45:00+00:00,408.0,2023-12-19T15:55:00+00:00,408.64,STOP_LOSS,-1.2799999999999727,0.489984,0.12139999999999418,-1.7699839999999727,-1.1047816330053482,-1.5276920421198046,4.299761819250224,1.1585999999999785,0.005,0.0013472839295573015,,HYP-FCR-03,severe,859.9523638500448,858.1823798500448,23.00000000000182,0.5141928571428593,0.44730298526126117,1,1,34.140000000002146,0.5792999999999893,5.0,2023,10
QQQ,2023-12-20,short,409.28,407.97,2023-12-20T19:20:00+00:00,2023-12-20T19:25:00+00:00,408.9233,0.047000000000025466,409.5799,407.61009999999993,2,2,2023-12-20T19:30:00+00:00,408.90000000000003,2023-12-20T19:44:00+00:00,407.6400999999999,TAKE_PROFIT,2.5198000000002594,0.48992405999999994,0.10659999999984393,2.0298759400002595,1.918824246116479,1.5457477459641942,4.290911899250224,1.3132000000000517,0.005,0.001530210862904823,,HYP-FCR-03,severe,858.1823798500448,860.212255790045,4.700000000002547,0.2577642857142775,0.18233712971440616,1,1,4.000000000002046,0.6566000000000258,5.0,2023,14
SPY,2023-12-20,short,474.66,473.77,2023-12-20T19:25:00+00:00,2023-12-20T19:30:00+00:00,474.23,0.1150000000000091,474.8899,472.91020000000003,1,1,2023-12-20T19:35:00+00:00,474.1997,2023-12-20T19:48:00+00:00,472.9402,TAKE_PROFIT,1.2595000000000027,0.28414196999999997,0.06029999999998381,0.9753580300000028,1.9086225185634422,1.4780391422943062,4.20492184010016,0.6598999999999933,0.005,0.0007846757027762907,,HYP-FCR-03,severe,840.984368020032,841.959726050032,11.50000000000091,0.23958571428571776,0.4799952298611007,1,1,13.999999999998636,0.6598999999999933,5.0,2023,14
QQQ,2023-12-21,long,407.92,406.135,2023-12-21T15:15:00+00:00,2023-12-21T15:20:00+00:00,407.12,0.07999999999998408,405.27,410.82000000000005,2,2,2023-12-21T15:25:00+00:00,407.15,2023-12-21T17:04:00+00:00,405.24,STOP_LOSS,-3.8199999999999363,0.4874339999999999,0.11999999999989086,-4.307433999999937,-1.0324324324324026,-1.1641713513513199,4.301061278950225,3.7000000000000455,0.005,0.004301263990480877,,HYP-FCR-03,severe,860.212255790045,855.904821790045,7.999999999998408,0.8688000000000009,0.09208103130753223,1,1,31.499999999999773,1.8500000000000227,5.0,2023,10
SPY,2023-12-21,short,472.3,470.98,2023-12-21T15:25:00+00:00,2023-12-21T15:55:00+00:00,471.17,0.2400000000000091,471.59,470.3300000000001,1,1,2023-12-21T16:00:00+00:00,471.13000000000005,2023-12-21T16:04:00+00:00,471.61999999999995,STOP_LOSS,-0.4899999999998954,0.282825,0.06999999999993634,-0.7728249999998954,-1.1666666666665313,-1.8400595238094541,4.209798630250161,0.4199999999999591,0.005,0.0004988362115256345,,HYP-FCR-03,severe,841.959726050032,841.1869010500321,24.00000000000091,0.6631142857142801,0.36192856219571673,6,6,7.999999999998408,0.4199999999999591,30.0,2023,11
QQQ,2023-12-22,long,409.97,408.77,2023-12-22T17:35:00+00:00,2023-12-22T17:40:00+00:00,409.04,0.08999999999997499,408.695,409.7300000000001,2,2,2023-12-22T17:45:00+00:00,409.07,2023-12-22T19:04:00+00:00,408.665,STOP_LOSS,-0.8099999999999454,0.49064099999999994,0.11999999999989086,-1.3006409999999453,-1.173913043478089,-1.8849869565215107,4.279524108950225,0.6900000000000546,0.005,0.0008061644033702064,,HYP-FCR-03,severe,855.904821790045,854.6041807900451,8.999999999997499,0.3181142857142853,0.28291719058731174,1,1,6.999999999999318,0.3450000000000273,5.0,2023,12
SPY,2023-12-22,long,475.38,473.77,2023-12-22T17:20:00+00:00,2023-12-22T17:40:00+00:00,474.3801,0.05500000000000682,474.0,475.1403000000001,1,1,2023-12-22T17:45:00+00:00,474.40999999999997,2023-12-22T19:03:00+00:00,473.97,STOP_LOSS,-0.4399999999999409,0.284514,0.05989999999991369,-0.7245139999999408,-1.1575901078661126,-1.9061141804785293,4.205934505250161,0.3801000000000272,0.005,0.000451861529852115,,HYP-FCR-03,severe,841.1869010500321,840.4623870500322,5.500000000000682,0.2857428571428581,0.19248075192483077,4,4,10.899999999998045,0.3801000000000272,20.0,2023,12
QQQ,2023-12-26,short,410.24,409.15,2023-12-26T15:40:00+00:00,2023-12-26T15:50:00+00:00,409.775,0.11000000000001364,410.36,408.6049999999999,2,2,2023-12-26T15:55:00+00:00,409.75,2023-12-26T18:22:00+00:00,410.39,STOP_LOSS,-1.2799999999999727,0.49208399999999997,0.10999999999989996,-1.7720839999999727,-1.0940170940170026,-1.5146017094015918,4.273020903950226,1.1700000000000728,0.005,0.0013690548517074391,,HYP-FCR-03,severe,854.6041807900451,852.8320967900452,11.000000000001364,0.274942857142865,0.4000831341577853,2,2,17.500000000001137,0.5850000000000364,10.0,2023,10
SPY,2023-12-27,long,476.14,475.27,2023-12-27T16:25:00+00:00,2023-12-27T16:35:00+00:00,475.73,0.125,475.3487,476.49260000000004,1,1,2023-12-27T16:40:00+00:00,475.755,2023-12-27T17:43:00+00:00,475.31870000000004,STOP_LOSS,-0.43629999999996016,0.28532210999999996,0.05499999999994998,-0.7216221099999601,-1.1442433779175152,-1.8925311041173376,4.202311935250162,0.3813000000000102,0.005,0.00045367883902377613,,HYP-FCR-03,severe,840.4623870500322,839.7407649400322,12.5,0.22881428571429296,0.5462945620278281,2,2,6.999999999999318,0.3813000000000102,10.0,2023,11
QQQ,2023-12-27,long,411.655,410.94,2023-12-27T18:05:00+00:00,2023-12-27T18:10:00+00:00,411.32,0.10000000000002274,410.57,412.82,2,2,2023-12-27T18:15:00+00:00,411.36999999999995,2023-12-27T19:00:00+00:00,410.54,STOP_LOSS,-1.6599999999998545,0.4931459999999999,0.15999999999985448,-2.1531459999998543,-1.1066666666665697,-1.4354306666665695,4.264160483950226,1.5,0.005,0.001758845622304572,,HYP-FCR-03,severe,852.8320967900452,850.6789507900453,10.000000000002274,0.2876071428571346,0.3476965106172503,1,1,6.999999999999318,0.75,5.0,2023,13
QQQ,2023-12-28,long,412.92,411.84,2023-12-28T15:20:00+00:00,2023-12-28T15:30:00+00:00,412.2,0.1349999999999909,411.76,413.08,2,2,2023-12-28T15:35:00+00:00,412.22999999999996,2023-12-28T16:08:00+00:00,411.73,STOP_LOSS,-0.9999999999998863,0.494376,0.11999999999989086,-1.4943759999998862,-1.136363636363513,-1.698154545454425,4.253394753950227,0.8799999999999955,0.005,0.0010344678203013241,,HYP-FCR-03,severe,850.6789507900453,849.1845747900454,13.49999999999909,0.3342153846153818,0.4039311360706814,2,2,11.99999999999477,0.4399999999999977,10.0,2023,10
SPY,2023-12-28,short,477.385,476.8,2023-12-28T15:50:00+00:00,2023-12-28T16:00:00+00:00,476.985,0.08500000000003638,477.48,475.995,1,1,2023-12-28T16:05:00+00:00,476.95000000000005,2023-12-28T18:37:00+00:00,477.51,STOP_LOSS,-0.5599999999999454,0.286338,0.06499999999994088,-0.8463379999999454,-1.1313131313130107,-1.7097737373736115,4.198703824700162,0.49500000000000455,0.005,0.0005894676317581815,,HYP-FCR-03,severe,839.7407649400322,838.8944269400323,8.500000000003638,0.2399928571428518,0.3541772076551492,2,2,11.000000000001364,0.49500000000000455,10.0,2023,11
SPY,2023-12-29,short,476.93,476.41,2023-12-29T15:05:00+00:00,2023-12-29T15:15:00+00:00,476.6699,0.014999999999986358,476.835,476.3397,1,1,2023-12-29T15:20:00+00:00,476.63000000000005,2023-12-29T15:34:00+00:00,476.36969999999997,TAKE_PROFIT,0.26030000000008613,0.28589991,0.0698999999999046,-0.02559990999991385,1.5766202301641032,-0.15505699575962792,4.1944721347001614,0.16509999999999536,0.005,0.00019680664777118302,,HYP-FCR-03,severe,838.8944269400323,838.8688270300324,1.4999999999986358,0.23999999999999205,0.062499999999945224,2,2,9.99999999999659,0.16509999999999536,10.0,2023,10
SPY,2024-01-02,long,472.8,471.36,2024-01-02T15:35:00+00:00,2024-01-02T15:45:00+00:00,471.67,0.009999999999990905,471.5,472.01000000000005,1,1,2024-01-02T15:50:00+00:00,471.6998,2024-01-02T15:58:00+00:00,471.47,STOP_LOSS,-0.2297999999999547,0.28295094,0.05979999999993879,-0.5127509399999547,-1.35176470588196,-3.0161819999994512,4.194344135150162,0.17000000000001592,0.005,0.00020265385304862416,,HYP-FCR-03,severe,838.8688270300324,838.3560760900325,0.9999999999990905,0.5196500000000006,0.019243721735766176,2,2,6.000000000000227,0.17000000000001592,10.0,2024,10
QQQ,2024-01-02,long,406.09,402.5,2024-01-02T16:00:00+00:00,2024-01-02T16:05:00+00:00,402.97,0.12000000000000455,402.07,404.7700000000001,2,2,2024-01-02T16:10:00+00:00,402.98999999999995,2024-01-02T18:56:00+00:00,402.04,STOP_LOSS,-1.8999999999998636,0.48301799999999995,0.09999999999979536,-2.3830179999998635,-1.0555555555554397,-1.3238988888887628,4.245922873950227,1.8000000000000682,0.005,0.002119680518743649,,HYP-FCR-03,severe,849.1845747900454,846.8015567900455,12.000000000000455,0.5853999999999928,0.2049880423642057,1,1,18.000000000000682,0.9000000000000341,5.0,2024,11
QQQ,2024-01-03,long,400.76,399.26,2024-01-03T15:55:00+00:00,2024-01-03T16:00:00+00:00,399.9399,0.2599999999999909,398.81,402.19970000000006,2,2,2024-01-03T16:05:00+00:00,399.96999999999997,2024-01-03T16:41:00+00:00,398.78000000000003,STOP_LOSS,-2.3799999999998818,0.47924999999999995,0.12019999999984066,-2.8592499999998817,-1.0531905478360202,-1.2652668377731788,4.2340077839502275,2.259800000000041,0.005,0.0026686299545388434,,HYP-FCR-03,severe,846.8015567900455,843.9423067900457,25.99999999999909,0.7152714285714329,0.3634983722462852,1,1,28.999999999996362,1.1299000000000206,5.0,2024,11
SPY,2024-01-03,long,470.53,469.65,2024-01-03T17:35:00+00:00,2024-01-03T18:00:00+00:00,470.445,0.36000000000001364,469.83,471.675,1,1,2024-01-03T18:05:00+00:00,470.46999999999997,2024-01-03T19:00:00+00:00,469.8,STOP_LOSS,-0.6699999999999591,0.28208099999999997,0.05499999999994998,-0.9520809999999591,-1.0894308943088604,-1.5480991869917806,4.1917803804501625,0.6150000000000091,0.005,0.000733578508631174,,HYP-FCR-03,severe,838.3560760900325,837.4039950900326,36.000000000001364,0.31575714285713324,1.1401167262363354,5,5,0.9999999999990905,0.6150000000000091,25.0,2024,13
QQQ,2024-01-04,short,397.56,396.1928,2024-01-04T20:10:00+00:00,2024-01-04T20:20:00+00:00,397.2401,0.05000000000001137,397.82,396.08029999999997,2,2,2024-01-04T20:25:00+00:00,397.20000000000005,2024-01-04T20:55:00+00:00,396.11029999999994,TAKE_PROFIT,2.1794000000002143,0.4759861799999999,0.14019999999982247,1.7034138200002142,1.8791170891534572,1.4687134161063866,4.219711533950228,1.1598000000000184,0.005,0.001374264556556413,,HYP-FCR-03,severe,843.9423067900457,845.6457206100459,5.000000000001137,0.3675500000000064,0.13603591348118757,2,2,28.989999999998872,0.5799000000000092,10.0,2024,15
SPY,2024-01-04,short,469.26,468.11,2024-01-04T19:00:00+00:00,2024-01-04T20:20:00+00:00,468.23,0.13999999999998636,468.995,466.70000000000005,1,1,2024-01-04T20:25:00+00:00,468.20000000000005,2024-01-04T20:59:00+00:00,467.29999999999995,FORCED_SESSION_CLOSE,0.900000000000091,0.28064999999999996,0.05999999999994543,0.619350000000091,1.176470588235434,0.8096078431373883,4.187019975450163,0.7649999999999864,0.005,0.0009135375571234745,,HYP-FCR-03,severe,837.4039950900326,838.0233450900326,13.999999999998636,0.371600000000013,0.37674919268025153,16,16,6.999999999999318,0.7649999999999864,80.0,2024,15
SPY,2024-01-05,short,468.59,467.13,2024-01-05T17:00:00+00:00,2024-01-05T17:05:00+00:00,467.58,0.03000000000002956,468.95,464.84,1,1,2024-01-05T17:10:00+00:00,467.555,2024-01-05T19:10:00+00:00,468.97999999999996,STOP_LOSS,-1.4249999999999545,0.28096049999999995,0.05499999999994998,-1.7059604999999545,-1.0401459854014232,-1.245226642335729,4.190116725450164,1.3700000000000045,0.005,0.0016347993263276207,,HYP-FCR-03,severe,838.0233450900326,836.3173845900327,3.000000000002956,0.49257857142856665,0.06090398921135394,1,1,25.0,1.3700000000000045,5.0,2024,12
QQQ,2024-01-05,short,397.57,396.16,2024-01-05T17:05:00+00:00,2024-01-05T17:10:00+00:00,397.0457,0.6213000000000193,398.06,395.0171,2,2,2024-01-05T17:15:00+00:00,397.02000000000004,2024-01-05T20:59:00+00:00,396.79999999999995,FORCED_SESSION_CLOSE,0.44000000000016826,0.47629199999999994,0.11139999999988959,-0.03629199999983168,0.21689835354440104,-0.017890170560895192,4.22822860305023,2.028599999999983,0.005,0.0023988769180272773,,HYP-FCR-03,severe,845.6457206100459,845.6094286100462,62.13000000000193,0.5236785714285678,1.1864147855146057,1,1,30.169999999998254,1.0142999999999915,5.0,2024,12
QQQ,2024-01-10,long,406.9,405.4591,2024-01-10T15:05:00+00:00,2024-01-10T15:15:00+00:00,406.23,0.29000000000002046,405.46000000000004,407.77,2,2,2024-01-10T15:20:00+00:00,406.265,2024-01-10T17:56:00+00:00,407.74,TAKE_PROFIT,2.9500000000000455,0.488403,0.12999999999988177,2.4615970000000456,1.9155844155844903,1.5984396103896776,4.228047143050231,1.5399999999999636,0.005,0.0018211717465488864,,HYP-FCR-03,severe,845.6094286100462,848.0710256100463,29.000000000002046,0.6360099999999932,0.4559676734642908,2,2,28.909999999996217,0.7699999999999818,10.0,2024,10
SPY,2024-01-10,long,475.34,474.14,2024-01-10T15:05:00+00:00,2024-01-10T15:30:00+00:00,474.8499,0.18000000000000682,474.3,475.94969999999995,1,1,2024-01-10T15:35:00+00:00,474.85999999999996,2024-01-10T19:05:00+00:00,475.9197,TAKE_PROFIT,1.0597000000000207,0.28523391,0.04009999999993852,0.7744660900000208,1.9270776504820148,1.4083762320422795,4.181586922950164,0.5498999999999796,0.005,0.0006575254922741366,,HYP-FCR-03,severe,836.3173845900327,837.0918506800327,18.000000000000682,0.4732538461538437,0.3803455618224243,5,5,26.99999999999818,0.5498999999999796,25.0,2024,10
QQQ,2024-01-11,long,411.2004,408.4295,2024-01-11T18:55:00+00:00,2024-01-11T19:00:00+00:00,408.56,0.2599999999999909,407.69,410.3,2,2,2024-01-11T19:05:00+00:00,408.6201,2024-01-11T20:59:00+00:00,409.31,FORCED_SESSION_CLOSE,1.3798000000000457,0.49075806,0.18019999999989977,0.8890419400000457,0.7929885057471485,0.5109436436781845,4.240355128050231,1.740000000000009,0.005,0.002051714947752599,,HYP-FCR-03,severe,848.0710256100463,848.9600675500463,25.99999999999909,0.47463571428570667,0.5477885295489671,1,1,48.45000000000255,0.8700000000000045,5.0,2024,14
SPY,2024-01-11,long,478.12,475.72,2024-01-11T19:25:00+00:00,2024-01-11T19:30:00+00:00,476.08,0.060000000000002274,475.53000000000003,477.1799999999999,1,1,2024-01-11T19:35:00+00:00,476.10999999999996,2024-01-11T20:18:00+00:00,475.50000000000006,STOP_LOSS,-0.6099999999999,0.285483,0.05999999999994543,-0.8954829999998999,-1.109090909090819,-1.6281509090908617,4.185459253400164,0.5499999999999545,0.005,0.0006570366197606011,,HYP-FCR-03,severe,837.0918506800327,836.1963676800328,6.000000000000227,0.44313571428571663,0.1353987008172323,1,1,19.000000000005457,0.5499999999999545,5.0,2024,14
QQQ,2024-01-16,short,409.02,406.83,2024-01-16T17:00:00+00:00,2024-01-16T17:05:00+00:00,408.434,0.08999999999997499,409.28,406.74200000000013,2,2,2024-01-16T17:10:00+00:00,408.40000000000003,2024-01-16T20:56:00+00:00,409.30999999999995,STOP_LOSS,-1.8199999999998226,0.490626,0.12799999999992906,-2.3106259999998224,-1.0756501182032725,-1.3656182033096735,4.244800337750232,1.6919999999998936,0.005,0.0019930266035747906,,HYP-FCR-03,severe,848.9600675500463,846.6494415500465,8.999999999997499,0.8402357142857154,0.10711279997956764,1,1,35.000000000002274,0.8459999999999468,5.0,2024,12
SPY,2024-01-16,short,475.61,473.47,2024-01-16T16:50:00+00:00,2024-01-16T17:05:00+00:00,474.65,0.060000000000002274,475.33,473.28999999999996,1,1,2024-01-16T17:10:00+00:00,474.61,2024-01-16T19:13:00+00:00,473.31999999999994,TAKE_PROFIT,1.2900000000000773,0.28437899999999994,0.06999999999993634,1.0056210000000774,1.8970588235295065,1.4788544117648048,4.1809818384001645,0.6800000000000068,0.005,0.0008132061155522814,,HYP-FCR-03,severe,836.1963676800328,837.201988680033,6.000000000000227,0.7195285714285669,0.08338793257490393,3,3,26.400000000001,0.6800000000000068,15.0,2024,12
SPY,2024-01-17,short,471.94,471.05,2024-01-17T15:15:00+00:00,2024-01-17T15:20:00+00:00,471.53,0.1150000000000091,472.12,470.3499999999999,1,1,2024-01-17T15:25:00+00:00,471.51000000000005,2024-01-17T15:37:00+00:00,472.15,STOP_LOSS,-0.6399999999999295,0.283098,0.04999999999989768,-0.9230979999999296,-1.0847457627116863,-1.5645728813557285,4.1860099434001645,0.5900000000000318,0.005,0.0007047283785484672,,HYP-FCR-03,severe,837.201988680033,836.278890680033,11.50000000000091,0.5632999999999956,0.20415409195812179,1,1,31.999999999999318,0.5900000000000318,5.0,2024,10
QQQ,2024-01-17,long,406.61,403.27,2024-01-17T15:00:00+00:00,2024-01-17T15:30:00+00:00,404.38,0.08699999999998909,403.92,405.29999999999995,2,2,2024-01-17T15:35:00+00:00,404.4,2024-01-17T15:35:00+00:00,403.89000000000004,STOP_LOSS,-1.0199999999998681,0.48497399999999996,0.09999999999990905,-1.5049739999998681,-1.108695652173819,-1.6358413043477555,4.2332472077502326,0.9199999999999591,0.005,0.001086636280436945,,HYP-FCR-03,severe,846.6494415500465,845.1444675500467,8.699999999998909,0.7896307692307687,0.11017807738766501,6,6,34.99999999999659,0.45999999999997954,30.0,2024,10
QQQ,2024-01-18,long,411.86,410.49,2024-01-18T15:10:00+00:00,2024-01-18T15:15:00+00:00,410.95,0.060000000000002274,410.33,412.19,2,2,2024-01-18T15:20:00+00:00,410.97999999999996,2024-01-18T15:40:00+00:00,412.16,TAKE_PROFIT,2.3600000000001273,0.49388399999999993,0.11999999999989086,1.8661160000001273,1.9032258064517016,1.5049322580646078,4.225722337750233,1.240000000000009,0.005,0.001467204776947298,,HYP-FCR-03,severe,845.1444675500467,847.0105835500468,6.000000000000227,0.7554099999999891,0.07942706609656099,1,1,3.000000000002956,0.6200000000000045,5.0,2024,10
SPY,2024-01-18,short,474.47,473.39,2024-01-18T15:55:00+00:00,2024-01-18T16:00:00+00:00,473.7,0.06999999999999318,474.84,471.42,1,1,2024-01-18T16:05:00+00:00,473.67,2024-01-18T16:31:00+00:00,474.86999999999995,STOP_LOSS,-1.1999999999999318,0.284562,0.05999999999994543,-1.4845619999999318,-1.0526315789473213,-1.3022473684210083,4.181394453400165,1.1399999999999864,0.005,0.001363181604491987,,HYP-FCR-03,severe,836.278890680033,834.794328680033,6.999999999999318,0.5460214285714277,0.12820009680414246,1,1,18.999999999999773,1.1399999999999864,5.0,2024,11
QQQ,2024-01-19,short,415.75,414.625,2024-01-19T15:05:00+00:00,2024-01-19T15:10:00+00:00,415.2399,0.009999999999990905,415.86,413.9996999999999,2,2,2024-01-19T15:15:00+00:00,415.208,2024-01-19T15:21:00+00:00,415.89,STOP_LOSS,-1.363999999999919,0.49865879999999996,0.12379999999984648,-1.862658799999919,-1.0998226092564418,-1.5019019512980245,4.2350529177502345,1.2402000000000726,0.005,0.001464208386632035,,HYP-FCR-03,severe,847.0105835500468,845.1479247500469,0.9999999999990905,0.7399222222222256,0.013514934002059937,1,1,17.500000000001137,0.6201000000000363,5.0,2024,10
SPY,2024-01-19,short,477.97,476.94,2024-01-19T15:05:00+00:00,2024-01-19T15:10:00+00:00,477.3491,0.029999999999972715,477.96999999999997,476.1073000000001,1,1,2024-01-19T15:15:00+00:00,477.32000000000005,2024-01-19T15:20:00+00:00,477.99999999999994,STOP_LOSS,-0.6799999999998931,0.28659599999999996,0.059099999999943975,-0.9665959999998931,-1.0951844097277321,-1.5567659848606414,4.173971643400165,0.6208999999999492,0.005,0.0007437760160418302,,HYP-FCR-03,severe,834.794328680033,833.8277326800331,2.9999999999972715,0.588766666666667,0.050953971578960595,1,1,5.999999999994543,0.6208999999999492,5.0,2024,10
SPY,2024-01-22,short,485.2,483.9,2024-01-22T15:00:00+00:00,2024-01-22T15:30:00+00:00,483.98,0.015000000000043201,484.69,482.56000000000006,1,1,2024-01-22T15:35:00+00:00,483.96000000000004,2024-01-22T20:59:00+00:00,483.54999999999995,FORCED_SESSION_CLOSE,0.41000000000008185,0.290253,0.049999999999954525,0.11974700000008187,0.5774647887325263,0.16865774647899343,4.169138663400166,0.7099999999999795,0.005,0.0008514948258172526,,HYP-FCR-03,severe,833.8277326800331,833.9474796800332,1.50000000000432,0.5961461538461558,0.025161614988652884,6,6,2.0000000000038654,0.7099999999999795,30.0,2024,10
SPY,2024-01-23,long,484.3737,483.54,2024-01-23T17:50:00+00:00,2024-01-23T17:55:00+00:00,483.91,0.18000000000000682,483.27,485.1900000000001,1,1,2024-01-23T18:00:00+00:00,483.94,2024-01-23T20:59:00+00:00,484.85,FORCED_SESSION_CLOSE,0.910000000000025,0.290637,0.05999999999994543,0.619363000000025,1.4218749999999432,0.9677546874999737,4.169737398400166,0.6400000000000432,0.005,0.0007674344195459368,,HYP-FCR-03,severe,833.9474796800332,834.5668426800332,18.000000000000682,0.25127857142857124,0.7163364507234706,1,1,14.500000000003865,0.6400000000000432,5.0,2024,13
QQQ,2024-01-23,short,422.44,420.57,2024-01-23T18:20:00+00:00,2024-01-23T18:35:00+00:00,421.85,0.07000000000005002,422.27,421.0100000000001,2,2,2024-01-23T18:40:00+00:00,421.82000000000005,2024-01-23T18:48:00+00:00,422.29999999999995,STOP_LOSS,-0.959999999999809,0.5064719999999999,0.11999999999989086,-1.466471999999809,-1.1428571428570269,-1.7457999999999427,4.2257396237502345,0.8399999999999181,0.005,0.0009939088476710735,,HYP-FCR-03,severe,845.1479247500469,843.681452750047,7.000000000005002,0.2778642857142789,0.25192154443349124,3,3,6.999999999999318,0.4199999999999591,15.0,2024,13
SPY,2024-01-24,long,487.83,486.95,2024-01-24T15:10:00+00:00,2024-01-24T15:15:00+00:00,487.32,0.060000000000002274,486.5435,488.873,1,1,2024-01-24T15:20:00+00:00,487.34,2024-01-24T19:20:00+00:00,486.5135,STOP_LOSS,-0.8264999999999532,0.29215604999999994,0.049999999999954525,-1.1186560499999532,-1.064391500321899,-1.4406388280746363,4.172834213400166,0.7764999999999986,0.005,0.0009304227777686861,,HYP-FCR-03,severe,834.5668426800332,833.4481866300333,6.000000000000227,0.46251000000000886,0.1297269248232495,1,1,25.0,0.7764999999999986,5.0,2024,10
QQQ,2024-01-24,short,427.54,426.12,2024-01-24T19:10:00+00:00,2024-01-24T19:15:00+00:00,427.0,0.4200000000000159,427.87,425.26,1,1,2024-01-24T19:20:00+00:00,426.96000000000004,2024-01-24T20:59:00+00:00,425.82,FORCED_SESSION_CLOSE,1.1400000000000432,0.25583399999999995,0.06999999999993634,0.8841660000000433,1.3103448275862497,1.0162827586207341,4.218407263750235,0.8700000000000045,0.005,0.0010311948866058038,,HYP-FCR-03,severe,843.681452750047,844.5656187500471,42.00000000000159,0.4896428571428625,0.8577680525164345,1,1,10.99999999999568,0.8700000000000045,5.0,2024,14
QQQ,2024-01-25,long,428.45,426.85,2024-01-25T15:00:00+00:00,2024-01-25T15:10:00+00:00,427.96,0.14999999999997726,427.05,429.7799999999999,1,1,2024-01-25T15:15:00+00:00,427.9915,2024-01-25T17:20:00+00:00,427.02000000000004,STOP_LOSS,-0.971499999999935,0.25650345,0.0614999999999668,-1.228003449999935,-1.0675824175823834,-1.3494543406593165,4.222828093750236,0.9099999999999682,0.005,0.0010774769654331461,,HYP-FCR-03,severe,844.5656187500471,843.3376153000471,14.999999999997726,0.7438555555555568,0.2016520531166136,2,2,26.000000000004775,0.9099999999999682,10.0,2024,10
SPY,2024-01-25,short,487.7,486.77,2024-01-25T15:30:00+00:00,2024-01-25T15:35:00+00:00,487.2914,0.3900000000000432,488.12,485.6342,1,1,2024-01-25T15:40:00+00:00,487.27000000000004,2024-01-25T19:01:00+00:00,485.6642,TAKE_PROFIT,1.6058000000000447,0.29188026,0.05139999999994416,1.3139197400000446,1.9379676562877812,1.5857105237751068,4.1672409331501665,0.8285999999999945,0.005,0.0009941829777689697,,HYP-FCR-03,severe,833.4481866300333,834.7621063700334,39.00000000000432,0.5246500000000042,0.7433527113314402,1,1,47.01000000000022,0.8285999999999945,5.0,2024,10
SPY,2024-01-26,long,488.35,487.235,2024-01-26T15:15:00+00:00,2024-01-26T15:25:00+00:00,488.14,0.19999999999998863,487.44,489.53999999999996,1,1,2024-01-26T15:30:00+00:00,488.1719,2024-01-26T17:37:00+00:00,487.41,STOP_LOSS,-0.7618999999999687,0.29267456999999997,0.06189999999998008,-1.0545745699999687,-1.0884285714285444,-1.5065350999999798,4.173810531850167,0.6999999999999886,0.005,0.0008385622618208458,,HYP-FCR-03,severe,834.7621063700334,833.7075318000334,19.999999999998863,0.4737666666666674,0.4221487370716703,2,2,8.500000000003638,0.6999999999999886,10.0,2024,10
QQQ,2024-01-26,short,424.76,423.48,2024-01-26T17:35:00+00:00,2024-01-26T17:40:00+00:00,424.23,0.2300000000000182,425.40999999999997,421.8700000000001,1,1,2024-01-26T17:45:00+00:00,424.19000000000005,2024-01-26T20:59:00+00:00,423.79999999999995,FORCED_SESSION_CLOSE,0.39000000000010004,0.254397,0.06999999999993634,0.13560300000010006,0.33050847457637,0.11491779661025917,4.216688076500236,1.17999999999995,0.005,0.0013992023818125596,,HYP-FCR-03,severe,843.3376153000471,843.4732183000472,23.00000000000182,0.5132214285714147,0.44814964301127913,1,1,9.000000000003183,1.17999999999995,5.0,2024,12
QQQ,2024-01-29,long,425.12,423.85,2024-01-29T15:05:00+00:00,2024-01-29T15:15:00+00:00,424.72,0.150100000000009,423.855,426.45000000000005,1,1,2024-01-29T15:20:00+00:00,424.73999999999995,2024-01-29T15:25:00+00:00,423.82500000000005,STOP_LOSS,-0.9149999999999068,0.2545695,0.04999999999989768,-1.169569499999907,-1.0578034682079736,-1.3521034682079707,4.217366091500236,0.8650000000000091,0.005,0.0010255215947974584,,HYP-FCR-03,severe,843.4732183000472,842.3036488000473,15.0100000000009,0.5195300000000088,0.28891498084808664,2,2,9.000000000003183,0.8650000000000091,10.0,2024,10
SPY,2024-01-29,short,488.15,487.4568,2024-01-29T15:20:00+00:00,2024-01-29T15:25:00+00:00,487.67,0.39440000000001874,488.25,486.51000000000005,1,1,2024-01-29T15:30:00+00:00,487.65000000000003,2024-01-29T17:24:00+00:00,488.28,STOP_LOSS,-0.6299999999999386,0.292779,0.049999999999954525,-0.9227789999999386,-1.086206896551648,-1.5909982758620067,4.168537659000167,0.5799999999999841,0.005,0.0006956876097157515,,HYP-FCR-03,severe,833.7075318000334,832.7847528000334,39.440000000001874,0.359366666666664,1.0974863185233883,1,1,10.500000000001819,0.5799999999999841,5.0,2024,10
SPY,2024-01-30,short,491.32,490.52,2024-01-30T15:00:00+00:00,2024-01-30T15:05:00+00:00,490.9346,0.09030000000001337,491.31,490.18379999999996,1,1,2024-01-30T15:10:00+00:00,490.9044,2024-01-30T16:48:00+00:00,491.34,STOP_LOSS,-0.43559999999996535,0.29467331999999996,0.06019999999995207,-0.7302733199999654,-1.1603622802342832,-1.9453205114542875,4.163923764000167,0.3754000000000133,0.005,0.0004507767448165007,,HYP-FCR-03,severe,832.7847528000334,832.0544794800335,9.030000000001337,0.3977874999999855,0.22700562486256268,1,1,3.9600000000007185,0.3754000000000133,5.0,2024,10
QQQ,2024-01-31,long,421.53,419.62,2024-01-31T17:00:00+00:00,2024-01-31T17:05:00+00:00,420.1,0.2300000000000182,419.17,421.96000000000004,2,2,2024-01-31T17:10:00+00:00,420.15999999999997,2024-01-31T19:01:00+00:00,419.14000000000004,STOP_LOSS,-2.03999999999985,0.5035799999999999,0.1799999999998363,-2.54357999999985,-1.0967741935482984,-1.3675161290321673,4.211518244000237,1.8600000000000136,0.005,0.0022082297787143447,,HYP-FCR-03,severe,842.3036488000473,839.7600688000474,23.00000000000182,0.4306357142857077,0.534094113354062,1,1,24.00000000000091,0.9300000000000068,5.0,2024,12
SPY,2024-01-31,long,489.0813,487.52,2024-01-31T19:35:00+00:00,2024-01-31T19:40:00+00:00,488.45,0.9700000000000273,486.14,493.07,1,1,2024-01-31T19:45:00+00:00,488.47999999999996,2024-01-31T20:00:00+00:00,486.11,STOP_LOSS,-2.3699999999999477,0.29237699999999994,0.05999999999994543,-2.662376999999948,-1.0259740259740022,-1.152544155844132,4.160272397400168,2.3100000000000023,0.005,0.002776260517753074,,HYP-FCR-03,severe,832.0544794800335,829.3921024800335,97.00000000000273,0.8327428571428551,1.1648253619708036,1,1,153.99999999999636,2.3100000000000023,5.0,2024,14
SPY,2024-02-01,long,485.75,484.56,2024-02-01T15:00:00+00:00,2024-02-01T15:10:00+00:00,485.74,0.2699999999999818,485.0,487.22,1,1,2024-02-01T15:15:00+00:00,485.77,2024-02-01T15:21:00+00:00,484.97,STOP_LOSS,-0.7999999999999545,0.291222,0.05999999999994543,-1.0912219999999544,-1.0810810810810063,-1.4746243243242445,4.146960512400168,0.7400000000000091,0.005,0.0008922197327262633,,HYP-FCR-03,severe,829.3921024800335,828.3008804800336,26.99999999999818,0.6688888888888869,0.4036544850498079,2,2,30.000000000001137,0.7400000000000091,10.0,2024,10
QQQ,2024-02-01,long,419.5699,418.3399,2024-02-01T16:30:00+00:00,2024-02-01T16:35:00+00:00,419.15,0.02010000000001355,418.175,421.0999999999999,2,2,2024-02-01T16:40:00+00:00,419.17999999999995,2024-02-01T17:52:00+00:00,421.06999999999994,TAKE_PROFIT,3.7799999999999727,0.5041499999999999,0.11999999999989086,3.2758499999999726,1.9384615384615922,1.6799230769231217,4.1988003440002375,1.9499999999999318,0.005,0.0023220918360482797,,HYP-FCR-03,severe,839.7600688000474,843.0359188000474,2.010000000001355,0.5797642857142762,0.03466926213857779,1,1,15.489999999999782,0.9749999999999659,5.0,2024,11
QQQ,2024-02-05,long,429.42,427.95,2024-02-05T17:20:00+00:00,2024-02-05T17:30:00+00:00,428.4,0.010000000000047748,428.01,429.17999999999995,1,1,2024-02-05T17:35:00+00:00,428.44,2024-02-05T18:29:00+00:00,427.98,STOP_LOSS,-0.45999999999997954,0.256926,0.06999999999999318,-0.7169259999999795,-1.1794871794871682,-1.8382717948718066,4.2151795940002375,0.38999999999998636,0.005,0.0004626137407705011,,HYP-FCR-03,severe,843.0359188000474,842.3189928000475,1.0000000000047748,0.3737357142857109,0.026756875561544588,2,2,24.00000000000091,0.38999999999998636,10.0,2024,12
SPY,2024-02-05,long,493.71,492.88,2024-02-05T17:30:00+00:00,2024-02-05T17:35:00+00:00,493.285,0.1449999999999818,492.625,494.6050000000001,1,1,2024-02-05T17:40:00+00:00,493.30999999999995,2024-02-05T18:29:00+00:00,492.595,STOP_LOSS,-0.7149999999999181,0.29577149999999996,0.054999999999893134,-1.010771499999918,-1.0833333333331683,-1.5314719696967873,4.141504402400168,0.660000000000025,0.005,0.0007968119019957199,,HYP-FCR-03,severe,828.3008804800336,827.2901089800337,14.499999999998181,0.3458499999999885,0.4192569032817309,1,1,12.999999999999545,0.660000000000025,5.0,2024,12
SPY,2024-02-06,long,494.32,492.98,2024-02-06T18:30:00+00:00,2024-02-06T18:35:00+00:00,493.33,0.06499999999999773,492.52,494.95,1,1,2024-02-06T18:40:00+00:00,493.35999999999996,2024-02-06T19:08:00+00:00,492.49,STOP_LOSS,-0.8699999999999477,0.29575499999999993,0.05999999999994543,-1.1657549999999477,-1.0740740740740065,-1.4392037037036352,4.1364505449001685,0.8100000000000023,0.005,0.0009791003073863068,,HYP-FCR-03,severe,827.2901089800337,826.1243539800337,6.499999999999773,0.35992857142856644,0.1805913871799922,1,1,8.000000000004093,0.8100000000000023,5.0,2024,13
SPY,2024-02-08,long,498.35,497.66,2024-02-08T15:45:00+00:00,2024-02-08T15:50:00+00:00,498.17,0.15899999999999181,497.69,499.13000000000005,1,1,2024-02-08T15:55:00+00:00,498.19,2024-02-08T16:10:00+00:00,497.66,STOP_LOSS,-0.5299999999999727,0.298755,0.049999999999954525,-0.8287549999999727,-1.104166666666568,-1.7265729166665444,4.130621769900168,0.4800000000000182,0.005,0.0005810263281641727,,HYP-FCR-03,severe,826.1243539800337,825.2955989800337,15.899999999999181,0.33061428571428614,0.4809229572656705,1,1,1.0000000000047748,0.4800000000000182,5.0,2024,10
SPY,2024-02-12,long,501.47,501.14,2024-02-12T15:20:00+00:00,2024-02-12T15:25:00+00:00,501.325,0.015000000000043201,501.1388,501.69739999999996,1,1,2024-02-12T15:30:00+00:00,501.36499999999995,2024-02-12T15:45:00+00:00,501.6674,TAKE_PROFIT,0.3024000000000342,0.30090971999999994,0.06999999999993634,0.0014902800000342609,1.624060150376252,0.008003651987295267,4.126477994900169,0.18619999999998527,0.005,0.00022561613103245205,,HYP-FCR-03,severe,825.2955989800337,825.2970892600337,1.50000000000432,0.19593333333332907,0.07655665192264474,1,1,2.9999999999972715,0.18619999999998527,5.0,2024,10
QQQ,2024-02-12,short,437.45,436.3806,2024-02-12T18:30:00+00:00,2024-02-12T18:35:00+00:00,436.41,0.2950000000000159,438.06,433.11000000000007,1,1,2024-02-12T18:40:00+00:00,436.399,2024-02-12T20:59:00+00:00,435.34,FORCED_SESSION_CLOSE,1.059000000000026,0.26152169999999997,0.04099999999999682,0.797478300000026,0.6418181818182064,0.4833201818182042,4.211594964000238,1.6499999999999773,0.005,0.0019588778290692776,,HYP-FCR-03,severe,842.3189928000475,843.1164711000475,29.50000000000159,0.39492142857141793,0.7469840293729918,1,1,11.000000000001364,1.6499999999999773,5.0,2024,13
SPY,2024-02-13,long,495.19,493.62,2024-02-13T15:15:00+00:00,2024-02-13T15:25:00+00:00,494.89,0.37000000000000455,493.57,497.53,1,1,2024-02-13T15:30:00+00:00,494.92499999999995,2024-02-13T18:49:00+00:00,493.54,STOP_LOSS,-1.384999999999934,0.29653949999999996,0.06499999999994088,-1.681539499999934,-1.0492424242423797,-1.273893560606017,4.126485446300168,1.3199999999999932,0.005,0.0015994240342995915,,HYP-FCR-03,severe,825.2970892600337,823.6155497600337,37.000000000000455,0.5868333333333359,0.6305026980971365,2,2,39.999999999997726,1.3199999999999932,10.0,2024,10
QQQ,2024-02-13,short,428.665,426.28,2024-02-13T17:50:00+00:00,2024-02-13T17:55:00+00:00,428.41,0.4701000000000022,429.545,426.14000000000004,1,1,2024-02-13T18:00:00+00:00,428.38000000000005,2024-02-13T19:53:00+00:00,426.17,TAKE_PROFIT,2.2100000000000364,0.256365,0.05999999999994543,1.9536350000000364,1.9471365638766995,1.7212643171806625,4.215582355500238,1.134999999999991,0.005,0.0013461959751766104,,HYP-FCR-03,severe,843.1164711000475,845.0701061000476,47.01000000000022,0.5143357142857131,0.9139944727595991,1,1,60.29999999999518,1.134999999999991,5.0,2024,13
QQQ,2024-02-14,short,431.97,430.13,2024-02-14T15:35:00+00:00,2024-02-14T15:40:00+00:00,431.33,0.22019999999997708,432.45,429.09,1,1,2024-02-14T15:45:00+00:00,431.3,2024-02-14T17:02:00+00:00,429.11999999999995,TAKE_PROFIT,2.1800000000000637,0.25812599999999997,0.05999999999994543,1.9218740000000638,1.9464285714286205,1.7159589285714785,4.225350530500238,1.1200000000000045,0.005,0.0013253338296023076,,HYP-FCR-03,severe,845.0701061000476,846.9919801000477,22.019999999997708,0.6712214285714343,0.3280586563939569,1,1,27.99999999999727,1.1200000000000045,5.0,2024,10
SPY,2024-02-14,short,497.3,495.78,2024-02-14T15:40:00+00:00,2024-02-14T15:45:00+00:00,497.02,0.12000000000000455,497.6599,495.74019999999996,1,1,2024-02-14T15:50:00+00:00,496.9999,2024-02-14T16:00:00+00:00,495.77019999999993,TAKE_PROFIT,1.2297000000000935,0.29783102999999994,0.05009999999992942,0.9318689700000935,1.9217065166433371,1.4562728082514094,4.118077748800168,0.6399000000000115,0.005,0.0007769401636315037,,HYP-FCR-03,severe,823.6155497600337,824.5474187300338,12.000000000000455,0.5221500000000064,0.22981901752370595,1,1,5.000000000001137,0.6399000000000115,5.0,2024,10
QQQ,2024-02-15,long,434.28,432.03,2024-02-15T15:05:00+00:00,2024-02-15T15:10:00+00:00,433.17,0.20999999999997954,431.95,435.61000000000007,1,1,2024-02-15T15:15:00+00:00,433.2,2024-02-15T16:04:00+00:00,431.92,STOP_LOSS,-1.2799999999999727,0.259536,0.05999999999994543,-1.5395359999999727,-1.0491803278688066,-1.26191475409831,4.234959900500239,1.2200000000000273,0.005,0.0014403914424973886,,HYP-FCR-03,severe,846.9919801000477,845.4524441000477,20.999999999997954,0.7774000000000127,0.27013120658602535,1,1,12.999999999999545,1.2200000000000273,5.0,2024,10
SPY,2024-02-15,short,500.38,499.2699,2024-02-15T15:25:00+00:00,2024-02-15T15:30:00+00:00,499.58,0.0049999999999954525,500.4201,497.89979999999997,1,1,2024-02-15T15:35:00+00:00,499.54,2024-02-15T17:27:00+00:00,500.45009999999996,STOP_LOSS,-0.9100999999999431,0.29999702999999994,0.06999999999993634,-1.210097029999943,-1.0833234138792236,-1.4404202237828037,4.122737093650169,0.8401000000000067,0.005,0.0010188619610184786,,HYP-FCR-03,severe,824.5474187300338,823.3373217000338,0.49999999999954525,0.5682692307692299,0.00879864636209015,1,1,18.999999999999773,0.8401000000000067,5.0,2024,10
SPY,2024-02-16,long,501.91,499.29,2024-02-16T15:00:00+00:00,2024-02-16T15:10:00+00:00,500.16,0.029999999999972715,499.64,501.2000000000001,1,1,2024-02-16T15:15:00+00:00,500.19,2024-02-16T16:05:00+00:00,501.17000000000013,TAKE_PROFIT,0.9800000000001319,0.300408,0.05999999999994543,0.6795920000001319,1.884615384615498,1.3069076923078486,4.116686608500169,0.5200000000000387,0.005,0.0006315758879074475,,HYP-FCR-03,severe,823.3373217000338,824.016913700034,2.9999999999972715,0.6685666666666698,0.04487211447370879,2,2,54.000000000002046,0.5200000000000387,10.0,2024,10
QQQ,2024-02-16,long,434.99,430.72,2024-02-16T15:35:00+00:00,2024-02-16T15:40:00+00:00,431.9003,0.7100000000000364,430.68,434.34090000000003,1,1,2024-02-16T15:45:00+00:00,431.94,2024-02-16T19:10:00+00:00,434.31090000000006,TAKE_PROFIT,2.370900000000063,0.25987527,0.0696999999999548,2.1110247300000626,1.9428828976481567,1.729922748504505,4.227262220500239,1.2203000000000088,0.005,0.0014433691788530722,,HYP-FCR-03,severe,845.4524441000477,847.5634688300478,71.00000000000364,0.94711428571428,0.7496455398353321,1,1,17.00000000000159,1.2203000000000088,5.0,2024,10
SPY,2024-02-20,long,498.41,496.17,2024-02-20T15:40:00+00:00,2024-02-20T15:45:00+00:00,496.595,0.11000000000001364,495.909,497.9670000000001,1,1,2024-02-20T15:50:00+00:00,496.61999999999995,2024-02-20T16:56:00+00:00,495.879,STOP_LOSS,-0.7409999999999286,0.2977497,0.054999999999893134,-1.0387496999999286,-1.0801749271135428,-1.5142123906703715,4.12008456850017,0.6860000000000355,0.005,0.0008325071835233703,,HYP-FCR-03,severe,824.016913700034,822.9781640000341,11.000000000001364,0.5017785714285716,0.21922020242283738,1,1,14.00000000000432,0.6860000000000355,5.0,2024,10
QQQ,2024-02-20,long,430.08,425.69,2024-02-20T15:50:00+00:00,2024-02-20T15:55:00+00:00,426.45,0.14999999999997726,425.25,428.84999999999997,1,1,2024-02-20T16:00:00+00:00,426.47999999999996,2024-02-20T16:36:00+00:00,425.22,STOP_LOSS,-1.259999999999934,0.25551,0.05999999999994543,-1.5155099999999342,-1.049999999999955,-1.2629249999999572,4.237817344150239,1.1999999999999886,0.005,0.001415823173285694,,HYP-FCR-03,severe,847.5634688300478,846.0479588300478,14.999999999997726,0.6774714285714286,0.22141155135690294,1,1,13.999999999998636,1.1999999999999886,5.0,2024,11
QQQ,2024-02-21,short,424.96,423.445,2024-02-21T15:20:00+00:00,2024-02-21T15:30:00+00:00,423.99,0.15579999999999927,424.73,422.51,1,1,2024-02-21T15:35:00+00:00,423.96000000000004,2024-02-21T16:09:00+00:00,424.76,STOP_LOSS,-0.7999999999999545,0.254616,0.05999999999994543,-1.0546159999999545,-1.0810810810810063,-1.4251567567566776,4.230239794150239,0.7400000000000091,0.005,0.0008746549084797905,,HYP-FCR-03,severe,846.0479588300478,844.9933428300478,15.579999999999927,0.7888615384615429,0.19749980497698524,2,2,2.0000000000038654,0.7400000000000091,10.0,2024,10
SPY,2024-02-21,short,495.6803,494.91,2024-02-21T15:25:00+00:00,2024-02-21T15:30:00+00:00,495.195,0.2999999999999545,495.83,493.925,1,1,2024-02-21T15:35:00+00:00,495.165,2024-02-21T16:07:00+00:00,495.85999999999996,STOP_LOSS,-0.6949999999999363,0.29730749999999995,0.05999999999994543,-0.9923074999999363,-1.0944881889762934,-1.5626889763778748,4.114890820000171,0.6349999999999909,0.005,0.0007715879081330821,,HYP-FCR-03,severe,822.9781640000341,821.9858565000342,29.999999999995453,0.44655384615385596,0.6718114793632128,1,1,16.970000000003438,0.6349999999999909,5.0,2024,10
QQQ,2024-02-22,short,436.285,433.71,2024-02-22T15:35:00+00:00,2024-02-22T15:40:00+00:00,435.43,0.009899999999959164,436.26,433.77000000000004,1,1,2024-02-22T15:45:00+00:00,435.38000000000005,2024-02-22T16:18:00+00:00,436.28999999999996,STOP_LOSS,-0.9099999999999113,0.261501,0.07999999999992724,-1.1715009999999113,-1.0963855421685889,-1.4114469879517275,4.22496671415024,0.8299999999999841,0.005,0.0009822562592270276,,HYP-FCR-03,severe,844.9933428300478,843.8218418300479,0.9899999999959164,0.8192571428571357,0.012084118016271666,1,1,10.499999999996135,0.8299999999999841,5.0,2024,10
SPY,2024-02-22,short,505.425,503.02,2024-02-22T15:35:00+00:00,2024-02-22T15:45:00+00:00,504.59,0.160000000000025,505.63,502.50999999999993,1,1,2024-02-22T15:50:00+00:00,504.57000000000005,2024-02-22T16:18:00+00:00,505.65999999999997,STOP_LOSS,-1.0899999999999181,0.303069,0.04999999999989768,-1.3930689999999182,-1.0480769230768237,-1.339489423076818,4.109929282500171,1.0400000000000205,0.005,0.0012652285824336167,,HYP-FCR-03,severe,821.9858565000342,820.5927875000342,16.0000000000025,0.6008142857142867,0.2663052523955996,2,2,27.490000000000236,1.0400000000000205,10.0,2024,10
QQQ,2024-02-26,short,438.4,436.355,2024-02-26T16:55:00+00:00,2024-02-26T17:05:00+00:00,437.818,0.18000000000000682,438.515,436.424,1,1,2024-02-26T17:10:00+00:00,437.8,2024-02-26T17:26:00+00:00,438.54499999999996,STOP_LOSS,-0.7449999999999477,0.2629035,0.047999999999944976,-1.0079034999999477,-1.068866571018572,-1.4460595408894459,4.21910920915024,0.6970000000000027,0.005,0.0008260037432645454,,HYP-FCR-03,severe,843.8218418300479,842.8139383300479,18.000000000000682,0.43259285714285867,0.41609563594935634,2,2,11.50000000000091,0.6970000000000027,10.0,2024,12
QQQ,2024-02-27,short,437.89,435.81,2024-02-27T15:20:00+00:00,2024-02-27T15:40:00+00:00,436.97,0.07000000000005002,437.49,435.93000000000006,1,1,2024-02-27T15:45:00+00:00,436.94800000000004,2024-02-27T15:48:00+00:00,437.52,STOP_LOSS,-0.5719999999999459,0.2623404,0.051999999999964075,-0.8343403999999459,-1.0999999999999344,-1.6045007692307214,4.21406969165024,0.5199999999999818,0.005,0.0006169807787354706,,HYP-FCR-03,severe,842.8139383300479,841.9795979300479,7.000000000005002,0.6163285714285597,0.11357578286172948,4,4,10.000000000002274,0.5199999999999818,20.0,2024,10
SPY,2024-02-27,long,506.74,505.53,2024-02-27T16:45:00+00:00,2024-02-27T16:55:00+00:00,505.9,0.09039999999998827,505.57,506.55999999999995,1,1,2024-02-27T17:00:00+00:00,505.95,2024-02-27T17:17:00+00:00,505.54,STOP_LOSS,-0.40999999999996817,0.30344699999999997,0.07999999999998408,-0.7134469999999682,-1.2424242424242058,-2.161960606060614,4.102963937500171,0.3299999999999841,0.005,0.0004021483067202444,,HYP-FCR-03,severe,820.5927875000342,819.8793405000342,9.039999999998827,0.29524285714286486,0.30618860986108354,2,2,0.9999999999990905,0.3299999999999841,10.0,2024,12
QQQ,2024-02-28,short,435.98,434.3,2024-02-28T17:20:00+00:00,2024-02-28T17:30:00+00:00,435.05,0.040000000000020464,435.9,433.3500000000001,1,1,2024-02-28T17:35:00+00:00,435.03000000000003,2024-02-28T18:30:00+00:00,435.92999999999995,STOP_LOSS,-0.8999999999999204,0.26128799999999996,0.049999999999954525,-1.1612879999999204,-1.0588235294117136,-1.3662211764705494,4.20989798965024,0.8499999999999659,0.005,0.0010095256489464062,,HYP-FCR-03,severe,841.9795979300479,840.818309930048,4.000000000002046,0.3559214285714266,0.112384354492422,2,2,4.9999999999954525,0.8499999999999659,10.0,2024,12
SPY,2024-02-28,short,505.82,504.96,2024-02-28T17:30:00+00:00,2024-02-28T17:35:00+00:00,505.5211,0.06400000000002137,506.21,504.1433,1,1,2024-02-28T17:40:00+00:00,505.49,2024-02-28T18:18:00+00:00,506.23999999999995,STOP_LOSS,-0.7499999999999432,0.303519,0.061099999999953525,-1.0535189999999433,-1.0886921178690006,-1.5292771084336756,4.099396702500171,0.6888999999999896,0.005,0.0008402455897715853,,HYP-FCR-03,severe,819.8793405000342,818.8258215000343,6.400000000002137,0.3086071428571456,0.2073834046985977,1,1,23.00000000000182,0.6888999999999896,5.0,2024,12
QQQ,2024-02-29,long,439.27,437.98,2024-02-29T18:00:00+00:00,2024-02-29T18:10:00+00:00,438.4,0.029999999999972715,437.95,439.29999999999995,1,1,2024-02-29T18:15:00+00:00,438.42999999999995,2024-02-29T19:28:00+00:00,437.92,STOP_LOSS,-0.5099999999999341,0.26290499999999994,0.05999999999994543,-0.772904999999934,-1.1333333333332154,-1.7175666666665634,4.20409154965024,0.44999999999998863,0.005,0.0005351929122921056,,HYP-FCR-03,severe,840.818309930048,840.0454049300481,2.9999999999972715,0.389085714285715,0.07710383316192122,2,2,6.000000000000227,0.44999999999998863,10.0,2024,13
SPY,2024-02-29,long,508.8455,507.99,2024-02-29T20:25:00+00:00,2024-02-29T20:30:00+00:00,508.28,0.10000000000002274,507.92,508.9999999999999,1,1,2024-02-29T20:35:00+00:00,508.30999999999995,2024-02-29T20:48:00+00:00,508.9699999999999,TAKE_PROFIT,0.6599999999999682,0.30518399999999996,0.05999999999994543,0.3548159999999682,1.833333333333465,0.98560000000003,4.094129107500171,0.3599999999999568,0.005,0.00043965394171432065,,HYP-FCR-03,severe,818.8258215000343,819.1806375000342,10.000000000002274,0.29814285714285965,0.335409678965095,1,1,1.4999999999986358,0.3599999999999568,5.0,2024,15
QQQ,2024-03-04,long,445.73,444.59,2024-03-04T15:25:00+00:00,2024-03-04T15:35:00+00:00,445.54,0.03989999999998872,444.67,447.28000000000003,1,1,2024-03-04T15:40:00+00:00,445.57,2024-03-04T16:33:00+00:00,444.64000000000004,STOP_LOSS,-0.92999999999995,0.267063,0.05999999999994543,-1.19706299999995,-1.0689655172413162,-1.375934482758556,4.200227024650241,0.8700000000000045,0.005,0.0010356583047703841,,HYP-FCR-03,severe,840.0454049300481,838.8483419300482,3.9899999999988722,0.5776357142857113,0.06907467632836378,2,2,13.999999999998636,0.8700000000000045,10.0,2024,10
SPY,2024-03-04,short,512.61,512.0,2024-03-04T20:45:00+00:00,2024-03-04T20:50:00+00:00,512.39,0.1955000000000382,513.31,510.55000000000007,1,1,2024-03-04T20:55:00+00:00,512.34,2024-03-04T20:59:00+00:00,512.28,FORCED_SESSION_CLOSE,0.06000000000005912,0.30738599999999994,0.07999999999992724,-0.24738599999994082,0.06521739130441498,-0.26889782608690416,4.095903187500171,0.9199999999999591,0.005,0.0011230734198108053,,HYP-FCR-03,severe,819.1806375000342,818.9332515000343,19.55000000000382,0.3904142857142899,0.5007501189213849,1,1,25.99999999999909,0.9199999999999591,5.0,2024,15
QQQ,2024-03-06,long,440.83,438.59,2024-03-06T15:45:00+00:00,2024-03-06T15:50:00+00:00,439.4799,0.39049999999997453,438.46000000000004,441.5196999999999,1,1,2024-03-06T15:55:00+00:00,439.5,2024-03-06T17:10:00+00:00,441.4896999999999,TAKE_PROFIT,1.9896999999999139,0.26429690999999994,0.05009999999998627,1.725403089999914,1.9508775370134437,1.6917375134817123,4.194241709650241,1.01989999999995,0.005,0.0012158336006879774,,HYP-FCR-03,severe,838.8483419300482,840.573745020048,39.04999999999745,0.81603571428572,0.47853297737315464,1,1,12.999999999999545,1.01989999999995,5.0,2024,10
SPY,2024-03-06,long,510.8504,509.63,2024-03-06T15:45:00+00:00,2024-03-06T15:55:00+00:00,510.455,0.3199999999999932,509.635,512.095,1,1,2024-03-06T16:00:00+00:00,510.5,2024-03-06T18:37:00+00:00,509.605,STOP_LOSS,-0.8949999999999818,0.30603149999999996,0.07499999999998863,-1.2010314999999818,-1.0914634146341333,-1.4646725609755997,4.0946662575001715,0.8199999999999932,0.005,0.0010013026073834527,,HYP-FCR-03,severe,818.9332515000343,817.7322200000343,31.999999999999318,0.5640357142857023,0.5673399607421009,2,2,4.789999999997008,0.8199999999999932,10.0,2024,11
SPY,2024-03-08,short,517.8004,515.31,2024-03-08T15:55:00+00:00,2024-03-08T16:05:00+00:00,515.77,0.724999999999909,517.63,512.05,1,1,2024-03-08T16:10:00+00:00,515.73,2024-03-08T18:30:00+00:00,512.0799999999999,TAKE_PROFIT,3.650000000000091,0.308343,0.06999999999993634,3.341657000000091,1.962365591397884,1.7965897849462724,4.088661100000172,1.8600000000000136,0.005,0.002274583237040526,,HYP-FCR-03,severe,817.7322200000343,821.0738770000344,72.4999999999909,0.6193571428571545,1.1705685618727408,2,2,3.960000000006403,1.8600000000000136,10.0,2024,11
QQQ,2024-03-11,long,438.13,435.66,2024-03-11T14:20:00+00:00,2024-03-11T14:35:00+00:00,436.52,0.01999999999998181,435.77,438.02,1,1,2024-03-11T14:40:00+00:00,436.57,2024-03-11T14:54:00+00:00,437.99,TAKE_PROFIT,1.420000000000016,0.26236799999999993,0.07999999999998408,1.157632000000016,1.8933333333333546,1.5435093333333547,4.20286872510024,0.75,0.005,0.0008922477110941791,,HYP-FCR-03,severe,840.573745020048,841.7313770200481,1.999999999998181,1.1607642857142852,0.017230027014205264,3,3,6.000000000000227,0.75,15.0,2024,10
SPY,2024-03-11,long,510.94,509.4299,2024-03-11T14:45:00+00:00,2024-03-11T14:50:00+00:00,510.4297,0.03000000000002956,509.01,513.2691000000001,1,1,2024-03-11T14:55:00+00:00,510.46,2024-03-11T19:59:00+00:00,511.23,FORCED_SESSION_CLOSE,0.7700000000000387,0.306507,0.06029999999992697,0.4634930000000387,0.5423681059378883,0.3264724941889325,4.105369385000172,1.4197000000000344,0.005,0.0017290770535621058,,HYP-FCR-03,severe,821.0738770000344,821.5373700000345,3.000000000002956,0.7275071428571331,0.04123670852523976,1,1,25.989999999995916,1.4197000000000344,5.0,2024,10
SPY,2024-03-13,long,517.12,515.95,2024-03-13T14:00:00+00:00,2024-03-13T14:10:00+00:00,516.2799,0.03999999999996362,515.985,516.8697,1,1,2024-03-13T14:15:00+00:00,516.3,2024-03-13T14:54:00+00:00,515.955,STOP_LOSS,-0.3449999999999136,0.3096765,0.05009999999992942,-0.6546764999999136,-1.1698880976599937,-2.2199949135298365,4.107686850000173,0.2948999999999842,0.005,0.00035896115109160747,,HYP-FCR-03,severe,821.5373700000345,820.8826935000345,3.999999999996362,0.3884000000000217,0.10298661174037432,2,2,28.00000000000864,0.2948999999999842,10.0,2024,10
QQQ,2024-03-13,long,442.67,440.435,2024-03-13T15:00:00+00:00,2024-03-13T15:05:00+00:00,440.99,0.060000000000002274,440.36,442.25,1,1,2024-03-13T15:10:00+00:00,441.02,2024-03-13T15:27:00+00:00,440.33000000000004,STOP_LOSS,-0.6899999999999409,0.264405,0.05999999999994543,-0.9544049999999409,-1.0952380952380094,-1.5149285714284886,4.208656885100241,0.6299999999999955,0.005,0.0007484573074017536,,HYP-FCR-03,severe,841.7313770200481,840.7769720200481,6.000000000000227,0.6967214285714363,0.08611763258527415,1,1,25.99999999999909,0.6299999999999955,5.0,2024,11
QQQ,2024-03-14,long,442.03,438.02,2024-03-14T14:00:00+00:00,2024-03-14T14:10:00+00:00,439.97,0.05200000000002092,438.23,443.45000000000005,1,1,2024-03-14T14:15:00+00:00,440.0,2024-03-14T17:10:00+00:00,438.20000000000005,STOP_LOSS,-1.7999999999999545,0.26345999999999997,0.05999999999994543,-2.0634599999999543,-1.0344827586206582,-1.1858965517241056,4.20388486010024,1.740000000000009,0.005,0.0020695143395988718,,HYP-FCR-03,severe,840.7769720200481,838.7135120200481,5.200000000002092,1.15644444444444,0.04496541122215508,2,2,62.999999999999545,1.740000000000009,10.0,2024,10
SPY,2024-03-14,long,517.125,513.95,2024-03-14T14:00:00+00:00,2024-03-14T14:15:00+00:00,514.8,0.21000000000003638,514.15,516.0999999999999,1,1,2024-03-14T14:20:00+00:00,514.8299999999999,2024-03-14T14:58:00+00:00,514.12,STOP_LOSS,-0.7099999999999227,0.30868499999999993,0.05999999999994543,-1.0186849999999226,-1.0923076923076116,-1.567207692307628,4.104413467500173,0.6499999999999773,0.005,0.0007918305564812714,,HYP-FCR-03,severe,820.8826935000345,819.8640085000346,21.000000000003638,0.7986199999999826,0.2629535949513423,3,3,60.000000000002274,0.6499999999999773,15.0,2024,10
QQQ,2024-03-15,long,436.78,434.22,2024-03-15T14:05:00+00:00,2024-03-15T14:15:00+00:00,434.78,0.36009999999998854,434.25,435.8399999999999,1,1,2024-03-15T14:20:00+00:00,434.79999999999995,2024-03-15T14:36:00+00:00,435.80999999999995,TAKE_PROFIT,1.009999999999991,0.26118299999999994,0.049999999999954525,0.748816999999991,1.9056603773585714,1.4128622641509991,4.193567560100241,0.5299999999999727,0.005,0.0006319201877688407,,HYP-FCR-03,severe,838.7135120200481,839.4623290200482,36.009999999998854,1.0289799999999958,0.3499582110439367,2,2,92.00000000000159,0.5299999999999727,10.0,2024,10
SPY,2024-03-15,long,511.33,509.62,2024-03-15T14:10:00+00:00,2024-03-15T14:15:00+00:00,510.19,0.4300000000000068,509.55,511.46999999999997,1,1,2024-03-15T14:20:00+00:00,510.21,2024-03-15T14:48:00+00:00,511.44,TAKE_PROFIT,1.2300000000000182,0.30649499999999996,0.049999999999954525,0.9235050000000182,1.9218750000000695,1.4429765625000592,4.099320042500173,0.6399999999999864,0.005,0.0007806172650155545,,HYP-FCR-03,severe,819.8640085000346,820.7875135000346,43.00000000000068,0.8051300000000083,0.5340752425074241,1,1,10.000000000002274,0.6399999999999864,5.0,2024,10
QQQ,2024-03-18,short,440.58,438.57,2024-03-18T15:00:00+00:00,2024-03-18T15:15:00+00:00,439.52,0.18000000000000682,440.3025,437.9549999999999,1,1,2024-03-18T15:20:00+00:00,439.51000000000005,2024-03-18T16:57:00+00:00,437.9849999999999,TAKE_PROFIT,1.5250000000001478,0.26324849999999994,0.03999999999990678,1.2617515000001478,1.9488817891375012,1.6124619808308036,4.197311645100241,0.7825000000000273,0.005,0.0009321442701466828,,HYP-FCR-03,severe,839.4623290200482,840.7240805200483,18.000000000000682,0.5332714285714327,0.3375391786546754,3,3,9.000000000003183,0.7825000000000273,15.0,2024,11
SPY,2024-03-18,short,514.83,513.26,2024-03-18T15:10:00+00:00,2024-03-18T15:15:00+00:00,514.49,0.06770000000005894,514.96,513.55,1,1,2024-03-18T15:20:00+00:00,514.47,2024-03-18T16:50:00+00:00,513.5799999999999,TAKE_PROFIT,0.8900000000001,0.30841499999999994,0.049999999999954525,0.5815850000001002,1.8936170212766987,1.2374148936171625,4.103937567500173,0.4700000000000273,0.005,0.0005726207968196722,,HYP-FCR-03,severe,820.7875135000346,821.3690985000347,6.7700000000058935,0.3738571428571455,0.1810852120750513,1,1,12.999999999999545,0.4700000000000273,5.0,2024,11
SPY,2024-03-20,short,515.99,515.21,2024-03-20T14:35:00+00:00,2024-03-20T14:40:00+00:00,515.6913,0.1999999999999318,516.355,514.3638999999998,1,1,2024-03-20T14:45:00+00:00,515.6700000000001,2024-03-20T18:00:00+00:00,516.385,STOP_LOSS,-0.7149999999999181,0.3096165,0.05129999999985557,-1.024616499999918,-1.0772939581133807,-1.543794636130513,4.106845492500174,0.6637000000000626,0.005,0.0008080411123477815,,HYP-FCR-03,severe,821.3690985000347,820.3444820000349,19.99999999999318,0.32045714285713495,0.6241084165475914,1,1,6.679999999994379,0.6637000000000626,5.0,2024,10
QQQ,2024-03-21,long,449.32,447.38,2024-03-21T15:05:00+00:00,2024-03-21T15:35:00+00:00,448.655,0.06999999999999318,448.14,449.68499999999995,1,1,2024-03-21T15:40:00+00:00,448.6851,2024-03-21T17:31:00+00:00,448.11,STOP_LOSS,-0.5750999999999635,0.26903853,0.06009999999997717,-0.8441385299999635,-1.1166990291261722,-1.6391039417475455,4.203620402600242,0.5149999999999864,0.005,0.0006125672047854533,,HYP-FCR-03,severe,840.7240805200483,839.8799419900483,6.999999999999318,0.5721500000000016,0.12234553875730662,6,6,15.999999999996817,0.5149999999999864,30.0,2024,11
SPY,2024-03-21,short,524.01,522.765,2024-03-21T16:30:00+00:00,2024-03-21T16:35:00+00:00,523.75,0.001199999999926149,524.02,523.21,1,1,2024-03-21T16:40:00+00:00,523.74,2024-03-21T17:02:00+00:00,523.24,TAKE_PROFIT,0.5,0.314094,0.03999999999996362,0.18590600000000002,1.8518518518519766,0.6885407407407872,4.101722410000175,0.2699999999999818,0.005,0.0003291300251593212,,HYP-FCR-03,severe,820.3444820000349,820.5303880000349,0.1199999999926149,0.26137142857144874,0.0045911674680161755,1,1,10.000000000002274,0.2699999999999818,5.0,2024,12
SPY,2024-03-22,long,522.44,521.42,2024-03-22T15:15:00+00:00,2024-03-22T15:25:00+00:00,521.7,0.013199999999983447,521.4300000000001,522.24,1,1,2024-03-22T15:30:00+00:00,521.735,2024-03-22T15:39:00+00:00,521.4000000000001,STOP_LOSS,-0.3349999999999227,0.3129405,0.06499999999994088,-0.6479404999999228,-1.240740740740538,-2.399779629629505,4.102651940000174,0.2699999999999818,0.005,0.0003290554547992808,,HYP-FCR-03,severe,820.5303880000349,819.882447500035,1.3199999999983447,0.30727857142857473,0.042957762848919376,2,2,11.000000000001364,0.2699999999999818,10.0,2024,11
QQQ,2024-03-22,short,445.58,444.49,2024-03-22T16:30:00+00:00,2024-03-22T16:35:00+00:00,445.52,0.029999999999972715,445.81,444.93999999999994,1,1,2024-03-22T16:40:00+00:00,445.4925,2024-03-22T16:44:00+00:00,445.84,STOP_LOSS,-0.34749999999996817,0.26739975,0.057499999999947704,-0.6148997499999682,-1.1982758620687712,-2.120343965516982,4.199399709950241,0.29000000000002046,0.005,0.0003452874458614665,,HYP-FCR-03,severe,839.8799419900483,839.2650422400484,2.9999999999972715,0.35996428571429206,0.08334160134926294,1,1,27.000000000003865,0.29000000000002046,5.0,2024,12
SPY,2024-03-25,short,520.41,519.61,2024-03-25T19:45:00+00:00,2024-03-25T19:50:00+00:00,519.89,0.029999999999972715,520.535,518.6,1,1,2024-03-25T19:55:00+00:00,519.87,2024-03-25T19:59:00+00:00,519.8399999999999,FORCED_SESSION_CLOSE,0.030000000000086402,0.311913,0.049999999999954525,-0.2819129999999136,0.04651162790711201,-0.4370744186045295,4.099412237500175,0.6449999999999818,0.005,0.0007866981443092234,,HYP-FCR-03,severe,819.882447500035,819.6005345000351,2.9999999999972715,0.2412071428571494,0.12437442624881004,1,1,19.000000000005457,0.6449999999999818,5.0,2024,15
SPY,2024-03-26,short,521.44,520.83,2024-03-26T14:20:00+00:00,2024-03-26T14:30:00+00:00,520.99,0.18999999999994088,521.4497,520.0706,1,1,2024-03-26T14:35:00+00:00,520.96,2024-03-26T15:56:00+00:00,521.4797,STOP_LOSS,-0.5196999999999434,0.31273190999999995,0.05999999999994543,-0.8324319099999433,-1.1305199042852854,-1.810815553621812,4.098002672500176,0.459699999999998,0.005,0.0005608829919570756,,HYP-FCR-03,severe,819.6005345000351,818.7681025900351,18.99999999999409,0.35941538461539635,0.528636246896488,2,2,3.9899999999988722,0.459699999999998,10.0,2024,10
QQQ,2024-03-26,long,446.91,445.85,2024-03-26T15:00:00+00:00,2024-03-26T15:55:00+00:00,446.54,0.20999999999997954,445.98,447.66,1,1,2024-03-26T16:00:00+00:00,446.58,2024-03-26T16:21:00+00:00,445.95000000000005,STOP_LOSS,-0.6299999999999386,0.26775899999999997,0.06999999999993634,-0.8977589999999386,-1.1249999999998859,-1.6031410714284553,4.196325211200242,0.5600000000000023,0.005,0.0006672504772810851,,HYP-FCR-03,severe,839.2650422400484,838.3672832400484,20.999999999997954,0.33500714285714495,0.6268523059209175,11,11,2.0000000000038654,0.5600000000000023,55.0,2024,12
QQQ,2024-03-27,long,446.54,443.5196,2024-03-27T18:20:00+00:00,2024-03-27T18:25:00+00:00,443.7,0.08999999999997499,443.121,444.858,1,1,2024-03-27T18:30:00+00:00,443.75,2024-03-27T18:39:00+00:00,443.091,STOP_LOSS,-0.6589999999999918,0.26605229999999996,0.07999999999998408,-0.9250522999999917,-1.1381692573402125,-1.5976723661484964,4.191836416200243,0.5790000000000077,0.005,0.0006906280953168154,,HYP-FCR-03,severe,838.3672832400484,837.4422309400485,8.999999999997499,0.27084999999999987,0.332287243861824,1,1,13.960000000002992,0.5790000000000077,5.0,2024,14
SPY,2024-03-27,long,521.78,520.74,2024-03-27T19:25:00+00:00,2024-03-27T19:30:00+00:00,521.05,0.25700000000006185,519.97,523.2099999999998,1,1,2024-03-27T19:35:00+00:00,521.0799999999999,2024-03-27T19:59:00+00:00,523.14,FORCED_SESSION_CLOSE,2.060000000000059,0.31326599999999993,0.05999999999994543,1.746734000000059,1.9074074074075906,1.61734629629646,4.093840512950176,1.0799999999999272,0.005,0.0013190548051194581,,HYP-FCR-03,severe,818.7681025900351,820.5148365900352,25.700000000006185,0.3431499999999882,0.7489436106660956,1,1,41.1200000000008,1.0799999999999272,5.0,2024,15
QQQ,2024-03-28,short,445.61,443.76,2024-03-28T14:00:00+00:00,2024-03-28T14:10:00+00:00,444.5001,0.21999999999997044,445.49,442.5202999999999,1,1,2024-03-28T14:15:00+00:00,444.44000000000005,2024-03-28T19:59:00+00:00,444.0,FORCED_SESSION_CLOSE,0.44000000000005457,0.266532,0.09009999999989304,0.17346800000005458,0.4444893423578537,0.1752379028185156,4.187211154700242,0.9899000000000342,0.005,0.0011820516847936464,,HYP-FCR-03,severe,837.4422309400485,837.6156989400486,21.999999999997044,0.6914111111111083,0.3181898532790817,2,2,2.9999999999972715,0.9899000000000342,10.0,2024,10
QQQ,2024-04-02,long,440.19,438.55,2024-04-02T14:20:00+00:00,2024-04-02T14:25:00+00:00,438.91,0.13990000000001146,438.21000000000004,440.31,1,1,2024-04-02T14:30:00+00:00,438.945,2024-04-02T14:59:00+00:00,438.18000000000006,STOP_LOSS,-0.7649999999999295,0.26313749999999997,0.06499999999994088,-1.0281374999999295,-1.09285714285706,-1.4687678571427802,4.1880784947002425,0.6999999999999886,0.005,0.0008357054444965583,,HYP-FCR-03,severe,837.6156989400486,836.5875614400486,13.990000000001146,0.7562583333333398,0.1849896970832413,1,1,35.000000000002274,0.6999999999999886,5.0,2024,10
SPY,2024-04-02,long,518.46,516.85,2024-04-02T14:20:00+00:00,2024-04-02T14:25:00+00:00,517.17,0.11000000000001364,516.61,518.2899999999998,1,1,2024-04-02T14:30:00+00:00,517.1999999999999,2024-04-02T19:05:00+00:00,518.2599999999999,TAKE_PROFIT,1.0599999999999454,0.3106379999999999,0.05999999999994543,0.7493619999999455,1.8928571428572298,1.3381464285714615,4.1025741829501765,0.5599999999999454,0.005,0.0006824983230373271,,HYP-FCR-03,severe,820.5148365900352,821.2641985900351,11.000000000001364,0.6142750000000016,0.17907289080625674,1,1,5.000000000006821,0.5599999999999454,5.0,2024,10
SPY,2024-04-04,long,523.7,522.58,2024-04-04T15:25:00+00:00,2024-04-04T15:30:00+00:00,522.8,0.009999999999990905,522.4113,523.5773999999999,1,1,2024-04-04T15:35:00+00:00,522.8349999999999,2024-04-04T16:05:00+00:00,523.5473999999999,TAKE_PROFIT,0.7124000000000024,0.31391472,0.06499999999994088,0.3984852800000024,1.8327759197325812,1.0251743761256276,4.106320992950176,0.3886999999999716,0.005,0.0004732947091414682,,HYP-FCR-03,severe,821.2641985900351,821.6626838700352,0.9999999999990905,0.23752857142858375,0.042100198472323755,1,1,6.000000000005912,0.3886999999999716,5.0,2024,11
QQQ,2024-04-04,long,446.95,445.4906,2024-04-04T15:35:00+00:00,2024-04-04T15:40:00+00:00,445.8301,0.06999999999999318,445.39,446.7103000000001,1,1,2024-04-04T15:45:00+00:00,445.88,2024-04-04T16:08:00+00:00,446.6803000000001,TAKE_PROFIT,0.8003000000001066,0.26776809,0.07989999999995234,0.5325319100001066,1.818450352192804,1.2100247898206564,4.182937807200243,0.44010000000002947,0.005,0.000526065674754319,,HYP-FCR-03,severe,836.5875614400486,837.1200933500487,6.999999999999318,0.2880214285714341,0.24303747241025858,1,1,11.059999999997672,0.44010000000002947,5.0,2024,11
QQQ,2024-04-08,short,441.6,439.2,2024-04-08T15:25:00+00:00,2024-04-08T15:35:00+00:00,441.0801,0.03000000000002956,441.96999999999997,439.3003000000001,1,1,2024-04-08T15:40:00+00:00,441.01500000000004,2024-04-08T19:59:00+00:00,440.65,FORCED_SESSION_CLOSE,0.36500000000006594,0.26449949999999994,0.09509999999994534,0.100500500000066,0.4101584447691702,0.11293459939327016,4.185600466750244,0.8898999999999546,0.005,0.0010630493845138604,,HYP-FCR-03,severe,837.1200933500487,837.2205938500488,3.000000000002956,0.5226714285714219,0.05739743624790488,2,2,40.99999999999682,0.8898999999999546,10.0,2024,11
SPY,2024-04-08,short,519.39,517.98,2024-04-08T15:30:00+00:00,2024-04-08T15:35:00+00:00,519.09,0.03499999999996817,519.87,517.5300000000001,1,1,2024-04-08T15:40:00+00:00,519.043,2024-04-08T19:59:00+00:00,518.6999999999999,FORCED_SESSION_CLOSE,0.3430000000000746,0.31132289999999996,0.07699999999999818,0.03167710000007462,0.43974358974370076,0.04061166666676375,4.108313419350176,0.7799999999999727,0.005,0.0009492946622891148,,HYP-FCR-03,severe,821.6626838700352,821.6943609700352,3.4999999999968168,0.41530714285714304,0.08427497721128152,1,1,12.000000000000455,0.7799999999999727,5.0,2024,11
QQQ,2024-04-10,short,438.67,436.28,2024-04-10T14:40:00+00:00,2024-04-10T14:50:00+00:00,437.335,0.040000000000020464,438.99,434.0249999999999,1,1,2024-04-10T14:55:00+00:00,437.31,2024-04-10T17:27:00+00:00,439.02,STOP_LOSS,-1.7099999999999795,0.26289899999999994,0.05499999999994998,-1.9728989999999795,-1.0332326283987607,-1.1920839879153742,4.186102969250244,1.6550000000000296,0.005,0.0019767788945435926,,HYP-FCR-03,severe,837.2205938500488,835.2476948500488,4.000000000002046,1.0954357142857094,0.03651515052720633,2,2,35.99999999999568,1.6550000000000296,10.0,2024,10
SPY,2024-04-10,short,514.48,512.67,2024-04-10T15:30:00+00:00,2024-04-10T15:40:00+00:00,513.13,0.11000000000001364,514.5,510.39,1,1,2024-04-10T15:45:00+00:00,513.12,2024-04-10T17:22:00+00:00,514.53,STOP_LOSS,-1.4099999999999682,0.308295,0.03999999999996362,-1.7182949999999682,-1.0291970802919441,-1.2542299270072719,4.108471804850176,1.3700000000000045,0.005,0.0016672866032361204,,HYP-FCR-03,severe,821.6943609700352,819.9760659700352,11.000000000001364,0.6720499999999967,0.16367829774572454,2,2,4.9999999999954525,1.3700000000000045,10.0,2024,11
QQQ,2024-04-11,long,440.48,439.26,2024-04-11T14:35:00+00:00,2024-04-11T14:45:00+00:00,439.945,0.03000000000002956,439.08,441.675,1,1,2024-04-11T14:50:00+00:00,439.98999999999995,2024-04-11T16:01:00+00:00,441.64500000000004,TAKE_PROFIT,1.6550000000000864,0.26449049999999996,0.07499999999993179,1.3905095000000864,1.913294797687941,1.6075254335260947,4.176238474250244,0.8650000000000091,0.005,0.0010356209365597851,,HYP-FCR-03,severe,835.2476948500488,836.6382043500489,3.000000000002956,0.7417142857142949,0.04044684129433827,2,2,23.00000000000182,0.8650000000000091,10.0,2024,10
SPY,2024-04-11,long,515.87,514.09,2024-04-11T15:45:00+00:00,2024-04-11T16:00:00+00:00,515.12,0.36009999999998854,514.28,516.8000000000001,1,1,2024-04-11T16:05:00+00:00,515.155,2024-04-11T17:08:00+00:00,516.7700000000001,TAKE_PROFIT,1.6150000000001228,0.3095775,0.06499999999994088,1.3054225000001227,1.922619047619121,1.5540744047619919,4.099880329850176,0.8400000000000318,0.005,0.001024420144515204,,HYP-FCR-03,severe,819.9760659700352,821.2814884700352,36.009999999998854,0.5726571428571431,0.6288230304844381,3,3,21.000000000003638,0.8400000000000318,15.0,2024,12
SPY,2024-04-16,short,505.2,502.95,2024-04-16T14:15:00+00:00,2024-04-16T14:25:00+00:00,503.18,0.28010000000000446,504.90999999999997,499.7200000000001,1,1,2024-04-16T14:30:00+00:00,503.14000000000004,2024-04-16T15:53:00+00:00,504.93999999999994,STOP_LOSS,-1.7999999999998977,0.30242399999999997,0.06999999999993634,-2.1024239999998975,-1.040462427745629,-1.2152739884392743,4.106407442350176,1.7299999999999613,0.005,0.0021064641347545497,,HYP-FCR-03,severe,821.2814884700352,819.1790644700353,28.010000000000446,0.8971833333333356,0.3121992903717231,2,2,7.999999999998408,1.7299999999999613,10.0,2024,10
QQQ,2024-04-16,short,431.9285,429.78,2024-04-16T14:20:00+00:00,2024-04-16T14:30:00+00:00,430.7548,0.009999999999990905,431.99,428.28439999999995,1,1,2024-04-16T14:35:00+00:00,430.75,2024-04-16T15:25:00+00:00,432.02,STOP_LOSS,-1.2699999999999818,0.258831,0.03479999999996153,-1.5288309999999818,-1.028173575129502,-1.2377193976683587,4.183191021750245,1.2352000000000203,0.005,0.0014763848860566895,,HYP-FCR-03,severe,836.6382043500489,835.1093733500489,0.9999999999990905,0.8856230769230776,0.011291485351458918,2,2,33.150000000000546,1.2352000000000203,10.0,2024,10
QQQ,2024-04-18,short,426.61,423.53,2024-04-18T16:40:00+00:00,2024-04-18T16:50:00+00:00,425.0,0.32000000000005,426.61,421.78,1,1,2024-04-18T16:55:00+00:00,424.94000000000005,2024-04-18T19:59:00+00:00,423.39,FORCED_SESSION_CLOSE,1.5500000000000682,0.254499,0.08999999999991815,1.2955010000000682,0.9627329192546926,0.8046590062112157,4.175546866750245,1.6100000000000136,0.005,0.001927891185727546,,HYP-FCR-03,severe,835.1093733500489,836.404874350049,32.000000000005,0.6081857142857123,0.5261550748127587,2,2,3.999999999996362,1.6100000000000136,10.0,2024,12
SPY,2024-04-18,short,502.08,499.73,2024-04-18T16:40:00+00:00,2024-04-18T16:50:00+00:00,500.86,0.23999999999995225,502.36,497.86,1,1,2024-04-18T16:55:00+00:00,500.81,2024-04-18T19:59:00+00:00,499.51,FORCED_SESSION_CLOSE,1.3000000000000114,0.300096,0.07999999999998408,0.9999040000000115,0.8666666666666742,0.6666026666666743,4.095895322350176,1.5,0.005,0.0018311014832519178,,HYP-FCR-03,severe,819.1790644700353,820.1789684700353,23.999999999995225,0.6115928571428607,0.39241792509014073,2,2,31.999999999999318,1.5,10.0,2024,12
SPY,2024-04-22,long,498.07,496.74,2024-04-22T15:50:00+00:00,2024-04-22T15:55:00+00:00,497.39,0.2849000000000501,496.5212,499.1275999999999,1,1,2024-04-22T16:00:00+00:00,497.42999999999995,2024-04-22T17:14:00+00:00,499.09759999999994,TAKE_PROFIT,1.667599999999993,0.29895827999999997,0.06999999999993634,1.3686417199999932,1.9194290976059631,1.5753242633518056,4.1008948423501765,0.8687999999999647,0.005,0.0010592810025604866,,HYP-FCR-03,severe,820.1789684700353,821.5476101900354,28.49000000000501,0.4311214285714219,0.6608347002006003,1,1,6.569999999999254,0.8687999999999647,5.0,2024,12
QQQ,2024-04-22,long,418.33,416.71,2024-04-22T16:10:00+00:00,2024-04-22T16:15:00+00:00,416.94,0.05000000000001137,416.43,417.96,2,2,2024-04-22T16:20:00+00:00,416.96999999999997,2024-04-22T16:30:00+00:00,416.40000000000003,STOP_LOSS,-1.1399999999998727,0.500022,0.11999999999989086,-1.6400219999998726,-1.1176470588234244,-1.6078647058822568,4.182024371750245,1.0199999999999818,0.005,0.0012195050881220657,,HYP-FCR-03,severe,836.404874350049,834.7648523500492,5.000000000001137,0.5400571428571327,0.09258279547140148,1,1,26.99999999999818,0.5099999999999909,5.0,2024,12
SPY,2024-04-25,long,499.355,497.865,2024-04-25T14:00:00+00:00,2024-04-25T14:15:00+00:00,499.34,0.3199999999999932,497.89,502.23999999999995,1,1,2024-04-25T14:20:00+00:00,499.36999999999995,2024-04-25T17:04:00+00:00,502.21,TAKE_PROFIT,2.840000000000032,0.30047399999999996,0.05999999999994543,2.539526000000032,1.9586206896552096,1.7513972413793462,4.107738050950177,1.4499999999999886,0.005,0.0017649616187972155,,HYP-FCR-03,severe,821.5476101900354,824.0871361900354,31.999999999999318,0.7954899999999953,0.40226778463587864,3,3,37.5,1.4499999999999886,15.0,2024,10
QQQ,2024-04-25,short,419.945,418.14,2024-04-25T14:45:00+00:00,2024-04-25T14:55:00+00:00,419.25,0.07999999999998408,420.2,417.35,1,1,2024-04-25T15:00:00+00:00,419.23,2024-04-25T15:11:00+00:00,420.22999999999996,STOP_LOSS,-0.9999999999999432,0.251838,0.049999999999954525,-1.2518379999999432,-1.0526315789473213,-1.3177242105262716,4.173824261750246,0.9499999999999886,0.005,0.0011380450402595735,,HYP-FCR-03,severe,834.7648523500492,833.5130143500493,7.999999999998408,0.8083071428571357,0.09897227892507154,2,2,43.17000000000348,0.9499999999999886,10.0,2024,11
SPY,2024-04-29,long,510.75,509.02,2024-04-29T15:35:00+00:00,2024-04-29T16:00:00+00:00,509.775,0.06020000000000891,509.3399,510.64519999999993,1,1,2024-04-29T16:05:00+00:00,509.79999999999995,2024-04-29T18:32:00+00:00,509.3099,STOP_LOSS,-0.49009999999992715,0.30573296999999994,0.05499999999994998,-0.7958329699999271,-1.1264077223625668,-1.8290806021603514,4.120435680950177,0.43509999999997717,0.005,0.0005279781480530751,,HYP-FCR-03,severe,824.0871361900354,823.2913032200355,6.020000000000891,0.33041428571429166,0.18219551212765567,5,5,1.4999999999986358,0.43509999999997717,25.0,2024,12
QQQ,2024-04-30,short,432.36,430.87,2024-04-30T14:00:00+00:00,2024-04-30T14:30:00+00:00,431.17,0.39999999999997726,431.9,429.7100000000001,1,1,2024-04-30T14:35:00+00:00,431.12,2024-04-30T14:45:00+00:00,431.92999999999995,STOP_LOSS,-0.8099999999999454,0.25891499999999995,0.07999999999998408,-1.0689149999999454,-1.1095890410958744,-1.464267123287674,4.167565071750246,0.7299999999999613,0.005,0.0008758111600323307,,HYP-FCR-03,severe,833.5130143500493,832.4440993500493,39.999999999997726,0.6872153846153861,0.582059146163972,6,6,19.999999999998863,0.7299999999999613,30.0,2024,10
SPY,2024-04-30,short,509.54,508.2,2024-04-30T14:05:00+00:00,2024-04-30T14:30:00+00:00,508.32,0.47999999999996135,509.25,506.46,1,1,2024-04-30T14:35:00+00:00,508.28000000000003,2024-04-30T14:46:00+00:00,509.28,STOP_LOSS,-0.9999999999999432,0.305268,0.06999999999993634,-1.305267999999943,-1.0752688172042322,-1.403513978494552,4.116456516100177,0.9300000000000068,0.005,0.0011296123211342267,,HYP-FCR-03,severe,823.2913032200355,821.9860352200355,47.999999999996135,0.5400538461538531,0.8888002620820455,5,5,1.999999999998181,0.9300000000000068,25.0,2024,10
QQQ,2024-05-01,long,423.52,422.04,2024-05-01T15:35:00+00:00,2024-05-01T15:40:00+00:00,422.55,0.06999999999999318,421.93,423.79,1,1,2024-05-01T15:45:00+00:00,422.55999999999995,2024-05-01T15:51:00+00:00,421.90000000000003,STOP_LOSS,-0.6599999999999113,0.253338,0.03999999999990678,-0.9133379999999114,-1.0645161290321072,-1.4731258064514592,4.162220496750247,0.6200000000000045,0.005,0.0007447947561693145,,HYP-FCR-03,severe,832.4440993500493,831.5307613500494,6.999999999999318,0.53030714285714,0.1319989763344571,1,1,1.50000000000432,0.6200000000000045,5.0,2024,11
SPY,2024-05-01,long,501.83,500.4187,2024-05-01T15:20:00+00:00,2024-05-01T15:40:00+00:00,501.315,0.07999999999998408,500.83,502.285,1,1,2024-05-01T15:45:00+00:00,501.34999999999997,2024-05-01T15:50:00+00:00,500.8,STOP_LOSS,-0.5499999999999545,0.30064499999999994,0.06499999999994088,-0.8506449999999545,-1.1340206185565753,-1.753907216494702,4.109930176100177,0.48500000000001364,0.005,0.0005900343548661202,,HYP-FCR-03,severe,821.9860352200355,821.1353902200356,7.999999999998408,0.4115357142857111,0.19439382105350791,4,4,27.51999999999839,0.48500000000001364,20.0,2024,11
QQQ,2024-05-02,long,425.76,422.92,2024-05-02T14:20:00+00:00,2024-05-02T14:25:00+00:00,423.3,0.4300000000000068,422.02,425.86000000000007,1,1,2024-05-02T14:30:00+00:00,423.30999999999995,2024-05-02T14:46:00+00:00,421.99,STOP_LOSS,-1.3199999999999363,0.25359,0.03999999999990678,-1.5735899999999363,-1.0312499999999265,-1.229367187499922,4.157653806750247,1.2800000000000296,0.005,0.0015393297031150819,,HYP-FCR-03,severe,831.5307613500494,829.9571713500494,43.00000000000068,1.1484083333333313,0.37443127807328197,1,1,106.99999999999932,1.2800000000000296,5.0,2024,10
SPY,2024-05-02,long,504.68,501.6604,2024-05-02T14:20:00+00:00,2024-05-02T14:25:00+00:00,502.02,0.4549999999999841,500.79,504.4799999999999,1,1,2024-05-02T14:30:00+00:00,502.04999999999995,2024-05-02T14:42:00+00:00,500.76000000000005,STOP_LOSS,-1.2899999999999068,0.30084299999999997,0.05999999999994543,-1.5908429999999067,-1.0487804878048352,-1.2933682926828916,4.105676951100178,1.2299999999999613,0.005,0.0014979259384623094,,HYP-FCR-03,severe,821.1353902200356,819.5445472200356,45.49999999999841,0.9821250000000011,0.4632811505663572,1,1,92.03999999999724,1.2299999999999613,5.0,2024,10
QQQ,2024-05-03,short,435.88,433.49,2024-05-03T14:00:00+00:00,2024-05-03T14:05:00+00:00,434.21,0.4571000000000254,435.62,431.38999999999993,1,1,2024-05-03T14:10:00+00:00,434.13000000000005,2024-05-03T18:07:00+00:00,435.65,STOP_LOSS,-1.519999999999925,0.26093399999999994,0.10999999999989996,-1.780933999999925,-1.0780141843970907,-1.2630737588651726,4.149785856750247,1.410000000000025,0.005,0.0016988828444080425,,HYP-FCR-03,severe,829.9571713500494,828.1762373500495,45.71000000000254,1.1591499999999968,0.3943406806712044,1,1,60.000000000002274,1.410000000000025,5.0,2024,10
SPY,2024-05-03,short,511.98,509.61,2024-05-03T14:00:00+00:00,2024-05-03T14:05:00+00:00,510.13,0.660000000000025,511.69,507.01,1,1,2024-05-03T14:10:00+00:00,510.08000000000004,2024-05-03T18:07:00+00:00,511.71999999999997,STOP_LOSS,-1.6399999999999295,0.30654,0.07999999999992724,-1.9465399999999295,-1.0512820512820045,-1.2477820512820044,4.097722736100178,1.5600000000000023,0.005,0.0019034962837488872,,HYP-FCR-03,severe,819.5445472200356,817.5980072200357,66.0000000000025,1.1387499999999946,0.5795828759605077,1,1,56.99999999999363,1.5600000000000023,5.0,2024,10
QQQ,2024-05-06,short,438.16,436.52,2024-05-06T16:00:00+00:00,2024-05-06T16:05:00+00:00,437.97,0.07120000000003301,438.23,437.45000000000005,1,1,2024-05-06T16:10:00+00:00,437.93,2024-05-06T16:20:00+00:00,437.48,TAKE_PROFIT,0.44999999999998863,0.262623,0.06999999999999318,0.18737699999998864,1.7307692307692475,0.7206807692307508,4.1408811867502475,0.2599999999999909,0.005,0.0003139428400311555,,HYP-FCR-03,severe,828.1762373500495,828.3636143500495,7.1200000000033015,0.2927357142857098,0.243222799697552,1,1,6.000000000000227,0.2599999999999909,5.0,2024,12
SPY,2024-05-06,short,514.36,513.3,2024-05-06T15:55:00+00:00,2024-05-06T16:05:00+00:00,514.17,0.010799999999903775,514.37,513.7699999999999,1,1,2024-05-06T16:10:00+00:00,514.14,2024-05-06T16:21:00+00:00,513.7999999999998,TAKE_PROFIT,0.3400000000001455,0.30838199999999993,0.05999999999994543,0.031618000000145585,1.700000000000341,0.15809000000069198,4.087990036100178,0.20000000000004547,0.005,0.0002446189915262606,,HYP-FCR-03,severe,817.5980072200357,817.6296252200358,1.0799999999903775,0.2510642857143109,0.04301687103435025,2,2,10.000000000002274,0.20000000000004547,10.0,2024,12
QQQ,2024-05-07,long,441.2914,440.14,2024-05-07T14:00:00+00:00,2024-05-07T14:15:00+00:00,440.84,0.18500000000000227,440.33,441.85999999999996,1,1,2024-05-07T14:20:00+00:00,440.84999999999997,2024-05-07T14:21:00+00:00,440.3,STOP_LOSS,-0.5499999999999545,0.264345,0.03999999999996362,-0.8143449999999546,-1.0784313725489496,-1.5967549019607237,4.141818071750247,0.5099999999999909,0.005,0.0006156716581523767,,HYP-FCR-03,severe,828.3636143500495,827.5492693500495,18.500000000000227,0.5453800000000001,0.3392130257801941,3,3,15.999999999996817,0.5099999999999909,15.0,2024,10
SPY,2024-05-07,long,517.93,517.165,2024-05-07T14:00:00+00:00,2024-05-07T14:15:00+00:00,517.67,0.06979999999998654,517.25,518.5099999999999,1,1,2024-05-07T14:20:00+00:00,517.6999999999999,2024-05-07T14:24:00+00:00,517.22,STOP_LOSS,-0.4799999999999045,0.310476,0.05999999999994543,-0.7904759999999045,-1.1428571428570269,-1.8820857142856702,4.088148126100179,0.4199999999999591,0.005,0.0005136800172656795,,HYP-FCR-03,severe,817.6296252200358,816.8391492200359,6.979999999998654,0.4035199999999918,0.17297779540044597,3,3,21.99999999999136,0.4199999999999591,15.0,2024,10
QQQ,2024-05-08,short,439.85,437.55,2024-05-08T17:05:00+00:00,2024-05-08T17:25:00+00:00,439.158,0.18000000000000682,439.61,438.254,1,1,2024-05-08T17:30:00+00:00,439.1,2024-05-08T17:44:00+00:00,439.64,STOP_LOSS,-0.5399999999999636,0.26362199999999997,0.08799999999996544,-0.8036219999999636,-1.19469026548665,-1.7779247787609886,4.137746346750247,0.4519999999999982,0.005,0.0005461910447398441,,HYP-FCR-03,severe,827.5492693500495,826.7456473500495,18.000000000000682,0.3681714285714333,0.48890268508460016,4,4,14.999999999997726,0.4519999999999982,20.0,2024,13
SPY,2024-05-08,short,516.53,515.14,2024-05-08T17:20:00+00:00,2024-05-08T17:25:00+00:00,516.29,0.08499999999992269,516.66,515.55,1,1,2024-05-08T17:30:00+00:00,516.25,2024-05-08T17:42:00+00:00,516.6899999999999,STOP_LOSS,-0.4399999999999409,0.309882,0.06999999999993634,-0.7498819999999409,-1.1891891891890147,-2.0267081081079232,4.084195746100179,0.37000000000000455,0.005,0.0004529655567479857,,HYP-FCR-03,severe,816.8391492200359,816.0892672200359,8.49999999999227,0.3153642857142976,0.26952956897892977,1,1,6.000000000005912,0.37000000000000455,5.0,2024,13
QQQ,2024-05-09,short,440.76,438.46,2024-05-09T15:45:00+00:00,2024-05-09T15:50:00+00:00,440.465,0.1199999999999477,441.19,439.01499999999993,1,1,2024-05-09T15:55:00+00:00,440.43,2024-05-09T17:01:00+00:00,441.21999999999997,STOP_LOSS,-0.7899999999999636,0.264495,0.06499999999994088,-1.0544949999999635,-1.0896551724137087,-1.4544758620688696,4.1337282367502475,0.7250000000000227,0.005,0.00087693234590814,,HYP-FCR-03,severe,826.7456473500495,825.6911523500495,11.99999999999477,0.39428571428571707,0.30434782608682176,1,1,25.0,0.7250000000000227,5.0,2024,11
SPY,2024-05-13,long,522.67,521.1,2024-05-13T16:00:00+00:00,2024-05-13T16:05:00+00:00,521.33,0.0301000000000613,521.0304,521.9292000000002,1,1,2024-05-13T16:10:00+00:00,521.36,2024-05-13T16:59:00+00:00,521.0004,STOP_LOSS,-0.35960000000000036,0.31270812,0.05999999999994543,-0.6723081200000003,-1.2002670226967105,-2.24401909212242,4.08044633610018,0.29960000000005493,0.005,0.0003671167016086686,,HYP-FCR-03,severe,816.0892672200359,815.4169591000359,3.01000000000613,0.26727142857142133,0.11261959484763205,1,1,9.000000000003183,0.29960000000005493,5.0,2024,12
QQQ,2024-05-13,long,444.09,442.08,2024-05-13T17:10:00+00:00,2024-05-13T17:20:00+00:00,443.0,0.3450000000000273,442.05,444.9,1,1,2024-05-13T17:25:00+00:00,443.03999999999996,2024-05-13T19:59:00+00:00,443.07000000000005,FORCED_SESSION_CLOSE,0.030000000000086402,0.265833,0.06999999999993634,-0.23583299999991358,0.03157894736851238,-0.24824526315780673,4.1284557617502475,0.9499999999999886,0.005,0.001150551265199023,,HYP-FCR-03,severe,825.6911523500495,825.4553193500495,34.50000000000273,0.31110000000000226,1.108968177434988,2,2,43.00000000000068,0.9499999999999886,10.0,2024,13
QQQ,2024-05-14,short,443.911,442.46,2024-05-14T14:35:00+00:00,2024-05-14T14:40:00+00:00,443.35,1.089999999999975,444.83,440.3900000000001,1,1,2024-05-14T14:45:00+00:00,443.31,2024-05-14T15:17:00+00:00,444.85999999999996,STOP_LOSS,-1.5499999999999545,0.26645099999999994,0.06999999999999318,-1.8164509999999545,-1.0472972972972938,-1.227331756756758,4.127276596750248,1.4799999999999613,0.005,0.0017929498608904597,,HYP-FCR-03,severe,825.4553193500495,823.6388683500496,108.9999999999975,0.6995714285714314,1.5580967939554409,1,1,64.90000000000009,1.4799999999999613,5.0,2024,10
SPY,2024-05-14,short,521.68,520.88,2024-05-14T14:35:00+00:00,2024-05-14T14:40:00+00:00,521.13,0.7649999999999864,522.24,518.91,1,1,2024-05-14T14:45:00+00:00,521.09,2024-05-14T18:14:00+00:00,522.27,STOP_LOSS,-1.17999999999995,0.313008,0.06999999999993634,-1.49300799999995,-1.063063063063005,-1.3450522522521906,4.07708479550018,1.1100000000000136,0.005,0.0013612667575924652,,HYP-FCR-03,severe,815.4169591000359,813.923951100036,76.49999999999864,0.5477428571428504,1.3966407594804575,1,1,37.999999999999545,1.1100000000000136,5.0,2024,10
QQQ,2024-05-16,short,453.619,452.53,2024-05-16T17:20:00+00:00,2024-05-16T17:25:00+00:00,452.98,0.6400000000000432,454.11,450.72,1,1,2024-05-16T17:30:00+00:00,452.94000000000005,2024-05-16T19:59:00+00:00,451.98999999999995,FORCED_SESSION_CLOSE,0.9500000000001023,0.27147899999999997,0.06999999999993634,0.6785210000001023,0.8407079646018638,0.6004610619469956,4.1181943417502485,1.1299999999999955,0.005,0.0013719605077206498,,HYP-FCR-03,severe,823.6388683500496,824.3173893500497,64.00000000000432,0.3941357142857141,1.6238061581399825,1,1,46.09999999999559,1.1299999999999955,5.0,2024,13
SPY,2024-05-16,long,530.33,529.86,2024-05-16T17:50:00+00:00,2024-05-16T17:55:00+00:00,530.05,0.03499999999996817,529.51,531.1299999999999,1,1,2024-05-16T18:00:00+00:00,530.0849999999999,2024-05-16T18:07:00+00:00,529.48,STOP_LOSS,-0.6049999999999045,0.31786949999999997,0.06499999999994088,-0.9228694999999045,-1.120370370370269,-1.7090175925925308,4.06961975550018,0.5399999999999636,0.005,0.0006634526472284564,,HYP-FCR-03,severe,813.923951100036,813.0010816000361,3.4999999999968168,0.4147785714285663,0.08438237269447733,1,1,38.49999999999909,0.5399999999999636,5.0,2024,14
SPY,2024-05-17,long,529.2,528.36,2024-05-17T14:10:00+00:00,2024-05-17T14:25:00+00:00,529.17,0.16999999999995907,528.5600000000001,530.3899999999998,1,1,2024-05-17T14:30:00+00:00,529.1999999999999,2024-05-17T15:04:00+00:00,528.5300000000001,STOP_LOSS,-0.6699999999998454,0.31731899999999996,0.05999999999994543,-0.9873189999998453,-1.0983606557376315,-1.6185557377049298,4.0650054080001805,0.6099999999999,0.005,0.0007503065048811282,,HYP-FCR-03,severe,813.0010816000361,812.0137626000362,16.999999999995907,0.3440083333333253,0.4941740752403179,3,3,1.8000000000029104,0.6099999999999,15.0,2024,10
QQQ,2024-05-17,short,452.48,451.35,2024-05-17T14:55:00+00:00,2024-05-17T15:05:00+00:00,452.13,0.13999999999998636,452.58,451.23,1,1,2024-05-17T15:10:00+00:00,452.105,2024-05-17T16:45:00+00:00,451.26,TAKE_PROFIT,0.8450000000000273,0.27100949999999996,0.05499999999994998,0.5739905000000274,1.877777777777886,1.2755344444445376,4.121586946750249,0.44999999999998863,0.005,0.0005459062320094941,,HYP-FCR-03,severe,824.3173893500497,824.8913798500497,13.999999999998636,0.42107857142857646,0.3324795168868697,2,2,9.99999999999659,0.44999999999998863,10.0,2024,11
QQQ,2024-05-20,short,454.64,451.785,2024-05-20T14:50:00+00:00,2024-05-20T15:00:00+00:00,454.31,0.13269999999999982,454.92,453.09,1,1,2024-05-20T15:05:00+00:00,454.29990000000004,2024-05-20T16:39:00+00:00,454.95,STOP_LOSS,-0.6500999999999522,0.27277497,0.04009999999993852,-0.9228749699999521,-1.0657377049179306,-1.5129097868851336,4.124456899250249,0.6100000000000136,0.005,0.0007394913014012834,,HYP-FCR-03,severe,824.8913798500497,823.9685048800497,13.269999999999982,0.3333285714285564,0.39810568722412065,2,2,37.000000000000455,0.6100000000000136,10.0,2024,11
SPY,2024-05-20,short,531.23,529.47,2024-05-20T15:40:00+00:00,2024-05-20T15:45:00+00:00,530.975,0.17999999999994998,531.4901,529.9448000000001,1,1,2024-05-20T15:50:00+00:00,530.95,2024-05-20T18:07:00+00:00,529.9748000000001,TAKE_PROFIT,0.9751999999999725,0.31827744,0.05499999999994998,0.6569225599999725,1.893224616579394,1.2753301494855793,4.060068813000181,0.5150999999999613,0.005,0.0006343488543231475,,HYP-FCR-03,severe,812.0137626000362,812.6706851600362,17.999999999994998,0.23542857142856682,0.764563106795919,1,1,14.099999999996271,0.5150999999999613,5.0,2024,11
QQQ,2024-05-22,short,456.61,455.62,2024-05-22T15:45:00+00:00,2024-05-22T15:50:00+00:00,456.21,0.05000000000001137,456.72499999999997,455.18,1,1,2024-05-22T15:55:00+00:00,456.16,2024-05-22T17:37:00+00:00,455.21,TAKE_PROFIT,0.9500000000000455,0.27341099999999996,0.07999999999992724,0.6765890000000455,1.8446601941748944,1.3137650485438126,4.119842524400249,0.5149999999999864,0.005,0.0006250238898086986,,HYP-FCR-03,severe,823.9685048800497,824.6450938800498,5.000000000001137,0.2390285714285767,0.20918001434381536,1,1,3.9699999999982083,0.5149999999999864,5.0,2024,11
SPY,2024-05-22,short,531.19,530.625,2024-05-22T15:20:00+00:00,2024-05-22T15:55:00+00:00,530.71,0.09500000000002728,530.96,530.21,1,1,2024-05-22T16:00:00+00:00,530.6600000000001,2024-05-22T16:10:00+00:00,530.99,STOP_LOSS,-0.32999999999992724,0.318495,0.07999999999992724,-0.6484949999999272,-1.319999999999709,-2.593979999999709,4.063353425800181,0.25,0.005,0.00030762768310114253,,HYP-FCR-03,severe,812.6706851600362,812.0221901600363,9.500000000002728,0.20134285714284975,0.4718319852420998,7,7,6.9999999999936335,0.25,35.0,2024,12
QQQ,2024-05-23,long,460.58,457.07,2024-05-23T15:05:00+00:00,2024-05-23T15:10:00+00:00,458.11,0.5099999999999909,456.32,461.69000000000005,1,1,2024-05-23T15:15:00+00:00,458.14,2024-05-23T17:37:00+00:00,456.29,STOP_LOSS,-1.849999999999966,0.274329,0.05999999999994543,-2.1243289999999657,-1.033519553072595,-1.1867759776535987,4.123225469400249,1.7900000000000205,0.005,0.002170630751682357,,HYP-FCR-03,severe,824.6450938800498,822.5207648800498,50.99999999999909,0.8280499999999985,0.6159048366644427,1,1,12.000000000000455,1.7900000000000205,5.0,2024,11
SPY,2024-05-23,long,533.07,529.545,2024-05-23T15:05:00+00:00,2024-05-23T15:10:00+00:00,530.375,0.37150000000008276,529.05,533.0250000000001,1,1,2024-05-23T15:15:00+00:00,530.41,2024-05-23T17:20:00+00:00,529.02,STOP_LOSS,-1.3899999999999864,0.3178289999999999,0.06499999999994088,-1.7078289999999863,-1.0490566037735387,-1.2889275471697568,4.060110950800182,1.3250000000000455,0.005,0.0016317288074835857,,HYP-FCR-03,severe,812.0221901600363,810.3143611600364,37.150000000008276,0.6719999999999929,0.5528273809525099,1,1,15.479999999990923,1.3250000000000455,5.0,2024,11
SPY,2024-05-28,long,530.51,529.12,2024-05-28T14:00:00+00:00,2024-05-28T14:45:00+00:00,529.93,0.08000000000004093,529.2,531.3899999999998,1,1,2024-05-28T14:50:00+00:00,530.01,2024-05-28T17:04:00+00:00,529.1700000000001,STOP_LOSS,-0.8399999999999181,0.317754,0.11000000000001364,-1.157753999999918,-1.1506849315068877,-1.585964383561739,4.051571805800182,0.7299999999999045,0.005,0.0009008849342801295,,HYP-FCR-03,severe,810.3143611600364,809.1566071600364,8.000000000004093,0.46622857142857094,0.17158965559513636,9,9,12.000000000000455,0.7299999999999045,45.0,2024,10
QQQ,2024-05-28,short,459.56,457.09,2024-05-28T17:40:00+00:00,2024-05-28T17:50:00+00:00,458.6299,0.2799999999999727,459.65999999999997,456.5697000000001,1,1,2024-05-28T17:55:00+00:00,458.59000000000003,2024-05-28T19:59:00+00:00,459.68999999999994,STOP_LOSS,-1.099999999999909,0.27548399999999995,0.06989999999996144,-1.3754839999999091,-1.067857489564086,-1.3352917192505378,4.112603824400249,1.0300999999999476,0.005,0.0012523695984139314,,HYP-FCR-03,severe,822.5207648800498,821.1452808800499,27.99999999999727,0.4623928571428613,0.6055456862593006,2,2,12.999999999999545,1.0300999999999476,10.0,2024,13
QQQ,2024-05-29,short,457.5,455.34,2024-05-29T15:05:00+00:00,2024-05-29T15:10:00+00:00,457.14,0.2599999999999909,457.96,455.5,1,1,2024-05-29T15:15:00+00:00,457.11,2024-05-29T16:39:00+00:00,457.98999999999995,STOP_LOSS,-0.8799999999999386,0.27452999999999994,0.05999999999994543,-1.1545299999999385,-1.0731707317072512,-1.4079634146340831,4.105726404400249,0.8199999999999932,0.005,0.0009986052640053788,,HYP-FCR-03,severe,821.1452808800499,819.99075088005,25.99999999999909,0.5247500000000075,0.4954740352548589,1,1,31.999999999999318,0.8199999999999932,5.0,2024,11
SPY,2024-05-29,short,526.42,525.37,2024-05-29T15:10:00+00:00,2024-05-29T15:15:00+00:00,526.251,0.020100000000070395,526.8,525.153,1,1,2024-05-29T15:20:00+00:00,526.2313,2024-05-29T16:26:00+00:00,526.8299999999999,STOP_LOSS,-0.5986999999998943,0.31591838999999994,0.049699999999916145,-0.9146183899998943,-1.0905282331510349,-1.665971566484391,4.0457830358001825,0.5489999999999782,0.005,0.0006784842330174485,,HYP-FCR-03,severe,809.1566071600364,808.2419887700365,2.0100000000070395,0.39963571428572614,0.05029580510839821,1,1,2.0000000000095497,0.5489999999999782,5.0,2024,11
SPY,2024-05-30,long,524.99,523.92,2024-05-30T16:00:00+00:00,2024-05-30T16:05:00+00:00,524.12,0.07999999999992724,523.69,524.9799999999999,1,1,2024-05-30T16:10:00+00:00,524.16,2024-05-30T17:01:00+00:00,524.9499999999999,TAKE_PROFIT,0.7899999999999636,0.31473299999999993,0.06999999999993634,0.4752669999999637,1.8372093023257106,1.1052720930233,4.041209943850182,0.42999999999995,0.005,0.0005320188829267752,,HYP-FCR-03,severe,808.2419887700365,808.7172557700364,7.999999999992724,0.3894428571428453,0.20542166464895187,1,1,22.499999999990905,0.42999999999995,5.0,2024,12
SPY,2024-05-31,long,524.81,522.94,2024-05-31T19:40:00+00:00,2024-05-31T19:45:00+00:00,524.665,1.080000000000041,522.46,529.0749999999998,1,1,2024-05-31T19:50:00+00:00,524.6999999999999,2024-05-31T19:59:00+00:00,527.32,FORCED_SESSION_CLOSE,2.6200000000001182,0.31560599999999994,0.06499999999994088,2.3043940000001184,1.1882086167801382,1.045076643991018,4.043586278850182,2.2049999999999272,0.005,0.0027265400660956493,,HYP-FCR-03,severe,808.7172557700364,811.0216497700366,108.00000000000409,0.6056285714285617,1.7832712176252317,1,1,47.00000000000273,2.2049999999999272,5.0,2024,15
SPY,2024-06-03,short,529.16,527.345,2024-06-03T14:00:00+00:00,2024-06-03T14:35:00+00:00,527.35,0.2400000000000091,528.24,525.57,1,1,2024-06-03T14:40:00+00:00,527.33,2024-06-03T15:02:00+00:00,525.6,TAKE_PROFIT,1.7300000000000182,0.31587899999999997,0.049999999999954525,1.4141210000000182,1.9438202247191514,1.5889000000000448,4.055108248850183,0.8899999999999864,0.005,0.0010973813094290934,,HYP-FCR-03,severe,811.0216497700366,812.4357707700366,24.00000000000091,0.6778357142857041,0.354068094881838,7,7,14.999999999997726,0.8899999999999864,35.0,2024,10
SPY,2024-06-04,short,526.79,525.77,2024-06-04T14:50:00+00:00,2024-06-04T15:00:00+00:00,526.02,0.19039999999995416,526.64,524.78,1,1,2024-06-04T15:05:00+00:00,525.97,2024-06-04T16:43:00+00:00,526.67,STOP_LOSS,-0.6999999999999318,0.31579199999999996,0.07999999999992724,-1.0157919999999319,-1.1290322580643979,-1.6383741935482652,4.062178853850183,0.6200000000000045,0.005,0.0007631372501143825,,HYP-FCR-03,severe,812.4357707700366,811.4199787700367,19.039999999995416,0.7668071428571466,0.2483023296972926,2,2,12.999999999999545,0.6200000000000045,10.0,2024,11
QQQ,2024-06-04,short,453.15,451.44,2024-06-04T14:40:00+00:00,2024-06-04T15:30:00+00:00,451.5394,0.2729999999999677,452.5,449.6182,1,1,2024-06-04T15:35:00+00:00,451.49,2024-06-04T16:42:00+00:00,452.53,STOP_LOSS,-1.0399999999999636,0.27120599999999995,0.07939999999996417,-1.3112059999999635,-1.0826566729127256,-1.3649864667915512,4.09995375440025,0.9605999999999995,0.005,0.001171476628204698,,HYP-FCR-03,severe,819.99075088005,818.67954488005,27.29999999999677,0.6909571428571439,0.39510409990277895,10,10,6.000000000000227,0.9605999999999995,50.0,2024,11
SPY,2024-06-05,long,530.82,529.51,2024-06-05T14:20:00+00:00,2024-06-05T14:25:00+00:00,530.265,0.38999999999998636,529.3100000000001,532.1749999999998,1,1,2024-06-05T14:30:00+00:00,530.31,2024-06-05T15:18:00+00:00,532.1449999999999,TAKE_PROFIT,1.8349999999999227,0.3187364999999999,0.07499999999993179,1.5162634999999227,1.9214659685864528,1.5877104712042285,4.057099893850183,0.9549999999999272,0.005,0.0011769490830722846,,HYP-FCR-03,severe,811.4199787700367,812.9362422700366,38.999999999998636,0.624133333333352,0.624866481521002,1,1,8.000000000004093,0.9549999999999272,5.0,2024,10
SPY,2024-06-06,long,535.42,534.33,2024-06-06T18:50:00+00:00,2024-06-06T18:55:00+00:00,534.405,0.2054000000000542,533.87,535.4749999999999,1,1,2024-06-06T19:00:00+00:00,534.435,2024-06-06T19:59:00+00:00,534.6,FORCED_SESSION_CLOSE,0.1650000000000773,0.32071049999999995,0.05999999999994543,-0.15571049999992265,0.3084112149534339,-0.2910476635512746,4.064681211350183,0.5349999999999682,0.005,0.0006581081912476168,,HYP-FCR-03,severe,812.9362422700366,812.7805317700366,20.54000000000542,0.43926428571427323,0.46760004553081297,1,1,21.000000000003638,0.5349999999999682,5.0,2024,15
QQQ,2024-06-06,long,464.54,462.48,2024-06-06T18:10:00+00:00,2024-06-06T19:50:00+00:00,463.39,0.06999999999999318,462.92,464.3299999999999,1,1,2024-06-06T19:55:00+00:00,463.4,2024-06-06T19:59:00+00:00,463.38000000000005,FORCED_SESSION_CLOSE,-0.019999999999924967,0.27803399999999995,0.03999999999996362,-0.2980339999999249,-0.042553191489204736,-0.6341148936169014,4.09339772440025,0.46999999999997044,0.005,0.0005740952035986598,,HYP-FCR-03,severe,818.67954488005,818.3815108800501,6.999999999999318,0.3779357142857082,0.1852166846213302,20,20,29.000000000002046,0.46999999999997044,100.0,2024,15
QQQ,2024-06-07,short,463.58,461.84,2024-06-07T15:00:00+00:00,2024-06-07T15:05:00+00:00,462.78,0.18500000000000227,464.39,459.55999999999995,1,1,2024-06-07T15:10:00+00:00,462.7325,2024-06-07T15:38:00+00:00,464.41999999999996,STOP_LOSS,-1.6874999999999432,0.27814574999999997,0.07749999999992951,-1.9656457499999431,-1.0481366459626886,-1.220897981366414,4.09190755440025,1.6100000000000136,0.005,0.0019672976217029797,,HYP-FCR-03,severe,818.3815108800501,816.4158651300502,18.500000000000227,0.5757000000000038,0.3213479242661127,1,1,29.50000000000159,1.6100000000000136,5.0,2024,11
SPY,2024-06-12,short,542.96,541.21,2024-06-12T17:25:00+00:00,2024-06-12T17:30:00+00:00,542.5899,0.1350000000001046,543.16,541.4496999999999,1,1,2024-06-12T17:35:00+00:00,542.5600000000001,2024-06-12T18:00:00+00:00,541.4796999999999,TAKE_PROFIT,1.080300000000193,0.32521190999999994,0.059899999999856846,0.7550880900001931,1.8949307139100962,1.3244835818280303,4.063902658850183,0.5701000000000249,0.005,0.0007014193594899314,,HYP-FCR-03,severe,812.7805317700366,813.5356198600368,13.50000000001046,0.29160000000000047,0.4629629629633209,1,1,40.99999999999682,0.5701000000000249,5.0,2024,13
QQQ,2024-06-12,short,474.4599,471.29,2024-06-12T18:00:00+00:00,2024-06-12T18:05:00+00:00,473.98,0.18999999999999773,474.78499999999997,472.3700000000001,1,1,2024-06-12T18:10:00+00:00,473.96000000000004,2024-06-12T18:18:00+00:00,474.81499999999994,STOP_LOSS,-0.8549999999999045,0.28463249999999995,0.049999999999954525,-1.1396324999999043,-1.0621118012421833,-1.4156925465838202,4.082079325650251,0.80499999999995,0.005,0.0009860170954317728,,HYP-FCR-03,severe,816.4158651300502,815.2762326300502,18.999999999999773,0.4732142857142776,0.40150943396226624,1,1,59.01000000000067,0.80499999999995,5.0,2024,14
SPY,2024-06-13,long,543.19,541.74,2024-06-13T18:05:00+00:00,2024-06-13T18:10:00+00:00,541.9899,0.14049999999997453,541.34,543.2897,1,1,2024-06-13T18:15:00+00:00,542.03,2024-06-13T19:59:00+00:00,543.2597000000001,TAKE_PROFIT,1.2297000000000935,0.32558691,0.07009999999991123,0.9041130900000935,1.8921372518850423,1.3911572395754581,4.067678099300184,0.6499000000000024,0.005,0.0007988586905534796,,HYP-FCR-03,severe,813.5356198600368,814.439732950037,14.049999999997453,0.3767214285714268,0.3729546273297155,1,1,40.98999999999933,0.6499000000000024,5.0,2024,14
SPY,2024-06-14,long,541.6295,540.665,2024-06-14T14:15:00+00:00,2024-06-14T14:20:00+00:00,541.22,0.13000000000010914,540.12,543.4200000000001,1,1,2024-06-14T14:25:00+00:00,541.2524999999999,2024-06-14T14:36:00+00:00,540.09,STOP_LOSS,-1.162499999999909,0.32440274999999996,0.06249999999988631,-1.486902749999909,-1.0568181818180773,-1.351729772727162,4.072198664750185,1.1000000000000227,0.005,0.0013506217286522095,,HYP-FCR-03,severe,814.439732950037,812.952830200037,13.000000000010914,0.5630272727272541,0.23089467650545717,1,1,55.99999999999454,1.1000000000000227,5.0,2024,10
QQQ,2024-06-14,short,478.14,476.05,2024-06-14T14:25:00+00:00,2024-06-14T14:35:00+00:00,476.5225,0.22000000000002728,478.25,473.06749999999994,1,1,2024-06-14T14:40:00+00:00,476.5,2024-06-14T17:09:00+00:00,478.28,STOP_LOSS,-1.7799999999999727,0.28643399999999997,0.05249999999995225,-2.0664339999999726,-1.0303907380607535,-1.1961991316931682,4.076381163150251,1.7275000000000205,0.005,0.002118913726243645,,HYP-FCR-03,severe,815.2762326300502,813.2097986300503,22.00000000000273,0.6981285714285548,0.3151281998813619,2,2,10.500000000001819,1.7275000000000205,10.0,2024,10
QQQ,2024-06-17,short,479.82,478.14,2024-06-17T14:20:00+00:00,2024-06-17T14:25:00+00:00,479.23,0.060000000000002274,479.84,478.0100000000001,1,1,2024-06-17T14:30:00+00:00,479.24,2024-06-17T14:37:00+00:00,479.86999999999995,STOP_LOSS,-0.6299999999999386,0.28773299999999996,0.03999999999996362,-0.9177329999999386,-1.0327868852458741,-1.5044803278688583,4.066048993150251,0.6099999999999568,0.005,0.0007501139325025045,,HYP-FCR-03,severe,813.2097986300503,812.2920656300504,6.000000000000227,0.635083333333327,0.09447579057866874,1,1,7.999999999998408,0.6099999999999568,5.0,2024,10
SPY,2024-06-18,long,548.22,547.11,2024-06-18T15:35:00+00:00,2024-06-18T15:40:00+00:00,547.535,0.13999999999998636,547.05,548.505,1,1,2024-06-18T15:45:00+00:00,547.56,2024-06-18T17:49:00+00:00,548.475,TAKE_PROFIT,0.9150000000000773,0.32881049999999995,0.05499999999994998,0.5861895000000774,1.8865979381444362,1.2086381443300225,4.064764151000185,0.48500000000001364,0.005,0.0005965905794075081,,HYP-FCR-03,severe,812.952830200037,813.5390197000371,13.999999999998636,0.3139214285714128,0.44597146692755407,1,1,6.989999999996144,0.48500000000001364,5.0,2024,11
QQQ,2024-06-18,long,485.68,484.38,2024-06-18T15:40:00+00:00,2024-06-18T15:45:00+00:00,484.705,0.07999999999998408,484.14,485.835,1,1,2024-06-18T15:50:00+00:00,484.73499999999996,2024-06-18T17:49:00+00:00,485.805,TAKE_PROFIT,1.07000000000005,0.291162,0.05999999999994543,0.7788380000000501,1.8938053097346095,1.37847433628328,4.061460328150252,0.5649999999999977,0.005,0.0006955626232317784,,HYP-FCR-03,severe,812.2920656300504,813.0709036300505,7.999999999998408,0.4109642857142798,0.19466411749366358,1,1,7.4299999999993815,0.5649999999999977,5.0,2024,11
QQQ,2024-06-20,long,486.8387,485.27,2024-06-20T14:55:00+00:00,2024-06-20T15:00:00+00:00,485.56,0.1450999999999567,484.74,487.2,1,1,2024-06-20T15:05:00+00:00,485.55999999999995,2024-06-20T15:48:00+00:00,484.71000000000004,STOP_LOSS,-0.849999999999909,0.291081,0.03000000000002956,-1.141080999999909,-1.0365853658535562,-1.3915621951218518,4.065354518150253,0.8199999999999932,0.005,0.0010085221305288468,,HYP-FCR-03,severe,813.0709036300505,811.9298226300506,14.50999999999567,0.7034,0.20628376457201691,1,1,24.00000000000091,0.8199999999999932,5.0,2024,11
SPY,2024-06-20,long,550.12,548.81,2024-06-20T14:50:00+00:00,2024-06-20T15:00:00+00:00,549.19,0.08010000000001583,548.7,550.1700000000001,1,1,2024-06-20T15:05:00+00:00,549.1999999999999,2024-06-20T15:27:00+00:00,548.6700000000001,STOP_LOSS,-0.529999999999859,0.32936099999999996,0.03999999999984993,-0.859360999999859,-1.0816326530609168,-1.7537979591833532,4.067695098500185,0.4900000000000091,0.005,0.0006023066972014185,,HYP-FCR-03,severe,813.5390197000371,812.6796587000373,8.010000000001583,0.45792857142857557,0.17491810949933106,2,2,9.999999999990905,0.4900000000000091,10.0,2024,11
QQQ,2024-06-21,short,481.45,478.67,2024-06-21T15:20:00+00:00,2024-06-21T15:30:00+00:00,480.25,0.21999999999997044,481.5969,477.5562,1,1,2024-06-21T15:35:00+00:00,480.23,2024-06-21T15:47:00+00:00,481.6269,STOP_LOSS,-1.3968999999999596,0.28855706999999997,0.049999999999954525,-1.6854570699999596,-1.037122280792898,-1.2513602123394114,4.059649113150253,1.346900000000005,0.005,0.0016588872122433535,,HYP-FCR-03,severe,811.9298226300506,810.2443655600506,21.999999999997044,0.6464071428571531,0.3403427737935553,2,2,32.99999999999841,1.346900000000005,10.0,2024,11
SPY,2024-06-21,short,544.86,543.02,2024-06-21T15:20:00+00:00,2024-06-21T15:30:00+00:00,544.12,0.18500000000005912,545.13,542.1,1,1,2024-06-21T15:35:00+00:00,544.1,2024-06-21T15:48:00+00:00,545.16,STOP_LOSS,-1.0599999999999454,0.32677799999999996,0.049999999999954525,-1.3867779999999454,-1.049504950495005,-1.3730475247524336,4.063398293500186,1.009999999999991,0.005,0.001242802116661302,,HYP-FCR-03,severe,812.6796587000373,811.2928807000374,18.50000000000591,0.47279285714284114,0.39129186747456834,2,2,38.999999999998636,1.009999999999991,10.0,2024,11
QQQ,2024-06-24,short,479.21,476.82,2024-06-24T14:15:00+00:00,2024-06-24T14:30:00+00:00,477.97,0.2899999999999636,479.11,475.69000000000005,1,1,2024-06-24T14:35:00+00:00,477.99,2024-06-24T17:08:00+00:00,475.72,TAKE_PROFIT,2.269999999999982,0.286113,0.049999999999954525,1.9838869999999817,1.9912280701754466,1.7402517543859697,4.051221827800253,1.1399999999999864,0.005,0.0014069829405256088,,HYP-FCR-03,severe,810.2443655600506,812.2282525600506,28.999999999996362,1.0948384615384594,0.2648792586190821,3,3,29.000000000002046,1.1399999999999864,15.0,2024,10
SPY,2024-06-24,short,545.802,543.76,2024-06-24T14:40:00+00:00,2024-06-24T14:45:00+00:00,544.85,0.2900000000000773,546.2299,542.0902,1,1,2024-06-24T14:50:00+00:00,544.83,2024-06-24T15:18:00+00:00,546.2599,STOP_LOSS,-1.429899999999975,0.32732696999999994,0.049999999999954525,-1.757226969999975,-1.0362345097470496,-1.2734451554460098,4.056464403500187,1.3799000000000206,0.005,0.0017008654122656066,,HYP-FCR-03,severe,811.2928807000374,809.5356537300374,29.00000000000773,0.7683571428571392,0.37742865111100693,1,1,40.800000000001546,1.3799000000000206,5.0,2024,10
SPY,2024-06-25,short,544.07,543.03,2024-06-25T16:10:00+00:00,2024-06-25T16:15:00+00:00,543.805,0.07999999999992724,544.13,543.1549999999999,1,1,2024-06-25T16:20:00+00:00,543.77,2024-06-25T16:31:00+00:00,543.1849999999998,TAKE_PROFIT,0.5850000000001501,0.32608649999999995,0.06499999999994088,0.2589135000001501,1.8000000000002099,0.7966569230772735,4.047678268650187,0.3250000000000455,0.005,0.000401464714373687,,HYP-FCR-03,severe,809.5356537300374,809.7945672300376,7.999999999992724,0.3209357142857162,0.24927110458235396,1,1,7.989999999995234,0.3250000000000455,5.0,2024,12
SPY,2024-06-26,short,544.39,543.17,2024-06-26T14:25:00+00:00,2024-06-26T14:30:00+00:00,544.065,0.09109999999998308,544.65,542.8950000000002,1,1,2024-06-26T14:35:00+00:00,544.0350000000001,2024-06-26T15:50:00+00:00,544.68,STOP_LOSS,-0.6449999999998681,0.32661450000000003,0.05999999999994543,-0.9716144999998682,-1.102564102564023,-1.6608794871794812,4.048972836150188,0.5849999999999227,0.005,0.000722405439197942,,HYP-FCR-03,severe,809.7945672300376,808.8229527300377,9.109999999998308,0.4829615384615391,0.18862785697217146,1,1,28.999999999996362,0.5849999999999227,5.0,2024,10
QQQ,2024-06-26,short,480.27,478.33,2024-06-26T14:55:00+00:00,2024-06-26T15:10:00+00:00,478.57,0.049999999999954525,479.67,476.36999999999995,1,1,2024-06-26T15:15:00+00:00,478.52000000000004,2024-06-26T15:24:00+00:00,479.7,STOP_LOSS,-1.17999999999995,0.287466,0.07999999999992724,-1.46746599999995,-1.072727272727205,-1.334059999999927,4.061141262800253,1.1000000000000227,0.005,0.001354299110543063,,HYP-FCR-03,severe,812.2282525600506,810.7607865600506,4.9999999999954525,0.7488642857142948,0.06676777215014688,3,3,9.000000000003183,1.1000000000000227,15.0,2024,11
QQQ,2024-06-27,short,482.76,480.12,2024-06-27T14:15:00+00:00,2024-06-27T14:50:00+00:00,480.8405,0.5599999999999454,482.115,478.29150000000004,1,1,2024-06-27T14:55:00+00:00,480.87,2024-06-27T19:59:00+00:00,481.59999999999997,FORCED_SESSION_CLOSE,-0.7299999999999613,0.28874099999999997,0.059499999999957254,-1.0187409999999613,-0.572773636720257,-0.7993260102000549,4.053803932800253,1.274499999999989,0.005,0.0015719803191364518,,HYP-FCR-03,severe,810.7607865600506,809.7420455600507,55.99999999999454,0.8199000000000021,0.6830101231856861,7,7,34.00000000000318,1.274499999999989,35.0,2024,10
SPY,2024-06-27,short,546.84,545.14,2024-06-27T14:15:00+00:00,2024-06-27T14:50:00+00:00,545.83,0.1959999999999127,546.7,544.09,1,1,2024-06-27T14:55:00+00:00,545.8000000000001,2024-06-27T19:59:00+00:00,546.38,FORCED_SESSION_CLOSE,-0.5799999999999272,0.327654,0.05999999999994543,-0.9076539999999272,-0.6666666666665796,-1.0432804597700258,4.044114763650189,0.8700000000000045,0.005,0.0010756371305530765,,HYP-FCR-03,severe,808.8229527300377,807.9152987300378,19.59999999999127,0.561857142857158,0.34884312229833503,7,7,12.000000000000455,0.8700000000000045,35.0,2024,10
QQQ,2024-06-28,short,484.27,481.67,2024-06-28T14:55:00+00:00,2024-06-28T15:00:00+00:00,483.45,0.11000000000001364,485.4,479.55,1,1,2024-06-28T15:05:00+00:00,483.42,2024-06-28T19:31:00+00:00,479.58,TAKE_PROFIT,3.840000000000032,0.2889,0.05999999999994543,3.551100000000032,1.969230769230797,1.8210769230769501,4.048710227800253,1.9499999999999886,0.005,0.0024081743200716336,,HYP-FCR-03,severe,809.7420455600507,813.2931455600507,11.000000000001364,0.8986357142857051,0.12240777686812603,1,1,19.990000000001373,1.9499999999999886,5.0,2024,11
SPY,2024-06-28,short,548.26,546.67,2024-06-28T15:00:00+00:00,2024-06-28T15:05:00+00:00,547.47,0.10500000000001819,548.84,544.73,1,1,2024-06-28T15:10:00+00:00,547.4300000000001,2024-06-28T19:05:00+00:00,544.76,TAKE_PROFIT,2.6700000000000728,0.327657,0.06999999999993634,2.342343000000073,1.9489051094890977,1.7097394160584416,4.039576493650189,1.3700000000000045,0.005,0.0016957223141503917,,HYP-FCR-03,severe,807.9152987300378,810.2576417300378,10.500000000001819,0.7375999999999863,0.1423535791757323,1,1,37.000000000000455,1.3700000000000045,5.0,2024,11
QQQ,2024-07-01,long,480.4,476.945,2024-07-01T14:15:00+00:00,2024-07-01T14:25:00+00:00,479.21,0.049999999999954525,476.475,484.6799999999999,1,1,2024-07-01T14:30:00+00:00,479.27,2024-07-01T19:59:00+00:00,481.91,FORCED_SESSION_CLOSE,2.640000000000043,0.288354,0.08999999999997499,2.351646000000043,0.9652650822669414,0.8598340036563366,4.066465727800254,2.734999999999957,0.005,0.0033628710815170816,,HYP-FCR-03,severe,813.2931455600507,815.6447915600507,4.9999999999954525,1.2287166666666895,0.040692863828075576,2,2,68.99999999999977,2.734999999999957,10.0,2024,10
SPY,2024-07-01,long,545.8599,544.095,2024-07-01T16:05:00+00:00,2024-07-01T16:10:00+00:00,545.015,0.13999999999998636,544.059,546.927,1,1,2024-07-01T16:15:00+00:00,545.04,2024-07-01T19:26:00+00:00,544.029,STOP_LOSS,-1.0109999999999673,0.3267207,0.05499999999994998,-1.3377206999999673,-1.0575313807530846,-1.399289435146384,4.051288208650189,0.9560000000000173,0.005,0.001179871624485756,,HYP-FCR-03,severe,810.2576417300378,808.9199210300378,13.999999999998636,0.5231142857142815,0.2676279425418953,1,1,2.4999999999977263,0.9560000000000173,5.0,2024,12
QQQ,2024-07-02,short,483.18,480.28,2024-07-02T15:55:00+00:00,2024-07-02T16:00:00+00:00,483.12,0.6650999999999954,484.03,481.30000000000007,1,1,2024-07-02T16:05:00+00:00,483.0599,2024-07-02T17:03:00+00:00,484.05999999999995,STOP_LOSS,-1.000099999999918,0.29013596999999997,0.09009999999994989,-1.290235969999918,-1.0990109890109374,-1.4178417252746847,4.078223957800254,0.9099999999999682,0.005,0.0011156817396693578,,HYP-FCR-03,severe,815.6447915600507,814.3545555900508,66.50999999999954,0.5038499999999958,1.3200357249181323,1,1,70.99999999999795,0.9099999999999682,5.0,2024,12
QQQ,2024-07-03,short,487.86,486.2,2024-07-03T14:20:00+00:00,2024-07-03T14:25:00+00:00,487.3,0.20999999999997954,487.89,486.12000000000006,1,1,2024-07-03T14:30:00+00:00,487.26000000000005,2024-07-03T14:42:00+00:00,487.91999999999996,STOP_LOSS,-0.6599999999999113,0.292554,0.06999999999993634,-0.9525539999999113,-1.1186440677965073,-1.614498305084664,4.071772777950255,0.589999999999975,0.005,0.0007245001528510921,,HYP-FCR-03,severe,814.3545555900508,813.4020015900509,20.999999999997954,0.7149249999999986,0.2937371052907367,1,1,14.959999999996398,0.589999999999975,5.0,2024,10
SPY,2024-07-03,short,549.63,548.65,2024-07-03T14:20:00+00:00,2024-07-03T14:25:00+00:00,549.18,0.10500000000001819,549.79,547.9599999999999,1,1,2024-07-03T14:30:00+00:00,549.13,2024-07-03T14:46:00+00:00,549.8199999999999,STOP_LOSS,-0.6899999999999409,0.3296849999999999,0.07999999999992724,-1.0196849999999409,-1.1311475409834844,-1.6716147540982265,4.044599605150189,0.6100000000000136,0.005,0.0007540919492046511,,HYP-FCR-03,severe,808.9199210300378,807.9002360300378,10.500000000001819,0.47791666666667726,0.2197035745423174,1,1,10.000000000002274,0.6100000000000136,5.0,2024,10
QQQ,2024-07-05,short,493.7,491.59,2024-07-05T14:05:00+00:00,2024-07-05T14:10:00+00:00,493.12,0.3686999999999898,494.02,491.32000000000005,1,1,2024-07-05T14:15:00+00:00,493.09000000000003,2024-07-05T14:33:00+00:00,494.04999999999995,STOP_LOSS,-0.9599999999999227,0.29614199999999996,0.05999999999994543,-1.2561419999999226,-1.0666666666666078,-1.3957133333332825,4.0670100079502545,0.8999999999999773,0.005,0.0011064639603057815,,HYP-FCR-03,severe,813.4020015900509,812.1458595900509,36.86999999999898,0.949999999999995,0.38810526315788607,1,1,57.99999999999841,0.8999999999999773,5.0,2024,10
SPY,2024-07-05,short,552.53,551.39,2024-07-05T14:05:00+00:00,2024-07-05T14:10:00+00:00,551.79,0.31979999999998654,552.55,550.27,1,1,2024-07-05T14:15:00+00:00,551.76,2024-07-05T14:44:00+00:00,552.5799999999999,STOP_LOSS,-0.8199999999999363,0.33130199999999993,0.05999999999994543,-1.1513019999999363,-1.0789473684209818,-1.5148710526315132,4.039501180150189,0.7599999999999909,0.005,0.0009407102091398993,,HYP-FCR-03,severe,807.9002360300378,806.7489340300378,31.979999999998654,0.6089666666666744,0.5251518966555079,1,1,4.000000000007731,0.7599999999999909,5.0,2024,10
QQQ,2024-07-08,long,497.04,495.781,2024-07-08T14:55:00+00:00,2024-07-08T15:05:00+00:00,496.46,0.22000000000002728,495.89,497.59999999999997,1,1,2024-07-08T15:10:00+00:00,496.5,2024-07-08T19:55:00+00:00,497.57,TAKE_PROFIT,1.0699999999999932,0.29822099999999996,0.06999999999999318,0.7717789999999932,1.8771929824561508,1.3539982456140394,4.060729297950255,0.5699999999999932,0.005,0.0007018443710194048,,HYP-FCR-03,severe,812.1458595900509,812.917638590051,22.00000000000273,0.5090499999999898,0.43217758569891307,2,2,20.100000000002183,0.5699999999999932,10.0,2024,11
QQQ,2024-07-09,long,499.835,498.76,2024-07-09T14:05:00+00:00,2024-07-09T14:15:00+00:00,499.68,0.19499999999999318,499.03000000000003,500.97999999999996,1,1,2024-07-09T14:20:00+00:00,499.71869999999996,2024-07-09T14:24:00+00:00,499.00000000000006,STOP_LOSS,-0.7186999999998989,0.29961561,0.0686999999999216,-1.018315609999899,-1.1056923076921907,-1.5666393999998993,4.0645881929502545,0.6499999999999773,0.005,0.0007995889978809625,,HYP-FCR-03,severe,812.917638590051,811.899322980051,19.499999999999318,0.7097100000000068,0.274760113285696,2,2,14.900000000000091,0.6499999999999773,10.0,2024,10
SPY,2024-07-09,long,556.82,556.11,2024-07-09T14:30:00+00:00,2024-07-09T14:35:00+00:00,556.46,0.030000000000086402,556.0,557.3800000000001,1,1,2024-07-09T14:40:00+00:00,556.49,2024-07-09T15:11:00+00:00,555.97,STOP_LOSS,-0.5199999999999818,0.333738,0.05999999999994543,-0.8537379999999818,-1.1304347826085668,-1.855952173912857,4.033744670150189,0.4600000000000364,0.005,0.000570189783458591,,HYP-FCR-03,severe,806.7489340300378,805.8951960300378,3.00000000000864,0.3821785714285722,0.07849733669773082,1,1,35.000000000002274,0.4600000000000364,5.0,2024,10
QQQ,2024-07-10,short,500.19,498.83,2024-07-10T14:15:00+00:00,2024-07-10T14:20:00+00:00,499.8494,0.18999999999999773,500.53,498.48820000000006,1,1,2024-07-10T14:25:00+00:00,499.8399,2024-07-10T15:01:00+00:00,498.51820000000004,TAKE_PROFIT,1.3216999999999643,0.29950742999999996,0.039499999999975444,1.0221925699999643,1.9419629738466395,1.5018991625036873,4.059496614900255,0.6805999999999699,0.005,0.0008382812754441633,,HYP-FCR-03,severe,811.899322980051,812.921515550051,18.999999999999773,0.5789090909090749,0.3282035175879448,1,1,38.999999999998636,0.6805999999999699,5.0,2024,10
QQQ,2024-07-15,short,497.96,495.92,2024-07-15T16:05:00+00:00,2024-07-15T16:10:00+00:00,497.19,0.4200000000000159,498.73,494.10999999999996,1,1,2024-07-15T16:15:00+00:00,497.13000000000005,2024-07-15T19:52:00+00:00,494.13999999999993,TAKE_PROFIT,2.990000000000123,0.29738099999999995,0.08999999999991815,2.6926190000001227,1.9415584415584954,1.7484538961039526,4.064607577750255,1.5400000000000205,0.005,0.0018944018217527468,,HYP-FCR-03,severe,812.921515550051,815.6141345500512,42.00000000000159,0.7512428571428538,0.5590735352844096,1,1,42.00000000000159,1.5400000000000205,5.0,2024,12
SPY,2024-07-15,short,562.83,561.39,2024-07-15T16:10:00+00:00,2024-07-15T16:15:00+00:00,562.44,0.22000000000002728,563.37,560.5800000000002,1,1,2024-07-15T16:20:00+00:00,562.4300000000001,2024-07-15T19:46:00+00:00,560.6100000000001,TAKE_PROFIT,1.8199999999999363,0.33691200000000004,0.03999999999996362,1.4830879999999362,1.9569892473118649,1.5947182795699097,4.029475980150189,0.92999999999995,0.005,0.0011539962076722522,,HYP-FCR-03,severe,805.8951960300378,807.3782840300378,22.00000000000273,0.5140642857142877,0.4279620392113785,1,1,30.999999999994543,0.92999999999995,5.0,2024,12
SPY,2024-07-16,long,563.61,562.74,2024-07-16T14:35:00+00:00,2024-07-16T14:40:00+00:00,563.3001,0.17989999999997508,562.63,564.6403000000001,1,1,2024-07-16T14:45:00+00:00,563.3399999999999,2024-07-16T16:12:00+00:00,562.6,STOP_LOSS,-0.7399999999998954,0.33778199999999997,0.06989999999984775,-1.0777819999998954,-1.1043127891357152,-1.6083897925680029,4.036891420150189,0.6701000000000477,0.005,0.0008299703041989635,,HYP-FCR-03,severe,807.3782840300378,806.3005020300379,17.989999999997508,0.6185357142857291,0.2908482013972621,1,1,26.99999999999818,0.6701000000000477,5.0,2024,10
QQQ,2024-07-16,long,498.44,495.6,2024-07-16T15:05:00+00:00,2024-07-16T15:10:00+00:00,495.72,0.013900000000035106,494.95,497.2600000000001,1,1,2024-07-16T15:15:00+00:00,495.78,2024-07-16T15:31:00+00:00,494.92,STOP_LOSS,-0.8599999999999568,0.29721,0.08999999999991815,-1.1572099999999568,-1.1168831168830047,-1.5028701298699982,4.078070672750256,0.7700000000000387,0.005,0.0009440738792797205,,HYP-FCR-03,severe,815.6141345500512,814.4569245500512,1.3900000000035106,0.9232142857142743,0.015056092843365098,1,1,12.999999999999545,0.7700000000000387,5.0,2024,11
SPY,2024-07-22,long,554.4101,552.275,2024-07-22T14:20:00+00:00,2024-07-22T14:30:00+00:00,553.46,0.1150000000000091,552.33,555.72,1,1,2024-07-22T14:35:00+00:00,553.492,2024-07-22T15:23:00+00:00,552.3000000000001,STOP_LOSS,-1.1919999999998936,0.33173759999999997,0.06199999999989814,-1.5237375999998934,-1.0548672566370783,-1.348440353982212,4.031502510150189,1.1299999999999955,0.005,0.0014014626025346296,,HYP-FCR-03,severe,806.3005020300379,804.776764430038,11.50000000000091,0.8480769230769213,0.13560090702948946,2,2,5.499999999994998,1.1299999999999955,10.0,2024,10
QQQ,2024-07-22,long,482.86,479.44,2024-07-22T16:30:00+00:00,2024-07-22T16:40:00+00:00,480.495,0.14500000000003865,479.69,482.105,1,1,2024-07-22T16:45:00+00:00,480.52,2024-07-22T17:27:00+00:00,482.07500000000005,TAKE_PROFIT,1.5550000000000637,0.2887785,0.05499999999994998,1.2662215000000636,1.9316770186336032,1.572945962732985,4.0722846227502565,0.8050000000000068,0.005,0.0009883886743853657,,HYP-FCR-03,severe,814.4569245500512,815.7231460500512,14.500000000003865,0.6895928571428556,0.21026899930606527,2,2,0.9999999999990905,0.8050000000000068,10.0,2024,12
SPY,2024-07-23,short,555.81,554.13,2024-07-23T14:35:00+00:00,2024-07-23T14:40:00+00:00,555.37,0.09999999999990905,556.03,554.0500000000001,1,1,2024-07-23T14:45:00+00:00,555.32,2024-07-23T15:12:00+00:00,556.06,STOP_LOSS,-0.7399999999998954,0.333414,0.07999999999992724,-1.0734139999998953,-1.1212121212120167,-1.6263848484847683,4.02388382215019,0.6599999999999682,0.005,0.0008201032002550369,,HYP-FCR-03,severe,804.776764430038,803.7033504300382,9.999999999990905,0.5753142857142767,0.17381803734589152,1,1,27.00000000000955,0.6599999999999682,5.0,2024,10
QQQ,2024-07-23,short,483.28,480.87,2024-07-23T14:25:00+00:00,2024-07-23T14:50:00+00:00,481.18,0.49500000000000455,482.21,479.12000000000006,1,1,2024-07-23T14:55:00+00:00,481.11,2024-07-23T15:03:00+00:00,482.23999999999995,STOP_LOSS,-1.1299999999999386,0.28900499999999996,0.0999999999999659,-1.4190049999999386,-1.0970873786407462,-1.3776747572815302,4.078615730250256,1.0299999999999727,0.005,0.0012626833074279025,,HYP-FCR-03,severe,815.7231460500512,814.3041410500513,49.500000000000455,0.9253357142857104,0.5349409866689382,5,5,7.000000000005002,1.0299999999999727,25.0,2024,10
QQQ,2024-07-25,long,463.95,458.87,2024-07-25T14:20:00+00:00,2024-07-25T14:25:00+00:00,460.36,0.3599999999999568,456.68,467.72,1,1,2024-07-25T14:30:00+00:00,460.4,2024-07-25T17:03:00+00:00,467.69000000000005,TAKE_PROFIT,7.290000000000077,0.278427,0.06999999999993634,7.0115730000000775,1.9809782608695825,1.9053187500000175,4.071520705250256,3.680000000000007,0.005,0.004519195979102623,,HYP-FCR-03,severe,814.3041410500513,821.3157140500514,35.99999999999568,1.8497916666666658,0.19461651086831777,1,1,86.00000000000136,3.680000000000007,5.0,2024,10
SPY,2024-07-25,long,541.62,539.61,2024-07-25T14:20:00+00:00,2024-07-25T14:25:00+00:00,540.6,0.09000000000003183,538.1800000000001,545.4399999999999,1,1,2024-07-25T14:30:00+00:00,540.61,2024-07-25T16:17:00+00:00,545.41,TAKE_PROFIT,4.7999999999999545,0.325806,0.03999999999996362,4.4741939999999545,1.98347107438018,1.848840495867781,4.018516752150191,2.419999999999959,0.005,0.003011061231367379,,HYP-FCR-03,severe,803.7033504300382,808.1775444300381,9.000000000003183,1.119591666666641,0.08038645041722106,1,1,63.999999999998636,2.419999999999959,5.0,2024,10
QQQ,2024-07-26,long,462.71,460.23,2024-07-26T14:10:00+00:00,2024-07-26T14:25:00+00:00,462.05,0.3650000000000091,460.89,464.37000000000006,1,1,2024-07-26T14:30:00+00:00,462.07,2024-07-26T14:31:00+00:00,460.86,STOP_LOSS,-1.2099999999999795,0.276879,0.049999999999954525,-1.4868789999999796,-1.043103448275822,-1.281792241379265,4.106578570250257,1.160000000000025,0.005,0.0014123679605250242,,HYP-FCR-03,severe,821.3157140500514,819.8288350500515,36.50000000000091,1.5476416666666541,0.23584270691429135,3,3,6.999999999999318,1.160000000000025,15.0,2024,10
SPY,2024-07-26,short,543.18,541.49,2024-07-26T14:30:00+00:00,2024-07-26T14:35:00+00:00,542.12,1.19500000000005,543.698,538.964,1,1,2024-07-26T14:40:00+00:00,542.12,2024-07-26T15:01:00+00:00,543.728,STOP_LOSS,-1.6079999999999472,0.32575439999999994,0.029999999999972715,-1.9337543999999471,-1.0190114068440894,-1.225446387832686,4.040887722150191,1.5779999999999745,0.005,0.0019525412588800011,,HYP-FCR-03,severe,808.1775444300381,806.2437900300381,119.500000000005,1.1160785714285535,1.0707131474359184,1,1,65.0000000000091,1.5779999999999745,5.0,2024,10
QQQ,2024-07-29,short,467.67,464.2,2024-07-29T14:00:00+00:00,2024-07-29T14:10:00+00:00,465.0,0.5799999999999841,467.46,460.08000000000004,1,1,2024-07-29T14:15:00+00:00,465.01000000000005,2024-07-29T19:59:00+00:00,463.86999999999995,FORCED_SESSION_CLOSE,1.1400000000001,0.27866399999999997,0.040000000000020464,0.8613360000001,0.463414634146386,0.35013658536589726,4.099144175250258,2.4599999999999795,0.005,0.003000626343973122,,HYP-FCR-03,severe,819.8288350500515,820.6901710500515,57.99999999999841,1.3433333333333368,0.4317617866004833,2,2,24.00000000000091,2.4599999999999795,10.0,2024,10
SPY,2024-07-29,short,546.65,544.75,2024-07-29T14:05:00+00:00,2024-07-29T14:10:00+00:00,545.17,0.30999999999994543,546.96,541.5899999999998,1,1,2024-07-29T14:15:00+00:00,545.1700000000001,2024-07-29T17:13:00+00:00,546.99,STOP_LOSS,-1.8199999999999363,0.327648,0.030000000000086402,-2.1476479999999363,-1.0167597765362333,-1.1998033519552198,4.0312189501501905,1.7900000000000773,0.005,0.0022201721391657326,,HYP-FCR-03,severe,806.2437900300381,804.0961420300382,30.999999999994543,0.9455555555555546,0.3278495887190966,1,1,38.999999999998636,1.7900000000000773,5.0,2024,10
QQQ,2024-07-31,short,468.9,466.41,2024-07-31T17:30:00+00:00,2024-07-31T17:35:00+00:00,468.41,0.5400000000000205,469.76,465.7100000000001,1,1,2024-07-31T17:40:00+00:00,468.35,2024-07-31T18:05:00+00:00,469.78999999999996,STOP_LOSS,-1.4399999999999409,0.28144199999999997,0.08999999999997499,-1.7214419999999409,-1.0666666666666498,-1.2751422222222106,4.103450855250258,1.349999999999966,0.005,0.001644956949189091,,HYP-FCR-03,severe,820.6901710500515,818.9687290500516,54.000000000002046,0.6328928571428533,0.8532249873032371,1,1,66.0000000000025,1.349999999999966,5.0,2024,13
QQQ,2024-08-02,long,453.57,448.285,2024-08-02T15:35:00+00:00,2024-08-02T15:40:00+00:00,450.01,0.650100000000009,446.755,456.52,1,1,2024-08-02T15:45:00+00:00,449.96,2024-08-02T17:30:00+00:00,446.725,STOP_LOSS,-3.234999999999957,0.26900549999999995,0.07999999999998408,-3.504005499999957,-0.9938556067588207,-1.0764993855606642,4.094843645250258,3.2549999999999955,0.005,0.003974510728603247,,HYP-FCR-03,severe,818.9687290500516,815.4647235500516,65.0100000000009,1.5793714285714324,0.411619450776082,1,1,101.50000000000432,3.2549999999999955,5.0,2024,11
SPY,2024-08-05,short,518.04,510.27,2024-08-05T18:35:00+00:00,2024-08-05T18:40:00+00:00,516.5901,0.4800000000000182,518.92,511.9303000000001,1,1,2024-08-05T18:45:00+00:00,516.5600000000001,2024-08-05T19:59:00+00:00,517.4399999999999,FORCED_SESSION_CLOSE,-0.8799999999998818,0.3102,0.06009999999992033,-1.1901999999998818,-0.3776986136743636,-0.5108373749945947,4.020480710150191,2.3298999999999523,0.005,0.0028975390854603994,,HYP-FCR-03,severe,804.0961420300382,802.9059420300383,48.00000000000182,1.0503571428571215,0.4569874192451813,1,1,95.00000000000455,2.3298999999999523,5.0,2024,14
QQQ,2024-08-05,short,434.2,423.45,2024-08-05T18:40:00+00:00,2024-08-05T18:45:00+00:00,433.005,1.0900000000000318,436.13,426.755,1,1,2024-08-05T18:50:00+00:00,432.97,2024-08-05T19:59:00+00:00,435.78,FORCED_SESSION_CLOSE,-2.8099999999999454,0.260625,0.06499999999994088,-3.0706249999999455,-0.8991999999999826,-0.9825999999999826,4.077323617750258,3.125,0.005,0.0038321706748951643,,HYP-FCR-03,severe,815.4647235500516,812.3940985500517,109.00000000000318,1.2708071428571333,0.8577225947513988,1,1,129.00000000000205,3.125,5.0,2024,14
SPY,2024-08-07,short,531.19,527.94,2024-08-07T14:10:00+00:00,2024-08-07T14:20:00+00:00,529.69,0.1150000000000091,531.06,526.9500000000003,1,1,2024-08-07T14:25:00+00:00,529.6700000000001,2024-08-07T15:05:00+00:00,531.0899999999999,STOP_LOSS,-1.4199999999998454,0.31822799999999996,0.049999999999954525,-1.7382279999998453,-1.0364963503649331,-1.2687795620437838,4.0145297101501916,1.3699999999998909,0.005,0.001706301981694185,,HYP-FCR-03,severe,802.9059420300383,801.1677140300385,11.50000000000091,1.246227272727269,0.09227851333115249,2,2,5.999999999994543,1.3699999999998909,10.0,2024,10
QQQ,2024-08-07,long,449.0,446.15,2024-08-07T14:40:00+00:00,2024-08-07T14:45:00+00:00,448.38,0.6599999999999682,446.04,453.05999999999995,1,1,2024-08-07T14:50:00+00:00,448.41999999999996,2024-08-07T15:40:00+00:00,446.01000000000005,STOP_LOSS,-2.4099999999999113,0.268329,0.06999999999993634,-2.6783289999999114,-1.029914529914503,-1.144585042735017,4.061970492750259,2.339999999999975,0.005,0.0028803754288421967,,HYP-FCR-03,severe,812.3940985500517,809.7157695500517,65.99999999999682,1.4571428571428677,0.4529411764705631,1,1,25.99999999999909,2.339999999999975,5.0,2024,10
QQQ,2024-08-09,short,448.62,446.07,2024-08-09T14:20:00+00:00,2024-08-09T14:35:00+00:00,446.87,0.16999999999995907,448.09499999999997,444.4200000000001,1,1,2024-08-09T14:40:00+00:00,446.85,2024-08-09T14:47:00+00:00,448.12499999999994,STOP_LOSS,-1.2749999999999204,0.26849249999999997,0.049999999999954525,-1.5434924999999204,-1.0408163265305763,-1.2599938775509905,4.0485788477502584,1.224999999999966,0.005,0.0015128765501018736,,HYP-FCR-03,severe,809.7157695500517,808.1722770500518,16.999999999995907,1.416021428571432,0.12005468036699511,3,3,26.99999999999818,1.224999999999966,15.0,2024,10
SPY,2024-08-09,short,531.1101,528.56,2024-08-09T14:20:00+00:00,2024-08-09T14:35:00+00:00,530.04,0.049999999999954525,530.789,528.5419999999999,1,1,2024-08-09T14:40:00+00:00,530.0194,2024-08-09T14:42:00+00:00,530.819,STOP_LOSS,-0.7995999999999412,0.31825152,0.0505999999999176,-1.1178515199999413,-1.0675567423229853,-1.49245863818412,4.005838570150193,0.7490000000000236,0.005,0.000934885401500267,,HYP-FCR-03,severe,801.1677140300385,800.0498625100386,4.9999999999954525,1.1685214285714258,0.042789116893715805,3,3,5.8400000000006,0.7490000000000236,15.0,2024,10
QQQ,2024-08-12,short,452.14,448.5546,2024-08-12T15:20:00+00:00,2024-08-12T15:25:00+00:00,451.13,2.430000000000007,453.96,445.47,1,1,2024-08-12T15:30:00+00:00,451.08000000000004,2024-08-12T19:59:00+00:00,451.51,FORCED_SESSION_CLOSE,-0.42999999999995,0.270777,0.07999999999992724,-0.70077699999995,-0.15194346289750968,-0.24762438162542544,4.040861385250259,2.829999999999984,0.005,0.0035017286293584607,,HYP-FCR-03,severe,808.1722770500518,807.4715000500519,243.00000000000068,1.0181571428571365,2.3866649829524147,1,1,187.00000000000045,2.829999999999984,5.0,2024,11
SPY,2024-08-12,short,534.48,530.95,2024-08-12T15:20:00+00:00,2024-08-12T15:25:00+00:00,532.89,1.9443999999999733,535.225,528.2199999999999,1,1,2024-08-12T15:30:00+00:00,532.83,2024-08-12T19:59:00+00:00,533.28,FORCED_SESSION_CLOSE,-0.4499999999999318,0.31983300000000003,0.08999999999991815,-0.7698329999999318,-0.19271948608133824,-0.32969293361880936,4.000249312550193,2.3350000000000364,0.005,0.0029185680910866203,,HYP-FCR-03,severe,800.0498625100386,799.2800295100386,194.43999999999733,0.8011214285714345,2.4270977290761544,1,1,75.99999999999909,2.3350000000000364,5.0,2024,11
QQQ,2024-08-14,long,464.43,460.48,2024-08-14T14:45:00+00:00,2024-08-14T14:50:00+00:00,461.4899,0.3957999999999515,459.59520000000003,465.27929999999986,1,1,2024-08-14T14:55:00+00:00,461.51,2024-08-14T19:59:00+00:00,462.78000000000003,FORCED_SESSION_CLOSE,1.2700000000000387,0.27728699999999995,0.05009999999998627,0.9927130000000387,0.6702908112102584,0.5239420488732086,4.037357500250259,1.8946999999999434,0.005,0.0023464605250866424,,HYP-FCR-03,severe,807.4715000500519,808.464213050052,39.57999999999515,1.0834785714285837,0.365304871215019,1,1,62.5,1.8946999999999434,5.0,2024,10
SPY,2024-08-14,long,543.27,541.29,2024-08-14T14:45:00+00:00,2024-08-14T14:55:00+00:00,542.36,0.10000000000002274,541.2,544.68,1,1,2024-08-14T15:00:00+00:00,542.394,2024-08-14T15:58:00+00:00,544.65,TAKE_PROFIT,2.255999999999972,0.32611319999999994,0.06399999999996453,1.9298867999999718,1.9448275862069255,1.6636955172414007,3.9964001475501933,1.1599999999999682,0.005,0.0014513061219746128,,HYP-FCR-03,severe,799.2800295100386,801.2099163100386,10.000000000002274,0.7289214285714333,0.13718899744243543,2,2,16.999999999995907,1.1599999999999682,10.0,2024,11
SPY,2024-08-15,short,550.29,548.95,2024-08-15T14:00:00+00:00,2024-08-15T14:05:00+00:00,549.14,0.26499999999998636,550.18,547.0600000000001,1,1,2024-08-15T14:10:00+00:00,549.11,2024-08-15T14:22:00+00:00,550.2099999999999,STOP_LOSS,-1.099999999999909,0.329796,0.05999999999994543,-1.429795999999909,-1.0576923076922573,-1.3748038461538068,4.006049581550193,1.0399999999999636,0.005,0.001298036855047513,,HYP-FCR-03,severe,801.2099163100386,799.7801203100387,26.499999999998636,0.7453374999999909,0.3555436295637743,1,1,34.00000000000318,1.0399999999999636,5.0,2024,10
SPY,2024-08-19,short,555.5313,554.52,2024-08-19T14:10:00+00:00,2024-08-19T14:20:00+00:00,554.94,0.13010000000008404,555.47,553.8800000000001,1,1,2024-08-19T14:25:00+00:00,554.9300000000001,2024-08-19T14:28:00+00:00,555.5,STOP_LOSS,-0.5699999999999363,0.333129,0.03999999999996362,-0.9031289999999363,-1.0754716981131427,-1.7040169811320431,3.9989006015501936,0.5299999999999727,0.005,0.0006626821379287542,,HYP-FCR-03,severe,799.7801203100387,798.8769913100388,13.010000000008404,0.7545363636363411,0.17242376414185318,2,2,14.869999999996253,0.5299999999999727,10.0,2024,10
QQQ,2024-08-19,long,475.67,473.71,2024-08-19T14:20:00+00:00,2024-08-19T14:30:00+00:00,475.36,0.3350000000000364,473.41,479.26,1,1,2024-08-19T14:35:00+00:00,475.41999999999996,2024-08-19T18:42:00+00:00,479.23,TAKE_PROFIT,3.810000000000059,0.28639499999999996,0.08999999999991815,3.5236050000000594,1.9538461538461955,1.8069769230769641,4.04232106525026,1.9499999999999886,0.005,0.0024119806028807663,,HYP-FCR-03,severe,808.464213050052,811.987818050052,33.50000000000364,1.0346846153846145,0.3237701566438288,2,2,29.999999999995453,1.9499999999999886,10.0,2024,10
QQQ,2024-08-20,long,482.94,480.33,2024-08-20T15:55:00+00:00,2024-08-20T16:00:00+00:00,481.06,0.339999999999975,479.71000000000004,483.75999999999993,1,1,2024-08-20T16:05:00+00:00,481.07,2024-08-20T16:54:00+00:00,479.68000000000006,STOP_LOSS,-1.3899999999999295,0.28822499999999995,0.03999999999996362,-1.6782249999999295,-1.0296296296296035,-1.2431296296296088,4.059939090250261,1.349999999999966,0.005,0.001662586519144983,,HYP-FCR-03,severe,811.987818050052,810.3095930500522,33.9999999999975,0.6517071428571545,0.5217067262902448,1,1,0.9999999999990905,1.349999999999966,5.0,2024,12
SPY,2024-08-20,long,560.84,559.14,2024-08-20T18:15:00+00:00,2024-08-20T18:20:00+00:00,559.705,0.12000000000000455,558.72,561.6750000000001,1,1,2024-08-20T18:25:00+00:00,559.74,2024-08-20T19:17:00+00:00,558.69,STOP_LOSS,-1.0499999999999545,0.33552899999999997,0.06499999999994088,-1.3855289999999545,-1.065989847715675,-1.4066284263958735,3.994384956550194,0.9850000000000136,0.005,0.0012329808102055375,,HYP-FCR-03,severe,798.8769913100388,797.4914623100389,12.000000000000455,0.33948571428569657,0.35347584581723435,1,1,1.999999999998181,0.9850000000000136,5.0,2024,14
QQQ,2024-08-21,short,482.04,480.35,2024-08-21T14:50:00+00:00,2024-08-21T14:55:00+00:00,480.84,1.4300000000000068,484.05,474.4199999999999,1,1,2024-08-21T15:00:00+00:00,480.78000000000003,2024-08-21T19:59:00+00:00,482.55999999999995,FORCED_SESSION_CLOSE,-1.7799999999999159,0.2890019999999999,0.08999999999991815,-2.069001999999916,-0.5545171339563538,-0.6445489096572874,4.051547965250261,3.2100000000000364,0.005,0.003961448843172905,,HYP-FCR-03,severe,810.3095930500522,808.2405910500522,143.00000000000068,1.1256428571428623,1.2703851767244116,1,1,75.0,3.2100000000000364,5.0,2024,11
SPY,2024-08-21,long,560.45,559.35,2024-08-21T15:00:00+00:00,2024-08-21T15:10:00+00:00,560.21,0.2115000000000009,559.215,562.2,1,1,2024-08-21T15:15:00+00:00,560.1899999999999,2024-08-21T15:49:00+00:00,559.1850000000001,STOP_LOSS,-1.0049999999998818,0.33581249999999996,0.05000000000006821,-1.3408124999998816,-1.010050251256158,-1.3475502512561564,3.9874573115501946,0.9950000000000045,0.005,0.0012476622597536735,,HYP-FCR-03,severe,797.4914623100389,796.150649810039,21.15000000000009,0.9339571428571551,0.22645578720344875,2,2,80.00000000000682,0.9950000000000045,10.0,2024,11
SPY,2024-08-23,short,559.83,558.83,2024-08-23T14:45:00+00:00,2024-08-23T14:50:00+00:00,559.71,1.2699999999999818,561.83,555.47,1,1,2024-08-23T14:55:00+00:00,559.63,2024-08-23T15:15:00+00:00,561.86,STOP_LOSS,-2.230000000000018,0.336447,0.11000000000001364,-2.5664470000000184,-1.0518867924528366,-1.2105882075471759,3.980753249050195,2.1200000000000045,0.005,0.002662812622844477,,HYP-FCR-03,severe,796.150649810039,793.584202810039,126.99999999999818,1.388207142857157,0.9148490601958109,1,1,207.99999999999272,2.1200000000000045,5.0,2024,10
QQQ,2024-08-23,short,479.42,478.02,2024-08-23T15:40:00+00:00,2024-08-23T15:45:00+00:00,479.0,0.15499999999997272,479.99,477.02,1,1,2024-08-23T15:50:00+00:00,478.98,2024-08-23T16:06:00+00:00,477.04999999999995,TAKE_PROFIT,1.9300000000000637,0.286809,0.049999999999954525,1.6431910000000638,1.9494949494949958,1.659788888888938,4.041202955250261,0.9900000000000091,0.005,0.0012248828021787649,,HYP-FCR-03,severe,808.2405910500522,809.8837820500523,15.499999999997272,1.4405071428571432,0.10760099369763712,1,1,126.99999999999818,0.9900000000000091,5.0,2024,11
QQQ,2024-08-28,long,477.02,473.97,2024-08-28T14:05:00+00:00,2024-08-28T14:25:00+00:00,475.17,0.009999999999990905,474.25,477.01000000000005,1,1,2024-08-28T14:30:00+00:00,475.19,2024-08-28T14:40:00+00:00,474.22,STOP_LOSS,-0.9699999999999704,0.284823,0.049999999999954525,-1.2548229999999705,-1.0543478260869061,-1.3639380434782051,4.049418910250262,0.9200000000000159,0.005,0.0011359654562673514,,HYP-FCR-03,severe,809.8837820500523,808.6289590500523,0.9999999999990905,0.8387166666666749,0.011922977564919588,4,4,38.00000000000523,0.9200000000000159,20.0,2024,10
QQQ,2024-08-29,short,476.95,472.78,2024-08-29T14:00:00+00:00,2024-08-29T14:20:00+00:00,475.07,0.040000000000020464,475.88,473.45,1,1,2024-08-29T14:25:00+00:00,475.03000000000003,2024-08-29T14:28:00+00:00,475.90999999999997,STOP_LOSS,-0.8799999999999386,0.285282,0.06999999999993634,-1.1652819999999386,-1.0864197530863409,-1.43861975308634,4.043144795250262,0.8100000000000023,0.005,0.0010016955130466272,,HYP-FCR-03,severe,808.6289590500523,807.4636770500524,4.000000000002046,1.6896909090909171,0.023672968697891116,4,4,81.99999999999932,0.8100000000000023,20.0,2024,10
SPY,2024-08-29,short,561.28,559.37,2024-08-29T18:25:00+00:00,2024-08-29T18:30:00+00:00,559.93,1.1200000000000045,561.98,555.8299999999998,1,1,2024-08-29T18:35:00+00:00,559.89,2024-08-29T19:59:00+00:00,558.345,FORCED_SESSION_CLOSE,1.544999999999959,0.3354705,0.06999999999993634,1.209529499999959,0.7536585365853208,0.5900143902438628,3.967921014050195,2.050000000000068,0.005,0.0025832167434043274,,HYP-FCR-03,severe,793.584202810039,794.7937323100389,112.00000000000045,0.5885071428571435,1.9031204864609057,1,1,75.0,2.050000000000068,5.0,2024,14
SPY,2024-08-30,short,561.9295,560.41,2024-08-30T14:40:00+00:00,2024-08-30T15:00:00+00:00,560.4163,0.5,561.79,557.6689,1,1,2024-08-30T15:05:00+00:00,560.36,2024-08-30T16:32:00+00:00,557.6989,TAKE_PROFIT,2.661100000000033,0.33541766999999995,0.08629999999993743,2.325682330000033,1.9371769673145969,1.6930059911189184,3.9739686615501943,1.3736999999999853,0.005,0.0017283729654074857,,HYP-FCR-03,severe,794.7937323100389,797.1194146400389,50.0,0.7694285714285586,0.6498329001114108,4,4,24.049999999999727,1.3736999999999853,20.0,2024,11
QQQ,2024-08-30,long,476.12,473.97,2024-08-30T19:15:00+00:00,2024-08-30T19:25:00+00:00,475.1301,0.410000000000025,473.89,477.6103000000001,1,1,2024-08-30T19:30:00+00:00,475.17499999999995,2024-08-30T19:59:00+00:00,476.36,FORCED_SESSION_CLOSE,1.1850000000000591,0.28546049999999995,0.07489999999990005,0.8995395000000592,0.9555680993468431,0.7253765825336905,4.037318385250262,1.2401000000000408,0.005,0.0015357966373553303,,HYP-FCR-03,severe,807.4636770500524,808.3632165500525,41.0000000000025,0.4834214285714365,0.8481212783877209,2,2,12.000000000000455,1.2401000000000408,10.0,2024,15
SPY,2024-09-04,short,552.555,550.03,2024-09-04T15:25:00+00:00,2024-09-04T15:30:00+00:00,552.11,0.2599999999999909,553.3195,549.6910000000001,1,1,2024-09-04T15:35:00+00:00,552.1,2024-09-04T19:04:00+00:00,549.7210000000001,TAKE_PROFIT,2.3789999999999054,0.3305463,0.03999999999996362,2.0484536999999055,1.9669284828441789,1.6936367920628494,3.9855970732001946,1.2094999999999345,0.005,0.0015173385289406322,,HYP-FCR-03,severe,797.1194146400389,799.1678683400388,25.99999999999909,0.7901214285714185,0.32906334469384624,1,1,46.50000000000318,1.2094999999999345,5.0,2024,11
QQQ,2024-09-04,short,461.44,458.24,2024-09-04T18:35:00+00:00,2024-09-04T18:40:00+00:00,460.73,0.25,462.02,458.1500000000001,1,1,2024-09-04T18:45:00+00:00,460.67,2024-09-04T19:51:00+00:00,462.04999999999995,STOP_LOSS,-1.3799999999999386,0.276816,0.08999999999997499,-1.6568159999999386,-1.0697674418604477,-1.2843534883720815,4.0418160827502625,1.2899999999999636,0.005,0.0015958172930053021,,HYP-FCR-03,severe,808.3632165500525,806.7064005500525,25.0,0.6862071428571507,0.36432147727154024,1,1,0.9999999999990905,1.2899999999999636,5.0,2024,14
SPY,2024-09-05,short,552.27,550.65,2024-09-05T14:40:00+00:00,2024-09-05T14:45:00+00:00,550.91,0.5150000000001,553.025,546.68,1,1,2024-09-05T14:50:00+00:00,550.83,2024-09-05T19:59:00+00:00,549.6,FORCED_SESSION_CLOSE,1.2300000000000182,0.330129,0.10999999999989996,0.8998710000000182,0.5815602836879493,0.42547092198582237,3.995839341700194,2.115000000000009,0.005,0.002646502798458478,,HYP-FCR-03,severe,799.1678683400388,800.0677393400388,51.500000000010004,0.9381642857142732,0.5489443670390882,1,1,60.000000000002274,2.115000000000009,5.0,2024,10
QQQ,2024-09-05,short,463.2,458.97,2024-09-05T14:45:00+00:00,2024-09-05T14:50:00+00:00,461.91,1.2350000000000136,464.46999999999997,456.79000000000013,1,1,2024-09-05T14:55:00+00:00,461.91,2024-09-05T19:59:00+00:00,461.16999999999996,FORCED_SESSION_CLOSE,0.7400000000000659,0.27692399999999995,0.029999999999972715,0.463076000000066,0.2890625000000319,0.18088906250002965,4.033532002750262,2.5599999999999454,0.005,0.0031733974073521794,,HYP-FCR-03,severe,806.7064005500525,807.1694765500527,123.50000000000136,1.2394285714285656,0.9964269248501771,1,1,31.999999999999318,2.5599999999999454,5.0,2024,10
QQQ,2024-09-09,short,454.65,452.465,2024-09-09T14:15:00+00:00,2024-09-09T14:20:00+00:00,453.15,0.5600000000000023,454.745,449.9599999999999,1,1,2024-09-09T14:25:00+00:00,453.11,2024-09-09T15:13:00+00:00,449.9899999999999,TAKE_PROFIT,3.1200000000001182,0.27092999999999995,0.06999999999993634,2.8490700000001183,1.9561128526646174,1.7862507836991033,4.035847382750263,1.5950000000000273,0.005,0.0019760410252593606,,HYP-FCR-03,severe,807.1694765500527,810.0185465500527,56.00000000000023,0.9540545454545447,0.5869685361995721,1,1,12.999999999999545,1.5950000000000273,5.0,2024,10
SPY,2024-09-09,short,545.49,544.06,2024-09-09T14:20:00+00:00,2024-09-09T14:25:00+00:00,544.73,0.21000000000003638,546.055,542.0800000000002,1,1,2024-09-09T14:30:00+00:00,544.69,2024-09-09T16:02:00+00:00,546.0849999999999,STOP_LOSS,-1.3949999999998681,0.3272325,0.06999999999993634,-1.7222324999998682,-1.0528301886792,-1.2997981132075145,4.000338696700194,1.3249999999999318,0.005,0.0016561097702713274,,HYP-FCR-03,severe,800.0677393400388,798.3455068400389,21.000000000003638,0.6710999999999862,0.3129190880644326,1,1,17.999999999994998,1.3249999999999318,5.0,2024,10
QQQ,2024-09-10,long,457.82,455.4,2024-09-10T15:05:00+00:00,2024-09-10T15:15:00+00:00,456.375,0.12999999999999545,455.38,458.365,1,1,2024-09-10T15:20:00+00:00,456.39009999999996,2024-09-10T15:45:00+00:00,455.35,STOP_LOSS,-1.0400999999999385,0.27352202999999997,0.04509999999993397,-1.3136220299999386,-1.0453266331657627,-1.3202231457285756,4.050092732750263,0.9950000000000045,0.005,0.0012283669358409209,,HYP-FCR-03,severe,810.0185465500527,808.7049245200528,12.999999999999545,1.1046357142857184,0.11768585635858814,2,2,42.999999999995,0.9950000000000045,10.0,2024,11
SPY,2024-09-10,long,548.66,547.63,2024-09-10T18:25:00+00:00,2024-09-10T18:30:00+00:00,548.1899,0.030000000000086402,547.65,549.2697,1,1,2024-09-10T18:35:00+00:00,548.22,2024-09-10T19:59:00+00:00,548.7900000000001,FORCED_SESSION_CLOSE,0.57000000000005,0.32910300000000003,0.060100000000034015,0.24089700000005,1.055751065012154,0.4461881829969532,3.9917275342001943,0.5398999999999887,0.005,0.0006762736125828366,,HYP-FCR-03,severe,798.3455068400389,798.5864038400389,3.00000000000864,0.4442785714285752,0.06752520136999085,1,1,12.999999999999545,0.5398999999999887,5.0,2024,14
QQQ,2024-09-11,long,459.94,456.76,2024-09-11T15:40:00+00:00,2024-09-11T15:45:00+00:00,457.39,0.6100000000000136,454.81,462.54999999999995,1,1,2024-09-11T15:50:00+00:00,457.41999999999996,2024-09-11T17:43:00+00:00,462.52,TAKE_PROFIT,5.100000000000023,0.27598199999999995,0.05999999999994543,4.824018000000023,1.9767441860465327,1.8697744186046716,4.043524622600264,2.579999999999984,0.005,0.003190286001449976,,HYP-FCR-03,severe,808.7049245200528,813.5289425200529,61.000000000001364,1.0463571428571308,0.5829749470953847,1,1,50.0,2.579999999999984,5.0,2024,11
SPY,2024-09-11,long,548.76,544.5101,2024-09-11T15:40:00+00:00,2024-09-11T15:45:00+00:00,544.86,0.5099999999999909,542.69,549.1999999999999,1,1,2024-09-11T15:50:00+00:00,544.91,2024-09-11T17:30:00+00:00,549.17,TAKE_PROFIT,4.259999999999991,0.32822399999999996,0.07999999999992724,3.931775999999991,1.9631336405530282,1.8118783410138548,3.9929320192001945,2.169999999999959,0.005,0.0027173014586341763,,HYP-FCR-03,severe,798.5864038400389,802.5181798400389,50.99999999999909,0.880671428571426,0.5791036060148826,1,1,59.01000000000067,2.169999999999959,5.0,2024,11
QQQ,2024-09-12,short,469.33,466.8491,2024-09-12T15:40:00+00:00,2024-09-12T15:45:00+00:00,468.7,0.060000000000002274,469.21,467.68,1,1,2024-09-12T15:50:00+00:00,468.675,2024-09-12T15:52:00+00:00,469.23999999999995,STOP_LOSS,-0.5649999999999409,0.28137449999999997,0.05499999999994998,-0.8463744999999409,-1.1078431372548059,-1.6595578431371685,4.067644712600265,0.5099999999999909,0.005,0.0006268984093180186,,HYP-FCR-03,severe,813.5289425200529,812.6825680200529,6.000000000000227,1.0714428571428496,0.055999253343291276,1,1,28.000000000002956,0.5099999999999909,5.0,2024,11
SPY,2024-09-12,short,555.37,552.74,2024-09-12T15:40:00+00:00,2024-09-12T15:45:00+00:00,554.6499,0.125,555.06,553.8297000000001,1,1,2024-09-12T15:50:00+00:00,554.62,2024-09-12T16:04:00+00:00,555.0899999999999,STOP_LOSS,-0.4699999999999136,0.33291299999999996,0.05989999999997053,-0.8029129999999136,-1.1460619361130915,-1.9578468666179591,4.012590899200195,0.41009999999994307,0.005,0.0005110164608129947,,HYP-FCR-03,severe,802.5181798400389,801.715266840039,12.5,0.8266357142856984,0.15121533928401987,1,1,11.000000000001364,0.41009999999994307,5.0,2024,11
QQQ,2024-09-13,short,474.69,472.25,2024-09-13T14:25:00+00:00,2024-09-13T14:30:00+00:00,473.62,0.6499999999999773,475.24,470.38,1,1,2024-09-13T14:35:00+00:00,473.53000000000003,2024-09-13T14:44:00+00:00,475.27,STOP_LOSS,-1.7399999999999523,0.28463999999999995,0.1199999999999477,-2.0246399999999523,-1.0740740740740415,-1.2497777777777448,4.0634128401002645,1.6200000000000045,0.005,0.001993398239052706,,HYP-FCR-03,severe,812.6825680200529,810.657928020053,64.99999999999773,1.06628461538461,0.6095933399222135,1,1,68.99999999999977,1.6200000000000045,5.0,2024,10
SPY,2024-09-13,short,561.28,559.45,2024-09-13T14:25:00+00:00,2024-09-13T14:30:00+00:00,560.97,0.2800000000000864,562.31,558.2900000000002,1,1,2024-09-13T14:35:00+00:00,560.9499000000001,2024-09-13T14:44:00+00:00,562.3399999999999,STOP_LOSS,-1.3900999999998476,0.33698696999999994,0.05009999999992942,-1.7270869699998475,-1.0373880597014422,-1.2888708731342933,4.008576334200195,1.3399999999999181,0.005,0.001671416343712062,,HYP-FCR-03,severe,801.715266840039,799.9881798700392,28.00000000000864,0.7926769230769056,0.3532334446084546,1,1,108.00000000000409,1.3399999999999181,5.0,2024,10
QQQ,2024-09-16,long,473.8599,470.5301,2024-09-16T15:05:00+00:00,2024-09-16T15:10:00+00:00,471.7031,0.022499999999979536,470.40520000000004,474.29889999999995,1,1,2024-09-16T15:15:00+00:00,471.74499999999995,2024-09-16T16:21:00+00:00,470.37520000000006,STOP_LOSS,-1.3697999999998842,0.28263606,0.07189999999991414,-1.6524360599998842,-1.0553971800600321,-1.2731613067261902,4.053289640100265,1.29789999999997,0.005,0.0016010452191221455,,HYP-FCR-03,severe,810.657928020053,809.0054919600531,2.2499999999979536,0.9780785714285726,0.02300428683057256,1,1,22.01000000000022,1.29789999999997,5.0,2024,11
SPY,2024-09-16,long,562.92,560.82,2024-09-16T15:05:00+00:00,2024-09-16T15:10:00+00:00,561.11,0.17999999999994998,560.48,562.37,1,1,2024-09-16T15:15:00+00:00,561.1001,2024-09-16T16:19:00+00:00,560.45,STOP_LOSS,-0.6500999999999522,0.33646502999999994,0.03989999999998872,-0.9865650299999521,-1.0319047619046935,-1.5659762380951734,3.999940899350196,0.6299999999999955,0.005,0.0007875116356123426,,HYP-FCR-03,severe,799.9881798700392,799.0016148400392,17.999999999994998,0.686935714285726,0.2620332532675398,1,1,40.000000000009095,0.6299999999999955,5.0,2024,11
QQQ,2024-09-17,short,477.05,474.23,2024-09-17T14:50:00+00:00,2024-09-17T15:00:00+00:00,475.44,0.4700000000000273,477.33,471.66,1,1,2024-09-17T15:05:00+00:00,475.44000000000005,2024-09-17T16:50:00+00:00,471.69,TAKE_PROFIT,3.750000000000057,0.28413900000000003,0.03000000000002956,3.4658610000000567,1.9841269841270286,1.8337888888889322,4.045027459800266,1.8899999999999864,0.005,0.002336201693045256,,HYP-FCR-03,severe,809.0054919600531,812.4713529600531,47.00000000000273,0.9131428571428485,0.514705882352976,2,2,30.399999999997362,1.8899999999999864,10.0,2024,11
SPY,2024-09-17,short,565.57,564.07,2024-09-17T15:25:00+00:00,2024-09-17T16:10:00+00:00,564.52,0.12000000000000455,564.98,563.5999999999999,1,1,2024-09-17T16:15:00+00:00,564.49,2024-09-17T16:22:00+00:00,563.6299999999999,TAKE_PROFIT,0.8600000000001273,0.33843599999999996,0.05999999999994543,0.5215640000001274,1.8695652173914332,1.1338347826088828,3.995008074200196,0.4600000000000364,0.005,0.000575718485990956,,HYP-FCR-03,severe,799.0016148400392,799.5231788400393,12.000000000000455,0.38645000000000856,0.3105188252037829,9,9,14.999999999997726,0.4600000000000364,45.0,2024,12
QQQ,2024-09-18,long,474.8299,473.19,2024-09-18T14:25:00+00:00,2024-09-18T14:30:00+00:00,473.5499,0.05369999999999209,473.03000000000003,474.5896999999999,1,1,2024-09-18T14:35:00+00:00,473.55999999999995,2024-09-18T15:17:00+00:00,473.00000000000006,STOP_LOSS,-0.5599999999998886,0.28396799999999994,0.04009999999993852,-0.8439679999998886,-1.0771302173493795,-1.6233275629928248,4.062356764800265,0.5198999999999501,0.005,0.000639899484585904,,HYP-FCR-03,severe,812.4713529600531,811.6273849600532,5.369999999999209,0.8196153846153825,0.06551853589862965,1,1,37.999999999999545,0.5198999999999501,5.0,2024,10
SPY,2024-09-18,long,563.93,562.53,2024-09-18T14:35:00+00:00,2024-09-18T14:45:00+00:00,563.1,0.09000000000003183,562.5,564.3000000000001,1,1,2024-09-18T14:50:00+00:00,563.11,2024-09-18T15:13:00+00:00,562.47,STOP_LOSS,-0.6399999999999864,0.337674,0.03999999999996362,-0.9776739999999864,-1.0666666666666036,-1.6294566666665822,3.9976158942001967,0.6000000000000227,0.005,0.0007504472864320358,,HYP-FCR-03,severe,799.5231788400393,798.5455048400394,9.000000000003183,0.5515785714285845,0.16316805014185465,2,2,11.000000000001364,0.6000000000000227,10.0,2024,10
SPY,2024-09-19,short,571.09,568.08,2024-09-19T14:40:00+00:00,2024-09-19T14:45:00+00:00,570.425,0.25,571.59,568.0949999999998,1,1,2024-09-19T14:50:00+00:00,570.4,2024-09-19T16:19:00+00:00,571.62,STOP_LOSS,-1.2200000000000273,0.34260599999999997,0.05499999999994998,-1.5626060000000273,-1.0472103004291384,-1.3412927038625952,3.992727524200197,1.1650000000000773,0.005,0.0014589024582054898,,HYP-FCR-03,severe,798.5455048400394,796.9828988400393,25.0,0.9184928571428698,0.27218502360232616,1,1,45.499999999992724,1.1650000000000773,5.0,2024,10
QQQ,2024-09-20,long,483.63,481.43,2024-09-20T16:20:00+00:00,2024-09-20T16:25:00+00:00,482.08,0.28000000000002956,481.41110000000003,483.4177999999999,1,1,2024-09-20T16:30:00+00:00,482.07,2024-09-20T17:57:00+00:00,481.38110000000006,STOP_LOSS,-0.6888999999999328,0.28903533,0.03999999999996362,-0.9779353299999327,-1.0298998355508795,-1.4620052773209813,4.058136924800266,0.668899999999951,0.005,0.0008241466618735062,,HYP-FCR-03,severe,811.6273849600532,810.6494496300533,28.000000000002956,0.6165285714285663,0.4541557568876945,1,1,4.000000000002046,0.668899999999951,5.0,2024,12
SPY,2024-09-20,long,568.4958,566.93,2024-09-20T16:05:00+00:00,2024-09-20T16:25:00+00:00,567.95,0.32000000000005,567.1403,569.5694000000001,1,1,2024-09-20T16:30:00+00:00,567.9399999999999,2024-09-20T18:03:00+00:00,567.1103,STOP_LOSS,-0.8296999999998889,0.3405150899999999,0.04000000000007731,-1.1702150899998887,-1.0247005063602168,-1.4452452636777309,3.9849144942001966,0.8097000000000207,0.005,0.0010159565546243093,,HYP-FCR-03,severe,796.9828988400393,795.8126837500394,32.000000000005,0.5402785714285626,0.592287047687142,4,4,1.999999999998181,0.8097000000000207,20.0,2024,12
QQQ,2024-09-23,short,483.67,481.87,2024-09-23T14:55:00+00:00,2024-09-23T15:05:00+00:00,482.885,0.2599999999999909,483.74399999999997,481.16700000000003,1,1,2024-09-23T15:10:00+00:00,482.87,2024-09-23T15:38:00+00:00,483.77399999999994,STOP_LOSS,-0.9039999999999395,0.28999319999999995,0.04499999999995907,-1.1939931999999396,-1.0523864959254483,-1.3899804423748159,4.053247248150266,0.8589999999999804,0.005,0.0010596442153781667,,HYP-FCR-03,severe,810.6494496300533,809.4554564300533,25.99999999999909,0.8574714285714354,0.30321710011161085,2,2,12.000000000000455,0.8589999999999804,10.0,2024,11
SPY,2024-09-23,short,569.42,568.25,2024-09-23T15:00:00+00:00,2024-09-23T15:05:00+00:00,569.14,0.2300000000000182,569.88,567.66,1,1,2024-09-23T15:10:00+00:00,569.13,2024-09-23T15:31:00+00:00,569.91,STOP_LOSS,-0.7799999999999727,0.34171199999999996,0.03999999999996362,-1.1217119999999727,-1.0540540540540042,-1.5158270270269716,3.9790634187501968,0.7400000000000091,0.005,0.0009298670593096996,,HYP-FCR-03,severe,795.8126837500394,794.6909717500394,23.00000000000182,0.6992571428571394,0.3289204870475066,1,1,45.00000000000455,0.7400000000000091,5.0,2024,11
QQQ,2024-09-24,long,484.89,483.21,2024-09-24T15:05:00+00:00,2024-09-24T15:15:00+00:00,483.775,0.1600999999999999,483.29,484.7449999999999,1,1,2024-09-24T15:20:00+00:00,483.82,2024-09-24T15:45:00+00:00,484.7149999999999,TAKE_PROFIT,0.894999999999925,0.29056049999999994,0.07499999999998863,0.604439499999925,1.8453608247422777,1.2462670103092346,4.047277282150267,0.4849999999999568,0.005,0.0005991682385327976,,HYP-FCR-03,severe,809.4554564300533,810.0598959300532,16.00999999999999,0.7381428571428614,0.21689568414940832,2,2,18.999999999999773,0.4849999999999568,10.0,2024,11
SPY,2024-09-24,long,570.55,569.23,2024-09-24T14:55:00+00:00,2024-09-24T15:15:00+00:00,569.83,0.03499999999996817,569.495,570.5000000000001,1,1,2024-09-24T15:20:00+00:00,569.87,2024-09-24T15:52:00+00:00,570.4700000000001,TAKE_PROFIT,0.6000000000001364,0.342102,0.06999999999993634,0.2578980000001364,1.7910447761196158,0.7698447761197266,3.973454858750197,0.3350000000000364,0.005,0.0004215475095461468,,HYP-FCR-03,severe,794.6909717500394,794.9488697500395,3.4999999999968168,0.5661785714285575,0.06181795243796964,4,4,5.000000000006821,0.3350000000000364,20.0,2024,11
SPY,2024-09-25,short,571.8281,570.86,2024-09-25T14:05:00+00:00,2024-09-25T14:25:00+00:00,571.0999,0.07009999999991123,571.65,569.9997000000002,1,1,2024-09-25T14:30:00+00:00,571.07,2024-09-25T16:47:00+00:00,570.0297000000002,TAKE_PROFIT,1.0402999999998883,0.34232991,0.05989999999997053,0.6979700899998883,1.8911107071441953,1.268805835302632,3.974744348750198,0.5500999999999294,0.005,0.0006919941909885357,,HYP-FCR-03,severe,794.9488697500395,795.6468398400394,7.009999999991123,0.459083333333344,0.1526955890359258,4,4,6.1900000000036925,0.5500999999999294,20.0,2024,10
QQQ,2024-09-25,long,486.93,484.68,2024-09-25T17:45:00+00:00,2024-09-25T17:55:00+00:00,486.09,0.4800000000000182,484.9396,488.39079999999996,1,1,2024-09-25T18:00:00+00:00,486.10999999999996,2024-09-25T18:15:00+00:00,484.9096,STOP_LOSS,-1.200399999999945,0.29130587999999996,0.049999999999954525,-1.491705879999945,-1.043463143254481,-1.2966845271209642,4.050299479650266,1.1503999999999905,0.005,0.0014201419003457552,,HYP-FCR-03,severe,810.0598959300532,808.5681900500533,48.00000000000182,0.5807214285714265,0.8265580989164067,2,2,5.000000000001137,1.1503999999999905,10.0,2024,14
SPY,2024-09-27,short,573.56,572.705,2024-09-27T15:05:00+00:00,2024-09-27T15:15:00+00:00,573.0099,0.009199999999964348,573.64,571.7497000000001,1,1,2024-09-27T15:20:00+00:00,573.0,2024-09-27T17:30:00+00:00,571.7797,TAKE_PROFIT,1.220299999999952,0.34343391,0.03989999999998872,0.876866089999952,1.9366767179812878,1.3916300428503305,3.9782341992001973,0.6300999999999704,0.005,0.0007919342708966815,,HYP-FCR-03,severe,795.6468398400394,796.5237059300393,0.9199999999964348,0.44972142857143027,0.020457108368593317,2,2,14.930000000003929,0.6300999999999704,10.0,2024,11
QQQ,2024-09-30,long,487.79,485.53,2024-09-30T14:25:00+00:00,2024-09-30T14:30:00+00:00,486.2662,0.03000000000002956,484.86,489.07860000000005,1,1,2024-09-30T14:35:00+00:00,486.27009999999996,2024-09-30T18:15:00+00:00,484.83000000000004,STOP_LOSS,-1.4400999999999158,0.29133002999999996,0.03389999999990323,-1.7314300299999157,-1.0241075238230002,-1.231282911392334,4.042840950250267,1.4062000000000126,0.005,0.0017391235733784725,,HYP-FCR-03,severe,808.5681900500533,806.8367600200534,3.000000000002956,0.8995384615384759,0.03335043612112006,1,1,93.99999999999977,1.4062000000000126,5.0,2024,10
SPY,2024-09-30,long,571.49,570.4,2024-09-30T14:25:00+00:00,2024-09-30T14:30:00+00:00,571.2999,0.10500000000001819,570.4,573.0997,1,1,2024-09-30T14:35:00+00:00,571.3299999999999,2024-09-30T18:14:00+00:00,570.37,STOP_LOSS,-0.9599999999999227,0.3425099999999999,0.06009999999992033,-1.3025099999999226,-1.066785198355284,-1.4473941549060108,3.9826185296501966,0.8999000000000024,0.005,0.0011297843282005757,,HYP-FCR-03,severe,796.5237059300393,795.2211959300395,10.500000000001819,0.48078461538461154,0.21839301142367404,1,1,14.999999999997726,0.8999000000000024,5.0,2024,10
SPY,2024-10-01,long,573.46,568.53,2024-10-01T15:35:00+00:00,2024-10-01T15:40:00+00:00,569.02,0.1228000000000975,567.9,571.26,1,1,2024-10-01T15:45:00+00:00,569.03,2024-10-01T16:32:00+00:00,567.87,STOP_LOSS,-1.1599999999999682,0.34107,0.03999999999996362,-1.5010699999999682,-1.0357142857142532,-1.3402410714285375,3.9761059796501974,1.1200000000000045,0.005,0.001408413163195587,,HYP-FCR-03,severe,795.2211959300395,793.7201259300396,12.28000000000975,0.8453428571428715,0.14526650218012435,1,1,35.000000000002274,1.1200000000000045,5.0,2024,11
QQQ,2024-10-01,long,488.0,481.25,2024-10-01T17:55:00+00:00,2024-10-01T18:00:00+00:00,482.15,1.0500000000000114,479.82,486.80999999999995,1,1,2024-10-01T18:05:00+00:00,482.21,2024-10-01T19:59:00+00:00,481.14000000000004,FORCED_SESSION_CLOSE,-1.0699999999999363,0.28900499999999996,0.08999999999997499,-1.3590049999999363,-0.4592274678111346,-0.5832639484978307,4.034183800100267,2.329999999999984,0.005,0.0028878208275265912,,HYP-FCR-03,severe,806.8367600200534,805.4777550200535,105.00000000000114,0.9299285714285597,1.1291189799524037,1,1,77.99999999999727,2.329999999999984,5.0,2024,14
QQQ,2024-10-03,short,482.99,479.37,2024-10-03T14:15:00+00:00,2024-10-03T14:25:00+00:00,481.0,0.660000000000025,482.53999999999996,477.9200000000001,1,1,2024-10-03T14:30:00+00:00,480.94000000000005,2024-10-03T14:53:00+00:00,482.56999999999994,STOP_LOSS,-1.6299999999998818,0.28905299999999995,0.08999999999991815,-1.9190529999998818,-1.0584415584415068,-1.2461383116882643,4.027388775100268,1.5399999999999636,0.005,0.0019119087900343358,,HYP-FCR-03,severe,805.4777550200535,803.5587020200536,66.0000000000025,1.3437500000000095,0.49116279069768953,2,2,61.000000000001364,1.5399999999999636,10.0,2024,10
SPY,2024-10-03,short,568.29,566.82,2024-10-03T14:20:00+00:00,2024-10-03T14:25:00+00:00,567.1699,0.41000000000008185,568.54,564.4297,1,1,2024-10-03T14:30:00+00:00,567.12,2024-10-03T15:41:00+00:00,568.5699999999999,STOP_LOSS,-1.4499999999999318,0.340707,0.07989999999995234,-1.7907069999999319,-1.058316911174333,-1.3069900007298436,3.9686006296501977,1.3700999999999794,0.005,0.0017261752036268052,,HYP-FCR-03,severe,793.7201259300396,791.9294189300397,41.000000000008185,1.0877083333333342,0.37693928366220864,1,1,42.000000000007276,1.3700999999999794,5.0,2024,10
QQQ,2024-10-04,long,487.72,483.79,2024-10-04T14:45:00+00:00,2024-10-04T15:00:00+00:00,485.435,0.029999999999972715,484.2364,487.8322,1,1,2024-10-04T15:05:00+00:00,485.45,2024-10-04T15:15:00+00:00,484.20640000000003,STOP_LOSS,-1.243599999999958,0.29089692,0.04499999999995907,-1.534496919999958,-1.0375438011012508,-1.2802410478891701,4.017793510100268,1.198599999999999,0.005,0.0014916147345388174,,HYP-FCR-03,severe,803.5587020200536,802.0242051000537,2.9999999999972715,1.21268571428571,0.02473847893692981,3,3,18.000000000000682,1.198599999999999,15.0,2024,11
SPY,2024-10-04,long,572.71,569.89,2024-10-04T14:55:00+00:00,2024-10-04T15:05:00+00:00,570.34,0.1999999999999318,569.64,571.7400000000001,1,1,2024-10-04T15:10:00+00:00,570.39,2024-10-04T15:14:00+00:00,569.61,STOP_LOSS,-0.7799999999999727,0.34199999999999997,0.07999999999992724,-1.1219999999999728,-1.1142857142856029,-1.6028571428569998,3.9596470946501983,0.7000000000000455,0.005,0.0008839171563367374,,HYP-FCR-03,severe,791.9294189300397,790.8074189300397,19.99999999999318,1.045199999999982,0.1913509376195324,2,2,35.83999999999605,0.7000000000000455,10.0,2024,11
QQQ,2024-10-07,short,486.04,484.25,2024-10-07T14:40:00+00:00,2024-10-07T14:45:00+00:00,485.67,0.043800000000032924,486.23,484.55,1,1,2024-10-07T14:50:00+00:00,485.65000000000003,2024-10-07T14:57:00+00:00,486.26,STOP_LOSS,-0.6099999999999568,0.291573,0.049999999999954525,-0.9015729999999569,-1.0892857142856327,-1.6099517857142023,4.010121025500268,0.5600000000000023,0.005,0.0006982332907647613,,HYP-FCR-03,severe,802.0242051000537,801.1226321000537,4.380000000003292,0.8161428571428563,0.05366707509193607,1,1,22.999999999996135,0.5600000000000023,5.0,2024,10
SPY,2024-10-07,short,571.65,570.53,2024-10-07T14:20:00+00:00,2024-10-07T15:05:00+00:00,571.1,0.10000000000002274,571.4,570.5000000000001,1,1,2024-10-07T15:10:00+00:00,571.09,2024-10-07T15:12:00+00:00,571.43,STOP_LOSS,-0.33999999999991815,0.34275599999999995,0.03999999999996362,-0.6827559999999181,-1.1333333333332323,-2.2758533333334054,3.954037094650199,0.2999999999999545,0.005,0.0003793591117365258,,HYP-FCR-03,severe,790.8074189300397,790.1246629300398,10.000000000002274,0.5306071428571337,0.18846335060918656,9,9,21.000000000003638,0.2999999999999545,45.0,2024,11
SPY,2024-10-08,short,570.86,569.5299,2024-10-08T14:10:00+00:00,2024-10-08T14:15:00+00:00,570.73,0.0061000000000603904,571.25,569.69,1,1,2024-10-08T14:20:00+00:00,570.69,2024-10-08T14:42:00+00:00,571.28,STOP_LOSS,-0.5899999999999181,0.342591,0.06999999999993634,-0.9325909999999181,-1.134615384615267,-1.793444230769136,3.950623314650199,0.5199999999999818,0.005,0.0006581239953599883,,HYP-FCR-03,severe,790.1246629300398,789.1920719300399,0.610000000006039,0.6249900000000139,0.00976015616259501,1,1,24.00000000000091,0.5199999999999818,5.0,2024,10
SPY,2024-10-10,short,576.3199,574.56,2024-10-10T17:00:00+00:00,2024-10-10T17:10:00+00:00,575.63,0.2599999999999909,576.2205,574.449,1,1,2024-10-10T17:15:00+00:00,575.6,2024-10-10T17:20:00+00:00,576.2505,STOP_LOSS,-0.6504999999999654,0.34555515,0.05999999999994543,-0.9960551499999655,-1.1016088060964324,-1.686799576629859,3.9459603596501998,0.59050000000002,0.005,0.0007482335682312411,,HYP-FCR-03,severe,789.1920719300399,788.1960167800399,25.99999999999909,0.48319285714286153,0.5380874244238236,2,2,8.010000000001583,0.59050000000002,10.0,2024,13
QQQ,2024-10-14,short,498.62,495.54,2024-10-14T14:00:00+00:00,2024-10-14T14:10:00+00:00,497.62,0.19999999999998863,498.64,495.58000000000004,1,1,2024-10-14T14:15:00+00:00,497.6,2024-10-14T15:01:00+00:00,495.61,TAKE_PROFIT,1.990000000000009,0.297963,0.049999999999954525,1.6920370000000091,1.9509803921569064,1.6588598039216071,4.0056131605002685,1.0199999999999818,0.005,0.0012732133123316781,,HYP-FCR-03,severe,801.1226321000537,802.8146691000537,19.999999999998863,0.6722222222222235,0.2975206611570073,2,2,20.999999999997954,1.0199999999999818,10.0,2024,10
SPY,2024-10-14,short,583.3,580.73,2024-10-14T14:55:00+00:00,2024-10-14T15:00:00+00:00,582.57,0.01999999999998181,583.4257,580.8586000000001,1,1,2024-10-14T15:05:00+00:00,582.53,2024-10-14T15:59:00+00:00,583.4557,STOP_LOSS,-0.9257000000000062,0.34979571,0.07000000000005002,-1.2754957100000062,-1.0818043706907252,-1.490587483931368,3.9409800839002,0.8556999999999562,0.005,0.0010856436492735467,,HYP-FCR-03,severe,788.1960167800399,786.92052107004,1.999999999998181,0.4419357142857215,0.04525545085738727,1,1,11.570000000006075,0.8556999999999562,5.0,2024,11
QQQ,2024-10-16,long,491.23,487.79,2024-10-16T14:00:00+00:00,2024-10-16T14:10:00+00:00,489.89,0.4300000000000068,487.96000000000004,493.7499999999999,1,1,2024-10-16T14:15:00+00:00,489.94,2024-10-16T19:59:00+00:00,490.90000000000003,FORCED_SESSION_CLOSE,0.9600000000000364,0.29425199999999996,0.07999999999998408,0.6657480000000364,0.4974093264249022,0.34494715025909517,4.014073345500269,1.92999999999995,0.005,0.0024040417723849745,,HYP-FCR-03,severe,802.8146691000537,803.4804171000537,43.00000000000068,1.05825555555556,0.40632907405269103,2,2,22.00000000000273,1.92999999999995,10.0,2024,10
SPY,2024-10-16,short,579.96,578.96,2024-10-16T14:40:00+00:00,2024-10-16T14:45:00+00:00,579.87,0.13999999999998636,581.0,577.61,1,1,2024-10-16T14:50:00+00:00,579.85,2024-10-16T16:30:00+00:00,581.03,STOP_LOSS,-1.17999999999995,0.348264,0.049999999999954525,-1.5282639999999499,-1.0442477876105793,-1.3524460176990762,3.9346026053502,1.1299999999999955,0.005,0.0014359772934418363,,HYP-FCR-03,severe,786.92052107004,785.39225707004,13.999999999998636,0.4859999999999819,0.2880658436213818,1,1,31.999999999993634,1.1299999999999955,5.0,2024,10
QQQ,2024-10-17,long,496.49,492.34,2024-10-17T14:10:00+00:00,2024-10-17T14:20:00+00:00,493.68,0.019000000000005457,491.8,497.44,1,1,2024-10-17T14:25:00+00:00,493.71999999999997,2024-10-17T14:51:00+00:00,491.77000000000004,STOP_LOSS,-1.9499999999999318,0.295647,0.06999999999993634,-2.2456469999999316,-1.0372340425531577,-1.1944930851063496,4.017402085500269,1.8799999999999955,0.005,0.0023398205606371208,,HYP-FCR-03,severe,803.4804171000537,801.2347701000538,1.9000000000005457,1.30462727272728,0.014563546537155081,2,2,79.98999999999796,1.8799999999999955,10.0,2024,10
SPY,2024-10-17,long,586.12,583.2,2024-10-17T15:05:00+00:00,2024-10-17T15:30:00+00:00,584.2067,0.18999999999994088,583.48,585.6600999999998,1,1,2024-10-17T15:35:00+00:00,584.2398999999999,2024-10-17T18:05:00+00:00,583.45,STOP_LOSS,-0.789899999999875,0.35030696999999994,0.06319999999993797,-1.140206969999875,-1.0869684876839734,-1.5690201871473424,3.9269612853502003,0.7266999999999371,0.005,0.0009252701353473251,,HYP-FCR-03,severe,785.39225707004,784.2520501000402,18.99999999999409,0.6104142857142847,0.3112640127313039,5,5,83.00000000000409,0.7266999999999371,25.0,2024,11
QQQ,2024-10-18,short,495.16,493.3,2024-10-18T14:10:00+00:00,2024-10-18T14:55:00+00:00,493.872,0.3901000000000181,494.87,491.87600000000003,1,1,2024-10-18T15:00:00+00:00,493.85,2024-10-18T15:19:00+00:00,494.9,STOP_LOSS,-1.0499999999999545,0.29662499999999997,0.051999999999964075,-1.3466249999999544,-1.0521042084167982,-1.3493236472945564,4.006173850500269,0.9979999999999905,0.005,0.0012455774976856855,,HYP-FCR-03,severe,801.2347701000538,799.8881451000539,39.01000000000181,0.6147000000000113,0.6346185130958368,9,9,27.99999999999727,0.9979999999999905,45.0,2024,11
SPY,2024-10-21,short,584.47,583.74,2024-10-21T14:20:00+00:00,2024-10-21T14:25:00+00:00,583.92,0.13540000000000418,584.68,582.4,1,1,2024-10-21T14:30:00+00:00,583.9,2024-10-21T14:46:00+00:00,582.43,TAKE_PROFIT,1.4700000000000273,0.34989899999999996,0.049999999999954525,1.1201010000000273,1.9342105263158484,1.4738171052632114,3.9212602505002008,0.7599999999999909,0.005,0.0009690762043950594,,HYP-FCR-03,severe,784.2520501000402,785.3721511000401,13.540000000000418,0.39195833333333024,0.34544488147125824,1,1,25.969999999995252,0.7599999999999909,5.0,2024,10
QQQ,2024-10-21,short,495.0,493.12,2024-10-21T14:35:00+00:00,2024-10-21T14:40:00+00:00,493.41,0.4700000000000273,495.15,489.9300000000001,1,1,2024-10-21T14:45:00+00:00,493.39000000000004,2024-10-21T19:54:00+00:00,495.17999999999995,STOP_LOSS,-1.7899999999999068,0.296571,0.049999999999954525,-2.086570999999907,-1.0287356321838828,-1.1991787356321633,3.9994407255002695,1.7399999999999523,0.005,0.002175304148034729,,HYP-FCR-03,severe,799.8881451000539,797.8015741000539,47.00000000000273,0.770707142857138,0.6098295628319468,1,1,1.999999999998181,1.7399999999999523,5.0,2024,10
QQQ,2024-10-22,short,494.57,491.97,2024-10-22T14:40:00+00:00,2024-10-22T14:45:00+00:00,494.21,0.10000000000002274,494.96999999999997,492.69,1,1,2024-10-22T14:50:00+00:00,494.18,2024-10-22T14:54:00+00:00,494.99999999999994,STOP_LOSS,-0.8199999999999363,0.29675399999999996,0.05999999999994543,-1.1167539999999363,-1.0789473684209818,-1.4694131578946705,3.9890078705002696,0.7599999999999909,0.005,0.0009526178246229904,,HYP-FCR-03,severe,797.8015741000539,796.684820100054,10.000000000002274,0.7703571428571406,0.12980992118686346,1,1,37.999999999999545,0.7599999999999909,5.0,2024,10
QQQ,2024-10-23,long,494.25,492.95,2024-10-23T14:25:00+00:00,2024-10-23T14:30:00+00:00,493.71,0.177599999999984,492.0741,496.98179999999996,1,1,2024-10-23T14:35:00+00:00,493.75,2024-10-23T15:12:00+00:00,492.0441,STOP_LOSS,-1.7058999999999855,0.29573823,0.06999999999999318,-2.0016382299999855,-1.0427899015832225,-1.2235700409560455,3.98342410050027,1.6358999999999924,0.005,0.002053384172419079,,HYP-FCR-03,severe,796.684820100054,794.683181870054,17.7599999999984,0.9189692307692431,0.19326000703126922,1,1,100.99999999999909,1.6358999999999924,5.0,2024,10
QQQ,2024-10-24,short,492.19,490.29,2024-10-24T14:00:00+00:00,2024-10-24T14:50:00+00:00,490.85,0.37000000000000455,491.925,488.70000000000005,1,1,2024-10-24T14:55:00+00:00,490.83000000000004,2024-10-24T15:19:00+00:00,491.955,STOP_LOSS,-1.1249999999999432,0.2948355,0.049999999999954525,-1.4198354999999432,-1.0465116279069349,-1.3207772093022867,3.97341590935027,1.0749999999999886,0.005,0.0013527403429757895,,HYP-FCR-03,severe,794.683181870054,793.263346370054,37.000000000000455,0.8370142857142875,0.4420474134252746,10,10,3.8000000000010914,1.0749999999999886,50.0,2024,10
SPY,2024-10-24,long,580.06,578.62,2024-10-24T15:05:00+00:00,2024-10-24T15:15:00+00:00,579.2765,0.3000000000000682,578.6,580.6295000000001,1,1,2024-10-24T15:20:00+00:00,579.305,2024-10-24T15:23:00+00:00,578.57,STOP_LOSS,-0.7349999999999,0.34736249999999996,0.058499999999867214,-1.0823624999999,-1.086474501108447,-1.5999445676272692,3.9268607555002006,0.6765000000000327,0.005,0.0008613750806576037,,HYP-FCR-03,severe,785.3721511000401,784.2897886000402,30.00000000000682,0.49104285714283996,0.6109446367790274,2,2,37.000000000000455,0.6765000000000327,10.0,2024,11
QQQ,2024-10-25,short,499.1,495.12,2024-10-25T15:25:00+00:00,2024-10-25T15:30:00+00:00,498.75,0.10000000000002274,499.4,497.45000000000005,1,1,2024-10-25T15:35:00+00:00,498.67990000000003,2024-10-25T17:20:00+00:00,497.48,TAKE_PROFIT,1.1999000000000137,0.29884797,0.10009999999994079,0.9010520300000138,1.8460000000000858,1.386233892307762,3.96631673185027,0.6499999999999773,0.005,0.0008194000176288934,,HYP-FCR-03,severe,793.263346370054,794.164398400054,10.000000000002274,0.6637785714285859,0.15065264879642393,1,1,37.000000000000455,0.6499999999999773,5.0,2024,11
SPY,2024-10-25,short,583.49,581.47,2024-10-25T15:10:00+00:00,2024-10-25T15:30:00+00:00,582.5199,0.18000000000006366,583.2,581.1596999999999,1,1,2024-10-25T15:35:00+00:00,582.455,2024-10-25T17:13:00+00:00,581.1896999999999,TAKE_PROFIT,1.2653000000001384,0.34909340999999994,0.0948999999999387,0.9162065900001385,1.8604616968093908,1.347164519923668,3.921448943000201,0.6801000000000386,0.005,0.000867153965135794,,HYP-FCR-03,severe,784.2897886000402,785.2059951900403,18.000000000006366,0.46367142857142035,0.3882059340051354,4,4,14.999999999997726,0.6801000000000386,20.0,2024,11
QQQ,2024-10-28,long,498.52,496.15,2024-10-28T16:05:00+00:00,2024-10-28T16:20:00+00:00,496.92,0.11000000000001364,496.34000000000003,498.08,1,1,2024-10-28T16:25:00+00:00,496.95,2024-10-28T16:34:00+00:00,496.31000000000006,STOP_LOSS,-0.6399999999999295,0.29797799999999997,0.05999999999994543,-0.9379779999999295,-1.1034482758619777,-1.6172034482757849,3.97082199200027,0.5799999999999841,0.005,0.0007303273744938308,,HYP-FCR-03,severe,794.164398400054,793.226420400054,11.000000000001364,0.4778428571428565,0.23020120182967996,3,3,1.999999999998181,0.5799999999999841,15.0,2024,12
SPY,2024-10-28,long,582.71,581.35,2024-10-28T16:15:00+00:00,2024-10-28T16:20:00+00:00,581.5499,0.10000000000002274,580.97,582.7096999999999,1,1,2024-10-28T16:25:00+00:00,581.5699999999999,2024-10-28T16:35:00+00:00,580.94,STOP_LOSS,-0.6299999999998818,0.348753,0.05009999999992942,-0.9787529999998817,-1.0863942058974538,-1.6877961717536853,3.9260299759502018,0.5798999999999523,0.005,0.0007385323132429745,,HYP-FCR-03,severe,785.2059951900403,784.2272421900404,10.000000000002274,0.40249285714285016,0.2484516140482249,1,1,20.000000000004547,0.5798999999999523,5.0,2024,12
QQQ,2024-10-30,short,499.6,496.6,2024-10-30T14:45:00+00:00,2024-10-30T14:50:00+00:00,498.69,0.0402000000000271,499.99,496.09,1,1,2024-10-30T14:55:00+00:00,498.66,2024-10-30T15:51:00+00:00,500.02,STOP_LOSS,-1.3599999999999568,0.299604,0.05999999999994543,-1.6596039999999568,-1.0461538461538038,-1.276618461538417,3.9661321020002704,1.3000000000000114,0.005,0.0016388763240442398,,HYP-FCR-03,severe,793.226420400054,791.5668164000541,4.02000000000271,0.6990928571428624,0.057503090740079,1,1,47.999999999996135,1.3000000000000114,5.0,2024,10
SPY,2024-10-30,short,581.91,579.29,2024-10-30T17:25:00+00:00,2024-10-30T17:30:00+00:00,580.9813,0.37000000000000455,582.13,578.6839000000001,1,1,2024-10-30T17:35:00+00:00,580.94,2024-10-30T19:59:00+00:00,580.0,FORCED_SESSION_CLOSE,0.9400000000000546,0.348282,0.07129999999995107,0.5917180000000546,0.8183163576217335,0.5151197005310995,3.9211362109502024,1.1486999999999625,0.005,0.0014647540128701626,,HYP-FCR-03,severe,784.2272421900404,784.8189601900405,37.000000000000455,0.34204999999998825,1.0817131998246374,1,1,16.000000000008185,1.1486999999999625,5.0,2024,13
QQQ,2024-10-31,long,492.43,487.21,2024-10-31T14:15:00+00:00,2024-10-31T14:20:00+00:00,488.22,0.2699999999999818,486.79,491.08000000000004,1,1,2024-10-31T14:25:00+00:00,488.22999999999996,2024-10-31T14:30:00+00:00,486.76000000000005,STOP_LOSS,-1.4699999999999136,0.29249699999999995,0.03999999999990678,-1.7624969999999136,-1.0279720279719626,-1.2325153846153183,3.9578340820002706,1.4300000000000068,0.005,0.0018065436427760655,,HYP-FCR-03,severe,791.5668164000541,789.8043194000542,26.99999999999818,1.2369181818181894,0.21828444594702243,1,1,41.99999999999591,1.4300000000000068,5.0,2024,10
SPY,2024-11-01,short,573.3599,570.68,2024-11-01T17:30:00+00:00,2024-11-01T17:35:00+00:00,571.995,0.9600000000000364,573.71,568.5649999999999,1,1,2024-11-01T17:40:00+00:00,571.96,2024-11-01T19:59:00+00:00,571.05,FORCED_SESSION_CLOSE,0.9100000000000819,0.34290299999999996,0.06499999999994088,0.5670970000000819,0.5306122448979971,0.33066880466476467,3.9240948009502024,1.7150000000000318,0.005,0.002185217339276248,,HYP-FCR-03,severe,784.8189601900405,785.3860571900406,96.00000000000364,0.6877000000000066,1.3959575396248758,1,1,39.009999999996126,1.7150000000000318,5.0,2024,13
QQQ,2024-11-01,short,488.09,485.2,2024-11-01T19:25:00+00:00,2024-11-01T19:30:00+00:00,487.78,0.35000000000002274,488.62,486.0999999999999,1,1,2024-11-01T19:35:00+00:00,487.76000000000005,2024-11-01T19:59:00+00:00,487.42999999999995,FORCED_SESSION_CLOSE,0.33000000000009777,0.292557,0.04999999999989768,0.03744300000009776,0.3928571428572444,0.04457500000011469,3.949021597000271,0.8400000000000318,0.005,0.001063554578478511,,HYP-FCR-03,severe,789.8043194000542,789.8417624000542,35.000000000002274,0.4628357142857169,0.7562078491288625,1,1,30.000000000001137,0.8400000000000318,5.0,2024,15
SPY,2024-11-04,short,571.54,569.27,2024-11-04T16:20:00+00:00,2024-11-04T16:25:00+00:00,571.11,0.10019999999997253,571.93,569.4700000000001,1,1,2024-11-04T16:30:00+00:00,571.08,2024-11-04T16:43:00+00:00,569.5000000000001,TAKE_PROFIT,1.5799999999999272,0.34217400000000003,0.05999999999994543,1.2378259999999273,1.9268292682927437,1.509543902439053,3.926930285950203,0.8199999999999363,0.005,0.0010440725201230816,,HYP-FCR-03,severe,785.3860571900406,786.6238831900405,10.019999999997253,0.5350928571428751,0.18725721837325543,1,1,6.720000000007076,0.8199999999999363,5.0,2024,11
QQQ,2024-11-04,short,487.32,484.2545,2024-11-04T16:35:00+00:00,2024-11-04T16:40:00+00:00,486.54,0.39999999999997726,488.23,483.16,1,1,2024-11-04T16:45:00+00:00,486.45000000000005,2024-11-04T20:59:00+00:00,485.98999999999995,FORCED_SESSION_CLOSE,0.4600000000000932,0.291732,0.1199999999999477,0.16826800000009323,0.27218934911248155,0.09956686390538075,3.949208812000271,1.6899999999999977,0.005,0.002139669083671489,,HYP-FCR-03,severe,789.8417624000542,790.0100304000543,39.999999999997726,0.6502071428571453,0.615188566281038,1,1,30.000000000001137,1.6899999999999977,5.0,2024,11
QQQ,2024-11-05,short,491.13,487.52,2024-11-05T15:50:00+00:00,2024-11-05T15:55:00+00:00,490.15,0.33499999999997954,491.3,487.8499999999999,1,1,2024-11-05T16:00:00+00:00,490.07000000000005,2024-11-05T16:22:00+00:00,491.33,STOP_LOSS,-1.259999999999934,0.29442,0.10999999999989996,-1.5544199999999342,-1.0956521739129537,-1.351669565217294,3.950050152000272,1.150000000000034,0.005,0.00145567772021538,,HYP-FCR-03,severe,790.0100304000543,788.4556104000544,33.499999999997954,0.7300642857142796,0.4588637008482377,1,1,16.0000000000025,1.150000000000034,5.0,2024,11
QQQ,2024-11-06,short,503.46,499.6,2024-11-06T15:30:00+00:00,2024-11-06T15:40:00+00:00,502.02,0.42999999999995,503.28999999999996,499.48,1,1,2024-11-06T15:45:00+00:00,501.94500000000005,2024-11-06T16:39:00+00:00,503.31999999999994,STOP_LOSS,-1.3749999999998863,0.30157949999999994,0.1049999999999045,-1.6765794999998862,-1.0826771653542566,-1.3201413385826064,3.942278052000272,1.2699999999999818,0.005,0.001610743817721833,,HYP-FCR-03,severe,788.4556104000544,786.7790309000545,42.999999999995,1.2591857142857106,0.34149053243021665,2,2,32.9400000000021,1.2699999999999818,10.0,2024,10
QQQ,2024-11-08,long,514.156,512.8,2024-11-08T16:00:00+00:00,2024-11-08T16:55:00+00:00,513.79,0.07999999999992724,513.34,514.6899999999998,1,1,2024-11-08T17:00:00+00:00,513.79,2024-11-08T17:14:00+00:00,513.3100000000001,STOP_LOSS,-0.4799999999999045,0.30812999999999996,0.029999999999972715,-0.7881299999999045,-1.0666666666666162,-1.7514000000000534,3.9338951545002727,0.4499999999999318,0.005,0.0005719522030031019,,HYP-FCR-03,severe,786.7790309000545,785.9909009000546,7.999999999992724,0.38367142857145253,0.20851174740270906,11,11,12.999999999999545,0.4499999999999318,55.0,2024,12
QQQ,2024-11-11,long,515.58,512.43,2024-11-11T15:05:00+00:00,2024-11-11T15:10:00+00:00,513.12,0.01999999999998181,512.33,514.6999999999999,1,1,2024-11-11T15:15:00+00:00,513.05,2024-11-11T17:48:00+00:00,512.3000000000001,STOP_LOSS,-0.7499999999998863,0.30760499999999996,0.10000000000002274,-1.0576049999998862,-0.9493670886074947,-1.3387405063290316,3.929954504500273,0.7899999999999636,0.005,0.0010051006940351576,,HYP-FCR-03,severe,785.9909009000546,784.9332959000548,1.999999999998181,0.7854111111111151,0.025464371100744888,1,1,18.99999999999409,0.7899999999999636,5.0,2024,10
SPY,2024-11-11,long,600.17,598.8901,2024-11-11T15:30:00+00:00,2024-11-11T15:55:00+00:00,599.68,0.10999999999989996,599.1561,600.7277999999998,1,1,2024-11-11T16:00:00+00:00,599.72,2024-11-11T16:15:00+00:00,599.1261000000001,STOP_LOSS,-0.5938999999999623,0.35965383,0.07000000000005002,-0.9535538299999624,-1.133613284978167,-1.820106566138809,3.9331194159502023,0.5238999999999123,0.005,0.0006660107977847188,,HYP-FCR-03,severe,786.6238831900405,785.6703293600406,10.999999999989996,0.4382714285714298,0.25098601649313784,5,5,1.0099999999965803,0.5238999999999123,25.0,2024,11
QQQ,2024-11-12,long,514.66,512.93,2024-11-12T20:35:00+00:00,2024-11-12T20:40:00+00:00,513.355,0.029999999999972715,512.85,514.365,1,1,2024-11-12T20:45:00+00:00,513.38,2024-11-12T20:52:00+00:00,512.82,STOP_LOSS,-0.5599999999999454,0.30785999999999997,0.05499999999994998,-0.8678599999999455,-1.1089108910890109,-1.718534653465254,3.924666479500274,0.5049999999999955,0.005,0.0006433667709571807,,HYP-FCR-03,severe,784.9332959000548,784.0654359000548,2.9999999999972715,0.3335714285714175,0.0899357601712274,1,1,20.99999999999227,0.5049999999999955,5.0,2024,15
QQQ,2024-11-13,long,513.04,511.51,2024-11-13T16:45:00+00:00,2024-11-13T16:50:00+00:00,512.72,0.25999999999993406,511.21000000000004,515.74,1,1,2024-11-13T16:55:00+00:00,512.73,2024-11-13T20:59:00+00:00,512.24,FORCED_SESSION_CLOSE,-0.4900000000000091,0.30749099999999996,0.03999999999996362,-0.797491000000009,-0.32450331125828613,-0.528139735099347,3.920327179500274,1.509999999999991,0.005,0.0019258596679071966,,HYP-FCR-03,severe,784.0654359000548,783.2679449000548,25.999999999993406,0.6545000000000007,0.3972498090144137,1,1,28.999999999996362,1.509999999999991,5.0,2024,11
SPY,2024-11-13,short,597.72,596.3404,2024-11-13T19:35:00+00:00,2024-11-13T19:40:00+00:00,597.07,0.09999999999990905,597.93,595.3500000000003,1,1,2024-11-13T19:45:00+00:00,597.03,2024-11-13T20:15:00+00:00,597.9599999999999,STOP_LOSS,-0.92999999999995,0.3584969999999999,0.07000000000005002,-1.2884969999999498,-1.081395348837277,-1.4982523255815112,3.928351646800203,0.8599999999999,0.005,0.0010946066917156,,HYP-FCR-03,severe,785.6703293600406,784.3818323600406,9.999999999990905,0.428121428571436,0.23357859085351326,1,1,6.9999999999936335,0.8599999999999,5.0,2024,14
SPY,2024-11-14,long,597.81,595.7901,2024-11-14T15:25:00+00:00,2024-11-14T15:30:00+00:00,596.41,0.30999999999994543,595.14,598.9499999999999,1,1,2024-11-14T15:35:00+00:00,596.43,2024-11-14T17:14:00+00:00,595.11,STOP_LOSS,-1.3199999999999363,0.35746199999999995,0.049999999999954525,-1.6774619999999363,-1.0393700787401223,-1.3208362204724098,3.921909161800203,1.2699999999999818,0.005,0.00161910940259646,,HYP-FCR-03,severe,784.3818323600406,782.7043703600406,30.999999999994543,0.7224076923076924,0.4291205690372249,1,1,36.01000000001022,1.2699999999999818,5.0,2024,10
QQQ,2024-11-14,long,512.79,510.1397,2024-11-14T15:25:00+00:00,2024-11-14T15:40:00+00:00,511.665,0.1524000000000001,510.89,513.2150000000001,1,1,2024-11-14T15:45:00+00:00,511.64,2024-11-14T15:57:00+00:00,510.86,STOP_LOSS,-0.7799999999999727,0.30674999999999997,0.05500000000000682,-1.0867499999999728,-1.0064516129031462,-1.4022580645160323,3.916339724500274,0.7750000000000341,0.005,0.0009894442955902202,,HYP-FCR-03,severe,783.2679449000548,782.1811949000548,15.240000000000009,0.871549999999993,0.17486088004130723,3,3,23.970000000002756,0.7750000000000341,15.0,2024,10
QQQ,2024-11-20,long,503.21,499.8,2024-11-20T16:40:00+00:00,2024-11-20T16:45:00+00:00,501.24,0.5507000000000062,498.7299,506.26020000000005,1,1,2024-11-20T16:50:00+00:00,501.23999999999995,2024-11-20T18:43:00+00:00,498.6999,STOP_LOSS,-2.5400999999999385,0.29998197,0.03000000000002956,-2.8400819699999387,-1.011951715071079,-1.1314616828014474,3.9109059745002743,2.5101000000000226,0.005,0.0032091029755845217,,HYP-FCR-03,severe,782.1811949000548,779.3411129300549,55.07000000000062,0.7578785714285671,0.7266335541879241,1,1,30.000000000001137,2.5101000000000226,5.0,2024,11
SPY,2024-11-20,long,590.53,587.4,2024-11-20T16:45:00+00:00,2024-11-20T16:50:00+00:00,588.5,0.5177999999999656,586.45,592.5999999999999,1,1,2024-11-20T16:55:00+00:00,588.5468,2024-11-20T17:20:00+00:00,586.4200000000001,STOP_LOSS,-2.1267999999998892,0.35249004,0.0767999999999347,-2.4792900399998894,-1.0374634146341153,-1.209409775609729,3.913521851800203,2.0499999999999545,0.005,0.002619124253844352,,HYP-FCR-03,severe,782.7043703600406,780.2250803200407,51.77999999999656,0.6611285714285974,0.7832062058384185,1,1,18.99999999999409,2.0499999999999545,5.0,2024,11
QQQ,2024-11-21,long,506.96,500.31,2024-11-21T15:10:00+00:00,2024-11-21T15:15:00+00:00,501.685,1.160000000000025,499.89,505.27500000000003,1,1,2024-11-21T15:20:00+00:00,501.7,2024-11-21T15:24:00+00:00,499.86,STOP_LOSS,-1.839999999999975,0.30046799999999996,0.04499999999995907,-2.140467999999975,-1.0250696378829853,-1.1924612813370228,3.896705564650275,1.795000000000016,0.005,0.0023032276498944505,,HYP-FCR-03,severe,779.3411129300549,777.200644930055,116.0000000000025,2.1193099999999845,0.5473479575899861,1,1,82.99000000000092,1.795000000000016,5.0,2024,10
SPY,2024-11-21,long,593.57,588.56,2024-11-21T15:05:00+00:00,2024-11-21T15:15:00+00:00,590.53,0.9114000000000715,589.05,593.49,1,1,2024-11-21T15:20:00+00:00,590.54,2024-11-21T15:24:00+00:00,589.02,STOP_LOSS,-1.5199999999999818,0.35386799999999996,0.03999999999996362,-1.8738679999999817,-1.027027027027002,-1.266127027026999,3.9011254016002033,1.4800000000000182,0.005,0.0018968885227233874,,HYP-FCR-03,severe,780.2250803200407,778.3512123200406,91.14000000000715,1.6293600000000084,0.5593607305936483,2,2,14.999999999997726,1.4800000000000182,10.0,2024,10
QQQ,2024-11-22,long,506.36,504.05,2024-11-22T15:35:00+00:00,2024-11-22T15:40:00+00:00,505.66,0.8600000000000136,503.25,510.4800000000001,1,1,2024-11-22T15:45:00+00:00,505.655,2024-11-22T20:59:00+00:00,505.74,FORCED_SESSION_CLOSE,0.08500000000003638,0.3034185,0.03500000000002501,-0.2184184999999636,0.035269709543583196,-0.09063008298753582,3.886003224650275,2.410000000000025,0.005,0.003100872362524758,,HYP-FCR-03,severe,777.200644930055,776.982226430055,86.00000000000136,1.1606071428571414,0.7409914761362714,1,1,70.99000000000046,2.410000000000025,5.0,2024,10
SPY,2024-11-22,long,596.131,593.57,2024-11-22T15:25:00+00:00,2024-11-22T15:40:00+00:00,595.52,0.4399999999999409,593.77,599.02,1,1,2024-11-22T15:45:00+00:00,595.51,2024-11-22T16:20:00+00:00,593.74,STOP_LOSS,-1.7699999999999818,0.35677499999999995,0.03999999999996362,-2.1267749999999817,-1.0114285714285611,-1.2152999999999896,3.891756061600203,1.75,0.005,0.0022483423579231724,,HYP-FCR-03,severe,778.3512123200406,776.2244373200407,43.99999999999409,0.9800928571428601,0.4489370540691592,3,3,41.75000000000182,1.75,15.0,2024,10
QQQ,2024-11-25,long,511.4525,507.58,2024-11-25T16:15:00+00:00,2024-11-25T16:20:00+00:00,508.01,0.1301000000000272,507.23,509.56999999999994,1,1,2024-11-25T16:25:00+00:00,508.03,2024-11-25T16:37:00+00:00,507.20000000000005,STOP_LOSS,-0.8299999999999272,0.304569,0.049999999999954525,-1.134568999999927,-1.0641025641025081,-1.4545756410255986,3.884911132150275,0.7799999999999727,0.005,0.00100388396731259,,HYP-FCR-03,severe,776.982226430055,775.847657430055,13.01000000000272,0.7866571428571376,0.16538335815207142,1,1,22.999999999996135,0.7799999999999727,5.0,2024,11
SPY,2024-11-26,long,599.61,598.5,2024-11-26T15:35:00+00:00,2024-11-26T15:45:00+00:00,599.035,0.021399999999971442,598.3681,600.3687999999999,1,1,2024-11-26T15:50:00+00:00,599.0649999999999,2024-11-26T19:04:00+00:00,600.3387999999999,TAKE_PROFIT,1.2737999999999374,0.35982113999999993,0.05999999999994543,0.9139788599999374,1.9100314889789314,1.3704886189833825,3.8811221866002037,0.6668999999999414,0.005,0.0008591587277288665,,HYP-FCR-03,severe,776.2244373200407,777.1384161800406,2.139999999997144,0.6602785714285672,0.03241056264126636,2,2,27.99999999999727,0.6668999999999414,10.0,2024,10
QQQ,2024-11-26,long,510.14,508.08,2024-11-26T17:30:00+00:00,2024-11-26T17:35:00+00:00,508.5399,0.1199999999999477,507.83,509.9597,1,1,2024-11-26T17:40:00+00:00,508.55999999999995,2024-11-26T19:18:00+00:00,507.8,STOP_LOSS,-0.7599999999999341,0.30490799999999996,0.05009999999992942,-1.064907999999934,-1.0705733201858418,-1.5000817016480168,3.8792382871502755,0.7099000000000046,0.005,0.0009149992182118617,,HYP-FCR-03,severe,775.847657430055,774.7827494300551,11.99999999999477,0.45686428571428905,0.26266005847301566,1,1,0.9999999999990905,0.7099000000000046,5.0,2024,12
SPY,2024-12-02,short,603.6799,602.47,2024-12-02T17:25:00+00:00,2024-12-02T17:30:00+00:00,603.605,0.06000000000005912,603.925,602.9650000000001,1,1,2024-12-02T17:35:00+00:00,603.58,2024-12-02T19:57:00+00:00,603.9549999999999,STOP_LOSS,-0.3749999999998863,0.36226049999999993,0.05499999999994998,-0.7372604999998862,-1.1718749999998779,-2.3039390625001026,3.885692080900203,0.31999999999993634,0.005,0.0004117670589145107,,HYP-FCR-03,severe,777.1384161800406,776.4011556800407,6.000000000005912,0.2724642857142986,0.22021234762112674,1,1,23.99000000000342,0.31999999999993634,5.0,2024,12
QQQ,2024-12-03,short,515.19,513.37,2024-12-03T15:15:00+00:00,2024-12-03T15:25:00+00:00,514.42,0.18999999999994088,515.33,512.5999999999998,1,1,2024-12-03T15:30:00+00:00,514.37,2024-12-03T15:36:00+00:00,515.36,STOP_LOSS,-0.9900000000000091,0.308919,0.07999999999992724,-1.298919000000009,-1.0879120879120001,-1.4273835164833981,3.873913747150276,0.9100000000000819,0.005,0.0011745227945117456,,HYP-FCR-03,severe,774.7827494300551,773.4838304300551,18.99999999999409,0.6382583333333306,0.2976851066051234,2,2,28.999999999996362,0.9100000000000819,10.0,2024,10
SPY,2024-12-03,long,603.72,602.77,2024-12-03T15:55:00+00:00,2024-12-03T16:00:00+00:00,603.0802,0.08510000000001128,602.5701,604.1003999999999,1,1,2024-12-03T16:05:00+00:00,603.1001,2024-12-03T16:42:00+00:00,602.5401,STOP_LOSS,-0.5599999999999454,0.36169206,0.04989999999997963,-0.9216920599999454,-1.0978239560870084,-1.8068850421486125,3.8820057784002033,0.5100999999999658,0.005,0.0006570057196181981,,HYP-FCR-03,severe,776.4011556800407,775.4794636200407,8.510000000001128,0.3742714285714247,0.22737509065234746,1,1,31.999999999993634,0.5100999999999658,5.0,2024,11
SPY,2024-12-04,long,606.21,605.51,2024-12-04T15:20:00+00:00,2024-12-04T15:35:00+00:00,606.04,0.1993000000001075,605.5,607.1199999999999,1,1,2024-12-04T15:40:00+00:00,606.0699999999999,2024-12-04T18:30:00+00:00,605.47,STOP_LOSS,-0.599999999999909,0.36346199999999995,0.05999999999994543,-0.963461999999909,-1.1111111111110175,-1.7841888888888406,3.8773973181002037,0.5399999999999636,0.005,0.0006963433918406713,,HYP-FCR-03,severe,775.4794636200407,774.5160016200408,19.93000000001075,0.39467857142856083,0.5049678762105837,3,3,6.9999999999936335,0.5399999999999636,15.0,2024,10
SPY,2024-12-05,short,607.85,607.37,2024-12-05T15:10:00+00:00,2024-12-05T15:15:00+00:00,607.635,0.014999999999986358,608.1,606.7049999999999,1,1,2024-12-05T15:20:00+00:00,607.62,2024-12-05T17:14:00+00:00,608.13,STOP_LOSS,-0.5099999999999909,0.36472499999999997,0.04499999999995907,-0.8747249999999909,-1.0967741935482924,-1.8811290322579162,3.872580008100204,0.46500000000003183,0.005,0.0006003749425801402,,HYP-FCR-03,severe,774.5160016200408,773.6412766200408,1.4999999999986358,0.322059999999999,0.046575172328095396,1,1,6.9999999999936335,0.46500000000003183,5.0,2024,10
QQQ,2024-12-05,long,523.65,522.36,2024-12-05T15:50:00+00:00,2024-12-05T16:20:00+00:00,523.2601,0.27510000000006585,522.55,524.6803,1,1,2024-12-05T16:25:00+00:00,523.29,2024-12-05T18:23:00+00:00,522.52,STOP_LOSS,-0.7699999999999818,0.31374299999999994,0.05989999999997053,-1.0837429999999817,-1.084354316293437,-1.5261836361075405,3.867419152150276,0.7101000000000113,0.005,0.0009180540976599309,,HYP-FCR-03,severe,773.4838304300551,772.4000874300551,27.510000000006585,0.42854285714284807,0.6419427961865797,6,6,22.620000000006257,0.7101000000000113,30.0,2024,11
QQQ,2024-12-06,short,525.4,522.35,2024-12-06T16:05:00+00:00,2024-12-06T16:10:00+00:00,524.95,0.019000000000005457,525.6364,523.5772000000002,1,1,2024-12-06T16:15:00+00:00,524.88,2024-12-06T16:29:00+00:00,525.6664,STOP_LOSS,-0.7863999999999578,0.31516391999999993,0.10000000000002274,-1.1015639199999576,-1.1456876456876925,-1.6048425407926308,3.8620004371502756,0.6863999999999351,0.005,0.0008886586254589104,,HYP-FCR-03,severe,772.4000874300551,771.2985235100551,1.9000000000005457,0.5594142857142889,0.033964095099475844,1,1,48.00000000000182,0.6863999999999351,5.0,2024,11
SPY,2024-12-06,short,609.04,607.34,2024-12-06T15:10:00+00:00,2024-12-06T16:10:00+00:00,607.88,0.13999999999998636,608.72,606.1999999999999,1,1,2024-12-06T16:15:00+00:00,607.8225,2024-12-06T20:59:00+00:00,607.91,FORCED_SESSION_CLOSE,-0.08749999999997726,0.36471975,0.08749999999997726,-0.45221974999997727,-0.10416666666663565,-0.5383568452380478,3.8682063831002043,0.8400000000000318,0.005,0.0010857745383880053,,HYP-FCR-03,severe,773.6412766200408,773.1890568700409,13.999999999998636,0.41503571428571767,0.33732036829873385,12,12,1.9900000000006912,0.8400000000000318,60.0,2024,11
QQQ,2024-12-10,short,524.95,522.8,2024-12-10T15:20:00+00:00,2024-12-10T15:25:00+00:00,524.3,0.2237999999999829,525.25,522.3999999999999,1,1,2024-12-10T15:30:00+00:00,524.26,2024-12-10T16:08:00+00:00,522.4299999999998,TAKE_PROFIT,1.8300000000001546,0.3140069999999999,0.06999999999993634,1.5159930000001547,1.9263157894737548,1.5957821052632444,3.8564926175502756,0.9500000000000455,0.005,0.0012316891204157228,,HYP-FCR-03,severe,771.2985235100551,772.8145165100553,22.37999999999829,0.7219166666666771,0.31000808034165483,1,1,28.999999999996362,0.9500000000000455,5.0,2024,10
SPY,2024-12-10,short,605.4,604.2737,2024-12-10T15:50:00+00:00,2024-12-10T15:55:00+00:00,605.0083,0.06009999999992033,605.5649999999999,603.8949,1,1,2024-12-10T16:00:00+00:00,604.97,2024-12-10T19:01:00+00:00,603.9249,TAKE_PROFIT,1.0451000000000477,0.36266846999999997,0.06829999999990832,0.6824315300000476,1.8773127357644852,1.2258514999103192,3.8659452843502042,0.556699999999978,0.005,0.0007200050169535046,,HYP-FCR-03,severe,773.1890568700409,773.8714884000409,6.009999999992033,0.4034357142857305,0.1489704502397002,1,1,17.000000000007276,0.556699999999978,5.0,2024,11
QQQ,2024-12-12,long,527.75,526.7611,2024-12-12T15:15:00+00:00,2024-12-12T15:20:00+00:00,527.7,0.313199999999938,526.54,530.0200000000002,1,1,2024-12-12T15:25:00+00:00,527.7601,2024-12-12T20:59:00+00:00,526.51,STOP_LOSS,-1.250099999999975,0.31628102999999996,0.09009999999989304,-1.5663810299999747,-1.0776724137930058,-1.3503284741378139,3.8640725825502766,1.1600000000000819,0.005,0.001501007001315805,,HYP-FCR-03,severe,772.8145165100553,771.2481354800553,31.319999999993797,0.8026090909090933,0.3902273267864247,1,1,67.74000000000342,1.1600000000000819,5.0,2024,10
SPY,2024-12-12,long,606.64,605.72,2024-12-12T15:20:00+00:00,2024-12-12T15:25:00+00:00,606.5626,0.15999999999996817,605.44,608.8077999999998,1,1,2024-12-12T15:30:00+00:00,606.5899999999999,2024-12-12T19:16:00+00:00,605.4100000000001,STOP_LOSS,-1.1799999999998363,0.3636,0.05739999999991596,-1.5435999999998362,-1.0511313023337965,-1.3750222697309333,3.869357442000205,1.1225999999999203,0.005,0.0014506284529500711,,HYP-FCR-03,severe,773.8714884000409,772.327888400041,15.999999999996817,0.5359083333333293,0.29855852213525824,1,1,0.9999999999990905,1.1225999999999203,5.0,2024,10
QQQ,2024-12-13,long,533.1661,530.29,2024-12-13T19:20:00+00:00,2024-12-13T19:25:00+00:00,530.675,0.1999999999999318,529.86,532.3049999999998,1,1,2024-12-13T19:30:00+00:00,530.7398999999999,2024-12-13T20:59:00+00:00,530.47,FORCED_SESSION_CLOSE,-0.2698999999998932,0.3183629699999999,0.0948999999999387,-0.5882629699998931,-0.33116564417167216,-0.7217950552146452,3.856240677400277,0.8149999999999409,0.005,0.001056728648676282,,HYP-FCR-03,severe,771.2481354800553,770.6598725100555,19.99999999999318,0.41250714285713946,0.4848400893489408,1,1,24.00000000000091,0.8149999999999409,5.0,2024,14
SPY,2024-12-16,short,606.4,605.5801,2024-12-16T15:10:00+00:00,2024-12-16T15:15:00+00:00,605.765,0.15499999999997272,606.67,603.955,1,1,2024-12-16T15:20:00+00:00,605.735,2024-12-16T15:32:00+00:00,606.6999999999999,STOP_LOSS,-0.9649999999999181,0.36373049999999996,0.05999999999994543,-1.328730499999918,-1.0662983425413781,-1.4682104972375227,3.861639442000205,0.9049999999999727,0.005,0.0011717821065283245,,HYP-FCR-03,severe,772.327888400041,770.9991579000412,15.499999999997272,0.48385999999998147,0.320340594386762,1,1,9.000000000003183,0.9049999999999727,5.0,2024,10
QQQ,2024-12-17,long,537.09,535.04,2024-12-17T15:40:00+00:00,2024-12-17T16:10:00+00:00,536.74,0.35039999999992233,535.58,539.06,1,1,2024-12-17T16:15:00+00:00,536.77,2024-12-17T17:01:00+00:00,535.5500000000001,STOP_LOSS,-1.2199999999999136,0.32169600000000004,0.05999999999994543,-1.5416959999999136,-1.051724137930989,-1.329048275862031,3.8532993625502776,1.1599999999999682,0.005,0.0015052035812138805,,HYP-FCR-03,severe,770.6598725100555,769.1181765100556,35.03999999999223,0.7272000000000064,0.48184818481837083,6,6,39.999999999997726,1.1599999999999682,30.0,2024,11
SPY,2024-12-17,short,604.86,603.6004,2024-12-17T16:15:00+00:00,2024-12-17T16:20:00+00:00,604.35,0.2599999999999909,605.04,602.9700000000001,1,1,2024-12-17T16:25:00+00:00,604.315,2024-12-17T16:36:00+00:00,605.0699999999999,STOP_LOSS,-0.7549999999998818,0.36281549999999996,0.06499999999994088,-1.1178154999998817,-1.0942028985506471,-1.6200224637680833,3.854995789500206,0.6899999999999409,0.005,0.0008949426117134596,,HYP-FCR-03,severe,770.9991579000412,769.8813424000413,25.99999999999909,0.42822142857145146,0.6071625160547244,1,1,15.999999999996817,0.6899999999999409,5.0,2024,11
QQQ,2024-12-18,short,535.67,533.46,2024-12-18T16:10:00+00:00,2024-12-18T16:15:00+00:00,534.852,0.5499999999999545,536.4399999999999,531.676,1,1,2024-12-18T16:20:00+00:00,534.82,2024-12-18T19:07:00+00:00,531.706,TAKE_PROFIT,3.1140000000000327,0.3199578,0.06199999999989814,2.7940422000000327,1.960957178841373,1.759472418136079,3.8455908825502783,1.5879999999999654,0.005,0.0020647022115712586,,HYP-FCR-03,severe,769.1181765100556,771.9122187100556,54.99999999999545,0.5578214285714337,0.9859786157883722,1,1,65.0000000000091,1.5879999999999654,5.0,2024,11
QQQ,2024-12-19,long,521.7599,518.28,2024-12-19T15:10:00+00:00,2024-12-19T15:15:00+00:00,519.78,0.7699999999999818,518.13,523.0799999999999,1,1,2024-12-19T15:20:00+00:00,519.75,2024-12-19T15:22:00+00:00,518.1,STOP_LOSS,-1.6499999999999773,0.31135499999999994,0.05999999999994543,-1.961354999999977,-1.0,-1.1887000000000025,3.8595610935502784,1.6499999999999773,0.005,0.0021375487523144746,,HYP-FCR-03,severe,771.9122187100556,769.9508637100556,76.99999999999818,1.6558100000000309,0.4650292002101494,1,1,38.999999999998636,1.6499999999999773,5.0,2024,10
SPY,2024-12-19,long,593.0,589.81,2024-12-19T15:10:00+00:00,2024-12-19T15:15:00+00:00,590.45,0.41000000000008185,589.41,592.5300000000002,1,1,2024-12-19T15:20:00+00:00,590.43,2024-12-19T15:22:00+00:00,589.38,STOP_LOSS,-1.0499999999999545,0.35394299999999995,0.05000000000006821,-1.4039429999999544,-1.0096153846152658,-1.349945192307548,3.8494067120002065,1.0400000000000773,0.005,0.001350857518845649,,HYP-FCR-03,severe,769.8813424000413,768.4773994000413,41.000000000008185,1.407979999999975,0.29119731814378697,1,1,56.99999999999363,1.0400000000000773,5.0,2024,10
QQQ,2024-12-23,long,520.83,517.95,2024-12-23T15:55:00+00:00,2024-12-23T16:05:00+00:00,519.48,0.12999999999999545,517.85,522.74,1,1,2024-12-23T16:10:00+00:00,519.5,2024-12-23T18:39:00+00:00,522.71,TAKE_PROFIT,3.2100000000000364,0.31266299999999997,0.049999999999954525,2.8973370000000362,1.9693251533742608,1.7775073619632173,3.849754318550278,1.6299999999999955,0.005,0.0021170182109358773,,HYP-FCR-03,severe,769.9508637100556,772.8482007100556,12.999999999999545,1.1567785714286012,0.11238105823437561,2,2,35.000000000002274,1.6299999999999955,10.0,2024,11
SPY,2024-12-23,long,591.77,589.18,2024-12-23T16:00:00+00:00,2024-12-23T16:05:00+00:00,590.09,0.04000000000007731,589.02,592.2300000000001,1,1,2024-12-23T16:10:00+00:00,590.11,2024-12-23T16:53:00+00:00,592.2000000000002,TAKE_PROFIT,2.0900000000001455,0.35469300000000004,0.049999999999954525,1.7353070000001454,1.953271028037428,1.6217822429907143,3.8423869970002067,1.07000000000005,0.005,0.0013923636542016859,,HYP-FCR-03,severe,768.4773994000413,770.2127064000415,4.000000000007731,1.0620571428571322,0.03766275691387926,1,1,21.99999999999136,1.07000000000005,5.0,2024,11
QQQ,2024-12-26,short,529.54,526.31,2024-12-26T16:20:00+00:00,2024-12-26T16:25:00+00:00,529.28,0.365099999999984,529.84,528.1599999999999,1,1,2024-12-26T16:30:00+00:00,529.25,2024-12-26T16:39:00+00:00,529.87,STOP_LOSS,-0.6200000000000045,0.31773599999999996,0.05999999999994543,-0.9377360000000046,-1.1071428571427484,-1.6745285714284028,3.864241003550278,0.5600000000000591,0.005,0.000724592487225251,,HYP-FCR-03,severe,772.8482007100556,771.9104647100556,36.5099999999984,0.5440071428571319,0.6711308937645092,1,1,37.000000000000455,0.5600000000000591,5.0,2024,11
QQQ,2024-12-30,long,515.71,512.54,2024-12-30T15:35:00+00:00,2024-12-30T15:40:00+00:00,514.6601,0.7400000000000091,512.48,519.0203000000001,1,1,2024-12-30T15:45:00+00:00,514.73,2024-12-30T17:47:00+00:00,518.9903000000002,TAKE_PROFIT,4.260300000000143,0.31011609,0.09989999999993415,3.950183910000143,1.9541764139259976,1.811927851933431,3.8595523235502784,2.1801000000000386,0.005,0.0028242912872271085,,HYP-FCR-03,severe,771.9104647100556,775.8606486200558,74.00000000000091,1.3196357142857056,0.5607608160260784,1,1,3.999999999996362,2.1801000000000386,5.0,2024,10
SPY,2024-12-30,long,588.01,585.19,2024-12-30T15:35:00+00:00,2024-12-30T15:40:00+00:00,586.658,0.4699999999999136,584.75,590.474,1,1,2024-12-30T15:45:00+00:00,586.67,2024-12-30T17:23:00+00:00,590.4440000000001,TAKE_PROFIT,3.7740000000001146,0.35313419999999995,0.041999999999916326,3.4208658000001146,1.9779874213836919,1.7929066037736305,3.851063532000208,1.9080000000000155,0.005,0.002477237760615465,,HYP-FCR-03,severe,770.2127064000415,773.6335722000416,46.99999999999136,1.0349928571428595,0.4541094141435604,1,1,37.000000000000455,1.9080000000000155,5.0,2024,10
SPY,2024-12-31,short,590.58,588.5559,2024-12-31T15:00:00+00:00,2024-12-31T15:10:00+00:00,589.13,0.41030000000000655,590.02,587.35,1,1,2024-12-31T15:15:00+00:00,589.09,2024-12-31T15:22:00+00:00,590.05,STOP_LOSS,-0.9599999999999227,0.35374199999999995,0.06999999999993634,-1.3137419999999227,-1.078651685393188,-1.4761146067415087,3.868167861000208,0.8899999999999864,0.005,0.0011504154317773783,,HYP-FCR-03,severe,773.6335722000416,772.3198302000417,41.030000000000655,1.12646666666669,0.3642362549564994,2,2,5.989999999997053,0.8899999999999864,10.0,2024,10
QQQ,2024-12-31,long,517.66,514.8,2024-12-31T15:15:00+00:00,2024-12-31T15:20:00+00:00,516.45,0.40999999999996817,514.3,520.7500000000002,1,1,2024-12-31T15:25:00+00:00,516.4828,2024-12-31T16:03:00+00:00,514.27,STOP_LOSS,-2.2128000000000156,0.30922584,0.0627999999999247,-2.5220258400000155,-1.029209302325545,-1.1730352744185621,3.879303243100279,2.150000000000091,0.005,0.00277111618410352,,HYP-FCR-03,severe,775.8606486200558,773.3386227800559,40.99999999999682,1.3481909090909001,0.3041112332350881,1,1,0.9999999999990905,2.150000000000091,5.0,2024,10
