hypothesis_id,symbol,session_date,sweep_timestamp,confirmation_timestamp,executable_timestamp,swept_side,direction_orientation,confirmation_bar_count,reason_for_exclusion,opening_high,opening_low,executable_price_reference
HYP-OR-CONT-EVENT-01,QQQ,2022-01-03,2022-01-03T19:40:00+00:00,2022-01-03T20:00:00+00:00,2022-01-03T20:00:00+00:00,high,continuation_long,3,,401.53,396.88,401.3665
HYP-OR-CONT-EVENT-01,QQQ,2022-01-04,2022-01-04T15:00:00+00:00,2022-01-04T15:20:00+00:00,2022-01-04T15:20:00+00:00,low,continuation_short,3,,402.29,400.65,398.92
HYP-OR-CONT-EVENT-01,QQQ,2022-01-05,2022-01-05T17:30:00+00:00,2022-01-05T17:50:00+00:00,2022-01-05T17:50:00+00:00,low,continuation_short,3,,395.37,392.36,391.47
HYP-OR-CONT-EVENT-01,QQQ,2022-01-06,2022-01-06T15:00:00+00:00,2022-01-06T15:20:00+00:00,2022-01-06T15:20:00+00:00,low,continuation_short,3,,386.26,381.94,382.19
HYP-OR-CONT-EVENT-01,QQQ,2022-01-07,2022-01-07T15:35:00+00:00,2022-01-07T15:55:00+00:00,2022-01-07T15:55:00+00:00,low,continuation_short,3,,385.76,381.1,378.65
HYP-OR-CONT-EVENT-01,QQQ,2022-01-10,2022-01-10T15:00:00+00:00,2022-01-10T15:20:00+00:00,2022-01-10T15:20:00+00:00,low,continuation_short,3,,375.71,371.47,370.43
HYP-OR-CONT-EVENT-01,QQQ,2022-01-11,2022-01-11T15:00:00+00:00,2022-01-11T15:20:00+00:00,2022-01-11T15:20:00+00:00,high,continuation_long,3,,380.0598,377.2182,380.57
HYP-OR-CONT-EVENT-01,QQQ,2022-01-12,2022-01-12T15:05:00+00:00,2022-01-12T15:25:00+00:00,2022-01-12T15:25:00+00:00,high,continuation_long,3,,389.75,387.14,389.58
HYP-OR-CONT-EVENT-01,QQQ,2022-01-13,2022-01-13T15:00:00+00:00,2022-01-13T15:20:00+00:00,2022-01-13T15:20:00+00:00,low,continuation_short,3,,389.47,387.88,386.24
HYP-OR-CONT-EVENT-01,QQQ,2022-01-14,2022-01-14T20:35:00+00:00,2022-01-14T20:55:00+00:00,2022-01-14T20:55:00+00:00,high,continuation_long,3,,380.08,374.86,380.09
HYP-OR-CONT-EVENT-01,QQQ,2022-01-18,2022-01-18T15:05:00+00:00,2022-01-18T15:25:00+00:00,2022-01-18T15:25:00+00:00,high,continuation_long,3,,374.78,372.31,375.59
HYP-OR-CONT-EVENT-01,QQQ,2022-01-19,2022-01-19T15:00:00+00:00,2022-01-19T15:20:00+00:00,2022-01-19T15:20:00+00:00,high,continuation_long,3,,374.609,371.75,373.55
HYP-OR-CONT-EVENT-01,QQQ,2022-01-20,2022-01-20T15:00:00+00:00,2022-01-20T15:20:00+00:00,2022-01-20T15:20:00+00:00,high,continuation_long,3,,372.55,369.53,370.97
HYP-OR-CONT-EVENT-01,QQQ,2022-01-21,2022-01-21T15:00:00+00:00,2022-01-21T15:20:00+00:00,2022-01-21T15:20:00+00:00,low,continuation_short,3,,361.24,356.66,355.48
HYP-OR-CONT-EVENT-01,QQQ,2022-01-24,2022-01-24T15:05:00+00:00,2022-01-24T15:25:00+00:00,2022-01-24T15:25:00+00:00,low,continuation_short,3,,347.66,342.53,343.39
HYP-OR-CONT-EVENT-01,QQQ,2022-01-25,2022-01-25T16:35:00+00:00,2022-01-25T16:55:00+00:00,2022-01-25T16:55:00+00:00,low,continuation_short,3,,348.73,342.85,343.75
HYP-OR-CONT-EVENT-01,QQQ,2022-01-26,2022-01-26T15:40:00+00:00,2022-01-26T16:00:00+00:00,2022-01-26T16:00:00+00:00,low,continuation_short,3,,353.47,349.8501,350.8
HYP-OR-CONT-EVENT-01,QQQ,2022-01-27,2022-01-27T15:05:00+00:00,2022-01-27T15:25:00+00:00,2022-01-27T15:25:00+00:00,high,continuation_long,3,,350.94,346.96,349.11
HYP-OR-CONT-EVENT-01,QQQ,2022-01-28,2022-01-28T15:50:00+00:00,2022-01-28T16:10:00+00:00,2022-01-28T16:10:00+00:00,high,continuation_long,3,,343.84,338.08,344.88
HYP-OR-CONT-EVENT-01,QQQ,2022-01-31,2022-01-31T15:00:00+00:00,2022-01-31T15:20:00+00:00,2022-01-31T15:20:00+00:00,high,continuation_long,3,,356.83,351.52,357.74
HYP-OR-CONT-EVENT-01,QQQ,2022-02-01,2022-02-01T15:00:00+00:00,2022-02-01T15:20:00+00:00,2022-02-01T15:20:00+00:00,low,continuation_short,3,,364.63,360.53,360.37
HYP-OR-CONT-EVENT-01,QQQ,2022-02-02,2022-02-02T15:35:00+00:00,2022-02-02T15:55:00+00:00,2022-02-02T15:55:00+00:00,low,continuation_short,3,,370.1,366.37,366.8601
HYP-OR-CONT-EVENT-01,QQQ,2022-02-03,2022-02-03T15:15:00+00:00,2022-02-03T15:35:00+00:00,2022-02-03T15:35:00+00:00,high,continuation_long,3,,360.86,357.89,360.71
HYP-OR-CONT-EVENT-01,QQQ,2022-02-04,2022-02-04T15:00:00+00:00,2022-02-04T15:20:00+00:00,2022-02-04T15:20:00+00:00,high,continuation_long,3,,356.19,351.97,357.09
HYP-OR-CONT-EVENT-01,QQQ,2022-02-07,2022-02-07T16:05:00+00:00,2022-02-07T16:25:00+00:00,2022-02-07T16:25:00+00:00,low,continuation_short,3,,361.05,357.74,357.47
HYP-OR-CONT-EVENT-01,QQQ,2022-02-08,2022-02-08T15:00:00+00:00,2022-02-08T15:20:00+00:00,2022-02-08T15:20:00+00:00,low,continuation_short,3,,355.72,353.59,354.515
HYP-OR-CONT-EVENT-01,QQQ,2022-02-09,2022-02-09T16:00:00+00:00,2022-02-09T16:20:00+00:00,2022-02-09T16:20:00+00:00,high,continuation_long,3,,364.54,362.42,364.2
HYP-OR-CONT-EVENT-01,QQQ,2022-02-10,2022-02-10T15:00:00+00:00,2022-02-10T15:20:00+00:00,2022-02-10T15:20:00+00:00,high,continuation_long,3,,364.15,359.32,363.92
HYP-OR-CONT-EVENT-01,QQQ,2022-02-11,2022-02-11T15:10:00+00:00,2022-02-11T15:30:00+00:00,2022-02-11T15:30:00+00:00,low,continuation_short,3,,360.07,356.62,357.15
HYP-OR-CONT-EVENT-01,QQQ,2022-02-14,2022-02-14T16:15:00+00:00,2022-02-14T16:35:00+00:00,2022-02-14T16:35:00+00:00,high,continuation_long,3,,349.55,345.81,349.97
HYP-OR-CONT-EVENT-01,QQQ,2022-02-15,2022-02-15T15:40:00+00:00,2022-02-15T16:00:00+00:00,2022-02-15T16:00:00+00:00,high,continuation_long,3,,354.07,352.22,354.11
HYP-OR-CONT-EVENT-01,QQQ,2022-02-16,2022-02-16T19:20:00+00:00,2022-02-16T19:40:00+00:00,2022-02-16T19:40:00+00:00,high,continuation_long,3,,353.95,350.71,355.2599
HYP-OR-CONT-EVENT-01,QQQ,2022-02-17,2022-02-17T15:15:00+00:00,2022-02-17T15:35:00+00:00,2022-02-17T15:35:00+00:00,low,continuation_short,3,,353.46,350.54,349.98
HYP-OR-CONT-EVENT-01,QQQ,2022-02-18,2022-02-18T15:25:00+00:00,2022-02-18T15:45:00+00:00,2022-02-18T15:45:00+00:00,low,continuation_short,3,,346.81,343.57,343.09
HYP-OR-CONT-EVENT-01,QQQ,2022-02-22,2022-02-22T17:10:00+00:00,2022-02-22T17:30:00+00:00,2022-02-22T17:30:00+00:00,low,continuation_short,3,,343.73,338.04,337.84
HYP-OR-CONT-EVENT-01,QQQ,2022-02-23,2022-02-23T15:00:00+00:00,2022-02-23T15:20:00+00:00,2022-02-23T15:20:00+00:00,low,continuation_short,3,,342.183,338.78,337.6
HYP-OR-CONT-EVENT-01,QQQ,2022-02-24,2022-02-24T15:10:00+00:00,2022-02-24T15:30:00+00:00,2022-02-24T15:30:00+00:00,high,continuation_long,3,,325.97,318.26,326.04
HYP-OR-CONT-EVENT-01,QQQ,2022-02-25,2022-02-25T15:30:00+00:00,2022-02-25T15:50:00+00:00,2022-02-25T15:50:00+00:00,high,continuation_long,3,,341.81,338.05,343.24
HYP-OR-CONT-EVENT-01,QQQ,2022-02-28,2022-02-28T15:35:00+00:00,2022-02-28T15:55:00+00:00,2022-02-28T15:55:00+00:00,high,continuation_long,3,,345.03,342.15,346.34
HYP-OR-CONT-EVENT-01,QQQ,2022-03-01,2022-03-01T15:00:00+00:00,2022-03-01T15:20:00+00:00,2022-03-01T15:20:00+00:00,high,continuation_long,3,,347.635,345.18,347.09
HYP-OR-CONT-EVENT-01,QQQ,2022-03-02,2022-03-02T15:05:00+00:00,2022-03-02T15:25:00+00:00,2022-03-02T15:25:00+00:00,low,continuation_short,3,,344.62,341.725,341.13
HYP-OR-CONT-EVENT-01,QQQ,2022-03-03,2022-03-03T15:05:00+00:00,2022-03-03T15:25:00+00:00,2022-03-03T15:25:00+00:00,low,continuation_short,3,,350.04,347.14,344.9
HYP-OR-CONT-EVENT-01,QQQ,2022-03-04,2022-03-04T15:10:00+00:00,2022-03-04T15:30:00+00:00,2022-03-04T15:30:00+00:00,low,continuation_short,3,,341.31,337.35,337.25
HYP-OR-CONT-EVENT-01,QQQ,2022-03-07,2022-03-07T15:00:00+00:00,2022-03-07T15:20:00+00:00,2022-03-07T15:20:00+00:00,low,continuation_short,3,,338.48,333.42,331.88
HYP-OR-CONT-EVENT-01,QQQ,2022-03-08,2022-03-08T15:00:00+00:00,2022-03-08T15:20:00+00:00,2022-03-08T15:20:00+00:00,low,continuation_short,3,,326.13,322.46,323.65
HYP-OR-CONT-EVENT-01,QQQ,2022-03-09,2022-03-09T15:00:00+00:00,2022-03-09T15:20:00+00:00,2022-03-09T15:20:00+00:00,high,continuation_long,3,,332.1399,329.09,332.06
HYP-OR-CONT-EVENT-01,QQQ,2022-03-10,2022-03-10T15:15:00+00:00,2022-03-10T15:35:00+00:00,2022-03-10T15:35:00+00:00,high,continuation_long,3,,331.51,328.92,328.6
HYP-OR-CONT-EVENT-01,QQQ,2022-03-11,2022-03-11T15:00:00+00:00,2022-03-11T15:20:00+00:00,2022-03-11T15:20:00+00:00,low,continuation_short,3,,334.64,330.99,329.83
HYP-OR-CONT-EVENT-01,QQQ,2022-03-14,2022-03-14T14:05:00+00:00,2022-03-14T14:25:00+00:00,2022-03-14T14:25:00+00:00,high,continuation_long,3,,325.32,322.02,326.1465
HYP-OR-CONT-EVENT-01,QQQ,2022-03-15,2022-03-15T14:00:00+00:00,2022-03-15T14:20:00+00:00,2022-03-15T14:20:00+00:00,high,continuation_long,3,,322.17,319.23,322.04
HYP-OR-CONT-EVENT-01,QQQ,2022-03-16,2022-03-16T14:00:00+00:00,2022-03-16T14:20:00+00:00,2022-03-16T14:20:00+00:00,high,continuation_long,3,,335.27,332.01,336.87
HYP-OR-CONT-EVENT-01,QQQ,2022-03-17,2022-03-17T16:45:00+00:00,2022-03-17T17:05:00+00:00,2022-03-17T17:05:00+00:00,high,continuation_long,3,,341.045,337.0406,341.04
HYP-OR-CONT-EVENT-01,QQQ,2022-03-18,2022-03-18T14:00:00+00:00,2022-03-18T14:20:00+00:00,2022-03-18T14:20:00+00:00,high,continuation_long,3,,345.24,341.55,346.56
HYP-OR-CONT-EVENT-01,QQQ,2022-03-21,2022-03-21T14:00:00+00:00,2022-03-21T14:20:00+00:00,2022-03-21T14:20:00+00:00,low,continuation_short,3,,352.48,348.21,347.5812
HYP-OR-CONT-EVENT-01,QQQ,2022-03-22,2022-03-22T14:00:00+00:00,2022-03-22T14:20:00+00:00,2022-03-22T14:20:00+00:00,high,continuation_long,3,,352.97,350.2,354.91
HYP-OR-CONT-EVENT-01,QQQ,2022-03-23,2022-03-23T14:10:00+00:00,2022-03-23T14:30:00+00:00,2022-03-23T14:30:00+00:00,high,continuation_long,3,,354.34,352.26,355.06
HYP-OR-CONT-EVENT-01,QQQ,2022-03-24,2022-03-24T14:05:00+00:00,2022-03-24T14:25:00+00:00,2022-03-24T14:25:00+00:00,high,continuation_long,3,,354.47,352.51,352.22
HYP-OR-CONT-EVENT-01,QQQ,2022-03-25,2022-03-25T14:00:00+00:00,2022-03-25T14:20:00+00:00,2022-03-25T14:20:00+00:00,low,continuation_short,3,,360.18,358.2607,358.625
HYP-OR-CONT-EVENT-01,QQQ,2022-03-28,2022-03-28T15:35:00+00:00,2022-03-28T15:55:00+00:00,2022-03-28T15:55:00+00:00,low,continuation_short,3,,363.19,359.26,359.05
HYP-OR-CONT-EVENT-01,QQQ,2022-03-29,2022-03-29T14:05:00+00:00,2022-03-29T14:25:00+00:00,2022-03-29T14:25:00+00:00,low,continuation_short,3,,370.72,367.86,366.84
HYP-OR-CONT-EVENT-01,QQQ,2022-03-30,2022-03-30T14:10:00+00:00,2022-03-30T14:30:00+00:00,2022-03-30T14:30:00+00:00,high,continuation_long,3,,370.3698,368.71,370.55
HYP-OR-CONT-EVENT-01,QQQ,2022-03-31,2022-03-31T14:55:00+00:00,2022-03-31T15:15:00+00:00,2022-03-31T15:15:00+00:00,high,continuation_long,3,,367.46,364.79,366.48
HYP-OR-CONT-EVENT-01,QQQ,2022-04-01,2022-04-01T14:00:00+00:00,2022-04-01T14:20:00+00:00,2022-04-01T14:20:00+00:00,low,continuation_short,3,,363.61,360.59,361.3
HYP-OR-CONT-EVENT-01,QQQ,2022-04-04,2022-04-04T14:00:00+00:00,2022-04-04T14:20:00+00:00,2022-04-04T14:20:00+00:00,high,continuation_long,3,,366.48,362.44,365.84
HYP-OR-CONT-EVENT-01,QQQ,2022-04-05,2022-04-05T14:00:00+00:00,2022-04-05T14:20:00+00:00,2022-04-05T14:20:00+00:00,low,continuation_short,3,,368.54,366.54,363.9916
HYP-OR-CONT-EVENT-01,QQQ,2022-04-06,2022-04-06T14:00:00+00:00,2022-04-06T14:20:00+00:00,2022-04-06T14:20:00+00:00,low,continuation_short,3,,356.61,353.13,352.98
HYP-OR-CONT-EVENT-01,QQQ,2022-04-07,2022-04-07T14:00:00+00:00,2022-04-07T14:20:00+00:00,2022-04-07T14:20:00+00:00,high,continuation_long,3,,355.0,352.09,353.7
HYP-OR-CONT-EVENT-01,QQQ,2022-04-08,2022-04-08T15:00:00+00:00,2022-04-08T15:20:00+00:00,2022-04-08T15:20:00+00:00,high,continuation_long,3,,352.54,348.62,351.7
HYP-OR-CONT-EVENT-01,QQQ,2022-04-11,2022-04-11T14:25:00+00:00,2022-04-11T14:45:00+00:00,2022-04-11T14:45:00+00:00,low,continuation_short,3,,345.75,343.375,342.095
HYP-OR-CONT-EVENT-01,QQQ,2022-04-12,2022-04-12T14:00:00+00:00,2022-04-12T14:20:00+00:00,2022-04-12T14:20:00+00:00,high,continuation_long,3,,347.33,343.685,345.9
HYP-OR-CONT-EVENT-01,QQQ,2022-04-13,2022-04-13T14:15:00+00:00,2022-04-13T14:35:00+00:00,2022-04-13T14:35:00+00:00,high,continuation_long,3,,342.7,339.06,343.1
HYP-OR-CONT-EVENT-01,QQQ,2022-04-14,2022-04-14T14:05:00+00:00,2022-04-14T14:25:00+00:00,2022-04-14T14:25:00+00:00,low,continuation_short,3,,346.97,343.51,342.38
HYP-OR-CONT-EVENT-01,QQQ,2022-04-18,2022-04-18T14:05:00+00:00,2022-04-18T14:25:00+00:00,2022-04-18T14:25:00+00:00,high,continuation_long,3,,339.35,336.8,340.78
HYP-OR-CONT-EVENT-01,QQQ,2022-04-19,2022-04-19T14:00:00+00:00,2022-04-19T14:20:00+00:00,2022-04-19T14:20:00+00:00,high,continuation_long,3,,341.46,336.98,343.12
HYP-OR-CONT-EVENT-01,QQQ,2022-04-20,2022-04-20T14:20:00+00:00,2022-04-20T14:40:00+00:00,2022-04-20T14:40:00+00:00,low,continuation_short,3,,347.56,342.56,343.92
HYP-OR-CONT-EVENT-01,QQQ,2022-04-21,2022-04-21T14:05:00+00:00,2022-04-21T14:25:00+00:00,2022-04-21T14:25:00+00:00,low,continuation_short,3,,347.87,344.983,344.2
HYP-OR-CONT-EVENT-01,QQQ,2022-04-22,2022-04-22T14:20:00+00:00,2022-04-22T14:40:00+00:00,2022-04-22T14:40:00+00:00,low,continuation_short,3,,335.56,331.64,331.68
HYP-OR-CONT-EVENT-01,QQQ,2022-04-25,2022-04-25T14:25:00+00:00,2022-04-25T14:45:00+00:00,2022-04-25T14:45:00+00:00,high,continuation_long,3,,325.6,322.43,326.32
HYP-OR-CONT-EVENT-01,QQQ,2022-04-26,2022-04-26T14:00:00+00:00,2022-04-26T14:20:00+00:00,2022-04-26T14:20:00+00:00,low,continuation_short,3,,327.66,322.88,321.5501
HYP-OR-CONT-EVENT-01,QQQ,2022-04-27,2022-04-27T14:10:00+00:00,2022-04-27T14:30:00+00:00,2022-04-27T14:30:00+00:00,low,continuation_short,3,,322.88,316.94,315.76
HYP-OR-CONT-EVENT-01,QQQ,2022-04-28,2022-04-28T14:00:00+00:00,2022-04-28T14:20:00+00:00,2022-04-28T14:20:00+00:00,low,continuation_short,3,,323.505,319.03,320.8399
HYP-OR-CONT-EVENT-01,QQQ,2022-04-29,2022-04-29T14:25:00+00:00,2022-04-29T14:45:00+00:00,2022-04-29T14:45:00+00:00,low,continuation_short,3,,327.225,322.21,321.8
HYP-OR-CONT-EVENT-01,QQQ,2022-05-02,2022-05-02T14:25:00+00:00,2022-05-02T14:45:00+00:00,2022-05-02T14:45:00+00:00,high,continuation_long,3,,316.1135,310.4414,315.96
HYP-OR-CONT-EVENT-01,QQQ,2022-05-03,2022-05-03T15:05:00+00:00,2022-05-03T15:25:00+00:00,2022-05-03T15:25:00+00:00,high,continuation_long,3,,319.48,315.98,320.1
HYP-OR-CONT-EVENT-01,QQQ,2022-05-04,2022-05-04T14:00:00+00:00,2022-05-04T14:20:00+00:00,2022-05-04T14:20:00+00:00,low,continuation_short,3,,319.47,317.11,315.39
HYP-OR-CONT-EVENT-01,QQQ,2022-05-05,2022-05-05T14:00:00+00:00,2022-05-05T14:20:00+00:00,2022-05-05T14:20:00+00:00,low,continuation_short,3,,325.25,320.61,318.7
HYP-OR-CONT-EVENT-01,QQQ,2022-05-06,2022-05-06T14:15:00+00:00,2022-05-06T14:35:00+00:00,2022-05-06T14:35:00+00:00,high,continuation_long,3,,311.73,305.105,309.1729
HYP-OR-CONT-EVENT-01,QQQ,2022-05-09,2022-05-09T14:00:00+00:00,2022-05-09T14:20:00+00:00,2022-05-09T14:20:00+00:00,low,continuation_short,3,,306.0,302.71,302.18
HYP-OR-CONT-EVENT-01,QQQ,2022-05-10,2022-05-10T14:40:00+00:00,2022-05-10T15:00:00+00:00,2022-05-10T15:00:00+00:00,low,continuation_short,3,,305.76,300.62,298.97
HYP-OR-CONT-EVENT-01,QQQ,2022-05-11,2022-05-11T16:55:00+00:00,2022-05-11T17:15:00+00:00,2022-05-11T17:15:00+00:00,low,continuation_short,3,,304.09,296.01,295.07
HYP-OR-CONT-EVENT-01,QQQ,2022-05-12,2022-05-12T14:05:00+00:00,2022-05-12T14:25:00+00:00,2022-05-12T14:25:00+00:00,high,continuation_long,3,,290.25,285.04,293.0901
HYP-OR-CONT-EVENT-01,QQQ,2022-05-13,2022-05-13T14:00:00+00:00,2022-05-13T14:20:00+00:00,2022-05-13T14:20:00+00:00,high,continuation_long,3,,299.29,294.0825,299.31
HYP-OR-CONT-EVENT-01,QQQ,2022-05-16,2022-05-16T14:20:00+00:00,2022-05-16T14:40:00+00:00,2022-05-16T14:40:00+00:00,high,continuation_long,3,,301.23,297.821,299.74
HYP-OR-CONT-EVENT-01,QQQ,2022-05-17,2022-05-17T14:05:00+00:00,2022-05-17T14:25:00+00:00,2022-05-17T14:25:00+00:00,low,continuation_short,3,,305.54,303.02,303.66
HYP-OR-CONT-EVENT-01,QQQ,2022-05-18,2022-05-18T14:30:00+00:00,2022-05-18T14:50:00+00:00,2022-05-18T14:50:00+00:00,low,continuation_short,3,,302.25,299.61,300.0
HYP-OR-CONT-EVENT-01,QQQ,2022-05-19,2022-05-19T14:00:00+00:00,2022-05-19T14:20:00+00:00,2022-05-19T14:20:00+00:00,high,continuation_long,3,,292.06,287.58,291.07
HYP-OR-CONT-EVENT-01,QQQ,2022-05-20,2022-05-20T14:05:00+00:00,2022-05-20T14:25:00+00:00,2022-05-20T14:25:00+00:00,low,continuation_short,3,,293.8,291.23,290.373
HYP-OR-CONT-EVENT-01,QQQ,2022-05-23,2022-05-23T14:00:00+00:00,2022-05-23T14:20:00+00:00,2022-05-23T14:20:00+00:00,low,continuation_short,3,,292.005,288.1306,289.44
HYP-OR-CONT-EVENT-01,QQQ,2022-05-24,2022-05-24T14:00:00+00:00,2022-05-24T14:20:00+00:00,2022-05-24T14:20:00+00:00,low,continuation_short,3,,288.86,284.67,282.4701
HYP-OR-CONT-EVENT-01,QQQ,2022-05-25,2022-05-25T14:15:00+00:00,2022-05-25T14:35:00+00:00,2022-05-25T14:35:00+00:00,high,continuation_long,3,,289.09,285.5,290.62
HYP-OR-CONT-EVENT-01,QQQ,2022-05-26,2022-05-26T14:00:00+00:00,2022-05-26T14:20:00+00:00,2022-05-26T14:20:00+00:00,high,continuation_long,3,,295.66,290.15,297.04
HYP-OR-CONT-EVENT-01,QQQ,2022-05-27,2022-05-27T14:00:00+00:00,2022-05-27T14:20:00+00:00,2022-05-27T14:20:00+00:00,high,continuation_long,3,,305.55,302.42,306.2099
HYP-OR-CONT-EVENT-01,QQQ,2022-05-31,2022-05-31T14:00:00+00:00,2022-05-31T14:20:00+00:00,2022-05-31T14:20:00+00:00,low,continuation_short,3,,309.35,305.28,306.03
HYP-OR-CONT-EVENT-01,QQQ,2022-06-01,2022-06-01T14:05:00+00:00,2022-06-01T14:25:00+00:00,2022-06-01T14:25:00+00:00,low,continuation_short,3,,312.65,310.43,308.17
HYP-OR-CONT-EVENT-01,QQQ,2022-06-02,2022-06-02T14:00:00+00:00,2022-06-02T14:20:00+00:00,2022-06-02T14:20:00+00:00,high,continuation_long,3,,306.54,303.4001,306.48
HYP-OR-CONT-EVENT-01,QQQ,2022-06-03,2022-06-03T14:00:00+00:00,2022-06-03T14:20:00+00:00,2022-06-03T14:20:00+00:00,high,continuation_long,3,,310.14,307.5,308.85
HYP-OR-CONT-EVENT-01,QQQ,2022-06-06,2022-06-06T14:00:00+00:00,2022-06-06T14:20:00+00:00,2022-06-06T14:20:00+00:00,high,continuation_long,3,,311.79,309.04,311.32
HYP-OR-CONT-EVENT-01,QQQ,2022-06-07,2022-06-07T14:25:00+00:00,2022-06-07T14:45:00+00:00,2022-06-07T14:45:00+00:00,high,continuation_long,3,,306.78,302.6886,309.03
HYP-OR-CONT-EVENT-01,QQQ,2022-06-08,2022-06-08T16:35:00+00:00,2022-06-08T16:55:00+00:00,2022-06-08T16:55:00+00:00,low,continuation_short,3,,311.72,307.95,308.03
HYP-OR-CONT-EVENT-01,QQQ,2022-06-09,2022-06-09T17:40:00+00:00,2022-06-09T18:00:00+00:00,2022-06-09T18:00:00+00:00,low,continuation_short,3,,308.62,305.01,305.91
HYP-OR-CONT-EVENT-01,QQQ,2022-06-10,2022-06-10T14:00:00+00:00,2022-06-10T14:20:00+00:00,2022-06-10T14:20:00+00:00,low,continuation_short,3,,294.87,291.24,289.88
HYP-OR-CONT-EVENT-01,QQQ,2022-06-13,2022-06-13T14:10:00+00:00,2022-06-13T14:30:00+00:00,2022-06-13T14:30:00+00:00,low,continuation_short,3,,282.34,279.64,277.99
HYP-OR-CONT-EVENT-01,QQQ,2022-06-14,2022-06-14T14:20:00+00:00,2022-06-14T14:40:00+00:00,2022-06-14T14:40:00+00:00,low,continuation_short,3,,278.37,274.76,275.29
HYP-OR-CONT-EVENT-01,QQQ,2022-06-15,2022-06-15T14:00:00+00:00,2022-06-15T14:20:00+00:00,2022-06-15T14:20:00+00:00,high,continuation_long,3,,280.91,278.76,280.4
HYP-OR-CONT-EVENT-01,QQQ,2022-06-16,2022-06-16T14:00:00+00:00,2022-06-16T14:20:00+00:00,2022-06-16T14:20:00+00:00,low,continuation_short,3,,276.06,273.71,272.61
HYP-OR-CONT-EVENT-01,QQQ,2022-06-17,2022-06-17T14:20:00+00:00,2022-06-17T14:40:00+00:00,2022-06-17T14:40:00+00:00,low,continuation_short,3,,276.06,272.03,271.6
HYP-OR-CONT-EVENT-01,QQQ,2022-06-21,2022-06-21T14:00:00+00:00,2022-06-21T14:20:00+00:00,2022-06-21T14:20:00+00:00,high,continuation_long,3,,282.345,278.64,282.76
HYP-OR-CONT-EVENT-01,QQQ,2022-06-22,2022-06-22T14:10:00+00:00,2022-06-22T14:30:00+00:00,2022-06-22T14:30:00+00:00,high,continuation_long,3,,282.11,277.91,284.27
HYP-OR-CONT-EVENT-01,QQQ,2022-06-23,2022-06-23T14:40:00+00:00,2022-06-23T15:00:00+00:00,2022-06-23T15:00:00+00:00,high,continuation_long,3,,283.78,280.31,284.63
HYP-OR-CONT-EVENT-01,QQQ,2022-06-24,2022-06-24T14:00:00+00:00,2022-06-24T14:20:00+00:00,2022-06-24T14:20:00+00:00,high,continuation_long,3,,291.04,287.5001,292.66
HYP-OR-CONT-EVENT-01,QQQ,2022-06-27,2022-06-27T19:35:00+00:00,2022-06-27T19:55:00+00:00,2022-06-27T19:55:00+00:00,low,continuation_short,3,,296.5799,291.92,291.66
HYP-OR-CONT-EVENT-01,QQQ,2022-06-28,2022-06-28T14:05:00+00:00,2022-06-28T14:25:00+00:00,2022-06-28T14:25:00+00:00,low,continuation_short,3,,295.65,292.59,291.99
HYP-OR-CONT-EVENT-01,QQQ,2022-06-29,2022-06-29T14:30:00+00:00,2022-06-29T14:50:00+00:00,2022-06-29T14:50:00+00:00,high,continuation_long,3,,284.7,280.84,284.75
HYP-OR-CONT-EVENT-01,QQQ,2022-06-30,2022-06-30T14:00:00+00:00,2022-06-30T14:20:00+00:00,2022-06-30T14:20:00+00:00,low,continuation_short,3,,281.5196,276.81,276.73
HYP-OR-CONT-EVENT-01,QQQ,2022-07-01,2022-07-01T14:30:00+00:00,2022-07-01T14:50:00+00:00,2022-07-01T14:50:00+00:00,low,continuation_short,3,,281.82,277.4,278.36
HYP-OR-CONT-EVENT-01,QQQ,2022-07-05,2022-07-05T14:10:00+00:00,2022-07-05T14:30:00+00:00,2022-07-05T14:30:00+00:00,high,continuation_long,3,,279.1,276.7501,279.5
HYP-OR-CONT-EVENT-01,QQQ,2022-07-06,2022-07-06T15:30:00+00:00,2022-07-06T15:50:00+00:00,2022-07-06T15:50:00+00:00,low,continuation_short,3,,288.7355,285.63,286.32
HYP-OR-CONT-EVENT-01,QQQ,2022-07-07,2022-07-07T14:15:00+00:00,2022-07-07T14:35:00+00:00,2022-07-07T14:35:00+00:00,high,continuation_long,3,,292.81,289.63,292.31
HYP-OR-CONT-EVENT-01,QQQ,2022-07-08,2022-07-08T14:25:00+00:00,2022-07-08T14:45:00+00:00,2022-07-08T14:45:00+00:00,high,continuation_long,3,,293.87,291.12,295.36
HYP-OR-CONT-EVENT-01,QQQ,2022-07-11,2022-07-11T14:00:00+00:00,2022-07-11T14:20:00+00:00,2022-07-11T14:20:00+00:00,low,continuation_short,3,,293.11,288.2,289.22
HYP-OR-CONT-EVENT-01,QQQ,2022-07-12,2022-07-12T14:00:00+00:00,2022-07-12T14:20:00+00:00,2022-07-12T14:20:00+00:00,low,continuation_short,3,,292.28,288.03,288.12
HYP-OR-CONT-EVENT-01,QQQ,2022-07-13,2022-07-13T14:30:00+00:00,2022-07-13T14:50:00+00:00,2022-07-13T14:50:00+00:00,high,continuation_long,3,,284.99,280.02,286.75
HYP-OR-CONT-EVENT-01,QQQ,2022-07-14,2022-07-14T14:00:00+00:00,2022-07-14T14:20:00+00:00,2022-07-14T14:20:00+00:00,low,continuation_short,3,,283.93,280.68,280.084
HYP-OR-CONT-EVENT-01,QQQ,2022-07-15,2022-07-15T14:00:00+00:00,2022-07-15T14:20:00+00:00,2022-07-15T14:20:00+00:00,high,continuation_long,3,,291.23,288.08,290.07
HYP-OR-CONT-EVENT-01,QQQ,2022-07-18,2022-07-18T17:30:00+00:00,2022-07-18T17:50:00+00:00,2022-07-18T17:50:00+00:00,low,continuation_short,3,,296.16,293.85,292.27
HYP-OR-CONT-EVENT-01,QQQ,2022-07-19,2022-07-19T14:25:00+00:00,2022-07-19T14:45:00+00:00,2022-07-19T14:45:00+00:00,high,continuation_long,3,,293.7,291.47,294.0992
HYP-OR-CONT-EVENT-01,QQQ,2022-07-20,2022-07-20T14:20:00+00:00,2022-07-20T14:40:00+00:00,2022-07-20T14:40:00+00:00,high,continuation_long,3,,300.21,297.9329,302.03
HYP-OR-CONT-EVENT-01,QQQ,2022-07-21,2022-07-21T14:10:00+00:00,2022-07-21T14:30:00+00:00,2022-07-21T14:30:00+00:00,low,continuation_short,3,,304.3,301.7,301.33
HYP-OR-CONT-EVENT-01,QQQ,2022-07-22,2022-07-22T14:20:00+00:00,2022-07-22T14:40:00+00:00,2022-07-22T14:40:00+00:00,low,continuation_short,3,,308.55,305.46,305.57
HYP-OR-CONT-EVENT-01,QQQ,2022-07-25,2022-07-25T14:05:00+00:00,2022-07-25T14:25:00+00:00,2022-07-25T14:25:00+00:00,low,continuation_short,3,,302.5,300.364,299.74
HYP-OR-CONT-EVENT-01,QQQ,2022-07-26,2022-07-26T14:20:00+00:00,2022-07-26T14:40:00+00:00,2022-07-26T14:40:00+00:00,low,continuation_short,3,,298.77,296.46,295.92
HYP-OR-CONT-EVENT-01,QQQ,2022-07-27,2022-07-27T14:05:00+00:00,2022-07-27T14:25:00+00:00,2022-07-27T14:25:00+00:00,high,continuation_long,3,,301.48,298.46,301.68
HYP-OR-CONT-EVENT-01,QQQ,2022-07-28,2022-07-28T14:25:00+00:00,2022-07-28T14:45:00+00:00,2022-07-28T14:45:00+00:00,low,continuation_short,3,,307.69,302.87,303.93
HYP-OR-CONT-EVENT-01,QQQ,2022-07-29,2022-07-29T14:00:00+00:00,2022-07-29T14:20:00+00:00,2022-07-29T14:20:00+00:00,high,continuation_long,3,,313.36,309.931,313.41
HYP-OR-CONT-EVENT-01,QQQ,2022-08-01,2022-08-01T14:00:00+00:00,2022-08-01T14:20:00+00:00,2022-08-01T14:20:00+00:00,high,continuation_long,3,,316.738,312.53,316.32
HYP-OR-CONT-EVENT-01,QQQ,2022-08-02,2022-08-02T14:05:00+00:00,2022-08-02T14:25:00+00:00,2022-08-02T14:25:00+00:00,low,continuation_short,3,,315.15,312.61,313.04
HYP-OR-CONT-EVENT-01,QQQ,2022-08-03,2022-08-03T14:00:00+00:00,2022-08-03T14:20:00+00:00,2022-08-03T14:20:00+00:00,high,continuation_long,3,,319.32,315.99,319.0
HYP-OR-CONT-EVENT-01,QQQ,2022-08-04,2022-08-04T14:15:00+00:00,2022-08-04T14:35:00+00:00,2022-08-04T14:35:00+00:00,low,continuation_short,3,,324.52,322.21,321.2601
HYP-OR-CONT-EVENT-01,QQQ,2022-08-05,2022-08-05T14:00:00+00:00,2022-08-05T14:20:00+00:00,2022-08-05T14:20:00+00:00,high,continuation_long,3,,321.43,319.09,323.33
HYP-OR-CONT-EVENT-01,QQQ,2022-08-08,2022-08-08T14:00:00+00:00,2022-08-08T14:20:00+00:00,2022-08-08T14:20:00+00:00,high,continuation_long,3,,326.29,321.91,325.3
HYP-OR-CONT-EVENT-01,QQQ,2022-08-09,2022-08-09T14:00:00+00:00,2022-08-09T14:20:00+00:00,2022-08-09T14:20:00+00:00,low,continuation_short,3,,319.03,316.1606,316.63
HYP-OR-CONT-EVENT-01,QQQ,2022-08-10,2022-08-10T14:15:00+00:00,2022-08-10T14:35:00+00:00,2022-08-10T14:35:00+00:00,low,continuation_short,3,,325.05,322.81,323.51
HYP-OR-CONT-EVENT-01,QQQ,2022-08-11,2022-08-11T14:00:00+00:00,2022-08-11T14:20:00+00:00,2022-08-11T14:20:00+00:00,high,continuation_long,3,,328.82,327.47,330.27
HYP-OR-CONT-EVENT-01,QQQ,2022-08-12,2022-08-12T14:10:00+00:00,2022-08-12T14:30:00+00:00,2022-08-12T14:30:00+00:00,high,continuation_long,3,,326.96,325.1001,326.96
HYP-OR-CONT-EVENT-01,QQQ,2022-08-15,2022-08-15T15:40:00+00:00,2022-08-15T16:00:00+00:00,2022-08-15T16:00:00+00:00,high,continuation_long,3,,331.83,329.4,332.35
HYP-OR-CONT-EVENT-01,QQQ,2022-08-16,2022-08-16T14:00:00+00:00,2022-08-16T14:20:00+00:00,2022-08-16T14:20:00+00:00,low,continuation_short,3,,332.47,330.63,330.7193
HYP-OR-CONT-EVENT-01,QQQ,2022-08-17,2022-08-17T14:10:00+00:00,2022-08-17T14:30:00+00:00,2022-08-17T14:30:00+00:00,low,continuation_short,3,,330.22,328.25,328.36
HYP-OR-CONT-EVENT-01,QQQ,2022-08-18,2022-08-18T14:00:00+00:00,2022-08-18T14:20:00+00:00,2022-08-18T14:20:00+00:00,low,continuation_short,3,,328.72,327.12,328.175
HYP-OR-CONT-EVENT-01,QQQ,2022-08-19,2022-08-19T14:00:00+00:00,2022-08-19T14:20:00+00:00,2022-08-19T14:20:00+00:00,low,continuation_short,3,,326.84,323.845,323.8
HYP-OR-CONT-EVENT-01,QQQ,2022-08-22,2022-08-22T14:05:00+00:00,2022-08-22T14:25:00+00:00,2022-08-22T14:25:00+00:00,low,continuation_short,3,,318.74,316.7,315.7676
HYP-OR-CONT-EVENT-01,QQQ,2022-08-23,2022-08-23T14:05:00+00:00,2022-08-23T14:25:00+00:00,2022-08-23T14:25:00+00:00,high,continuation_long,3,,316.17,313.33,316.0309
HYP-OR-CONT-EVENT-01,QQQ,2022-08-24,2022-08-24T14:00:00+00:00,2022-08-24T14:20:00+00:00,2022-08-24T14:20:00+00:00,high,continuation_long,3,,314.52,312.99,315.18
HYP-OR-CONT-EVENT-01,QQQ,2022-08-25,2022-08-25T14:00:00+00:00,2022-08-25T14:20:00+00:00,2022-08-25T14:20:00+00:00,high,continuation_long,3,,317.85,315.7577,317.935
HYP-OR-CONT-EVENT-01,QQQ,2022-08-26,2022-08-26T14:00:00+00:00,2022-08-26T14:20:00+00:00,2022-08-26T14:20:00+00:00,low,continuation_short,3,,320.58,318.77,319.71
HYP-OR-CONT-EVENT-01,QQQ,2022-08-29,2022-08-29T14:50:00+00:00,2022-08-29T15:10:00+00:00,2022-08-29T15:10:00+00:00,low,continuation_short,3,,307.14,304.013,303.9899
HYP-OR-CONT-EVENT-01,QQQ,2022-08-30,2022-08-30T14:00:00+00:00,2022-08-30T14:20:00+00:00,2022-08-30T14:20:00+00:00,low,continuation_short,3,,306.73,303.68,302.7
HYP-OR-CONT-EVENT-01,QQQ,2022-08-31,2022-08-31T14:15:00+00:00,2022-08-31T14:35:00+00:00,2022-08-31T14:35:00+00:00,low,continuation_short,3,,304.91,301.97,301.63
HYP-OR-CONT-EVENT-01,QQQ,2022-09-01,2022-09-01T14:00:00+00:00,2022-09-01T14:20:00+00:00,2022-09-01T14:20:00+00:00,low,continuation_short,3,,297.9373,295.89,295.24
HYP-OR-CONT-EVENT-01,QQQ,2022-09-02,2022-09-02T14:30:00+00:00,2022-09-02T14:50:00+00:00,2022-09-02T14:50:00+00:00,high,continuation_long,3,,302.61,299.6,303.06
HYP-OR-CONT-EVENT-01,QQQ,2022-09-06,2022-09-06T14:00:00+00:00,2022-09-06T14:20:00+00:00,2022-09-06T14:20:00+00:00,low,continuation_short,3,,296.6,293.03,291.74
HYP-OR-CONT-EVENT-01,QQQ,2022-09-07,2022-09-07T14:15:00+00:00,2022-09-07T14:35:00+00:00,2022-09-07T14:35:00+00:00,low,continuation_short,3,,295.66,293.42,294.56
HYP-OR-CONT-EVENT-01,QQQ,2022-09-08,2022-09-08T14:15:00+00:00,2022-09-08T14:35:00+00:00,2022-09-08T14:35:00+00:00,high,continuation_long,3,,299.23,295.45,299.34
HYP-OR-CONT-EVENT-01,QQQ,2022-09-09,2022-09-09T14:00:00+00:00,2022-09-09T14:20:00+00:00,2022-09-09T14:20:00+00:00,high,continuation_long,3,,304.9,302.79,305.25
HYP-OR-CONT-EVENT-01,QQQ,2022-09-12,2022-09-12T14:00:00+00:00,2022-09-12T14:20:00+00:00,2022-09-12T14:20:00+00:00,high,continuation_long,3,,310.62,308.28,310.9
HYP-OR-CONT-EVENT-01,QQQ,2022-09-13,2022-09-13T14:00:00+00:00,2022-09-13T14:20:00+00:00,2022-09-13T14:20:00+00:00,low,continuation_short,3,,303.02,300.15,300.55
HYP-OR-CONT-EVENT-01,QQQ,2022-09-14,2022-09-14T14:50:00+00:00,2022-09-14T15:10:00+00:00,2022-09-14T15:10:00+00:00,high,continuation_long,3,,295.95,293.16,296.68
HYP-OR-CONT-EVENT-01,QQQ,2022-09-15,2022-09-15T14:00:00+00:00,2022-09-15T14:20:00+00:00,2022-09-15T14:20:00+00:00,high,continuation_long,3,,296.22,293.53,295.83
HYP-OR-CONT-EVENT-01,QQQ,2022-09-16,2022-09-16T14:10:00+00:00,2022-09-16T14:30:00+00:00,2022-09-16T14:30:00+00:00,high,continuation_long,3,,287.78,285.64,287.29
HYP-OR-CONT-EVENT-01,QQQ,2022-09-19,2022-09-19T14:10:00+00:00,2022-09-19T14:30:00+00:00,2022-09-19T14:30:00+00:00,high,continuation_long,3,,288.8495,286.04,288.43
HYP-OR-CONT-EVENT-01,QQQ,2022-09-20,2022-09-20T14:05:00+00:00,2022-09-20T14:25:00+00:00,2022-09-20T14:25:00+00:00,high,continuation_long,3,,289.22,287.79,288.45
HYP-OR-CONT-EVENT-01,QQQ,2022-09-21,2022-09-21T16:30:00+00:00,2022-09-21T16:50:00+00:00,2022-09-21T16:50:00+00:00,high,continuation_long,3,,290.48,289.025,290.69
HYP-OR-CONT-EVENT-01,QQQ,2022-09-22,2022-09-22T14:00:00+00:00,2022-09-22T14:20:00+00:00,2022-09-22T14:20:00+00:00,low,continuation_short,3,,282.94,280.3,280.77
HYP-OR-CONT-EVENT-01,QQQ,2022-09-23,2022-09-23T14:00:00+00:00,2022-09-23T14:20:00+00:00,2022-09-23T14:20:00+00:00,low,continuation_short,3,,277.85,274.97,275.51
HYP-OR-CONT-EVENT-01,QQQ,2022-09-26,2022-09-26T14:00:00+00:00,2022-09-26T14:20:00+00:00,2022-09-26T14:20:00+00:00,high,continuation_long,3,,278.53,274.75,279.24
HYP-OR-CONT-EVENT-01,QQQ,2022-09-27,2022-09-27T14:00:00+00:00,2022-09-27T14:20:00+00:00,2022-09-27T14:20:00+00:00,low,continuation_short,3,,280.21,277.61,277.31
HYP-OR-CONT-EVENT-01,QQQ,2022-09-28,2022-09-28T14:00:00+00:00,2022-09-28T14:20:00+00:00,2022-09-28T14:20:00+00:00,high,continuation_long,3,,275.0,272.945,274.47
HYP-OR-CONT-EVENT-01,QQQ,2022-09-29,2022-09-29T14:00:00+00:00,2022-09-29T14:20:00+00:00,2022-09-29T14:20:00+00:00,low,continuation_short,3,,276.25,272.48,270.86
HYP-OR-CONT-EVENT-01,QQQ,2022-09-30,2022-09-30T14:25:00+00:00,2022-09-30T14:45:00+00:00,2022-09-30T14:45:00+00:00,high,continuation_long,3,,273.15,270.0,273.565
HYP-OR-CONT-EVENT-01,QQQ,2022-10-03,2022-10-03T14:00:00+00:00,2022-10-03T14:20:00+00:00,2022-10-03T14:20:00+00:00,high,continuation_long,3,,269.74,267.53,270.37
HYP-OR-CONT-EVENT-01,QQQ,2022-10-04,2022-10-04T14:00:00+00:00,2022-10-04T14:20:00+00:00,2022-10-04T14:20:00+00:00,high,continuation_long,3,,281.53,278.99,282.27
HYP-OR-CONT-EVENT-01,QQQ,2022-10-05,2022-10-05T14:00:00+00:00,2022-10-05T14:20:00+00:00,2022-10-05T14:20:00+00:00,low,continuation_short,3,,279.62,277.84,276.3
HYP-OR-CONT-EVENT-01,QQQ,2022-10-06,2022-10-06T14:00:00+00:00,2022-10-06T14:20:00+00:00,2022-10-06T14:20:00+00:00,low,continuation_short,3,,284.18,280.95,280.3301
HYP-OR-CONT-EVENT-01,QQQ,2022-10-07,2022-10-07T14:00:00+00:00,2022-10-07T14:20:00+00:00,2022-10-07T14:20:00+00:00,low,continuation_short,3,,275.15,271.96,272.87
HYP-OR-CONT-EVENT-01,QQQ,2022-10-10,2022-10-10T14:00:00+00:00,2022-10-10T14:20:00+00:00,2022-10-10T14:20:00+00:00,low,continuation_short,3,,269.7,266.71,267.08
HYP-OR-CONT-EVENT-01,QQQ,2022-10-11,2022-10-11T14:20:00+00:00,2022-10-11T14:40:00+00:00,2022-10-11T14:40:00+00:00,low,continuation_short,3,,265.32,262.32,263.475
HYP-OR-CONT-EVENT-01,QQQ,2022-10-13,2022-10-13T14:00:00+00:00,2022-10-13T14:20:00+00:00,2022-10-13T14:20:00+00:00,high,continuation_long,3,,257.84,254.26,258.18
HYP-OR-CONT-EVENT-01,QQQ,2022-10-14,2022-10-14T14:00:00+00:00,2022-10-14T14:20:00+00:00,2022-10-14T14:20:00+00:00,low,continuation_short,3,,271.81,267.5,264.87
HYP-OR-CONT-EVENT-01,QQQ,2022-10-17,2022-10-17T15:40:00+00:00,2022-10-17T16:00:00+00:00,2022-10-17T16:00:00+00:00,high,continuation_long,3,,269.56,266.74,269.49
HYP-OR-CONT-EVENT-01,QQQ,2022-10-18,2022-10-18T14:20:00+00:00,2022-10-18T14:40:00+00:00,2022-10-18T14:40:00+00:00,low,continuation_short,3,,277.21,273.85,272.08
HYP-OR-CONT-EVENT-01,QQQ,2022-10-19,2022-10-19T14:10:00+00:00,2022-10-19T14:30:00+00:00,2022-10-19T14:30:00+00:00,high,continuation_long,3,,271.95,269.445,273.45
HYP-OR-CONT-EVENT-01,QQQ,2022-10-20,2022-10-20T14:00:00+00:00,2022-10-20T14:20:00+00:00,2022-10-20T14:20:00+00:00,high,continuation_long,3,,272.46,269.1132,274.44
HYP-OR-CONT-EVENT-01,QQQ,2022-10-21,2022-10-21T14:00:00+00:00,2022-10-21T14:20:00+00:00,2022-10-21T14:20:00+00:00,high,continuation_long,3,,270.75,266.8236,271.46
HYP-OR-CONT-EVENT-01,QQQ,2022-10-24,2022-10-24T14:00:00+00:00,2022-10-24T14:20:00+00:00,2022-10-24T14:20:00+00:00,low,continuation_short,3,,277.27,274.23,273.22
HYP-OR-CONT-EVENT-01,QQQ,2022-10-25,2022-10-25T15:05:00+00:00,2022-10-25T15:25:00+00:00,2022-10-25T15:25:00+00:00,high,continuation_long,3,,283.06,279.4,283.28
HYP-OR-CONT-EVENT-01,QQQ,2022-10-26,2022-10-26T14:00:00+00:00,2022-10-26T14:20:00+00:00,2022-10-26T14:20:00+00:00,high,continuation_long,3,,279.79,277.43,280.67
HYP-OR-CONT-EVENT-01,QQQ,2022-10-27,2022-10-27T16:25:00+00:00,2022-10-27T16:45:00+00:00,2022-10-27T16:45:00+00:00,low,continuation_short,3,,278.2795,273.395,273.69
HYP-OR-CONT-EVENT-01,QQQ,2022-10-28,2022-10-28T14:25:00+00:00,2022-10-28T14:45:00+00:00,2022-10-28T14:45:00+00:00,high,continuation_long,3,,275.88,272.06,277.51
HYP-OR-CONT-EVENT-01,QQQ,2022-10-31,2022-10-31T14:05:00+00:00,2022-10-31T14:25:00+00:00,2022-10-31T14:25:00+00:00,low,continuation_short,3,,279.76,277.13,276.84
HYP-OR-CONT-EVENT-01,QQQ,2022-11-01,2022-11-01T14:00:00+00:00,2022-11-01T14:20:00+00:00,2022-11-01T14:20:00+00:00,low,continuation_short,3,,282.07,279.18,276.76
HYP-OR-CONT-EVENT-01,QQQ,2022-11-02,2022-11-02T14:10:00+00:00,2022-11-02T14:30:00+00:00,2022-11-02T14:30:00+00:00,low,continuation_short,3,,275.32,273.64,273.5901
HYP-OR-CONT-EVENT-01,QQQ,2022-11-03,2022-11-03T14:25:00+00:00,2022-11-03T14:45:00+00:00,2022-11-03T14:45:00+00:00,high,continuation_long,3,,263.48,260.47,263.06
HYP-OR-CONT-EVENT-01,QQQ,2022-11-04,2022-11-04T15:50:00+00:00,2022-11-04T16:10:00+00:00,2022-11-04T16:10:00+00:00,low,continuation_short,3,,266.39,260.57,260.7
HYP-OR-CONT-EVENT-01,QQQ,2022-11-07,2022-11-07T19:15:00+00:00,2022-11-07T19:35:00+00:00,2022-11-07T19:35:00+00:00,high,continuation_long,3,,266.485,263.57,267.56
HYP-OR-CONT-EVENT-01,QQQ,2022-11-08,2022-11-08T15:15:00+00:00,2022-11-08T15:35:00+00:00,2022-11-08T15:35:00+00:00,high,continuation_long,3,,269.33,267.4183,269.9401
HYP-OR-CONT-EVENT-01,QQQ,2022-11-09,2022-11-09T15:05:00+00:00,2022-11-09T15:25:00+00:00,2022-11-09T15:25:00+00:00,high,continuation_long,3,,268.34,266.42,268.22
HYP-OR-CONT-EVENT-01,QQQ,2022-11-10,2022-11-10T15:00:00+00:00,2022-11-10T15:20:00+00:00,2022-11-10T15:20:00+00:00,high,continuation_long,3,,278.395,273.85,277.62
HYP-OR-CONT-EVENT-01,QQQ,2022-11-11,2022-11-11T15:05:00+00:00,2022-11-11T15:25:00+00:00,2022-11-11T15:25:00+00:00,high,continuation_long,3,,284.17,281.19,285.33
HYP-OR-CONT-EVENT-01,QQQ,2022-11-14,2022-11-14T15:05:00+00:00,2022-11-14T15:25:00+00:00,2022-11-14T15:25:00+00:00,high,continuation_long,3,,286.46,284.44,286.44
HYP-OR-CONT-EVENT-01,QQQ,2022-11-15,2022-11-15T15:50:00+00:00,2022-11-15T16:10:00+00:00,2022-11-15T16:10:00+00:00,low,continuation_short,3,,293.26,290.815,291.29
HYP-OR-CONT-EVENT-01,QQQ,2022-11-16,2022-11-16T15:15:00+00:00,2022-11-16T15:35:00+00:00,2022-11-16T15:35:00+00:00,low,continuation_short,3,,287.735,285.62,286.29
HYP-OR-CONT-EVENT-01,QQQ,2022-11-17,2022-11-17T15:15:00+00:00,2022-11-17T15:35:00+00:00,2022-11-17T15:35:00+00:00,high,continuation_long,3,,282.97,280.72,282.9
HYP-OR-CONT-EVENT-01,QQQ,2022-11-18,2022-11-18T15:00:00+00:00,2022-11-18T15:20:00+00:00,2022-11-18T15:20:00+00:00,low,continuation_short,3,,287.99,285.43,284.55
HYP-OR-CONT-EVENT-01,QQQ,2022-11-21,2022-11-21T15:05:00+00:00,2022-11-21T15:25:00+00:00,2022-11-21T15:25:00+00:00,low,continuation_short,3,,284.58,282.87,282.33
HYP-OR-CONT-EVENT-01,QQQ,2022-11-22,2022-11-22T15:45:00+00:00,2022-11-22T16:05:00+00:00,2022-11-22T16:05:00+00:00,high,continuation_long,3,,282.9,280.46,283.07
HYP-OR-CONT-EVENT-01,QQQ,2022-11-23,2022-11-23T15:05:00+00:00,2022-11-23T15:25:00+00:00,2022-11-23T15:25:00+00:00,high,continuation_long,3,,288.45,285.89,288.67
HYP-OR-CONT-EVENT-01,QQQ,2022-11-25,2022-11-25T15:00:00+00:00,2022-11-25T15:20:00+00:00,2022-11-25T15:20:00+00:00,high,continuation_long,3,,287.58,286.42,287.62
HYP-OR-CONT-EVENT-01,QQQ,2022-11-28,2022-11-28T15:25:00+00:00,2022-11-28T15:45:00+00:00,2022-11-28T15:45:00+00:00,low,continuation_short,3,,286.96,284.66,284.91
HYP-OR-CONT-EVENT-01,QQQ,2022-11-29,2022-11-29T15:10:00+00:00,2022-11-29T15:30:00+00:00,2022-11-29T15:30:00+00:00,low,continuation_short,3,,283.1,281.58,283.04
HYP-OR-CONT-EVENT-01,QQQ,2022-11-30,2022-11-30T15:50:00+00:00,2022-11-30T16:10:00+00:00,2022-11-30T16:10:00+00:00,low,continuation_short,3,,281.97,280.47,281.13
HYP-OR-CONT-EVENT-01,QQQ,2022-12-01,2022-12-01T15:10:00+00:00,2022-12-01T15:30:00+00:00,2022-12-01T15:30:00+00:00,low,continuation_short,3,,295.56,293.0698,291.36
HYP-OR-CONT-EVENT-01,QQQ,2022-12-02,2022-12-02T15:10:00+00:00,2022-12-02T15:30:00+00:00,2022-12-02T15:30:00+00:00,high,continuation_long,3,,290.23,288.36,290.06
HYP-OR-CONT-EVENT-01,QQQ,2022-12-05,2022-12-05T15:00:00+00:00,2022-12-05T15:20:00+00:00,2022-12-05T15:20:00+00:00,low,continuation_short,3,,291.68,290.19,289.51
HYP-OR-CONT-EVENT-01,QQQ,2022-12-06,2022-12-06T15:00:00+00:00,2022-12-06T15:20:00+00:00,2022-12-06T15:20:00+00:00,low,continuation_short,3,,287.62,284.19,283.57
HYP-OR-CONT-EVENT-01,QQQ,2022-12-07,2022-12-07T15:10:00+00:00,2022-12-07T15:30:00+00:00,2022-12-07T15:30:00+00:00,low,continuation_short,3,,282.57,279.25,280.7
HYP-OR-CONT-EVENT-01,QQQ,2022-12-08,2022-12-08T15:00:00+00:00,2022-12-08T15:20:00+00:00,2022-12-08T15:20:00+00:00,high,continuation_long,3,,282.87,279.79,283.023
HYP-OR-CONT-EVENT-01,QQQ,2022-12-09,2022-12-09T15:30:00+00:00,2022-12-09T15:50:00+00:00,2022-12-09T15:50:00+00:00,high,continuation_long,3,,284.27,281.59,283.59
HYP-OR-CONT-EVENT-01,QQQ,2022-12-12,2022-12-12T18:45:00+00:00,2022-12-12T19:05:00+00:00,2022-12-12T19:05:00+00:00,high,continuation_long,3,,283.0236,281.42,282.6
HYP-OR-CONT-EVENT-01,QQQ,2022-12-13,2022-12-13T15:05:00+00:00,2022-12-13T15:25:00+00:00,2022-12-13T15:25:00+00:00,low,continuation_short,3,,296.875,294.06,292.945
HYP-OR-CONT-EVENT-01,QQQ,2022-12-14,2022-12-14T15:00:00+00:00,2022-12-14T15:20:00+00:00,2022-12-14T15:20:00+00:00,high,continuation_long,3,,290.09,288.04,290.55
HYP-OR-CONT-EVENT-01,QQQ,2022-12-15,2022-12-15T15:00:00+00:00,2022-12-15T15:20:00+00:00,2022-12-15T15:20:00+00:00,low,continuation_short,3,,283.01,279.29,279.6
HYP-OR-CONT-EVENT-01,QQQ,2022-12-16,2022-12-16T15:05:00+00:00,2022-12-16T15:25:00+00:00,2022-12-16T15:25:00+00:00,low,continuation_short,3,,277.77,275.7,274.32
HYP-OR-CONT-EVENT-01,QQQ,2022-12-19,2022-12-19T15:40:00+00:00,2022-12-19T16:00:00+00:00,2022-12-19T16:00:00+00:00,low,continuation_short,3,,273.96,271.42,270.985
HYP-OR-CONT-EVENT-01,QQQ,2022-12-20,2022-12-20T15:00:00+00:00,2022-12-20T15:20:00+00:00,2022-12-20T15:20:00+00:00,high,continuation_long,3,,269.63,266.95,269.69
HYP-OR-CONT-EVENT-01,QQQ,2022-12-21,2022-12-21T15:05:00+00:00,2022-12-21T15:25:00+00:00,2022-12-21T15:25:00+00:00,high,continuation_long,3,,271.98,269.74,272.34
HYP-OR-CONT-EVENT-01,QQQ,2022-12-22,2022-12-22T15:00:00+00:00,2022-12-22T15:20:00+00:00,2022-12-22T15:20:00+00:00,low,continuation_short,3,,270.5149,267.7701,266.825
HYP-OR-CONT-EVENT-01,QQQ,2022-12-23,2022-12-23T15:25:00+00:00,2022-12-23T15:45:00+00:00,2022-12-23T15:45:00+00:00,high,continuation_long,3,,266.72,263.63,267.27
HYP-OR-CONT-EVENT-01,QQQ,2022-12-27,2022-12-27T15:00:00+00:00,2022-12-27T15:20:00+00:00,2022-12-27T15:20:00+00:00,low,continuation_short,3,,266.85,263.23,264.87
HYP-OR-CONT-EVENT-01,QQQ,2022-12-28,2022-12-28T15:55:00+00:00,2022-12-28T16:15:00+00:00,2022-12-28T16:15:00+00:00,low,continuation_short,3,,265.47,262.22,261.15
HYP-OR-CONT-EVENT-01,QQQ,2022-12-29,2022-12-29T15:00:00+00:00,2022-12-29T15:20:00+00:00,2022-12-29T15:20:00+00:00,high,continuation_long,3,,265.14,262.25,265.98
HYP-OR-CONT-EVENT-01,QQQ,2022-12-30,2022-12-30T15:45:00+00:00,2022-12-30T16:05:00+00:00,2022-12-30T16:05:00+00:00,high,continuation_long,3,,264.49,262.29,264.22
HYP-OR-CONT-EVENT-01,QQQ,2023-01-03,2023-01-03T15:00:00+00:00,2023-01-03T15:20:00+00:00,2023-01-03T15:20:00+00:00,low,continuation_short,3,,270.155,265.59,264.08
HYP-OR-CONT-EVENT-01,QQQ,2023-01-04,2023-01-04T15:00:00+00:00,2023-01-04T15:20:00+00:00,2023-01-04T15:20:00+00:00,low,continuation_short,3,,266.92,264.72,263.67
HYP-OR-CONT-EVENT-01,QQQ,2023-01-05,2023-01-05T15:05:00+00:00,2023-01-05T15:25:00+00:00,2023-01-05T15:25:00+00:00,high,continuation_long,3,,264.09,261.5001,262.53
HYP-OR-CONT-EVENT-01,QQQ,2023-01-06,2023-01-06T15:35:00+00:00,2023-01-06T15:55:00+00:00,2023-01-06T15:55:00+00:00,high,continuation_long,3,,264.63,260.34,265.4601
HYP-OR-CONT-EVENT-01,QQQ,2023-01-09,2023-01-09T15:00:00+00:00,2023-01-09T15:20:00+00:00,2023-01-09T15:20:00+00:00,high,continuation_long,3,,273.5401,270.73,273.19
HYP-OR-CONT-EVENT-01,QQQ,2023-01-10,2023-01-10T15:10:00+00:00,2023-01-10T15:30:00+00:00,2023-01-10T15:30:00+00:00,high,continuation_long,3,,272.02,269.38,271.06
HYP-OR-CONT-EVENT-01,QQQ,2023-01-11,2023-01-11T15:10:00+00:00,2023-01-11T15:30:00+00:00,2023-01-11T15:30:00+00:00,high,continuation_long,3,,274.85,273.12,275.45
HYP-OR-CONT-EVENT-01,QQQ,2023-01-12,2023-01-12T17:15:00+00:00,2023-01-12T17:35:00+00:00,2023-01-12T17:35:00+00:00,high,continuation_long,3,,278.76,273.74,279.36
HYP-OR-CONT-EVENT-01,QQQ,2023-01-13,2023-01-13T15:00:00+00:00,2023-01-13T15:20:00+00:00,2023-01-13T15:20:00+00:00,high,continuation_long,3,,277.81,276.16,278.18
HYP-OR-CONT-EVENT-01,QQQ,2023-01-17,2023-01-17T15:00:00+00:00,2023-01-17T15:20:00+00:00,2023-01-17T15:20:00+00:00,high,continuation_long,3,,281.455,279.581,282.455
HYP-OR-CONT-EVENT-01,QQQ,2023-01-18,2023-01-18T15:00:00+00:00,2023-01-18T15:20:00+00:00,2023-01-18T15:20:00+00:00,high,continuation_long,3,,283.9,282.59,283.07
HYP-OR-CONT-EVENT-01,QQQ,2023-01-19,2023-01-19T15:45:00+00:00,2023-01-19T16:05:00+00:00,2023-01-19T16:05:00+00:00,low,continuation_short,3,,277.225,274.85,274.65
HYP-OR-CONT-EVENT-01,QQQ,2023-01-20,2023-01-20T15:05:00+00:00,2023-01-20T15:25:00+00:00,2023-01-20T15:25:00+00:00,high,continuation_long,3,,277.9,275.71,277.9
HYP-OR-CONT-EVENT-01,QQQ,2023-01-23,2023-01-23T15:00:00+00:00,2023-01-23T15:20:00+00:00,2023-01-23T15:20:00+00:00,high,continuation_long,3,,286.35,282.73,286.4882
HYP-OR-CONT-EVENT-01,QQQ,2023-01-24,2023-01-24T15:05:00+00:00,2023-01-24T15:25:00+00:00,2023-01-24T15:25:00+00:00,low,continuation_short,3,,289.55,286.84,287.77
HYP-OR-CONT-EVENT-01,QQQ,2023-01-25,2023-01-25T15:00:00+00:00,2023-01-25T15:20:00+00:00,2023-01-25T15:20:00+00:00,low,continuation_short,3,,284.08,281.62,282.13
HYP-OR-CONT-EVENT-01,QQQ,2023-01-26,2023-01-26T15:50:00+00:00,2023-01-26T16:10:00+00:00,2023-01-26T16:10:00+00:00,low,continuation_short,3,,292.64,289.54,288.995
HYP-OR-CONT-EVENT-01,QQQ,2023-01-27,2023-01-27T15:00:00+00:00,2023-01-27T15:20:00+00:00,2023-01-27T15:20:00+00:00,high,continuation_long,3,,294.4199,291.88,294.99
HYP-OR-CONT-EVENT-01,QQQ,2023-01-30,2023-01-30T15:20:00+00:00,2023-01-30T15:40:00+00:00,2023-01-30T15:40:00+00:00,low,continuation_short,3,,294.0925,292.33,291.02
HYP-OR-CONT-EVENT-01,QQQ,2023-01-31,2023-01-31T15:25:00+00:00,2023-01-31T15:45:00+00:00,2023-01-31T15:45:00+00:00,high,continuation_long,3,,292.27,290.2,292.43
HYP-OR-CONT-EVENT-01,QQQ,2023-02-01,2023-02-01T15:50:00+00:00,2023-02-01T16:10:00+00:00,2023-02-01T16:10:00+00:00,low,continuation_short,3,,294.79,293.41,293.42
HYP-OR-CONT-EVENT-01,QQQ,2023-02-02,2023-02-02T15:00:00+00:00,2023-02-02T15:20:00+00:00,2023-02-02T15:20:00+00:00,low,continuation_short,3,,309.15,307.25,308.71
HYP-OR-CONT-EVENT-01,QQQ,2023-02-03,2023-02-03T15:10:00+00:00,2023-02-03T15:30:00+00:00,2023-02-03T15:30:00+00:00,high,continuation_long,3,,309.38,304.54,309.92
HYP-OR-CONT-EVENT-01,QQQ,2023-02-06,2023-02-06T15:20:00+00:00,2023-02-06T15:40:00+00:00,2023-02-06T15:40:00+00:00,low,continuation_short,3,,304.96,303.33,302.99
HYP-OR-CONT-EVENT-01,QQQ,2023-02-07,2023-02-07T15:00:00+00:00,2023-02-07T15:20:00+00:00,2023-02-07T15:20:00+00:00,low,continuation_short,3,,304.67,303.09,303.81
HYP-OR-CONT-EVENT-01,QQQ,2023-02-08,2023-02-08T15:25:00+00:00,2023-02-08T15:45:00+00:00,2023-02-08T15:45:00+00:00,low,continuation_short,3,,309.5,307.31,306.415
HYP-OR-CONT-EVENT-01,QQQ,2023-02-09,2023-02-09T15:25:00+00:00,2023-02-09T15:45:00+00:00,2023-02-09T15:45:00+00:00,low,continuation_short,3,,308.99,306.68,306.4
HYP-OR-CONT-EVENT-01,QQQ,2023-02-10,2023-02-10T15:00:00+00:00,2023-02-10T15:20:00+00:00,2023-02-10T15:20:00+00:00,low,continuation_short,3,,300.92,298.93,300.98
HYP-OR-CONT-EVENT-01,QQQ,2023-02-13,2023-02-13T15:30:00+00:00,2023-02-13T15:50:00+00:00,2023-02-13T15:50:00+00:00,high,continuation_long,3,,302.67,299.93,303.18
HYP-OR-CONT-EVENT-01,QQQ,2023-02-14,2023-02-14T15:00:00+00:00,2023-02-14T15:20:00+00:00,2023-02-14T15:20:00+00:00,high,continuation_long,3,,305.99,300.91,306.65
HYP-OR-CONT-EVENT-01,QQQ,2023-02-15,2023-02-15T16:25:00+00:00,2023-02-15T16:45:00+00:00,2023-02-15T16:45:00+00:00,high,continuation_long,3,,306.79,304.65,307.39
HYP-OR-CONT-EVENT-01,QQQ,2023-02-16,2023-02-16T15:10:00+00:00,2023-02-16T15:30:00+00:00,2023-02-16T15:30:00+00:00,high,continuation_long,3,,306.0,303.71,306.53
HYP-OR-CONT-EVENT-01,QQQ,2023-02-17,2023-02-17T16:20:00+00:00,2023-02-17T16:40:00+00:00,2023-02-17T16:40:00+00:00,low,continuation_short,3,,301.93,298.88,299.05
HYP-OR-CONT-EVENT-01,QQQ,2023-02-21,2023-02-21T15:00:00+00:00,2023-02-21T15:20:00+00:00,2023-02-21T15:20:00+00:00,low,continuation_short,3,,298.73,296.98,296.56
HYP-OR-CONT-EVENT-01,QQQ,2023-02-22,2023-02-22T15:00:00+00:00,2023-02-22T15:20:00+00:00,2023-02-22T15:20:00+00:00,low,continuation_short,3,,295.98,294.5399,292.945
HYP-OR-CONT-EVENT-01,QQQ,2023-02-23,2023-02-23T15:05:00+00:00,2023-02-23T15:25:00+00:00,2023-02-23T15:25:00+00:00,low,continuation_short,3,,298.13,296.62,296.46
HYP-OR-CONT-EVENT-01,QQQ,2023-02-24,2023-02-24T15:05:00+00:00,2023-02-24T15:25:00+00:00,2023-02-24T15:25:00+00:00,low,continuation_short,3,,292.97,290.82,290.52
HYP-OR-CONT-EVENT-01,QQQ,2023-02-27,2023-02-27T15:00:00+00:00,2023-02-27T15:20:00+00:00,2023-02-27T15:20:00+00:00,high,continuation_long,3,,295.57,294.47,296.16
HYP-OR-CONT-EVENT-01,QQQ,2023-02-28,2023-02-28T16:15:00+00:00,2023-02-28T16:35:00+00:00,2023-02-28T16:35:00+00:00,high,continuation_long,3,,294.68,292.96,294.12
HYP-OR-CONT-EVENT-01,QQQ,2023-03-01,2023-03-01T15:05:00+00:00,2023-03-01T15:25:00+00:00,2023-03-01T15:25:00+00:00,low,continuation_short,3,,293.93,292.1,291.4
HYP-OR-CONT-EVENT-01,QQQ,2023-03-02,2023-03-02T15:00:00+00:00,2023-03-02T15:20:00+00:00,2023-03-02T15:20:00+00:00,high,continuation_long,3,,289.965,288.37,289.72
HYP-OR-CONT-EVENT-01,QQQ,2023-03-03,2023-03-03T15:15:00+00:00,2023-03-03T15:35:00+00:00,2023-03-03T15:35:00+00:00,high,continuation_long,3,,296.9752,294.87,297.32
HYP-OR-CONT-EVENT-01,QQQ,2023-03-06,2023-03-06T15:05:00+00:00,2023-03-06T15:25:00+00:00,2023-03-06T15:25:00+00:00,high,continuation_long,3,,301.81,300.63,302.81
HYP-OR-CONT-EVENT-01,QQQ,2023-03-07,2023-03-07T15:00:00+00:00,2023-03-07T15:20:00+00:00,2023-03-07T15:20:00+00:00,low,continuation_short,3,,301.01,299.82,296.99
HYP-OR-CONT-EVENT-01,QQQ,2023-03-08,2023-03-08T15:00:00+00:00,2023-03-08T15:20:00+00:00,2023-03-08T15:20:00+00:00,low,continuation_short,3,,297.49,296.02,296.05
HYP-OR-CONT-EVENT-01,QQQ,2023-03-09,2023-03-09T15:35:00+00:00,2023-03-09T15:55:00+00:00,2023-03-09T15:55:00+00:00,high,continuation_long,3,,300.61,297.96,300.32
HYP-OR-CONT-EVENT-01,QQQ,2023-03-10,2023-03-10T16:10:00+00:00,2023-03-10T16:30:00+00:00,2023-03-10T16:30:00+00:00,high,continuation_long,3,,293.06,289.13,293.5
HYP-OR-CONT-EVENT-01,QQQ,2023-03-13,2023-03-13T14:05:00+00:00,2023-03-13T14:25:00+00:00,2023-03-13T14:25:00+00:00,high,continuation_long,3,,290.485,285.19,289.46
HYP-OR-CONT-EVENT-01,QQQ,2023-03-14,2023-03-14T14:20:00+00:00,2023-03-14T14:40:00+00:00,2023-03-14T14:40:00+00:00,high,continuation_long,3,,296.38,294.21,296.92
HYP-OR-CONT-EVENT-01,QQQ,2023-03-15,2023-03-15T14:00:00+00:00,2023-03-15T14:20:00+00:00,2023-03-15T14:20:00+00:00,low,continuation_short,3,,296.17,294.27,294.79
HYP-OR-CONT-EVENT-01,QQQ,2023-03-16,2023-03-16T14:00:00+00:00,2023-03-16T14:20:00+00:00,2023-03-16T14:20:00+00:00,high,continuation_long,3,,299.7,297.19,298.6599
HYP-OR-CONT-EVENT-01,QQQ,2023-03-17,2023-03-17T14:00:00+00:00,2023-03-17T14:20:00+00:00,2023-03-17T14:20:00+00:00,high,continuation_long,3,,308.03,306.31,307.02
HYP-OR-CONT-EVENT-01,QQQ,2023-03-20,2023-03-20T14:45:00+00:00,2023-03-20T15:05:00+00:00,2023-03-20T15:05:00+00:00,high,continuation_long,3,,304.5,302.01,305.01
HYP-OR-CONT-EVENT-01,QQQ,2023-03-21,2023-03-21T14:00:00+00:00,2023-03-21T14:20:00+00:00,2023-03-21T14:20:00+00:00,high,continuation_long,3,,308.94,307.63,307.82
HYP-OR-CONT-EVENT-01,QQQ,2023-03-22,2023-03-22T14:20:00+00:00,2023-03-22T14:40:00+00:00,2023-03-22T14:40:00+00:00,high,continuation_long,3,,310.82,309.74,311.38
HYP-OR-CONT-EVENT-01,QQQ,2023-03-23,2023-03-23T14:00:00+00:00,2023-03-23T14:20:00+00:00,2023-03-23T14:20:00+00:00,high,continuation_long,3,,310.93,309.73,311.74
HYP-OR-CONT-EVENT-01,QQQ,2023-03-24,2023-03-24T15:10:00+00:00,2023-03-24T15:30:00+00:00,2023-03-24T15:30:00+00:00,low,continuation_short,3,,309.73,307.18,307.49
HYP-OR-CONT-EVENT-01,QQQ,2023-03-27,2023-03-27T14:30:00+00:00,2023-03-27T14:50:00+00:00,2023-03-27T14:50:00+00:00,low,continuation_short,3,,312.7,310.71,310.64
HYP-OR-CONT-EVENT-01,QQQ,2023-03-28,2023-03-28T14:00:00+00:00,2023-03-28T14:20:00+00:00,2023-03-28T14:20:00+00:00,low,continuation_short,3,,308.2,305.94,307.0
HYP-OR-CONT-EVENT-01,QQQ,2023-03-29,2023-03-29T14:00:00+00:00,2023-03-29T14:20:00+00:00,2023-03-29T14:20:00+00:00,high,continuation_long,3,,311.83,310.75,311.51
HYP-OR-CONT-EVENT-01,QQQ,2023-03-30,2023-03-30T14:10:00+00:00,2023-03-30T14:30:00+00:00,2023-03-30T14:30:00+00:00,low,continuation_short,3,,315.59,314.54,315.87
HYP-OR-CONT-EVENT-01,QQQ,2023-03-31,2023-03-31T14:30:00+00:00,2023-03-31T14:50:00+00:00,2023-03-31T14:50:00+00:00,high,continuation_long,3,,317.67,315.6,317.96
HYP-OR-CONT-EVENT-01,QQQ,2023-04-03,2023-04-03T14:20:00+00:00,2023-04-03T14:40:00+00:00,2023-04-03T14:40:00+00:00,high,continuation_long,3,,320.01,318.49,319.4
HYP-OR-CONT-EVENT-01,QQQ,2023-04-04,2023-04-04T14:00:00+00:00,2023-04-04T14:20:00+00:00,2023-04-04T14:20:00+00:00,high,continuation_long,3,,320.87,319.28,320.68
HYP-OR-CONT-EVENT-01,QQQ,2023-04-05,2023-04-05T14:00:00+00:00,2023-04-05T14:20:00+00:00,2023-04-05T14:20:00+00:00,low,continuation_short,3,,318.31,316.795,316.37
HYP-OR-CONT-EVENT-01,QQQ,2023-04-06,2023-04-06T14:00:00+00:00,2023-04-06T14:20:00+00:00,2023-04-06T14:20:00+00:00,high,continuation_long,3,,314.27,312.82,314.59
HYP-OR-CONT-EVENT-01,QQQ,2023-04-10,2023-04-10T15:05:00+00:00,2023-04-10T15:25:00+00:00,2023-04-10T15:25:00+00:00,high,continuation_long,3,,315.24,313.25,315.41
HYP-OR-CONT-EVENT-01,QQQ,2023-04-11,2023-04-11T14:30:00+00:00,2023-04-11T14:50:00+00:00,2023-04-11T14:50:00+00:00,low,continuation_short,3,,317.89,316.26,315.9799
HYP-OR-CONT-EVENT-01,QQQ,2023-04-12,2023-04-12T14:55:00+00:00,2023-04-12T15:15:00+00:00,2023-04-12T15:15:00+00:00,low,continuation_short,3,,318.42,314.86,313.89
HYP-OR-CONT-EVENT-01,QQQ,2023-04-13,2023-04-13T14:05:00+00:00,2023-04-13T14:25:00+00:00,2023-04-13T14:25:00+00:00,high,continuation_long,3,,316.13,314.64,317.27
HYP-OR-CONT-EVENT-01,QQQ,2023-04-14,2023-04-14T14:25:00+00:00,2023-04-14T14:45:00+00:00,2023-04-14T14:45:00+00:00,low,continuation_short,3,,320.26,317.42,317.54
HYP-OR-CONT-EVENT-01,QQQ,2023-04-17,2023-04-17T14:35:00+00:00,2023-04-17T14:55:00+00:00,2023-04-17T14:55:00+00:00,low,continuation_short,3,,319.1999,317.66,317.25
HYP-OR-CONT-EVENT-01,QQQ,2023-04-18,2023-04-18T14:00:00+00:00,2023-04-18T14:20:00+00:00,2023-04-18T14:20:00+00:00,low,continuation_short,3,,321.42,320.08,319.55
HYP-OR-CONT-EVENT-01,QQQ,2023-04-19,2023-04-19T14:35:00+00:00,2023-04-19T14:55:00+00:00,2023-04-19T14:55:00+00:00,high,continuation_long,3,,317.545,316.28,317.45
HYP-OR-CONT-EVENT-01,QQQ,2023-04-20,2023-04-20T14:00:00+00:00,2023-04-20T14:20:00+00:00,2023-04-20T14:20:00+00:00,high,continuation_long,3,,317.48,315.57,317.82
HYP-OR-CONT-EVENT-01,QQQ,2023-04-21,2023-04-21T15:30:00+00:00,2023-04-21T15:50:00+00:00,2023-04-21T15:50:00+00:00,high,continuation_long,3,,316.3,314.39,315.72
HYP-OR-CONT-EVENT-01,QQQ,2023-04-24,2023-04-24T14:35:00+00:00,2023-04-24T14:55:00+00:00,2023-04-24T14:55:00+00:00,low,continuation_short,3,,317.7391,315.81,315.1
HYP-OR-CONT-EVENT-01,QQQ,2023-04-25,2023-04-25T14:05:00+00:00,2023-04-25T14:25:00+00:00,2023-04-25T14:25:00+00:00,low,continuation_short,3,,314.97,313.78,313.32
HYP-OR-CONT-EVENT-01,QQQ,2023-04-26,2023-04-26T15:05:00+00:00,2023-04-26T15:25:00+00:00,2023-04-26T15:25:00+00:00,high,continuation_long,3,,313.78,312.22,314.36
HYP-OR-CONT-EVENT-01,QQQ,2023-04-27,2023-04-27T14:10:00+00:00,2023-04-27T14:30:00+00:00,2023-04-27T14:30:00+00:00,high,continuation_long,3,,316.24,315.05,316.66
HYP-OR-CONT-EVENT-01,QQQ,2023-04-28,2023-04-28T14:05:00+00:00,2023-04-28T14:25:00+00:00,2023-04-28T14:25:00+00:00,high,continuation_long,3,,320.705,318.96,321.68
HYP-OR-CONT-EVENT-01,QQQ,2023-05-01,2023-05-01T14:00:00+00:00,2023-05-01T14:20:00+00:00,2023-05-01T14:20:00+00:00,low,continuation_short,3,,322.77,321.75,322.05
HYP-OR-CONT-EVENT-01,QQQ,2023-05-02,2023-05-02T14:05:00+00:00,2023-05-02T14:25:00+00:00,2023-05-02T14:25:00+00:00,low,continuation_short,3,,322.45,321.3,319.73
HYP-OR-CONT-EVENT-01,QQQ,2023-05-03,2023-05-03T15:00:00+00:00,2023-05-03T15:20:00+00:00,2023-05-03T15:20:00+00:00,low,continuation_short,3,,320.79,319.475,319.84
HYP-OR-CONT-EVENT-01,QQQ,2023-05-04,2023-05-04T14:15:00+00:00,2023-05-04T14:35:00+00:00,2023-05-04T14:35:00+00:00,low,continuation_short,3,,317.13,315.72,315.7
HYP-OR-CONT-EVENT-01,QQQ,2023-05-05,2023-05-05T14:00:00+00:00,2023-05-05T14:20:00+00:00,2023-05-05T14:20:00+00:00,high,continuation_long,3,,319.76,318.1,320.85
HYP-OR-CONT-EVENT-01,QQQ,2023-05-08,2023-05-08T15:10:00+00:00,2023-05-08T15:30:00+00:00,2023-05-08T15:30:00+00:00,high,continuation_long,3,,322.6399,321.46,322.16
HYP-OR-CONT-EVENT-01,QQQ,2023-05-09,2023-05-09T15:10:00+00:00,2023-05-09T15:30:00+00:00,2023-05-09T15:30:00+00:00,low,continuation_short,3,,322.74,321.85,321.86
HYP-OR-CONT-EVENT-01,QQQ,2023-05-10,2023-05-10T14:00:00+00:00,2023-05-10T14:20:00+00:00,2023-05-10T14:20:00+00:00,high,continuation_long,3,,325.34,323.04,324.465
HYP-OR-CONT-EVENT-01,QQQ,2023-05-11,2023-05-11T14:30:00+00:00,2023-05-11T14:50:00+00:00,2023-05-11T14:50:00+00:00,low,continuation_short,3,,325.85,324.38,325.17
HYP-OR-CONT-EVENT-01,QQQ,2023-05-12,2023-05-12T14:00:00+00:00,2023-05-12T14:20:00+00:00,2023-05-12T14:20:00+00:00,low,continuation_short,3,,327.17,326.03,325.59
HYP-OR-CONT-EVENT-01,QQQ,2023-05-15,2023-05-15T14:05:00+00:00,2023-05-15T14:25:00+00:00,2023-05-15T14:25:00+00:00,low,continuation_short,3,,325.81,324.52,324.42
HYP-OR-CONT-EVENT-01,QQQ,2023-05-16,2023-05-16T14:30:00+00:00,2023-05-16T14:50:00+00:00,2023-05-16T14:50:00+00:00,high,continuation_long,3,,327.98,326.02,327.67
HYP-OR-CONT-EVENT-01,QQQ,2023-05-17,2023-05-17T15:00:00+00:00,2023-05-17T15:20:00+00:00,2023-05-17T15:20:00+00:00,high,continuation_long,3,,328.61,327.04,328.58
HYP-OR-CONT-EVENT-01,QQQ,2023-05-18,2023-05-18T14:05:00+00:00,2023-05-18T14:25:00+00:00,2023-05-18T14:25:00+00:00,high,continuation_long,3,,333.08,331.5,334.22
HYP-OR-CONT-EVENT-01,QQQ,2023-05-19,2023-05-19T14:40:00+00:00,2023-05-19T15:00:00+00:00,2023-05-19T15:00:00+00:00,low,continuation_short,3,,338.205,336.9703,337.04
HYP-OR-CONT-EVENT-01,QQQ,2023-05-23,2023-05-23T14:00:00+00:00,2023-05-23T14:20:00+00:00,2023-05-23T14:20:00+00:00,high,continuation_long,3,,337.0338,335.7,336.755
HYP-OR-CONT-EVENT-01,QQQ,2023-05-24,2023-05-24T14:00:00+00:00,2023-05-24T14:20:00+00:00,2023-05-24T14:20:00+00:00,low,continuation_short,3,,332.19,330.86,330.84
HYP-OR-CONT-EVENT-01,QQQ,2023-05-25,2023-05-25T15:10:00+00:00,2023-05-25T15:30:00+00:00,2023-05-25T15:30:00+00:00,high,continuation_long,3,,339.42,336.665,339.38
HYP-OR-CONT-EVENT-01,QQQ,2023-05-26,2023-05-26T14:00:00+00:00,2023-05-26T14:20:00+00:00,2023-05-26T14:20:00+00:00,high,continuation_long,3,,343.31,340.66,344.5
HYP-OR-CONT-EVENT-01,QQQ,2023-05-30,2023-05-30T14:00:00+00:00,2023-05-30T14:20:00+00:00,2023-05-30T14:20:00+00:00,low,continuation_short,3,,353.93,350.65,351.375
HYP-OR-CONT-EVENT-01,QQQ,2023-05-31,2023-05-31T14:10:00+00:00,2023-05-31T14:30:00+00:00,2023-05-31T14:30:00+00:00,low,continuation_short,3,,350.6,348.24,347.615
HYP-OR-CONT-EVENT-01,QQQ,2023-06-01,2023-06-01T14:00:00+00:00,2023-06-01T14:20:00+00:00,2023-06-01T14:20:00+00:00,high,continuation_long,3,,348.37,346.66,347.99
HYP-OR-CONT-EVENT-01,QQQ,2023-06-02,2023-06-02T14:00:00+00:00,2023-06-02T14:20:00+00:00,2023-06-02T14:20:00+00:00,low,continuation_short,3,,355.83,352.16,353.56
HYP-OR-CONT-EVENT-01,QQQ,2023-06-05,2023-06-05T14:45:00+00:00,2023-06-05T15:05:00+00:00,2023-06-05T15:05:00+00:00,high,continuation_long,3,,356.45,354.43,356.46
HYP-OR-CONT-EVENT-01,QQQ,2023-06-06,2023-06-06T14:10:00+00:00,2023-06-06T14:30:00+00:00,2023-06-06T14:30:00+00:00,high,continuation_long,3,,354.32,352.93,354.49
HYP-OR-CONT-EVENT-01,QQQ,2023-06-07,2023-06-07T14:00:00+00:00,2023-06-07T14:20:00+00:00,2023-06-07T14:20:00+00:00,low,continuation_short,3,,357.12,355.13,354.85
HYP-OR-CONT-EVENT-01,QQQ,2023-06-08,2023-06-08T14:05:00+00:00,2023-06-08T14:25:00+00:00,2023-06-08T14:25:00+00:00,high,continuation_long,3,,350.555,348.89,350.805
HYP-OR-CONT-EVENT-01,QQQ,2023-06-09,2023-06-09T14:00:00+00:00,2023-06-09T14:20:00+00:00,2023-06-09T14:20:00+00:00,high,continuation_long,3,,357.21,354.52,357.54
HYP-OR-CONT-EVENT-01,QQQ,2023-06-12,2023-06-12T14:05:00+00:00,2023-06-12T14:25:00+00:00,2023-06-12T14:25:00+00:00,low,continuation_short,3,,356.53,355.64,356.255
HYP-OR-CONT-EVENT-01,QQQ,2023-06-13,2023-06-13T14:00:00+00:00,2023-06-13T14:20:00+00:00,2023-06-13T14:20:00+00:00,low,continuation_short,3,,364.11,361.24,360.96
HYP-OR-CONT-EVENT-01,QQQ,2023-06-14,2023-06-14T14:00:00+00:00,2023-06-14T14:20:00+00:00,2023-06-14T14:20:00+00:00,high,continuation_long,3,,363.98,362.26,364.76
HYP-OR-CONT-EVENT-01,QQQ,2023-06-15,2023-06-15T14:05:00+00:00,2023-06-15T14:25:00+00:00,2023-06-15T14:25:00+00:00,high,continuation_long,3,,366.58,363.98,366.95
HYP-OR-CONT-EVENT-01,QQQ,2023-06-16,2023-06-16T15:25:00+00:00,2023-06-16T15:45:00+00:00,2023-06-16T15:45:00+00:00,low,continuation_short,3,,372.85,369.38,369.9
HYP-OR-CONT-EVENT-01,QQQ,2023-06-20,2023-06-20T14:00:00+00:00,2023-06-20T14:20:00+00:00,2023-06-20T14:20:00+00:00,low,continuation_short,3,,368.32,365.8,365.22
HYP-OR-CONT-EVENT-01,QQQ,2023-06-21,2023-06-21T14:00:00+00:00,2023-06-21T14:20:00+00:00,2023-06-21T14:20:00+00:00,low,continuation_short,3,,366.18,363.71,363.41
HYP-OR-CONT-EVENT-01,QQQ,2023-06-22,2023-06-22T14:00:00+00:00,2023-06-22T14:20:00+00:00,2023-06-22T14:20:00+00:00,high,continuation_long,3,,363.42,360.22,364.32
HYP-OR-CONT-EVENT-01,QQQ,2023-06-23,2023-06-23T16:15:00+00:00,2023-06-23T16:35:00+00:00,2023-06-23T16:35:00+00:00,high,continuation_long,3,,363.3,360.8227,363.79
HYP-OR-CONT-EVENT-01,QQQ,2023-06-26,2023-06-26T14:00:00+00:00,2023-06-26T14:20:00+00:00,2023-06-26T14:20:00+00:00,high,continuation_long,3,,364.555,361.78,364.25
HYP-OR-CONT-EVENT-01,QQQ,2023-06-27,2023-06-27T14:10:00+00:00,2023-06-27T14:30:00+00:00,2023-06-27T14:30:00+00:00,low,continuation_short,3,,360.51,358.77,359.56
HYP-OR-CONT-EVENT-01,QQQ,2023-06-28,2023-06-28T14:15:00+00:00,2023-06-28T14:35:00+00:00,2023-06-28T14:35:00+00:00,high,continuation_long,3,,363.89,361.9038,365.2
HYP-OR-CONT-EVENT-01,QQQ,2023-06-29,2023-06-29T14:05:00+00:00,2023-06-29T14:25:00+00:00,2023-06-29T14:25:00+00:00,low,continuation_short,3,,364.89,363.3,363.16
HYP-OR-CONT-EVENT-01,QQQ,2023-06-30,2023-06-30T14:00:00+00:00,2023-06-30T14:20:00+00:00,2023-06-30T14:20:00+00:00,high,continuation_long,3,,369.41,367.23,370.16
HYP-OR-CONT-EVENT-01,QQQ,2023-07-03,2023-07-03T14:30:00+00:00,2023-07-03T14:50:00+00:00,2023-07-03T14:50:00+00:00,low,continuation_short,3,,370.93,369.66,369.427
HYP-OR-CONT-EVENT-01,QQQ,2023-07-05,2023-07-05T14:00:00+00:00,2023-07-05T14:20:00+00:00,2023-07-05T14:20:00+00:00,high,continuation_long,3,,371.15,368.66,371.42
HYP-OR-CONT-EVENT-01,QQQ,2023-07-06,2023-07-06T14:00:00+00:00,2023-07-06T14:20:00+00:00,2023-07-06T14:20:00+00:00,low,continuation_short,3,,366.96,364.94,365.05
HYP-OR-CONT-EVENT-01,QQQ,2023-07-07,2023-07-07T14:00:00+00:00,2023-07-07T14:20:00+00:00,2023-07-07T14:20:00+00:00,high,continuation_long,3,,368.52,366.45,367.63
HYP-OR-CONT-EVENT-01,QQQ,2023-07-10,2023-07-10T16:00:00+00:00,2023-07-10T16:20:00+00:00,2023-07-10T16:20:00+00:00,low,continuation_short,3,,367.05,363.93,363.8656
HYP-OR-CONT-EVENT-01,QQQ,2023-07-11,2023-07-11T14:00:00+00:00,2023-07-11T14:20:00+00:00,2023-07-11T14:20:00+00:00,low,continuation_short,3,,367.55,365.3799,365.62
HYP-OR-CONT-EVENT-01,QQQ,2023-07-12,2023-07-12T14:00:00+00:00,2023-07-12T14:20:00+00:00,2023-07-12T14:20:00+00:00,high,continuation_long,3,,373.29,371.81,374.0601
HYP-OR-CONT-EVENT-01,QQQ,2023-07-13,2023-07-13T15:40:00+00:00,2023-07-13T16:00:00+00:00,2023-07-13T16:00:00+00:00,high,continuation_long,3,,377.0968,375.46,377.32
HYP-OR-CONT-EVENT-01,QQQ,2023-07-14,2023-07-14T14:00:00+00:00,2023-07-14T14:20:00+00:00,2023-07-14T14:20:00+00:00,high,continuation_long,3,,381.768,379.58,382.71
HYP-OR-CONT-EVENT-01,QQQ,2023-07-17,2023-07-17T15:25:00+00:00,2023-07-17T15:45:00+00:00,2023-07-17T15:45:00+00:00,high,continuation_long,3,,381.0801,379.31,381.44
HYP-OR-CONT-EVENT-01,QQQ,2023-07-18,2023-07-18T15:40:00+00:00,2023-07-18T16:00:00+00:00,2023-07-18T16:00:00+00:00,high,continuation_long,3,,381.99,380.0,383.56
HYP-OR-CONT-EVENT-01,QQQ,2023-07-19,2023-07-19T14:15:00+00:00,2023-07-19T14:35:00+00:00,2023-07-19T14:35:00+00:00,low,continuation_short,3,,387.38,385.955,386.36
HYP-OR-CONT-EVENT-01,QQQ,2023-07-20,2023-07-20T14:00:00+00:00,2023-07-20T14:20:00+00:00,2023-07-20T14:20:00+00:00,low,continuation_short,3,,384.095,382.54,381.44
HYP-OR-CONT-EVENT-01,QQQ,2023-07-21,2023-07-21T14:20:00+00:00,2023-07-21T14:40:00+00:00,2023-07-21T14:40:00+00:00,low,continuation_short,3,,379.92,377.54,376.08
HYP-OR-CONT-EVENT-01,QQQ,2023-07-25,2023-07-25T14:00:00+00:00,2023-07-25T14:20:00+00:00,2023-07-25T14:20:00+00:00,high,continuation_long,3,,378.85,376.93,378.105
HYP-OR-CONT-EVENT-01,QQQ,2023-07-26,2023-07-26T14:50:00+00:00,2023-07-26T15:10:00+00:00,2023-07-26T15:10:00+00:00,low,continuation_short,3,,378.21,376.43,375.6694
HYP-OR-CONT-EVENT-01,QQQ,2023-07-27,2023-07-27T14:20:00+00:00,2023-07-27T14:40:00+00:00,2023-07-27T14:40:00+00:00,low,continuation_short,3,,384.71,382.7769,382.3
HYP-OR-CONT-EVENT-01,QQQ,2023-07-28,2023-07-28T14:00:00+00:00,2023-07-28T14:20:00+00:00,2023-07-28T14:20:00+00:00,high,continuation_long,3,,382.69,380.22,382.69
HYP-OR-CONT-EVENT-01,QQQ,2023-08-01,2023-08-01T14:05:00+00:00,2023-08-01T14:25:00+00:00,2023-08-01T14:25:00+00:00,high,continuation_long,3,,382.589,381.56,381.5
HYP-OR-CONT-EVENT-01,QQQ,2023-08-02,2023-08-02T14:05:00+00:00,2023-08-02T14:25:00+00:00,2023-08-02T14:25:00+00:00,low,continuation_short,3,,379.26,377.21,376.565
HYP-OR-CONT-EVENT-01,QQQ,2023-08-03,2023-08-03T15:15:00+00:00,2023-08-03T15:35:00+00:00,2023-08-03T15:35:00+00:00,high,continuation_long,3,,374.36,371.77,374.3799
HYP-OR-CONT-EVENT-01,QQQ,2023-08-04,2023-08-04T14:00:00+00:00,2023-08-04T14:20:00+00:00,2023-08-04T14:20:00+00:00,low,continuation_short,3,,377.47,374.02,374.625
HYP-OR-CONT-EVENT-01,QQQ,2023-08-07,2023-08-07T15:05:00+00:00,2023-08-07T15:25:00+00:00,2023-08-07T15:25:00+00:00,low,continuation_short,3,,374.85,372.45,372.02
HYP-OR-CONT-EVENT-01,QQQ,2023-08-08,2023-08-08T14:00:00+00:00,2023-08-08T14:20:00+00:00,2023-08-08T14:20:00+00:00,low,continuation_short,3,,372.66,370.12,369.78
HYP-OR-CONT-EVENT-01,QQQ,2023-08-09,2023-08-09T14:20:00+00:00,2023-08-09T14:40:00+00:00,2023-08-09T14:40:00+00:00,low,continuation_short,3,,372.45,369.93,370.158
HYP-OR-CONT-EVENT-01,QQQ,2023-08-10,2023-08-10T14:00:00+00:00,2023-08-10T14:20:00+00:00,2023-08-10T14:20:00+00:00,high,continuation_long,3,,373.98,370.3214,373.66
HYP-OR-CONT-EVENT-01,QQQ,2023-08-11,2023-08-11T14:00:00+00:00,2023-08-11T14:20:00+00:00,2023-08-11T14:20:00+00:00,high,continuation_long,3,,366.608,365.05,367.26
HYP-OR-CONT-EVENT-01,QQQ,2023-08-14,2023-08-14T14:00:00+00:00,2023-08-14T14:20:00+00:00,2023-08-14T14:20:00+00:00,high,continuation_long,3,,366.88,364.7,367.41
HYP-OR-CONT-EVENT-01,QQQ,2023-08-15,2023-08-15T14:00:00+00:00,2023-08-15T14:20:00+00:00,2023-08-15T14:20:00+00:00,low,continuation_short,3,,370.169,368.1399,367.24
HYP-OR-CONT-EVENT-01,QQQ,2023-08-16,2023-08-16T14:10:00+00:00,2023-08-16T14:30:00+00:00,2023-08-16T14:30:00+00:00,high,continuation_long,3,,367.03,365.2,366.42
HYP-OR-CONT-EVENT-01,QQQ,2023-08-17,2023-08-17T14:05:00+00:00,2023-08-17T14:25:00+00:00,2023-08-17T14:25:00+00:00,low,continuation_short,3,,364.31,361.87,361.65
HYP-OR-CONT-EVENT-01,QQQ,2023-08-18,2023-08-18T14:00:00+00:00,2023-08-18T14:20:00+00:00,2023-08-18T14:20:00+00:00,low,continuation_short,3,,356.83,355.02,355.61
HYP-OR-CONT-EVENT-01,QQQ,2023-08-21,2023-08-21T15:10:00+00:00,2023-08-21T15:30:00+00:00,2023-08-21T15:30:00+00:00,low,continuation_short,3,,362.16,359.55,359.69
HYP-OR-CONT-EVENT-01,QQQ,2023-08-22,2023-08-22T14:30:00+00:00,2023-08-22T14:50:00+00:00,2023-08-22T14:50:00+00:00,low,continuation_short,3,,366.56,364.25,364.48
HYP-OR-CONT-EVENT-01,QQQ,2023-08-23,2023-08-23T14:00:00+00:00,2023-08-23T14:20:00+00:00,2023-08-23T14:20:00+00:00,high,continuation_long,3,,366.92,364.36,367.295
HYP-OR-CONT-EVENT-01,QQQ,2023-08-24,2023-08-24T14:05:00+00:00,2023-08-24T14:25:00+00:00,2023-08-24T14:25:00+00:00,low,continuation_short,3,,372.74,369.0201,366.95
HYP-OR-CONT-EVENT-01,QQQ,2023-08-25,2023-08-25T14:00:00+00:00,2023-08-25T14:20:00+00:00,2023-08-25T14:20:00+00:00,high,continuation_long,3,,363.495,361.98,363.58
HYP-OR-CONT-EVENT-01,QQQ,2023-08-28,2023-08-28T14:50:00+00:00,2023-08-28T15:10:00+00:00,2023-08-28T15:10:00+00:00,low,continuation_short,3,,367.71,364.71,365.265
HYP-OR-CONT-EVENT-01,QQQ,2023-08-29,2023-08-29T14:00:00+00:00,2023-08-29T14:20:00+00:00,2023-08-29T14:20:00+00:00,high,continuation_long,3,,368.93,366.231,371.16
HYP-OR-CONT-EVENT-01,QQQ,2023-08-30,2023-08-30T14:00:00+00:00,2023-08-30T14:20:00+00:00,2023-08-30T14:20:00+00:00,high,continuation_long,3,,376.3239,374.13,375.91
HYP-OR-CONT-EVENT-01,QQQ,2023-08-31,2023-08-31T14:00:00+00:00,2023-08-31T14:20:00+00:00,2023-08-31T14:20:00+00:00,high,continuation_long,3,,378.775,376.86,379.22
HYP-OR-CONT-EVENT-01,QQQ,2023-09-01,2023-09-01T14:55:00+00:00,2023-09-01T15:15:00+00:00,2023-09-01T15:15:00+00:00,low,continuation_short,3,,380.83,377.15,377.01
HYP-OR-CONT-EVENT-01,QQQ,2023-09-05,2023-09-05T14:20:00+00:00,2023-09-05T14:40:00+00:00,2023-09-05T14:40:00+00:00,high,continuation_long,3,,377.36,375.9,377.09
HYP-OR-CONT-EVENT-01,QQQ,2023-09-06,2023-09-06T14:00:00+00:00,2023-09-06T14:20:00+00:00,2023-09-06T14:20:00+00:00,low,continuation_short,3,,377.63,376.33,375.58
HYP-OR-CONT-EVENT-01,QQQ,2023-09-07,2023-09-07T14:35:00+00:00,2023-09-07T14:55:00+00:00,2023-09-07T14:55:00+00:00,high,continuation_long,3,,371.16,369.15,371.14
HYP-OR-CONT-EVENT-01,QQQ,2023-09-08,2023-09-08T14:05:00+00:00,2023-09-08T14:25:00+00:00,2023-09-08T14:25:00+00:00,high,continuation_long,3,,374.4,371.92,374.6
HYP-OR-CONT-EVENT-01,QQQ,2023-09-11,2023-09-11T14:55:00+00:00,2023-09-11T15:15:00+00:00,2023-09-11T15:15:00+00:00,low,continuation_short,3,,376.31,374.0,374.36
HYP-OR-CONT-EVENT-01,QQQ,2023-09-12,2023-09-12T14:25:00+00:00,2023-09-12T14:45:00+00:00,2023-09-12T14:45:00+00:00,low,continuation_short,3,,376.675,374.93,374.7
HYP-OR-CONT-EVENT-01,QQQ,2023-09-13,2023-09-13T14:05:00+00:00,2023-09-13T14:25:00+00:00,2023-09-13T14:25:00+00:00,low,continuation_short,3,,374.44,372.78,372.93
HYP-OR-CONT-EVENT-01,QQQ,2023-09-14,2023-09-14T14:40:00+00:00,2023-09-14T15:00:00+00:00,2023-09-14T15:00:00+00:00,high,continuation_long,3,,376.44,374.0,376.81
HYP-OR-CONT-EVENT-01,QQQ,2023-09-15,2023-09-15T14:05:00+00:00,2023-09-15T14:25:00+00:00,2023-09-15T14:25:00+00:00,low,continuation_short,3,,376.32,373.05,373.31
HYP-OR-CONT-EVENT-01,QQQ,2023-09-18,2023-09-18T14:10:00+00:00,2023-09-18T14:30:00+00:00,2023-09-18T14:30:00+00:00,high,continuation_long,3,,371.2,369.03,370.49
HYP-OR-CONT-EVENT-01,QQQ,2023-09-19,2023-09-19T14:00:00+00:00,2023-09-19T14:20:00+00:00,2023-09-19T14:20:00+00:00,low,continuation_short,3,,369.765,368.09,368.22
HYP-OR-CONT-EVENT-01,QQQ,2023-09-20,2023-09-20T14:10:00+00:00,2023-09-20T14:30:00+00:00,2023-09-20T14:30:00+00:00,low,continuation_short,3,,371.31,369.87,369.84
HYP-OR-CONT-EVENT-01,QQQ,2023-09-21,2023-09-21T16:05:00+00:00,2023-09-21T16:25:00+00:00,2023-09-21T16:25:00+00:00,low,continuation_short,3,,361.6,359.435,359.75
HYP-OR-CONT-EVENT-01,QQQ,2023-09-22,2023-09-22T14:00:00+00:00,2023-09-22T14:20:00+00:00,2023-09-22T14:20:00+00:00,high,continuation_long,3,,359.94,358.44,359.7
HYP-OR-CONT-EVENT-01,QQQ,2023-09-25,2023-09-25T15:15:00+00:00,2023-09-25T15:35:00+00:00,2023-09-25T15:35:00+00:00,high,continuation_long,3,,358.68,355.93,358.79
HYP-OR-CONT-EVENT-01,QQQ,2023-09-26,2023-09-26T14:00:00+00:00,2023-09-26T14:20:00+00:00,2023-09-26T14:20:00+00:00,low,continuation_short,3,,357.54,355.5739,354.75
HYP-OR-CONT-EVENT-01,QQQ,2023-09-27,2023-09-27T14:00:00+00:00,2023-09-27T14:20:00+00:00,2023-09-27T14:20:00+00:00,low,continuation_short,3,,356.63,355.28,354.59
HYP-OR-CONT-EVENT-01,QQQ,2023-09-28,2023-09-28T14:00:00+00:00,2023-09-28T14:20:00+00:00,2023-09-28T14:20:00+00:00,high,continuation_long,3,,355.47,353.24,355.3
HYP-OR-CONT-EVENT-01,QQQ,2023-09-29,2023-09-29T14:00:00+00:00,2023-09-29T14:20:00+00:00,2023-09-29T14:20:00+00:00,high,continuation_long,3,,362.55,360.87,361.95
HYP-OR-CONT-EVENT-01,QQQ,2023-10-02,2023-10-02T14:00:00+00:00,2023-10-02T14:20:00+00:00,2023-10-02T14:20:00+00:00,high,continuation_long,3,,360.63,357.92,360.32
HYP-OR-CONT-EVENT-01,QQQ,2023-10-03,2023-10-03T14:00:00+00:00,2023-10-03T14:20:00+00:00,2023-10-03T14:20:00+00:00,low,continuation_short,3,,361.01,358.605,356.55
HYP-OR-CONT-EVENT-01,QQQ,2023-10-04,2023-10-04T14:05:00+00:00,2023-10-04T14:25:00+00:00,2023-10-04T14:25:00+00:00,low,continuation_short,3,,357.73,355.69,355.895
HYP-OR-CONT-EVENT-01,QQQ,2023-10-05,2023-10-05T14:00:00+00:00,2023-10-05T14:20:00+00:00,2023-10-05T14:20:00+00:00,low,continuation_short,3,,360.15,357.57,356.99
HYP-OR-CONT-EVENT-01,QQQ,2023-10-06,2023-10-06T14:20:00+00:00,2023-10-06T14:40:00+00:00,2023-10-06T14:40:00+00:00,high,continuation_long,3,,357.2,354.85,358.98
HYP-OR-CONT-EVENT-01,QQQ,2023-10-09,2023-10-09T16:05:00+00:00,2023-10-09T16:25:00+00:00,2023-10-09T16:25:00+00:00,high,continuation_long,3,,363.529,360.78,363.99
HYP-OR-CONT-EVENT-01,QQQ,2023-10-10,2023-10-10T14:00:00+00:00,2023-10-10T14:20:00+00:00,2023-10-10T14:20:00+00:00,high,continuation_long,3,,367.88,366.39,368.73
HYP-OR-CONT-EVENT-01,QQQ,2023-10-11,2023-10-11T14:00:00+00:00,2023-10-11T14:20:00+00:00,2023-10-11T14:20:00+00:00,low,continuation_short,3,,371.412,369.74,369.61
HYP-OR-CONT-EVENT-01,QQQ,2023-10-12,2023-10-12T14:05:00+00:00,2023-10-12T14:25:00+00:00,2023-10-12T14:25:00+00:00,high,continuation_long,3,,372.31,371.09,372.62
HYP-OR-CONT-EVENT-01,QQQ,2023-10-13,2023-10-13T14:00:00+00:00,2023-10-13T14:20:00+00:00,2023-10-13T14:20:00+00:00,low,continuation_short,3,,371.16,369.6225,369.25
HYP-OR-CONT-EVENT-01,QQQ,2023-10-16,2023-10-16T14:10:00+00:00,2023-10-16T14:30:00+00:00,2023-10-16T14:30:00+00:00,high,continuation_long,3,,368.66,366.47,369.57
HYP-OR-CONT-EVENT-01,QQQ,2023-10-17,2023-10-17T14:05:00+00:00,2023-10-17T14:25:00+00:00,2023-10-17T14:25:00+00:00,high,continuation_long,3,,365.86,363.66,366.99
HYP-OR-CONT-EVENT-01,QQQ,2023-10-18,2023-10-18T14:00:00+00:00,2023-10-18T14:20:00+00:00,2023-10-18T14:20:00+00:00,low,continuation_short,3,,367.33,365.48,367.35
HYP-OR-CONT-EVENT-01,QQQ,2023-10-19,2023-10-19T14:50:00+00:00,2023-10-19T15:10:00+00:00,2023-10-19T15:10:00+00:00,low,continuation_short,3,,365.335,363.21,362.97
HYP-OR-CONT-EVENT-01,QQQ,2023-10-20,2023-10-20T14:10:00+00:00,2023-10-20T14:30:00+00:00,2023-10-20T14:30:00+00:00,low,continuation_short,3,,360.04,358.21,357.1
HYP-OR-CONT-EVENT-01,QQQ,2023-10-23,2023-10-23T14:05:00+00:00,2023-10-23T14:25:00+00:00,2023-10-23T14:25:00+00:00,high,continuation_long,3,,354.2,351.1199,355.13
HYP-OR-CONT-EVENT-01,QQQ,2023-10-24,2023-10-24T14:10:00+00:00,2023-10-24T14:30:00+00:00,2023-10-24T14:30:00+00:00,high,continuation_long,3,,358.97,357.06,359.19
HYP-OR-CONT-EVENT-01,QQQ,2023-10-25,2023-10-25T14:25:00+00:00,2023-10-25T14:45:00+00:00,2023-10-25T14:45:00+00:00,low,continuation_short,3,,356.88,353.42,354.27
HYP-OR-CONT-EVENT-01,QQQ,2023-10-26,2023-10-26T14:00:00+00:00,2023-10-26T14:20:00+00:00,2023-10-26T14:20:00+00:00,low,continuation_short,3,,350.07,346.54,345.85
HYP-OR-CONT-EVENT-01,QQQ,2023-10-27,2023-10-27T14:05:00+00:00,2023-10-27T14:25:00+00:00,2023-10-27T14:25:00+00:00,high,continuation_long,3,,347.62,346.065,347.03
HYP-OR-CONT-EVENT-01,QQQ,2023-10-30,2023-10-30T14:25:00+00:00,2023-10-30T14:45:00+00:00,2023-10-30T14:45:00+00:00,low,continuation_short,3,,350.54,347.11,346.6
HYP-OR-CONT-EVENT-01,QQQ,2023-10-31,2023-10-31T14:50:00+00:00,2023-10-31T15:10:00+00:00,2023-10-31T15:10:00+00:00,high,continuation_long,3,,349.45,346.62,349.24
HYP-OR-CONT-EVENT-01,QQQ,2023-11-01,2023-11-01T14:00:00+00:00,2023-11-01T14:20:00+00:00,2023-11-01T14:20:00+00:00,high,continuation_long,3,,353.2,351.62,353.06
HYP-OR-CONT-EVENT-01,QQQ,2023-11-02,2023-11-02T14:05:00+00:00,2023-11-02T14:25:00+00:00,2023-11-02T14:25:00+00:00,low,continuation_short,3,,362.31,361.05,360.97
HYP-OR-CONT-EVENT-01,QQQ,2023-11-03,2023-11-03T15:35:00+00:00,2023-11-03T15:55:00+00:00,2023-11-03T15:55:00+00:00,high,continuation_long,3,,366.885,364.52,366.98
HYP-OR-CONT-EVENT-01,QQQ,2023-11-06,2023-11-06T15:00:00+00:00,2023-11-06T15:20:00+00:00,2023-11-06T15:20:00+00:00,low,continuation_short,3,,369.78,368.33,368.56
HYP-OR-CONT-EVENT-01,QQQ,2023-11-07,2023-11-07T15:00:00+00:00,2023-11-07T15:20:00+00:00,2023-11-07T15:20:00+00:00,high,continuation_long,3,,370.945,369.045,371.06
HYP-OR-CONT-EVENT-01,QQQ,2023-11-08,2023-11-08T15:00:00+00:00,2023-11-08T15:20:00+00:00,2023-11-08T15:20:00+00:00,low,continuation_short,3,,373.79,372.76,372.57
HYP-OR-CONT-EVENT-01,QQQ,2023-11-09,2023-11-09T15:05:00+00:00,2023-11-09T15:25:00+00:00,2023-11-09T15:25:00+00:00,low,continuation_short,3,,374.08,372.72,373.055
HYP-OR-CONT-EVENT-01,QQQ,2023-11-10,2023-11-10T16:00:00+00:00,2023-11-10T16:20:00+00:00,2023-11-10T16:20:00+00:00,high,continuation_long,3,,373.29,371.28,374.67
HYP-OR-CONT-EVENT-01,QQQ,2023-11-13,2023-11-13T15:45:00+00:00,2023-11-13T16:05:00+00:00,2023-11-13T16:05:00+00:00,high,continuation_long,3,,377.02,375.24,376.99
HYP-OR-CONT-EVENT-01,QQQ,2023-11-14,2023-11-14T15:00:00+00:00,2023-11-14T15:20:00+00:00,2023-11-14T15:20:00+00:00,high,continuation_long,3,,385.01,383.18,384.76
HYP-OR-CONT-EVENT-01,QQQ,2023-11-15,2023-11-15T15:50:00+00:00,2023-11-15T16:10:00+00:00,2023-11-15T16:10:00+00:00,high,continuation_long,3,,387.65,385.9906,387.185
HYP-OR-CONT-EVENT-01,QQQ,2023-11-16,2023-11-16T15:00:00+00:00,2023-11-16T15:20:00+00:00,2023-11-16T15:20:00+00:00,high,continuation_long,3,,385.985,384.21,384.7501
HYP-OR-CONT-EVENT-01,QQQ,2023-11-17,2023-11-17T16:05:00+00:00,2023-11-17T16:25:00+00:00,2023-11-17T16:25:00+00:00,low,continuation_short,3,,385.63,384.45,385.07
HYP-OR-CONT-EVENT-01,QQQ,2023-11-20,2023-11-20T15:55:00+00:00,2023-11-20T16:15:00+00:00,2023-11-20T16:15:00+00:00,high,continuation_long,3,,388.52,386.04,388.73
HYP-OR-CONT-EVENT-01,QQQ,2023-11-21,2023-11-21T15:00:00+00:00,2023-11-21T15:20:00+00:00,2023-11-21T15:20:00+00:00,low,continuation_short,3,,389.23,388.23,388.38
HYP-OR-CONT-EVENT-01,QQQ,2023-11-22,2023-11-22T15:00:00+00:00,2023-11-22T15:20:00+00:00,2023-11-22T15:20:00+00:00,low,continuation_short,3,,393.07,389.74,389.68
HYP-OR-CONT-EVENT-01,QQQ,2023-11-24,2023-11-24T15:15:00+00:00,2023-11-24T15:35:00+00:00,2023-11-24T15:35:00+00:00,low,continuation_short,3,,390.25,389.0,388.82
HYP-OR-CONT-EVENT-01,QQQ,2023-11-27,2023-11-27T15:05:00+00:00,2023-11-27T15:25:00+00:00,2023-11-27T15:25:00+00:00,high,continuation_long,3,,389.912,388.28,389.14
HYP-OR-CONT-EVENT-01,QQQ,2023-11-28,2023-11-28T15:35:00+00:00,2023-11-28T15:55:00+00:00,2023-11-28T15:55:00+00:00,high,continuation_long,3,,389.23,388.05,389.37
HYP-OR-CONT-EVENT-01,QQQ,2023-11-29,2023-11-29T15:05:00+00:00,2023-11-29T15:25:00+00:00,2023-11-29T15:25:00+00:00,low,continuation_short,3,,394.14,392.68,391.39
HYP-OR-CONT-EVENT-01,QQQ,2023-11-30,2023-11-30T15:30:00+00:00,2023-11-30T15:50:00+00:00,2023-11-30T15:50:00+00:00,low,continuation_short,3,,390.55,388.01,386.54
HYP-OR-CONT-EVENT-01,QQQ,2023-12-01,2023-12-01T15:00:00+00:00,2023-12-01T15:20:00+00:00,2023-12-01T15:20:00+00:00,high,continuation_long,3,,387.99,386.33,387.23
HYP-OR-CONT-EVENT-01,QQQ,2023-12-04,2023-12-04T15:15:00+00:00,2023-12-04T15:35:00+00:00,2023-12-04T15:35:00+00:00,low,continuation_short,3,,386.42,385.13,383.01
HYP-OR-CONT-EVENT-01,QQQ,2023-12-05,2023-12-05T15:00:00+00:00,2023-12-05T15:20:00+00:00,2023-12-05T15:20:00+00:00,high,continuation_long,3,,386.15,384.21,387.32
HYP-OR-CONT-EVENT-01,QQQ,2023-12-06,2023-12-06T15:00:00+00:00,2023-12-06T15:20:00+00:00,2023-12-06T15:20:00+00:00,low,continuation_short,3,,390.37,387.965,388.31
HYP-OR-CONT-EVENT-01,QQQ,2023-12-07,2023-12-07T15:20:00+00:00,2023-12-07T15:40:00+00:00,2023-12-07T15:40:00+00:00,high,continuation_long,3,,389.2299,386.96,389.77
HYP-OR-CONT-EVENT-01,QQQ,2023-12-08,2023-12-08T15:00:00+00:00,2023-12-08T15:20:00+00:00,2023-12-08T15:20:00+00:00,high,continuation_long,3,,390.4,388.4801,392.165
HYP-OR-CONT-EVENT-01,QQQ,2023-12-11,2023-12-11T15:00:00+00:00,2023-12-11T15:20:00+00:00,2023-12-11T15:20:00+00:00,high,continuation_long,3,,393.81,391.53,393.75
HYP-OR-CONT-EVENT-01,QQQ,2023-12-12,2023-12-12T15:00:00+00:00,2023-12-12T15:20:00+00:00,2023-12-12T15:20:00+00:00,high,continuation_long,3,,396.115,394.41,396.47
HYP-OR-CONT-EVENT-01,QQQ,2023-12-13,2023-12-13T16:50:00+00:00,2023-12-13T17:10:00+00:00,2023-12-13T17:10:00+00:00,low,continuation_short,3,,400.79,399.36,399.4
HYP-OR-CONT-EVENT-01,QQQ,2023-12-14,2023-12-14T15:05:00+00:00,2023-12-14T15:25:00+00:00,2023-12-14T15:25:00+00:00,low,continuation_short,3,,406.3,404.76,404.6
HYP-OR-CONT-EVENT-01,QQQ,2023-12-15,2023-12-15T15:15:00+00:00,2023-12-15T15:35:00+00:00,2023-12-15T15:35:00+00:00,high,continuation_long,3,,405.57,403.8,405.87
HYP-OR-CONT-EVENT-01,QQQ,2023-12-18,2023-12-18T15:00:00+00:00,2023-12-18T15:20:00+00:00,2023-12-18T15:20:00+00:00,high,continuation_long,3,,405.81,404.6,406.29
HYP-OR-CONT-EVENT-01,QQQ,2023-12-19,2023-12-19T15:15:00+00:00,2023-12-19T15:35:00+00:00,2023-12-19T15:35:00+00:00,high,continuation_long,3,,408.5286,407.345,408.59
HYP-OR-CONT-EVENT-01,QQQ,2023-12-20,2023-12-20T15:00:00+00:00,2023-12-20T15:20:00+00:00,2023-12-20T15:20:00+00:00,high,continuation_long,3,,409.28,407.97,409.6902
HYP-OR-CONT-EVENT-01,QQQ,2023-12-21,2023-12-21T15:00:00+00:00,2023-12-21T15:20:00+00:00,2023-12-21T15:20:00+00:00,low,continuation_short,3,,407.92,406.135,406.49
HYP-OR-CONT-EVENT-01,QQQ,2023-12-22,2023-12-22T16:00:00+00:00,2023-12-22T16:20:00+00:00,2023-12-22T16:20:00+00:00,low,continuation_short,3,,409.97,408.77,408.9
HYP-OR-CONT-EVENT-01,QQQ,2023-12-26,2023-12-26T15:25:00+00:00,2023-12-26T15:45:00+00:00,2023-12-26T15:45:00+00:00,high,continuation_long,3,,410.24,409.15,410.14
HYP-OR-CONT-EVENT-01,QQQ,2023-12-27,2023-12-27T15:00:00+00:00,2023-12-27T15:20:00+00:00,2023-12-27T15:20:00+00:00,high,continuation_long,3,,411.655,410.94,410.59
HYP-OR-CONT-EVENT-01,QQQ,2023-12-28,2023-12-28T15:05:00+00:00,2023-12-28T15:25:00+00:00,2023-12-28T15:25:00+00:00,low,continuation_short,3,,412.92,411.84,411.96
HYP-OR-CONT-EVENT-01,QQQ,2023-12-29,2023-12-29T15:30:00+00:00,2023-12-29T15:50:00+00:00,2023-12-29T15:50:00+00:00,low,continuation_short,3,,411.64,410.9,409.23
HYP-OR-CONT-EVENT-01,QQQ,2024-01-02,2024-01-02T15:25:00+00:00,2024-01-02T15:45:00+00:00,2024-01-02T15:45:00+00:00,low,continuation_short,3,,406.09,402.5,402.46
HYP-OR-CONT-EVENT-01,QQQ,2024-01-03,2024-01-03T15:00:00+00:00,2024-01-03T15:20:00+00:00,2024-01-03T15:20:00+00:00,high,continuation_long,3,,400.76,399.26,399.03
HYP-OR-CONT-EVENT-01,QQQ,2024-01-04,2024-01-04T15:05:00+00:00,2024-01-04T15:25:00+00:00,2024-01-04T15:25:00+00:00,high,continuation_long,3,,397.56,396.1928,397.895
HYP-OR-CONT-EVENT-01,QQQ,2024-01-05,2024-01-05T15:00:00+00:00,2024-01-05T15:20:00+00:00,2024-01-05T15:20:00+00:00,high,continuation_long,3,,397.57,396.16,398.25
HYP-OR-CONT-EVENT-01,QQQ,2024-01-08,2024-01-08T15:00:00+00:00,2024-01-08T15:20:00+00:00,2024-01-08T15:20:00+00:00,high,continuation_long,3,,400.92,397.8399,401.13
HYP-OR-CONT-EVENT-01,QQQ,2024-01-09,2024-01-09T15:05:00+00:00,2024-01-09T15:25:00+00:00,2024-01-09T15:25:00+00:00,high,continuation_long,3,,403.0,401.71,403.7
HYP-OR-CONT-EVENT-01,QQQ,2024-01-10,2024-01-10T15:40:00+00:00,2024-01-10T16:00:00+00:00,2024-01-10T16:00:00+00:00,high,continuation_long,3,,406.9,405.4591,407.34
HYP-OR-CONT-EVENT-01,QQQ,2024-01-11,2024-01-11T15:00:00+00:00,2024-01-11T15:20:00+00:00,2024-01-11T15:20:00+00:00,low,continuation_short,3,,411.2004,408.4295,407.455
HYP-OR-CONT-EVENT-01,QQQ,2024-01-12,2024-01-12T15:00:00+00:00,2024-01-12T15:20:00+00:00,2024-01-12T15:20:00+00:00,low,continuation_short,3,,411.25,409.62,408.86
HYP-OR-CONT-EVENT-01,QQQ,2024-01-16,2024-01-16T15:15:00+00:00,2024-01-16T15:35:00+00:00,2024-01-16T15:35:00+00:00,high,continuation_long,3,,409.02,406.83,410.31
HYP-OR-CONT-EVENT-01,QQQ,2024-01-17,2024-01-17T15:00:00+00:00,2024-01-17T15:20:00+00:00,2024-01-17T15:20:00+00:00,low,continuation_short,3,,406.61,403.27,403.93
HYP-OR-CONT-EVENT-01,QQQ,2024-01-18,2024-01-18T15:35:00+00:00,2024-01-18T15:55:00+00:00,2024-01-18T15:55:00+00:00,high,continuation_long,3,,411.86,410.49,412.36
HYP-OR-CONT-EVENT-01,QQQ,2024-01-19,2024-01-19T15:15:00+00:00,2024-01-19T15:35:00+00:00,2024-01-19T15:35:00+00:00,high,continuation_long,3,,415.75,414.625,415.37
HYP-OR-CONT-EVENT-01,QQQ,2024-01-22,2024-01-22T15:25:00+00:00,2024-01-22T15:45:00+00:00,2024-01-22T15:45:00+00:00,low,continuation_short,3,,424.7275,422.49,422.04
HYP-OR-CONT-EVENT-01,QQQ,2024-01-23,2024-01-23T17:55:00+00:00,2024-01-23T18:15:00+00:00,2024-01-23T18:15:00+00:00,high,continuation_long,3,,422.44,420.57,422.2
HYP-OR-CONT-EVENT-01,QQQ,2024-01-24,2024-01-24T15:15:00+00:00,2024-01-24T15:35:00+00:00,2024-01-24T15:35:00+00:00,high,continuation_long,3,,427.54,426.12,428.17
HYP-OR-CONT-EVENT-01,QQQ,2024-01-25,2024-01-25T16:15:00+00:00,2024-01-25T16:35:00+00:00,2024-01-25T16:35:00+00:00,high,continuation_long,3,,428.45,426.85,428.325
HYP-OR-CONT-EVENT-01,QQQ,2024-01-26,2024-01-26T15:05:00+00:00,2024-01-26T15:25:00+00:00,2024-01-26T15:25:00+00:00,low,continuation_short,3,,424.76,423.48,424.4
HYP-OR-CONT-EVENT-01,QQQ,2024-01-29,2024-01-29T15:25:00+00:00,2024-01-29T15:45:00+00:00,2024-01-29T15:45:00+00:00,low,continuation_short,3,,425.12,423.85,424.135
HYP-OR-CONT-EVENT-01,QQQ,2024-01-30,2024-01-30T15:00:00+00:00,2024-01-30T15:20:00+00:00,2024-01-30T15:20:00+00:00,low,continuation_short,3,,427.68,426.94,426.97
HYP-OR-CONT-EVENT-01,QQQ,2024-01-31,2024-01-31T15:10:00+00:00,2024-01-31T15:30:00+00:00,2024-01-31T15:30:00+00:00,low,continuation_short,3,,421.53,419.62,419.04
HYP-OR-CONT-EVENT-01,QQQ,2024-02-01,2024-02-01T15:00:00+00:00,2024-02-01T15:20:00+00:00,2024-02-01T15:20:00+00:00,low,continuation_short,3,,419.5699,418.3399,419.54
HYP-OR-CONT-EVENT-01,QQQ,2024-02-02,2024-02-02T15:40:00+00:00,2024-02-02T16:00:00+00:00,2024-02-02T16:00:00+00:00,high,continuation_long,3,,426.62,422.79,426.98
HYP-OR-CONT-EVENT-01,QQQ,2024-02-05,2024-02-05T15:00:00+00:00,2024-02-05T15:20:00+00:00,2024-02-05T15:20:00+00:00,low,continuation_short,3,,429.42,427.95,426.44
HYP-OR-CONT-EVENT-01,QQQ,2024-02-06,2024-02-06T15:00:00+00:00,2024-02-06T15:20:00+00:00,2024-02-06T15:20:00+00:00,low,continuation_short,3,,430.22,427.43,427.45
HYP-OR-CONT-EVENT-01,QQQ,2024-02-07,2024-02-07T15:10:00+00:00,2024-02-07T15:30:00+00:00,2024-02-07T15:30:00+00:00,high,continuation_long,3,,430.51,429.09,432.61
HYP-OR-CONT-EVENT-01,QQQ,2024-02-08,2024-02-08T15:00:00+00:00,2024-02-08T15:20:00+00:00,2024-02-08T15:20:00+00:00,high,continuation_long,3,,432.5,431.42,432.65
HYP-OR-CONT-EVENT-01,QQQ,2024-02-09,2024-02-09T15:00:00+00:00,2024-02-09T15:20:00+00:00,2024-02-09T15:20:00+00:00,high,continuation_long,3,,434.77,433.1401,435.07
HYP-OR-CONT-EVENT-01,QQQ,2024-02-12,2024-02-12T15:35:00+00:00,2024-02-12T15:55:00+00:00,2024-02-12T15:55:00+00:00,high,continuation_long,3,,437.45,436.3806,438.18
HYP-OR-CONT-EVENT-01,QQQ,2024-02-13,2024-02-13T15:20:00+00:00,2024-02-13T15:40:00+00:00,2024-02-13T15:40:00+00:00,high,continuation_long,3,,428.665,426.28,430.95
HYP-OR-CONT-EVENT-01,QQQ,2024-02-14,2024-02-14T15:15:00+00:00,2024-02-14T15:35:00+00:00,2024-02-14T15:35:00+00:00,high,continuation_long,3,,431.97,430.13,432.18
HYP-OR-CONT-EVENT-01,QQQ,2024-02-15,2024-02-15T15:25:00+00:00,2024-02-15T15:45:00+00:00,2024-02-15T15:45:00+00:00,low,continuation_short,3,,434.28,432.03,432.47
HYP-OR-CONT-EVENT-01,QQQ,2024-02-16,2024-02-16T15:00:00+00:00,2024-02-16T15:20:00+00:00,2024-02-16T15:20:00+00:00,low,continuation_short,3,,434.99,430.72,431.51
HYP-OR-CONT-EVENT-01,QQQ,2024-02-20,2024-02-20T15:00:00+00:00,2024-02-20T15:20:00+00:00,2024-02-20T15:20:00+00:00,low,continuation_short,3,,430.08,425.69,425.3
HYP-OR-CONT-EVENT-01,QQQ,2024-02-21,2024-02-21T15:00:00+00:00,2024-02-21T15:20:00+00:00,2024-02-21T15:20:00+00:00,high,continuation_long,3,,424.96,423.445,424.605
HYP-OR-CONT-EVENT-01,QQQ,2024-02-22,2024-02-22T16:15:00+00:00,2024-02-22T16:35:00+00:00,2024-02-22T16:35:00+00:00,high,continuation_long,3,,436.285,433.71,436.35
HYP-OR-CONT-EVENT-01,QQQ,2024-02-23,2024-02-23T15:00:00+00:00,2024-02-23T15:20:00+00:00,2024-02-23T15:20:00+00:00,low,continuation_short,3,,440.59,438.57,438.86
HYP-OR-CONT-EVENT-01,QQQ,2024-02-26,2024-02-26T17:20:00+00:00,2024-02-26T17:40:00+00:00,2024-02-26T17:40:00+00:00,high,continuation_long,3,,438.4,436.355,438.06
HYP-OR-CONT-EVENT-01,QQQ,2024-02-27,2024-02-27T15:15:00+00:00,2024-02-27T15:35:00+00:00,2024-02-27T15:35:00+00:00,high,continuation_long,3,,437.89,435.81,437.47
HYP-OR-CONT-EVENT-01,QQQ,2024-02-28,2024-02-28T16:00:00+00:00,2024-02-28T16:20:00+00:00,2024-02-28T16:20:00+00:00,high,continuation_long,3,,435.98,434.3,436.27
HYP-OR-CONT-EVENT-01,QQQ,2024-02-29,2024-02-29T15:10:00+00:00,2024-02-29T15:30:00+00:00,2024-02-29T15:30:00+00:00,low,continuation_short,3,,439.27,437.98,437.91
HYP-OR-CONT-EVENT-01,QQQ,2024-03-01,2024-03-01T15:00:00+00:00,2024-03-01T15:20:00+00:00,2024-03-01T15:20:00+00:00,high,continuation_long,3,,441.07,439.84,441.779
HYP-OR-CONT-EVENT-01,QQQ,2024-03-04,2024-03-04T15:00:00+00:00,2024-03-04T15:20:00+00:00,2024-03-04T15:20:00+00:00,low,continuation_short,3,,445.73,444.59,444.8851
HYP-OR-CONT-EVENT-01,QQQ,2024-03-05,2024-03-05T15:05:00+00:00,2024-03-05T15:25:00+00:00,2024-03-05T15:25:00+00:00,low,continuation_short,3,,440.95,438.31,436.72
HYP-OR-CONT-EVENT-01,QQQ,2024-03-06,2024-03-06T15:00:00+00:00,2024-03-06T15:20:00+00:00,2024-03-06T15:20:00+00:00,low,continuation_short,3,,440.83,438.59,438.1
HYP-OR-CONT-EVENT-01,QQQ,2024-03-07,2024-03-07T15:15:00+00:00,2024-03-07T15:35:00+00:00,2024-03-07T15:35:00+00:00,high,continuation_long,3,,443.43,440.86,443.6801
HYP-OR-CONT-EVENT-01,QQQ,2024-03-08,2024-03-08T15:00:00+00:00,2024-03-08T15:20:00+00:00,2024-03-08T15:20:00+00:00,high,continuation_long,3,,447.5113,445.07,447.9005
HYP-OR-CONT-EVENT-01,QQQ,2024-03-11,2024-03-11T14:00:00+00:00,2024-03-11T14:20:00+00:00,2024-03-11T14:20:00+00:00,low,continuation_short,3,,438.13,435.66,436.5701
HYP-OR-CONT-EVENT-01,QQQ,2024-03-12,2024-03-12T14:20:00+00:00,2024-03-12T14:40:00+00:00,2024-03-12T14:40:00+00:00,high,continuation_long,3,,440.4,436.46,441.8
HYP-OR-CONT-EVENT-01,QQQ,2024-03-13,2024-03-13T14:00:00+00:00,2024-03-13T14:20:00+00:00,2024-03-13T14:20:00+00:00,low,continuation_short,3,,442.67,440.435,440.615
HYP-OR-CONT-EVENT-01,QQQ,2024-03-14,2024-03-14T17:10:00+00:00,2024-03-14T17:30:00+00:00,2024-03-14T17:30:00+00:00,low,continuation_short,3,,442.03,438.02,438.14
HYP-OR-CONT-EVENT-01,QQQ,2024-03-15,2024-03-15T15:35:00+00:00,2024-03-15T15:55:00+00:00,2024-03-15T15:55:00+00:00,low,continuation_short,3,,436.78,434.22,434.147
HYP-OR-CONT-EVENT-01,QQQ,2024-03-18,2024-03-18T14:25:00+00:00,2024-03-18T14:45:00+00:00,2024-03-18T14:45:00+00:00,high,continuation_long,3,,440.58,438.57,440.73
HYP-OR-CONT-EVENT-01,QQQ,2024-03-19,2024-03-19T15:30:00+00:00,2024-03-19T15:50:00+00:00,2024-03-19T15:50:00+00:00,high,continuation_long,3,,435.69,433.33,435.74
HYP-OR-CONT-EVENT-01,QQQ,2024-03-20,2024-03-20T18:00:00+00:00,2024-03-20T18:20:00+00:00,2024-03-20T18:20:00+00:00,high,continuation_long,3,,440.16,438.06,439.86
HYP-OR-CONT-EVENT-01,QQQ,2024-03-21,2024-03-21T14:30:00+00:00,2024-03-21T14:50:00+00:00,2024-03-21T14:50:00+00:00,low,continuation_short,3,,449.32,447.38,448.435
HYP-OR-CONT-EVENT-01,QQQ,2024-03-22,2024-03-22T14:00:00+00:00,2024-03-22T14:20:00+00:00,2024-03-22T14:20:00+00:00,high,continuation_long,3,,445.58,444.49,445.45
HYP-OR-CONT-EVENT-01,QQQ,2024-03-25,2024-03-25T14:05:00+00:00,2024-03-25T14:25:00+00:00,2024-03-25T14:25:00+00:00,high,continuation_long,3,,444.27,442.54,445.02
HYP-OR-CONT-EVENT-01,QQQ,2024-03-26,2024-03-26T14:00:00+00:00,2024-03-26T14:20:00+00:00,2024-03-26T14:20:00+00:00,high,continuation_long,3,,446.91,445.85,447.04
HYP-OR-CONT-EVENT-01,QQQ,2024-03-27,2024-03-27T14:00:00+00:00,2024-03-27T14:20:00+00:00,2024-03-27T14:20:00+00:00,low,continuation_short,3,,446.54,443.5196,443.08
HYP-OR-CONT-EVENT-01,QQQ,2024-03-28,2024-03-28T17:15:00+00:00,2024-03-28T17:35:00+00:00,2024-03-28T17:35:00+00:00,low,continuation_short,3,,445.61,443.76,443.89
HYP-OR-CONT-EVENT-01,QQQ,2024-04-01,2024-04-01T14:35:00+00:00,2024-04-01T14:55:00+00:00,2024-04-01T14:55:00+00:00,low,continuation_short,3,,447.53,444.55,444.42
HYP-OR-CONT-EVENT-01,QQQ,2024-04-02,2024-04-02T14:00:00+00:00,2024-04-02T14:20:00+00:00,2024-04-02T14:20:00+00:00,low,continuation_short,3,,440.19,438.55,438.22
HYP-OR-CONT-EVENT-01,QQQ,2024-04-03,2024-04-03T14:00:00+00:00,2024-04-03T14:20:00+00:00,2024-04-03T14:20:00+00:00,high,continuation_long,3,,440.025,438.95,442.56
HYP-OR-CONT-EVENT-01,QQQ,2024-04-04,2024-04-04T14:20:00+00:00,2024-04-04T14:40:00+00:00,2024-04-04T14:40:00+00:00,low,continuation_short,3,,446.95,445.4906,445.41
HYP-OR-CONT-EVENT-01,QQQ,2024-04-05,2024-04-05T14:05:00+00:00,2024-04-05T14:25:00+00:00,2024-04-05T14:25:00+00:00,high,continuation_long,3,,439.0,435.96,439.0513
HYP-OR-CONT-EVENT-01,QQQ,2024-04-08,2024-04-08T14:25:00+00:00,2024-04-08T14:45:00+00:00,2024-04-08T14:45:00+00:00,high,continuation_long,3,,441.6,439.2,441.86
HYP-OR-CONT-EVENT-01,QQQ,2024-04-09,2024-04-09T14:05:00+00:00,2024-04-09T14:25:00+00:00,2024-04-09T14:25:00+00:00,low,continuation_short,3,,443.24,441.61,442.0001
HYP-OR-CONT-EVENT-01,QQQ,2024-04-10,2024-04-10T14:30:00+00:00,2024-04-10T14:50:00+00:00,2024-04-10T14:50:00+00:00,high,continuation_long,3,,438.67,436.28,438.15
HYP-OR-CONT-EVENT-01,QQQ,2024-04-11,2024-04-11T14:05:00+00:00,2024-04-11T14:25:00+00:00,2024-04-11T14:25:00+00:00,low,continuation_short,3,,440.48,439.26,439.0
HYP-OR-CONT-EVENT-01,QQQ,2024-04-12,2024-04-12T14:05:00+00:00,2024-04-12T14:25:00+00:00,2024-04-12T14:25:00+00:00,low,continuation_short,3,,442.24,440.74,441.04
HYP-OR-CONT-EVENT-01,QQQ,2024-04-15,2024-04-15T14:05:00+00:00,2024-04-15T14:25:00+00:00,2024-04-15T14:25:00+00:00,low,continuation_short,3,,442.15,440.27,439.44
HYP-OR-CONT-EVENT-01,QQQ,2024-04-16,2024-04-16T14:10:00+00:00,2024-04-16T14:30:00+00:00,2024-04-16T14:30:00+00:00,high,continuation_long,3,,431.9285,429.78,430.63
HYP-OR-CONT-EVENT-01,QQQ,2024-04-17,2024-04-17T14:00:00+00:00,2024-04-17T14:20:00+00:00,2024-04-17T14:20:00+00:00,low,continuation_short,3,,433.12,431.11,430.23
HYP-OR-CONT-EVENT-01,QQQ,2024-04-18,2024-04-18T14:30:00+00:00,2024-04-18T14:50:00+00:00,2024-04-18T14:50:00+00:00,high,continuation_long,3,,426.61,423.53,427.3
HYP-OR-CONT-EVENT-01,QQQ,2024-04-19,2024-04-19T14:10:00+00:00,2024-04-19T14:30:00+00:00,2024-04-19T14:30:00+00:00,low,continuation_short,3,,422.75,420.65,419.36
HYP-OR-CONT-EVENT-01,QQQ,2024-04-22,2024-04-22T14:05:00+00:00,2024-04-22T14:25:00+00:00,2024-04-22T14:25:00+00:00,low,continuation_short,3,,418.33,416.71,415.52
HYP-OR-CONT-EVENT-01,QQQ,2024-04-23,2024-04-23T14:05:00+00:00,2024-04-23T14:25:00+00:00,2024-04-23T14:25:00+00:00,high,continuation_long,3,,423.165,420.42,423.23
HYP-OR-CONT-EVENT-01,QQQ,2024-04-24,2024-04-24T14:15:00+00:00,2024-04-24T14:35:00+00:00,2024-04-24T14:35:00+00:00,low,continuation_short,3,,429.73,427.72,428.04
HYP-OR-CONT-EVENT-01,QQQ,2024-04-25,2024-04-25T14:05:00+00:00,2024-04-25T14:25:00+00:00,2024-04-25T14:25:00+00:00,high,continuation_long,3,,419.945,418.14,421.34
HYP-OR-CONT-EVENT-01,QQQ,2024-04-26,2024-04-26T14:00:00+00:00,2024-04-26T14:20:00+00:00,2024-04-26T14:20:00+00:00,high,continuation_long,3,,430.2,426.92,430.87
HYP-OR-CONT-EVENT-01,QQQ,2024-04-29,2024-04-29T19:00:00+00:00,2024-04-29T19:20:00+00:00,2024-04-29T19:20:00+00:00,low,continuation_short,3,,433.76,430.9,431.06
HYP-OR-CONT-EVENT-01,QQQ,2024-04-30,2024-04-30T14:00:00+00:00,2024-04-30T14:20:00+00:00,2024-04-30T14:20:00+00:00,high,continuation_long,3,,432.36,430.87,431.89
HYP-OR-CONT-EVENT-01,QQQ,2024-05-01,2024-05-01T14:00:00+00:00,2024-05-01T14:20:00+00:00,2024-05-01T14:20:00+00:00,low,continuation_short,3,,423.52,422.04,422.139
HYP-OR-CONT-EVENT-01,QQQ,2024-05-02,2024-05-02T14:00:00+00:00,2024-05-02T14:20:00+00:00,2024-05-02T14:20:00+00:00,low,continuation_short,3,,425.76,422.92,422.1
HYP-OR-CONT-EVENT-01,QQQ,2024-05-03,2024-05-03T14:10:00+00:00,2024-05-03T14:30:00+00:00,2024-05-03T14:30:00+00:00,low,continuation_short,3,,435.88,433.49,434.07
HYP-OR-CONT-EVENT-01,QQQ,2024-05-06,2024-05-06T14:00:00+00:00,2024-05-06T14:20:00+00:00,2024-05-06T14:20:00+00:00,high,continuation_long,3,,438.16,436.52,437.72
HYP-OR-CONT-EVENT-01,QQQ,2024-05-07,2024-05-07T14:20:00+00:00,2024-05-07T14:40:00+00:00,2024-05-07T14:40:00+00:00,low,continuation_short,3,,441.2914,440.14,440.44
HYP-OR-CONT-EVENT-01,QQQ,2024-05-08,2024-05-08T14:00:00+00:00,2024-05-08T14:20:00+00:00,2024-05-08T14:20:00+00:00,high,continuation_long,3,,439.85,437.55,439.761
HYP-OR-CONT-EVENT-01,QQQ,2024-05-09,2024-05-09T14:35:00+00:00,2024-05-09T14:55:00+00:00,2024-05-09T14:55:00+00:00,high,continuation_long,3,,440.76,438.46,441.16
HYP-OR-CONT-EVENT-01,QQQ,2024-05-10,2024-05-10T14:15:00+00:00,2024-05-10T14:35:00+00:00,2024-05-10T14:35:00+00:00,low,continuation_short,3,,444.31,442.13,441.405
HYP-OR-CONT-EVENT-01,QQQ,2024-05-14,2024-05-14T14:20:00+00:00,2024-05-14T14:40:00+00:00,2024-05-14T14:40:00+00:00,high,continuation_long,3,,443.911,442.46,443.35
HYP-OR-CONT-EVENT-01,QQQ,2024-05-15,2024-05-15T14:15:00+00:00,2024-05-15T14:35:00+00:00,2024-05-15T14:35:00+00:00,high,continuation_long,3,,449.0,446.9,449.3
HYP-OR-CONT-EVENT-01,QQQ,2024-05-16,2024-05-16T14:20:00+00:00,2024-05-16T14:40:00+00:00,2024-05-16T14:40:00+00:00,high,continuation_long,3,,453.619,452.53,453.65
HYP-OR-CONT-EVENT-01,QQQ,2024-05-17,2024-05-17T14:30:00+00:00,2024-05-17T14:50:00+00:00,2024-05-17T14:50:00+00:00,high,continuation_long,3,,452.48,451.35,452.68
HYP-OR-CONT-EVENT-01,QQQ,2024-05-20,2024-05-20T14:20:00+00:00,2024-05-20T14:40:00+00:00,2024-05-20T14:40:00+00:00,high,continuation_long,3,,454.64,451.785,454.45
HYP-OR-CONT-EVENT-01,QQQ,2024-05-21,2024-05-21T14:00:00+00:00,2024-05-21T14:20:00+00:00,2024-05-21T14:20:00+00:00,high,continuation_long,3,,453.87,452.84,453.73
HYP-OR-CONT-EVENT-01,QQQ,2024-05-22,2024-05-22T14:00:00+00:00,2024-05-22T14:20:00+00:00,2024-05-22T14:20:00+00:00,high,continuation_long,3,,456.61,455.62,456.36
HYP-OR-CONT-EVENT-01,QQQ,2024-05-23,2024-05-23T14:50:00+00:00,2024-05-23T15:10:00+00:00,2024-05-23T15:10:00+00:00,low,continuation_short,3,,460.58,457.07,458.26
HYP-OR-CONT-EVENT-01,QQQ,2024-05-24,2024-05-24T14:00:00+00:00,2024-05-24T14:20:00+00:00,2024-05-24T14:20:00+00:00,high,continuation_long,3,,455.89,454.58,456.57
HYP-OR-CONT-EVENT-01,QQQ,2024-05-28,2024-05-28T16:45:00+00:00,2024-05-28T17:05:00+00:00,2024-05-28T17:05:00+00:00,high,continuation_long,3,,459.56,457.09,458.765
HYP-OR-CONT-EVENT-01,QQQ,2024-05-29,2024-05-29T14:20:00+00:00,2024-05-29T14:40:00+00:00,2024-05-29T14:40:00+00:00,high,continuation_long,3,,457.5,455.34,458.02
HYP-OR-CONT-EVENT-01,QQQ,2024-05-30,2024-05-30T14:10:00+00:00,2024-05-30T14:30:00+00:00,2024-05-30T14:30:00+00:00,low,continuation_short,3,,455.64,453.9016,454.35
HYP-OR-CONT-EVENT-01,QQQ,2024-05-31,2024-05-31T14:00:00+00:00,2024-05-31T14:20:00+00:00,2024-05-31T14:20:00+00:00,low,continuation_short,3,,452.48,450.01,448.4399
HYP-OR-CONT-EVENT-01,QQQ,2024-06-03,2024-06-03T14:10:00+00:00,2024-06-03T14:30:00+00:00,2024-06-03T14:30:00+00:00,low,continuation_short,3,,455.58,453.09,454.21
HYP-OR-CONT-EVENT-01,QQQ,2024-06-04,2024-06-04T14:00:00+00:00,2024-06-04T14:20:00+00:00,2024-06-04T14:20:00+00:00,high,continuation_long,3,,453.15,451.44,451.98
HYP-OR-CONT-EVENT-01,QQQ,2024-06-05,2024-06-05T14:00:00+00:00,2024-06-05T14:20:00+00:00,2024-06-05T14:20:00+00:00,low,continuation_short,3,,458.25,457.14,457.71
HYP-OR-CONT-EVENT-01,QQQ,2024-06-06,2024-06-06T14:00:00+00:00,2024-06-06T14:20:00+00:00,2024-06-06T14:20:00+00:00,low,continuation_short,3,,464.54,462.48,463.26
HYP-OR-CONT-EVENT-01,QQQ,2024-06-07,2024-06-07T14:35:00+00:00,2024-06-07T14:55:00+00:00,2024-06-07T14:55:00+00:00,high,continuation_long,3,,463.58,461.84,464.38
HYP-OR-CONT-EVENT-01,QQQ,2024-06-10,2024-06-10T14:20:00+00:00,2024-06-10T14:40:00+00:00,2024-06-10T14:40:00+00:00,high,continuation_long,3,,462.66,461.53,463.006
HYP-OR-CONT-EVENT-01,QQQ,2024-06-11,2024-06-11T14:25:00+00:00,2024-06-11T14:45:00+00:00,2024-06-11T14:45:00+00:00,high,continuation_long,3,,464.3,462.03,464.77
HYP-OR-CONT-EVENT-01,QQQ,2024-06-12,2024-06-12T14:10:00+00:00,2024-06-12T14:30:00+00:00,2024-06-12T14:30:00+00:00,high,continuation_long,3,,474.4599,471.29,475.37
HYP-OR-CONT-EVENT-01,QQQ,2024-06-13,2024-06-13T14:10:00+00:00,2024-06-13T14:30:00+00:00,2024-06-13T14:30:00+00:00,low,continuation_short,3,,478.39,477.21,476.21
HYP-OR-CONT-EVENT-01,QQQ,2024-06-14,2024-06-14T17:05:00+00:00,2024-06-14T17:25:00+00:00,2024-06-14T17:25:00+00:00,high,continuation_long,3,,478.14,476.05,478.37
HYP-OR-CONT-EVENT-01,QQQ,2024-06-17,2024-06-17T14:35:00+00:00,2024-06-17T14:55:00+00:00,2024-06-17T14:55:00+00:00,high,continuation_long,3,,479.82,478.14,479.55
HYP-OR-CONT-EVENT-01,QQQ,2024-06-18,2024-06-18T14:45:00+00:00,2024-06-18T15:05:00+00:00,2024-06-18T15:05:00+00:00,low,continuation_short,3,,485.68,484.38,484.0
HYP-OR-CONT-EVENT-01,QQQ,2024-06-20,2024-06-20T14:05:00+00:00,2024-06-20T14:25:00+00:00,2024-06-20T14:25:00+00:00,low,continuation_short,3,,486.8387,485.27,484.02
HYP-OR-CONT-EVENT-01,QQQ,2024-06-21,2024-06-21T15:45:00+00:00,2024-06-21T16:05:00+00:00,2024-06-21T16:05:00+00:00,high,continuation_long,3,,481.45,478.67,482.42
HYP-OR-CONT-EVENT-01,QQQ,2024-06-24,2024-06-24T14:00:00+00:00,2024-06-24T14:20:00+00:00,2024-06-24T14:20:00+00:00,high,continuation_long,3,,479.21,476.82,479.1
HYP-OR-CONT-EVENT-01,QQQ,2024-06-25,2024-06-25T14:00:00+00:00,2024-06-25T14:20:00+00:00,2024-06-25T14:20:00+00:00,high,continuation_long,3,,476.57,475.12,477.01
HYP-OR-CONT-EVENT-01,QQQ,2024-06-26,2024-06-26T14:05:00+00:00,2024-06-26T14:25:00+00:00,2024-06-26T14:25:00+00:00,high,continuation_long,3,,480.27,478.33,480.5399
HYP-OR-CONT-EVENT-01,QQQ,2024-06-27,2024-06-27T14:10:00+00:00,2024-06-27T14:30:00+00:00,2024-06-27T14:30:00+00:00,high,continuation_long,3,,482.76,480.12,482.23
HYP-OR-CONT-EVENT-01,QQQ,2024-06-28,2024-06-28T14:00:00+00:00,2024-06-28T14:20:00+00:00,2024-06-28T14:20:00+00:00,high,continuation_long,3,,484.27,481.67,486.1
HYP-OR-CONT-EVENT-01,QQQ,2024-07-01,2024-07-01T16:05:00+00:00,2024-07-01T16:25:00+00:00,2024-07-01T16:25:00+00:00,high,continuation_long,3,,480.4,476.945,480.96
HYP-OR-CONT-EVENT-01,QQQ,2024-07-02,2024-07-02T14:40:00+00:00,2024-07-02T15:00:00+00:00,2024-07-02T15:00:00+00:00,high,continuation_long,3,,483.18,480.28,483.47
HYP-OR-CONT-EVENT-01,QQQ,2024-07-03,2024-07-03T14:00:00+00:00,2024-07-03T14:20:00+00:00,2024-07-03T14:20:00+00:00,high,continuation_long,3,,487.86,486.2,487.87
HYP-OR-CONT-EVENT-01,QQQ,2024-07-05,2024-07-05T14:20:00+00:00,2024-07-05T14:40:00+00:00,2024-07-05T14:40:00+00:00,high,continuation_long,3,,493.7,491.59,493.79
HYP-OR-CONT-EVENT-01,QQQ,2024-07-08,2024-07-08T14:00:00+00:00,2024-07-08T14:20:00+00:00,2024-07-08T14:20:00+00:00,low,continuation_short,3,,497.04,495.781,496.23
HYP-OR-CONT-EVENT-01,QQQ,2024-07-09,2024-07-09T14:10:00+00:00,2024-07-09T14:30:00+00:00,2024-07-09T14:30:00+00:00,high,continuation_long,3,,499.835,498.76,498.36
HYP-OR-CONT-EVENT-01,QQQ,2024-07-10,2024-07-10T15:00:00+00:00,2024-07-10T15:20:00+00:00,2024-07-10T15:20:00+00:00,low,continuation_short,3,,500.19,498.83,499.0993
HYP-OR-CONT-EVENT-01,QQQ,2024-07-11,2024-07-11T14:05:00+00:00,2024-07-11T14:25:00+00:00,2024-07-11T14:25:00+00:00,low,continuation_short,3,,503.28,501.32,497.62
HYP-OR-CONT-EVENT-01,QQQ,2024-07-12,2024-07-12T14:00:00+00:00,2024-07-12T14:20:00+00:00,2024-07-12T14:20:00+00:00,high,continuation_long,3,,495.04,492.04,495.14
HYP-OR-CONT-EVENT-01,QQQ,2024-07-15,2024-07-15T14:00:00+00:00,2024-07-15T14:20:00+00:00,2024-07-15T14:20:00+00:00,high,continuation_long,3,,497.96,495.92,497.83
HYP-OR-CONT-EVENT-01,QQQ,2024-07-16,2024-07-16T14:00:00+00:00,2024-07-16T14:20:00+00:00,2024-07-16T14:20:00+00:00,low,continuation_short,3,,498.44,495.6,494.97
HYP-OR-CONT-EVENT-01,QQQ,2024-07-17,2024-07-17T14:00:00+00:00,2024-07-17T14:20:00+00:00,2024-07-17T14:20:00+00:00,low,continuation_short,3,,488.7984,487.0,485.64
HYP-OR-CONT-EVENT-01,QQQ,2024-07-18,2024-07-18T14:30:00+00:00,2024-07-18T14:50:00+00:00,2024-07-18T14:50:00+00:00,low,continuation_short,3,,485.71,482.56,480.96
HYP-OR-CONT-EVENT-01,QQQ,2024-07-19,2024-07-19T14:25:00+00:00,2024-07-19T14:45:00+00:00,2024-07-19T14:45:00+00:00,low,continuation_short,3,,481.69,478.34,476.95
HYP-OR-CONT-EVENT-01,QQQ,2024-07-22,2024-07-22T15:15:00+00:00,2024-07-22T15:35:00+00:00,2024-07-22T15:35:00+00:00,low,continuation_short,3,,482.86,479.44,477.97
HYP-OR-CONT-EVENT-01,QQQ,2024-07-23,2024-07-23T14:20:00+00:00,2024-07-23T14:40:00+00:00,2024-07-23T14:40:00+00:00,high,continuation_long,3,,483.28,480.87,482.2
HYP-OR-CONT-EVENT-01,QQQ,2024-07-24,2024-07-24T14:00:00+00:00,2024-07-24T14:20:00+00:00,2024-07-24T14:20:00+00:00,low,continuation_short,3,,474.19,470.56,469.992
HYP-OR-CONT-EVENT-01,QQQ,2024-07-25,2024-07-25T14:00:00+00:00,2024-07-25T14:20:00+00:00,2024-07-25T14:20:00+00:00,low,continuation_short,3,,463.95,458.87,458.58
HYP-OR-CONT-EVENT-01,QQQ,2024-07-26,2024-07-26T14:00:00+00:00,2024-07-26T14:20:00+00:00,2024-07-26T14:20:00+00:00,high,continuation_long,3,,462.71,460.23,460.976
HYP-OR-CONT-EVENT-01,QQQ,2024-07-29,2024-07-29T14:55:00+00:00,2024-07-29T15:15:00+00:00,2024-07-29T15:15:00+00:00,low,continuation_short,3,,467.67,464.2,463.08
HYP-OR-CONT-EVENT-01,QQQ,2024-07-30,2024-07-30T14:00:00+00:00,2024-07-30T14:20:00+00:00,2024-07-30T14:20:00+00:00,low,continuation_short,3,,466.561,463.86,463.92
HYP-OR-CONT-EVENT-01,QQQ,2024-07-31,2024-07-31T14:00:00+00:00,2024-07-31T14:20:00+00:00,2024-07-31T14:20:00+00:00,high,continuation_long,3,,468.9,466.41,470.24
HYP-OR-CONT-EVENT-01,QQQ,2024-08-01,2024-08-01T14:20:00+00:00,2024-08-01T14:40:00+00:00,2024-08-01T14:40:00+00:00,low,continuation_short,3,,475.55,471.3001,469.66
HYP-OR-CONT-EVENT-01,QQQ,2024-08-02,2024-08-02T14:05:00+00:00,2024-08-02T14:25:00+00:00,2024-08-02T14:25:00+00:00,low,continuation_short,3,,453.57,448.285,446.03
HYP-OR-CONT-EVENT-01,QQQ,2024-08-05,2024-08-05T14:00:00+00:00,2024-08-05T14:20:00+00:00,2024-08-05T14:20:00+00:00,high,continuation_long,3,,434.2,423.45,435.75
HYP-OR-CONT-EVENT-01,QQQ,2024-08-06,2024-08-06T14:00:00+00:00,2024-08-06T14:20:00+00:00,2024-08-06T14:20:00+00:00,high,continuation_long,3,,439.6,434.56,440.41
HYP-OR-CONT-EVENT-01,QQQ,2024-08-07,2024-08-07T14:15:00+00:00,2024-08-07T14:35:00+00:00,2024-08-07T14:35:00+00:00,low,continuation_short,3,,449.0,446.15,446.4828
HYP-OR-CONT-EVENT-01,QQQ,2024-08-08,2024-08-08T14:00:00+00:00,2024-08-08T14:20:00+00:00,2024-08-08T14:20:00+00:00,high,continuation_long,3,,441.43,437.15,443.42
HYP-OR-CONT-EVENT-01,QQQ,2024-08-09,2024-08-09T14:00:00+00:00,2024-08-09T14:20:00+00:00,2024-08-09T14:20:00+00:00,low,continuation_short,3,,448.62,446.07,448.12
HYP-OR-CONT-EVENT-01,QQQ,2024-08-12,2024-08-12T14:15:00+00:00,2024-08-12T14:35:00+00:00,2024-08-12T14:35:00+00:00,high,continuation_long,3,,452.14,448.5546,453.17
HYP-OR-CONT-EVENT-01,QQQ,2024-08-13,2024-08-13T14:00:00+00:00,2024-08-13T14:20:00+00:00,2024-08-13T14:20:00+00:00,high,continuation_long,3,,457.979,455.68,457.35
HYP-OR-CONT-EVENT-01,QQQ,2024-08-14,2024-08-14T14:10:00+00:00,2024-08-14T14:30:00+00:00,2024-08-14T14:30:00+00:00,low,continuation_short,3,,464.43,460.48,460.42
HYP-OR-CONT-EVENT-01,QQQ,2024-08-15,2024-08-15T14:00:00+00:00,2024-08-15T14:20:00+00:00,2024-08-15T14:20:00+00:00,high,continuation_long,3,,471.4,468.38,471.16
HYP-OR-CONT-EVENT-01,QQQ,2024-08-16,2024-08-16T14:00:00+00:00,2024-08-16T14:20:00+00:00,2024-08-16T14:20:00+00:00,high,continuation_long,3,,473.4,471.65,474.61
HYP-OR-CONT-EVENT-01,QQQ,2024-08-19,2024-08-19T14:30:00+00:00,2024-08-19T14:50:00+00:00,2024-08-19T14:50:00+00:00,high,continuation_long,3,,475.67,473.71,475.52
HYP-OR-CONT-EVENT-01,QQQ,2024-08-20,2024-08-20T14:15:00+00:00,2024-08-20T14:35:00+00:00,2024-08-20T14:35:00+00:00,low,continuation_short,3,,482.94,480.33,480.36
HYP-OR-CONT-EVENT-01,QQQ,2024-08-21,2024-08-21T14:00:00+00:00,2024-08-21T14:20:00+00:00,2024-08-21T14:20:00+00:00,high,continuation_long,3,,482.04,480.35,482.4075
HYP-OR-CONT-EVENT-01,QQQ,2024-08-22,2024-08-22T14:05:00+00:00,2024-08-22T14:25:00+00:00,2024-08-22T14:25:00+00:00,low,continuation_short,3,,485.54,483.59,482.97
HYP-OR-CONT-EVENT-01,QQQ,2024-08-23,2024-08-23T14:00:00+00:00,2024-08-23T14:20:00+00:00,2024-08-23T14:20:00+00:00,high,continuation_long,3,,479.42,478.02,480.89
HYP-OR-CONT-EVENT-01,QQQ,2024-08-26,2024-08-26T14:00:00+00:00,2024-08-26T14:20:00+00:00,2024-08-26T14:20:00+00:00,low,continuation_short,3,,480.38,478.18,476.01
HYP-OR-CONT-EVENT-01,QQQ,2024-08-27,2024-08-27T14:10:00+00:00,2024-08-27T14:30:00+00:00,2024-08-27T14:30:00+00:00,high,continuation_long,3,,474.81,471.71,476.28
HYP-OR-CONT-EVENT-01,QQQ,2024-08-28,2024-08-28T14:00:00+00:00,2024-08-28T14:20:00+00:00,2024-08-28T14:20:00+00:00,low,continuation_short,3,,477.02,473.97,474.87
HYP-OR-CONT-EVENT-01,QQQ,2024-08-29,2024-08-29T14:00:00+00:00,2024-08-29T14:20:00+00:00,2024-08-29T14:20:00+00:00,high,continuation_long,3,,476.95,472.78,474.6
HYP-OR-CONT-EVENT-01,QQQ,2024-08-30,2024-08-30T14:00:00+00:00,2024-08-30T14:20:00+00:00,2024-08-30T14:20:00+00:00,high,continuation_long,3,,476.12,473.97,475.46
HYP-OR-CONT-EVENT-01,QQQ,2024-09-03,2024-09-03T14:00:00+00:00,2024-09-03T14:20:00+00:00,2024-09-03T14:20:00+00:00,low,continuation_short,3,,473.33,469.675,469.1099
HYP-OR-CONT-EVENT-01,QQQ,2024-09-04,2024-09-04T14:00:00+00:00,2024-09-04T14:20:00+00:00,2024-09-04T14:20:00+00:00,low,continuation_short,3,,461.44,458.24,460.24
HYP-OR-CONT-EVENT-01,QQQ,2024-09-05,2024-09-05T14:15:00+00:00,2024-09-05T14:35:00+00:00,2024-09-05T14:35:00+00:00,high,continuation_long,3,,463.2,458.97,464.27
HYP-OR-CONT-EVENT-01,QQQ,2024-09-06,2024-09-06T14:00:00+00:00,2024-09-06T14:20:00+00:00,2024-09-06T14:20:00+00:00,low,continuation_short,3,,461.22,455.74,456.01
HYP-OR-CONT-EVENT-01,QQQ,2024-09-09,2024-09-09T14:30:00+00:00,2024-09-09T14:50:00+00:00,2024-09-09T14:50:00+00:00,low,continuation_short,3,,454.65,452.465,451.37
HYP-OR-CONT-EVENT-01,QQQ,2024-09-10,2024-09-10T14:10:00+00:00,2024-09-10T14:30:00+00:00,2024-09-10T14:30:00+00:00,low,continuation_short,3,,457.82,455.4,456.84
HYP-OR-CONT-EVENT-01,QQQ,2024-09-11,2024-09-11T14:00:00+00:00,2024-09-11T14:20:00+00:00,2024-09-11T14:20:00+00:00,low,continuation_short,3,,459.94,456.76,454.18
HYP-OR-CONT-EVENT-01,QQQ,2024-09-12,2024-09-12T14:10:00+00:00,2024-09-12T14:30:00+00:00,2024-09-12T14:30:00+00:00,high,continuation_long,3,,469.33,466.8491,470.54
HYP-OR-CONT-EVENT-01,QQQ,2024-09-13,2024-09-13T14:00:00+00:00,2024-09-13T14:20:00+00:00,2024-09-13T14:20:00+00:00,high,continuation_long,3,,474.69,472.25,474.66
HYP-OR-CONT-EVENT-01,QQQ,2024-09-16,2024-09-16T14:30:00+00:00,2024-09-16T14:50:00+00:00,2024-09-16T14:50:00+00:00,low,continuation_short,3,,473.8599,470.5301,471.13
HYP-OR-CONT-EVENT-01,QQQ,2024-09-17,2024-09-17T16:15:00+00:00,2024-09-17T16:35:00+00:00,2024-09-17T16:35:00+00:00,low,continuation_short,3,,477.05,474.23,473.53
HYP-OR-CONT-EVENT-01,QQQ,2024-09-18,2024-09-18T14:10:00+00:00,2024-09-18T14:30:00+00:00,2024-09-18T14:30:00+00:00,low,continuation_short,3,,474.8299,473.19,473.9493
HYP-OR-CONT-EVENT-01,QQQ,2024-09-19,2024-09-19T14:15:00+00:00,2024-09-19T14:35:00+00:00,2024-09-19T14:35:00+00:00,high,continuation_long,3,,483.06,480.49,484.92
HYP-OR-CONT-EVENT-01,QQQ,2024-09-20,2024-09-20T14:00:00+00:00,2024-09-20T14:20:00+00:00,2024-09-20T14:20:00+00:00,low,continuation_short,3,,483.63,481.43,481.41
HYP-OR-CONT-EVENT-01,QQQ,2024-09-23,2024-09-23T14:20:00+00:00,2024-09-23T14:40:00+00:00,2024-09-23T14:40:00+00:00,high,continuation_long,3,,483.67,481.87,482.57
HYP-OR-CONT-EVENT-01,QQQ,2024-09-24,2024-09-24T14:00:00+00:00,2024-09-24T14:20:00+00:00,2024-09-24T14:20:00+00:00,low,continuation_short,3,,484.89,483.21,481.49
HYP-OR-CONT-EVENT-01,QQQ,2024-09-25,2024-09-25T14:00:00+00:00,2024-09-25T14:20:00+00:00,2024-09-25T14:20:00+00:00,high,continuation_long,3,,486.93,484.68,487.68
HYP-OR-CONT-EVENT-01,QQQ,2024-09-26,2024-09-26T14:05:00+00:00,2024-09-26T14:25:00+00:00,2024-09-26T14:25:00+00:00,low,continuation_short,3,,493.7,491.0,490.43
HYP-OR-CONT-EVENT-01,QQQ,2024-09-27,2024-09-27T14:10:00+00:00,2024-09-27T14:30:00+00:00,2024-09-27T14:30:00+00:00,low,continuation_short,3,,490.64,488.9,488.91
HYP-OR-CONT-EVENT-01,QQQ,2024-09-30,2024-09-30T14:05:00+00:00,2024-09-30T14:25:00+00:00,2024-09-30T14:25:00+00:00,low,continuation_short,3,,487.79,485.53,484.91
HYP-OR-CONT-EVENT-01,QQQ,2024-10-01,2024-10-01T14:05:00+00:00,2024-10-01T14:25:00+00:00,2024-10-01T14:25:00+00:00,low,continuation_short,3,,488.0,481.25,480.72
HYP-OR-CONT-EVENT-01,QQQ,2024-10-02,2024-10-02T14:00:00+00:00,2024-10-02T14:20:00+00:00,2024-10-02T14:20:00+00:00,high,continuation_long,3,,480.92,477.72,481.704
HYP-OR-CONT-EVENT-01,QQQ,2024-10-03,2024-10-03T15:40:00+00:00,2024-10-03T16:00:00+00:00,2024-10-03T16:00:00+00:00,high,continuation_long,3,,482.99,479.37,482.79
HYP-OR-CONT-EVENT-01,QQQ,2024-10-04,2024-10-04T14:00:00+00:00,2024-10-04T14:20:00+00:00,2024-10-04T14:20:00+00:00,low,continuation_short,3,,487.72,483.79,484.5
HYP-OR-CONT-EVENT-01,QQQ,2024-10-07,2024-10-07T14:15:00+00:00,2024-10-07T14:35:00+00:00,2024-10-07T14:35:00+00:00,high,continuation_long,3,,486.04,484.25,486.22
HYP-OR-CONT-EVENT-01,QQQ,2024-10-08,2024-10-08T14:00:00+00:00,2024-10-08T14:20:00+00:00,2024-10-08T14:20:00+00:00,high,continuation_long,3,,485.88,483.845,486.39
HYP-OR-CONT-EVENT-01,QQQ,2024-10-09,2024-10-09T14:05:00+00:00,2024-10-09T14:25:00+00:00,2024-10-09T14:25:00+00:00,high,continuation_long,3,,489.38,487.95,490.19
HYP-OR-CONT-EVENT-01,QQQ,2024-10-10,2024-10-10T14:00:00+00:00,2024-10-10T14:20:00+00:00,2024-10-10T14:20:00+00:00,high,continuation_long,3,,491.6,489.53,491.87
HYP-OR-CONT-EVENT-01,QQQ,2024-10-11,2024-10-11T14:00:00+00:00,2024-10-11T14:20:00+00:00,2024-10-11T14:20:00+00:00,high,continuation_long,3,,491.48,490.17,493.34
HYP-OR-CONT-EVENT-01,QQQ,2024-10-14,2024-10-14T15:00:00+00:00,2024-10-14T15:20:00+00:00,2024-10-14T15:20:00+00:00,low,continuation_short,3,,498.62,495.54,496.29
HYP-OR-CONT-EVENT-01,QQQ,2024-10-15,2024-10-15T14:10:00+00:00,2024-10-15T14:30:00+00:00,2024-10-15T14:30:00+00:00,low,continuation_short,3,,498.5,497.191,494.94
HYP-OR-CONT-EVENT-01,QQQ,2024-10-16,2024-10-16T18:20:00+00:00,2024-10-16T18:40:00+00:00,2024-10-16T18:40:00+00:00,high,continuation_long,3,,491.23,487.79,491.18
HYP-OR-CONT-EVENT-01,QQQ,2024-10-17,2024-10-17T14:00:00+00:00,2024-10-17T14:20:00+00:00,2024-10-17T14:20:00+00:00,low,continuation_short,3,,496.49,492.34,492.96
HYP-OR-CONT-EVENT-01,QQQ,2024-10-18,2024-10-18T14:05:00+00:00,2024-10-18T14:25:00+00:00,2024-10-18T14:25:00+00:00,high,continuation_long,3,,495.16,493.3,494.75
HYP-OR-CONT-EVENT-01,QQQ,2024-10-21,2024-10-21T14:00:00+00:00,2024-10-21T14:20:00+00:00,2024-10-21T14:20:00+00:00,high,continuation_long,3,,495.0,493.12,496.16
HYP-OR-CONT-EVENT-01,QQQ,2024-10-22,2024-10-22T14:05:00+00:00,2024-10-22T14:25:00+00:00,2024-10-22T14:25:00+00:00,high,continuation_long,3,,494.57,491.97,494.73
HYP-OR-CONT-EVENT-01,QQQ,2024-10-23,2024-10-23T14:00:00+00:00,2024-10-23T14:20:00+00:00,2024-10-23T14:20:00+00:00,low,continuation_short,3,,494.25,492.95,492.0841
HYP-OR-CONT-EVENT-01,QQQ,2024-10-24,2024-10-24T14:00:00+00:00,2024-10-24T14:20:00+00:00,2024-10-24T14:20:00+00:00,high,continuation_long,3,,492.19,490.29,491.4775
HYP-OR-CONT-EVENT-01,QQQ,2024-10-25,2024-10-25T14:00:00+00:00,2024-10-25T14:20:00+00:00,2024-10-25T14:20:00+00:00,high,continuation_long,3,,499.1,495.12,499.26
HYP-OR-CONT-EVENT-01,QQQ,2024-10-28,2024-10-28T15:40:00+00:00,2024-10-28T16:00:00+00:00,2024-10-28T16:00:00+00:00,low,continuation_short,3,,498.52,496.15,496.19
HYP-OR-CONT-EVENT-01,QQQ,2024-10-29,2024-10-29T14:00:00+00:00,2024-10-29T14:20:00+00:00,2024-10-29T14:20:00+00:00,high,continuation_long,3,,496.08,493.85,496.3
HYP-OR-CONT-EVENT-01,QQQ,2024-10-30,2024-10-30T14:05:00+00:00,2024-10-30T14:25:00+00:00,2024-10-30T14:25:00+00:00,high,continuation_long,3,,499.6,496.6,499.82
HYP-OR-CONT-EVENT-01,QQQ,2024-10-31,2024-10-31T14:00:00+00:00,2024-10-31T14:20:00+00:00,2024-10-31T14:20:00+00:00,low,continuation_short,3,,492.43,487.21,488.1
HYP-OR-CONT-EVENT-01,QQQ,2024-11-01,2024-11-01T14:00:00+00:00,2024-11-01T14:20:00+00:00,2024-11-01T14:20:00+00:00,high,continuation_long,3,,488.09,485.2,489.48
HYP-OR-CONT-EVENT-01,QQQ,2024-11-04,2024-11-04T15:00:00+00:00,2024-11-04T15:20:00+00:00,2024-11-04T15:20:00+00:00,high,continuation_long,3,,487.32,484.2545,487.79
HYP-OR-CONT-EVENT-01,QQQ,2024-11-05,2024-11-05T15:00:00+00:00,2024-11-05T15:20:00+00:00,2024-11-05T15:20:00+00:00,high,continuation_long,3,,491.13,487.52,490.66
HYP-OR-CONT-EVENT-01,QQQ,2024-11-06,2024-11-06T17:10:00+00:00,2024-11-06T17:30:00+00:00,2024-11-06T17:30:00+00:00,high,continuation_long,3,,503.46,499.6,503.26
HYP-OR-CONT-EVENT-01,QQQ,2024-11-07,2024-11-07T15:00:00+00:00,2024-11-07T15:20:00+00:00,2024-11-07T15:20:00+00:00,high,continuation_long,3,,510.92,508.34,510.94
HYP-OR-CONT-EVENT-01,QQQ,2024-11-08,2024-11-08T15:05:00+00:00,2024-11-08T15:25:00+00:00,2024-11-08T15:25:00+00:00,low,continuation_short,3,,514.156,512.8,512.92
HYP-OR-CONT-EVENT-01,QQQ,2024-11-11,2024-11-11T17:45:00+00:00,2024-11-11T18:05:00+00:00,2024-11-11T18:05:00+00:00,low,continuation_short,3,,515.58,512.43,511.71
HYP-OR-CONT-EVENT-01,QQQ,2024-11-12,2024-11-12T15:05:00+00:00,2024-11-12T15:25:00+00:00,2024-11-12T15:25:00+00:00,low,continuation_short,3,,514.66,512.93,513.71
HYP-OR-CONT-EVENT-01,QQQ,2024-11-13,2024-11-13T15:00:00+00:00,2024-11-13T15:20:00+00:00,2024-11-13T15:20:00+00:00,low,continuation_short,3,,513.04,511.51,510.97
HYP-OR-CONT-EVENT-01,QQQ,2024-11-14,2024-11-14T15:15:00+00:00,2024-11-14T15:35:00+00:00,2024-11-14T15:35:00+00:00,low,continuation_short,3,,512.79,510.1397,510.9204
HYP-OR-CONT-EVENT-01,QQQ,2024-11-15,2024-11-15T15:00:00+00:00,2024-11-15T15:20:00+00:00,2024-11-15T15:20:00+00:00,low,continuation_short,3,,503.33,501.04,499.36
HYP-OR-CONT-EVENT-01,QQQ,2024-11-18,2024-11-18T15:00:00+00:00,2024-11-18T15:20:00+00:00,2024-11-18T15:20:00+00:00,high,continuation_long,3,,498.45,496.73,499.43
HYP-OR-CONT-EVENT-01,QQQ,2024-11-19,2024-11-19T15:25:00+00:00,2024-11-19T15:45:00+00:00,2024-11-19T15:45:00+00:00,high,continuation_long,3,,499.0,497.08,499.93
HYP-OR-CONT-EVENT-01,QQQ,2024-11-20,2024-11-20T15:00:00+00:00,2024-11-20T15:20:00+00:00,2024-11-20T15:20:00+00:00,low,continuation_short,3,,503.21,499.8,497.34
HYP-OR-CONT-EVENT-01,QQQ,2024-11-21,2024-11-21T15:20:00+00:00,2024-11-21T15:40:00+00:00,2024-11-21T15:40:00+00:00,low,continuation_short,3,,506.96,500.31,498.14
HYP-OR-CONT-EVENT-01,QQQ,2024-11-22,2024-11-22T15:10:00+00:00,2024-11-22T15:30:00+00:00,2024-11-22T15:30:00+00:00,low,continuation_short,3,,506.36,504.05,503.26
HYP-OR-CONT-EVENT-01,QQQ,2024-11-25,2024-11-25T15:00:00+00:00,2024-11-25T15:20:00+00:00,2024-11-25T15:20:00+00:00,low,continuation_short,3,,511.4525,507.58,506.94
HYP-OR-CONT-EVENT-01,QQQ,2024-11-26,2024-11-26T15:00:00+00:00,2024-11-26T15:20:00+00:00,2024-11-26T15:20:00+00:00,low,continuation_short,3,,510.14,508.08,507.85
HYP-OR-CONT-EVENT-01,QQQ,2024-11-27,2024-11-27T15:00:00+00:00,2024-11-27T15:20:00+00:00,2024-11-27T15:20:00+00:00,low,continuation_short,3,,508.24,505.85,505.195
HYP-OR-CONT-EVENT-01,QQQ,2024-11-29,2024-11-29T15:00:00+00:00,2024-11-29T15:20:00+00:00,2024-11-29T15:20:00+00:00,high,continuation_long,3,,508.0,505.31,509.21
HYP-OR-CONT-EVENT-01,QQQ,2024-12-02,2024-12-02T15:00:00+00:00,2024-12-02T15:20:00+00:00,2024-12-02T15:20:00+00:00,high,continuation_long,3,,514.1,510.62,513.96
HYP-OR-CONT-EVENT-01,QQQ,2024-12-03,2024-12-03T15:00:00+00:00,2024-12-03T15:20:00+00:00,2024-12-03T15:20:00+00:00,high,continuation_long,3,,515.19,513.37,515.06
HYP-OR-CONT-EVENT-01,QQQ,2024-12-04,2024-12-04T15:05:00+00:00,2024-12-04T15:25:00+00:00,2024-12-04T15:25:00+00:00,high,continuation_long,3,,520.91,519.6,521.03
HYP-OR-CONT-EVENT-01,QQQ,2024-12-05,2024-12-05T15:50:00+00:00,2024-12-05T16:10:00+00:00,2024-12-05T16:10:00+00:00,low,continuation_short,3,,523.65,522.36,522.569
HYP-OR-CONT-EVENT-01,QQQ,2024-12-06,2024-12-06T15:00:00+00:00,2024-12-06T15:20:00+00:00,2024-12-06T15:20:00+00:00,high,continuation_long,3,,525.4,522.35,526.0
HYP-OR-CONT-EVENT-01,QQQ,2024-12-09,2024-12-09T15:25:00+00:00,2024-12-09T15:45:00+00:00,2024-12-09T15:45:00+00:00,low,continuation_short,3,,526.35,524.75,523.83
HYP-OR-CONT-EVENT-01,QQQ,2024-12-10,2024-12-10T15:05:00+00:00,2024-12-10T15:25:00+00:00,2024-12-10T15:25:00+00:00,high,continuation_long,3,,524.95,522.8,524.74
HYP-OR-CONT-EVENT-01,QQQ,2024-12-11,2024-12-11T15:00:00+00:00,2024-12-11T15:20:00+00:00,2024-12-11T15:20:00+00:00,high,continuation_long,3,,527.59,524.59,527.93
HYP-OR-CONT-EVENT-01,QQQ,2024-12-12,2024-12-12T15:20:00+00:00,2024-12-12T15:40:00+00:00,2024-12-12T15:40:00+00:00,high,continuation_long,3,,527.75,526.7611,528.29
HYP-OR-CONT-EVENT-01,QQQ,2024-12-13,2024-12-13T15:40:00+00:00,2024-12-13T16:00:00+00:00,2024-12-13T16:00:00+00:00,low,continuation_short,3,,533.1661,530.29,527.83
HYP-OR-CONT-EVENT-01,QQQ,2024-12-16,2024-12-16T15:00:00+00:00,2024-12-16T15:20:00+00:00,2024-12-16T15:20:00+00:00,high,continuation_long,3,,534.85,533.0,534.3
HYP-OR-CONT-EVENT-01,QQQ,2024-12-17,2024-12-17T15:00:00+00:00,2024-12-17T15:20:00+00:00,2024-12-17T15:20:00+00:00,low,continuation_short,3,,537.09,535.04,534.43
HYP-OR-CONT-EVENT-01,QQQ,2024-12-18,2024-12-18T15:00:00+00:00,2024-12-18T15:20:00+00:00,2024-12-18T15:20:00+00:00,high,continuation_long,3,,535.67,533.46,535.68
HYP-OR-CONT-EVENT-01,QQQ,2024-12-19,2024-12-19T15:20:00+00:00,2024-12-19T15:40:00+00:00,2024-12-19T15:40:00+00:00,low,continuation_short,3,,521.7599,518.28,517.0038
HYP-OR-CONT-EVENT-01,QQQ,2024-12-20,2024-12-20T15:05:00+00:00,2024-12-20T15:25:00+00:00,2024-12-20T15:25:00+00:00,high,continuation_long,3,,512.84,509.29,514.72
HYP-OR-CONT-EVENT-01,QQQ,2024-12-23,2024-12-23T15:05:00+00:00,2024-12-23T15:25:00+00:00,2024-12-23T15:25:00+00:00,low,continuation_short,3,,520.83,517.95,517.83
HYP-OR-CONT-EVENT-01,QQQ,2024-12-24,2024-12-24T15:00:00+00:00,2024-12-24T15:20:00+00:00,2024-12-24T15:20:00+00:00,high,continuation_long,3,,526.74,524.19,526.92
HYP-OR-CONT-EVENT-01,QQQ,2024-12-26,2024-12-26T15:35:00+00:00,2024-12-26T15:55:00+00:00,2024-12-26T15:55:00+00:00,high,continuation_long,3,,529.54,526.31,529.25
HYP-OR-CONT-EVENT-01,QQQ,2024-12-27,2024-12-27T15:00:00+00:00,2024-12-27T15:20:00+00:00,2024-12-27T15:20:00+00:00,low,continuation_short,3,,526.45,522.17,518.55
HYP-OR-CONT-EVENT-01,QQQ,2024-12-30,2024-12-30T15:00:00+00:00,2024-12-30T15:20:00+00:00,2024-12-30T15:20:00+00:00,low,continuation_short,3,,515.71,512.54,512.92
HYP-OR-CONT-EVENT-01,QQQ,2024-12-31,2024-12-31T15:45:00+00:00,2024-12-31T16:05:00+00:00,2024-12-31T16:05:00+00:00,low,continuation_short,3,,517.66,514.8,513.822
HYP-OR-CONT-EVENT-01,SPY,2022-01-03,2022-01-03T20:35:00+00:00,2022-01-03T20:55:00+00:00,2022-01-03T20:55:00+00:00,high,continuation_long,3,,477.72,473.85,477.46
HYP-OR-CONT-EVENT-01,SPY,2022-01-04,2022-01-04T15:00:00+00:00,2022-01-04T15:20:00+00:00,2022-01-04T15:20:00+00:00,low,continuation_short,3,,479.98,479.055,478.95
HYP-OR-CONT-EVENT-01,SPY,2022-01-05,2022-01-05T17:40:00+00:00,2022-01-05T18:00:00+00:00,2022-01-05T18:00:00+00:00,low,continuation_short,3,,477.66,476.13,475.9427
HYP-OR-CONT-EVENT-01,SPY,2022-01-06,2022-01-06T15:00:00+00:00,2022-01-06T15:20:00+00:00,2022-01-06T15:20:00+00:00,low,continuation_short,3,,470.395,466.81,466.45
HYP-OR-CONT-EVENT-01,SPY,2022-01-07,2022-01-07T15:35:00+00:00,2022-01-07T15:55:00+00:00,2022-01-07T15:55:00+00:00,low,continuation_short,3,,469.2,466.73,465.11
HYP-OR-CONT-EVENT-01,SPY,2022-01-10,2022-01-10T15:00:00+00:00,2022-01-10T15:20:00+00:00,2022-01-10T15:20:00+00:00,low,continuation_short,3,,463.02,459.01,457.43
HYP-OR-CONT-EVENT-01,SPY,2022-01-11,2022-01-11T16:10:00+00:00,2022-01-11T16:30:00+00:00,2022-01-11T16:30:00+00:00,high,continuation_long,3,,465.46,462.05,466.55
HYP-OR-CONT-EVENT-01,SPY,2022-01-12,2022-01-12T15:00:00+00:00,2022-01-12T15:20:00+00:00,2022-01-12T15:20:00+00:00,high,continuation_long,3,,472.68,470.89,472.89
HYP-OR-CONT-EVENT-01,SPY,2022-01-13,2022-01-13T15:00:00+00:00,2022-01-13T15:20:00+00:00,2022-01-13T15:20:00+00:00,low,continuation_short,3,,472.88,471.75,470.79
HYP-OR-CONT-EVENT-01,SPY,2022-01-14,2022-01-14T15:00:00+00:00,2022-01-14T15:20:00+00:00,2022-01-14T15:20:00+00:00,high,continuation_long,3,,464.5,460.73,464.74
HYP-OR-CONT-EVENT-01,SPY,2022-01-18,2022-01-18T16:05:00+00:00,2022-01-18T16:25:00+00:00,2022-01-18T16:25:00+00:00,low,continuation_short,3,,459.96,457.14,457.6607
HYP-OR-CONT-EVENT-01,SPY,2022-01-19,2022-01-19T15:15:00+00:00,2022-01-19T15:35:00+00:00,2022-01-19T15:35:00+00:00,low,continuation_short,3,,459.6124,457.74,456.22
HYP-OR-CONT-EVENT-01,SPY,2022-01-20,2022-01-20T15:30:00+00:00,2022-01-20T15:50:00+00:00,2022-01-20T15:50:00+00:00,high,continuation_long,3,,457.01,453.51,458.07
HYP-OR-CONT-EVENT-01,SPY,2022-01-21,2022-01-21T15:00:00+00:00,2022-01-21T15:20:00+00:00,2022-01-21T15:20:00+00:00,low,continuation_short,3,,446.67,443.14,441.87
HYP-OR-CONT-EVENT-01,SPY,2022-01-24,2022-01-24T15:00:00+00:00,2022-01-24T15:20:00+00:00,2022-01-24T15:20:00+00:00,low,continuation_short,3,,433.46,428.45,426.0176
HYP-OR-CONT-EVENT-01,SPY,2022-01-25,2022-01-25T18:45:00+00:00,2022-01-25T19:05:00+00:00,2022-01-25T19:05:00+00:00,high,continuation_long,3,,434.67,428.38,435.44
HYP-OR-CONT-EVENT-01,SPY,2022-01-26,2022-01-26T15:25:00+00:00,2022-01-26T15:45:00+00:00,2022-01-26T15:45:00+00:00,low,continuation_short,3,,442.35,438.79,438.0016
HYP-OR-CONT-EVENT-01,SPY,2022-01-27,2022-01-27T15:05:00+00:00,2022-01-27T15:25:00+00:00,2022-01-27T15:25:00+00:00,high,continuation_long,3,,441.27,436.98,439.54
HYP-OR-CONT-EVENT-01,SPY,2022-01-28,2022-01-28T15:55:00+00:00,2022-01-28T16:15:00+00:00,2022-01-28T16:15:00+00:00,high,continuation_long,3,,433.15,427.88,434.14
HYP-OR-CONT-EVENT-01,SPY,2022-01-31,2022-01-31T15:00:00+00:00,2022-01-31T15:20:00+00:00,2022-01-31T15:20:00+00:00,high,continuation_long,3,,443.36,439.81,444.76
HYP-OR-CONT-EVENT-01,SPY,2022-02-01,2022-02-01T15:00:00+00:00,2022-02-01T15:20:00+00:00,2022-02-01T15:20:00+00:00,low,continuation_short,3,,451.02,448.62,448.2067
HYP-OR-CONT-EVENT-01,SPY,2022-02-02,2022-02-02T15:25:00+00:00,2022-02-02T15:45:00+00:00,2022-02-02T15:45:00+00:00,low,continuation_short,3,,456.39,453.9808,455.27
HYP-OR-CONT-EVENT-01,SPY,2022-02-03,2022-02-03T15:20:00+00:00,2022-02-03T15:40:00+00:00,2022-02-03T15:40:00+00:00,high,continuation_long,3,,452.34,450.0,452.36
HYP-OR-CONT-EVENT-01,SPY,2022-02-04,2022-02-04T15:35:00+00:00,2022-02-04T15:55:00+00:00,2022-02-04T15:55:00+00:00,low,continuation_short,3,,448.31,445.07,445.09
HYP-OR-CONT-EVENT-01,SPY,2022-02-07,2022-02-07T16:35:00+00:00,2022-02-07T16:55:00+00:00,2022-02-07T16:55:00+00:00,low,continuation_short,3,,450.41,448.21,447.615
HYP-OR-CONT-EVENT-01,SPY,2022-02-08,2022-02-08T15:00:00+00:00,2022-02-08T15:20:00+00:00,2022-02-08T15:20:00+00:00,low,continuation_short,3,,447.47,446.06,446.81
HYP-OR-CONT-EVENT-01,SPY,2022-02-09,2022-02-09T15:30:00+00:00,2022-02-09T15:50:00+00:00,2022-02-09T15:50:00+00:00,high,continuation_long,3,,456.37,455.005,456.18
HYP-OR-CONT-EVENT-01,SPY,2022-02-10,2022-02-10T15:00:00+00:00,2022-02-10T15:20:00+00:00,2022-02-10T15:20:00+00:00,high,continuation_long,3,,455.55,451.29,455.67
HYP-OR-CONT-EVENT-01,SPY,2022-02-11,2022-02-11T15:55:00+00:00,2022-02-11T16:15:00+00:00,2022-02-11T16:15:00+00:00,low,continuation_short,3,,451.605,448.79,448.43
HYP-OR-CONT-EVENT-01,SPY,2022-02-14,2022-02-14T15:00:00+00:00,2022-02-14T15:20:00+00:00,2022-02-14T15:20:00+00:00,low,continuation_short,3,,441.28,438.97,438.68
HYP-OR-CONT-EVENT-01,SPY,2022-02-15,2022-02-15T15:45:00+00:00,2022-02-15T16:05:00+00:00,2022-02-15T16:05:00+00:00,high,continuation_long,3,,445.78,443.45,445.78
HYP-OR-CONT-EVENT-01,SPY,2022-02-16,2022-02-16T15:00:00+00:00,2022-02-16T15:20:00+00:00,2022-02-16T15:20:00+00:00,low,continuation_short,3,,444.81,442.42,442.615
HYP-OR-CONT-EVENT-01,SPY,2022-02-17,2022-02-17T15:00:00+00:00,2022-02-17T15:20:00+00:00,2022-02-17T15:20:00+00:00,low,continuation_short,3,,443.8,440.54,440.84
HYP-OR-CONT-EVENT-01,SPY,2022-02-18,2022-02-18T15:15:00+00:00,2022-02-18T15:35:00+00:00,2022-02-18T15:35:00+00:00,high,continuation_long,3,,438.66,435.91,436.23
HYP-OR-CONT-EVENT-01,SPY,2022-02-22,2022-02-22T17:15:00+00:00,2022-02-22T17:35:00+00:00,2022-02-22T17:35:00+00:00,low,continuation_short,3,,435.3,430.49,429.95
HYP-OR-CONT-EVENT-01,SPY,2022-02-23,2022-02-23T15:00:00+00:00,2022-02-23T15:20:00+00:00,2022-02-23T15:20:00+00:00,low,continuation_short,3,,433.26,431.0,429.47
HYP-OR-CONT-EVENT-01,SPY,2022-02-24,2022-02-24T15:10:00+00:00,2022-02-24T15:30:00+00:00,2022-02-24T15:30:00+00:00,high,continuation_long,3,,415.93,410.64,415.45
HYP-OR-CONT-EVENT-01,SPY,2022-02-25,2022-02-25T15:20:00+00:00,2022-02-25T15:40:00+00:00,2022-02-25T15:40:00+00:00,high,continuation_long,3,,431.26,428.26,431.19
HYP-OR-CONT-EVENT-01,SPY,2022-02-28,2022-02-28T15:00:00+00:00,2022-02-28T15:20:00+00:00,2022-02-28T15:20:00+00:00,high,continuation_long,3,,434.49,431.87,432.1
HYP-OR-CONT-EVENT-01,SPY,2022-03-01,2022-03-01T15:00:00+00:00,2022-03-01T15:20:00+00:00,2022-03-01T15:20:00+00:00,low,continuation_short,3,,437.17,434.41,434.87
HYP-OR-CONT-EVENT-01,SPY,2022-03-02,2022-03-02T15:05:00+00:00,2022-03-02T15:25:00+00:00,2022-03-02T15:25:00+00:00,low,continuation_short,3,,434.77,431.9,432.39
HYP-OR-CONT-EVENT-01,SPY,2022-03-03,2022-03-03T15:05:00+00:00,2022-03-03T15:25:00+00:00,2022-03-03T15:25:00+00:00,low,continuation_short,3,,441.11,438.95,437.5
HYP-OR-CONT-EVENT-01,SPY,2022-03-04,2022-03-04T15:10:00+00:00,2022-03-04T15:30:00+00:00,2022-03-04T15:30:00+00:00,low,continuation_short,3,,432.49,429.37,429.81
HYP-OR-CONT-EVENT-01,SPY,2022-03-07,2022-03-07T15:00:00+00:00,2022-03-07T15:20:00+00:00,2022-03-07T15:20:00+00:00,low,continuation_short,3,,431.84,427.81,426.95
HYP-OR-CONT-EVENT-01,SPY,2022-03-08,2022-03-08T15:00:00+00:00,2022-03-08T15:20:00+00:00,2022-03-08T15:20:00+00:00,low,continuation_short,3,,421.19,417.76,418.83
HYP-OR-CONT-EVENT-01,SPY,2022-03-09,2022-03-09T15:00:00+00:00,2022-03-09T15:20:00+00:00,2022-03-09T15:20:00+00:00,high,continuation_long,3,,425.7,422.82,425.47
HYP-OR-CONT-EVENT-01,SPY,2022-03-10,2022-03-10T15:50:00+00:00,2022-03-10T16:10:00+00:00,2022-03-10T16:10:00+00:00,low,continuation_short,3,,425.0,422.0493,421.35
HYP-OR-CONT-EVENT-01,SPY,2022-03-11,2022-03-11T15:00:00+00:00,2022-03-11T15:20:00+00:00,2022-03-11T15:20:00+00:00,low,continuation_short,3,,428.77,426.57,425.51
HYP-OR-CONT-EVENT-01,SPY,2022-03-14,2022-03-14T14:00:00+00:00,2022-03-14T14:20:00+00:00,2022-03-14T14:20:00+00:00,high,continuation_long,3,,421.97,419.11,422.59
HYP-OR-CONT-EVENT-01,SPY,2022-03-15,2022-03-15T14:25:00+00:00,2022-03-15T14:45:00+00:00,2022-03-15T14:45:00+00:00,high,continuation_long,3,,421.33,418.42,422.33
HYP-OR-CONT-EVENT-01,SPY,2022-03-16,2022-03-16T14:15:00+00:00,2022-03-16T14:35:00+00:00,2022-03-16T14:35:00+00:00,high,continuation_long,3,,432.67,429.8,433.96
HYP-OR-CONT-EVENT-01,SPY,2022-03-17,2022-03-17T14:00:00+00:00,2022-03-17T14:20:00+00:00,2022-03-17T14:20:00+00:00,high,continuation_long,3,,436.24,433.19,436.02
HYP-OR-CONT-EVENT-01,SPY,2022-03-18,2022-03-18T14:00:00+00:00,2022-03-18T14:20:00+00:00,2022-03-18T14:20:00+00:00,high,continuation_long,3,,439.18,437.22,439.61
HYP-OR-CONT-EVENT-01,SPY,2022-03-21,2022-03-21T14:00:00+00:00,2022-03-21T14:20:00+00:00,2022-03-21T14:20:00+00:00,low,continuation_short,3,,446.46,443.82,443.53
HYP-OR-CONT-EVENT-01,SPY,2022-03-22,2022-03-22T14:00:00+00:00,2022-03-22T14:20:00+00:00,2022-03-22T14:20:00+00:00,high,continuation_long,3,,447.49,445.86,448.295
HYP-OR-CONT-EVENT-01,SPY,2022-03-23,2022-03-23T14:10:00+00:00,2022-03-23T14:30:00+00:00,2022-03-23T14:30:00+00:00,high,continuation_long,3,,447.31,445.64,447.53
HYP-OR-CONT-EVENT-01,SPY,2022-03-24,2022-03-24T14:00:00+00:00,2022-03-24T14:20:00+00:00,2022-03-24T14:20:00+00:00,high,continuation_long,3,,446.35,444.76,445.64
HYP-OR-CONT-EVENT-01,SPY,2022-03-25,2022-03-25T14:15:00+00:00,2022-03-25T14:35:00+00:00,2022-03-25T14:35:00+00:00,high,continuation_long,3,,451.63,450.3,452.36
HYP-OR-CONT-EVENT-01,SPY,2022-03-28,2022-03-28T15:30:00+00:00,2022-03-28T15:50:00+00:00,2022-03-28T15:50:00+00:00,low,continuation_short,3,,453.649,451.67,450.45
HYP-OR-CONT-EVENT-01,SPY,2022-03-29,2022-03-29T14:00:00+00:00,2022-03-29T14:20:00+00:00,2022-03-29T14:20:00+00:00,low,continuation_short,3,,461.75,458.68,457.63
HYP-OR-CONT-EVENT-01,SPY,2022-03-30,2022-03-30T14:00:00+00:00,2022-03-30T14:20:00+00:00,2022-03-30T14:20:00+00:00,high,continuation_long,3,,461.0,459.84,460.31
HYP-OR-CONT-EVENT-01,SPY,2022-03-31,2022-03-31T14:00:00+00:00,2022-03-31T14:20:00+00:00,2022-03-31T14:20:00+00:00,low,continuation_short,3,,458.15,457.111,457.16
HYP-OR-CONT-EVENT-01,SPY,2022-04-01,2022-04-01T14:00:00+00:00,2022-04-01T14:20:00+00:00,2022-04-01T14:20:00+00:00,low,continuation_short,3,,453.46,451.66,451.66
HYP-OR-CONT-EVENT-01,SPY,2022-04-04,2022-04-04T14:25:00+00:00,2022-04-04T14:45:00+00:00,2022-04-04T14:45:00+00:00,high,continuation_long,3,,454.7,452.26,454.23
HYP-OR-CONT-EVENT-01,SPY,2022-04-05,2022-04-05T14:00:00+00:00,2022-04-05T14:20:00+00:00,2022-04-05T14:20:00+00:00,high,continuation_long,3,,457.18,455.03,454.2
HYP-OR-CONT-EVENT-01,SPY,2022-04-06,2022-04-06T14:00:00+00:00,2022-04-06T14:20:00+00:00,2022-04-06T14:20:00+00:00,low,continuation_short,3,,447.59,445.44,445.57
HYP-OR-CONT-EVENT-01,SPY,2022-04-07,2022-04-07T14:00:00+00:00,2022-04-07T14:20:00+00:00,2022-04-07T14:20:00+00:00,high,continuation_long,3,,447.655,445.29,446.13
HYP-OR-CONT-EVENT-01,SPY,2022-04-08,2022-04-08T14:50:00+00:00,2022-04-08T15:10:00+00:00,2022-04-08T15:10:00+00:00,high,continuation_long,3,,448.2,445.97,449.65
HYP-OR-CONT-EVENT-01,SPY,2022-04-11,2022-04-11T14:25:00+00:00,2022-04-11T14:45:00+00:00,2022-04-11T14:45:00+00:00,low,continuation_short,3,,445.0,442.89,442.13
HYP-OR-CONT-EVENT-01,SPY,2022-04-12,2022-04-12T14:50:00+00:00,2022-04-12T15:10:00+00:00,2022-04-12T15:10:00+00:00,low,continuation_short,3,,445.75,442.37,442.385
HYP-OR-CONT-EVENT-01,SPY,2022-04-13,2022-04-13T15:00:00+00:00,2022-04-13T15:20:00+00:00,2022-04-13T15:20:00+00:00,high,continuation_long,3,,440.25,437.84,441.19
HYP-OR-CONT-EVENT-01,SPY,2022-04-14,2022-04-14T14:05:00+00:00,2022-04-14T14:25:00+00:00,2022-04-14T14:25:00+00:00,low,continuation_short,3,,444.7301,441.67,441.25
HYP-OR-CONT-EVENT-01,SPY,2022-04-18,2022-04-18T14:25:00+00:00,2022-04-18T14:45:00+00:00,2022-04-18T14:45:00+00:00,high,continuation_long,3,,439.46,436.73,439.25
HYP-OR-CONT-EVENT-01,SPY,2022-04-19,2022-04-19T14:00:00+00:00,2022-04-19T14:20:00+00:00,2022-04-19T14:20:00+00:00,high,continuation_long,3,,441.4599,437.68,442.07
HYP-OR-CONT-EVENT-01,SPY,2022-04-21,2022-04-21T14:05:00+00:00,2022-04-21T14:25:00+00:00,2022-04-21T14:25:00+00:00,low,continuation_short,3,,450.01,448.54,448.115
HYP-OR-CONT-EVENT-01,SPY,2022-04-22,2022-04-22T14:15:00+00:00,2022-04-22T14:35:00+00:00,2022-04-22T14:35:00+00:00,low,continuation_short,3,,437.23,433.84,433.47
HYP-OR-CONT-EVENT-01,SPY,2022-04-25,2022-04-25T14:00:00+00:00,2022-04-25T14:20:00+00:00,2022-04-25T14:20:00+00:00,low,continuation_short,3,,423.87,420.27,421.45
HYP-OR-CONT-EVENT-01,SPY,2022-04-26,2022-04-26T14:00:00+00:00,2022-04-26T14:20:00+00:00,2022-04-26T14:20:00+00:00,low,continuation_short,3,,426.04,423.43,422.13
HYP-OR-CONT-EVENT-01,SPY,2022-04-27,2022-04-27T14:10:00+00:00,2022-04-27T14:30:00+00:00,2022-04-27T14:30:00+00:00,low,continuation_short,3,,422.02,417.15,415.93
HYP-OR-CONT-EVENT-01,SPY,2022-04-28,2022-04-28T14:00:00+00:00,2022-04-28T14:20:00+00:00,2022-04-28T14:20:00+00:00,low,continuation_short,3,,423.08,419.56,420.565
HYP-OR-CONT-EVENT-01,SPY,2022-04-29,2022-04-29T14:15:00+00:00,2022-04-29T14:35:00+00:00,2022-04-29T14:35:00+00:00,low,continuation_short,3,,425.87,422.575,421.02
HYP-OR-CONT-EVENT-01,SPY,2022-05-02,2022-05-02T14:20:00+00:00,2022-05-02T14:40:00+00:00,2022-05-02T14:40:00+00:00,high,continuation_long,3,,413.37,409.25,414.71
HYP-OR-CONT-EVENT-01,SPY,2022-05-03,2022-05-03T14:25:00+00:00,2022-05-03T14:45:00+00:00,2022-05-03T14:45:00+00:00,high,continuation_long,3,,415.7117,413.36,414.52
HYP-OR-CONT-EVENT-01,SPY,2022-05-04,2022-05-04T14:00:00+00:00,2022-05-04T14:20:00+00:00,2022-05-04T14:20:00+00:00,low,continuation_short,3,,417.42,416.02,414.87
HYP-OR-CONT-EVENT-01,SPY,2022-05-05,2022-05-05T14:00:00+00:00,2022-05-05T14:20:00+00:00,2022-05-05T14:20:00+00:00,low,continuation_short,3,,425.0,421.11,419.63
HYP-OR-CONT-EVENT-01,SPY,2022-05-06,2022-05-06T14:45:00+00:00,2022-05-06T15:05:00+00:00,2022-05-06T15:05:00+00:00,high,continuation_long,3,,411.77,405.73,411.94
HYP-OR-CONT-EVENT-01,SPY,2022-05-09,2022-05-09T14:05:00+00:00,2022-05-09T14:25:00+00:00,2022-05-09T14:25:00+00:00,low,continuation_short,3,,406.41,403.27,402.68
HYP-OR-CONT-EVENT-01,SPY,2022-05-10,2022-05-10T14:30:00+00:00,2022-05-10T14:50:00+00:00,2022-05-10T14:50:00+00:00,low,continuation_short,3,,406.08,401.85,399.2
HYP-OR-CONT-EVENT-01,SPY,2022-05-11,2022-05-11T14:20:00+00:00,2022-05-11T14:40:00+00:00,2022-05-11T14:40:00+00:00,high,continuation_long,3,,403.17,395.22,403.13
HYP-OR-CONT-EVENT-01,SPY,2022-05-12,2022-05-12T14:05:00+00:00,2022-05-12T14:25:00+00:00,2022-05-12T14:25:00+00:00,high,continuation_long,3,,391.28,386.92,393.26
HYP-OR-CONT-EVENT-01,SPY,2022-05-13,2022-05-13T14:00:00+00:00,2022-05-13T14:20:00+00:00,2022-05-13T14:20:00+00:00,high,continuation_long,3,,399.07,395.61,399.84
HYP-OR-CONT-EVENT-01,SPY,2022-05-16,2022-05-16T14:20:00+00:00,2022-05-16T14:40:00+00:00,2022-05-16T14:40:00+00:00,high,continuation_long,3,,401.29,397.6,400.42
HYP-OR-CONT-EVENT-01,SPY,2022-05-17,2022-05-17T14:25:00+00:00,2022-05-17T14:45:00+00:00,2022-05-17T14:45:00+00:00,low,continuation_short,3,,406.63,404.4,403.22
HYP-OR-CONT-EVENT-01,SPY,2022-05-18,2022-05-18T14:25:00+00:00,2022-05-18T14:45:00+00:00,2022-05-18T14:45:00+00:00,low,continuation_short,3,,403.8,400.87,400.39
HYP-OR-CONT-EVENT-01,SPY,2022-05-19,2022-05-19T14:20:00+00:00,2022-05-19T14:40:00+00:00,2022-05-19T14:40:00+00:00,high,continuation_long,3,,391.79,387.11,389.1
HYP-OR-CONT-EVENT-01,SPY,2022-05-20,2022-05-20T14:05:00+00:00,2022-05-20T14:25:00+00:00,2022-05-20T14:25:00+00:00,low,continuation_short,3,,397.03,391.66,390.4933
HYP-OR-CONT-EVENT-01,SPY,2022-05-23,2022-05-23T14:30:00+00:00,2022-05-23T14:50:00+00:00,2022-05-23T14:50:00+00:00,high,continuation_long,3,,394.44,391.1,394.08
HYP-OR-CONT-EVENT-01,SPY,2022-05-24,2022-05-24T14:00:00+00:00,2022-05-24T14:20:00+00:00,2022-05-24T14:20:00+00:00,low,continuation_short,3,,393.6,390.66,387.57
HYP-OR-CONT-EVENT-01,SPY,2022-05-25,2022-05-25T14:15:00+00:00,2022-05-25T14:35:00+00:00,2022-05-25T14:35:00+00:00,high,continuation_long,3,,395.36,391.89,397.15
HYP-OR-CONT-EVENT-01,SPY,2022-05-26,2022-05-26T14:00:00+00:00,2022-05-26T14:20:00+00:00,2022-05-26T14:20:00+00:00,high,continuation_long,3,,402.81,398.45,403.69
HYP-OR-CONT-EVENT-01,SPY,2022-05-27,2022-05-27T14:00:00+00:00,2022-05-27T14:20:00+00:00,2022-05-27T14:20:00+00:00,high,continuation_long,3,,411.55,407.7,411.76
HYP-OR-CONT-EVENT-01,SPY,2022-05-31,2022-05-31T15:50:00+00:00,2022-05-31T16:10:00+00:00,2022-05-31T16:10:00+00:00,high,continuation_long,3,,413.93,410.22,414.92
HYP-OR-CONT-EVENT-01,SPY,2022-06-01,2022-06-01T14:00:00+00:00,2022-06-01T14:20:00+00:00,2022-06-01T14:20:00+00:00,low,continuation_short,3,,416.24,413.94,410.75
HYP-OR-CONT-EVENT-01,SPY,2022-06-02,2022-06-02T14:55:00+00:00,2022-06-02T15:15:00+00:00,2022-06-02T15:15:00+00:00,high,continuation_long,3,,409.68,407.32,411.74
HYP-OR-CONT-EVENT-01,SPY,2022-06-03,2022-06-03T14:00:00+00:00,2022-06-03T14:20:00+00:00,2022-06-03T14:20:00+00:00,high,continuation_long,3,,413.98,411.36,413.155
HYP-OR-CONT-EVENT-01,SPY,2022-06-06,2022-06-06T14:00:00+00:00,2022-06-06T14:20:00+00:00,2022-06-06T14:20:00+00:00,high,continuation_long,3,,415.495,413.66,415.89
HYP-OR-CONT-EVENT-01,SPY,2022-06-07,2022-06-07T14:05:00+00:00,2022-06-07T14:25:00+00:00,2022-06-07T14:25:00+00:00,high,continuation_long,3,,410.54,407.61,410.03
HYP-OR-CONT-EVENT-01,SPY,2022-06-08,2022-06-08T16:35:00+00:00,2022-06-08T16:55:00+00:00,2022-06-08T16:55:00+00:00,low,continuation_short,3,,415.82,412.66,412.35
HYP-OR-CONT-EVENT-01,SPY,2022-06-09,2022-06-09T15:00:00+00:00,2022-06-09T15:20:00+00:00,2022-06-09T15:20:00+00:00,low,continuation_short,3,,411.69,408.42,408.905
HYP-OR-CONT-EVENT-01,SPY,2022-06-10,2022-06-10T14:00:00+00:00,2022-06-10T14:20:00+00:00,2022-06-10T14:20:00+00:00,low,continuation_short,3,,395.7777,392.92,390.87
HYP-OR-CONT-EVENT-01,SPY,2022-06-13,2022-06-13T14:10:00+00:00,2022-06-13T14:30:00+00:00,2022-06-13T14:30:00+00:00,low,continuation_short,3,,381.81,379.18,377.19
HYP-OR-CONT-EVENT-01,SPY,2022-06-14,2022-06-14T14:20:00+00:00,2022-06-14T14:40:00+00:00,2022-06-14T14:40:00+00:00,low,continuation_short,3,,377.63,374.5,374.24
HYP-OR-CONT-EVENT-01,SPY,2022-06-15,2022-06-15T14:00:00+00:00,2022-06-15T14:20:00+00:00,2022-06-15T14:20:00+00:00,high,continuation_long,3,,379.13,376.7,378.47
HYP-OR-CONT-EVENT-01,SPY,2022-06-16,2022-06-16T14:00:00+00:00,2022-06-16T14:20:00+00:00,2022-06-16T14:20:00+00:00,low,continuation_short,3,,370.94,368.01,367.64
HYP-OR-CONT-EVENT-01,SPY,2022-06-17,2022-06-17T14:20:00+00:00,2022-06-17T14:40:00+00:00,2022-06-17T14:40:00+00:00,low,continuation_short,3,,369.38,365.43,363.62
HYP-OR-CONT-EVENT-01,SPY,2022-06-21,2022-06-21T14:00:00+00:00,2022-06-21T14:20:00+00:00,2022-06-21T14:20:00+00:00,high,continuation_long,3,,374.91,371.81,374.83
HYP-OR-CONT-EVENT-01,SPY,2022-06-22,2022-06-22T14:10:00+00:00,2022-06-22T14:30:00+00:00,2022-06-22T14:30:00+00:00,high,continuation_long,3,,374.51,370.18,376.84
HYP-OR-CONT-EVENT-01,SPY,2022-06-23,2022-06-23T14:40:00+00:00,2022-06-23T15:00:00+00:00,2022-06-23T15:00:00+00:00,high,continuation_long,3,,377.38,374.8,377.83
HYP-OR-CONT-EVENT-01,SPY,2022-06-24,2022-06-24T14:00:00+00:00,2022-06-24T14:20:00+00:00,2022-06-24T14:20:00+00:00,high,continuation_long,3,,384.14,381.365,386.6
HYP-OR-CONT-EVENT-01,SPY,2022-06-28,2022-06-28T14:05:00+00:00,2022-06-28T14:25:00+00:00,2022-06-28T14:25:00+00:00,low,continuation_short,3,,393.16,390.14,389.79
HYP-OR-CONT-EVENT-01,SPY,2022-06-29,2022-06-29T14:00:00+00:00,2022-06-29T14:20:00+00:00,2022-06-29T14:20:00+00:00,high,continuation_long,3,,381.91,378.42,379.785
HYP-OR-CONT-EVENT-01,SPY,2022-06-30,2022-06-30T15:25:00+00:00,2022-06-30T15:45:00+00:00,2022-06-30T15:45:00+00:00,high,continuation_long,3,,377.0,373.05,377.37
HYP-OR-CONT-EVENT-01,SPY,2022-07-01,2022-07-01T14:10:00+00:00,2022-07-01T14:30:00+00:00,2022-07-01T14:30:00+00:00,low,continuation_short,3,,379.71,375.75,375.04
HYP-OR-CONT-EVENT-01,SPY,2022-07-05,2022-07-05T15:00:00+00:00,2022-07-05T15:20:00+00:00,2022-07-05T15:20:00+00:00,low,continuation_short,3,,376.33,373.28,373.92
HYP-OR-CONT-EVENT-01,SPY,2022-07-06,2022-07-06T14:10:00+00:00,2022-07-06T14:30:00+00:00,2022-07-06T14:30:00+00:00,low,continuation_short,3,,383.66,380.81,382.17
HYP-OR-CONT-EVENT-01,SPY,2022-07-07,2022-07-07T14:50:00+00:00,2022-07-07T15:10:00+00:00,2022-07-07T15:10:00+00:00,high,continuation_long,3,,387.6,385.12,387.77
HYP-OR-CONT-EVENT-01,SPY,2022-07-08,2022-07-08T14:25:00+00:00,2022-07-08T14:45:00+00:00,2022-07-08T14:45:00+00:00,high,continuation_long,3,,388.54,385.8738,389.61
HYP-OR-CONT-EVENT-01,SPY,2022-07-11,2022-07-11T14:20:00+00:00,2022-07-11T14:40:00+00:00,2022-07-11T14:40:00+00:00,low,continuation_short,3,,386.87,383.67,385.04
HYP-OR-CONT-EVENT-01,SPY,2022-07-12,2022-07-12T14:00:00+00:00,2022-07-12T14:20:00+00:00,2022-07-12T14:20:00+00:00,low,continuation_short,3,,386.16,383.59,383.59
HYP-OR-CONT-EVENT-01,SPY,2022-07-13,2022-07-13T14:35:00+00:00,2022-07-13T14:55:00+00:00,2022-07-13T14:55:00+00:00,high,continuation_long,3,,378.14,374.658,379.21
HYP-OR-CONT-EVENT-01,SPY,2022-07-14,2022-07-14T14:00:00+00:00,2022-07-14T14:20:00+00:00,2022-07-14T14:20:00+00:00,low,continuation_short,3,,374.4,371.7416,371.29
HYP-OR-CONT-EVENT-01,SPY,2022-07-15,2022-07-15T14:00:00+00:00,2022-07-15T14:20:00+00:00,2022-07-15T14:20:00+00:00,high,continuation_long,3,,383.34,380.54,383.035
HYP-OR-CONT-EVENT-01,SPY,2022-07-18,2022-07-18T14:10:00+00:00,2022-07-18T14:30:00+00:00,2022-07-18T14:30:00+00:00,low,continuation_short,3,,389.09,387.67,387.76
HYP-OR-CONT-EVENT-01,SPY,2022-07-19,2022-07-19T14:00:00+00:00,2022-07-19T14:20:00+00:00,2022-07-19T14:20:00+00:00,high,continuation_long,3,,386.92,385.39,386.91
HYP-OR-CONT-EVENT-01,SPY,2022-07-20,2022-07-20T14:25:00+00:00,2022-07-20T14:45:00+00:00,2022-07-20T14:45:00+00:00,high,continuation_long,3,,392.93,391.31,394.32
HYP-OR-CONT-EVENT-01,SPY,2022-07-21,2022-07-21T14:10:00+00:00,2022-07-21T14:30:00+00:00,2022-07-21T14:30:00+00:00,low,continuation_short,3,,395.5,392.77,392.1
HYP-OR-CONT-EVENT-01,SPY,2022-07-22,2022-07-22T14:25:00+00:00,2022-07-22T14:45:00+00:00,2022-07-22T14:45:00+00:00,low,continuation_short,3,,400.18,397.91,398.31
HYP-OR-CONT-EVENT-01,SPY,2022-07-25,2022-07-25T14:25:00+00:00,2022-07-25T14:45:00+00:00,2022-07-25T14:45:00+00:00,low,continuation_short,3,,396.05,394.03,395.17
HYP-OR-CONT-EVENT-01,SPY,2022-07-26,2022-07-26T14:00:00+00:00,2022-07-26T14:20:00+00:00,2022-07-26T14:20:00+00:00,low,continuation_short,3,,394.06,392.42,392.87
HYP-OR-CONT-EVENT-01,SPY,2022-07-27,2022-07-27T14:05:00+00:00,2022-07-27T14:25:00+00:00,2022-07-27T14:25:00+00:00,high,continuation_long,3,,395.699,394.05,395.62
HYP-OR-CONT-EVENT-01,SPY,2022-07-28,2022-07-28T14:20:00+00:00,2022-07-28T14:40:00+00:00,2022-07-28T14:40:00+00:00,low,continuation_short,3,,402.77,398.33,399.59
HYP-OR-CONT-EVENT-01,SPY,2022-07-29,2022-07-29T14:00:00+00:00,2022-07-29T14:20:00+00:00,2022-07-29T14:20:00+00:00,high,continuation_long,3,,409.47,406.77,409.78
HYP-OR-CONT-EVENT-01,SPY,2022-08-01,2022-08-01T14:00:00+00:00,2022-08-01T14:20:00+00:00,2022-08-01T14:20:00+00:00,high,continuation_long,3,,411.76,408.4,411.1
HYP-OR-CONT-EVENT-01,SPY,2022-08-02,2022-08-02T14:05:00+00:00,2022-08-02T14:25:00+00:00,2022-08-02T14:25:00+00:00,low,continuation_short,3,,409.77,407.6787,408.2487
HYP-OR-CONT-EVENT-01,SPY,2022-08-03,2022-08-03T14:00:00+00:00,2022-08-03T14:20:00+00:00,2022-08-03T14:20:00+00:00,high,continuation_long,3,,411.725,410.0,410.86
HYP-OR-CONT-EVENT-01,SPY,2022-08-04,2022-08-04T14:15:00+00:00,2022-08-04T14:35:00+00:00,2022-08-04T14:35:00+00:00,low,continuation_short,3,,415.05,413.43,412.88
HYP-OR-CONT-EVENT-01,SPY,2022-08-05,2022-08-05T14:00:00+00:00,2022-08-05T14:20:00+00:00,2022-08-05T14:20:00+00:00,high,continuation_long,3,,412.23,409.6,413.83
HYP-OR-CONT-EVENT-01,SPY,2022-08-08,2022-08-08T14:00:00+00:00,2022-08-08T14:20:00+00:00,2022-08-08T14:20:00+00:00,high,continuation_long,3,,417.62,414.92,416.8
HYP-OR-CONT-EVENT-01,SPY,2022-08-09,2022-08-09T14:00:00+00:00,2022-08-09T14:20:00+00:00,2022-08-09T14:20:00+00:00,low,continuation_short,3,,412.75,410.91,411.49
HYP-OR-CONT-EVENT-01,SPY,2022-08-10,2022-08-10T15:00:00+00:00,2022-08-10T15:20:00+00:00,2022-08-10T15:20:00+00:00,high,continuation_long,3,,418.86,417.205,419.095
HYP-OR-CONT-EVENT-01,SPY,2022-08-11,2022-08-11T14:00:00+00:00,2022-08-11T14:20:00+00:00,2022-08-11T14:20:00+00:00,high,continuation_long,3,,423.53,422.24,424.85
HYP-OR-CONT-EVENT-01,SPY,2022-08-12,2022-08-12T14:00:00+00:00,2022-08-12T14:20:00+00:00,2022-08-12T14:20:00+00:00,low,continuation_short,3,,422.89,421.4585,422.85
HYP-OR-CONT-EVENT-01,SPY,2022-08-15,2022-08-15T15:40:00+00:00,2022-08-15T16:00:00+00:00,2022-08-15T16:00:00+00:00,high,continuation_long,3,,427.34,424.71,428.02
HYP-OR-CONT-EVENT-01,SPY,2022-08-16,2022-08-16T14:00:00+00:00,2022-08-16T14:20:00+00:00,2022-08-16T14:20:00+00:00,low,continuation_short,3,,428.78,427.62,428.04
HYP-OR-CONT-EVENT-01,SPY,2022-08-17,2022-08-17T14:35:00+00:00,2022-08-17T14:55:00+00:00,2022-08-17T14:55:00+00:00,low,continuation_short,3,,427.41,425.9,425.465
HYP-OR-CONT-EVENT-01,SPY,2022-08-18,2022-08-18T14:00:00+00:00,2022-08-18T14:20:00+00:00,2022-08-18T14:20:00+00:00,low,continuation_short,3,,427.02,425.81,426.3
HYP-OR-CONT-EVENT-01,SPY,2022-08-19,2022-08-19T14:10:00+00:00,2022-08-19T14:30:00+00:00,2022-08-19T14:30:00+00:00,low,continuation_short,3,,425.26,422.82,423.22
HYP-OR-CONT-EVENT-01,SPY,2022-08-22,2022-08-22T14:05:00+00:00,2022-08-22T14:25:00+00:00,2022-08-22T14:25:00+00:00,low,continuation_short,3,,417.23,415.63,414.77
HYP-OR-CONT-EVENT-01,SPY,2022-08-23,2022-08-23T14:05:00+00:00,2022-08-23T14:25:00+00:00,2022-08-23T14:25:00+00:00,high,continuation_long,3,,414.51,412.35,414.78
HYP-OR-CONT-EVENT-01,SPY,2022-08-24,2022-08-24T14:00:00+00:00,2022-08-24T14:20:00+00:00,2022-08-24T14:20:00+00:00,high,continuation_long,3,,412.68,411.39,413.36
HYP-OR-CONT-EVENT-01,SPY,2022-08-25,2022-08-25T14:00:00+00:00,2022-08-25T14:20:00+00:00,2022-08-25T14:20:00+00:00,high,continuation_long,3,,416.52,414.09,416.52
HYP-OR-CONT-EVENT-01,SPY,2022-08-26,2022-08-26T14:00:00+00:00,2022-08-26T14:20:00+00:00,2022-08-26T14:20:00+00:00,low,continuation_short,3,,419.59,418.05,418.48
HYP-OR-CONT-EVENT-01,SPY,2022-08-29,2022-08-29T14:50:00+00:00,2022-08-29T15:10:00+00:00,2022-08-29T15:10:00+00:00,low,continuation_short,3,,404.17,401.5101,401.8801
HYP-OR-CONT-EVENT-01,SPY,2022-08-30,2022-08-30T14:00:00+00:00,2022-08-30T14:20:00+00:00,2022-08-30T14:20:00+00:00,low,continuation_short,3,,404.1,401.5415,400.39
HYP-OR-CONT-EVENT-01,SPY,2022-08-31,2022-08-31T14:15:00+00:00,2022-08-31T14:35:00+00:00,2022-08-31T14:35:00+00:00,low,continuation_short,3,,401.24,398.2,398.21
HYP-OR-CONT-EVENT-01,SPY,2022-09-01,2022-09-01T14:00:00+00:00,2022-09-01T14:20:00+00:00,2022-09-01T14:20:00+00:00,low,continuation_short,3,,393.46,391.95,390.94
HYP-OR-CONT-EVENT-01,SPY,2022-09-02,2022-09-02T14:30:00+00:00,2022-09-02T14:50:00+00:00,2022-09-02T14:50:00+00:00,high,continuation_long,3,,400.43,397.64,400.94
HYP-OR-CONT-EVENT-01,SPY,2022-09-06,2022-09-06T14:00:00+00:00,2022-09-06T14:20:00+00:00,2022-09-06T14:20:00+00:00,low,continuation_short,3,,394.12,390.52,389.414
HYP-OR-CONT-EVENT-01,SPY,2022-09-07,2022-09-07T14:30:00+00:00,2022-09-07T14:50:00+00:00,2022-09-07T14:50:00+00:00,high,continuation_long,3,,392.75,390.2,392.4299
HYP-OR-CONT-EVENT-01,SPY,2022-09-08,2022-09-08T14:15:00+00:00,2022-09-08T14:35:00+00:00,2022-09-08T14:35:00+00:00,high,continuation_long,3,,397.7,394.12,398.48
HYP-OR-CONT-EVENT-01,SPY,2022-09-09,2022-09-09T14:00:00+00:00,2022-09-09T14:20:00+00:00,2022-09-09T14:20:00+00:00,high,continuation_long,3,,404.3,402.46,404.8
HYP-OR-CONT-EVENT-01,SPY,2022-09-12,2022-09-12T14:00:00+00:00,2022-09-12T14:20:00+00:00,2022-09-12T14:20:00+00:00,high,continuation_long,3,,411.03,408.46,411.46
HYP-OR-CONT-EVENT-01,SPY,2022-09-13,2022-09-13T14:00:00+00:00,2022-09-13T14:20:00+00:00,2022-09-13T14:20:00+00:00,low,continuation_short,3,,403.1,400.81,400.98
HYP-OR-CONT-EVENT-01,SPY,2022-09-14,2022-09-14T14:50:00+00:00,2022-09-14T15:10:00+00:00,2022-09-14T15:10:00+00:00,high,continuation_long,3,,395.61,393.02,395.87
HYP-OR-CONT-EVENT-01,SPY,2022-09-15,2022-09-15T14:00:00+00:00,2022-09-15T14:20:00+00:00,2022-09-15T14:20:00+00:00,high,continuation_long,3,,395.36,392.2929,395.17
HYP-OR-CONT-EVENT-01,SPY,2022-09-16,2022-09-16T14:10:00+00:00,2022-09-16T14:30:00+00:00,2022-09-16T14:30:00+00:00,high,continuation_long,3,,384.68,382.12,384.29
HYP-OR-CONT-EVENT-01,SPY,2022-09-19,2022-09-19T14:10:00+00:00,2022-09-19T14:30:00+00:00,2022-09-19T14:30:00+00:00,high,continuation_long,3,,385.49,382.1784,385.72
HYP-OR-CONT-EVENT-01,SPY,2022-09-20,2022-09-20T14:00:00+00:00,2022-09-20T14:20:00+00:00,2022-09-20T14:20:00+00:00,low,continuation_short,3,,385.3,383.41,383.395
HYP-OR-CONT-EVENT-01,SPY,2022-09-21,2022-09-21T14:25:00+00:00,2022-09-21T14:45:00+00:00,2022-09-21T14:45:00+00:00,high,continuation_long,3,,386.88,385.42,385.95
HYP-OR-CONT-EVENT-01,SPY,2022-09-22,2022-09-22T14:00:00+00:00,2022-09-22T14:20:00+00:00,2022-09-22T14:20:00+00:00,low,continuation_short,3,,377.66,374.44,375.22
HYP-OR-CONT-EVENT-01,SPY,2022-09-23,2022-09-23T14:00:00+00:00,2022-09-23T14:20:00+00:00,2022-09-23T14:20:00+00:00,low,continuation_short,3,,370.62,367.7,368.08
HYP-OR-CONT-EVENT-01,SPY,2022-09-26,2022-09-26T14:00:00+00:00,2022-09-26T14:20:00+00:00,2022-09-26T14:20:00+00:00,high,continuation_long,3,,368.67,366.06,369.87
HYP-OR-CONT-EVENT-01,SPY,2022-09-27,2022-09-27T14:00:00+00:00,2022-09-27T14:20:00+00:00,2022-09-27T14:20:00+00:00,low,continuation_short,3,,370.4,367.61,367.09
HYP-OR-CONT-EVENT-01,SPY,2022-09-28,2022-09-28T14:00:00+00:00,2022-09-28T14:20:00+00:00,2022-09-28T14:20:00+00:00,high,continuation_long,3,,364.96,362.6,364.3
HYP-OR-CONT-EVENT-01,SPY,2022-09-29,2022-09-29T14:00:00+00:00,2022-09-29T14:20:00+00:00,2022-09-29T14:20:00+00:00,low,continuation_short,3,,367.11,362.81,361.0
HYP-OR-CONT-EVENT-01,SPY,2022-09-30,2022-09-30T14:30:00+00:00,2022-09-30T14:50:00+00:00,2022-09-30T14:50:00+00:00,high,continuation_long,3,,363.69,360.1623,363.89
HYP-OR-CONT-EVENT-01,SPY,2022-10-03,2022-10-03T14:00:00+00:00,2022-10-03T14:20:00+00:00,2022-10-03T14:20:00+00:00,high,continuation_long,3,,361.63,359.21,363.445
HYP-OR-CONT-EVENT-01,SPY,2022-10-04,2022-10-04T14:00:00+00:00,2022-10-04T14:20:00+00:00,2022-10-04T14:20:00+00:00,high,continuation_long,3,,376.07,372.31,376.62
HYP-OR-CONT-EVENT-01,SPY,2022-10-05,2022-10-05T14:00:00+00:00,2022-10-05T14:20:00+00:00,2022-10-05T14:20:00+00:00,low,continuation_short,3,,375.18,373.3,371.7
HYP-OR-CONT-EVENT-01,SPY,2022-10-06,2022-10-06T14:00:00+00:00,2022-10-06T14:20:00+00:00,2022-10-06T14:20:00+00:00,low,continuation_short,3,,378.72,375.34,374.63
HYP-OR-CONT-EVENT-01,SPY,2022-10-07,2022-10-07T14:00:00+00:00,2022-10-07T14:20:00+00:00,2022-10-07T14:20:00+00:00,low,continuation_short,3,,369.37,365.36,366.26
HYP-OR-CONT-EVENT-01,SPY,2022-10-10,2022-10-10T14:00:00+00:00,2022-10-10T14:20:00+00:00,2022-10-10T14:20:00+00:00,low,continuation_short,3,,364.21,361.54,361.65
HYP-OR-CONT-EVENT-01,SPY,2022-10-11,2022-10-11T14:00:00+00:00,2022-10-11T14:20:00+00:00,2022-10-11T14:20:00+00:00,low,continuation_short,3,,358.9,356.5,356.92
HYP-OR-CONT-EVENT-01,SPY,2022-10-13,2022-10-13T14:00:00+00:00,2022-10-13T14:20:00+00:00,2022-10-13T14:20:00+00:00,high,continuation_long,3,,352.5,348.11,353.01
HYP-OR-CONT-EVENT-01,SPY,2022-10-14,2022-10-14T14:00:00+00:00,2022-10-14T14:20:00+00:00,2022-10-14T14:20:00+00:00,low,continuation_short,3,,370.26,365.99,362.3674
HYP-OR-CONT-EVENT-01,SPY,2022-10-17,2022-10-17T15:50:00+00:00,2022-10-17T16:10:00+00:00,2022-10-17T16:10:00+00:00,high,continuation_long,3,,367.38,363.97,367.54
HYP-OR-CONT-EVENT-01,SPY,2022-10-18,2022-10-18T14:20:00+00:00,2022-10-18T14:40:00+00:00,2022-10-18T14:40:00+00:00,low,continuation_short,3,,375.45,372.45,371.11
HYP-OR-CONT-EVENT-01,SPY,2022-10-19,2022-10-19T14:20:00+00:00,2022-10-19T14:40:00+00:00,2022-10-19T14:40:00+00:00,high,continuation_long,3,,370.94,367.85,371.26
HYP-OR-CONT-EVENT-01,SPY,2022-10-20,2022-10-20T14:00:00+00:00,2022-10-20T14:20:00+00:00,2022-10-20T14:20:00+00:00,high,continuation_long,3,,369.82,367.0,372.25
HYP-OR-CONT-EVENT-01,SPY,2022-10-21,2022-10-21T14:00:00+00:00,2022-10-21T14:20:00+00:00,2022-10-21T14:20:00+00:00,high,continuation_long,3,,369.125,363.54,369.44
HYP-OR-CONT-EVENT-01,SPY,2022-10-24,2022-10-24T14:00:00+00:00,2022-10-24T14:20:00+00:00,2022-10-24T14:20:00+00:00,low,continuation_short,3,,378.76,375.09,374.95
HYP-OR-CONT-EVENT-01,SPY,2022-10-25,2022-10-25T14:25:00+00:00,2022-10-25T14:45:00+00:00,2022-10-25T14:45:00+00:00,high,continuation_long,3,,382.6,378.71,382.04
HYP-OR-CONT-EVENT-01,SPY,2022-10-26,2022-10-26T14:00:00+00:00,2022-10-26T14:20:00+00:00,2022-10-26T14:20:00+00:00,high,continuation_long,3,,383.15,381.35,384.36
HYP-OR-CONT-EVENT-01,SPY,2022-10-27,2022-10-27T14:15:00+00:00,2022-10-27T14:35:00+00:00,2022-10-27T14:35:00+00:00,high,continuation_long,3,,384.33,380.52,384.28
HYP-OR-CONT-EVENT-01,SPY,2022-10-28,2022-10-28T14:00:00+00:00,2022-10-28T14:20:00+00:00,2022-10-28T14:20:00+00:00,high,continuation_long,3,,383.36,379.68,382.8
HYP-OR-CONT-EVENT-01,SPY,2022-10-31,2022-10-31T14:00:00+00:00,2022-10-31T14:20:00+00:00,2022-10-31T14:20:00+00:00,low,continuation_short,3,,387.47,385.47,386.605
HYP-OR-CONT-EVENT-01,SPY,2022-11-01,2022-11-01T14:00:00+00:00,2022-11-01T14:20:00+00:00,2022-11-01T14:20:00+00:00,low,continuation_short,3,,390.39,387.74,385.46
HYP-OR-CONT-EVENT-01,SPY,2022-11-02,2022-11-02T14:00:00+00:00,2022-11-02T14:20:00+00:00,2022-11-02T14:20:00+00:00,low,continuation_short,3,,384.06,382.41,382.49
HYP-OR-CONT-EVENT-01,SPY,2022-11-03,2022-11-03T14:25:00+00:00,2022-11-03T14:45:00+00:00,2022-11-03T14:45:00+00:00,high,continuation_long,3,,372.25,369.04,372.2301
HYP-OR-CONT-EVENT-01,SPY,2022-11-04,2022-11-04T14:20:00+00:00,2022-11-04T14:40:00+00:00,2022-11-04T14:40:00+00:00,high,continuation_long,3,,377.37,372.225,377.721
HYP-OR-CONT-EVENT-01,SPY,2022-11-07,2022-11-07T19:05:00+00:00,2022-11-07T19:25:00+00:00,2022-11-07T19:25:00+00:00,high,continuation_long,3,,378.34,375.53,379.46
HYP-OR-CONT-EVENT-01,SPY,2022-11-08,2022-11-08T15:10:00+00:00,2022-11-08T15:30:00+00:00,2022-11-08T15:30:00+00:00,high,continuation_long,3,,381.23,379.53,381.96
HYP-OR-CONT-EVENT-01,SPY,2022-11-09,2022-11-09T15:05:00+00:00,2022-11-09T15:25:00+00:00,2022-11-09T15:25:00+00:00,high,continuation_long,3,,380.09,378.15,380.66
HYP-OR-CONT-EVENT-01,SPY,2022-11-10,2022-11-10T15:00:00+00:00,2022-11-10T15:20:00+00:00,2022-11-10T15:20:00+00:00,high,continuation_long,3,,389.83,385.642,389.2
HYP-OR-CONT-EVENT-01,SPY,2022-11-11,2022-11-11T15:05:00+00:00,2022-11-11T15:25:00+00:00,2022-11-11T15:25:00+00:00,high,continuation_long,3,,396.155,393.61,396.96
HYP-OR-CONT-EVENT-01,SPY,2022-11-14,2022-11-14T15:00:00+00:00,2022-11-14T15:20:00+00:00,2022-11-14T15:20:00+00:00,high,continuation_long,3,,397.8,395.92,398.48
HYP-OR-CONT-EVENT-01,SPY,2022-11-15,2022-11-15T15:50:00+00:00,2022-11-15T16:10:00+00:00,2022-11-15T16:10:00+00:00,low,continuation_short,3,,402.31,399.97,400.17
HYP-OR-CONT-EVENT-01,SPY,2022-11-16,2022-11-16T15:50:00+00:00,2022-11-16T16:10:00+00:00,2022-11-16T16:10:00+00:00,low,continuation_short,3,,397.78,395.73,395.71
HYP-OR-CONT-EVENT-01,SPY,2022-11-17,2022-11-17T15:00:00+00:00,2022-11-17T15:20:00+00:00,2022-11-17T15:20:00+00:00,low,continuation_short,3,,391.7,390.27,391.78
HYP-OR-CONT-EVENT-01,SPY,2022-11-18,2022-11-18T15:00:00+00:00,2022-11-18T15:20:00+00:00,2022-11-18T15:20:00+00:00,low,continuation_short,3,,397.81,395.56,394.9578
HYP-OR-CONT-EVENT-01,SPY,2022-11-21,2022-11-21T15:15:00+00:00,2022-11-21T15:35:00+00:00,2022-11-21T15:35:00+00:00,low,continuation_short,3,,395.82,394.28,393.69
HYP-OR-CONT-EVENT-01,SPY,2022-11-22,2022-11-22T15:10:00+00:00,2022-11-22T15:30:00+00:00,2022-11-22T15:30:00+00:00,high,continuation_long,3,,396.86,395.1527,397.13
HYP-OR-CONT-EVENT-01,SPY,2022-11-23,2022-11-23T15:05:00+00:00,2022-11-23T15:25:00+00:00,2022-11-23T15:25:00+00:00,high,continuation_long,3,,401.85,399.49,401.7701
HYP-OR-CONT-EVENT-01,SPY,2022-11-25,2022-11-25T15:00:00+00:00,2022-11-25T15:20:00+00:00,2022-11-25T15:20:00+00:00,high,continuation_long,3,,402.56,401.535,402.59
HYP-OR-CONT-EVENT-01,SPY,2022-11-28,2022-11-28T15:25:00+00:00,2022-11-28T15:45:00+00:00,2022-11-28T15:45:00+00:00,low,continuation_short,3,,400.81,399.0,399.25
HYP-OR-CONT-EVENT-01,SPY,2022-11-29,2022-11-29T15:25:00+00:00,2022-11-29T15:45:00+00:00,2022-11-29T15:45:00+00:00,high,continuation_long,3,,396.6399,395.24,396.72
HYP-OR-CONT-EVENT-01,SPY,2022-11-30,2022-11-30T15:00:00+00:00,2022-11-30T15:20:00+00:00,2022-11-30T15:20:00+00:00,low,continuation_short,3,,396.2094,394.865,394.34
HYP-OR-CONT-EVENT-01,SPY,2022-12-01,2022-12-01T15:00:00+00:00,2022-12-01T15:20:00+00:00,2022-12-01T15:20:00+00:00,low,continuation_short,3,,409.72,408.16,405.67
HYP-OR-CONT-EVENT-01,SPY,2022-12-02,2022-12-02T15:10:00+00:00,2022-12-02T15:30:00+00:00,2022-12-02T15:30:00+00:00,high,continuation_long,3,,404.1,402.14,403.67
HYP-OR-CONT-EVENT-01,SPY,2022-12-05,2022-12-05T15:00:00+00:00,2022-12-05T15:20:00+00:00,2022-12-05T15:20:00+00:00,low,continuation_short,3,,404.93,403.28,402.635
HYP-OR-CONT-EVENT-01,SPY,2022-12-06,2022-12-06T15:00:00+00:00,2022-12-06T15:20:00+00:00,2022-12-06T15:20:00+00:00,low,continuation_short,3,,399.99,397.157,396.425
HYP-OR-CONT-EVENT-01,SPY,2022-12-07,2022-12-07T15:10:00+00:00,2022-12-07T15:30:00+00:00,2022-12-07T15:30:00+00:00,low,continuation_short,3,,395.3,392.34,394.76
HYP-OR-CONT-EVENT-01,SPY,2022-12-08,2022-12-08T15:00:00+00:00,2022-12-08T15:20:00+00:00,2022-12-08T15:20:00+00:00,high,continuation_long,3,,396.2501,393.45,396.12
HYP-OR-CONT-EVENT-01,SPY,2022-12-09,2022-12-09T16:20:00+00:00,2022-12-09T16:40:00+00:00,2022-12-09T16:40:00+00:00,high,continuation_long,3,,396.89,394.12,396.76
HYP-OR-CONT-EVENT-01,SPY,2022-12-12,2022-12-12T15:00:00+00:00,2022-12-12T15:20:00+00:00,2022-12-12T15:20:00+00:00,high,continuation_long,3,,394.76,393.412,393.95
HYP-OR-CONT-EVENT-01,SPY,2022-12-13,2022-12-13T15:05:00+00:00,2022-12-13T15:25:00+00:00,2022-12-13T15:25:00+00:00,low,continuation_short,3,,410.49,407.4,405.79
HYP-OR-CONT-EVENT-01,SPY,2022-12-14,2022-12-14T15:00:00+00:00,2022-12-14T15:20:00+00:00,2022-12-14T15:20:00+00:00,high,continuation_long,3,,403.98,401.58,404.34
HYP-OR-CONT-EVENT-01,SPY,2022-12-15,2022-12-15T15:00:00+00:00,2022-12-15T15:20:00+00:00,2022-12-15T15:20:00+00:00,low,continuation_short,3,,395.25,391.17,391.675
HYP-OR-CONT-EVENT-01,SPY,2022-12-16,2022-12-16T15:05:00+00:00,2022-12-16T15:25:00+00:00,2022-12-16T15:25:00+00:00,low,continuation_short,3,,386.575,384.53,382.97
HYP-OR-CONT-EVENT-01,SPY,2022-12-19,2022-12-19T15:50:00+00:00,2022-12-19T16:10:00+00:00,2022-12-19T16:10:00+00:00,low,continuation_short,3,,383.82,381.89,381.5
HYP-OR-CONT-EVENT-01,SPY,2022-12-20,2022-12-20T15:00:00+00:00,2022-12-20T15:20:00+00:00,2022-12-20T15:20:00+00:00,high,continuation_long,3,,380.27,377.85,380.69
HYP-OR-CONT-EVENT-01,SPY,2022-12-21,2022-12-21T15:00:00+00:00,2022-12-21T15:20:00+00:00,2022-12-21T15:20:00+00:00,high,continuation_long,3,,383.98,382.69,384.66
HYP-OR-CONT-EVENT-01,SPY,2022-12-22,2022-12-22T15:00:00+00:00,2022-12-22T15:20:00+00:00,2022-12-22T15:20:00+00:00,low,continuation_short,3,,383.38,380.97,380.09
HYP-OR-CONT-EVENT-01,SPY,2022-12-23,2022-12-23T15:15:00+00:00,2022-12-23T15:35:00+00:00,2022-12-23T15:35:00+00:00,high,continuation_long,3,,381.27,378.03,382.15
HYP-OR-CONT-EVENT-01,SPY,2022-12-28,2022-12-28T15:25:00+00:00,2022-12-28T15:45:00+00:00,2022-12-28T15:45:00+00:00,low,continuation_short,3,,383.39,380.62,380.46
HYP-OR-CONT-EVENT-01,SPY,2022-12-29,2022-12-29T15:00:00+00:00,2022-12-29T15:20:00+00:00,2022-12-29T15:20:00+00:00,high,continuation_long,3,,381.8099,379.08,382.805
HYP-OR-CONT-EVENT-01,SPY,2022-12-30,2022-12-30T19:00:00+00:00,2022-12-30T19:20:00+00:00,2022-12-30T19:20:00+00:00,low,continuation_short,3,,381.62,379.02,378.82
HYP-OR-CONT-EVENT-01,SPY,2023-01-03,2023-01-03T15:10:00+00:00,2023-01-03T15:30:00+00:00,2023-01-03T15:30:00+00:00,low,continuation_short,3,,386.43,381.6601,380.89
HYP-OR-CONT-EVENT-01,SPY,2023-01-04,2023-01-04T15:00:00+00:00,2023-01-04T15:20:00+00:00,2023-01-04T15:20:00+00:00,low,continuation_short,3,,384.17,381.9,381.25
HYP-OR-CONT-EVENT-01,SPY,2023-01-05,2023-01-05T15:05:00+00:00,2023-01-05T15:25:00+00:00,2023-01-05T15:25:00+00:00,high,continuation_long,3,,381.76,378.89,380.02
HYP-OR-CONT-EVENT-01,SPY,2023-01-06,2023-01-06T15:35:00+00:00,2023-01-06T15:55:00+00:00,2023-01-06T15:55:00+00:00,high,continuation_long,3,,383.96,379.45,385.23
HYP-OR-CONT-EVENT-01,SPY,2023-01-09,2023-01-09T15:00:00+00:00,2023-01-09T15:20:00+00:00,2023-01-09T15:20:00+00:00,high,continuation_long,3,,391.67,389.35,391.85
HYP-OR-CONT-EVENT-01,SPY,2023-01-10,2023-01-10T15:10:00+00:00,2023-01-10T15:30:00+00:00,2023-01-10T15:30:00+00:00,high,continuation_long,3,,389.23,387.02,388.26
HYP-OR-CONT-EVENT-01,SPY,2023-01-11,2023-01-11T15:35:00+00:00,2023-01-11T15:55:00+00:00,2023-01-11T15:55:00+00:00,low,continuation_short,3,,393.1594,391.8,391.915
HYP-OR-CONT-EVENT-01,SPY,2023-01-12,2023-01-12T17:05:00+00:00,2023-01-12T17:25:00+00:00,2023-01-12T17:25:00+00:00,high,continuation_long,3,,396.965,392.42,397.505
HYP-OR-CONT-EVENT-01,SPY,2023-01-13,2023-01-13T15:00:00+00:00,2023-01-13T15:20:00+00:00,2023-01-13T15:20:00+00:00,high,continuation_long,3,,395.22,393.34,395.695
HYP-OR-CONT-EVENT-01,SPY,2023-01-17,2023-01-17T15:00:00+00:00,2023-01-17T15:20:00+00:00,2023-01-17T15:20:00+00:00,high,continuation_long,3,,399.1,397.62,399.76
HYP-OR-CONT-EVENT-01,SPY,2023-01-18,2023-01-18T15:00:00+00:00,2023-01-18T15:20:00+00:00,2023-01-18T15:20:00+00:00,high,continuation_long,3,,399.69,398.4,398.89
HYP-OR-CONT-EVENT-01,SPY,2023-01-19,2023-01-19T15:10:00+00:00,2023-01-19T15:30:00+00:00,2023-01-19T15:30:00+00:00,low,continuation_short,3,,390.43,388.6196,389.06
HYP-OR-CONT-EVENT-01,SPY,2023-01-20,2023-01-20T15:05:00+00:00,2023-01-20T15:25:00+00:00,2023-01-20T15:25:00+00:00,high,continuation_long,3,,390.11,388.38,390.48
HYP-OR-CONT-EVENT-01,SPY,2023-01-23,2023-01-23T15:00:00+00:00,2023-01-23T15:20:00+00:00,2023-01-23T15:20:00+00:00,high,continuation_long,3,,398.3,395.72,398.72
HYP-OR-CONT-EVENT-01,SPY,2023-01-24,2023-01-24T15:50:00+00:00,2023-01-24T16:10:00+00:00,2023-01-24T16:10:00+00:00,high,continuation_long,3,,400.15,397.98,400.31
HYP-OR-CONT-EVENT-01,SPY,2023-01-25,2023-01-25T15:00:00+00:00,2023-01-25T15:20:00+00:00,2023-01-25T15:20:00+00:00,low,continuation_short,3,,396.65,394.32,394.97
HYP-OR-CONT-EVENT-01,SPY,2023-01-26,2023-01-26T15:50:00+00:00,2023-01-26T16:10:00+00:00,2023-01-26T16:10:00+00:00,low,continuation_short,3,,404.07,400.8,400.52
HYP-OR-CONT-EVENT-01,SPY,2023-01-27,2023-01-27T15:00:00+00:00,2023-01-27T15:20:00+00:00,2023-01-27T15:20:00+00:00,high,continuation_long,3,,405.52,403.44,405.9701
HYP-OR-CONT-EVENT-01,SPY,2023-01-30,2023-01-30T15:00:00+00:00,2023-01-30T15:20:00+00:00,2023-01-30T15:20:00+00:00,high,continuation_long,3,,404.6,402.66,404.09
HYP-OR-CONT-EVENT-01,SPY,2023-01-31,2023-01-31T15:05:00+00:00,2023-01-31T15:25:00+00:00,2023-01-31T15:25:00+00:00,low,continuation_short,3,,402.3401,400.88,402.255
HYP-OR-CONT-EVENT-01,SPY,2023-02-01,2023-02-01T15:05:00+00:00,2023-02-01T15:25:00+00:00,2023-02-01T15:25:00+00:00,low,continuation_short,3,,406.43,404.81,405.46
HYP-OR-CONT-EVENT-01,SPY,2023-02-02,2023-02-02T15:00:00+00:00,2023-02-02T15:20:00+00:00,2023-02-02T15:20:00+00:00,low,continuation_short,3,,415.08,413.33,414.56
HYP-OR-CONT-EVENT-01,SPY,2023-02-03,2023-02-03T15:10:00+00:00,2023-02-03T15:30:00+00:00,2023-02-03T15:30:00+00:00,high,continuation_long,3,,414.43,411.44,414.99
HYP-OR-CONT-EVENT-01,SPY,2023-02-06,2023-02-06T15:15:00+00:00,2023-02-06T15:35:00+00:00,2023-02-06T15:35:00+00:00,low,continuation_short,3,,410.89,409.365,408.59
HYP-OR-CONT-EVENT-01,SPY,2023-02-07,2023-02-07T15:10:00+00:00,2023-02-07T15:30:00+00:00,2023-02-07T15:30:00+00:00,low,continuation_short,3,,409.58,408.5319,408.63
HYP-OR-CONT-EVENT-01,SPY,2023-02-08,2023-02-08T15:30:00+00:00,2023-02-08T15:50:00+00:00,2023-02-08T15:50:00+00:00,low,continuation_short,3,,414.42,412.77,412.64
HYP-OR-CONT-EVENT-01,SPY,2023-02-09,2023-02-09T15:25:00+00:00,2023-02-09T15:45:00+00:00,2023-02-09T15:45:00+00:00,low,continuation_short,3,,414.57,412.96,412.44
HYP-OR-CONT-EVENT-01,SPY,2023-02-10,2023-02-10T15:00:00+00:00,2023-02-10T15:20:00+00:00,2023-02-10T15:20:00+00:00,low,continuation_short,3,,406.99,405.47,407.66
HYP-OR-CONT-EVENT-01,SPY,2023-02-13,2023-02-13T15:00:00+00:00,2023-02-13T15:20:00+00:00,2023-02-13T15:20:00+00:00,high,continuation_long,3,,410.35,408.24,410.3
HYP-OR-CONT-EVENT-01,SPY,2023-02-14,2023-02-14T15:00:00+00:00,2023-02-14T15:20:00+00:00,2023-02-14T15:20:00+00:00,high,continuation_long,3,,413.72,409.49,414.31
HYP-OR-CONT-EVENT-01,SPY,2023-02-15,2023-02-15T16:05:00+00:00,2023-02-15T16:25:00+00:00,2023-02-15T16:25:00+00:00,high,continuation_long,3,,411.63,409.74,411.62
HYP-OR-CONT-EVENT-01,SPY,2023-02-16,2023-02-16T15:10:00+00:00,2023-02-16T15:30:00+00:00,2023-02-16T15:30:00+00:00,high,continuation_long,3,,409.75,408.26,410.51
HYP-OR-CONT-EVENT-01,SPY,2023-02-17,2023-02-17T15:20:00+00:00,2023-02-17T15:40:00+00:00,2023-02-17T15:40:00+00:00,high,continuation_long,3,,406.81,404.18,406.26
HYP-OR-CONT-EVENT-01,SPY,2023-02-21,2023-02-21T15:00:00+00:00,2023-02-21T15:20:00+00:00,2023-02-21T15:20:00+00:00,low,continuation_short,3,,404.16,402.29,401.95
HYP-OR-CONT-EVENT-01,SPY,2023-02-22,2023-02-22T15:00:00+00:00,2023-02-22T15:20:00+00:00,2023-02-22T15:20:00+00:00,low,continuation_short,3,,400.47,399.29,398.21
HYP-OR-CONT-EVENT-01,SPY,2023-02-23,2023-02-23T15:05:00+00:00,2023-02-23T15:25:00+00:00,2023-02-23T15:25:00+00:00,low,continuation_short,3,,402.2,400.76,401.08
HYP-OR-CONT-EVENT-01,SPY,2023-02-24,2023-02-24T15:00:00+00:00,2023-02-24T15:20:00+00:00,2023-02-24T15:20:00+00:00,low,continuation_short,3,,396.47,394.16,394.17
HYP-OR-CONT-EVENT-01,SPY,2023-02-27,2023-02-27T15:00:00+00:00,2023-02-27T15:20:00+00:00,2023-02-27T15:20:00+00:00,high,continuation_long,3,,400.35,399.08,401.11
HYP-OR-CONT-EVENT-01,SPY,2023-02-28,2023-02-28T16:00:00+00:00,2023-02-28T16:20:00+00:00,2023-02-28T16:20:00+00:00,high,continuation_long,3,,398.03,396.45,398.14
HYP-OR-CONT-EVENT-01,SPY,2023-03-01,2023-03-01T15:05:00+00:00,2023-03-01T15:25:00+00:00,2023-03-01T15:25:00+00:00,low,continuation_short,3,,396.69,395.16,394.61
HYP-OR-CONT-EVENT-01,SPY,2023-03-02,2023-03-02T15:00:00+00:00,2023-03-02T15:20:00+00:00,2023-03-02T15:20:00+00:00,high,continuation_long,3,,393.58,392.33,393.56
HYP-OR-CONT-EVENT-01,SPY,2023-03-03,2023-03-03T15:20:00+00:00,2023-03-03T15:40:00+00:00,2023-03-03T15:40:00+00:00,high,continuation_long,3,,400.92,399.155,400.86
HYP-OR-CONT-EVENT-01,SPY,2023-03-06,2023-03-06T15:05:00+00:00,2023-03-06T15:25:00+00:00,2023-03-06T15:25:00+00:00,high,continuation_long,3,,405.85,404.76,406.76
HYP-OR-CONT-EVENT-01,SPY,2023-03-07,2023-03-07T15:00:00+00:00,2023-03-07T15:20:00+00:00,2023-03-07T15:20:00+00:00,low,continuation_short,3,,404.67,404.08,400.9328
HYP-OR-CONT-EVENT-01,SPY,2023-03-08,2023-03-08T15:00:00+00:00,2023-03-08T15:20:00+00:00,2023-03-08T15:20:00+00:00,low,continuation_short,3,,399.1,397.94,397.97
HYP-OR-CONT-EVENT-01,SPY,2023-03-09,2023-03-09T16:05:00+00:00,2023-03-09T16:25:00+00:00,2023-03-09T16:25:00+00:00,low,continuation_short,3,,401.48,399.38,399.935
HYP-OR-CONT-EVENT-01,SPY,2023-03-10,2023-03-10T15:55:00+00:00,2023-03-10T16:15:00+00:00,2023-03-10T16:15:00+00:00,high,continuation_long,3,,391.2,387.48,390.62
HYP-OR-CONT-EVENT-01,SPY,2023-03-13,2023-03-13T14:05:00+00:00,2023-03-13T14:25:00+00:00,2023-03-13T14:25:00+00:00,high,continuation_long,3,,386.28,380.65,384.41
HYP-OR-CONT-EVENT-01,SPY,2023-03-14,2023-03-14T14:05:00+00:00,2023-03-14T14:25:00+00:00,2023-03-14T14:25:00+00:00,high,continuation_long,3,,391.92,389.9014,392.12
HYP-OR-CONT-EVENT-01,SPY,2023-03-15,2023-03-15T14:00:00+00:00,2023-03-15T14:20:00+00:00,2023-03-15T14:20:00+00:00,low,continuation_short,3,,387.72,385.17,386.43
HYP-OR-CONT-EVENT-01,SPY,2023-03-16,2023-03-16T14:40:00+00:00,2023-03-16T15:00:00+00:00,2023-03-16T15:00:00+00:00,high,continuation_long,3,,388.65,386.29,391.59
HYP-OR-CONT-EVENT-01,SPY,2023-03-17,2023-03-17T14:00:00+00:00,2023-03-17T14:20:00+00:00,2023-03-17T14:20:00+00:00,high,continuation_long,3,,394.17,392.24,391.91
HYP-OR-CONT-EVENT-01,SPY,2023-03-20,2023-03-20T14:00:00+00:00,2023-03-20T14:20:00+00:00,2023-03-20T14:20:00+00:00,high,continuation_long,3,,392.13,390.07,391.08
HYP-OR-CONT-EVENT-01,SPY,2023-03-21,2023-03-21T14:00:00+00:00,2023-03-21T14:20:00+00:00,2023-03-21T14:20:00+00:00,high,continuation_long,3,,397.99,397.07,396.7712
HYP-OR-CONT-EVENT-01,SPY,2023-03-22,2023-03-22T14:15:00+00:00,2023-03-22T14:35:00+00:00,2023-03-22T14:35:00+00:00,high,continuation_long,3,,398.875,398.08,399.68
HYP-OR-CONT-EVENT-01,SPY,2023-03-23,2023-03-23T14:00:00+00:00,2023-03-23T14:20:00+00:00,2023-03-23T14:20:00+00:00,high,continuation_long,3,,396.17,394.92,396.73
HYP-OR-CONT-EVENT-01,SPY,2023-03-24,2023-03-24T14:00:00+00:00,2023-03-24T14:20:00+00:00,2023-03-24T14:20:00+00:00,high,continuation_long,3,,391.98,389.4,390.99
HYP-OR-CONT-EVENT-01,SPY,2023-03-27,2023-03-27T14:15:00+00:00,2023-03-27T14:35:00+00:00,2023-03-27T14:35:00+00:00,low,continuation_short,3,,398.92,397.41,396.725
HYP-OR-CONT-EVENT-01,SPY,2023-03-28,2023-03-28T14:05:00+00:00,2023-03-28T14:25:00+00:00,2023-03-28T14:25:00+00:00,high,continuation_long,3,,396.03,394.97,395.93
HYP-OR-CONT-EVENT-01,SPY,2023-03-29,2023-03-29T14:00:00+00:00,2023-03-29T14:20:00+00:00,2023-03-29T14:20:00+00:00,high,continuation_long,3,,400.125,399.425,399.75
HYP-OR-CONT-EVENT-01,SPY,2023-03-30,2023-03-30T14:00:00+00:00,2023-03-30T14:20:00+00:00,2023-03-30T14:20:00+00:00,high,continuation_long,3,,404.14,403.51,403.17
HYP-OR-CONT-EVENT-01,SPY,2023-03-31,2023-03-31T14:00:00+00:00,2023-03-31T14:20:00+00:00,2023-03-31T14:20:00+00:00,high,continuation_long,3,,405.77,404.55,405.54
HYP-OR-CONT-EVENT-01,SPY,2023-04-03,2023-04-03T14:00:00+00:00,2023-04-03T14:20:00+00:00,2023-04-03T14:20:00+00:00,high,continuation_long,3,,410.7,408.82,410.91
HYP-OR-CONT-EVENT-01,SPY,2023-04-04,2023-04-04T14:00:00+00:00,2023-04-04T14:20:00+00:00,2023-04-04T14:20:00+00:00,high,continuation_long,3,,411.68,410.45,410.915
HYP-OR-CONT-EVENT-01,SPY,2023-04-05,2023-04-05T14:00:00+00:00,2023-04-05T14:20:00+00:00,2023-04-05T14:20:00+00:00,low,continuation_short,3,,408.62,407.77,407.425
HYP-OR-CONT-EVENT-01,SPY,2023-04-06,2023-04-06T14:10:00+00:00,2023-04-06T14:30:00+00:00,2023-04-06T14:30:00+00:00,high,continuation_long,3,,406.9,405.678,406.83
HYP-OR-CONT-EVENT-01,SPY,2023-04-10,2023-04-10T14:05:00+00:00,2023-04-10T14:25:00+00:00,2023-04-10T14:25:00+00:00,high,continuation_long,3,,406.84,405.97,406.68
HYP-OR-CONT-EVENT-01,SPY,2023-04-11,2023-04-11T14:00:00+00:00,2023-04-11T14:20:00+00:00,2023-04-11T14:20:00+00:00,low,continuation_short,3,,410.2809,409.41,409.525
HYP-OR-CONT-EVENT-01,SPY,2023-04-12,2023-04-12T14:35:00+00:00,2023-04-12T14:55:00+00:00,2023-04-12T14:55:00+00:00,low,continuation_short,3,,412.17,410.14,409.81
HYP-OR-CONT-EVENT-01,SPY,2023-04-13,2023-04-13T14:05:00+00:00,2023-04-13T14:25:00+00:00,2023-04-13T14:25:00+00:00,high,continuation_long,3,,409.53,408.7007,410.6499
HYP-OR-CONT-EVENT-01,SPY,2023-04-14,2023-04-14T14:05:00+00:00,2023-04-14T14:25:00+00:00,2023-04-14T14:25:00+00:00,low,continuation_short,3,,415.09,412.77,412.24
HYP-OR-CONT-EVENT-01,SPY,2023-04-17,2023-04-17T14:35:00+00:00,2023-04-17T14:55:00+00:00,2023-04-17T14:55:00+00:00,low,continuation_short,3,,413.19,412.23,412.2825
HYP-OR-CONT-EVENT-01,SPY,2023-04-18,2023-04-18T14:00:00+00:00,2023-04-18T14:20:00+00:00,2023-04-18T14:20:00+00:00,low,continuation_short,3,,415.72,414.49,414.28
HYP-OR-CONT-EVENT-01,SPY,2023-04-19,2023-04-19T14:00:00+00:00,2023-04-19T14:20:00+00:00,2023-04-19T14:20:00+00:00,high,continuation_long,3,,412.74,412.16,412.85
HYP-OR-CONT-EVENT-01,SPY,2023-04-20,2023-04-20T14:10:00+00:00,2023-04-20T14:30:00+00:00,2023-04-20T14:30:00+00:00,high,continuation_long,3,,412.32,411.08,412.23
HYP-OR-CONT-EVENT-01,SPY,2023-04-21,2023-04-21T14:25:00+00:00,2023-04-21T14:45:00+00:00,2023-04-21T14:45:00+00:00,high,continuation_long,3,,412.28,410.914,410.525
HYP-OR-CONT-EVENT-01,SPY,2023-04-24,2023-04-24T14:10:00+00:00,2023-04-24T14:30:00+00:00,2023-04-24T14:30:00+00:00,high,continuation_long,3,,412.95,411.94,412.96
HYP-OR-CONT-EVENT-01,SPY,2023-04-25,2023-04-25T14:10:00+00:00,2023-04-25T14:30:00+00:00,2023-04-25T14:30:00+00:00,low,continuation_short,3,,411.16,410.04,409.67
HYP-OR-CONT-EVENT-01,SPY,2023-04-26,2023-04-26T14:10:00+00:00,2023-04-26T14:30:00+00:00,2023-04-26T14:30:00+00:00,low,continuation_short,3,,407.27,406.32,405.38
HYP-OR-CONT-EVENT-01,SPY,2023-04-27,2023-04-27T14:10:00+00:00,2023-04-27T14:30:00+00:00,2023-04-27T14:30:00+00:00,high,continuation_long,3,,407.85,406.74,408.195
HYP-OR-CONT-EVENT-01,SPY,2023-04-28,2023-04-28T14:00:00+00:00,2023-04-28T14:20:00+00:00,2023-04-28T14:20:00+00:00,high,continuation_long,3,,412.77,411.43,414.41
HYP-OR-CONT-EVENT-01,SPY,2023-05-01,2023-05-01T14:45:00+00:00,2023-05-01T15:05:00+00:00,2023-05-01T15:05:00+00:00,high,continuation_long,3,,416.7299,415.38,416.72
HYP-OR-CONT-EVENT-01,SPY,2023-05-02,2023-05-02T14:00:00+00:00,2023-05-02T14:20:00+00:00,2023-05-02T14:20:00+00:00,low,continuation_short,3,,414.83,413.65,411.97
HYP-OR-CONT-EVENT-01,SPY,2023-05-03,2023-05-03T14:35:00+00:00,2023-05-03T14:55:00+00:00,2023-05-03T14:55:00+00:00,low,continuation_short,3,,412.65,411.25,410.69
HYP-OR-CONT-EVENT-01,SPY,2023-05-04,2023-05-04T14:15:00+00:00,2023-05-04T14:35:00+00:00,2023-05-04T14:35:00+00:00,low,continuation_short,3,,407.27,404.89,404.37
HYP-OR-CONT-EVENT-01,SPY,2023-05-05,2023-05-05T14:00:00+00:00,2023-05-05T14:20:00+00:00,2023-05-05T14:20:00+00:00,high,continuation_long,3,,410.34,408.64,410.96
HYP-OR-CONT-EVENT-01,SPY,2023-05-08,2023-05-08T14:10:00+00:00,2023-05-08T14:30:00+00:00,2023-05-08T14:30:00+00:00,low,continuation_short,3,,413.13,411.89,411.85
HYP-OR-CONT-EVENT-01,SPY,2023-05-09,2023-05-09T15:15:00+00:00,2023-05-09T15:35:00+00:00,2023-05-09T15:35:00+00:00,high,continuation_long,3,,411.675,410.6894,411.5901
HYP-OR-CONT-EVENT-01,SPY,2023-05-10,2023-05-10T14:40:00+00:00,2023-05-10T15:00:00+00:00,2023-05-10T15:00:00+00:00,low,continuation_short,3,,414.535,411.5001,410.91
HYP-OR-CONT-EVENT-01,SPY,2023-05-11,2023-05-11T14:00:00+00:00,2023-05-11T14:20:00+00:00,2023-05-11T14:20:00+00:00,low,continuation_short,3,,412.09,410.16,410.18
HYP-OR-CONT-EVENT-01,SPY,2023-05-12,2023-05-12T14:00:00+00:00,2023-05-12T14:20:00+00:00,2023-05-12T14:20:00+00:00,low,continuation_short,3,,413.64,412.52,412.35
HYP-OR-CONT-EVENT-01,SPY,2023-05-15,2023-05-15T14:05:00+00:00,2023-05-15T14:25:00+00:00,2023-05-15T14:25:00+00:00,low,continuation_short,3,,412.29,410.78,410.92
HYP-OR-CONT-EVENT-01,SPY,2023-05-16,2023-05-16T14:10:00+00:00,2023-05-16T14:30:00+00:00,2023-05-16T14:30:00+00:00,low,continuation_short,3,,412.815,410.89,411.81
HYP-OR-CONT-EVENT-01,SPY,2023-05-17,2023-05-17T15:15:00+00:00,2023-05-17T15:35:00+00:00,2023-05-17T15:35:00+00:00,high,continuation_long,3,,412.41,410.635,412.05
HYP-OR-CONT-EVENT-01,SPY,2023-05-18,2023-05-18T14:05:00+00:00,2023-05-18T14:25:00+00:00,2023-05-18T14:25:00+00:00,high,continuation_long,3,,415.47,414.67,416.78
HYP-OR-CONT-EVENT-01,SPY,2023-05-19,2023-05-19T15:05:00+00:00,2023-05-19T15:25:00+00:00,2023-05-19T15:25:00+00:00,low,continuation_short,3,,420.72,419.8,419.26
HYP-OR-CONT-EVENT-01,SPY,2023-05-22,2023-05-22T14:00:00+00:00,2023-05-22T14:20:00+00:00,2023-05-22T14:20:00+00:00,low,continuation_short,3,,420.39,418.62,419.16
HYP-OR-CONT-EVENT-01,SPY,2023-05-23,2023-05-23T14:00:00+00:00,2023-05-23T14:20:00+00:00,2023-05-23T14:20:00+00:00,high,continuation_long,3,,418.07,416.84,417.61
HYP-OR-CONT-EVENT-01,SPY,2023-05-24,2023-05-24T14:00:00+00:00,2023-05-24T14:20:00+00:00,2023-05-24T14:20:00+00:00,low,continuation_short,3,,412.49,410.97,410.96
HYP-OR-CONT-EVENT-01,SPY,2023-05-25,2023-05-25T14:10:00+00:00,2023-05-25T14:30:00+00:00,2023-05-25T14:30:00+00:00,low,continuation_short,3,,414.8,412.59,413.16
HYP-OR-CONT-EVENT-01,SPY,2023-05-26,2023-05-26T14:00:00+00:00,2023-05-26T14:20:00+00:00,2023-05-26T14:20:00+00:00,high,continuation_long,3,,417.41,415.25,418.295
HYP-OR-CONT-EVENT-01,SPY,2023-05-30,2023-05-30T14:00:00+00:00,2023-05-30T14:20:00+00:00,2023-05-30T14:20:00+00:00,low,continuation_short,3,,422.58,421.065,421.67
HYP-OR-CONT-EVENT-01,SPY,2023-05-31,2023-05-31T14:00:00+00:00,2023-05-31T14:20:00+00:00,2023-05-31T14:20:00+00:00,low,continuation_short,3,,419.22,418.06,417.195
HYP-OR-CONT-EVENT-01,SPY,2023-06-01,2023-06-01T14:05:00+00:00,2023-06-01T14:25:00+00:00,2023-06-01T14:25:00+00:00,high,continuation_long,3,,418.28,416.79,417.6192
HYP-OR-CONT-EVENT-01,SPY,2023-06-02,2023-06-02T14:00:00+00:00,2023-06-02T14:20:00+00:00,2023-06-02T14:20:00+00:00,low,continuation_short,3,,426.375,424.3,425.34
HYP-OR-CONT-EVENT-01,SPY,2023-06-06,2023-06-06T14:00:00+00:00,2023-06-06T14:20:00+00:00,2023-06-06T14:20:00+00:00,high,continuation_long,3,,426.8,425.99,427.49
HYP-OR-CONT-EVENT-01,SPY,2023-06-07,2023-06-07T14:15:00+00:00,2023-06-07T14:35:00+00:00,2023-06-07T14:35:00+00:00,low,continuation_short,3,,429.62,428.34,428.1
HYP-OR-CONT-EVENT-01,SPY,2023-06-08,2023-06-08T14:05:00+00:00,2023-06-08T14:25:00+00:00,2023-06-08T14:25:00+00:00,high,continuation_long,3,,427.12,425.82,427.27
HYP-OR-CONT-EVENT-01,SPY,2023-06-09,2023-06-09T14:00:00+00:00,2023-06-09T14:20:00+00:00,2023-06-09T14:20:00+00:00,high,continuation_long,3,,431.3,429.92,431.88
HYP-OR-CONT-EVENT-01,SPY,2023-06-12,2023-06-12T14:10:00+00:00,2023-06-12T14:30:00+00:00,2023-06-12T14:30:00+00:00,low,continuation_short,3,,431.26,430.29,430.74
HYP-OR-CONT-EVENT-01,SPY,2023-06-13,2023-06-13T14:10:00+00:00,2023-06-13T14:30:00+00:00,2023-06-13T14:30:00+00:00,low,continuation_short,3,,437.18,435.09,435.7
HYP-OR-CONT-EVENT-01,SPY,2023-06-14,2023-06-14T14:00:00+00:00,2023-06-14T14:20:00+00:00,2023-06-14T14:20:00+00:00,high,continuation_long,3,,437.69,436.51,437.905
HYP-OR-CONT-EVENT-01,SPY,2023-06-15,2023-06-15T14:00:00+00:00,2023-06-15T14:20:00+00:00,2023-06-15T14:20:00+00:00,high,continuation_long,3,,438.88,436.23,438.98
HYP-OR-CONT-EVENT-01,SPY,2023-06-16,2023-06-16T15:25:00+00:00,2023-06-16T15:45:00+00:00,2023-06-16T15:45:00+00:00,low,continuation_short,3,,443.18,440.77,440.94
HYP-OR-CONT-EVENT-01,SPY,2023-06-20,2023-06-20T14:00:00+00:00,2023-06-20T14:20:00+00:00,2023-06-20T14:20:00+00:00,low,continuation_short,3,,438.17,437.09,436.1599
HYP-OR-CONT-EVENT-01,SPY,2023-06-21,2023-06-21T15:05:00+00:00,2023-06-21T15:25:00+00:00,2023-06-21T15:25:00+00:00,low,continuation_short,3,,436.28,434.84,434.8324
HYP-OR-CONT-EVENT-01,SPY,2023-06-22,2023-06-22T14:10:00+00:00,2023-06-22T14:30:00+00:00,2023-06-22T14:30:00+00:00,high,continuation_long,3,,435.0899,433.6,435.59
HYP-OR-CONT-EVENT-01,SPY,2023-06-23,2023-06-23T14:00:00+00:00,2023-06-23T14:20:00+00:00,2023-06-23T14:20:00+00:00,high,continuation_long,3,,433.589,432.7117,433.94
HYP-OR-CONT-EVENT-01,SPY,2023-06-26,2023-06-26T14:00:00+00:00,2023-06-26T14:20:00+00:00,2023-06-26T14:20:00+00:00,high,continuation_long,3,,434.44,432.6,434.09
HYP-OR-CONT-EVENT-01,SPY,2023-06-27,2023-06-27T14:50:00+00:00,2023-06-27T15:10:00+00:00,2023-06-27T15:10:00+00:00,high,continuation_long,3,,433.3,432.23,432.95
HYP-OR-CONT-EVENT-01,SPY,2023-06-28,2023-06-28T14:15:00+00:00,2023-06-28T14:35:00+00:00,2023-06-28T14:35:00+00:00,high,continuation_long,3,,435.29,434.41,435.85
HYP-OR-CONT-EVENT-01,SPY,2023-06-29,2023-06-29T14:00:00+00:00,2023-06-29T14:20:00+00:00,2023-06-29T14:20:00+00:00,high,continuation_long,3,,436.98,435.54,436.76
HYP-OR-CONT-EVENT-01,SPY,2023-06-30,2023-06-30T14:00:00+00:00,2023-06-30T14:20:00+00:00,2023-06-30T14:20:00+00:00,high,continuation_long,3,,442.6695,441.11,443.175
HYP-OR-CONT-EVENT-01,SPY,2023-07-03,2023-07-03T14:00:00+00:00,2023-07-03T14:20:00+00:00,2023-07-03T14:20:00+00:00,high,continuation_long,3,,443.55,442.63,443.32
HYP-OR-CONT-EVENT-01,SPY,2023-07-05,2023-07-05T14:00:00+00:00,2023-07-05T14:20:00+00:00,2023-07-05T14:20:00+00:00,high,continuation_long,3,,443.32,441.9,443.47
HYP-OR-CONT-EVENT-01,SPY,2023-07-06,2023-07-06T14:00:00+00:00,2023-07-06T14:20:00+00:00,2023-07-06T14:20:00+00:00,low,continuation_short,3,,439.62,438.04,437.6801
HYP-OR-CONT-EVENT-01,SPY,2023-07-07,2023-07-07T14:00:00+00:00,2023-07-07T14:20:00+00:00,2023-07-07T14:20:00+00:00,high,continuation_long,3,,440.2,438.47,439.77
HYP-OR-CONT-EVENT-01,SPY,2023-07-10,2023-07-10T14:00:00+00:00,2023-07-10T14:20:00+00:00,2023-07-10T14:20:00+00:00,high,continuation_long,3,,439.348,438.05,439.562
HYP-OR-CONT-EVENT-01,SPY,2023-07-11,2023-07-11T15:50:00+00:00,2023-07-11T16:10:00+00:00,2023-07-11T16:10:00+00:00,high,continuation_long,3,,441.0471,439.65,441.33
HYP-OR-CONT-EVENT-01,SPY,2023-07-12,2023-07-12T14:10:00+00:00,2023-07-12T14:30:00+00:00,2023-07-12T14:30:00+00:00,high,continuation_long,3,,447.07,445.8318,447.22
HYP-OR-CONT-EVENT-01,SPY,2023-07-13,2023-07-13T15:05:00+00:00,2023-07-13T15:25:00+00:00,2023-07-13T15:25:00+00:00,high,continuation_long,3,,448.51,447.45,448.239
HYP-OR-CONT-EVENT-01,SPY,2023-07-14,2023-07-14T14:00:00+00:00,2023-07-14T14:20:00+00:00,2023-07-14T14:20:00+00:00,low,continuation_short,3,,451.09,450.35,451.125
HYP-OR-CONT-EVENT-01,SPY,2023-07-17,2023-07-17T14:00:00+00:00,2023-07-17T14:20:00+00:00,2023-07-17T14:20:00+00:00,high,continuation_long,3,,449.8,449.08,449.88
HYP-OR-CONT-EVENT-01,SPY,2023-07-18,2023-07-18T14:00:00+00:00,2023-07-18T14:20:00+00:00,2023-07-18T14:20:00+00:00,high,continuation_long,3,,451.63,450.0484,451.665
HYP-OR-CONT-EVENT-01,SPY,2023-07-19,2023-07-19T14:00:00+00:00,2023-07-19T14:20:00+00:00,2023-07-19T14:20:00+00:00,high,continuation_long,3,,456.12,455.01,456.15
HYP-OR-CONT-EVENT-01,SPY,2023-07-20,2023-07-20T14:05:00+00:00,2023-07-20T14:25:00+00:00,2023-07-20T14:25:00+00:00,low,continuation_short,3,,455.1,454.08,453.472
HYP-OR-CONT-EVENT-01,SPY,2023-07-21,2023-07-21T14:25:00+00:00,2023-07-21T14:45:00+00:00,2023-07-21T14:45:00+00:00,low,continuation_short,3,,454.07,452.58,452.97
HYP-OR-CONT-EVENT-01,SPY,2023-07-24,2023-07-24T15:50:00+00:00,2023-07-24T16:10:00+00:00,2023-07-24T16:10:00+00:00,high,continuation_long,3,,454.45,452.75,454.44
HYP-OR-CONT-EVENT-01,SPY,2023-07-25,2023-07-25T15:30:00+00:00,2023-07-25T15:50:00+00:00,2023-07-25T15:50:00+00:00,high,continuation_long,3,,455.13,453.87,455.4965
HYP-OR-CONT-EVENT-01,SPY,2023-07-26,2023-07-26T14:40:00+00:00,2023-07-26T15:00:00+00:00,2023-07-26T15:00:00+00:00,low,continuation_short,3,,455.16,454.42,454.15
HYP-OR-CONT-EVENT-01,SPY,2023-07-27,2023-07-27T14:00:00+00:00,2023-07-27T14:20:00+00:00,2023-07-27T14:20:00+00:00,low,continuation_short,3,,459.44,458.66,458.43
HYP-OR-CONT-EVENT-01,SPY,2023-07-28,2023-07-28T14:00:00+00:00,2023-07-28T14:20:00+00:00,2023-07-28T14:20:00+00:00,high,continuation_long,3,,456.59,455.16,456.765
HYP-OR-CONT-EVENT-01,SPY,2023-07-31,2023-07-31T17:15:00+00:00,2023-07-31T17:35:00+00:00,2023-07-31T17:35:00+00:00,low,continuation_short,3,,458.16,456.5,456.89
HYP-OR-CONT-EVENT-01,SPY,2023-08-01,2023-08-01T14:00:00+00:00,2023-08-01T14:20:00+00:00,2023-08-01T14:20:00+00:00,high,continuation_long,3,,456.94,456.06,455.73
HYP-OR-CONT-EVENT-01,SPY,2023-08-02,2023-08-02T14:05:00+00:00,2023-08-02T14:25:00+00:00,2023-08-02T14:25:00+00:00,low,continuation_short,3,,453.52,452.34,452.12
HYP-OR-CONT-EVENT-01,SPY,2023-08-03,2023-08-03T14:00:00+00:00,2023-08-03T14:20:00+00:00,2023-08-03T14:20:00+00:00,high,continuation_long,3,,449.0,447.63,448.6
HYP-OR-CONT-EVENT-01,SPY,2023-08-04,2023-08-04T14:00:00+00:00,2023-08-04T14:20:00+00:00,2023-08-04T14:20:00+00:00,low,continuation_short,3,,451.87,450.15,450.03
HYP-OR-CONT-EVENT-01,SPY,2023-08-07,2023-08-07T14:20:00+00:00,2023-08-07T14:40:00+00:00,2023-08-07T14:40:00+00:00,high,continuation_long,3,,449.65,448.2601,449.66
HYP-OR-CONT-EVENT-01,SPY,2023-08-08,2023-08-08T14:10:00+00:00,2023-08-08T14:30:00+00:00,2023-08-08T14:30:00+00:00,low,continuation_short,3,,448.15,446.085,446.1801
HYP-OR-CONT-EVENT-01,SPY,2023-08-09,2023-08-09T14:50:00+00:00,2023-08-09T15:10:00+00:00,2023-08-09T15:10:00+00:00,low,continuation_short,3,,449.1999,448.03,447.5
HYP-OR-CONT-EVENT-01,SPY,2023-08-10,2023-08-10T14:00:00+00:00,2023-08-10T14:20:00+00:00,2023-08-10T14:20:00+00:00,high,continuation_long,3,,451.23,447.99,451.01
HYP-OR-CONT-EVENT-01,SPY,2023-08-11,2023-08-11T14:00:00+00:00,2023-08-11T14:20:00+00:00,2023-08-11T14:20:00+00:00,high,continuation_long,3,,444.64,443.345,445.83
HYP-OR-CONT-EVENT-01,SPY,2023-08-14,2023-08-14T14:00:00+00:00,2023-08-14T14:20:00+00:00,2023-08-14T14:20:00+00:00,high,continuation_long,3,,445.2962,444.38,445.94
HYP-OR-CONT-EVENT-01,SPY,2023-08-15,2023-08-15T14:00:00+00:00,2023-08-15T14:20:00+00:00,2023-08-15T14:20:00+00:00,low,continuation_short,3,,446.64,445.0,444.16
HYP-OR-CONT-EVENT-01,SPY,2023-08-16,2023-08-16T15:55:00+00:00,2023-08-16T16:15:00+00:00,2023-08-16T16:15:00+00:00,low,continuation_short,3,,444.18,442.38,441.985
HYP-OR-CONT-EVENT-01,SPY,2023-08-17,2023-08-17T14:30:00+00:00,2023-08-17T14:50:00+00:00,2023-08-17T14:50:00+00:00,low,continuation_short,3,,441.43,439.8,440.075
HYP-OR-CONT-EVENT-01,SPY,2023-08-18,2023-08-18T15:00:00+00:00,2023-08-18T15:20:00+00:00,2023-08-18T15:20:00+00:00,high,continuation_long,3,,435.24,433.01,435.74
HYP-OR-CONT-EVENT-01,SPY,2023-08-21,2023-08-21T14:20:00+00:00,2023-08-21T14:40:00+00:00,2023-08-21T14:40:00+00:00,low,continuation_short,3,,438.71,437.33,436.7121
HYP-OR-CONT-EVENT-01,SPY,2023-08-22,2023-08-22T14:00:00+00:00,2023-08-22T14:20:00+00:00,2023-08-22T14:20:00+00:00,low,continuation_short,3,,441.18,439.58,440.2
HYP-OR-CONT-EVENT-01,SPY,2023-08-23,2023-08-23T14:00:00+00:00,2023-08-23T14:20:00+00:00,2023-08-23T14:20:00+00:00,high,continuation_long,3,,440.62,439.1,440.845
HYP-OR-CONT-EVENT-01,SPY,2023-08-24,2023-08-24T14:00:00+00:00,2023-08-24T14:20:00+00:00,2023-08-24T14:20:00+00:00,high,continuation_long,3,,445.05,443.48,442.95
HYP-OR-CONT-EVENT-01,SPY,2023-08-25,2023-08-25T14:00:00+00:00,2023-08-25T14:20:00+00:00,2023-08-25T14:20:00+00:00,low,continuation_short,3,,439.4999,438.53,439.11
HYP-OR-CONT-EVENT-01,SPY,2023-08-28,2023-08-28T14:50:00+00:00,2023-08-28T15:10:00+00:00,2023-08-28T15:10:00+00:00,low,continuation_short,3,,443.209,441.785,441.555
HYP-OR-CONT-EVENT-01,SPY,2023-08-29,2023-08-29T14:00:00+00:00,2023-08-29T14:20:00+00:00,2023-08-29T14:20:00+00:00,high,continuation_long,3,,444.22,442.46,445.71
HYP-OR-CONT-EVENT-01,SPY,2023-08-30,2023-08-30T14:00:00+00:00,2023-08-30T14:20:00+00:00,2023-08-30T14:20:00+00:00,high,continuation_long,3,,451.3383,449.4501,450.63
HYP-OR-CONT-EVENT-01,SPY,2023-08-31,2023-08-31T14:15:00+00:00,2023-08-31T14:35:00+00:00,2023-08-31T14:35:00+00:00,high,continuation_long,3,,452.55,451.39,452.69
HYP-OR-CONT-EVENT-01,SPY,2023-09-01,2023-09-01T14:50:00+00:00,2023-09-01T15:10:00+00:00,2023-09-01T15:10:00+00:00,low,continuation_short,3,,453.67,451.15,450.84
HYP-OR-CONT-EVENT-01,SPY,2023-09-05,2023-09-05T14:00:00+00:00,2023-09-05T14:20:00+00:00,2023-09-05T14:20:00+00:00,low,continuation_short,3,,450.93,449.38,449.76
HYP-OR-CONT-EVENT-01,SPY,2023-09-06,2023-09-06T14:00:00+00:00,2023-09-06T14:20:00+00:00,2023-09-06T14:20:00+00:00,low,continuation_short,3,,448.51,447.41,447.245
HYP-OR-CONT-EVENT-01,SPY,2023-09-07,2023-09-07T14:40:00+00:00,2023-09-07T15:00:00+00:00,2023-09-07T15:00:00+00:00,high,continuation_long,3,,444.4,442.805,444.05
HYP-OR-CONT-EVENT-01,SPY,2023-09-08,2023-09-08T14:00:00+00:00,2023-09-08T14:20:00+00:00,2023-09-08T14:20:00+00:00,high,continuation_long,3,,446.1,444.8,446.54
HYP-OR-CONT-EVENT-01,SPY,2023-09-11,2023-09-11T14:00:00+00:00,2023-09-11T14:20:00+00:00,2023-09-11T14:20:00+00:00,low,continuation_short,3,,448.77,446.93,447.21
HYP-OR-CONT-EVENT-01,SPY,2023-09-12,2023-09-12T14:25:00+00:00,2023-09-12T14:45:00+00:00,2023-09-12T14:45:00+00:00,low,continuation_short,3,,447.82,446.79,446.77
HYP-OR-CONT-EVENT-01,SPY,2023-09-13,2023-09-13T14:05:00+00:00,2023-09-13T14:25:00+00:00,2023-09-13T14:25:00+00:00,low,continuation_short,3,,447.26,445.99,445.78
HYP-OR-CONT-EVENT-01,SPY,2023-09-14,2023-09-14T14:10:00+00:00,2023-09-14T14:30:00+00:00,2023-09-14T14:30:00+00:00,low,continuation_short,3,,449.31,448.0696,448.53
HYP-OR-CONT-EVENT-01,SPY,2023-09-15,2023-09-15T14:10:00+00:00,2023-09-15T14:30:00+00:00,2023-09-15T14:30:00+00:00,low,continuation_short,3,,447.48,446.0,446.0
HYP-OR-CONT-EVENT-01,SPY,2023-09-18,2023-09-18T14:35:00+00:00,2023-09-18T14:55:00+00:00,2023-09-18T14:55:00+00:00,high,continuation_long,3,,443.76,442.56,443.48
HYP-OR-CONT-EVENT-01,SPY,2023-09-19,2023-09-19T14:00:00+00:00,2023-09-19T14:20:00+00:00,2023-09-19T14:20:00+00:00,low,continuation_short,3,,443.25,442.15,441.58
HYP-OR-CONT-EVENT-01,SPY,2023-09-20,2023-09-20T14:15:00+00:00,2023-09-20T14:35:00+00:00,2023-09-20T14:35:00+00:00,low,continuation_short,3,,444.42,443.44,443.985
HYP-OR-CONT-EVENT-01,SPY,2023-09-21,2023-09-21T14:55:00+00:00,2023-09-21T15:15:00+00:00,2023-09-21T15:15:00+00:00,low,continuation_short,3,,435.97,434.11,433.94
HYP-OR-CONT-EVENT-01,SPY,2023-09-22,2023-09-22T14:20:00+00:00,2023-09-22T14:40:00+00:00,2023-09-22T14:40:00+00:00,high,continuation_long,3,,432.64,431.67,433.29
HYP-OR-CONT-EVENT-01,SPY,2023-09-25,2023-09-25T15:15:00+00:00,2023-09-25T15:35:00+00:00,2023-09-25T15:35:00+00:00,high,continuation_long,3,,430.76,428.72,431.105
HYP-OR-CONT-EVENT-01,SPY,2023-09-26,2023-09-26T14:00:00+00:00,2023-09-26T14:20:00+00:00,2023-09-26T14:20:00+00:00,low,continuation_short,3,,429.82,428.53,427.12
HYP-OR-CONT-EVENT-01,SPY,2023-09-27,2023-09-27T14:00:00+00:00,2023-09-27T14:20:00+00:00,2023-09-27T14:20:00+00:00,low,continuation_short,3,,427.67,426.64,426.07
HYP-OR-CONT-EVENT-01,SPY,2023-09-28,2023-09-28T14:00:00+00:00,2023-09-28T14:20:00+00:00,2023-09-28T14:20:00+00:00,high,continuation_long,3,,426.77,424.87,426.74
HYP-OR-CONT-EVENT-01,SPY,2023-09-29,2023-09-29T14:20:00+00:00,2023-09-29T14:40:00+00:00,2023-09-29T14:40:00+00:00,low,continuation_short,3,,431.85,430.57,430.66
HYP-OR-CONT-EVENT-01,SPY,2023-10-02,2023-10-02T14:00:00+00:00,2023-10-02T14:20:00+00:00,2023-10-02T14:20:00+00:00,high,continuation_long,3,,427.75,426.195,427.14
HYP-OR-CONT-EVENT-01,SPY,2023-10-03,2023-10-03T14:00:00+00:00,2023-10-03T14:20:00+00:00,2023-10-03T14:20:00+00:00,low,continuation_short,3,,426.65,424.85,422.81
HYP-OR-CONT-EVENT-01,SPY,2023-10-04,2023-10-04T14:00:00+00:00,2023-10-04T14:20:00+00:00,2023-10-04T14:20:00+00:00,low,continuation_short,3,,423.37,421.91,421.76
HYP-OR-CONT-EVENT-01,SPY,2023-10-05,2023-10-05T14:00:00+00:00,2023-10-05T14:20:00+00:00,2023-10-05T14:20:00+00:00,low,continuation_short,3,,425.26,423.33,423.56
HYP-OR-CONT-EVENT-01,SPY,2023-10-06,2023-10-06T14:00:00+00:00,2023-10-06T14:20:00+00:00,2023-10-06T14:20:00+00:00,low,continuation_short,3,,423.0,421.0,421.32
HYP-OR-CONT-EVENT-01,SPY,2023-10-09,2023-10-09T14:45:00+00:00,2023-10-09T15:05:00+00:00,2023-10-09T15:05:00+00:00,low,continuation_short,3,,429.09,427.35,427.67
HYP-OR-CONT-EVENT-01,SPY,2023-10-10,2023-10-10T14:00:00+00:00,2023-10-10T14:20:00+00:00,2023-10-10T14:20:00+00:00,high,continuation_long,3,,433.65,432.53,434.88
HYP-OR-CONT-EVENT-01,SPY,2023-10-11,2023-10-11T14:00:00+00:00,2023-10-11T14:20:00+00:00,2023-10-11T14:20:00+00:00,low,continuation_short,3,,436.46,435.3,434.83
HYP-OR-CONT-EVENT-01,SPY,2023-10-12,2023-10-12T16:20:00+00:00,2023-10-12T16:40:00+00:00,2023-10-12T16:40:00+00:00,high,continuation_long,3,,437.0,435.07,437.15
HYP-OR-CONT-EVENT-01,SPY,2023-10-13,2023-10-13T14:00:00+00:00,2023-10-13T14:20:00+00:00,2023-10-13T14:20:00+00:00,low,continuation_short,3,,436.45,435.12,434.48
HYP-OR-CONT-EVENT-01,SPY,2023-10-16,2023-10-16T14:10:00+00:00,2023-10-16T14:30:00+00:00,2023-10-16T14:30:00+00:00,high,continuation_long,3,,434.76,433.57,435.92
HYP-OR-CONT-EVENT-01,SPY,2023-10-17,2023-10-17T14:05:00+00:00,2023-10-17T14:25:00+00:00,2023-10-17T14:25:00+00:00,high,continuation_long,3,,433.71,432.45,434.82
HYP-OR-CONT-EVENT-01,SPY,2023-10-18,2023-10-18T14:00:00+00:00,2023-10-18T14:20:00+00:00,2023-10-18T14:20:00+00:00,low,continuation_short,3,,434.78,433.52,434.94
HYP-OR-CONT-EVENT-01,SPY,2023-10-19,2023-10-19T14:00:00+00:00,2023-10-19T14:20:00+00:00,2023-10-19T14:20:00+00:00,low,continuation_short,3,,431.39,430.173,430.22
HYP-OR-CONT-EVENT-01,SPY,2023-10-20,2023-10-20T14:00:00+00:00,2023-10-20T14:20:00+00:00,2023-10-20T14:20:00+00:00,low,continuation_short,3,,426.54,425.09,423.72
HYP-OR-CONT-EVENT-01,SPY,2023-10-23,2023-10-23T14:00:00+00:00,2023-10-23T14:20:00+00:00,2023-10-23T14:20:00+00:00,high,continuation_long,3,,420.7,417.8,421.1795
HYP-OR-CONT-EVENT-01,SPY,2023-10-24,2023-10-24T14:10:00+00:00,2023-10-24T14:30:00+00:00,2023-10-24T14:30:00+00:00,high,continuation_long,3,,423.89,422.43,424.42
HYP-OR-CONT-EVENT-01,SPY,2023-10-25,2023-10-25T14:00:00+00:00,2023-10-25T14:20:00+00:00,2023-10-25T14:20:00+00:00,low,continuation_short,3,,421.92,419.51,419.37
HYP-OR-CONT-EVENT-01,SPY,2023-10-26,2023-10-26T14:00:00+00:00,2023-10-26T14:20:00+00:00,2023-10-26T14:20:00+00:00,low,continuation_short,3,,417.325,415.25,414.68
HYP-OR-CONT-EVENT-01,SPY,2023-10-27,2023-10-27T14:00:00+00:00,2023-10-27T14:20:00+00:00,2023-10-27T14:20:00+00:00,low,continuation_short,3,,414.47,412.62,412.94
HYP-OR-CONT-EVENT-01,SPY,2023-10-30,2023-10-30T14:15:00+00:00,2023-10-30T14:35:00+00:00,2023-10-30T14:35:00+00:00,low,continuation_short,3,,415.345,413.53,412.87
HYP-OR-CONT-EVENT-01,SPY,2023-10-31,2023-10-31T14:50:00+00:00,2023-10-31T15:10:00+00:00,2023-10-31T15:10:00+00:00,high,continuation_long,3,,416.37,414.28,416.225
HYP-OR-CONT-EVENT-01,SPY,2023-11-01,2023-11-01T14:00:00+00:00,2023-11-01T14:20:00+00:00,2023-11-01T14:20:00+00:00,high,continuation_long,3,,419.88,418.6499,420.34
HYP-OR-CONT-EVENT-01,SPY,2023-11-02,2023-11-02T14:25:00+00:00,2023-11-02T14:45:00+00:00,2023-11-02T14:45:00+00:00,high,continuation_long,3,,428.03,426.56,428.895
HYP-OR-CONT-EVENT-01,SPY,2023-11-03,2023-11-03T15:50:00+00:00,2023-11-03T16:10:00+00:00,2023-11-03T16:10:00+00:00,high,continuation_long,3,,435.0,433.01,435.075
HYP-OR-CONT-EVENT-01,SPY,2023-11-06,2023-11-06T15:10:00+00:00,2023-11-06T15:30:00+00:00,2023-11-06T15:30:00+00:00,low,continuation_short,3,,436.1498,435.01,435.28
HYP-OR-CONT-EVENT-01,SPY,2023-11-07,2023-11-07T15:00:00+00:00,2023-11-07T15:20:00+00:00,2023-11-07T15:20:00+00:00,high,continuation_long,3,,435.73,434.51,435.8
HYP-OR-CONT-EVENT-01,SPY,2023-11-08,2023-11-08T15:00:00+00:00,2023-11-08T15:20:00+00:00,2023-11-08T15:20:00+00:00,low,continuation_short,3,,438.09,437.39,437.31
HYP-OR-CONT-EVENT-01,SPY,2023-11-09,2023-11-09T15:05:00+00:00,2023-11-09T15:25:00+00:00,2023-11-09T15:25:00+00:00,low,continuation_short,3,,438.47,436.98,436.7
HYP-OR-CONT-EVENT-01,SPY,2023-11-10,2023-11-10T15:25:00+00:00,2023-11-10T15:45:00+00:00,2023-11-10T15:45:00+00:00,low,continuation_short,3,,436.24,434.88,434.75
HYP-OR-CONT-EVENT-01,SPY,2023-11-13,2023-11-13T15:45:00+00:00,2023-11-13T16:05:00+00:00,2023-11-13T16:05:00+00:00,high,continuation_long,3,,439.59,438.42,439.69
HYP-OR-CONT-EVENT-01,SPY,2023-11-14,2023-11-14T15:00:00+00:00,2023-11-14T15:20:00+00:00,2023-11-14T15:20:00+00:00,high,continuation_long,3,,448.045,446.09,448.24
HYP-OR-CONT-EVENT-01,SPY,2023-11-15,2023-11-15T15:15:00+00:00,2023-11-15T15:35:00+00:00,2023-11-15T15:35:00+00:00,high,continuation_long,3,,450.75,449.4,450.78
HYP-OR-CONT-EVENT-01,SPY,2023-11-16,2023-11-16T15:35:00+00:00,2023-11-16T15:55:00+00:00,2023-11-16T15:55:00+00:00,low,continuation_short,3,,450.47,449.13,448.92
HYP-OR-CONT-EVENT-01,SPY,2023-11-17,2023-11-17T16:05:00+00:00,2023-11-17T16:25:00+00:00,2023-11-17T16:25:00+00:00,low,continuation_short,3,,450.6,449.46,450.0
HYP-OR-CONT-EVENT-01,SPY,2023-11-20,2023-11-20T15:00:00+00:00,2023-11-20T15:20:00+00:00,2023-11-20T15:20:00+00:00,high,continuation_long,3,,452.17,450.52,451.99
HYP-OR-CONT-EVENT-01,SPY,2023-11-21,2023-11-21T15:20:00+00:00,2023-11-21T15:40:00+00:00,2023-11-21T15:40:00+00:00,low,continuation_short,3,,453.32,452.71,452.06
HYP-OR-CONT-EVENT-01,SPY,2023-11-22,2023-11-22T15:00:00+00:00,2023-11-22T15:20:00+00:00,2023-11-22T15:20:00+00:00,low,continuation_short,3,,456.38,454.34,454.39
HYP-OR-CONT-EVENT-01,SPY,2023-11-24,2023-11-24T15:50:00+00:00,2023-11-24T16:10:00+00:00,2023-11-24T16:10:00+00:00,low,continuation_short,3,,455.382,454.73,455.12
HYP-OR-CONT-EVENT-01,SPY,2023-11-27,2023-11-27T16:55:00+00:00,2023-11-27T17:15:00+00:00,2023-11-27T17:15:00+00:00,high,continuation_long,3,,455.245,454.0799,455.16
HYP-OR-CONT-EVENT-01,SPY,2023-11-28,2023-11-28T15:20:00+00:00,2023-11-28T15:40:00+00:00,2023-11-28T15:40:00+00:00,high,continuation_long,3,,454.23,453.5,454.49
HYP-OR-CONT-EVENT-01,SPY,2023-11-29,2023-11-29T15:05:00+00:00,2023-11-29T15:25:00+00:00,2023-11-29T15:25:00+00:00,low,continuation_short,3,,458.32,457.0,456.16
HYP-OR-CONT-EVENT-01,SPY,2023-11-30,2023-11-30T16:30:00+00:00,2023-11-30T16:50:00+00:00,2023-11-30T16:50:00+00:00,low,continuation_short,3,,455.71,454.14,454.1
HYP-OR-CONT-EVENT-01,SPY,2023-12-01,2023-12-01T15:00:00+00:00,2023-12-01T15:20:00+00:00,2023-12-01T15:20:00+00:00,high,continuation_long,3,,456.22,455.18,456.28
HYP-OR-CONT-EVENT-01,SPY,2023-12-04,2023-12-04T15:20:00+00:00,2023-12-04T15:40:00+00:00,2023-12-04T15:40:00+00:00,low,continuation_short,3,,456.83,455.51,454.77
HYP-OR-CONT-EVENT-01,SPY,2023-12-05,2023-12-05T15:00:00+00:00,2023-12-05T15:20:00+00:00,2023-12-05T15:20:00+00:00,high,continuation_long,3,,455.7883,454.87,456.29
HYP-OR-CONT-EVENT-01,SPY,2023-12-06,2023-12-06T15:00:00+00:00,2023-12-06T15:20:00+00:00,2023-12-06T15:20:00+00:00,low,continuation_short,3,,458.84,457.82,457.98
HYP-OR-CONT-EVENT-01,SPY,2023-12-07,2023-12-07T15:10:00+00:00,2023-12-07T15:30:00+00:00,2023-12-07T15:30:00+00:00,high,continuation_long,3,,457.23,456.29,457.98
HYP-OR-CONT-EVENT-01,SPY,2023-12-08,2023-12-08T15:00:00+00:00,2023-12-08T15:20:00+00:00,2023-12-08T15:20:00+00:00,high,continuation_long,3,,458.74,457.21,460.195
HYP-OR-CONT-EVENT-01,SPY,2023-12-11,2023-12-11T15:00:00+00:00,2023-12-11T15:20:00+00:00,2023-12-11T15:20:00+00:00,high,continuation_long,3,,460.42,459.47,460.445
HYP-OR-CONT-EVENT-01,SPY,2023-12-12,2023-12-12T15:00:00+00:00,2023-12-12T15:20:00+00:00,2023-12-12T15:20:00+00:00,high,continuation_long,3,,461.7,460.6,462.13
HYP-OR-CONT-EVENT-01,SPY,2023-12-13,2023-12-13T15:15:00+00:00,2023-12-13T15:35:00+00:00,2023-12-13T15:35:00+00:00,high,continuation_long,3,,464.855,464.3,464.78
HYP-OR-CONT-EVENT-01,SPY,2023-12-14,2023-12-14T15:15:00+00:00,2023-12-14T15:35:00+00:00,2023-12-14T15:35:00+00:00,low,continuation_short,3,,473.73,472.255,472.61
HYP-OR-CONT-EVENT-01,SPY,2023-12-15,2023-12-15T15:15:00+00:00,2023-12-15T15:35:00+00:00,2023-12-15T15:35:00+00:00,high,continuation_long,3,,469.82,468.81,470.18
HYP-OR-CONT-EVENT-01,SPY,2023-12-18,2023-12-18T15:00:00+00:00,2023-12-18T15:20:00+00:00,2023-12-18T15:20:00+00:00,high,continuation_long,3,,471.43,470.8,471.75
HYP-OR-CONT-EVENT-01,SPY,2023-12-19,2023-12-19T15:10:00+00:00,2023-12-19T15:30:00+00:00,2023-12-19T15:30:00+00:00,high,continuation_long,3,,473.66,472.45,473.86
HYP-OR-CONT-EVENT-01,SPY,2023-12-20,2023-12-20T15:00:00+00:00,2023-12-20T15:20:00+00:00,2023-12-20T15:20:00+00:00,high,continuation_long,3,,474.66,473.77,475.05
HYP-OR-CONT-EVENT-01,SPY,2023-12-21,2023-12-21T15:05:00+00:00,2023-12-21T15:25:00+00:00,2023-12-21T15:25:00+00:00,low,continuation_short,3,,472.3,470.98,472.34
HYP-OR-CONT-EVENT-01,SPY,2023-12-22,2023-12-22T16:00:00+00:00,2023-12-22T16:20:00+00:00,2023-12-22T16:20:00+00:00,low,continuation_short,3,,475.38,473.77,474.33
HYP-OR-CONT-EVENT-01,SPY,2023-12-26,2023-12-26T15:05:00+00:00,2023-12-26T15:25:00+00:00,2023-12-26T15:25:00+00:00,high,continuation_long,3,,474.81,473.99,474.88
HYP-OR-CONT-EVENT-01,SPY,2023-12-27,2023-12-27T15:10:00+00:00,2023-12-27T15:30:00+00:00,2023-12-27T15:30:00+00:00,low,continuation_short,3,,476.14,475.27,475.74
HYP-OR-CONT-EVENT-01,SPY,2023-12-28,2023-12-28T15:30:00+00:00,2023-12-28T15:50:00+00:00,2023-12-28T15:50:00+00:00,high,continuation_long,3,,477.385,476.8,477.47
HYP-OR-CONT-EVENT-01,SPY,2023-12-29,2023-12-29T15:30:00+00:00,2023-12-29T15:50:00+00:00,2023-12-29T15:50:00+00:00,low,continuation_short,3,,476.93,476.41,475.45
HYP-OR-CONT-EVENT-01,SPY,2024-01-02,2024-01-02T16:45:00+00:00,2024-01-02T17:05:00+00:00,2024-01-02T17:05:00+00:00,high,continuation_long,3,,472.8,471.36,473.21
HYP-OR-CONT-EVENT-01,SPY,2024-01-03,2024-01-03T15:00:00+00:00,2024-01-03T15:20:00+00:00,2024-01-03T15:20:00+00:00,high,continuation_long,3,,470.53,469.65,469.41
HYP-OR-CONT-EVENT-01,SPY,2024-01-04,2024-01-04T15:00:00+00:00,2024-01-04T15:20:00+00:00,2024-01-04T15:20:00+00:00,high,continuation_long,3,,469.26,468.11,469.85
HYP-OR-CONT-EVENT-01,SPY,2024-01-05,2024-01-05T15:00:00+00:00,2024-01-05T15:20:00+00:00,2024-01-05T15:20:00+00:00,high,continuation_long,3,,468.59,467.13,469.39
HYP-OR-CONT-EVENT-01,SPY,2024-01-08,2024-01-08T15:00:00+00:00,2024-01-08T15:20:00+00:00,2024-01-08T15:20:00+00:00,high,continuation_long,3,,469.78,468.3,469.79
HYP-OR-CONT-EVENT-01,SPY,2024-01-09,2024-01-09T15:00:00+00:00,2024-01-09T15:20:00+00:00,2024-01-09T15:20:00+00:00,high,continuation_long,3,,472.2,471.35,472.84
HYP-OR-CONT-EVENT-01,SPY,2024-01-10,2024-01-10T15:00:00+00:00,2024-01-10T15:20:00+00:00,2024-01-10T15:20:00+00:00,low,continuation_short,3,,475.34,474.14,474.33
HYP-OR-CONT-EVENT-01,SPY,2024-01-11,2024-01-11T15:00:00+00:00,2024-01-11T15:20:00+00:00,2024-01-11T15:20:00+00:00,low,continuation_short,3,,478.12,475.72,474.83
HYP-OR-CONT-EVENT-01,SPY,2024-01-12,2024-01-12T15:00:00+00:00,2024-01-12T15:20:00+00:00,2024-01-12T15:20:00+00:00,low,continuation_short,3,,478.6,477.0797,476.0
HYP-OR-CONT-EVENT-01,SPY,2024-01-16,2024-01-16T15:20:00+00:00,2024-01-16T15:40:00+00:00,2024-01-16T15:40:00+00:00,high,continuation_long,3,,475.61,473.47,476.135
HYP-OR-CONT-EVENT-01,SPY,2024-01-17,2024-01-17T15:00:00+00:00,2024-01-17T15:20:00+00:00,2024-01-17T15:20:00+00:00,high,continuation_long,3,,471.94,471.05,471.53
HYP-OR-CONT-EVENT-01,SPY,2024-01-18,2024-01-18T15:35:00+00:00,2024-01-18T15:55:00+00:00,2024-01-18T15:55:00+00:00,high,continuation_long,3,,474.47,473.39,474.6
HYP-OR-CONT-EVENT-01,SPY,2024-01-19,2024-01-19T15:20:00+00:00,2024-01-19T15:40:00+00:00,2024-01-19T15:40:00+00:00,high,continuation_long,3,,477.97,476.94,477.85
HYP-OR-CONT-EVENT-01,SPY,2024-01-22,2024-01-22T15:00:00+00:00,2024-01-22T15:20:00+00:00,2024-01-22T15:20:00+00:00,high,continuation_long,3,,485.2,483.9,484.58
HYP-OR-CONT-EVENT-01,SPY,2024-01-23,2024-01-23T15:20:00+00:00,2024-01-23T15:40:00+00:00,2024-01-23T15:40:00+00:00,low,continuation_short,3,,484.3737,483.54,483.66
HYP-OR-CONT-EVENT-01,SPY,2024-01-24,2024-01-24T15:35:00+00:00,2024-01-24T15:55:00+00:00,2024-01-24T15:55:00+00:00,high,continuation_long,3,,487.83,486.95,487.86
HYP-OR-CONT-EVENT-01,SPY,2024-01-25,2024-01-25T15:05:00+00:00,2024-01-25T15:25:00+00:00,2024-01-25T15:25:00+00:00,high,continuation_long,3,,487.7,486.77,488.11
HYP-OR-CONT-EVENT-01,SPY,2024-01-26,2024-01-26T15:05:00+00:00,2024-01-26T15:25:00+00:00,2024-01-26T15:25:00+00:00,low,continuation_short,3,,488.35,487.235,487.81
HYP-OR-CONT-EVENT-01,SPY,2024-01-29,2024-01-29T15:25:00+00:00,2024-01-29T15:45:00+00:00,2024-01-29T15:45:00+00:00,low,continuation_short,3,,488.15,487.4568,487.59
HYP-OR-CONT-EVENT-01,SPY,2024-01-30,2024-01-30T15:00:00+00:00,2024-01-30T15:20:00+00:00,2024-01-30T15:20:00+00:00,low,continuation_short,3,,491.32,490.52,490.88
HYP-OR-CONT-EVENT-01,SPY,2024-01-31,2024-01-31T15:10:00+00:00,2024-01-31T15:30:00+00:00,2024-01-31T15:30:00+00:00,low,continuation_short,3,,489.0813,487.52,487.31
HYP-OR-CONT-EVENT-01,SPY,2024-02-01,2024-02-01T15:05:00+00:00,2024-02-01T15:25:00+00:00,2024-02-01T15:25:00+00:00,high,continuation_long,3,,485.75,484.56,485.37
HYP-OR-CONT-EVENT-01,SPY,2024-02-02,2024-02-02T15:20:00+00:00,2024-02-02T15:40:00+00:00,2024-02-02T15:40:00+00:00,high,continuation_long,3,,490.95,489.3,491.235
HYP-OR-CONT-EVENT-01,SPY,2024-02-05,2024-02-05T15:00:00+00:00,2024-02-05T15:20:00+00:00,2024-02-05T15:20:00+00:00,low,continuation_short,3,,493.71,492.88,491.07
HYP-OR-CONT-EVENT-01,SPY,2024-02-06,2024-02-06T15:00:00+00:00,2024-02-06T15:20:00+00:00,2024-02-06T15:20:00+00:00,low,continuation_short,3,,494.32,492.98,492.89
HYP-OR-CONT-EVENT-01,SPY,2024-02-07,2024-02-07T15:10:00+00:00,2024-02-07T15:30:00+00:00,2024-02-07T15:30:00+00:00,high,continuation_long,3,,496.44,495.36,497.96
HYP-OR-CONT-EVENT-01,SPY,2024-02-08,2024-02-08T15:20:00+00:00,2024-02-08T15:40:00+00:00,2024-02-08T15:40:00+00:00,low,continuation_short,3,,498.35,497.66,497.72
HYP-OR-CONT-EVENT-01,SPY,2024-02-09,2024-02-09T15:00:00+00:00,2024-02-09T15:20:00+00:00,2024-02-09T15:20:00+00:00,high,continuation_long,3,,499.57,498.49,499.42
HYP-OR-CONT-EVENT-01,SPY,2024-02-12,2024-02-12T15:05:00+00:00,2024-02-12T15:25:00+00:00,2024-02-12T15:25:00+00:00,low,continuation_short,3,,501.47,501.14,501.23
HYP-OR-CONT-EVENT-01,SPY,2024-02-13,2024-02-13T15:00:00+00:00,2024-02-13T15:20:00+00:00,2024-02-13T15:20:00+00:00,low,continuation_short,3,,495.19,493.62,493.81
HYP-OR-CONT-EVENT-01,SPY,2024-02-14,2024-02-14T15:15:00+00:00,2024-02-14T15:35:00+00:00,2024-02-14T15:35:00+00:00,high,continuation_long,3,,497.3,495.78,497.6499
HYP-OR-CONT-EVENT-01,SPY,2024-02-15,2024-02-15T16:00:00+00:00,2024-02-15T16:20:00+00:00,2024-02-15T16:20:00+00:00,low,continuation_short,3,,500.38,499.2699,499.23
HYP-OR-CONT-EVENT-01,SPY,2024-02-16,2024-02-16T16:20:00+00:00,2024-02-16T16:40:00+00:00,2024-02-16T16:40:00+00:00,high,continuation_long,3,,501.91,499.29,501.91
HYP-OR-CONT-EVENT-01,SPY,2024-02-20,2024-02-20T15:00:00+00:00,2024-02-20T15:20:00+00:00,2024-02-20T15:20:00+00:00,low,continuation_short,3,,498.41,496.17,496.17
HYP-OR-CONT-EVENT-01,SPY,2024-02-21,2024-02-21T15:00:00+00:00,2024-02-21T15:20:00+00:00,2024-02-21T15:20:00+00:00,high,continuation_long,3,,495.6803,494.91,495.82
HYP-OR-CONT-EVENT-01,SPY,2024-02-22,2024-02-22T16:15:00+00:00,2024-02-22T16:35:00+00:00,2024-02-22T16:35:00+00:00,high,continuation_long,3,,505.425,503.02,505.79
HYP-OR-CONT-EVENT-01,SPY,2024-02-23,2024-02-23T15:30:00+00:00,2024-02-23T15:50:00+00:00,2024-02-23T15:50:00+00:00,low,continuation_short,3,,510.13,509.11,508.8
HYP-OR-CONT-EVENT-01,SPY,2024-02-26,2024-02-26T15:30:00+00:00,2024-02-26T15:50:00+00:00,2024-02-26T15:50:00+00:00,low,continuation_short,3,,508.75,507.73,507.635
HYP-OR-CONT-EVENT-01,SPY,2024-02-27,2024-02-27T16:35:00+00:00,2024-02-27T16:55:00+00:00,2024-02-27T16:55:00+00:00,low,continuation_short,3,,506.74,505.53,505.84
HYP-OR-CONT-EVENT-01,SPY,2024-02-28,2024-02-28T15:10:00+00:00,2024-02-28T15:30:00+00:00,2024-02-28T15:30:00+00:00,high,continuation_long,3,,505.82,504.96,505.67
HYP-OR-CONT-EVENT-01,SPY,2024-02-29,2024-02-29T15:10:00+00:00,2024-02-29T15:30:00+00:00,2024-02-29T15:30:00+00:00,low,continuation_short,3,,508.8455,507.99,507.69
HYP-OR-CONT-EVENT-01,SPY,2024-03-01,2024-03-01T15:00:00+00:00,2024-03-01T15:20:00+00:00,2024-03-01T15:20:00+00:00,high,continuation_long,3,,509.56,508.56,509.8289
HYP-OR-CONT-EVENT-01,SPY,2024-03-04,2024-03-04T15:25:00+00:00,2024-03-04T15:45:00+00:00,2024-03-04T15:45:00+00:00,high,continuation_long,3,,512.61,512.0,512.84
HYP-OR-CONT-EVENT-01,SPY,2024-03-05,2024-03-05T15:00:00+00:00,2024-03-05T15:20:00+00:00,2024-03-05T15:20:00+00:00,high,continuation_long,3,,510.32,509.32,508.62
HYP-OR-CONT-EVENT-01,SPY,2024-03-06,2024-03-06T15:00:00+00:00,2024-03-06T15:20:00+00:00,2024-03-06T15:20:00+00:00,low,continuation_short,3,,510.8504,509.63,509.44
HYP-OR-CONT-EVENT-01,SPY,2024-03-07,2024-03-07T15:10:00+00:00,2024-03-07T15:30:00+00:00,2024-03-07T15:30:00+00:00,high,continuation_long,3,,513.635,512.18,514.18
HYP-OR-CONT-EVENT-01,SPY,2024-03-08,2024-03-08T15:00:00+00:00,2024-03-08T15:20:00+00:00,2024-03-08T15:20:00+00:00,high,continuation_long,3,,517.8004,515.31,517.65
HYP-OR-CONT-EVENT-01,SPY,2024-03-11,2024-03-11T14:00:00+00:00,2024-03-11T14:20:00+00:00,2024-03-11T14:20:00+00:00,low,continuation_short,3,,510.94,509.4299,509.44
HYP-OR-CONT-EVENT-01,SPY,2024-03-12,2024-03-12T14:05:00+00:00,2024-03-12T14:25:00+00:00,2024-03-12T14:25:00+00:00,high,continuation_long,3,,513.8,510.86,514.69
HYP-OR-CONT-EVENT-01,SPY,2024-03-13,2024-03-13T15:30:00+00:00,2024-03-13T15:50:00+00:00,2024-03-13T15:50:00+00:00,low,continuation_short,3,,517.12,515.95,516.095
HYP-OR-CONT-EVENT-01,SPY,2024-03-14,2024-03-14T16:05:00+00:00,2024-03-14T16:25:00+00:00,2024-03-14T16:25:00+00:00,low,continuation_short,3,,517.125,513.95,514.78
HYP-OR-CONT-EVENT-01,SPY,2024-03-15,2024-03-15T15:45:00+00:00,2024-03-15T16:05:00+00:00,2024-03-15T16:05:00+00:00,low,continuation_short,3,,511.33,509.62,509.64
HYP-OR-CONT-EVENT-01,SPY,2024-03-18,2024-03-18T14:10:00+00:00,2024-03-18T14:30:00+00:00,2024-03-18T14:30:00+00:00,high,continuation_long,3,,514.83,513.26,515.18
HYP-OR-CONT-EVENT-01,SPY,2024-03-19,2024-03-19T14:35:00+00:00,2024-03-19T14:55:00+00:00,2024-03-19T14:55:00+00:00,high,continuation_long,3,,512.17,511.12,512.41
HYP-OR-CONT-EVENT-01,SPY,2024-03-20,2024-03-20T14:20:00+00:00,2024-03-20T14:40:00+00:00,2024-03-20T14:40:00+00:00,high,continuation_long,3,,515.99,515.21,515.7611
HYP-OR-CONT-EVENT-01,SPY,2024-03-21,2024-03-21T17:50:00+00:00,2024-03-21T18:10:00+00:00,2024-03-21T18:10:00+00:00,low,continuation_short,3,,524.01,522.765,522.56
HYP-OR-CONT-EVENT-01,SPY,2024-03-22,2024-03-22T14:25:00+00:00,2024-03-22T14:45:00+00:00,2024-03-22T14:45:00+00:00,low,continuation_short,3,,522.44,521.42,521.2
HYP-OR-CONT-EVENT-01,SPY,2024-03-25,2024-03-25T14:05:00+00:00,2024-03-25T14:25:00+00:00,2024-03-25T14:25:00+00:00,high,continuation_long,3,,520.41,519.61,520.61
HYP-OR-CONT-EVENT-01,SPY,2024-03-26,2024-03-26T14:05:00+00:00,2024-03-26T14:25:00+00:00,2024-03-26T14:25:00+00:00,high,continuation_long,3,,521.44,520.83,521.4397
HYP-OR-CONT-EVENT-01,SPY,2024-03-27,2024-03-27T14:00:00+00:00,2024-03-27T14:20:00+00:00,2024-03-27T14:20:00+00:00,low,continuation_short,3,,521.78,520.74,520.38
HYP-OR-CONT-EVENT-01,SPY,2024-03-28,2024-03-28T14:00:00+00:00,2024-03-28T14:20:00+00:00,2024-03-28T14:20:00+00:00,high,continuation_long,3,,523.6707,522.78,523.11
HYP-OR-CONT-EVENT-01,SPY,2024-04-01,2024-04-01T14:00:00+00:00,2024-04-01T14:20:00+00:00,2024-04-01T14:20:00+00:00,low,continuation_short,3,,524.38,523.45,522.96
HYP-OR-CONT-EVENT-01,SPY,2024-04-02,2024-04-02T19:25:00+00:00,2024-04-02T19:45:00+00:00,2024-04-02T19:45:00+00:00,high,continuation_long,3,,518.46,516.85,518.71
HYP-OR-CONT-EVENT-01,SPY,2024-04-03,2024-04-03T14:00:00+00:00,2024-04-03T14:20:00+00:00,2024-04-03T14:20:00+00:00,high,continuation_long,3,,518.64,517.665,520.43
HYP-OR-CONT-EVENT-01,SPY,2024-04-04,2024-04-04T14:20:00+00:00,2024-04-04T14:40:00+00:00,2024-04-04T14:40:00+00:00,low,continuation_short,3,,523.7,522.58,522.78
HYP-OR-CONT-EVENT-01,SPY,2024-04-05,2024-04-05T14:10:00+00:00,2024-04-05T14:30:00+00:00,2024-04-05T14:30:00+00:00,high,continuation_long,3,,516.4,514.01,515.46
HYP-OR-CONT-EVENT-01,SPY,2024-04-08,2024-04-08T14:25:00+00:00,2024-04-08T14:45:00+00:00,2024-04-08T14:45:00+00:00,high,continuation_long,3,,519.39,517.98,519.74
HYP-OR-CONT-EVENT-01,SPY,2024-04-09,2024-04-09T14:00:00+00:00,2024-04-09T14:20:00+00:00,2024-04-09T14:20:00+00:00,low,continuation_short,3,,520.75,518.77,519.005
HYP-OR-CONT-EVENT-01,SPY,2024-04-10,2024-04-10T14:05:00+00:00,2024-04-10T14:25:00+00:00,2024-04-10T14:25:00+00:00,high,continuation_long,3,,514.48,512.67,514.69
HYP-OR-CONT-EVENT-01,SPY,2024-04-11,2024-04-11T14:00:00+00:00,2024-04-11T14:20:00+00:00,2024-04-11T14:20:00+00:00,low,continuation_short,3,,515.87,514.09,512.3
HYP-OR-CONT-EVENT-01,SPY,2024-04-12,2024-04-12T14:05:00+00:00,2024-04-12T14:25:00+00:00,2024-04-12T14:25:00+00:00,low,continuation_short,3,,515.815,514.08,514.185
HYP-OR-CONT-EVENT-01,SPY,2024-04-15,2024-04-15T14:05:00+00:00,2024-04-15T14:25:00+00:00,2024-04-15T14:25:00+00:00,low,continuation_short,3,,515.3,514.19,512.67
HYP-OR-CONT-EVENT-01,SPY,2024-04-16,2024-04-16T14:30:00+00:00,2024-04-16T14:50:00+00:00,2024-04-16T14:50:00+00:00,low,continuation_short,3,,505.2,502.95,503.41
HYP-OR-CONT-EVENT-01,SPY,2024-04-17,2024-04-17T14:00:00+00:00,2024-04-17T14:20:00+00:00,2024-04-17T14:20:00+00:00,low,continuation_short,3,,506.22,505.0,504.02
HYP-OR-CONT-EVENT-01,SPY,2024-04-18,2024-04-18T14:15:00+00:00,2024-04-18T14:35:00+00:00,2024-04-18T14:35:00+00:00,high,continuation_long,3,,502.08,499.73,502.48
HYP-OR-CONT-EVENT-01,SPY,2024-04-19,2024-04-19T14:15:00+00:00,2024-04-19T14:35:00+00:00,2024-04-19T14:35:00+00:00,low,continuation_short,3,,500.455,498.6899,498.42
HYP-OR-CONT-EVENT-01,SPY,2024-04-22,2024-04-22T14:00:00+00:00,2024-04-22T14:20:00+00:00,2024-04-22T14:20:00+00:00,high,continuation_long,3,,498.07,496.74,497.42
HYP-OR-CONT-EVENT-01,SPY,2024-04-23,2024-04-23T14:05:00+00:00,2024-04-23T14:25:00+00:00,2024-04-23T14:25:00+00:00,high,continuation_long,3,,503.69,501.225,503.61
HYP-OR-CONT-EVENT-01,SPY,2024-04-24,2024-04-24T14:15:00+00:00,2024-04-24T14:35:00+00:00,2024-04-24T14:35:00+00:00,low,continuation_short,3,,507.37,505.93,506.07
HYP-OR-CONT-EVENT-01,SPY,2024-04-25,2024-04-25T14:15:00+00:00,2024-04-25T14:35:00+00:00,2024-04-25T14:35:00+00:00,high,continuation_long,3,,499.355,497.865,498.94
HYP-OR-CONT-EVENT-01,SPY,2024-04-26,2024-04-26T14:00:00+00:00,2024-04-26T14:20:00+00:00,2024-04-26T14:20:00+00:00,high,continuation_long,3,,508.24,505.7,508.76
HYP-OR-CONT-EVENT-01,SPY,2024-04-29,2024-04-29T15:35:00+00:00,2024-04-29T15:55:00+00:00,2024-04-29T15:55:00+00:00,low,continuation_short,3,,510.75,509.02,509.39
HYP-OR-CONT-EVENT-01,SPY,2024-04-30,2024-04-30T14:00:00+00:00,2024-04-30T14:20:00+00:00,2024-04-30T14:20:00+00:00,high,continuation_long,3,,509.54,508.2,509.24
HYP-OR-CONT-EVENT-01,SPY,2024-05-01,2024-05-01T14:00:00+00:00,2024-05-01T14:20:00+00:00,2024-05-01T14:20:00+00:00,low,continuation_short,3,,501.83,500.4187,500.67
HYP-OR-CONT-EVENT-01,SPY,2024-05-02,2024-05-02T14:00:00+00:00,2024-05-02T14:20:00+00:00,2024-05-02T14:20:00+00:00,low,continuation_short,3,,504.68,501.6604,501.05
HYP-OR-CONT-EVENT-01,SPY,2024-05-03,2024-05-03T14:05:00+00:00,2024-05-03T14:25:00+00:00,2024-05-03T14:25:00+00:00,low,continuation_short,3,,511.98,509.61,509.51
HYP-OR-CONT-EVENT-01,SPY,2024-05-06,2024-05-06T14:05:00+00:00,2024-05-06T14:25:00+00:00,2024-05-06T14:25:00+00:00,high,continuation_long,3,,514.36,513.3,514.39
HYP-OR-CONT-EVENT-01,SPY,2024-05-07,2024-05-07T14:50:00+00:00,2024-05-07T15:10:00+00:00,2024-05-07T15:10:00+00:00,high,continuation_long,3,,517.93,517.165,518.02
HYP-OR-CONT-EVENT-01,SPY,2024-05-08,2024-05-08T14:00:00+00:00,2024-05-08T14:20:00+00:00,2024-05-08T14:20:00+00:00,high,continuation_long,3,,516.53,515.14,516.39
HYP-OR-CONT-EVENT-01,SPY,2024-05-09,2024-05-09T14:00:00+00:00,2024-05-09T14:20:00+00:00,2024-05-09T14:20:00+00:00,high,continuation_long,3,,517.79,516.705,517.6868
HYP-OR-CONT-EVENT-01,SPY,2024-05-10,2024-05-10T14:10:00+00:00,2024-05-10T14:30:00+00:00,2024-05-10T14:30:00+00:00,low,continuation_short,3,,522.635,521.36,520.77
HYP-OR-CONT-EVENT-01,SPY,2024-05-13,2024-05-13T15:00:00+00:00,2024-05-13T15:20:00+00:00,2024-05-13T15:20:00+00:00,low,continuation_short,3,,522.67,521.1,521.32
HYP-OR-CONT-EVENT-01,SPY,2024-05-14,2024-05-14T14:05:00+00:00,2024-05-14T14:25:00+00:00,2024-05-14T14:25:00+00:00,high,continuation_long,3,,521.68,520.88,522.08
HYP-OR-CONT-EVENT-01,SPY,2024-05-15,2024-05-15T14:30:00+00:00,2024-05-15T14:50:00+00:00,2024-05-15T14:50:00+00:00,high,continuation_long,3,,526.8,525.18,527.19
HYP-OR-CONT-EVENT-01,SPY,2024-05-16,2024-05-16T14:05:00+00:00,2024-05-16T14:25:00+00:00,2024-05-16T14:25:00+00:00,low,continuation_short,3,,530.33,529.86,530.72
HYP-OR-CONT-EVENT-01,SPY,2024-05-17,2024-05-17T14:30:00+00:00,2024-05-17T14:50:00+00:00,2024-05-17T14:50:00+00:00,high,continuation_long,3,,529.2,528.36,529.24
HYP-OR-CONT-EVENT-01,SPY,2024-05-20,2024-05-20T14:00:00+00:00,2024-05-20T14:20:00+00:00,2024-05-20T14:20:00+00:00,high,continuation_long,3,,531.23,529.47,531.2
HYP-OR-CONT-EVENT-01,SPY,2024-05-21,2024-05-21T14:00:00+00:00,2024-05-21T14:20:00+00:00,2024-05-21T14:20:00+00:00,high,continuation_long,3,,529.71,529.07,529.78
HYP-OR-CONT-EVENT-01,SPY,2024-05-22,2024-05-22T14:00:00+00:00,2024-05-22T14:20:00+00:00,2024-05-22T14:20:00+00:00,high,continuation_long,3,,531.19,530.625,531.055
HYP-OR-CONT-EVENT-01,SPY,2024-05-23,2024-05-23T16:55:00+00:00,2024-05-23T17:15:00+00:00,2024-05-23T17:15:00+00:00,low,continuation_short,3,,533.07,529.545,529.72
HYP-OR-CONT-EVENT-01,SPY,2024-05-24,2024-05-24T14:00:00+00:00,2024-05-24T14:20:00+00:00,2024-05-24T14:20:00+00:00,high,continuation_long,3,,528.095,526.881,528.19
HYP-OR-CONT-EVENT-01,SPY,2024-05-28,2024-05-28T14:00:00+00:00,2024-05-28T14:20:00+00:00,2024-05-28T14:20:00+00:00,low,continuation_short,3,,530.51,529.12,529.65
HYP-OR-CONT-EVENT-01,SPY,2024-05-29,2024-05-29T14:00:00+00:00,2024-05-29T14:20:00+00:00,2024-05-29T14:20:00+00:00,high,continuation_long,3,,526.42,525.37,526.485
HYP-OR-CONT-EVENT-01,SPY,2024-05-30,2024-05-30T14:10:00+00:00,2024-05-30T14:30:00+00:00,2024-05-30T14:30:00+00:00,low,continuation_short,3,,524.99,523.92,523.98
HYP-OR-CONT-EVENT-01,SPY,2024-05-31,2024-05-31T14:00:00+00:00,2024-05-31T14:20:00+00:00,2024-05-31T14:20:00+00:00,low,continuation_short,3,,524.81,522.94,521.64
HYP-OR-CONT-EVENT-01,SPY,2024-06-03,2024-06-03T14:00:00+00:00,2024-06-03T14:20:00+00:00,2024-06-03T14:20:00+00:00,high,continuation_long,3,,529.16,527.345,528.37
HYP-OR-CONT-EVENT-01,SPY,2024-06-04,2024-06-04T14:00:00+00:00,2024-06-04T14:20:00+00:00,2024-06-04T14:20:00+00:00,high,continuation_long,3,,526.79,525.77,526.615
HYP-OR-CONT-EVENT-01,SPY,2024-06-05,2024-06-05T14:00:00+00:00,2024-06-05T14:20:00+00:00,2024-06-05T14:20:00+00:00,low,continuation_short,3,,530.82,529.51,529.48
HYP-OR-CONT-EVENT-01,SPY,2024-06-06,2024-06-06T15:00:00+00:00,2024-06-06T15:20:00+00:00,2024-06-06T15:20:00+00:00,low,continuation_short,3,,535.42,534.33,534.63
HYP-OR-CONT-EVENT-01,SPY,2024-06-07,2024-06-07T14:00:00+00:00,2024-06-07T14:20:00+00:00,2024-06-07T14:20:00+00:00,high,continuation_long,3,,534.31,532.535,534.62
HYP-OR-CONT-EVENT-01,SPY,2024-06-10,2024-06-10T14:00:00+00:00,2024-06-10T14:20:00+00:00,2024-06-10T14:20:00+00:00,high,continuation_long,3,,533.27,532.57,533.36
HYP-OR-CONT-EVENT-01,SPY,2024-06-11,2024-06-11T14:40:00+00:00,2024-06-11T15:00:00+00:00,2024-06-11T15:00:00+00:00,high,continuation_long,3,,534.1,532.05,534.71
HYP-OR-CONT-EVENT-01,SPY,2024-06-12,2024-06-12T14:00:00+00:00,2024-06-12T14:20:00+00:00,2024-06-12T14:20:00+00:00,high,continuation_long,3,,542.96,541.21,543.36
HYP-OR-CONT-EVENT-01,SPY,2024-06-13,2024-06-13T14:00:00+00:00,2024-06-13T14:20:00+00:00,2024-06-13T14:20:00+00:00,low,continuation_short,3,,543.19,541.74,541.27
HYP-OR-CONT-EVENT-01,SPY,2024-06-14,2024-06-14T14:00:00+00:00,2024-06-14T14:20:00+00:00,2024-06-14T14:20:00+00:00,low,continuation_short,3,,541.6295,540.665,540.8
HYP-OR-CONT-EVENT-01,SPY,2024-06-17,2024-06-17T14:05:00+00:00,2024-06-17T14:25:00+00:00,2024-06-17T14:25:00+00:00,high,continuation_long,3,,542.4799,541.6072,542.5309
HYP-OR-CONT-EVENT-01,SPY,2024-06-18,2024-06-18T14:50:00+00:00,2024-06-18T15:10:00+00:00,2024-06-18T15:10:00+00:00,low,continuation_short,3,,548.22,547.11,546.953
HYP-OR-CONT-EVENT-01,SPY,2024-06-20,2024-06-20T14:10:00+00:00,2024-06-20T14:30:00+00:00,2024-06-20T14:30:00+00:00,low,continuation_short,3,,550.12,548.81,549.06
HYP-OR-CONT-EVENT-01,SPY,2024-06-21,2024-06-21T14:55:00+00:00,2024-06-21T15:15:00+00:00,2024-06-21T15:15:00+00:00,high,continuation_long,3,,544.86,543.02,544.82
HYP-OR-CONT-EVENT-01,SPY,2024-06-24,2024-06-24T14:00:00+00:00,2024-06-24T14:20:00+00:00,2024-06-24T14:20:00+00:00,high,continuation_long,3,,545.802,543.76,546.25
HYP-OR-CONT-EVENT-01,SPY,2024-06-25,2024-06-25T14:10:00+00:00,2024-06-25T14:30:00+00:00,2024-06-25T14:30:00+00:00,high,continuation_long,3,,544.07,543.03,543.98
HYP-OR-CONT-EVENT-01,SPY,2024-06-26,2024-06-26T14:00:00+00:00,2024-06-26T14:20:00+00:00,2024-06-26T14:20:00+00:00,high,continuation_long,3,,544.39,543.17,544.53
HYP-OR-CONT-EVENT-01,SPY,2024-06-27,2024-06-27T14:10:00+00:00,2024-06-27T14:30:00+00:00,2024-06-27T14:30:00+00:00,high,continuation_long,3,,546.84,545.14,546.53
HYP-OR-CONT-EVENT-01,SPY,2024-06-28,2024-06-28T14:00:00+00:00,2024-06-28T14:20:00+00:00,2024-06-28T14:20:00+00:00,high,continuation_long,3,,548.26,546.67,549.37
HYP-OR-CONT-EVENT-01,SPY,2024-07-01,2024-07-01T14:10:00+00:00,2024-07-01T14:30:00+00:00,2024-07-01T14:30:00+00:00,low,continuation_short,3,,545.8599,544.095,544.32
HYP-OR-CONT-EVENT-01,SPY,2024-07-02,2024-07-02T14:05:00+00:00,2024-07-02T14:25:00+00:00,2024-07-02T14:25:00+00:00,high,continuation_long,3,,545.68,543.65,544.76
HYP-OR-CONT-EVENT-01,SPY,2024-07-03,2024-07-03T14:00:00+00:00,2024-07-03T14:20:00+00:00,2024-07-03T14:20:00+00:00,high,continuation_long,3,,549.63,548.65,549.6
HYP-OR-CONT-EVENT-01,SPY,2024-07-05,2024-07-05T14:05:00+00:00,2024-07-05T14:25:00+00:00,2024-07-05T14:25:00+00:00,low,continuation_short,3,,552.53,551.39,552.11
HYP-OR-CONT-EVENT-01,SPY,2024-07-08,2024-07-08T14:20:00+00:00,2024-07-08T14:40:00+00:00,2024-07-08T14:40:00+00:00,low,continuation_short,3,,556.2501,555.29,555.2788
HYP-OR-CONT-EVENT-01,SPY,2024-07-09,2024-07-09T14:00:00+00:00,2024-07-09T14:20:00+00:00,2024-07-09T14:20:00+00:00,high,continuation_long,3,,556.82,556.11,556.48
HYP-OR-CONT-EVENT-01,SPY,2024-07-10,2024-07-10T14:00:00+00:00,2024-07-10T14:20:00+00:00,2024-07-10T14:20:00+00:00,high,continuation_long,3,,557.37,556.79,557.415
HYP-OR-CONT-EVENT-01,SPY,2024-07-11,2024-07-11T14:00:00+00:00,2024-07-11T14:20:00+00:00,2024-07-11T14:20:00+00:00,high,continuation_long,3,,561.97,561.22,559.83
HYP-OR-CONT-EVENT-01,SPY,2024-07-12,2024-07-12T14:00:00+00:00,2024-07-12T14:20:00+00:00,2024-07-12T14:20:00+00:00,high,continuation_long,3,,559.0698,557.15,559.8109
HYP-OR-CONT-EVENT-01,SPY,2024-07-15,2024-07-15T14:30:00+00:00,2024-07-15T14:50:00+00:00,2024-07-15T14:50:00+00:00,high,continuation_long,3,,562.83,561.39,563.24
HYP-OR-CONT-EVENT-01,SPY,2024-07-16,2024-07-16T14:00:00+00:00,2024-07-16T14:20:00+00:00,2024-07-16T14:20:00+00:00,low,continuation_short,3,,563.61,562.74,562.6
HYP-OR-CONT-EVENT-01,SPY,2024-07-17,2024-07-17T14:05:00+00:00,2024-07-17T14:25:00+00:00,2024-07-17T14:25:00+00:00,low,continuation_short,3,,560.51,558.78,558.97
HYP-OR-CONT-EVENT-01,SPY,2024-07-18,2024-07-18T14:00:00+00:00,2024-07-18T14:20:00+00:00,2024-07-18T14:20:00+00:00,high,continuation_long,3,,558.89,557.705,559.0799
HYP-OR-CONT-EVENT-01,SPY,2024-07-19,2024-07-19T14:25:00+00:00,2024-07-19T14:45:00+00:00,2024-07-19T14:45:00+00:00,low,continuation_short,3,,554.08,551.8,550.68
HYP-OR-CONT-EVENT-01,SPY,2024-07-22,2024-07-22T14:00:00+00:00,2024-07-22T14:20:00+00:00,2024-07-22T14:20:00+00:00,low,continuation_short,3,,554.4101,552.275,552.34
HYP-OR-CONT-EVENT-01,SPY,2024-07-23,2024-07-23T14:00:00+00:00,2024-07-23T14:20:00+00:00,2024-07-23T14:20:00+00:00,high,continuation_long,3,,555.81,554.13,556.14
HYP-OR-CONT-EVENT-01,SPY,2024-07-24,2024-07-24T14:00:00+00:00,2024-07-24T14:20:00+00:00,2024-07-24T14:20:00+00:00,low,continuation_short,3,,549.17,546.33,545.67
HYP-OR-CONT-EVENT-01,SPY,2024-07-25,2024-07-25T14:00:00+00:00,2024-07-25T14:20:00+00:00,2024-07-25T14:20:00+00:00,low,continuation_short,3,,541.62,539.61,539.48
HYP-OR-CONT-EVENT-01,SPY,2024-07-26,2024-07-26T14:00:00+00:00,2024-07-26T14:20:00+00:00,2024-07-26T14:20:00+00:00,high,continuation_long,3,,543.18,541.49,542.59
HYP-OR-CONT-EVENT-01,SPY,2024-07-29,2024-07-29T14:30:00+00:00,2024-07-29T14:50:00+00:00,2024-07-29T14:50:00+00:00,low,continuation_short,3,,546.65,544.75,544.58
HYP-OR-CONT-EVENT-01,SPY,2024-07-30,2024-07-30T14:00:00+00:00,2024-07-30T14:20:00+00:00,2024-07-30T14:20:00+00:00,low,continuation_short,3,,547.34,545.74,545.36
HYP-OR-CONT-EVENT-01,SPY,2024-07-31,2024-07-31T14:00:00+00:00,2024-07-31T14:20:00+00:00,2024-07-31T14:20:00+00:00,high,continuation_long,3,,549.26,547.5799,550.48
HYP-OR-CONT-EVENT-01,SPY,2024-08-01,2024-08-01T14:05:00+00:00,2024-08-01T14:25:00+00:00,2024-08-01T14:25:00+00:00,low,continuation_short,3,,554.8688,552.32,550.94
HYP-OR-CONT-EVENT-01,SPY,2024-08-02,2024-08-02T14:00:00+00:00,2024-08-02T14:20:00+00:00,2024-08-02T14:20:00+00:00,low,continuation_short,3,,536.99,533.89,530.16
HYP-OR-CONT-EVENT-01,SPY,2024-08-05,2024-08-05T14:00:00+00:00,2024-08-05T14:20:00+00:00,2024-08-05T14:20:00+00:00,high,continuation_long,3,,518.04,510.27,518.19
HYP-OR-CONT-EVENT-01,SPY,2024-08-06,2024-08-06T14:00:00+00:00,2024-08-06T14:20:00+00:00,2024-08-06T14:20:00+00:00,high,continuation_long,3,,522.44,517.87,523.64
HYP-OR-CONT-EVENT-01,SPY,2024-08-07,2024-08-07T14:00:00+00:00,2024-08-07T14:20:00+00:00,2024-08-07T14:20:00+00:00,high,continuation_long,3,,531.19,527.94,529.02
HYP-OR-CONT-EVENT-01,SPY,2024-08-08,2024-08-08T14:00:00+00:00,2024-08-08T14:20:00+00:00,2024-08-08T14:20:00+00:00,high,continuation_long,3,,525.05,521.84,526.53
HYP-OR-CONT-EVENT-01,SPY,2024-08-09,2024-08-09T14:10:00+00:00,2024-08-09T14:30:00+00:00,2024-08-09T14:30:00+00:00,high,continuation_long,3,,531.1101,528.56,530.65
HYP-OR-CONT-EVENT-01,SPY,2024-08-12,2024-08-12T14:25:00+00:00,2024-08-12T14:45:00+00:00,2024-08-12T14:45:00+00:00,high,continuation_long,3,,534.48,530.95,534.62
HYP-OR-CONT-EVENT-01,SPY,2024-08-13,2024-08-13T14:50:00+00:00,2024-08-13T15:10:00+00:00,2024-08-13T15:10:00+00:00,high,continuation_long,3,,538.45,536.28,538.415
HYP-OR-CONT-EVENT-01,SPY,2024-08-14,2024-08-14T14:00:00+00:00,2024-08-14T14:20:00+00:00,2024-08-14T14:20:00+00:00,low,continuation_short,3,,543.27,541.29,541.52
HYP-OR-CONT-EVENT-01,SPY,2024-08-15,2024-08-15T14:10:00+00:00,2024-08-15T14:30:00+00:00,2024-08-15T14:30:00+00:00,low,continuation_short,3,,550.29,548.95,550.4
HYP-OR-CONT-EVENT-01,SPY,2024-08-16,2024-08-16T14:00:00+00:00,2024-08-16T14:20:00+00:00,2024-08-16T14:20:00+00:00,high,continuation_long,3,,552.63,551.26,553.44
HYP-OR-CONT-EVENT-01,SPY,2024-08-19,2024-08-19T14:30:00+00:00,2024-08-19T14:50:00+00:00,2024-08-19T14:50:00+00:00,high,continuation_long,3,,555.5313,554.52,555.86
HYP-OR-CONT-EVENT-01,SPY,2024-08-20,2024-08-20T14:10:00+00:00,2024-08-20T14:30:00+00:00,2024-08-20T14:30:00+00:00,low,continuation_short,3,,560.84,559.14,559.1
HYP-OR-CONT-EVENT-01,SPY,2024-08-21,2024-08-21T14:00:00+00:00,2024-08-21T14:20:00+00:00,2024-08-21T14:20:00+00:00,high,continuation_long,3,,560.45,559.35,560.19
HYP-OR-CONT-EVENT-01,SPY,2024-08-22,2024-08-22T14:05:00+00:00,2024-08-22T14:25:00+00:00,2024-08-22T14:25:00+00:00,low,continuation_short,3,,563.18,561.63,561.14
HYP-OR-CONT-EVENT-01,SPY,2024-08-23,2024-08-23T14:00:00+00:00,2024-08-23T14:20:00+00:00,2024-08-23T14:20:00+00:00,high,continuation_long,3,,559.83,558.83,561.24
HYP-OR-CONT-EVENT-01,SPY,2024-08-26,2024-08-26T14:00:00+00:00,2024-08-26T14:20:00+00:00,2024-08-26T14:20:00+00:00,low,continuation_short,3,,563.91,562.68,561.72
HYP-OR-CONT-EVENT-01,SPY,2024-08-27,2024-08-27T14:00:00+00:00,2024-08-27T14:20:00+00:00,2024-08-27T14:20:00+00:00,high,continuation_long,3,,560.22,558.32,560.12
HYP-OR-CONT-EVENT-01,SPY,2024-08-28,2024-08-28T14:00:00+00:00,2024-08-28T14:20:00+00:00,2024-08-28T14:20:00+00:00,low,continuation_short,3,,561.65,560.59,561.07
HYP-OR-CONT-EVENT-01,SPY,2024-08-29,2024-08-29T14:00:00+00:00,2024-08-29T14:20:00+00:00,2024-08-29T14:20:00+00:00,high,continuation_long,3,,561.28,559.37,560.71
HYP-OR-CONT-EVENT-01,SPY,2024-08-30,2024-08-30T14:00:00+00:00,2024-08-30T14:20:00+00:00,2024-08-30T14:20:00+00:00,high,continuation_long,3,,561.9295,560.41,561.65
HYP-OR-CONT-EVENT-01,SPY,2024-09-03,2024-09-03T14:00:00+00:00,2024-09-03T14:20:00+00:00,2024-09-03T14:20:00+00:00,low,continuation_short,3,,560.81,558.14,556.94
HYP-OR-CONT-EVENT-01,SPY,2024-09-04,2024-09-04T14:00:00+00:00,2024-09-04T14:20:00+00:00,2024-09-04T14:20:00+00:00,low,continuation_short,3,,552.555,550.03,551.72
HYP-OR-CONT-EVENT-01,SPY,2024-09-05,2024-09-05T14:00:00+00:00,2024-09-05T14:20:00+00:00,2024-09-05T14:20:00+00:00,high,continuation_long,3,,552.27,550.65,552.32
HYP-OR-CONT-EVENT-01,SPY,2024-09-06,2024-09-06T14:00:00+00:00,2024-09-06T14:20:00+00:00,2024-09-06T14:20:00+00:00,low,continuation_short,3,,551.6,547.83,547.04
HYP-OR-CONT-EVENT-01,SPY,2024-09-09,2024-09-09T14:00:00+00:00,2024-09-09T14:20:00+00:00,2024-09-09T14:20:00+00:00,high,continuation_long,3,,545.49,544.06,545.47
HYP-OR-CONT-EVENT-01,SPY,2024-09-10,2024-09-10T14:00:00+00:00,2024-09-10T14:20:00+00:00,2024-09-10T14:20:00+00:00,low,continuation_short,3,,548.66,547.63,546.2301
HYP-OR-CONT-EVENT-01,SPY,2024-09-11,2024-09-11T14:00:00+00:00,2024-09-11T14:20:00+00:00,2024-09-11T14:20:00+00:00,low,continuation_short,3,,548.76,544.5101,541.58
HYP-OR-CONT-EVENT-01,SPY,2024-09-12,2024-09-12T14:10:00+00:00,2024-09-12T14:30:00+00:00,2024-09-12T14:30:00+00:00,high,continuation_long,3,,555.37,552.74,555.82
HYP-OR-CONT-EVENT-01,SPY,2024-09-13,2024-09-13T14:00:00+00:00,2024-09-13T14:20:00+00:00,2024-09-13T14:20:00+00:00,high,continuation_long,3,,561.28,559.45,561.561
HYP-OR-CONT-EVENT-01,SPY,2024-09-16,2024-09-16T14:30:00+00:00,2024-09-16T14:50:00+00:00,2024-09-16T14:50:00+00:00,low,continuation_short,3,,562.92,560.82,561.03
HYP-OR-CONT-EVENT-01,SPY,2024-09-17,2024-09-17T14:05:00+00:00,2024-09-17T14:25:00+00:00,2024-09-17T14:25:00+00:00,high,continuation_long,3,,565.57,564.07,566.08
HYP-OR-CONT-EVENT-01,SPY,2024-09-18,2024-09-18T14:10:00+00:00,2024-09-18T14:30:00+00:00,2024-09-18T14:30:00+00:00,low,continuation_short,3,,563.93,562.53,563.12
HYP-OR-CONT-EVENT-01,SPY,2024-09-19,2024-09-19T14:25:00+00:00,2024-09-19T14:45:00+00:00,2024-09-19T14:45:00+00:00,high,continuation_long,3,,571.09,568.08,570.77
HYP-OR-CONT-EVENT-01,SPY,2024-09-20,2024-09-20T14:00:00+00:00,2024-09-20T14:20:00+00:00,2024-09-20T14:20:00+00:00,low,continuation_short,3,,568.4958,566.93,567.1921
HYP-OR-CONT-EVENT-01,SPY,2024-09-23,2024-09-23T14:00:00+00:00,2024-09-23T14:20:00+00:00,2024-09-23T14:20:00+00:00,high,continuation_long,3,,569.42,568.25,569.63
HYP-OR-CONT-EVENT-01,SPY,2024-09-24,2024-09-24T14:00:00+00:00,2024-09-24T14:20:00+00:00,2024-09-24T14:20:00+00:00,low,continuation_short,3,,570.55,569.23,568.5
HYP-OR-CONT-EVENT-01,SPY,2024-09-25,2024-09-25T14:05:00+00:00,2024-09-25T14:25:00+00:00,2024-09-25T14:25:00+00:00,high,continuation_long,3,,571.8281,570.86,571.41
HYP-OR-CONT-EVENT-01,SPY,2024-09-26,2024-09-26T14:05:00+00:00,2024-09-26T14:25:00+00:00,2024-09-26T14:25:00+00:00,low,continuation_short,3,,574.71,573.165,572.78
HYP-OR-CONT-EVENT-01,SPY,2024-09-27,2024-09-27T14:00:00+00:00,2024-09-27T14:20:00+00:00,2024-09-27T14:20:00+00:00,low,continuation_short,3,,573.56,572.705,573.17
HYP-OR-CONT-EVENT-01,SPY,2024-09-30,2024-09-30T14:35:00+00:00,2024-09-30T14:55:00+00:00,2024-09-30T14:55:00+00:00,high,continuation_long,3,,571.49,570.4,571.32
HYP-OR-CONT-EVENT-01,SPY,2024-10-01,2024-10-01T14:05:00+00:00,2024-10-01T14:25:00+00:00,2024-10-01T14:25:00+00:00,low,continuation_short,3,,573.46,568.53,568.13
HYP-OR-CONT-EVENT-01,SPY,2024-10-02,2024-10-02T14:00:00+00:00,2024-10-02T14:20:00+00:00,2024-10-02T14:20:00+00:00,high,continuation_long,3,,567.76,565.27,568.47
HYP-OR-CONT-EVENT-01,SPY,2024-10-03,2024-10-03T14:00:00+00:00,2024-10-03T14:20:00+00:00,2024-10-03T14:20:00+00:00,high,continuation_long,3,,568.29,566.82,568.41
HYP-OR-CONT-EVENT-01,SPY,2024-10-04,2024-10-04T14:00:00+00:00,2024-10-04T14:20:00+00:00,2024-10-04T14:20:00+00:00,low,continuation_short,3,,572.71,569.89,570.55
HYP-OR-CONT-EVENT-01,SPY,2024-10-07,2024-10-07T14:05:00+00:00,2024-10-07T14:25:00+00:00,2024-10-07T14:25:00+00:00,high,continuation_long,3,,571.65,570.53,571.555
HYP-OR-CONT-EVENT-01,SPY,2024-10-08,2024-10-08T14:20:00+00:00,2024-10-08T14:40:00+00:00,2024-10-08T14:40:00+00:00,high,continuation_long,3,,570.86,569.5299,571.085
HYP-OR-CONT-EVENT-01,SPY,2024-10-09,2024-10-09T14:00:00+00:00,2024-10-09T14:20:00+00:00,2024-10-09T14:20:00+00:00,high,continuation_long,3,,573.79,572.55,573.8
HYP-OR-CONT-EVENT-01,SPY,2024-10-10,2024-10-10T14:10:00+00:00,2024-10-10T14:30:00+00:00,2024-10-10T14:30:00+00:00,high,continuation_long,3,,576.3199,574.56,575.95
HYP-OR-CONT-EVENT-01,SPY,2024-10-11,2024-10-11T14:00:00+00:00,2024-10-11T14:20:00+00:00,2024-10-11T14:20:00+00:00,high,continuation_long,3,,577.52,575.91,579.46
HYP-OR-CONT-EVENT-01,SPY,2024-10-14,2024-10-14T14:00:00+00:00,2024-10-14T14:20:00+00:00,2024-10-14T14:20:00+00:00,high,continuation_long,3,,583.3,580.73,582.8
HYP-OR-CONT-EVENT-01,SPY,2024-10-15,2024-10-15T14:10:00+00:00,2024-10-15T14:30:00+00:00,2024-10-15T14:30:00+00:00,low,continuation_short,3,,584.9,584.11,583.24
HYP-OR-CONT-EVENT-01,SPY,2024-10-16,2024-10-16T14:05:00+00:00,2024-10-16T14:25:00+00:00,2024-10-16T14:25:00+00:00,high,continuation_long,3,,579.96,578.96,580.73
HYP-OR-CONT-EVENT-01,SPY,2024-10-17,2024-10-17T14:00:00+00:00,2024-10-17T14:20:00+00:00,2024-10-17T14:20:00+00:00,low,continuation_short,3,,586.12,583.2,583.69
HYP-OR-CONT-EVENT-01,SPY,2024-10-18,2024-10-18T15:25:00+00:00,2024-10-18T15:45:00+00:00,2024-10-18T15:45:00+00:00,high,continuation_long,3,,584.22,582.58,584.0989
HYP-OR-CONT-EVENT-01,SPY,2024-10-21,2024-10-21T14:05:00+00:00,2024-10-21T14:25:00+00:00,2024-10-21T14:25:00+00:00,high,continuation_long,3,,584.47,583.74,584.34
HYP-OR-CONT-EVENT-01,SPY,2024-10-22,2024-10-22T14:05:00+00:00,2024-10-22T14:25:00+00:00,2024-10-22T14:25:00+00:00,high,continuation_long,3,,581.5,580.38,581.58
HYP-OR-CONT-EVENT-01,SPY,2024-10-23,2024-10-23T14:00:00+00:00,2024-10-23T14:20:00+00:00,2024-10-23T14:20:00+00:00,low,continuation_short,3,,581.7086,580.96,580.2506
HYP-OR-CONT-EVENT-01,SPY,2024-10-24,2024-10-24T14:50:00+00:00,2024-10-24T15:10:00+00:00,2024-10-24T15:10:00+00:00,low,continuation_short,3,,580.06,578.62,578.7799
HYP-OR-CONT-EVENT-01,SPY,2024-10-25,2024-10-25T14:00:00+00:00,2024-10-25T14:20:00+00:00,2024-10-25T14:20:00+00:00,high,continuation_long,3,,583.49,581.47,583.86
HYP-OR-CONT-EVENT-01,SPY,2024-10-28,2024-10-28T14:00:00+00:00,2024-10-28T14:20:00+00:00,2024-10-28T14:20:00+00:00,low,continuation_short,3,,582.71,581.35,581.86
HYP-OR-CONT-EVENT-01,SPY,2024-10-29,2024-10-29T14:00:00+00:00,2024-10-29T14:20:00+00:00,2024-10-29T14:20:00+00:00,high,continuation_long,3,,580.06,578.43,580.51
HYP-OR-CONT-EVENT-01,SPY,2024-10-30,2024-10-30T14:00:00+00:00,2024-10-30T14:20:00+00:00,2024-10-30T14:20:00+00:00,high,continuation_long,3,,581.91,579.29,582.8
HYP-OR-CONT-EVENT-01,SPY,2024-10-31,2024-10-31T14:05:00+00:00,2024-10-31T14:25:00+00:00,2024-10-31T14:25:00+00:00,low,continuation_short,3,,575.63,573.14,573.17
HYP-OR-CONT-EVENT-01,SPY,2024-11-01,2024-11-01T14:00:00+00:00,2024-11-01T14:20:00+00:00,2024-11-01T14:20:00+00:00,high,continuation_long,3,,573.3599,570.68,574.74
HYP-OR-CONT-EVENT-01,SPY,2024-11-04,2024-11-04T15:00:00+00:00,2024-11-04T15:20:00+00:00,2024-11-04T15:20:00+00:00,high,continuation_long,3,,571.54,569.27,571.74
HYP-OR-CONT-EVENT-01,SPY,2024-11-05,2024-11-05T15:00:00+00:00,2024-11-05T15:20:00+00:00,2024-11-05T15:20:00+00:00,high,continuation_long,3,,574.02,570.52,574.06
HYP-OR-CONT-EVENT-01,SPY,2024-11-06,2024-11-06T17:45:00+00:00,2024-11-06T18:05:00+00:00,2024-11-06T18:05:00+00:00,high,continuation_long,3,,589.43,585.39,589.56
HYP-OR-CONT-EVENT-01,SPY,2024-11-07,2024-11-07T15:00:00+00:00,2024-11-07T15:20:00+00:00,2024-11-07T15:20:00+00:00,high,continuation_long,3,,594.05,592.9999,594.1699
HYP-OR-CONT-EVENT-01,SPY,2024-11-08,2024-11-08T15:00:00+00:00,2024-11-08T15:20:00+00:00,2024-11-08T15:20:00+00:00,high,continuation_long,3,,597.24,596.16,597.25
HYP-OR-CONT-EVENT-01,SPY,2024-11-11,2024-11-11T15:05:00+00:00,2024-11-11T15:25:00+00:00,2024-11-11T15:25:00+00:00,low,continuation_short,3,,600.17,598.8901,599.02
HYP-OR-CONT-EVENT-01,SPY,2024-11-12,2024-11-12T15:00:00+00:00,2024-11-12T15:20:00+00:00,2024-11-12T15:20:00+00:00,low,continuation_short,3,,599.29,598.37,598.0414
HYP-OR-CONT-EVENT-01,SPY,2024-11-13,2024-11-13T15:00:00+00:00,2024-11-13T15:20:00+00:00,2024-11-13T15:20:00+00:00,low,continuation_short,3,,597.72,596.3404,596.1751
HYP-OR-CONT-EVENT-01,SPY,2024-11-14,2024-11-14T16:50:00+00:00,2024-11-14T17:10:00+00:00,2024-11-14T17:10:00+00:00,low,continuation_short,3,,597.81,595.7901,595.53
HYP-OR-CONT-EVENT-01,SPY,2024-11-15,2024-11-15T15:00:00+00:00,2024-11-15T15:20:00+00:00,2024-11-15T15:20:00+00:00,low,continuation_short,3,,590.2,588.46,587.4
HYP-OR-CONT-EVENT-01,SPY,2024-11-18,2024-11-18T15:00:00+00:00,2024-11-18T15:20:00+00:00,2024-11-18T15:20:00+00:00,high,continuation_long,3,,586.39,585.34,586.87
HYP-OR-CONT-EVENT-01,SPY,2024-11-19,2024-11-19T15:25:00+00:00,2024-11-19T15:45:00+00:00,2024-11-19T15:45:00+00:00,high,continuation_long,3,,585.7996,584.03,587.53
HYP-OR-CONT-EVENT-01,SPY,2024-11-20,2024-11-20T15:00:00+00:00,2024-11-20T15:20:00+00:00,2024-11-20T15:20:00+00:00,low,continuation_short,3,,590.53,587.4,585.405
HYP-OR-CONT-EVENT-01,SPY,2024-11-21,2024-11-21T15:25:00+00:00,2024-11-21T15:45:00+00:00,2024-11-21T15:45:00+00:00,low,continuation_short,3,,593.57,588.56,589.03
HYP-OR-CONT-EVENT-01,SPY,2024-11-22,2024-11-22T18:10:00+00:00,2024-11-22T18:30:00+00:00,2024-11-22T18:30:00+00:00,high,continuation_long,3,,596.131,593.57,595.52
HYP-OR-CONT-EVENT-01,SPY,2024-11-25,2024-11-25T15:00:00+00:00,2024-11-25T15:20:00+00:00,2024-11-25T15:20:00+00:00,low,continuation_short,3,,600.86,598.67,598.23
HYP-OR-CONT-EVENT-01,SPY,2024-11-26,2024-11-26T15:00:00+00:00,2024-11-26T15:20:00+00:00,2024-11-26T15:20:00+00:00,low,continuation_short,3,,599.61,598.5,598.22
HYP-OR-CONT-EVENT-01,SPY,2024-11-27,2024-11-27T15:00:00+00:00,2024-11-27T15:20:00+00:00,2024-11-27T15:20:00+00:00,low,continuation_short,3,,600.85,599.94,599.9
HYP-OR-CONT-EVENT-01,SPY,2024-11-29,2024-11-29T15:00:00+00:00,2024-11-29T15:20:00+00:00,2024-11-29T15:20:00+00:00,high,continuation_long,3,,600.7199,599.3805,601.57
HYP-OR-CONT-EVENT-01,SPY,2024-12-02,2024-12-02T16:40:00+00:00,2024-12-02T17:00:00+00:00,2024-12-02T17:00:00+00:00,high,continuation_long,3,,603.6799,602.47,603.6597
HYP-OR-CONT-EVENT-01,SPY,2024-12-03,2024-12-03T15:20:00+00:00,2024-12-03T15:40:00+00:00,2024-12-03T15:40:00+00:00,low,continuation_short,3,,603.72,602.77,602.87
HYP-OR-CONT-EVENT-01,SPY,2024-12-04,2024-12-04T15:00:00+00:00,2024-12-04T15:20:00+00:00,2024-12-04T15:20:00+00:00,low,continuation_short,3,,606.21,605.51,605.57
HYP-OR-CONT-EVENT-01,SPY,2024-12-05,2024-12-05T15:20:00+00:00,2024-12-05T15:40:00+00:00,2024-12-05T15:40:00+00:00,low,continuation_short,3,,607.85,607.37,606.885
HYP-OR-CONT-EVENT-01,SPY,2024-12-06,2024-12-06T15:00:00+00:00,2024-12-06T15:20:00+00:00,2024-12-06T15:20:00+00:00,high,continuation_long,3,,609.04,607.34,608.9001
HYP-OR-CONT-EVENT-01,SPY,2024-12-09,2024-12-09T15:10:00+00:00,2024-12-09T15:30:00+00:00,2024-12-09T15:30:00+00:00,low,continuation_short,3,,607.86,607.2,606.3699
HYP-OR-CONT-EVENT-01,SPY,2024-12-10,2024-12-10T15:15:00+00:00,2024-12-10T15:35:00+00:00,2024-12-10T15:35:00+00:00,high,continuation_long,3,,605.4,604.2737,605.565
HYP-OR-CONT-EVENT-01,SPY,2024-12-11,2024-12-11T15:05:00+00:00,2024-12-11T15:25:00+00:00,2024-12-11T15:25:00+00:00,high,continuation_long,3,,606.655,605.5,606.68
HYP-OR-CONT-EVENT-01,SPY,2024-12-12,2024-12-12T15:00:00+00:00,2024-12-12T15:20:00+00:00,2024-12-12T15:20:00+00:00,low,continuation_short,3,,606.64,605.72,605.9401
HYP-OR-CONT-EVENT-01,SPY,2024-12-13,2024-12-13T15:00:00+00:00,2024-12-13T15:20:00+00:00,2024-12-13T15:20:00+00:00,low,continuation_short,3,,607.13,606.01,605.14
HYP-OR-CONT-EVENT-01,SPY,2024-12-16,2024-12-16T15:20:00+00:00,2024-12-16T15:40:00+00:00,2024-12-16T15:40:00+00:00,low,continuation_short,3,,606.4,605.5801,606.99
HYP-OR-CONT-EVENT-01,SPY,2024-12-17,2024-12-17T15:10:00+00:00,2024-12-17T15:30:00+00:00,2024-12-17T15:30:00+00:00,low,continuation_short,3,,604.86,603.6004,603.2
HYP-OR-CONT-EVENT-01,SPY,2024-12-18,2024-12-18T15:00:00+00:00,2024-12-18T15:20:00+00:00,2024-12-18T15:20:00+00:00,high,continuation_long,3,,604.66,603.47,605.16
HYP-OR-CONT-EVENT-01,SPY,2024-12-19,2024-12-19T15:20:00+00:00,2024-12-19T15:40:00+00:00,2024-12-19T15:40:00+00:00,low,continuation_short,3,,593.0,589.81,588.5201
HYP-OR-CONT-EVENT-01,SPY,2024-12-20,2024-12-20T15:10:00+00:00,2024-12-20T15:30:00+00:00,2024-12-20T15:30:00+00:00,high,continuation_long,3,,584.18,580.91,586.97
HYP-OR-CONT-EVENT-01,SPY,2024-12-23,2024-12-23T15:00:00+00:00,2024-12-23T15:20:00+00:00,2024-12-23T15:20:00+00:00,low,continuation_short,3,,591.77,589.18,589.01
HYP-OR-CONT-EVENT-01,SPY,2024-12-24,2024-12-24T15:00:00+00:00,2024-12-24T15:20:00+00:00,2024-12-24T15:20:00+00:00,high,continuation_long,3,,597.28,595.47,598.18
HYP-OR-CONT-EVENT-01,SPY,2024-12-26,2024-12-26T15:00:00+00:00,2024-12-26T15:20:00+00:00,2024-12-26T15:20:00+00:00,high,continuation_long,3,,600.27,598.0825,599.495
HYP-OR-CONT-EVENT-01,SPY,2024-12-27,2024-12-27T15:00:00+00:00,2024-12-27T15:20:00+00:00,2024-12-27T15:20:00+00:00,low,continuation_short,3,,597.7761,596.43,593.015
HYP-OR-CONT-EVENT-01,SPY,2024-12-30,2024-12-30T15:00:00+00:00,2024-12-30T15:20:00+00:00,2024-12-30T15:20:00+00:00,low,continuation_short,3,,588.01,585.19,585.12
HYP-OR-CONT-EVENT-01,SPY,2024-12-31,2024-12-31T16:00:00+00:00,2024-12-31T16:20:00+00:00,2024-12-31T16:20:00+00:00,low,continuation_short,3,,590.58,588.5559,587.1651
