hypothesis_id,symbol,session_date,executable_timestamp,direction_orientation,year,executable_timestamp_hour_bucket,horizon,event_return,unconditional_return,unconditional_sample_count
HYP-OR-CONT-EVENT-01,QQQ,2022-01-03,2022-01-03T20:00:00+00:00,continuation_long,2022,15:00,30min,0.001129890013242374,-4.450188879573633e-05,1494
HYP-OR-CONT-EVENT-01,QQQ,2022-01-03,2022-01-03T20:00:00+00:00,continuation_long,2022,15:00,15min,0.0009056560525106949,-1.553494644865927e-05,2241
HYP-OR-CONT-EVENT-01,QQQ,2022-01-03,2022-01-03T20:00:00+00:00,continuation_long,2022,15:00,session_close,0.0010302304751392821,0.6625836744318224,2988
HYP-OR-CONT-EVENT-01,QQQ,2022-01-04,2022-01-04T15:20:00+00:00,continuation_short,2022,10:00,30min,0.0068184097062068405,6.854725940864175e-05,3012
HYP-OR-CONT-EVENT-01,QQQ,2022-01-04,2022-01-04T15:20:00+00:00,continuation_short,2022,10:00,15min,0.0038135465757545006,4.075772565520843e-05,3012
HYP-OR-CONT-EVENT-01,QQQ,2022-01-04,2022-01-04T15:20:00+00:00,continuation_short,2022,10:00,60min,0.011330592600020117,4.633988252025494e-05,3012
HYP-OR-CONT-EVENT-01,QQQ,2022-01-04,2022-01-04T15:20:00+00:00,continuation_short,2022,10:00,session_close,0.006091446906647979,-0.6632079556976866,3012
HYP-OR-CONT-EVENT-01,QQQ,2022-01-05,2022-01-05T17:50:00+00:00,continuation_short,2022,12:00,30min,-0.00040871586583901554,0.0001369537087975617,3000
HYP-OR-CONT-EVENT-01,QQQ,2022-01-05,2022-01-05T17:50:00+00:00,continuation_short,2022,12:00,15min,0.0016514675454057937,8.121155156313482e-05,3006
HYP-OR-CONT-EVENT-01,QQQ,2022-01-05,2022-01-05T17:50:00+00:00,continuation_short,2022,12:00,60min,1.2772370807656586e-05,0.0001640072869729762,2988
HYP-OR-CONT-EVENT-01,QQQ,2022-01-05,2022-01-05T17:50:00+00:00,continuation_short,2022,12:00,session_close,0.018698750862135127,-0.6639347574299753,3012
HYP-OR-CONT-EVENT-01,QQQ,2022-01-06,2022-01-06T15:20:00+00:00,continuation_short,2022,10:00,30min,-0.008163478897930343,6.854725940864175e-05,3012
HYP-OR-CONT-EVENT-01,QQQ,2022-01-06,2022-01-06T15:20:00+00:00,continuation_short,2022,10:00,15min,-0.00818938224443344,4.075772565520843e-05,3012
HYP-OR-CONT-EVENT-01,QQQ,2022-01-06,2022-01-06T15:20:00+00:00,continuation_short,2022,10:00,60min,-0.010335173604751446,4.633988252025494e-05,3012
HYP-OR-CONT-EVENT-01,QQQ,2022-01-06,2022-01-06T15:20:00+00:00,continuation_short,2022,10:00,session_close,-0.004814359350061359,-0.6632079556976866,3012
HYP-OR-CONT-EVENT-01,QQQ,2022-01-07,2022-01-07T15:55:00+00:00,continuation_short,2022,10:00,30min,-0.004885778423346254,6.854725940864175e-05,3012
HYP-OR-CONT-EVENT-01,QQQ,2022-01-07,2022-01-07T15:55:00+00:00,continuation_short,2022,10:00,15min,-0.002429684405123478,4.075772565520843e-05,3012
HYP-OR-CONT-EVENT-01,QQQ,2022-01-07,2022-01-07T15:55:00+00:00,continuation_short,2022,10:00,60min,-0.00702495708437878,4.633988252025494e-05,3012
HYP-OR-CONT-EVENT-01,QQQ,2022-01-07,2022-01-07T15:55:00+00:00,continuation_short,2022,10:00,session_close,-0.003063515119503535,-0.6632079556976866,3012
HYP-OR-CONT-EVENT-01,QQQ,2022-01-10,2022-01-10T15:20:00+00:00,continuation_short,2022,10:00,30min,0.00040493480549641525,6.854725940864175e-05,3012
HYP-OR-CONT-EVENT-01,QQQ,2022-01-10,2022-01-10T15:20:00+00:00,continuation_short,2022,10:00,15min,0.001052830494290391,4.075772565520843e-05,3012
HYP-OR-CONT-EVENT-01,QQQ,2022-01-10,2022-01-10T15:20:00+00:00,continuation_short,2022,10:00,60min,-0.006928164565504824,4.633988252025494e-05,3012
HYP-OR-CONT-EVENT-01,QQQ,2022-01-10,2022-01-10T15:20:00+00:00,continuation_short,2022,10:00,session_close,-0.026752692816456536,-0.6632079556976866,3012
HYP-OR-CONT-EVENT-01,QQQ,2022-01-11,2022-01-11T15:20:00+00:00,continuation_long,2022,10:00,30min,-0.004545812859657938,-6.854725940864175e-05,3012
HYP-OR-CONT-EVENT-01,QQQ,2022-01-11,2022-01-11T15:20:00+00:00,continuation_long,2022,10:00,15min,-0.003442205113382557,-4.075772565520843e-05,3012
HYP-OR-CONT-EVENT-01,QQQ,2022-01-11,2022-01-11T15:20:00+00:00,continuation_long,2022,10:00,60min,0.007094621226055642,-4.633988252025494e-05,3012
HYP-OR-CONT-EVENT-01,QQQ,2022-01-11,2022-01-11T15:20:00+00:00,continuation_long,2022,10:00,session_close,0.014005307827732016,0.6632079556976866,3012
HYP-OR-CONT-EVENT-01,QQQ,2022-01-12,2022-01-12T15:25:00+00:00,continuation_long,2022,10:00,30min,-0.007880281328610295,-6.854725940864175e-05,3012
HYP-OR-CONT-EVENT-01,QQQ,2022-01-12,2022-01-12T15:25:00+00:00,continuation_long,2022,10:00,15min,-0.006173314851891765,-4.075772565520843e-05,3012
HYP-OR-CONT-EVENT-01,QQQ,2022-01-12,2022-01-12T15:25:00+00:00,continuation_long,2022,10:00,60min,-0.007443913958622095,-4.633988252025494e-05,3012
HYP-OR-CONT-EVENT-01,QQQ,2022-01-12,2022-01-12T15:25:00+00:00,continuation_long,2022,10:00,session_close,-0.005544432465732219,0.6632079556976866,3012
HYP-OR-CONT-EVENT-01,QQQ,2022-01-13,2022-01-13T15:20:00+00:00,continuation_short,2022,10:00,30min,0.00673156586578294,6.854725940864175e-05,3012
HYP-OR-CONT-EVENT-01,QQQ,2022-01-13,2022-01-13T15:20:00+00:00,continuation_short,2022,10:00,15min,0.0018900165700083127,4.075772565520843e-05,3012
HYP-OR-CONT-EVENT-01,QQQ,2022-01-13,2022-01-13T15:20:00+00:00,continuation_short,2022,10:00,60min,0.00362468931234472,4.633988252025494e-05,3012
HYP-OR-CONT-EVENT-01,QQQ,2022-01-13,2022-01-13T15:20:00+00:00,continuation_short,2022,10:00,session_close,0.02224005799502904,-0.6632079556976866,3012
HYP-OR-CONT-EVENT-01,QQQ,2022-01-18,2022-01-18T15:25:00+00:00,continuation_long,2022,10:00,30min,-0.006070449159988223,-6.854725940864175e-05,3012
HYP-OR-CONT-EVENT-01,QQQ,2022-01-18,2022-01-18T15:25:00+00:00,continuation_long,2022,10:00,15min,-0.0021251897015360788,-4.075772565520843e-05,3012
HYP-OR-CONT-EVENT-01,QQQ,2022-01-18,2022-01-18T15:25:00+00:00,continuation_long,2022,10:00,60min,-0.007641311004020213,-4.633988252025494e-05,3012
HYP-OR-CONT-EVENT-01,QQQ,2022-01-18,2022-01-18T15:25:00+00:00,continuation_long,2022,10:00,session_close,-0.012753268191378786,0.6632079556976866,3012
HYP-OR-CONT-EVENT-01,QQQ,2022-01-19,2022-01-19T15:20:00+00:00,continuation_long,2022,10:00,30min,-0.00910132512381212,-6.854725940864175e-05,3012
HYP-OR-CONT-EVENT-01,QQQ,2022-01-19,2022-01-19T15:20:00+00:00,continuation_long,2022,10:00,15min,-0.007308258599919792,-4.075772565520843e-05,3012
HYP-OR-CONT-EVENT-01,QQQ,2022-01-19,2022-01-19T15:20:00+00:00,continuation_long,2022,10:00,60min,-0.013786641681167278,-4.633988252025494e-05,3012
HYP-OR-CONT-EVENT-01,QQQ,2022-01-19,2022-01-19T15:20:00+00:00,continuation_long,2022,10:00,session_close,-0.018792664971222117,0.6632079556976866,3012
HYP-OR-CONT-EVENT-01,QQQ,2022-01-20,2022-01-20T15:20:00+00:00,continuation_long,2022,10:00,30min,0.006766045771895213,-6.854725940864175e-05,3012
HYP-OR-CONT-EVENT-01,QQQ,2022-01-20,2022-01-20T15:20:00+00:00,continuation_long,2022,10:00,15min,0.004730840768795375,-4.075772565520843e-05,3012
HYP-OR-CONT-EVENT-01,QQQ,2022-01-20,2022-01-20T15:20:00+00:00,continuation_long,2022,10:00,60min,0.0038278027872873377,-4.633988252025494e-05,3012
HYP-OR-CONT-EVENT-01,QQQ,2022-01-20,2022-01-20T15:20:00+00:00,continuation_long,2022,10:00,session_close,-0.025231150766908406,0.6632079556976866,3012
HYP-OR-CONT-EVENT-01,QQQ,2022-01-21,2022-01-21T15:20:00+00:00,continuation_short,2022,10:00,30min,-0.015078204118375016,6.854725940864175e-05,3012
HYP-OR-CONT-EVENT-01,QQQ,2022-01-21,2022-01-21T15:20:00+00:00,continuation_short,2022,10:00,15min,-0.008186114549341594,4.075772565520843e-05,3012
HYP-OR-CONT-EVENT-01,QQQ,2022-01-21,2022-01-21T15:20:00+00:00,continuation_short,2022,10:00,60min,-0.017975694835152378,4.633988252025494e-05,3012
HYP-OR-CONT-EVENT-01,QQQ,2022-01-21,2022-01-21T15:20:00+00:00,continuation_short,2022,10:00,session_close,0.011364915044447033,-0.6632079556976866,3012
HYP-OR-CONT-EVENT-01,QQQ,2022-01-24,2022-01-24T15:25:00+00:00,continuation_short,2022,10:00,30min,-0.00023297125717136602,6.854725940864175e-05,3012
HYP-OR-CONT-EVENT-01,QQQ,2022-01-24,2022-01-24T15:25:00+00:00,continuation_short,2022,10:00,15min,-0.0038440257433238756,4.075772565520843e-05,3012
HYP-OR-CONT-EVENT-01,QQQ,2022-01-24,2022-01-24T15:25:00+00:00,continuation_short,2022,10:00,60min,0.0044264538862517355,4.633988252025494e-05,3012
HYP-OR-CONT-EVENT-01,QQQ,2022-01-24,2022-01-24T15:25:00+00:00,continuation_short,2022,10:00,session_close,-0.029674713882174686,-0.6632079556976866,3012
HYP-OR-CONT-EVENT-01,QQQ,2022-01-25,2022-01-25T16:55:00+00:00,continuation_short,2022,11:00,30min,-0.0015127272727271102,0.00015930069977727258,3012
HYP-OR-CONT-EVENT-01,QQQ,2022-01-25,2022-01-25T16:55:00+00:00,continuation_short,2022,11:00,15min,0.00029090909090911943,5.6342617917160395e-05,3012
HYP-OR-CONT-EVENT-01,QQQ,2022-01-25,2022-01-25T16:55:00+00:00,continuation_short,2022,11:00,60min,0.000538181818181771,0.0004151811255126391,3012
HYP-OR-CONT-EVENT-01,QQQ,2022-01-25,2022-01-25T16:55:00+00:00,continuation_short,2022,11:00,session_close,-0.003432727272727254,-0.6632770180962785,3012
HYP-OR-CONT-EVENT-01,QQQ,2022-01-26,2022-01-26T16:00:00+00:00,continuation_short,2022,11:00,30min,-0.004076396807297655,0.00015930069977727258,3012
HYP-OR-CONT-EVENT-01,QQQ,2022-01-26,2022-01-26T16:00:00+00:00,continuation_short,2022,11:00,15min,-0.0023030216647661472,5.6342617917160395e-05,3012
HYP-OR-CONT-EVENT-01,QQQ,2022-01-26,2022-01-26T16:00:00+00:00,continuation_short,2022,11:00,60min,-0.004618015963512079,0.0004151811255126391,3012
HYP-OR-CONT-EVENT-01,QQQ,2022-01-26,2022-01-26T16:00:00+00:00,continuation_short,2022,11:00,session_close,0.016590649942987423,-0.6632770180962785,3012
HYP-OR-CONT-EVENT-01,QQQ,2022-01-27,2022-01-27T15:25:00+00:00,continuation_long,2022,10:00,30min,-0.0017473002778494173,-6.854725940864175e-05,3012
HYP-OR-CONT-EVENT-01,QQQ,2022-01-27,2022-01-27T15:25:00+00:00,continuation_long,2022,10:00,15min,-0.005227578700123137,-4.075772565520843e-05,3012
HYP-OR-CONT-EVENT-01,QQQ,2022-01-27,2022-01-27T15:25:00+00:00,continuation_long,2022,10:00,60min,-0.00489816963134837,-4.633988252025494e-05,3012
HYP-OR-CONT-EVENT-01,QQQ,2022-01-27,2022-01-27T15:25:00+00:00,continuation_long,2022,10:00,session_close,-0.02317321188164201,0.6632079556976866,3012
HYP-OR-CONT-EVENT-01,QQQ,2022-01-28,2022-01-28T16:10:00+00:00,continuation_long,2022,11:00,30min,0.004233066573880784,-0.00015930069977727258,3012
HYP-OR-CONT-EVENT-01,QQQ,2022-01-28,2022-01-28T16:10:00+00:00,continuation_long,2022,11:00,15min,0.005161215495244731,-5.6342617917160395e-05,3012
HYP-OR-CONT-EVENT-01,QQQ,2022-01-28,2022-01-28T16:10:00+00:00,continuation_long,2022,11:00,60min,0.008639236836001096,-0.0004151811255126391,3012
HYP-OR-CONT-EVENT-01,QQQ,2022-01-28,2022-01-28T16:10:00+00:00,continuation_long,2022,11:00,session_close,0.020499884017629366,0.6632770180962785,3012
HYP-OR-CONT-EVENT-01,QQQ,2022-01-31,2022-01-31T15:20:00+00:00,continuation_long,2022,10:00,30min,0.002390003913456784,-6.854725940864175e-05,3012
HYP-OR-CONT-EVENT-01,QQQ,2022-01-31,2022-01-31T15:20:00+00:00,continuation_long,2022,10:00,15min,8.385978643699055e-05,-4.075772565520843e-05,3012
HYP-OR-CONT-EVENT-01,QQQ,2022-01-31,2022-01-31T15:20:00+00:00,continuation_long,2022,10:00,60min,-0.00016771957287420314,-4.633988252025494e-05,3012
HYP-OR-CONT-EVENT-01,QQQ,2022-01-31,2022-01-31T15:20:00+00:00,continuation_long,2022,10:00,session_close,0.015486107228713575,0.6632079556976866,3012
HYP-OR-CONT-EVENT-01,QQQ,2022-02-01,2022-02-01T15:20:00+00:00,continuation_short,2022,10:00,30min,-0.002747176513028249,6.854725940864175e-05,3012
HYP-OR-CONT-EVENT-01,QQQ,2022-02-01,2022-02-01T15:20:00+00:00,continuation_short,2022,10:00,15min,-0.002275439132003232,4.075772565520843e-05,3012
HYP-OR-CONT-EVENT-01,QQQ,2022-02-01,2022-02-01T15:20:00+00:00,continuation_short,2022,10:00,60min,-0.005993839664788947,4.633988252025494e-05,3012
HYP-OR-CONT-EVENT-01,QQQ,2022-02-01,2022-02-01T15:20:00+00:00,continuation_short,2022,10:00,session_close,-0.014235369203873693,-0.6632079556976866,3012
HYP-OR-CONT-EVENT-01,QQQ,2022-02-02,2022-02-02T15:55:00+00:00,continuation_short,2022,10:00,30min,0.003053207476092279,6.854725940864175e-05,3012
HYP-OR-CONT-EVENT-01,QQQ,2022-02-02,2022-02-02T15:55:00+00:00,continuation_short,2022,10:00,15min,0.0056154921181125195,4.075772565520843e-05,3012
HYP-OR-CONT-EVENT-01,QQQ,2022-02-02,2022-02-02T15:55:00+00:00,continuation_short,2022,10:00,60min,0.0013086732517382238,4.633988252025494e-05,3012
HYP-OR-CONT-EVENT-01,QQQ,2022-02-02,2022-02-02T15:55:00+00:00,continuation_short,2022,10:00,session_close,-0.0045791297554573784,-0.6632079556976866,3012
HYP-OR-CONT-EVENT-01,QQQ,2022-02-03,2022-02-03T15:35:00+00:00,continuation_long,2022,10:00,30min,-0.0025228022511157855,-6.854725940864175e-05,3012
HYP-OR-CONT-EVENT-01,QQQ,2022-02-03,2022-02-03T15:35:00+00:00,continuation_long,2022,10:00,15min,-0.002356463641152051,-4.075772565520843e-05,3012
HYP-OR-CONT-EVENT-01,QQQ,2022-02-03,2022-02-03T15:35:00+00:00,continuation_long,2022,10:00,60min,-0.0051614870671730095,-4.633988252025494e-05,3012
HYP-OR-CONT-EVENT-01,QQQ,2022-02-03,2022-02-03T15:35:00+00:00,continuation_long,2022,10:00,session_close,-0.019711125280696296,0.6632079556976866,3012
HYP-OR-CONT-EVENT-01,QQQ,2022-02-04,2022-02-04T15:20:00+00:00,continuation_long,2022,10:00,30min,-0.008233218516340401,-6.854725940864175e-05,3012
HYP-OR-CONT-EVENT-01,QQQ,2022-02-04,2022-02-04T15:20:00+00:00,continuation_long,2022,10:00,15min,-0.005740849645747392,-4.075772565520843e-05,3012
HYP-OR-CONT-EVENT-01,QQQ,2022-02-04,2022-02-04T15:20:00+00:00,continuation_long,2022,10:00,60min,-0.010249516928505287,-4.633988252025494e-05,3012
HYP-OR-CONT-EVENT-01,QQQ,2022-02-04,2022-02-04T15:20:00+00:00,continuation_long,2022,10:00,session_close,0.0025203730152063564,0.6632079556976866,3012
HYP-OR-CONT-EVENT-01,QQQ,2022-02-07,2022-02-07T16:25:00+00:00,continuation_short,2022,11:00,30min,0.0032727221864773393,0.00015930069977727258,3012
HYP-OR-CONT-EVENT-01,QQQ,2022-02-07,2022-02-07T16:25:00+00:00,continuation_short,2022,11:00,15min,0.005566900718941503,5.6342617917160395e-05,3012
HYP-OR-CONT-EVENT-01,QQQ,2022-02-07,2022-02-07T16:25:00+00:00,continuation_short,2022,11:00,60min,0.0045880773211738335,0.0004151811255126391,3012
HYP-OR-CONT-EVENT-01,QQQ,2022-02-07,2022-02-07T16:25:00+00:00,continuation_short,2022,11:00,session_close,0.006434106358575553,-0.6632770180962785,3012
HYP-OR-CONT-EVENT-01,QQQ,2022-02-08,2022-02-08T15:20:00+00:00,continuation_short,2022,10:00,30min,-0.005274812067190382,6.854725940864175e-05,3012
HYP-OR-CONT-EVENT-01,QQQ,2022-02-08,2022-02-08T15:20:00+00:00,continuation_short,2022,10:00,15min,0.0009449529639083964,4.075772565520843e-05,3012
HYP-OR-CONT-EVENT-01,QQQ,2022-02-08,2022-02-08T15:20:00+00:00,continuation_short,2022,10:00,60min,-0.008250708714722998,4.633988252025494e-05,3012
HYP-OR-CONT-EVENT-01,QQQ,2022-02-08,2022-02-08T15:20:00+00:00,continuation_short,2022,10:00,session_close,-0.013215237719137463,-0.6632079556976866,3012
HYP-OR-CONT-EVENT-01,QQQ,2022-02-09,2022-02-09T16:20:00+00:00,continuation_long,2022,11:00,30min,-0.0009063701263042345,-0.00015930069977727258,3012
HYP-OR-CONT-EVENT-01,QQQ,2022-02-09,2022-02-09T16:20:00+00:00,continuation_long,2022,11:00,15min,0.0007688083470620555,-5.6342617917160395e-05,3012
HYP-OR-CONT-EVENT-01,QQQ,2022-02-09,2022-02-09T16:20:00+00:00,continuation_long,2022,11:00,60min,0.0006444261394837891,-0.0004151811255126391,3012
HYP-OR-CONT-EVENT-01,QQQ,2022-02-09,2022-02-09T16:20:00+00:00,continuation_long,2022,11:00,session_close,0.007056562328390914,0.6632770180962785,3012
HYP-OR-CONT-EVENT-01,QQQ,2022-02-10,2022-02-10T15:20:00+00:00,continuation_long,2022,10:00,30min,0.00045284677951196173,-6.854725940864175e-05,3012
HYP-OR-CONT-EVENT-01,QQQ,2022-02-10,2022-02-10T15:20:00+00:00,continuation_long,2022,10:00,15min,0.005701802593976568,-4.075772565520843e-05,3012
HYP-OR-CONT-EVENT-01,QQQ,2022-02-10,2022-02-10T15:20:00+00:00,continuation_long,2022,10:00,60min,-0.0008243570015388224,-4.633988252025494e-05,3012
HYP-OR-CONT-EVENT-01,QQQ,2022-02-10,2022-02-10T15:20:00+00:00,continuation_long,2022,10:00,session_close,-0.015030775994724244,0.6632079556976866,3012
HYP-OR-CONT-EVENT-01,QQQ,2022-02-11,2022-02-11T15:30:00+00:00,continuation_short,2022,10:00,30min,-0.0015399692006159427,6.854725940864175e-05,3012
HYP-OR-CONT-EVENT-01,QQQ,2022-02-11,2022-02-11T15:30:00+00:00,continuation_short,2022,10:00,15min,-0.0006159876802465103,4.075772565520843e-05,3012
HYP-OR-CONT-EVENT-01,QQQ,2022-02-11,2022-02-11T15:30:00+00:00,continuation_short,2022,10:00,60min,0.0062438751224974665,4.633988252025494e-05,3012
HYP-OR-CONT-EVENT-01,QQQ,2022-02-11,2022-02-11T15:30:00+00:00,continuation_short,2022,10:00,session_close,0.0279714405711885,-0.6632079556976866,3012
HYP-OR-CONT-EVENT-01,QQQ,2022-02-14,2022-02-14T16:35:00+00:00,continuation_long,2022,11:00,30min,-0.0014286938880475608,-0.00015930069977727258,3012
HYP-OR-CONT-EVENT-01,QQQ,2022-02-14,2022-02-14T16:35:00+00:00,continuation_long,2022,11:00,15min,-0.002087036031659939,-5.6342617917160395e-05,3012
HYP-OR-CONT-EVENT-01,QQQ,2022-02-14,2022-02-14T16:35:00+00:00,continuation_long,2022,11:00,60min,0.0005143297996970109,-0.0004151811255126391,3012
HYP-OR-CONT-EVENT-01,QQQ,2022-02-14,2022-02-14T16:35:00+00:00,continuation_long,2022,11:00,session_close,-0.00657199188501878,0.6632770180962785,3012
HYP-OR-CONT-EVENT-01,QQQ,2022-02-15,2022-02-15T16:00:00+00:00,continuation_long,2022,11:00,30min,0.0007765948434101944,-0.00015930069977727258,3012
HYP-OR-CONT-EVENT-01,QQQ,2022-02-15,2022-02-15T16:00:00+00:00,continuation_long,2022,11:00,15min,0.00042359718731455054,-5.6342617917160395e-05,3012
HYP-OR-CONT-EVENT-01,QQQ,2022-02-15,2022-02-15T16:00:00+00:00,continuation_long,2022,11:00,60min,0.0009883934370675806,-0.0004151811255126391,3012
HYP-OR-CONT-EVENT-01,QQQ,2022-02-15,2022-02-15T16:00:00+00:00,continuation_long,2022,11:00,session_close,0.005930360622405262,0.6632770180962785,3012
HYP-OR-CONT-EVENT-01,QQQ,2022-02-16,2022-02-16T19:40:00+00:00,continuation_long,2022,14:00,30min,0.003046502011625707,0.0003332991330453274,2988
HYP-OR-CONT-EVENT-01,QQQ,2022-02-16,2022-02-16T19:40:00+00:00,continuation_long,2022,14:00,15min,0.00118251454779994,0.00015711575373012998,2988
HYP-OR-CONT-EVENT-01,QQQ,2022-02-16,2022-02-16T19:40:00+00:00,continuation_long,2022,14:00,60min,0.003040309362244198,0.00046112601180533635,2988
HYP-OR-CONT-EVENT-01,QQQ,2022-02-16,2022-02-16T19:40:00+00:00,continuation_long,2022,14:00,session_close,0.002111411955022069,0.663319471916549,2988
HYP-OR-CONT-EVENT-01,QQQ,2022-02-17,2022-02-17T15:35:00+00:00,continuation_short,2022,10:00,30min,-0.00042859591976673883,6.854725940864175e-05,3012
HYP-OR-CONT-EVENT-01,QQQ,2022-02-17,2022-02-17T15:35:00+00:00,continuation_short,2022,10:00,15min,0.00028430196011208775,4.075772565520843e-05,3012
HYP-OR-CONT-EVENT-01,QQQ,2022-02-17,2022-02-17T15:35:00+00:00,continuation_short,2022,10:00,60min,-0.001542945311160615,4.633988252025494e-05,3012
HYP-OR-CONT-EVENT-01,QQQ,2022-02-17,2022-02-17T15:35:00+00:00,continuation_short,2022,10:00,session_close,0.012943596776958777,-0.6632079556976866,3012
HYP-OR-CONT-EVENT-01,QQQ,2022-02-18,2022-02-18T15:45:00+00:00,continuation_short,2022,10:00,30min,0.0026815121396717156,6.854725940864175e-05,3012
HYP-OR-CONT-EVENT-01,QQQ,2022-02-18,2022-02-18T15:45:00+00:00,continuation_short,2022,10:00,15min,0.0058002273455942666,4.075772565520843e-05,3012
HYP-OR-CONT-EVENT-01,QQQ,2022-02-18,2022-02-18T15:45:00+00:00,continuation_short,2022,10:00,60min,0.0037599463697570723,4.633988252025494e-05,3012
HYP-OR-CONT-EVENT-01,QQQ,2022-02-18,2022-02-18T15:45:00+00:00,continuation_short,2022,10:00,session_close,0.004401177533591705,-0.6632079556976866,3012
HYP-OR-CONT-EVENT-01,QQQ,2022-02-22,2022-02-22T17:30:00+00:00,continuation_short,2022,12:00,30min,0.0024863840871417464,0.0001369537087975617,3000
HYP-OR-CONT-EVENT-01,QQQ,2022-02-22,2022-02-22T17:30:00+00:00,continuation_short,2022,12:00,15min,0.0024271844660194164,8.121155156313482e-05,3006
HYP-OR-CONT-EVENT-01,QQQ,2022-02-22,2022-02-22T17:30:00+00:00,continuation_short,2022,12:00,60min,0.0024271844660194164,0.0001640072869729762,2988
HYP-OR-CONT-EVENT-01,QQQ,2022-02-22,2022-02-22T17:30:00+00:00,continuation_short,2022,12:00,session_close,-0.0007399952640303464,-0.6639347574299753,3012
HYP-OR-CONT-EVENT-01,QQQ,2022-02-23,2022-02-23T15:20:00+00:00,continuation_short,2022,10:00,30min,0.005065165876777411,6.854725940864175e-05,3012
HYP-OR-CONT-EVENT-01,QQQ,2022-02-23,2022-02-23T15:20:00+00:00,continuation_short,2022,10:00,15min,0.0018364928909953004,4.075772565520843e-05,3012
HYP-OR-CONT-EVENT-01,QQQ,2022-02-23,2022-02-23T15:20:00+00:00,continuation_short,2022,10:00,60min,0.007686611374407626,4.633988252025494e-05,3012
HYP-OR-CONT-EVENT-01,QQQ,2022-02-23,2022-02-23T15:20:00+00:00,continuation_short,2022,10:00,session_close,0.024259478672985724,-0.6632079556976866,3012
HYP-OR-CONT-EVENT-01,QQQ,2022-02-24,2022-02-24T15:30:00+00:00,continuation_long,2022,10:00,30min,0.004846031161820585,-6.854725940864175e-05,3012
HYP-OR-CONT-EVENT-01,QQQ,2022-02-24,2022-02-24T15:30:00+00:00,continuation_long,2022,10:00,15min,0.004834069439332511,-4.075772565520843e-05,3012
HYP-OR-CONT-EVENT-01,QQQ,2022-02-24,2022-02-24T15:30:00+00:00,continuation_long,2022,10:00,60min,0.009569377990430672,-4.633988252025494e-05,3012
HYP-OR-CONT-EVENT-01,QQQ,2022-02-24,2022-02-24T15:30:00+00:00,continuation_long,2022,10:00,session_close,0.04481045270518935,0.6632079556976866,3012
HYP-OR-CONT-EVENT-01,QQQ,2022-02-25,2022-02-25T15:50:00+00:00,continuation_long,2022,10:00,30min,0.003933108029367194,-6.854725940864175e-05,3012
HYP-OR-CONT-EVENT-01,QQQ,2022-02-25,2022-02-25T15:50:00+00:00,continuation_long,2022,10:00,15min,-0.0006700850716699902,-4.075772565520843e-05,3012
HYP-OR-CONT-EVENT-01,QQQ,2022-02-25,2022-02-25T15:50:00+00:00,continuation_long,2022,10:00,60min,0.005011070970749154,-4.633988252025494e-05,3012
HYP-OR-CONT-EVENT-01,QQQ,2022-02-25,2022-02-25T15:50:00+00:00,continuation_long,2022,10:00,session_close,0.007662277123878347,0.6632079556976866,3012
HYP-OR-CONT-EVENT-01,QQQ,2022-02-28,2022-02-28T15:55:00+00:00,continuation_long,2022,10:00,30min,0.004475371022694574,-6.854725940864175e-05,3012
HYP-OR-CONT-EVENT-01,QQQ,2022-02-28,2022-02-28T15:55:00+00:00,continuation_long,2022,10:00,15min,-0.0004908471444244888,-4.075772565520843e-05,3012
HYP-OR-CONT-EVENT-01,QQQ,2022-02-28,2022-02-28T15:55:00+00:00,continuation_long,2022,10:00,60min,0.00388375584685563,-4.633988252025494e-05,3012
HYP-OR-CONT-EVENT-01,QQQ,2022-02-28,2022-02-28T15:55:00+00:00,continuation_long,2022,10:00,session_close,0.0023387422763758714,0.6632079556976866,3012
HYP-OR-CONT-EVENT-01,QQQ,2022-03-01,2022-03-01T15:20:00+00:00,continuation_long,2022,10:00,30min,-0.004322221902100187,-6.854725940864175e-05,3012
HYP-OR-CONT-EVENT-01,QQQ,2022-03-01,2022-03-01T15:20:00+00:00,continuation_long,2022,10:00,15min,-0.0004465700538763828,-4.075772565520843e-05,3012
HYP-OR-CONT-EVENT-01,QQQ,2022-03-01,2022-03-01T15:20:00+00:00,continuation_long,2022,10:00,60min,-0.0031980178051801422,-4.633988252025494e-05,3012
HYP-OR-CONT-EVENT-01,QQQ,2022-03-01,2022-03-01T15:20:00+00:00,continuation_long,2022,10:00,session_close,-0.015932467083465296,0.6632079556976866,3012
HYP-OR-CONT-EVENT-01,QQQ,2022-03-02,2022-03-02T15:25:00+00:00,continuation_short,2022,10:00,30min,-0.004367836308738715,6.854725940864175e-05,3012
HYP-OR-CONT-EVENT-01,QQQ,2022-03-02,2022-03-02T15:25:00+00:00,continuation_short,2022,10:00,15min,-0.006507782956644226,4.075772565520843e-05,3012
HYP-OR-CONT-EVENT-01,QQQ,2022-03-02,2022-03-02T15:25:00+00:00,continuation_short,2022,10:00,60min,-0.012722422536862954,4.633988252025494e-05,3012
HYP-OR-CONT-EVENT-01,QQQ,2022-03-02,2022-03-02T15:25:00+00:00,continuation_short,2022,10:00,session_close,-0.017735174273737275,-0.6632079556976866,3012
HYP-OR-CONT-EVENT-01,QQQ,2022-03-03,2022-03-03T15:25:00+00:00,continuation_short,2022,10:00,30min,0.00637866048129887,6.854725940864175e-05,3012
HYP-OR-CONT-EVENT-01,QQQ,2022-03-03,2022-03-03T15:25:00+00:00,continuation_short,2022,10:00,15min,0.0037802261525078373,4.075772565520843e-05,3012
HYP-OR-CONT-EVENT-01,QQQ,2022-03-03,2022-03-03T15:25:00+00:00,continuation_short,2022,10:00,60min,0.0028414033053058008,4.633988252025494e-05,3012
HYP-OR-CONT-EVENT-01,QQQ,2022-03-03,2022-03-03T15:25:00+00:00,continuation_short,2022,10:00,session_close,0.007654392577558622,-0.6632079556976866,3012
HYP-OR-CONT-EVENT-01,QQQ,2022-03-04,2022-03-04T15:30:00+00:00,continuation_short,2022,10:00,30min,0.00462564862861381,6.854725940864175e-05,3012
HYP-OR-CONT-EVENT-01,QQQ,2022-03-04,2022-03-04T15:30:00+00:00,continuation_short,2022,10:00,15min,0.002045959970348399,4.075772565520843e-05,3012
HYP-OR-CONT-EVENT-01,QQQ,2022-03-04,2022-03-04T15:30:00+00:00,continuation_short,2022,10:00,60min,0.00453669384729416,4.633988252025494e-05,3012
HYP-OR-CONT-EVENT-01,QQQ,2022-03-04,2022-03-04T15:30:00+00:00,continuation_short,2022,10:00,session_close,-0.0002965159377317228,-0.6632079556976866,3012
HYP-OR-CONT-EVENT-01,QQQ,2022-03-07,2022-03-07T15:20:00+00:00,continuation_short,2022,10:00,30min,0.004309087622031971,6.854725940864175e-05,3012
HYP-OR-CONT-EVENT-01,QQQ,2022-03-07,2022-03-07T15:20:00+00:00,continuation_short,2022,10:00,15min,0.0015367000120525276,4.075772565520843e-05,3012
HYP-OR-CONT-EVENT-01,QQQ,2022-03-07,2022-03-07T15:20:00+00:00,continuation_short,2022,10:00,60min,-0.00108472942027249,4.633988252025494e-05,3012
HYP-OR-CONT-EVENT-01,QQQ,2022-03-07,2022-03-07T15:20:00+00:00,continuation_short,2022,10:00,session_close,0.021242617813667652,-0.6632079556976866,3012
HYP-OR-CONT-EVENT-01,QQQ,2022-03-08,2022-03-08T15:20:00+00:00,continuation_short,2022,10:00,30min,-0.000818785725320792,6.854725940864175e-05,3012
HYP-OR-CONT-EVENT-01,QQQ,2022-03-08,2022-03-08T15:20:00+00:00,continuation_short,2022,10:00,15min,0.009145682063957938,4.075772565520843e-05,3012
HYP-OR-CONT-EVENT-01,QQQ,2022-03-08,2022-03-08T15:20:00+00:00,continuation_short,2022,10:00,60min,0.0049436119264636424,4.633988252025494e-05,3012
HYP-OR-CONT-EVENT-01,QQQ,2022-03-08,2022-03-08T15:20:00+00:00,continuation_short,2022,10:00,session_close,0.0011432102579947978,-0.6632079556976866,3012
HYP-OR-CONT-EVENT-01,QQQ,2022-03-09,2022-03-09T15:20:00+00:00,continuation_long,2022,10:00,30min,0.0012949466963800838,-6.854725940864175e-05,3012
HYP-OR-CONT-EVENT-01,QQQ,2022-03-09,2022-03-09T15:20:00+00:00,continuation_long,2022,10:00,15min,0.0019424200445701256,-4.075772565520843e-05,3012
HYP-OR-CONT-EVENT-01,QQQ,2022-03-09,2022-03-09T15:20:00+00:00,continuation_long,2022,10:00,60min,0.0006324158284647385,-4.633988252025494e-05,3012
HYP-OR-CONT-EVENT-01,QQQ,2022-03-09,2022-03-09T15:20:00+00:00,continuation_long,2022,10:00,session_close,0.009004396795759817,0.6632079556976866,3012
HYP-OR-CONT-EVENT-01,QQQ,2022-03-10,2022-03-10T15:35:00+00:00,continuation_long,2022,10:00,30min,-0.003925745587340268,-6.854725940864175e-05,3012
HYP-OR-CONT-EVENT-01,QQQ,2022-03-10,2022-03-10T15:35:00+00:00,continuation_long,2022,10:00,15min,-0.001704199634814385,-4.075772565520843e-05,3012
HYP-OR-CONT-EVENT-01,QQQ,2022-03-10,2022-03-10T15:35:00+00:00,continuation_long,2022,10:00,60min,-0.004321059038344566,-4.633988252025494e-05,3012
HYP-OR-CONT-EVENT-01,QQQ,2022-03-10,2022-03-10T15:35:00+00:00,continuation_long,2022,10:00,session_close,0.008566646378575848,0.6632079556976866,3012
HYP-OR-CONT-EVENT-01,QQQ,2022-03-11,2022-03-11T15:20:00+00:00,continuation_short,2022,10:00,30min,-0.002910590304096239,6.854725940864175e-05,3012
HYP-OR-CONT-EVENT-01,QQQ,2022-03-11,2022-03-11T15:20:00+00:00,continuation_short,2022,10:00,15min,-0.0012430646090411113,4.075772565520843e-05,3012
HYP-OR-CONT-EVENT-01,QQQ,2022-03-11,2022-03-11T15:20:00+00:00,continuation_short,2022,10:00,60min,0.001885819967862079,4.633988252025494e-05,3012
HYP-OR-CONT-EVENT-01,QQQ,2022-03-11,2022-03-11T15:20:00+00:00,continuation_short,2022,10:00,session_close,0.016647970166449366,-0.6632079556976866,3012
HYP-OR-CONT-EVENT-01,QQQ,2022-03-14,2022-03-14T14:25:00+00:00,continuation_long,2022,10:00,30min,-0.0004491846455504378,-6.854725940864175e-05,3012
HYP-OR-CONT-EVENT-01,QQQ,2022-03-14,2022-03-14T14:25:00+00:00,continuation_long,2022,10:00,15min,-0.005017683770943471,-4.075772565520843e-05,3012
HYP-OR-CONT-EVENT-01,QQQ,2022-03-14,2022-03-14T14:25:00+00:00,continuation_long,2022,10:00,60min,-0.00866635085766676,-4.633988252025494e-05,3012
HYP-OR-CONT-EVENT-01,QQQ,2022-03-14,2022-03-14T14:25:00+00:00,continuation_long,2022,10:00,session_close,-0.02433415658300797,0.6632079556976866,3012
HYP-OR-CONT-EVENT-01,QQQ,2022-03-15,2022-03-15T14:20:00+00:00,continuation_long,2022,10:00,30min,0.00757669854676446,-6.854725940864175e-05,3012
HYP-OR-CONT-EVENT-01,QQQ,2022-03-15,2022-03-15T14:20:00+00:00,continuation_long,2022,10:00,15min,0.00692460563905084,-4.075772565520843e-05,3012
HYP-OR-CONT-EVENT-01,QQQ,2022-03-15,2022-03-15T14:20:00+00:00,continuation_long,2022,10:00,60min,0.008011427151906503,-4.633988252025494e-05,3012
HYP-OR-CONT-EVENT-01,QQQ,2022-03-15,2022-03-15T14:20:00+00:00,continuation_long,2022,10:00,session_close,0.01906595453980864,0.6632079556976866,3012
HYP-OR-CONT-EVENT-01,QQQ,2022-03-16,2022-03-16T14:20:00+00:00,continuation_long,2022,10:00,30min,-2.9685041707416815e-05,-6.854725940864175e-05,3012
HYP-OR-CONT-EVENT-01,QQQ,2022-03-16,2022-03-16T14:20:00+00:00,continuation_long,2022,10:00,15min,0.0029625671624067262,-4.075772565520843e-05,3012
HYP-OR-CONT-EVENT-01,QQQ,2022-03-16,2022-03-16T14:20:00+00:00,continuation_long,2022,10:00,60min,0.0007272835218332663,-4.633988252025494e-05,3012
HYP-OR-CONT-EVENT-01,QQQ,2022-03-16,2022-03-16T14:20:00+00:00,continuation_long,2022,10:00,session_close,0.010449134681034256,0.6632079556976866,3012
HYP-OR-CONT-EVENT-01,QQQ,2022-03-17,2022-03-17T17:05:00+00:00,continuation_long,2022,13:00,30min,0.0037239033544451683,-0.0001264912101875541,2988
HYP-OR-CONT-EVENT-01,QQQ,2022-03-17,2022-03-17T17:05:00+00:00,continuation_long,2022,13:00,15min,0.0009383063570256311,-8.25286354707112e-05,2988
HYP-OR-CONT-EVENT-01,QQQ,2022-03-17,2022-03-17T17:05:00+00:00,continuation_long,2022,13:00,60min,0.006216279615294473,-0.00012415276050275643,2988
HYP-OR-CONT-EVENT-01,QQQ,2022-03-17,2022-03-17T17:05:00+00:00,continuation_long,2022,13:00,session_close,0.009734928454140146,0.6630761968564555,2988
HYP-OR-CONT-EVENT-01,QQQ,2022-03-18,2022-03-18T14:20:00+00:00,continuation_long,2022,10:00,30min,-0.0017890120036934132,-6.854725940864175e-05,3012
HYP-OR-CONT-EVENT-01,QQQ,2022-03-18,2022-03-18T14:20:00+00:00,continuation_long,2022,10:00,15min,-0.003635734072022112,-4.075772565520843e-05,3012
HYP-OR-CONT-EVENT-01,QQQ,2022-03-18,2022-03-18T14:20:00+00:00,continuation_long,2022,10:00,60min,0.0016735918744228417,-4.633988252025494e-05,3012
HYP-OR-CONT-EVENT-01,QQQ,2022-03-18,2022-03-18T14:20:00+00:00,continuation_long,2022,10:00,session_close,0.01422553093259471,0.6632079556976866,3012
HYP-OR-CONT-EVENT-01,QQQ,2022-03-21,2022-03-21T14:20:00+00:00,continuation_short,2022,10:00,30min,-0.004110694134205062,6.854725940864175e-05,3012
HYP-OR-CONT-EVENT-01,QQQ,2022-03-21,2022-03-21T14:20:00+00:00,continuation_short,2022,10:00,15min,-0.001305594203599103,4.075772565520843e-05,3012
HYP-OR-CONT-EVENT-01,QQQ,2022-03-21,2022-03-21T14:20:00+00:00,continuation_short,2022,10:00,60min,-0.010094907319498247,4.633988252025494e-05,3012
HYP-OR-CONT-EVENT-01,QQQ,2022-03-21,2022-03-21T14:20:00+00:00,continuation_short,2022,10:00,session_close,-0.0073041925167414146,-0.6632079556976866,3012
HYP-OR-CONT-EVENT-01,QQQ,2022-03-22,2022-03-22T14:20:00+00:00,continuation_long,2022,10:00,30min,0.0040432785776676194,-6.854725940864175e-05,3012
HYP-OR-CONT-EVENT-01,QQQ,2022-03-22,2022-03-22T14:20:00+00:00,continuation_long,2022,10:00,15min,0.0027049111042234397,-4.075772565520843e-05,3012
HYP-OR-CONT-EVENT-01,QQQ,2022-03-22,2022-03-22T14:20:00+00:00,continuation_long,2022,10:00,60min,0.007480769772618245,-4.633988252025494e-05,3012
HYP-OR-CONT-EVENT-01,QQQ,2022-03-22,2022-03-22T14:20:00+00:00,continuation_long,2022,10:00,session_close,0.005776112253810695,0.6632079556976866,3012
HYP-OR-CONT-EVENT-01,QQQ,2022-03-23,2022-03-23T14:30:00+00:00,continuation_long,2022,10:00,30min,0.0019010871402016516,-6.854725940864175e-05,3012
HYP-OR-CONT-EVENT-01,QQQ,2022-03-23,2022-03-23T14:30:00+00:00,continuation_long,2022,10:00,15min,-0.0014484875795639507,-4.075772565520843e-05,3012
HYP-OR-CONT-EVENT-01,QQQ,2022-03-23,2022-03-23T14:30:00+00:00,continuation_long,2022,10:00,60min,0.0027882611389624667,-4.633988252025494e-05,3012
HYP-OR-CONT-EVENT-01,QQQ,2022-03-23,2022-03-23T14:30:00+00:00,continuation_long,2022,10:00,session_close,-0.009068889765110222,0.6632079556976866,3012
HYP-OR-CONT-EVENT-01,QQQ,2022-03-24,2022-03-24T14:25:00+00:00,continuation_long,2022,10:00,30min,0.004343875986599244,-6.854725940864175e-05,3012
HYP-OR-CONT-EVENT-01,QQQ,2022-03-24,2022-03-24T14:25:00+00:00,continuation_long,2022,10:00,15min,0.004103401283288788,-4.075772565520843e-05,3012
HYP-OR-CONT-EVENT-01,QQQ,2022-03-24,2022-03-24T14:25:00+00:00,continuation_long,2022,10:00,60min,0.0114701039123275,-4.633988252025494e-05,3012
HYP-OR-CONT-EVENT-01,QQQ,2022-03-24,2022-03-24T14:25:00+00:00,continuation_long,2022,10:00,session_close,0.02106637896769059,0.6632079556976866,3012
HYP-OR-CONT-EVENT-01,QQQ,2022-03-25,2022-03-25T14:20:00+00:00,continuation_short,2022,10:00,30min,-0.0015553851516207917,6.854725940864175e-05,3012
HYP-OR-CONT-EVENT-01,QQQ,2022-03-25,2022-03-25T14:20:00+00:00,continuation_short,2022,10:00,15min,-0.0036946671314046498,4.075772565520843e-05,3012
HYP-OR-CONT-EVENT-01,QQQ,2022-03-25,2022-03-25T14:20:00+00:00,continuation_short,2022,10:00,60min,0.008024817009410934,4.633988252025494e-05,3012
HYP-OR-CONT-EVENT-01,QQQ,2022-03-25,2022-03-25T14:20:00+00:00,continuation_short,2022,10:00,session_close,-0.0020494945974207646,-0.6632079556976866,3012
HYP-OR-CONT-EVENT-01,QQQ,2022-03-28,2022-03-28T15:55:00+00:00,continuation_short,2022,11:00,30min,0.0007519844032866096,0.00015930069977727258,3012
HYP-OR-CONT-EVENT-01,QQQ,2022-03-28,2022-03-28T15:55:00+00:00,continuation_short,2022,11:00,15min,0.0008912407742653894,5.6342617917160395e-05,3012
HYP-OR-CONT-EVENT-01,QQQ,2022-03-28,2022-03-28T15:55:00+00:00,continuation_short,2022,11:00,60min,-0.0029243837905583714,0.0004151811255126391,3012
HYP-OR-CONT-EVENT-01,QQQ,2022-03-28,2022-03-28T15:55:00+00:00,continuation_short,2022,11:00,session_close,-0.01657150814649766,-0.6632770180962785,3012
HYP-OR-CONT-EVENT-01,QQQ,2022-03-29,2022-03-29T14:25:00+00:00,continuation_short,2022,10:00,30min,-0.004249536582706437,6.854725940864175e-05,3012
HYP-OR-CONT-EVENT-01,QQQ,2022-03-29,2022-03-29T14:25:00+00:00,continuation_short,2022,10:00,15min,-0.0008723149056810708,4.075772565520843e-05,3012
HYP-OR-CONT-EVENT-01,QQQ,2022-03-29,2022-03-29T14:25:00+00:00,continuation_short,2022,10:00,60min,-0.005124850070875819,4.633988252025494e-05,3012
HYP-OR-CONT-EVENT-01,QQQ,2022-03-29,2022-03-29T14:25:00+00:00,continuation_short,2022,10:00,session_close,-0.011830770908298094,-0.6632079556976866,3012
HYP-OR-CONT-EVENT-01,QQQ,2022-03-30,2022-03-30T14:30:00+00:00,continuation_long,2022,10:00,30min,-0.004857644042639331,-6.854725940864175e-05,3012
HYP-OR-CONT-EVENT-01,QQQ,2022-03-30,2022-03-30T14:30:00+00:00,continuation_long,2022,10:00,15min,-0.0008382134664688401,-4.075772565520843e-05,3012
HYP-OR-CONT-EVENT-01,QQQ,2022-03-30,2022-03-30T14:30:00+00:00,continuation_long,2022,10:00,60min,-0.004911617865335338,-4.633988252025494e-05,3012
HYP-OR-CONT-EVENT-01,QQQ,2022-03-30,2022-03-30T14:30:00+00:00,continuation_long,2022,10:00,session_close,-0.009054108757252766,0.6632079556976866,3012
HYP-OR-CONT-EVENT-01,QQQ,2022-03-31,2022-03-31T15:15:00+00:00,continuation_long,2022,11:00,30min,-0.0009277450338355253,-0.00015930069977727258,3012
HYP-OR-CONT-EVENT-01,QQQ,2022-03-31,2022-03-31T15:15:00+00:00,continuation_long,2022,11:00,15min,-0.0011187513643310387,-5.6342617917160395e-05,3012
HYP-OR-CONT-EVENT-01,QQQ,2022-03-31,2022-03-31T15:15:00+00:00,continuation_long,2022,11:00,60min,-0.002782962235319819,-0.0004151811255126391,3012
HYP-OR-CONT-EVENT-01,QQQ,2022-03-31,2022-03-31T15:15:00+00:00,continuation_long,2022,11:00,session_close,-0.012224405151713635,0.6632770180962785,3012
HYP-OR-CONT-EVENT-01,QQQ,2022-04-01,2022-04-01T14:20:00+00:00,continuation_short,2022,10:00,30min,-0.003404373097149138,6.854725940864175e-05,3012
HYP-OR-CONT-EVENT-01,QQQ,2022-04-01,2022-04-01T14:20:00+00:00,continuation_short,2022,10:00,15min,-0.0008023802933849744,4.075772565520843e-05,3012
HYP-OR-CONT-EVENT-01,QQQ,2022-04-01,2022-04-01T14:20:00+00:00,continuation_short,2022,10:00,60min,-0.0007196235815112306,4.633988252025494e-05,3012
HYP-OR-CONT-EVENT-01,QQQ,2022-04-01,2022-04-01T14:20:00+00:00,continuation_short,2022,10:00,session_close,-0.0016329919734292542,-0.6632079556976866,3012
HYP-OR-CONT-EVENT-01,QQQ,2022-04-04,2022-04-04T14:20:00+00:00,continuation_long,2022,10:00,30min,0.0017545921714410273,-6.854725940864175e-05,3012
HYP-OR-CONT-EVENT-01,QQQ,2022-04-04,2022-04-04T14:20:00+00:00,continuation_long,2022,10:00,15min,0.00240542313579728,-4.075772565520843e-05,3012
HYP-OR-CONT-EVENT-01,QQQ,2022-04-04,2022-04-04T14:20:00+00:00,continuation_long,2022,10:00,60min,0.0040454843647497185,-4.633988252025494e-05,3012
HYP-OR-CONT-EVENT-01,QQQ,2022-04-04,2022-04-04T14:20:00+00:00,continuation_long,2022,10:00,session_close,0.009375683358845421,0.6632079556976866,3012
HYP-OR-CONT-EVENT-01,QQQ,2022-04-05,2022-04-05T14:20:00+00:00,continuation_short,2022,10:00,30min,-0.0023857693419298,6.854725940864175e-05,3012
HYP-OR-CONT-EVENT-01,QQQ,2022-04-05,2022-04-05T14:20:00+00:00,continuation_short,2022,10:00,15min,0.0016802585554172023,4.075772565520843e-05,3012
HYP-OR-CONT-EVENT-01,QQQ,2022-04-05,2022-04-05T14:20:00+00:00,continuation_short,2022,10:00,60min,0.0011170587453117609,4.633988252025494e-05,3012
HYP-OR-CONT-EVENT-01,QQQ,2022-04-05,2022-04-05T14:20:00+00:00,continuation_short,2022,10:00,session_close,0.007861719885843499,-0.6632079556976866,3012
HYP-OR-CONT-EVENT-01,QQQ,2022-04-06,2022-04-06T14:20:00+00:00,continuation_short,2022,10:00,30min,0.0005382741231797494,6.854725940864175e-05,3012
HYP-OR-CONT-EVENT-01,QQQ,2022-04-06,2022-04-06T14:20:00+00:00,continuation_short,2022,10:00,15min,0.0008779534251233123,4.075772565520843e-05,3012
HYP-OR-CONT-EVENT-01,QQQ,2022-04-06,2022-04-06T14:20:00+00:00,continuation_short,2022,10:00,60min,0.0007960790979658627,4.633988252025494e-05,3012
HYP-OR-CONT-EVENT-01,QQQ,2022-04-06,2022-04-06T14:20:00+00:00,continuation_short,2022,10:00,session_close,-0.0005382741231798605,-0.6632079556976866,3012
HYP-OR-CONT-EVENT-01,QQQ,2022-04-07,2022-04-07T14:20:00+00:00,continuation_long,2022,10:00,30min,-0.003509754028838019,-6.854725940864175e-05,3012
HYP-OR-CONT-EVENT-01,QQQ,2022-04-07,2022-04-07T14:20:00+00:00,continuation_long,2022,10:00,15min,-0.002261803788521366,-4.075772565520843e-05,3012
HYP-OR-CONT-EVENT-01,QQQ,2022-04-07,2022-04-07T14:20:00+00:00,continuation_long,2022,10:00,60min,-0.005569691829233725,-4.633988252025494e-05,3012
HYP-OR-CONT-EVENT-01,QQQ,2022-04-07,2022-04-07T14:20:00+00:00,continuation_long,2022,10:00,session_close,0.001215719536330262,0.6632079556976866,3012
HYP-OR-CONT-EVENT-01,QQQ,2022-04-08,2022-04-08T15:20:00+00:00,continuation_long,2022,11:00,30min,-0.0002888825703724063,-0.00015930069977727258,3012
HYP-OR-CONT-EVENT-01,QQQ,2022-04-08,2022-04-08T15:20:00+00:00,continuation_long,2022,11:00,15min,-0.0016775661074779347,-5.6342617917160395e-05,3012
HYP-OR-CONT-EVENT-01,QQQ,2022-04-08,2022-04-08T15:20:00+00:00,continuation_long,2022,11:00,60min,0.0028717657094115,-0.0004151811255126391,3012
HYP-OR-CONT-EVENT-01,QQQ,2022-04-08,2022-04-08T15:20:00+00:00,continuation_long,2022,11:00,session_close,-0.007364230878589617,0.6632770180962785,3012
HYP-OR-CONT-EVENT-01,QQQ,2022-04-11,2022-04-11T14:45:00+00:00,continuation_short,2022,10:00,30min,-0.00030663996842972274,6.854725940864175e-05,3012
HYP-OR-CONT-EVENT-01,QQQ,2022-04-11,2022-04-11T14:45:00+00:00,continuation_short,2022,10:00,15min,-0.0005992487466930374,4.075772565520843e-05,3012
HYP-OR-CONT-EVENT-01,QQQ,2022-04-11,2022-04-11T14:45:00+00:00,continuation_short,2022,10:00,60min,-0.0017100513015388952,4.633988252025494e-05,3012
HYP-OR-CONT-EVENT-01,QQQ,2022-04-11,2022-04-11T14:45:00+00:00,continuation_short,2022,10:00,session_close,0.003551645010888893,-0.6632079556976866,3012
HYP-OR-CONT-EVENT-01,QQQ,2022-04-12,2022-04-12T14:20:00+00:00,continuation_long,2022,10:00,30min,-0.006851691240242874,-6.854725940864175e-05,3012
HYP-OR-CONT-EVENT-01,QQQ,2022-04-12,2022-04-12T14:20:00+00:00,continuation_long,2022,10:00,15min,-0.004553339115351274,-4.075772565520843e-05,3012
HYP-OR-CONT-EVENT-01,QQQ,2022-04-12,2022-04-12T14:20:00+00:00,continuation_long,2022,10:00,60min,-0.003642671292281019,-4.633988252025494e-05,3012
HYP-OR-CONT-EVENT-01,QQQ,2022-04-12,2022-04-12T14:20:00+00:00,continuation_long,2022,10:00,session_close,-0.01844463717837519,0.6632079556976866,3012
HYP-OR-CONT-EVENT-01,QQQ,2022-04-13,2022-04-13T14:35:00+00:00,continuation_long,2022,10:00,30min,0.002652287962692901,-6.854725940864175e-05,3012
HYP-OR-CONT-EVENT-01,QQQ,2022-04-13,2022-04-13T14:35:00+00:00,continuation_long,2022,10:00,15min,-0.0008332847566308033,-4.075772565520843e-05,3012
HYP-OR-CONT-EVENT-01,QQQ,2022-04-13,2022-04-13T14:35:00+00:00,continuation_long,2022,10:00,60min,0.005056834742057648,-4.633988252025494e-05,3012
HYP-OR-CONT-EVENT-01,QQQ,2022-04-13,2022-04-13T14:35:00+00:00,continuation_long,2022,10:00,session_close,0.009501603031186301,0.6632079556976866,3012
HYP-OR-CONT-EVENT-01,QQQ,2022-04-14,2022-04-14T14:25:00+00:00,continuation_short,2022,10:00,30min,0.0008178047783163889,6.854725940864175e-05,3012
HYP-OR-CONT-EVENT-01,QQQ,2022-04-14,2022-04-14T14:25:00+00:00,continuation_short,2022,10:00,15min,0.0010222559728956249,4.075772565520843e-05,3012
HYP-OR-CONT-EVENT-01,QQQ,2022-04-14,2022-04-14T14:25:00+00:00,continuation_short,2022,10:00,60min,-0.0011974998539634463,4.633988252025494e-05,3012
HYP-OR-CONT-EVENT-01,QQQ,2022-04-14,2022-04-14T14:25:00+00:00,continuation_short,2022,10:00,session_close,0.011624510777498709,-0.6632079556976866,3012
HYP-OR-CONT-EVENT-01,QQQ,2022-04-18,2022-04-18T14:25:00+00:00,continuation_long,2022,10:00,30min,-0.0036680556370679573,-6.854725940864175e-05,3012
HYP-OR-CONT-EVENT-01,QQQ,2022-04-18,2022-04-18T14:25:00+00:00,continuation_long,2022,10:00,15min,-0.0008363166852514148,-4.075772565520843e-05,3012
HYP-OR-CONT-EVENT-01,QQQ,2022-04-18,2022-04-18T14:25:00+00:00,continuation_long,2022,10:00,60min,-0.008245789072128473,-4.633988252025494e-05,3012
HYP-OR-CONT-EVENT-01,QQQ,2022-04-18,2022-04-18T14:25:00+00:00,continuation_long,2022,10:00,session_close,-0.005340689007570898,0.6632079556976866,3012
HYP-OR-CONT-EVENT-01,QQQ,2022-04-19,2022-04-19T14:20:00+00:00,continuation_long,2022,10:00,30min,0.0031330146887385,-6.854725940864175e-05,3012
HYP-OR-CONT-EVENT-01,QQQ,2022-04-19,2022-04-19T14:20:00+00:00,continuation_long,2022,10:00,15min,0.002302401492189299,-4.075772565520843e-05,3012
HYP-OR-CONT-EVENT-01,QQQ,2022-04-19,2022-04-19T14:20:00+00:00,continuation_long,2022,10:00,60min,0.0056248542783865485,-4.633988252025494e-05,3012
HYP-OR-CONT-EVENT-01,QQQ,2022-04-19,2022-04-19T14:20:00+00:00,continuation_long,2022,10:00,session_close,0.0087724411284682,0.6632079556976866,3012
HYP-OR-CONT-EVENT-01,QQQ,2022-04-20,2022-04-20T14:40:00+00:00,continuation_short,2022,10:00,30min,0.004041637590137315,6.854725940864175e-05,3012
HYP-OR-CONT-EVENT-01,QQQ,2022-04-20,2022-04-20T14:40:00+00:00,continuation_short,2022,10:00,15min,-0.0005815305885088495,4.075772565520843e-05,3012
HYP-OR-CONT-EVENT-01,QQQ,2022-04-20,2022-04-20T14:40:00+00:00,continuation_short,2022,10:00,60min,0.003256571295650157,4.633988252025494e-05,3012
HYP-OR-CONT-EVENT-01,QQQ,2022-04-20,2022-04-20T14:40:00+00:00,continuation_short,2022,10:00,session_close,0.008344963945103534,-0.6632079556976866,3012
HYP-OR-CONT-EVENT-01,QQQ,2022-04-21,2022-04-21T14:25:00+00:00,continuation_short,2022,10:00,30min,0.002701917489831507,6.854725940864175e-05,3012
HYP-OR-CONT-EVENT-01,QQQ,2022-04-21,2022-04-21T14:25:00+00:00,continuation_short,2022,10:00,15min,-0.00037768739105170646,4.075772565520843e-05,3012
HYP-OR-CONT-EVENT-01,QQQ,2022-04-21,2022-04-21T14:25:00+00:00,continuation_short,2022,10:00,60min,0.003689715281812833,4.633988252025494e-05,3012
HYP-OR-CONT-EVENT-01,QQQ,2022-04-21,2022-04-21T14:25:00+00:00,continuation_short,2022,10:00,session_close,0.02899477048227761,-0.6632079556976866,3012
HYP-OR-CONT-EVENT-01,QQQ,2022-04-22,2022-04-22T14:40:00+00:00,continuation_short,2022,10:00,30min,-0.0015668716835504082,6.854725940864175e-05,3012
HYP-OR-CONT-EVENT-01,QQQ,2022-04-22,2022-04-22T14:40:00+00:00,continuation_short,2022,10:00,15min,0.00046731789676801583,4.075772565520843e-05,3012
HYP-OR-CONT-EVENT-01,QQQ,2022-04-22,2022-04-22T14:40:00+00:00,continuation_short,2022,10:00,60min,0.0061505065123010905,4.633988252025494e-05,3012
HYP-OR-CONT-EVENT-01,QQQ,2022-04-22,2022-04-22T14:40:00+00:00,continuation_short,2022,10:00,session_close,0.018933912204534553,-0.6632079556976866,3012
HYP-OR-CONT-EVENT-01,QQQ,2022-04-25,2022-04-25T14:45:00+00:00,continuation_long,2022,10:00,30min,-0.006956361853395432,-6.854725940864175e-05,3012
HYP-OR-CONT-EVENT-01,QQQ,2022-04-25,2022-04-25T14:45:00+00:00,continuation_long,2022,10:00,15min,-0.005091627849963198,-4.075772565520843e-05,3012
HYP-OR-CONT-EVENT-01,QQQ,2022-04-25,2022-04-25T14:45:00+00:00,continuation_long,2022,10:00,60min,-0.011307918607501799,-4.633988252025494e-05,3012
HYP-OR-CONT-EVENT-01,QQQ,2022-04-25,2022-04-25T14:45:00+00:00,continuation_long,2022,10:00,session_close,0.010112772738416265,0.6632079556976866,3012
HYP-OR-CONT-EVENT-01,QQQ,2022-04-26,2022-04-26T14:20:00+00:00,continuation_short,2022,10:00,30min,0.002799252744751124,6.854725940864175e-05,3012
HYP-OR-CONT-EVENT-01,QQQ,2022-04-26,2022-04-26T14:20:00+00:00,continuation_short,2022,10:00,15min,0.0028303520975424545,4.075772565520843e-05,3012
HYP-OR-CONT-EVENT-01,QQQ,2022-04-26,2022-04-26T14:20:00+00:00,continuation_short,2022,10:00,60min,0.0034212398005785127,4.633988252025494e-05,3012
HYP-OR-CONT-EVENT-01,QQQ,2022-04-26,2022-04-26T14:20:00+00:00,continuation_short,2022,10:00,session_close,0.014430410688723083,-0.6632079556976866,3012
HYP-OR-CONT-EVENT-01,QQQ,2022-04-27,2022-04-27T14:30:00+00:00,continuation_short,2022,10:00,30min,-0.010831010894350124,6.854725940864175e-05,3012
HYP-OR-CONT-EVENT-01,QQQ,2022-04-27,2022-04-27T14:30:00+00:00,continuation_short,2022,10:00,15min,-0.011781099569293296,4.075772565520843e-05,3012
HYP-OR-CONT-EVENT-01,QQQ,2022-04-27,2022-04-27T14:30:00+00:00,continuation_short,2022,10:00,60min,-0.015138079554091854,4.633988252025494e-05,3012
HYP-OR-CONT-EVENT-01,QQQ,2022-04-27,2022-04-27T14:30:00+00:00,continuation_short,2022,10:00,session_close,-0.0030719533823158063,-0.6632079556976866,3012
HYP-OR-CONT-EVENT-01,QQQ,2022-04-28,2022-04-28T14:20:00+00:00,continuation_short,2022,10:00,30min,0.006919027215754658,6.854725940864175e-05,3012
HYP-OR-CONT-EVENT-01,QQQ,2022-04-28,2022-04-28T14:20:00+00:00,continuation_short,2022,10:00,15min,0.008570941457094361,4.075772565520843e-05,3012
HYP-OR-CONT-EVENT-01,QQQ,2022-04-28,2022-04-28T14:20:00+00:00,continuation_short,2022,10:00,60min,-0.0013729589119058083,4.633988252025494e-05,3012
HYP-OR-CONT-EVENT-01,QQQ,2022-04-28,2022-04-28T14:20:00+00:00,continuation_short,2022,10:00,session_close,-0.02212972887723752,-0.6632079556976866,3012
HYP-OR-CONT-EVENT-01,QQQ,2022-04-29,2022-04-29T14:45:00+00:00,continuation_short,2022,10:00,30min,0.0017032318210069564,6.854725940864175e-05,3012
HYP-OR-CONT-EVENT-01,QQQ,2022-04-29,2022-04-29T14:45:00+00:00,continuation_short,2022,10:00,15min,0.000683654443753956,4.075772565520843e-05,3012
HYP-OR-CONT-EVENT-01,QQQ,2022-04-29,2022-04-29T14:45:00+00:00,continuation_short,2022,10:00,60min,-0.0002486016159104487,4.633988252025494e-05,3012
HYP-OR-CONT-EVENT-01,QQQ,2022-04-29,2022-04-29T14:45:00+00:00,continuation_short,2022,10:00,session_close,0.026600372902423897,-0.6632079556976866,3012
HYP-OR-CONT-EVENT-01,QQQ,2022-05-02,2022-05-02T14:45:00+00:00,continuation_long,2022,10:00,30min,-0.00990631725534874,-6.854725940864175e-05,3012
HYP-OR-CONT-EVENT-01,QQQ,2022-05-02,2022-05-02T14:45:00+00:00,continuation_long,2022,10:00,15min,-0.008041840739334005,-4.075772565520843e-05,3012
HYP-OR-CONT-EVENT-01,QQQ,2022-05-02,2022-05-02T14:45:00+00:00,continuation_long,2022,10:00,60min,-0.009621471072287502,-4.633988252025494e-05,3012
HYP-OR-CONT-EVENT-01,QQQ,2022-05-02,2022-05-02T14:45:00+00:00,continuation_long,2022,10:00,session_close,0.00791239397392074,0.6632079556976866,3012
HYP-OR-CONT-EVENT-01,QQQ,2022-05-03,2022-05-03T15:25:00+00:00,continuation_long,2022,11:00,30min,-0.002519525148391266,-0.00015930069977727258,3012
HYP-OR-CONT-EVENT-01,QQQ,2022-05-03,2022-05-03T15:25:00+00:00,continuation_long,2022,11:00,15min,-0.0033739456419870084,-5.6342617917160395e-05,3012
HYP-OR-CONT-EVENT-01,QQQ,2022-05-03,2022-05-03T15:25:00+00:00,continuation_long,2022,11:00,60min,-0.0062833489534520615,-0.0004151811255126391,3012
HYP-OR-CONT-EVENT-01,QQQ,2022-05-03,2022-05-03T15:25:00+00:00,continuation_long,2022,11:00,session_close,-0.003717588253670745,0.6632770180962785,3012
HYP-OR-CONT-EVENT-01,QQQ,2022-05-04,2022-05-04T14:20:00+00:00,continuation_short,2022,10:00,30min,0.0010463235993530828,6.854725940864175e-05,3012
HYP-OR-CONT-EVENT-01,QQQ,2022-05-04,2022-05-04T14:20:00+00:00,continuation_short,2022,10:00,15min,-0.0007292558419735862,4.075772565520843e-05,3012
HYP-OR-CONT-EVENT-01,QQQ,2022-05-04,2022-05-04T14:20:00+00:00,continuation_short,2022,10:00,60min,0.0025143473160214036,4.633988252025494e-05,3012
HYP-OR-CONT-EVENT-01,QQQ,2022-05-04,2022-05-04T14:20:00+00:00,continuation_short,2022,10:00,session_close,-0.045499223183994575,-0.6632079556976866,3012
HYP-OR-CONT-EVENT-01,QQQ,2022-05-05,2022-05-05T14:20:00+00:00,continuation_short,2022,10:00,30min,0.009224976466896795,6.854725940864175e-05,3012
HYP-OR-CONT-EVENT-01,QQQ,2022-05-05,2022-05-05T14:20:00+00:00,continuation_short,2022,10:00,15min,0.010579855663633508,4.075772565520843e-05,3012
HYP-OR-CONT-EVENT-01,QQQ,2022-05-05,2022-05-05T14:20:00+00:00,continuation_short,2022,10:00,60min,0.015155318481330338,4.633988252025494e-05,3012
HYP-OR-CONT-EVENT-01,QQQ,2022-05-05,2022-05-05T14:20:00+00:00,continuation_short,2022,10:00,session_close,0.016661437088170694,-0.6632079556976866,3012
HYP-OR-CONT-EVENT-01,QQQ,2022-05-06,2022-05-06T14:35:00+00:00,continuation_long,2022,10:00,30min,0.00920876312251151,-6.854725940864175e-05,3012
HYP-OR-CONT-EVENT-01,QQQ,2022-05-06,2022-05-06T14:35:00+00:00,continuation_long,2022,10:00,15min,0.012329993993652089,-4.075772565520843e-05,3012
HYP-OR-CONT-EVENT-01,QQQ,2022-05-06,2022-05-06T14:35:00+00:00,continuation_long,2022,10:00,60min,0.003677877330128032,-4.633988252025494e-05,3012
HYP-OR-CONT-EVENT-01,QQQ,2022-05-06,2022-05-06T14:35:00+00:00,continuation_long,2022,10:00,session_close,0.0007345404464620398,0.6632079556976866,3012
HYP-OR-CONT-EVENT-01,QQQ,2022-05-09,2022-05-09T14:20:00+00:00,continuation_short,2022,10:00,30min,0.006982924084982467,6.854725940864175e-05,3012
HYP-OR-CONT-EVENT-01,QQQ,2022-05-09,2022-05-09T14:20:00+00:00,continuation_short,2022,10:00,15min,0.008240121781719512,4.075772565520843e-05,3012
HYP-OR-CONT-EVENT-01,QQQ,2022-05-09,2022-05-09T14:20:00+00:00,continuation_short,2022,10:00,60min,0.009160103249718832,4.633988252025494e-05,3012
HYP-OR-CONT-EVENT-01,QQQ,2022-05-09,2022-05-09T14:20:00+00:00,continuation_short,2022,10:00,session_close,0.016513336422000147,-0.6632079556976866,3012
HYP-OR-CONT-EVENT-01,QQQ,2022-05-10,2022-05-10T15:00:00+00:00,continuation_short,2022,11:00,30min,0.004047228818945148,0.00015930069977727258,3012
HYP-OR-CONT-EVENT-01,QQQ,2022-05-10,2022-05-10T15:00:00+00:00,continuation_short,2022,11:00,15min,0.001170351540288439,5.6342617917160395e-05,3012
HYP-OR-CONT-EVENT-01,QQQ,2022-05-10,2022-05-10T15:00:00+00:00,continuation_short,2022,11:00,60min,-0.003611733618757551,0.0004151811255126391,3012
HYP-OR-CONT-EVENT-01,QQQ,2022-05-10,2022-05-10T15:00:00+00:00,continuation_short,2022,11:00,session_close,-0.006187911830618287,-0.6632770180962785,3012
HYP-OR-CONT-EVENT-01,QQQ,2022-05-11,2022-05-11T17:15:00+00:00,continuation_short,2022,13:00,30min,0.004575185549191563,0.0001264912101875541,2988
HYP-OR-CONT-EVENT-01,QQQ,2022-05-11,2022-05-11T17:15:00+00:00,continuation_short,2022,13:00,15min,-0.0,8.25286354707112e-05,2988
HYP-OR-CONT-EVENT-01,QQQ,2022-05-11,2022-05-11T17:15:00+00:00,continuation_short,2022,13:00,60min,0.0033212458060799532,0.00012415276050275643,2988
HYP-OR-CONT-EVENT-01,QQQ,2022-05-11,2022-05-11T17:15:00+00:00,continuation_short,2022,13:00,session_close,0.010980445318060195,-0.6630761968564555,2988
HYP-OR-CONT-EVENT-01,QQQ,2022-05-12,2022-05-12T14:25:00+00:00,continuation_long,2022,10:00,30min,0.004332797320687476,-6.854725940864175e-05,3012
HYP-OR-CONT-EVENT-01,QQQ,2022-05-12,2022-05-12T14:25:00+00:00,continuation_long,2022,10:00,15min,-0.00723361178013171,-4.075772565520843e-05,3012
HYP-OR-CONT-EVENT-01,QQQ,2022-05-12,2022-05-12T14:25:00+00:00,continuation_long,2022,10:00,60min,0.0011597116381618644,-4.633988252025494e-05,3012
HYP-OR-CONT-EVENT-01,QQQ,2022-05-12,2022-05-12T14:25:00+00:00,continuation_long,2022,10:00,session_close,-0.006278274155285368,0.6632079556976866,3012
HYP-OR-CONT-EVENT-01,QQQ,2022-05-13,2022-05-13T14:20:00+00:00,continuation_long,2022,10:00,30min,0.00447696368313788,-6.854725940864175e-05,3012
HYP-OR-CONT-EVENT-01,QQQ,2022-05-13,2022-05-13T14:20:00+00:00,continuation_long,2022,10:00,15min,0.004443553506398024,-4.075772565520843e-05,3012
HYP-OR-CONT-EVENT-01,QQQ,2022-05-13,2022-05-13T14:20:00+00:00,continuation_long,2022,10:00,60min,0.004276502622698741,-4.633988252025494e-05,3012
HYP-OR-CONT-EVENT-01,QQQ,2022-05-13,2022-05-13T14:20:00+00:00,continuation_long,2022,10:00,session_close,0.008653235775617274,0.6632079556976866,3012
HYP-OR-CONT-EVENT-01,QQQ,2022-05-16,2022-05-16T14:40:00+00:00,continuation_long,2022,10:00,30min,-0.0055381330486422575,-6.854725940864175e-05,3012
HYP-OR-CONT-EVENT-01,QQQ,2022-05-16,2022-05-16T14:40:00+00:00,continuation_long,2022,10:00,15min,-0.0072062454126911035,-4.075772565520843e-05,3012
HYP-OR-CONT-EVENT-01,QQQ,2022-05-16,2022-05-16T14:40:00+00:00,continuation_long,2022,10:00,60min,-0.0011676786548342477,-4.633988252025494e-05,3012
HYP-OR-CONT-EVENT-01,QQQ,2022-05-16,2022-05-16T14:40:00+00:00,continuation_long,2022,10:00,session_close,-0.00397010742643622,0.6632079556976866,3012
HYP-OR-CONT-EVENT-01,QQQ,2022-05-17,2022-05-17T14:25:00+00:00,continuation_short,2022,10:00,30min,0.0074754659816901325,6.854725940864175e-05,3012
HYP-OR-CONT-EVENT-01,QQQ,2022-05-17,2022-05-17T14:25:00+00:00,continuation_short,2022,10:00,15min,0.008298755186722073,4.075772565520843e-05,3012
HYP-OR-CONT-EVENT-01,QQQ,2022-05-17,2022-05-17T14:25:00+00:00,continuation_short,2022,10:00,60min,0.001492787986563937,4.633988252025494e-05,3012
HYP-OR-CONT-EVENT-01,QQQ,2022-05-17,2022-05-17T14:25:00+00:00,continuation_short,2022,10:00,session_close,-0.008529276164130906,-0.6632079556976866,3012
HYP-OR-CONT-EVENT-01,QQQ,2022-05-18,2022-05-18T14:50:00+00:00,continuation_short,2022,10:00,30min,0.01103333333333334,6.854725940864175e-05,3012
HYP-OR-CONT-EVENT-01,QQQ,2022-05-18,2022-05-18T14:50:00+00:00,continuation_short,2022,10:00,15min,0.004533333333333389,4.075772565520843e-05,3012
HYP-OR-CONT-EVENT-01,QQQ,2022-05-18,2022-05-18T14:50:00+00:00,continuation_short,2022,10:00,60min,0.015195666666666607,4.633988252025494e-05,3012
HYP-OR-CONT-EVENT-01,QQQ,2022-05-18,2022-05-18T14:50:00+00:00,continuation_short,2022,10:00,session_close,0.02970000000000006,-0.6632079556976866,3012
HYP-OR-CONT-EVENT-01,QQQ,2022-05-19,2022-05-19T14:20:00+00:00,continuation_long,2022,10:00,30min,0.0010650359020167866,-6.854725940864175e-05,3012
HYP-OR-CONT-EVENT-01,QQQ,2022-05-19,2022-05-19T14:20:00+00:00,continuation_long,2022,10:00,15min,-0.002748479747139876,-4.075772565520843e-05,3012
HYP-OR-CONT-EVENT-01,QQQ,2022-05-19,2022-05-19T14:20:00+00:00,continuation_long,2022,10:00,60min,0.003298175696567762,-4.633988252025494e-05,3012
HYP-OR-CONT-EVENT-01,QQQ,2022-05-19,2022-05-19T14:20:00+00:00,continuation_long,2022,10:00,session_close,-0.005050331535369379,0.6632079556976866,3012
HYP-OR-CONT-EVENT-01,QQQ,2022-05-20,2022-05-20T14:25:00+00:00,continuation_short,2022,10:00,30min,0.009067647474110818,6.854725940864175e-05,3012
HYP-OR-CONT-EVENT-01,QQQ,2022-05-20,2022-05-20T14:25:00+00:00,continuation_short,2022,10:00,15min,-0.0016068987130346546,4.075772565520843e-05,3012
HYP-OR-CONT-EVENT-01,QQQ,2022-05-20,2022-05-20T14:25:00+00:00,continuation_short,2022,10:00,60min,0.012345844827170604,4.633988252025494e-05,3012
HYP-OR-CONT-EVENT-01,QQQ,2022-05-20,2022-05-20T14:25:00+00:00,continuation_short,2022,10:00,session_close,0.0063125703836099945,-0.6632079556976866,3012
HYP-OR-CONT-EVENT-01,QQQ,2022-05-23,2022-05-23T14:20:00+00:00,continuation_short,2022,10:00,30min,-0.0,6.854725940864175e-05,3012
HYP-OR-CONT-EVENT-01,QQQ,2022-05-23,2022-05-23T14:20:00+00:00,continuation_short,2022,10:00,15min,-0.0032476506357104196,4.075772565520843e-05,3012
HYP-OR-CONT-EVENT-01,QQQ,2022-05-23,2022-05-23T14:20:00+00:00,continuation_short,2022,10:00,60min,-0.005804311774461057,4.633988252025494e-05,3012
HYP-OR-CONT-EVENT-01,QQQ,2022-05-23,2022-05-23T14:20:00+00:00,continuation_short,2022,10:00,session_close,-0.013819789939192972,-0.6632079556976866,3012
HYP-OR-CONT-EVENT-01,QQQ,2022-05-24,2022-05-24T14:20:00+00:00,continuation_short,2022,10:00,30min,-0.0011679112231701705,6.854725940864175e-05,3012
HYP-OR-CONT-EVENT-01,QQQ,2022-05-24,2022-05-24T14:20:00+00:00,continuation_short,2022,10:00,15min,-0.004212481250227995,4.075772565520843e-05,3012
HYP-OR-CONT-EVENT-01,QQQ,2022-05-24,2022-05-24T14:20:00+00:00,continuation_short,2022,10:00,60min,-0.005274540561992058,4.633988252025494e-05,3012
HYP-OR-CONT-EVENT-01,QQQ,2022-05-24,2022-05-24T14:20:00+00:00,continuation_short,2022,10:00,session_close,-0.01692179101434088,-0.6632079556976866,3012
HYP-OR-CONT-EVENT-01,QQQ,2022-05-25,2022-05-25T14:35:00+00:00,continuation_long,2022,10:00,30min,-0.004025875713990823,-6.854725940864175e-05,3012
HYP-OR-CONT-EVENT-01,QQQ,2022-05-25,2022-05-25T14:35:00+00:00,continuation_long,2022,10:00,15min,-0.005092560732227747,-4.075772565520843e-05,3012
HYP-OR-CONT-EVENT-01,QQQ,2022-05-25,2022-05-25T14:35:00+00:00,continuation_long,2022,10:00,60min,-0.007122703186291379,-4.633988252025494e-05,3012
HYP-OR-CONT-EVENT-01,QQQ,2022-05-25,2022-05-25T14:35:00+00:00,continuation_long,2022,10:00,session_close,0.002546280366113818,0.6632079556976866,3012
HYP-OR-CONT-EVENT-01,QQQ,2022-05-26,2022-05-26T14:20:00+00:00,continuation_long,2022,10:00,30min,-0.0009086318340963961,-6.854725940864175e-05,3012
HYP-OR-CONT-EVENT-01,QQQ,2022-05-26,2022-05-26T14:20:00+00:00,continuation_long,2022,10:00,15min,-0.0022555884729329456,-4.075772565520843e-05,3012
HYP-OR-CONT-EVENT-01,QQQ,2022-05-26,2022-05-26T14:20:00+00:00,continuation_long,2022,10:00,60min,0.0031477242122273097,-4.633988252025494e-05,3012
HYP-OR-CONT-EVENT-01,QQQ,2022-05-26,2022-05-26T14:20:00+00:00,continuation_long,2022,10:00,session_close,0.007642068408295177,0.6632079556976866,3012
HYP-OR-CONT-EVENT-01,QQQ,2022-05-27,2022-05-27T14:20:00+00:00,continuation_long,2022,10:00,30min,0.0002289279347269524,-6.854725940864175e-05,3012
HYP-OR-CONT-EVENT-01,QQQ,2022-05-27,2022-05-27T14:20:00+00:00,continuation_long,2022,10:00,15min,0.0017964801268672836,-4.075772565520843e-05,3012
HYP-OR-CONT-EVENT-01,QQQ,2022-05-27,2022-05-27T14:20:00+00:00,continuation_long,2022,10:00,60min,0.0008494173441160324,-4.633988252025494e-05,3012
HYP-OR-CONT-EVENT-01,QQQ,2022-05-27,2022-05-27T14:20:00+00:00,continuation_long,2022,10:00,session_close,0.009869700489762101,0.6632079556976866,3012
HYP-OR-CONT-EVENT-01,QQQ,2022-05-31,2022-05-31T14:20:00+00:00,continuation_short,2022,10:00,30min,-0.006228474332582001,6.854725940864175e-05,3012
HYP-OR-CONT-EVENT-01,QQQ,2022-05-31,2022-05-31T14:20:00+00:00,continuation_short,2022,10:00,15min,-0.003888507662647589,4.075772565520843e-05,3012
HYP-OR-CONT-EVENT-01,QQQ,2022-05-31,2022-05-31T14:20:00+00:00,continuation_short,2022,10:00,60min,-0.0028755350782605493,4.633988252025494e-05,3012
HYP-OR-CONT-EVENT-01,QQQ,2022-05-31,2022-05-31T14:20:00+00:00,continuation_short,2022,10:00,session_close,-0.0074502499754927065,-0.6632079556976866,3012
HYP-OR-CONT-EVENT-01,QQQ,2022-06-01,2022-06-01T14:25:00+00:00,continuation_short,2022,10:00,30min,-0.0004218450855046907,6.854725940864175e-05,3012
HYP-OR-CONT-EVENT-01,QQQ,2022-06-01,2022-06-01T14:25:00+00:00,continuation_short,2022,10:00,15min,0.0007593211539086431,4.075772565520843e-05,3012
HYP-OR-CONT-EVENT-01,QQQ,2022-06-01,2022-06-01T14:25:00+00:00,continuation_short,2022,10:00,60min,0.006360125904533276,4.633988252025494e-05,3012
HYP-OR-CONT-EVENT-01,QQQ,2022-06-01,2022-06-01T14:25:00+00:00,continuation_short,2022,10:00,session_close,0.007106467209657019,-0.6632079556976866,3012
HYP-OR-CONT-EVENT-01,QQQ,2022-06-02,2022-06-02T14:20:00+00:00,continuation_long,2022,10:00,30min,0.001361263377708033,-6.854725940864175e-05,3012
HYP-OR-CONT-EVENT-01,QQQ,2022-06-02,2022-06-02T14:20:00+00:00,continuation_long,2022,10:00,15min,0.0002936570086138346,-4.075772565520843e-05,3012
HYP-OR-CONT-EVENT-01,QQQ,2022-06-02,2022-06-02T14:20:00+00:00,continuation_long,2022,10:00,60min,0.008517684677629811,-4.633988252025494e-05,3012
HYP-OR-CONT-EVENT-01,QQQ,2022-06-02,2022-06-02T14:20:00+00:00,continuation_long,2022,10:00,session_close,0.025907073871051844,0.6632079556976866,3012
HYP-OR-CONT-EVENT-01,QQQ,2022-06-03,2022-06-03T14:20:00+00:00,continuation_long,2022,10:00,30min,-0.006702282661486314,-6.854725940864175e-05,3012
HYP-OR-CONT-EVENT-01,QQQ,2022-06-03,2022-06-03T14:20:00+00:00,continuation_long,2022,10:00,15min,-0.006658248340618456,-4.075772565520843e-05,3012
HYP-OR-CONT-EVENT-01,QQQ,2022-06-03,2022-06-03T14:20:00+00:00,continuation_long,2022,10:00,60min,-0.011656143759106397,-4.633988252025494e-05,3012
HYP-OR-CONT-EVENT-01,QQQ,2022-06-03,2022-06-03T14:20:00+00:00,continuation_long,2022,10:00,session_close,-0.008903998704872906,0.6632079556976866,3012
HYP-OR-CONT-EVENT-01,QQQ,2022-06-06,2022-06-06T14:20:00+00:00,continuation_long,2022,10:00,30min,0.0005460619298471858,-6.854725940864175e-05,3012
HYP-OR-CONT-EVENT-01,QQQ,2022-06-06,2022-06-06T14:20:00+00:00,continuation_long,2022,10:00,15min,0.0023114480277528493,-4.075772565520843e-05,3012
HYP-OR-CONT-EVENT-01,QQQ,2022-06-06,2022-06-06T14:20:00+00:00,continuation_long,2022,10:00,60min,-0.009572144417319906,-4.633988252025494e-05,3012
HYP-OR-CONT-EVENT-01,QQQ,2022-06-06,2022-06-06T14:20:00+00:00,continuation_long,2022,10:00,session_close,-0.01307336502633949,0.6632079556976866,3012
HYP-OR-CONT-EVENT-01,QQQ,2022-06-07,2022-06-07T14:45:00+00:00,continuation_long,2022,10:00,30min,-0.00294469792576757,-6.854725940864175e-05,3012
HYP-OR-CONT-EVENT-01,QQQ,2022-06-07,2022-06-07T14:45:00+00:00,continuation_long,2022,10:00,15min,-0.0015532472575476852,-4.075772565520843e-05,3012
HYP-OR-CONT-EVENT-01,QQQ,2022-06-07,2022-06-07T14:45:00+00:00,continuation_long,2022,10:00,60min,-0.008316344691453925,-4.633988252025494e-05,3012
HYP-OR-CONT-EVENT-01,QQQ,2022-06-07,2022-06-07T14:45:00+00:00,continuation_long,2022,10:00,session_close,0.0029770572436333964,0.6632079556976866,3012
HYP-OR-CONT-EVENT-01,QQQ,2022-06-08,2022-06-08T16:55:00+00:00,continuation_short,2022,12:00,30min,0.0006492874070707089,0.0001369537087975617,3000
HYP-OR-CONT-EVENT-01,QQQ,2022-06-08,2022-06-08T16:55:00+00:00,continuation_short,2022,12:00,15min,-6.492874070729293e-05,8.121155156313482e-05,3006
HYP-OR-CONT-EVENT-01,QQQ,2022-06-08,2022-06-08T16:55:00+00:00,continuation_short,2022,12:00,60min,-9.739311106060633e-05,0.0001640072869729762,2988
HYP-OR-CONT-EVENT-01,QQQ,2022-06-08,2022-06-08T16:55:00+00:00,continuation_short,2022,12:00,session_close,0.0010713242216666696,-0.6639347574299753,3012
HYP-OR-CONT-EVENT-01,QQQ,2022-06-09,2022-06-09T18:00:00+00:00,continuation_short,2022,14:00,30min,0.004788990225883527,-0.0003332991330453274,2988
HYP-OR-CONT-EVENT-01,QQQ,2022-06-09,2022-06-09T18:00:00+00:00,continuation_short,2022,14:00,15min,0.0018469484488902177,-0.00015711575373012998,2988
HYP-OR-CONT-EVENT-01,QQQ,2022-06-09,2022-06-09T18:00:00+00:00,continuation_short,2022,14:00,60min,0.010820175868719528,-0.00046112601180533635,2988
HYP-OR-CONT-EVENT-01,QQQ,2022-06-09,2022-06-09T18:00:00+00:00,continuation_short,2022,14:00,session_close,0.02177110914975,-0.663319471916549,2988
HYP-OR-CONT-EVENT-01,QQQ,2022-06-10,2022-06-10T14:20:00+00:00,continuation_short,2022,10:00,30min,-0.0007244376983579492,6.854725940864175e-05,3012
HYP-OR-CONT-EVENT-01,QQQ,2022-06-10,2022-06-10T14:20:00+00:00,continuation_short,2022,10:00,15min,-0.0017248516627570432,4.075772565520843e-05,3012
HYP-OR-CONT-EVENT-01,QQQ,2022-06-10,2022-06-10T14:20:00+00:00,continuation_short,2022,10:00,60min,0.0028632537601765984,4.633988252025494e-05,3012
HYP-OR-CONT-EVENT-01,QQQ,2022-06-10,2022-06-10T14:20:00+00:00,continuation_short,2022,10:00,session_close,0.004139643990616726,-0.6632079556976866,3012
HYP-OR-CONT-EVENT-01,QQQ,2022-06-13,2022-06-13T14:30:00+00:00,continuation_short,2022,10:00,30min,0.005946616784776371,6.854725940864175e-05,3012
HYP-OR-CONT-EVENT-01,QQQ,2022-06-13,2022-06-13T14:30:00+00:00,continuation_short,2022,10:00,15min,0.0035612791827044354,4.075772565520843e-05,3012
HYP-OR-CONT-EVENT-01,QQQ,2022-06-13,2022-06-13T14:30:00+00:00,continuation_short,2022,10:00,60min,0.000575560271952269,4.633988252025494e-05,3012
HYP-OR-CONT-EVENT-01,QQQ,2022-06-13,2022-06-13T14:30:00+00:00,continuation_short,2022,10:00,session_close,0.00899312924925355,-0.6632079556976866,3012
HYP-OR-CONT-EVENT-01,QQQ,2022-06-14,2022-06-14T14:40:00+00:00,continuation_short,2022,10:00,30min,0.0012350612081806212,6.854725940864175e-05,3012
HYP-OR-CONT-EVENT-01,QQQ,2022-06-14,2022-06-14T14:40:00+00:00,continuation_short,2022,10:00,15min,-0.002506447746013274,4.075772565520843e-05,3012
HYP-OR-CONT-EVENT-01,QQQ,2022-06-14,2022-06-14T14:40:00+00:00,continuation_short,2022,10:00,60min,-0.004685604271858823,4.633988252025494e-05,3012
HYP-OR-CONT-EVENT-01,QQQ,2022-06-14,2022-06-14T14:40:00+00:00,continuation_short,2022,10:00,session_close,-0.0029786770314941258,-0.6632079556976866,3012
HYP-OR-CONT-EVENT-01,QQQ,2022-06-15,2022-06-15T14:20:00+00:00,continuation_long,2022,10:00,30min,-0.004903708987161193,-6.854725940864175e-05,3012
HYP-OR-CONT-EVENT-01,QQQ,2022-06-15,2022-06-15T14:20:00+00:00,continuation_long,2022,10:00,15min,-0.0032368045649072696,-4.075772565520843e-05,3012
HYP-OR-CONT-EVENT-01,QQQ,2022-06-15,2022-06-15T14:20:00+00:00,continuation_long,2022,10:00,60min,-0.0019365192582023738,-4.633988252025494e-05,3012
HYP-OR-CONT-EVENT-01,QQQ,2022-06-15,2022-06-15T14:20:00+00:00,continuation_long,2022,10:00,session_close,0.008826676176890258,0.6632079556976866,3012
HYP-OR-CONT-EVENT-01,QQQ,2022-06-16,2022-06-16T14:20:00+00:00,continuation_short,2022,10:00,30min,0.004915446975532922,6.854725940864175e-05,3012
HYP-OR-CONT-EVENT-01,QQQ,2022-06-16,2022-06-16T14:20:00+00:00,continuation_short,2022,10:00,15min,0.0015039800447527174,4.075772565520843e-05,3012
HYP-OR-CONT-EVENT-01,QQQ,2022-06-16,2022-06-16T14:20:00+00:00,continuation_short,2022,10:00,60min,-0.0,4.633988252025494e-05,3012
HYP-OR-CONT-EVENT-01,QQQ,2022-06-16,2022-06-16T14:20:00+00:00,continuation_short,2022,10:00,session_close,0.00355819669124402,-0.6632079556976866,3012
HYP-OR-CONT-EVENT-01,QQQ,2022-06-17,2022-06-17T14:40:00+00:00,continuation_short,2022,10:00,30min,-0.006151325478644942,6.854725940864175e-05,3012
HYP-OR-CONT-EVENT-01,QQQ,2022-06-17,2022-06-17T14:40:00+00:00,continuation_short,2022,10:00,15min,-0.0006259204712810718,4.075772565520843e-05,3012
HYP-OR-CONT-EVENT-01,QQQ,2022-06-17,2022-06-17T14:40:00+00:00,continuation_short,2022,10:00,60min,-0.007474226804123685,4.633988252025494e-05,3012
HYP-OR-CONT-EVENT-01,QQQ,2022-06-17,2022-06-17T14:40:00+00:00,continuation_short,2022,10:00,session_close,-0.01145066273932227,-0.6632079556976866,3012
HYP-OR-CONT-EVENT-01,QQQ,2022-06-21,2022-06-21T14:20:00+00:00,continuation_long,2022,10:00,30min,0.0016618333569105026,-6.854725940864175e-05,3012
HYP-OR-CONT-EVENT-01,QQQ,2022-06-21,2022-06-21T14:20:00+00:00,continuation_long,2022,10:00,15min,-0.0003182911302870295,-4.075772565520843e-05,3012
HYP-OR-CONT-EVENT-01,QQQ,2022-06-21,2022-06-21T14:20:00+00:00,continuation_long,2022,10:00,60min,0.00024755976800117097,-4.633988252025494e-05,3012
HYP-OR-CONT-EVENT-01,QQQ,2022-06-21,2022-06-21T14:20:00+00:00,continuation_long,2022,10:00,session_close,-0.005552411939453883,0.6632079556976866,3012
HYP-OR-CONT-EVENT-01,QQQ,2022-06-22,2022-06-22T14:30:00+00:00,continuation_long,2022,10:00,30min,-0.0037288493333802464,-6.854725940864175e-05,3012
HYP-OR-CONT-EVENT-01,QQQ,2022-06-22,2022-06-22T14:30:00+00:00,continuation_long,2022,10:00,15min,-0.0019347803144895703,-4.075772565520843e-05,3012
HYP-OR-CONT-EVENT-01,QQQ,2022-06-22,2022-06-22T14:30:00+00:00,continuation_long,2022,10:00,60min,-0.0008794455974953097,-4.633988252025494e-05,3012
HYP-OR-CONT-EVENT-01,QQQ,2022-06-22,2022-06-22T14:30:00+00:00,continuation_long,2022,10:00,session_close,-0.012699194427832516,0.6632079556976866,3012
HYP-OR-CONT-EVENT-01,QQQ,2022-06-23,2022-06-23T15:00:00+00:00,continuation_long,2022,11:00,30min,-0.0025647331623511738,-0.00015930069977727258,3012
HYP-OR-CONT-EVENT-01,QQQ,2022-06-23,2022-06-23T15:00:00+00:00,continuation_long,2022,11:00,15min,0.0009837332677511412,-5.6342617917160395e-05,3012
HYP-OR-CONT-EVENT-01,QQQ,2022-06-23,2022-06-23T15:00:00+00:00,continuation_long,2022,11:00,60min,-0.010153883989741153,-0.0004151811255126391,3012
HYP-OR-CONT-EVENT-01,QQQ,2022-06-23,2022-06-23T15:00:00+00:00,continuation_long,2022,11:00,session_close,0.0009485999367599973,0.6632770180962785,3012
HYP-OR-CONT-EVENT-01,QQQ,2022-06-24,2022-06-24T14:20:00+00:00,continuation_long,2022,10:00,30min,-0.0036937060069706096,-6.854725940864175e-05,3012
HYP-OR-CONT-EVENT-01,QQQ,2022-06-24,2022-06-24T14:20:00+00:00,continuation_long,2022,10:00,15min,-0.0023406000136677596,-4.075772565520843e-05,3012
HYP-OR-CONT-EVENT-01,QQQ,2022-06-24,2022-06-24T14:20:00+00:00,continuation_long,2022,10:00,60min,-0.005740449668557357,-4.633988252025494e-05,3012
HYP-OR-CONT-EVENT-01,QQQ,2022-06-24,2022-06-24T14:20:00+00:00,continuation_long,2022,10:00,session_close,0.007961456980796866,0.6632079556976866,3012
HYP-OR-CONT-EVENT-01,QQQ,2022-06-28,2022-06-28T14:25:00+00:00,continuation_short,2022,10:00,30min,0.004486455015582758,6.854725940864175e-05,3012
HYP-OR-CONT-EVENT-01,QQQ,2022-06-28,2022-06-28T14:25:00+00:00,continuation_short,2022,10:00,15min,0.0032158635569712324,4.075772565520843e-05,3012
HYP-OR-CONT-EVENT-01,QQQ,2022-06-28,2022-06-28T14:25:00+00:00,continuation_short,2022,10:00,60min,0.013493612794958754,4.633988252025494e-05,3012
HYP-OR-CONT-EVENT-01,QQQ,2022-06-28,2022-06-28T14:25:00+00:00,continuation_short,2022,10:00,session_close,0.029179081475392943,-0.6632079556976866,3012
HYP-OR-CONT-EVENT-01,QQQ,2022-06-29,2022-06-29T14:50:00+00:00,continuation_long,2022,10:00,30min,-0.00625109745390684,-6.854725940864175e-05,3012
HYP-OR-CONT-EVENT-01,QQQ,2022-06-29,2022-06-29T14:50:00+00:00,continuation_long,2022,10:00,15min,-0.0037629499561019353,-4.075772565520843e-05,3012
HYP-OR-CONT-EVENT-01,QQQ,2022-06-29,2022-06-29T14:50:00+00:00,continuation_long,2022,10:00,60min,-0.0019315188762072388,-4.633988252025494e-05,3012
HYP-OR-CONT-EVENT-01,QQQ,2022-06-29,2022-06-29T14:50:00+00:00,continuation_long,2022,10:00,session_close,-0.003090430201931449,0.6632079556976866,3012
HYP-OR-CONT-EVENT-01,QQQ,2022-06-30,2022-06-30T14:20:00+00:00,continuation_short,2022,10:00,30min,-0.00654536913236714,6.854725940864175e-05,3012
HYP-OR-CONT-EVENT-01,QQQ,2022-06-30,2022-06-30T14:20:00+00:00,continuation_short,2022,10:00,15min,-0.002854768185595935,4.075772565520843e-05,3012
HYP-OR-CONT-EVENT-01,QQQ,2022-06-30,2022-06-30T14:20:00+00:00,continuation_short,2022,10:00,60min,-0.014237343258771906,4.633988252025494e-05,3012
HYP-OR-CONT-EVENT-01,QQQ,2022-06-30,2022-06-30T14:20:00+00:00,continuation_short,2022,10:00,session_close,-0.012683843457521826,-0.6632079556976866,3012
HYP-OR-CONT-EVENT-01,QQQ,2022-07-01,2022-07-01T14:50:00+00:00,continuation_short,2022,10:00,30min,-0.0033050725678975823,6.854725940864175e-05,3012
HYP-OR-CONT-EVENT-01,QQQ,2022-07-01,2022-07-01T14:50:00+00:00,continuation_short,2022,10:00,15min,-0.003807659146428888,4.075772565520843e-05,3012
HYP-OR-CONT-EVENT-01,QQQ,2022-07-01,2022-07-01T14:50:00+00:00,continuation_short,2022,10:00,60min,0.0009340422474493071,4.633988252025494e-05,3012
HYP-OR-CONT-EVENT-01,QQQ,2022-07-01,2022-07-01T14:50:00+00:00,continuation_short,2022,10:00,session_close,0.0017243856875988062,-0.6632079556976866,3012
HYP-OR-CONT-EVENT-01,QQQ,2022-07-05,2022-07-05T14:30:00+00:00,continuation_long,2022,10:00,30min,0.00028407871198576906,-6.854725940864175e-05,3012
HYP-OR-CONT-EVENT-01,QQQ,2022-07-05,2022-07-05T14:30:00+00:00,continuation_long,2022,10:00,15min,0.003470483005366898,-4.075772565520843e-05,3012
HYP-OR-CONT-EVENT-01,QQQ,2022-07-05,2022-07-05T14:30:00+00:00,continuation_long,2022,10:00,60min,0.0004651162790696439,-4.633988252025494e-05,3012
HYP-OR-CONT-EVENT-01,QQQ,2022-07-05,2022-07-05T14:30:00+00:00,continuation_long,2022,10:00,session_close,0.026905187835420286,0.6632079556976866,3012
HYP-OR-CONT-EVENT-01,QQQ,2022-07-06,2022-07-06T15:50:00+00:00,continuation_short,2022,11:00,30min,-0.0005937412685108612,0.00015930069977727258,3012
HYP-OR-CONT-EVENT-01,QQQ,2022-07-06,2022-07-06T15:50:00+00:00,continuation_short,2022,11:00,15min,-0.0009080748812517747,5.6342617917160395e-05,3012
HYP-OR-CONT-EVENT-01,QQQ,2022-07-06,2022-07-06T15:50:00+00:00,continuation_short,2022,11:00,60min,-0.002654372729812726,0.0004151811255126391,3012
HYP-OR-CONT-EVENT-01,QQQ,2022-07-06,2022-07-06T15:50:00+00:00,continuation_short,2022,11:00,session_close,-0.008487007544006664,-0.6632770180962785,3012
HYP-OR-CONT-EVENT-01,QQQ,2022-07-07,2022-07-07T14:35:00+00:00,continuation_long,2022,10:00,30min,0.003078923061133665,-6.854725940864175e-05,3012
HYP-OR-CONT-EVENT-01,QQQ,2022-07-07,2022-07-07T14:35:00+00:00,continuation_long,2022,10:00,15min,0.0030105025486639736,-4.075772565520843e-05,3012
HYP-OR-CONT-EVENT-01,QQQ,2022-07-07,2022-07-07T14:35:00+00:00,continuation_long,2022,10:00,60min,0.0011994115835927133,-4.633988252025494e-05,3012
HYP-OR-CONT-EVENT-01,QQQ,2022-07-07,2022-07-07T14:35:00+00:00,continuation_long,2022,10:00,session_close,0.008997297389757408,0.6632079556976866,3012
HYP-OR-CONT-EVENT-01,QQQ,2022-07-08,2022-07-08T14:45:00+00:00,continuation_long,2022,10:00,30min,0.0014558504875405998,-6.854725940864175e-05,3012
HYP-OR-CONT-EVENT-01,QQQ,2022-07-08,2022-07-08T14:45:00+00:00,continuation_long,2022,10:00,15min,0.0006114572047668521,-4.075772565520843e-05,3012
HYP-OR-CONT-EVENT-01,QQQ,2022-07-08,2022-07-08T14:45:00+00:00,continuation_long,2022,10:00,60min,0.0001354279523293478,-4.633988252025494e-05,3012
HYP-OR-CONT-EVENT-01,QQQ,2022-07-08,2022-07-08T14:45:00+00:00,continuation_long,2022,10:00,session_close,6.77139761646739e-05,0.6632079556976866,3012
HYP-OR-CONT-EVENT-01,QQQ,2022-07-11,2022-07-11T14:20:00+00:00,continuation_short,2022,10:00,30min,-0.002973514971301938,6.854725940864175e-05,3012
HYP-OR-CONT-EVENT-01,QQQ,2022-07-11,2022-07-11T14:20:00+00:00,continuation_short,2022,10:00,15min,-0.004079939146670153,4.075772565520843e-05,3012
HYP-OR-CONT-EVENT-01,QQQ,2022-07-11,2022-07-11T14:20:00+00:00,continuation_short,2022,10:00,60min,-0.0020399695733350764,4.633988252025494e-05,3012
HYP-OR-CONT-EVENT-01,QQQ,2022-07-11,2022-07-11T14:20:00+00:00,continuation_short,2022,10:00,session_close,0.000829818131526161,-0.6632079556976866,3012
HYP-OR-CONT-EVENT-01,QQQ,2022-07-12,2022-07-12T14:20:00+00:00,continuation_short,2022,10:00,30min,-0.00043384700819104616,6.854725940864175e-05,3012
HYP-OR-CONT-EVENT-01,QQQ,2022-07-12,2022-07-12T14:20:00+00:00,continuation_short,2022,10:00,15min,6.976259891711134e-05,4.075772565520843e-05,3012
HYP-OR-CONT-EVENT-01,QQQ,2022-07-12,2022-07-12T14:20:00+00:00,continuation_short,2022,10:00,60min,-0.003991392475357403,4.633988252025494e-05,3012
HYP-OR-CONT-EVENT-01,QQQ,2022-07-12,2022-07-12T14:20:00+00:00,continuation_short,2022,10:00,session_close,0.006698597806469531,-0.6632079556976866,3012
HYP-OR-CONT-EVENT-01,QQQ,2022-07-13,2022-07-13T14:50:00+00:00,continuation_long,2022,10:00,30min,-0.002371403661726279,-6.854725940864175e-05,3012
HYP-OR-CONT-EVENT-01,QQQ,2022-07-13,2022-07-13T14:50:00+00:00,continuation_long,2022,10:00,15min,3.487358326070833e-05,-4.075772565520843e-05,3012
HYP-OR-CONT-EVENT-01,QQQ,2022-07-13,2022-07-13T14:50:00+00:00,continuation_long,2022,10:00,60min,-0.004184829991281558,-4.633988252025494e-05,3012
HYP-OR-CONT-EVENT-01,QQQ,2022-07-13,2022-07-13T14:50:00+00:00,continuation_long,2022,10:00,session_close,-0.003940714908456822,0.6632079556976866,3012
HYP-OR-CONT-EVENT-01,QQQ,2022-07-14,2022-07-14T14:20:00+00:00,continuation_short,2022,10:00,30min,-0.006626583453535284,6.854725940864175e-05,3012
HYP-OR-CONT-EVENT-01,QQQ,2022-07-14,2022-07-14T14:20:00+00:00,continuation_short,2022,10:00,15min,-0.003056225989346073,4.075772565520843e-05,3012
HYP-OR-CONT-EVENT-01,QQQ,2022-07-14,2022-07-14T14:20:00+00:00,continuation_short,2022,10:00,60min,-0.010696790962711145,4.633988252025494e-05,3012
HYP-OR-CONT-EVENT-01,QQQ,2022-07-14,2022-07-14T14:20:00+00:00,continuation_short,2022,10:00,session_close,-0.02362148498307648,-0.6632079556976866,3012
HYP-OR-CONT-EVENT-01,QQQ,2022-07-15,2022-07-15T14:20:00+00:00,continuation_long,2022,10:00,30min,-0.0009308098045298641,-6.854725940864175e-05,3012
HYP-OR-CONT-EVENT-01,QQQ,2022-07-15,2022-07-15T14:20:00+00:00,continuation_long,2022,10:00,15min,0.0009308098045299751,-4.075772565520843e-05,3012
HYP-OR-CONT-EVENT-01,QQQ,2022-07-15,2022-07-15T14:20:00+00:00,continuation_long,2022,10:00,60min,0.004688523459854599,-4.633988252025494e-05,3012
HYP-OR-CONT-EVENT-01,QQQ,2022-07-15,2022-07-15T14:20:00+00:00,continuation_long,2022,10:00,session_close,0.006308822008480597,0.6632079556976866,3012
HYP-OR-CONT-EVENT-01,QQQ,2022-07-18,2022-07-18T17:50:00+00:00,continuation_short,2022,13:00,30min,0.0021555411092483157,0.0001264912101875541,2988
HYP-OR-CONT-EVENT-01,QQQ,2022-07-18,2022-07-18T17:50:00+00:00,continuation_short,2022,13:00,15min,0.0038320730831080674,8.25286354707112e-05,2988
HYP-OR-CONT-EVENT-01,QQQ,2022-07-18,2022-07-18T17:50:00+00:00,continuation_short,2022,13:00,60min,0.007287781845553787,0.00012415276050275643,2988
HYP-OR-CONT-EVENT-01,QQQ,2022-07-18,2022-07-18T17:50:00+00:00,continuation_short,2022,13:00,session_close,0.009785472337222267,-0.6630761968564555,2988
HYP-OR-CONT-EVENT-01,QQQ,2022-07-19,2022-07-19T14:45:00+00:00,continuation_long,2022,10:00,30min,0.0038177594498727263,-6.854725940864175e-05,3012
HYP-OR-CONT-EVENT-01,QQQ,2022-07-19,2022-07-19T14:45:00+00:00,continuation_long,2022,10:00,15min,0.004593008073466409,-4.075772565520843e-05,3012
HYP-OR-CONT-EVENT-01,QQQ,2022-07-19,2022-07-19T14:45:00+00:00,continuation_long,2022,10:00,60min,0.004388995277783803,-4.633988252025494e-05,3012
HYP-OR-CONT-EVENT-01,QQQ,2022-07-19,2022-07-19T14:45:00+00:00,continuation_long,2022,10:00,session_close,0.014045600940091107,0.6632079556976866,3012
HYP-OR-CONT-EVENT-01,QQQ,2022-07-20,2022-07-20T14:40:00+00:00,continuation_long,2022,10:00,30min,0.0019206701321061725,-6.854725940864175e-05,3012
HYP-OR-CONT-EVENT-01,QQQ,2022-07-20,2022-07-20T14:40:00+00:00,continuation_long,2022,10:00,15min,0.0048008475979208765,-4.075772565520843e-05,3012
HYP-OR-CONT-EVENT-01,QQQ,2022-07-20,2022-07-20T14:40:00+00:00,continuation_long,2022,10:00,60min,0.003807568784558013,-4.633988252025494e-05,3012
HYP-OR-CONT-EVENT-01,QQQ,2022-07-20,2022-07-20T14:40:00+00:00,continuation_long,2022,10:00,session_close,0.0032778200840977156,0.6632079556976866,3012
HYP-OR-CONT-EVENT-01,QQQ,2022-07-21,2022-07-21T14:30:00+00:00,continuation_short,2022,10:00,30min,-0.008794345070188836,6.854725940864175e-05,3012
HYP-OR-CONT-EVENT-01,QQQ,2022-07-21,2022-07-21T14:30:00+00:00,continuation_short,2022,10:00,15min,-0.0027876414562109098,4.075772565520843e-05,3012
HYP-OR-CONT-EVENT-01,QQQ,2022-07-21,2022-07-21T14:30:00+00:00,continuation_short,2022,10:00,60min,-0.011316496863903458,4.633988252025494e-05,3012
HYP-OR-CONT-EVENT-01,QQQ,2022-07-21,2022-07-21T14:30:00+00:00,continuation_short,2022,10:00,session_close,-0.020243586765340327,-0.6632079556976866,3012
HYP-OR-CONT-EVENT-01,QQQ,2022-07-22,2022-07-22T14:40:00+00:00,continuation_short,2022,10:00,30min,0.0010475504794317247,6.854725940864175e-05,3012
HYP-OR-CONT-EVENT-01,QQQ,2022-07-22,2022-07-22T14:40:00+00:00,continuation_short,2022,10:00,15min,-0.0008835945937100131,4.075772565520843e-05,3012
HYP-OR-CONT-EVENT-01,QQQ,2022-07-22,2022-07-22T14:40:00+00:00,continuation_short,2022,10:00,60min,0.010275877867591654,4.633988252025494e-05,3012
HYP-OR-CONT-EVENT-01,QQQ,2022-07-22,2022-07-22T14:40:00+00:00,continuation_short,2022,10:00,session_close,0.011683084072389271,-0.6632079556976866,3012
HYP-OR-CONT-EVENT-01,QQQ,2022-07-25,2022-07-25T14:25:00+00:00,continuation_short,2022,10:00,30min,-0.0019350103422965947,6.854725940864175e-05,3012
HYP-OR-CONT-EVENT-01,QQQ,2022-07-25,2022-07-25T14:25:00+00:00,continuation_short,2022,10:00,15min,-0.002498498698872309,4.075772565520843e-05,3012
HYP-OR-CONT-EVENT-01,QQQ,2022-07-25,2022-07-25T14:25:00+00:00,continuation_short,2022,10:00,60min,-0.002402081804230294,4.633988252025494e-05,3012
HYP-OR-CONT-EVENT-01,QQQ,2022-07-25,2022-07-25T14:25:00+00:00,continuation_short,2022,10:00,session_close,-0.0020684593314206356,-0.6632079556976866,3012
HYP-OR-CONT-EVENT-01,QQQ,2022-07-26,2022-07-26T14:40:00+00:00,continuation_short,2022,10:00,30min,-0.0007096512570965441,6.854725940864175e-05,3012
HYP-OR-CONT-EVENT-01,QQQ,2022-07-26,2022-07-26T14:40:00+00:00,continuation_short,2022,10:00,15min,-0.0018924033522573769,4.075772565520843e-05,3012
HYP-OR-CONT-EVENT-01,QQQ,2022-07-26,2022-07-26T14:40:00+00:00,continuation_short,2022,10:00,60min,0.0024334279535009884,4.633988252025494e-05,3012
HYP-OR-CONT-EVENT-01,QQQ,2022-07-26,2022-07-26T14:40:00+00:00,continuation_short,2022,10:00,session_close,0.005305487969721523,-0.6632079556976866,3012
HYP-OR-CONT-EVENT-01,QQQ,2022-07-27,2022-07-27T14:25:00+00:00,continuation_long,2022,10:00,30min,0.001308671439936182,-6.854725940864175e-05,3012
HYP-OR-CONT-EVENT-01,QQQ,2022-07-27,2022-07-27T14:25:00+00:00,continuation_long,2022,10:00,15min,-0.0009944311853620214,-4.075772565520843e-05,3012
HYP-OR-CONT-EVENT-01,QQQ,2022-07-27,2022-07-27T14:25:00+00:00,continuation_long,2022,10:00,60min,0.0009944311853620214,-4.633988252025494e-05,3012
HYP-OR-CONT-EVENT-01,QQQ,2022-07-27,2022-07-27T14:25:00+00:00,continuation_long,2022,10:00,session_close,0.016772739326438524,0.6632079556976866,3012
HYP-OR-CONT-EVENT-01,QQQ,2022-07-28,2022-07-28T14:45:00+00:00,continuation_short,2022,10:00,30min,-0.009015562794064458,6.854725940864175e-05,3012
HYP-OR-CONT-EVENT-01,QQQ,2022-07-28,2022-07-28T14:45:00+00:00,continuation_short,2022,10:00,15min,-0.00848879676241232,4.075772565520843e-05,3012
HYP-OR-CONT-EVENT-01,QQQ,2022-07-28,2022-07-28T14:45:00+00:00,continuation_short,2022,10:00,60min,-0.013720264534596849,4.633988252025494e-05,3012
HYP-OR-CONT-EVENT-01,QQQ,2022-07-28,2022-07-28T14:45:00+00:00,continuation_short,2022,10:00,session_close,-0.01918204849800942,-0.6632079556976866,3012
HYP-OR-CONT-EVENT-01,QQQ,2022-07-29,2022-07-29T14:20:00+00:00,continuation_long,2022,10:00,30min,0.0012443763759930615,-6.854725940864175e-05,3012
HYP-OR-CONT-EVENT-01,QQQ,2022-07-29,2022-07-29T14:20:00+00:00,continuation_long,2022,10:00,15min,0.0018506110207077153,-4.075772565520843e-05,3012
HYP-OR-CONT-EVENT-01,QQQ,2022-07-29,2022-07-29T14:20:00+00:00,continuation_long,2022,10:00,60min,-0.005934399030024684,-4.633988252025494e-05,3012
HYP-OR-CONT-EVENT-01,QQQ,2022-07-29,2022-07-29T14:20:00+00:00,continuation_long,2022,10:00,session_close,0.0065090456590406465,0.6632079556976866,3012
HYP-OR-CONT-EVENT-01,QQQ,2022-08-01,2022-08-01T14:20:00+00:00,continuation_long,2022,10:00,30min,0.007113050075872485,-6.854725940864175e-05,3012
HYP-OR-CONT-EVENT-01,QQQ,2022-08-01,2022-08-01T14:20:00+00:00,continuation_long,2022,10:00,15min,0.0013593829033888838,-4.075772565520843e-05,3012
HYP-OR-CONT-EVENT-01,QQQ,2022-08-01,2022-08-01T14:20:00+00:00,continuation_long,2022,10:00,60min,0.004647192716236814,-4.633988252025494e-05,3012
HYP-OR-CONT-EVENT-01,QQQ,2022-08-01,2022-08-01T14:20:00+00:00,continuation_long,2022,10:00,session_close,-0.003414264036418757,0.6632079556976866,3012
HYP-OR-CONT-EVENT-01,QQQ,2022-08-02,2022-08-02T14:25:00+00:00,continuation_short,2022,10:00,30min,-0.007698696652185033,6.854725940864175e-05,3012
HYP-OR-CONT-EVENT-01,QQQ,2022-08-02,2022-08-02T14:25:00+00:00,continuation_short,2022,10:00,15min,-0.005526450293892093,4.075772565520843e-05,3012
HYP-OR-CONT-EVENT-01,QQQ,2022-08-02,2022-08-02T14:25:00+00:00,continuation_short,2022,10:00,60min,-0.007538972655251497,4.633988252025494e-05,3012
HYP-OR-CONT-EVENT-01,QQQ,2022-08-02,2022-08-02T14:25:00+00:00,continuation_short,2022,10:00,session_close,-0.004025044722719029,-0.6632079556976866,3012
HYP-OR-CONT-EVENT-01,QQQ,2022-08-03,2022-08-03T14:20:00+00:00,continuation_long,2022,10:00,30min,0.0015673981191222097,-6.854725940864175e-05,3012
HYP-OR-CONT-EVENT-01,QQQ,2022-08-03,2022-08-03T14:20:00+00:00,continuation_long,2022,10:00,15min,-0.001191222570532946,-4.075772565520843e-05,3012
HYP-OR-CONT-EVENT-01,QQQ,2022-08-03,2022-08-03T14:20:00+00:00,continuation_long,2022,10:00,60min,0.005015673981191293,-4.633988252025494e-05,3012
HYP-OR-CONT-EVENT-01,QQQ,2022-08-03,2022-08-03T14:20:00+00:00,continuation_long,2022,10:00,session_close,0.012006269592476526,0.6632079556976866,3012
HYP-OR-CONT-EVENT-01,QQQ,2022-08-04,2022-08-04T14:35:00+00:00,continuation_short,2022,10:00,30min,-0.0029567941988437596,6.854725940864175e-05,3012
HYP-OR-CONT-EVENT-01,QQQ,2022-08-04,2022-08-04T14:35:00+00:00,continuation_short,2022,10:00,15min,-0.0026262209343768106,4.075772565520843e-05,3012
HYP-OR-CONT-EVENT-01,QQQ,2022-08-04,2022-08-04T14:35:00+00:00,continuation_short,2022,10:00,60min,3.112742604782781e-07,4.633988252025494e-05,3012
HYP-OR-CONT-EVENT-01,QQQ,2022-08-04,2022-08-04T14:35:00+00:00,continuation_short,2022,10:00,session_close,-0.009540244804754572,-0.6632079556976866,3012
HYP-OR-CONT-EVENT-01,QQQ,2022-08-05,2022-08-05T14:20:00+00:00,continuation_long,2022,10:00,30min,-0.0037732347756161966,-6.854725940864175e-05,3012
HYP-OR-CONT-EVENT-01,QQQ,2022-08-05,2022-08-05T14:20:00+00:00,continuation_long,2022,10:00,15min,-0.0017029041536510414,-4.075772565520843e-05,3012
HYP-OR-CONT-EVENT-01,QQQ,2022-08-05,2022-08-05T14:20:00+00:00,continuation_long,2022,10:00,60min,-0.012665079021433101,-4.633988252025494e-05,3012
HYP-OR-CONT-EVENT-01,QQQ,2022-08-05,2022-08-05T14:20:00+00:00,continuation_long,2022,10:00,session_close,-0.004732007546469519,0.6632079556976866,3012
HYP-OR-CONT-EVENT-01,QQQ,2022-08-08,2022-08-08T14:20:00+00:00,continuation_long,2022,10:00,30min,-0.002951122041192855,-6.854725940864175e-05,3012
HYP-OR-CONT-EVENT-01,QQQ,2022-08-08,2022-08-08T14:20:00+00:00,continuation_long,2022,10:00,15min,0.00036889025514907914,-4.075772565520843e-05,3012
HYP-OR-CONT-EVENT-01,QQQ,2022-08-08,2022-08-08T14:20:00+00:00,continuation_long,2022,10:00,60min,-0.005779280664002462,-4.633988252025494e-05,3012
HYP-OR-CONT-EVENT-01,QQQ,2022-08-08,2022-08-08T14:20:00+00:00,continuation_long,2022,10:00,session_close,-0.014140793114048589,0.6632079556976866,3012
HYP-OR-CONT-EVENT-01,QQQ,2022-08-09,2022-08-09T14:20:00+00:00,continuation_short,2022,10:00,30min,-0.0010738085462527192,6.854725940864175e-05,3012
HYP-OR-CONT-EVENT-01,QQQ,2022-08-09,2022-08-09T14:20:00+00:00,continuation_short,2022,10:00,15min,-0.0015939740390993329,4.075772565520843e-05,3012
HYP-OR-CONT-EVENT-01,QQQ,2022-08-09,2022-08-09T14:20:00+00:00,continuation_short,2022,10:00,60min,-0.002842434387139381,4.633988252025494e-05,3012
HYP-OR-CONT-EVENT-01,QQQ,2022-08-09,2022-08-09T14:20:00+00:00,continuation_short,2022,10:00,session_close,-0.0012948867763635796,-0.6632079556976866,3012
HYP-OR-CONT-EVENT-01,QQQ,2022-08-10,2022-08-10T14:35:00+00:00,continuation_short,2022,10:00,30min,-0.00506414021204904,6.854725940864175e-05,3012
HYP-OR-CONT-EVENT-01,QQQ,2022-08-10,2022-08-10T14:35:00+00:00,continuation_short,2022,10:00,15min,-0.002349231863002732,4.075772565520843e-05,3012
HYP-OR-CONT-EVENT-01,QQQ,2022-08-10,2022-08-10T14:35:00+00:00,continuation_short,2022,10:00,60min,-0.003956291922969868,4.633988252025494e-05,3012
HYP-OR-CONT-EVENT-01,QQQ,2022-08-10,2022-08-10T14:35:00+00:00,continuation_short,2022,10:00,session_close,-0.007449537881363932,-0.6632079556976866,3012
HYP-OR-CONT-EVENT-01,QQQ,2022-08-11,2022-08-11T14:20:00+00:00,continuation_long,2022,10:00,30min,-0.005949677536560949,-6.854725940864175e-05,3012
HYP-OR-CONT-EVENT-01,QQQ,2022-08-11,2022-08-11T14:20:00+00:00,continuation_long,2022,10:00,15min,-0.003360886547370212,-4.075772565520843e-05,3012
HYP-OR-CONT-EVENT-01,QQQ,2022-08-11,2022-08-11T14:20:00+00:00,continuation_long,2022,10:00,60min,-0.012571532382596007,-4.633988252025494e-05,3012
HYP-OR-CONT-EVENT-01,QQQ,2022-08-11,2022-08-11T14:20:00+00:00,continuation_long,2022,10:00,session_close,-0.01874224119659673,0.6632079556976866,3012
HYP-OR-CONT-EVENT-01,QQQ,2022-08-12,2022-08-12T14:30:00+00:00,continuation_long,2022,10:00,30min,0.0008869586493760462,-6.854725940864175e-05,3012
HYP-OR-CONT-EVENT-01,QQQ,2022-08-12,2022-08-12T14:30:00+00:00,continuation_long,2022,10:00,15min,-0.002905554196231952,-4.075772565520843e-05,3012
HYP-OR-CONT-EVENT-01,QQQ,2022-08-12,2022-08-12T14:30:00+00:00,continuation_long,2022,10:00,60min,0.0028443846342061097,-4.633988252025494e-05,3012
HYP-OR-CONT-EVENT-01,QQQ,2022-08-12,2022-08-12T14:30:00+00:00,continuation_long,2022,10:00,session_close,0.010949351602642654,0.6632079556976866,3012
HYP-OR-CONT-EVENT-01,QQQ,2022-08-15,2022-08-15T16:00:00+00:00,continuation_long,2022,12:00,30min,0.0002133293214983123,-0.0001369537087975617,3000
HYP-OR-CONT-EVENT-01,QQQ,2022-08-15,2022-08-15T16:00:00+00:00,continuation_long,2022,12:00,15min,-0.0009327516172709105,-8.121155156313482e-05,3006
HYP-OR-CONT-EVENT-01,QQQ,2022-08-15,2022-08-15T16:00:00+00:00,continuation_long,2022,12:00,60min,0.0002858432375507647,-0.0001640072869729762,2988
HYP-OR-CONT-EVENT-01,QQQ,2022-08-15,2022-08-15T16:00:00+00:00,continuation_long,2022,12:00,session_close,0.0022566571385587153,0.6639347574299753,3012
HYP-OR-CONT-EVENT-01,QQQ,2022-08-16,2022-08-16T14:20:00+00:00,continuation_short,2022,10:00,30min,0.0011166569353525668,6.854725940864175e-05,3012
HYP-OR-CONT-EVENT-01,QQQ,2022-08-16,2022-08-16T14:20:00+00:00,continuation_short,2022,10:00,15min,0.0037472865962160373,4.075772565520843e-05,3012
HYP-OR-CONT-EVENT-01,QQQ,2022-08-16,2022-08-16T14:20:00+00:00,continuation_short,2022,10:00,60min,-0.001786106828358669,4.633988252025494e-05,3012
HYP-OR-CONT-EVENT-01,QQQ,2022-08-16,2022-08-16T14:20:00+00:00,continuation_short,2022,10:00,session_close,-0.0048098190822247755,-0.6632079556976866,3012
HYP-OR-CONT-EVENT-01,QQQ,2022-08-17,2022-08-17T14:30:00+00:00,continuation_short,2022,10:00,30min,0.0030149835546351422,6.854725940864175e-05,3012
HYP-OR-CONT-EVENT-01,QQQ,2022-08-17,2022-08-17T14:30:00+00:00,continuation_short,2022,10:00,15min,0.0013704470702886606,4.075772565520843e-05,3012
HYP-OR-CONT-EVENT-01,QQQ,2022-08-17,2022-08-17T14:30:00+00:00,continuation_short,2022,10:00,60min,0.00286271165793639,4.633988252025494e-05,3012
HYP-OR-CONT-EVENT-01,QQQ,2022-08-17,2022-08-17T14:30:00+00:00,continuation_short,2022,10:00,session_close,-0.0003654525520770946,-0.6632079556976866,3012
HYP-OR-CONT-EVENT-01,QQQ,2022-08-18,2022-08-18T14:20:00+00:00,continuation_short,2022,10:00,30min,-0.0025139026434066736,6.854725940864175e-05,3012
HYP-OR-CONT-EVENT-01,QQQ,2022-08-18,2022-08-18T14:20:00+00:00,continuation_short,2022,10:00,15min,-0.0008303496610040373,4.075772565520843e-05,3012
HYP-OR-CONT-EVENT-01,QQQ,2022-08-18,2022-08-18T14:20:00+00:00,continuation_short,2022,10:00,60min,-0.005439171173916346,4.633988252025494e-05,3012
HYP-OR-CONT-EVENT-01,QQQ,2022-08-18,2022-08-18T14:20:00+00:00,continuation_short,2022,10:00,session_close,-0.0034889921535765644,-0.6632079556976866,3012
HYP-OR-CONT-EVENT-01,QQQ,2022-08-19,2022-08-19T14:20:00+00:00,continuation_short,2022,10:00,30min,0.0013897467572575595,6.854725940864175e-05,3012
HYP-OR-CONT-EVENT-01,QQQ,2022-08-19,2022-08-19T14:20:00+00:00,continuation_short,2022,10:00,15min,0.0005558987029030682,4.075772565520843e-05,3012
HYP-OR-CONT-EVENT-01,QQQ,2022-08-19,2022-08-19T14:20:00+00:00,continuation_short,2022,10:00,60min,0.002594193946880874,4.633988252025494e-05,3012
HYP-OR-CONT-EVENT-01,QQQ,2022-08-19,2022-08-19T14:20:00+00:00,continuation_short,2022,10:00,session_close,0.002872143298332297,-0.6632079556976866,3012
HYP-OR-CONT-EVENT-01,QQQ,2022-08-22,2022-08-22T14:25:00+00:00,continuation_short,2022,10:00,30min,0.0012908227443221287,6.854725940864175e-05,3012
HYP-OR-CONT-EVENT-01,QQQ,2022-08-22,2022-08-22T14:25:00+00:00,continuation_short,2022,10:00,15min,-0.0014326992383006942,4.075772565520843e-05,3012
HYP-OR-CONT-EVENT-01,QQQ,2022-08-22,2022-08-22T14:25:00+00:00,continuation_short,2022,10:00,60min,0.0009741341416916738,4.633988252025494e-05,3012
HYP-OR-CONT-EVENT-01,QQQ,2022-08-22,2022-08-22T14:25:00+00:00,continuation_short,2022,10:00,session_close,0.004109351307733933,-0.6632079556976866,3012
HYP-OR-CONT-EVENT-01,QQQ,2022-08-23,2022-08-23T14:25:00+00:00,continuation_long,2022,10:00,30min,-0.0060149181614834735,-6.854725940864175e-05,3012
HYP-OR-CONT-EVENT-01,QQQ,2022-08-23,2022-08-23T14:25:00+00:00,continuation_long,2022,10:00,15min,-0.0020912512036005415,-4.075772565520843e-05,3012
HYP-OR-CONT-EVENT-01,QQQ,2022-08-23,2022-08-23T14:25:00+00:00,continuation_long,2022,10:00,60min,-0.0052238562748135875,-4.633988252025494e-05,3012
HYP-OR-CONT-EVENT-01,QQQ,2022-08-23,2022-08-23T14:25:00+00:00,continuation_long,2022,10:00,session_close,-0.006109845587883855,0.6632079556976866,3012
HYP-OR-CONT-EVENT-01,QQQ,2022-08-24,2022-08-24T14:20:00+00:00,continuation_long,2022,10:00,30min,-0.0014436195190049572,-6.854725940864175e-05,3012
HYP-OR-CONT-EVENT-01,QQQ,2022-08-24,2022-08-24T14:20:00+00:00,continuation_long,2022,10:00,15min,-0.0014118916174884477,-4.075772565520843e-05,3012
HYP-OR-CONT-EVENT-01,QQQ,2022-08-24,2022-08-24T14:20:00+00:00,continuation_long,2022,10:00,60min,0.0030141506440763965,-4.633988252025494e-05,3012
HYP-OR-CONT-EVENT-01,QQQ,2022-08-24,2022-08-24T14:20:00+00:00,continuation_long,2022,10:00,session_close,-0.0005076464242655954,0.6632079556976866,3012
HYP-OR-CONT-EVENT-01,QQQ,2022-08-25,2022-08-25T14:20:00+00:00,continuation_long,2022,10:00,30min,0.002521270070926507,-6.854725940864175e-05,3012
HYP-OR-CONT-EVENT-01,QQQ,2022-08-25,2022-08-25T14:20:00+00:00,continuation_long,2022,10:00,15min,0.004136065547989398,-4.075772565520843e-05,3012
HYP-OR-CONT-EVENT-01,QQQ,2022-08-25,2022-08-25T14:20:00+00:00,continuation_long,2022,10:00,60min,-0.003758629908629074,-4.633988252025494e-05,3012
HYP-OR-CONT-EVENT-01,QQQ,2022-08-25,2022-08-25T14:20:00+00:00,continuation_long,2022,10:00,session_close,0.0081620457011653,0.6632079556976866,3012
HYP-OR-CONT-EVENT-01,QQQ,2022-08-26,2022-08-26T14:20:00+00:00,continuation_short,2022,10:00,30min,0.01692127240311525,6.854725940864175e-05,3012
HYP-OR-CONT-EVENT-01,QQQ,2022-08-26,2022-08-26T14:20:00+00:00,continuation_short,2022,10:00,15min,0.018454224140627362,4.075772565520843e-05,3012
HYP-OR-CONT-EVENT-01,QQQ,2022-08-26,2022-08-26T14:20:00+00:00,continuation_short,2022,10:00,60min,0.022958305964780545,4.633988252025494e-05,3012
HYP-OR-CONT-EVENT-01,QQQ,2022-08-26,2022-08-26T14:20:00+00:00,continuation_short,2022,10:00,session_close,0.038441087235306926,-0.6632079556976866,3012
HYP-OR-CONT-EVENT-01,QQQ,2022-08-29,2022-08-29T15:10:00+00:00,continuation_short,2022,11:00,30min,0.0014470875512638814,0.00015930069977727258,3012
HYP-OR-CONT-EVENT-01,QQQ,2022-08-29,2022-08-29T15:10:00+00:00,continuation_short,2022,11:00,15min,0.0007559461679481627,5.6342617917160395e-05,3012
HYP-OR-CONT-EVENT-01,QQQ,2022-08-29,2022-08-29T15:10:00+00:00,continuation_short,2022,11:00,60min,-0.005164974231051778,0.0004151811255126391,3012
HYP-OR-CONT-EVENT-01,QQQ,2022-08-29,2022-08-29T15:10:00+00:00,continuation_short,2022,11:00,session_close,-0.0013819538083339467,-0.6632770180962785,3012
HYP-OR-CONT-EVENT-01,QQQ,2022-08-30,2022-08-30T14:20:00+00:00,continuation_short,2022,10:00,30min,0.009117938553022786,6.854725940864175e-05,3012
HYP-OR-CONT-EVENT-01,QQQ,2022-08-30,2022-08-30T14:20:00+00:00,continuation_short,2022,10:00,15min,0.007961678229269853,4.075772565520843e-05,3012
HYP-OR-CONT-EVENT-01,QQQ,2022-08-30,2022-08-30T14:20:00+00:00,continuation_short,2022,10:00,60min,0.0068714899240170935,4.633988252025494e-05,3012
HYP-OR-CONT-EVENT-01,QQQ,2022-08-30,2022-08-30T14:20:00+00:00,continuation_short,2022,10:00,session_close,0.00561612157251401,-0.6632079556976866,3012
HYP-OR-CONT-EVENT-01,QQQ,2022-08-31,2022-08-31T14:35:00+00:00,continuation_short,2022,10:00,30min,0.004210456519576855,6.854725940864175e-05,3012
HYP-OR-CONT-EVENT-01,QQQ,2022-08-31,2022-08-31T14:35:00+00:00,continuation_short,2022,10:00,15min,8.28830023538174e-05,4.075772565520843e-05,3012
HYP-OR-CONT-EVENT-01,QQQ,2022-08-31,2022-08-31T14:35:00+00:00,continuation_short,2022,10:00,60min,0.0014918940423697125,4.633988252025494e-05,3012
HYP-OR-CONT-EVENT-01,QQQ,2022-08-31,2022-08-31T14:35:00+00:00,continuation_short,2022,10:00,session_close,0.007857308623147596,-0.6632079556976866,3012
HYP-OR-CONT-EVENT-01,QQQ,2022-09-01,2022-09-01T14:20:00+00:00,continuation_short,2022,10:00,30min,0.003149979677550485,6.854725940864175e-05,3012
HYP-OR-CONT-EVENT-01,QQQ,2022-09-01,2022-09-01T14:20:00+00:00,continuation_short,2022,10:00,15min,0.0014564422165018742,4.075772565520843e-05,3012
HYP-OR-CONT-EVENT-01,QQQ,2022-09-01,2022-09-01T14:20:00+00:00,continuation_short,2022,10:00,60min,0.005080612383145944,4.633988252025494e-05,3012
HYP-OR-CONT-EVENT-01,QQQ,2022-09-01,2022-09-01T14:20:00+00:00,continuation_short,2022,10:00,session_close,-0.014191843923587522,-0.6632079556976866,3012
HYP-OR-CONT-EVENT-01,QQQ,2022-09-02,2022-09-02T14:50:00+00:00,continuation_long,2022,10:00,30min,-0.0009074110737147256,-6.854725940864175e-05,3012
HYP-OR-CONT-EVENT-01,QQQ,2022-09-02,2022-09-02T14:50:00+00:00,continuation_long,2022,10:00,15min,-0.002821223520095062,-4.075772565520843e-05,3012
HYP-OR-CONT-EVENT-01,QQQ,2022-09-02,2022-09-02T14:50:00+00:00,continuation_long,2022,10:00,60min,-0.0004949514947534261,-4.633988252025494e-05,3012
HYP-OR-CONT-EVENT-01,QQQ,2022-09-02,2022-09-02T14:50:00+00:00,continuation_long,2022,10:00,session_close,-0.025902461558767298,0.6632079556976866,3012
HYP-OR-CONT-EVENT-01,QQQ,2022-09-06,2022-09-06T14:20:00+00:00,continuation_short,2022,10:00,30min,-0.009803249468705033,6.854725940864175e-05,3012
HYP-OR-CONT-EVENT-01,QQQ,2022-09-06,2022-09-06T14:20:00+00:00,continuation_short,2022,10:00,15min,-0.0049016247343525166,4.075772565520843e-05,3012
HYP-OR-CONT-EVENT-01,QQQ,2022-09-06,2022-09-06T14:20:00+00:00,continuation_short,2022,10:00,60min,-0.011238431480085076,4.633988252025494e-05,3012
HYP-OR-CONT-EVENT-01,QQQ,2022-09-06,2022-09-06T14:20:00+00:00,continuation_short,2022,10:00,session_close,-0.0045245766778638785,-0.6632079556976866,3012
HYP-OR-CONT-EVENT-01,QQQ,2022-09-07,2022-09-07T14:35:00+00:00,continuation_short,2022,10:00,30min,-0.0027838131450299564,6.854725940864175e-05,3012
HYP-OR-CONT-EVENT-01,QQQ,2022-09-07,2022-09-07T14:35:00+00:00,continuation_short,2022,10:00,15min,0.00013579576317224173,4.075772565520843e-05,3012
HYP-OR-CONT-EVENT-01,QQQ,2022-09-07,2022-09-07T14:35:00+00:00,continuation_short,2022,10:00,60min,-0.003870179250407446,4.633988252025494e-05,3012
HYP-OR-CONT-EVENT-01,QQQ,2022-09-07,2022-09-07T14:35:00+00:00,continuation_short,2022,10:00,session_close,-0.01490358500814759,-0.6632079556976866,3012
HYP-OR-CONT-EVENT-01,QQQ,2022-09-08,2022-09-08T14:35:00+00:00,continuation_long,2022,10:00,30min,0.007129351239393511,-6.854725940864175e-05,3012
HYP-OR-CONT-EVENT-01,QQQ,2022-09-08,2022-09-08T14:35:00+00:00,continuation_long,2022,10:00,15min,0.0031736486937932185,-4.075772565520843e-05,3012
HYP-OR-CONT-EVENT-01,QQQ,2022-09-08,2022-09-08T14:35:00+00:00,continuation_long,2022,10:00,60min,0.004392997928776676,-4.633988252025494e-05,3012
HYP-OR-CONT-EVENT-01,QQQ,2022-09-08,2022-09-08T14:35:00+00:00,continuation_long,2022,10:00,session_close,0.003908598917618855,0.6632079556976866,3012
HYP-OR-CONT-EVENT-01,QQQ,2022-09-09,2022-09-09T14:20:00+00:00,continuation_long,2022,10:00,30min,0.0030800982800982535,-6.854725940864175e-05,3012
HYP-OR-CONT-EVENT-01,QQQ,2022-09-09,2022-09-09T14:20:00+00:00,continuation_long,2022,10:00,15min,0.00229320229320229,-4.075772565520843e-05,3012
HYP-OR-CONT-EVENT-01,QQQ,2022-09-09,2022-09-09T14:20:00+00:00,continuation_long,2022,10:00,60min,0.00216216216216214,-4.633988252025494e-05,3012
HYP-OR-CONT-EVENT-01,QQQ,2022-09-09,2022-09-09T14:20:00+00:00,continuation_long,2022,10:00,session_close,0.005864045864045986,0.6632079556976866,3012
HYP-OR-CONT-EVENT-01,QQQ,2022-09-12,2022-09-12T14:20:00+00:00,continuation_long,2022,10:00,30min,-0.0027339980701188704,-6.854725940864175e-05,3012
HYP-OR-CONT-EVENT-01,QQQ,2022-09-12,2022-09-12T14:20:00+00:00,continuation_long,2022,10:00,15min,-0.0013509166934704275,-4.075772565520843e-05,3012
HYP-OR-CONT-EVENT-01,QQQ,2022-09-12,2022-09-12T14:20:00+00:00,continuation_long,2022,10:00,60min,-0.0022997748472176616,-4.633988252025494e-05,3012
HYP-OR-CONT-EVENT-01,QQQ,2022-09-12,2022-09-12T14:20:00+00:00,continuation_long,2022,10:00,session_close,-0.0004503055644901055,0.6632079556976866,3012
HYP-OR-CONT-EVENT-01,QQQ,2022-09-13,2022-09-13T14:20:00+00:00,continuation_short,2022,10:00,30min,0.007885543170853437,6.854725940864175e-05,3012
HYP-OR-CONT-EVENT-01,QQQ,2022-09-13,2022-09-13T14:20:00+00:00,continuation_short,2022,10:00,15min,0.005340209615704583,4.075772565520843e-05,3012
HYP-OR-CONT-EVENT-01,QQQ,2022-09-13,2022-09-13T14:20:00+00:00,continuation_short,2022,10:00,60min,0.011146231908168436,4.633988252025494e-05,3012
HYP-OR-CONT-EVENT-01,QQQ,2022-09-13,2022-09-13T14:20:00+00:00,continuation_short,2022,10:00,session_close,0.023057727499584124,-0.6632079556976866,3012
HYP-OR-CONT-EVENT-01,QQQ,2022-09-14,2022-09-14T15:10:00+00:00,continuation_long,2022,11:00,30min,-0.0012808413105028782,-0.00015930069977727258,3012
HYP-OR-CONT-EVENT-01,QQQ,2022-09-14,2022-09-14T15:10:00+00:00,continuation_long,2022,11:00,15min,-0.003791964406094084,-5.6342617917160395e-05,3012
HYP-OR-CONT-EVENT-01,QQQ,2022-09-14,2022-09-14T15:10:00+00:00,continuation_long,2022,11:00,60min,-0.0028987461237697243,-0.0004151811255126391,3012
HYP-OR-CONT-EVENT-01,QQQ,2022-09-14,2022-09-14T15:10:00+00:00,continuation_long,2022,11:00,session_close,-0.0020560873668599156,0.6632770180962785,3012
HYP-OR-CONT-EVENT-01,QQQ,2022-09-15,2022-09-15T14:20:00+00:00,continuation_long,2022,10:00,30min,-0.01369029510191666,-6.854725940864175e-05,3012
HYP-OR-CONT-EVENT-01,QQQ,2022-09-15,2022-09-15T14:20:00+00:00,continuation_long,2022,10:00,15min,-0.006794442754284535,-4.075772565520843e-05,3012
HYP-OR-CONT-EVENT-01,QQQ,2022-09-15,2022-09-15T14:20:00+00:00,continuation_long,2022,10:00,60min,-0.01254098637731127,-4.633988252025494e-05,3012
HYP-OR-CONT-EVENT-01,QQQ,2022-09-15,2022-09-15T14:20:00+00:00,continuation_long,2022,10:00,session_close,-0.016259338133387424,0.6632079556976866,3012
HYP-OR-CONT-EVENT-01,QQQ,2022-09-16,2022-09-16T14:30:00+00:00,continuation_long,2022,10:00,30min,-0.0025061784259807762,-6.854725940864175e-05,3012
HYP-OR-CONT-EVENT-01,QQQ,2022-09-16,2022-09-16T14:30:00+00:00,continuation_long,2022,10:00,15min,-0.0011834731456020764,-4.075772565520843e-05,3012
HYP-OR-CONT-EVENT-01,QQQ,2022-09-16,2022-09-16T14:30:00+00:00,continuation_long,2022,10:00,60min,-0.001810017752097326,-4.633988252025494e-05,3012
HYP-OR-CONT-EVENT-01,QQQ,2022-09-16,2022-09-16T14:30:00+00:00,continuation_long,2022,10:00,session_close,0.006717950502976189,0.6632079556976866,3012
HYP-OR-CONT-EVENT-01,QQQ,2022-09-19,2022-09-19T14:30:00+00:00,continuation_long,2022,10:00,30min,0.003155011614603076,-6.854725940864175e-05,3012
HYP-OR-CONT-EVENT-01,QQQ,2022-09-19,2022-09-19T14:30:00+00:00,continuation_long,2022,10:00,15min,0.003848420760669935,-4.075772565520843e-05,3012
HYP-OR-CONT-EVENT-01,QQQ,2022-09-19,2022-09-19T14:30:00+00:00,continuation_long,2022,10:00,60min,-0.0017681933224699131,-4.633988252025494e-05,3012
HYP-OR-CONT-EVENT-01,QQQ,2022-09-19,2022-09-19T14:30:00+00:00,continuation_long,2022,10:00,session_close,0.009257012099989748,0.6632079556976866,3012
HYP-OR-CONT-EVENT-01,QQQ,2022-09-20,2022-09-20T14:25:00+00:00,continuation_long,2022,10:00,30min,0.003674813659213072,-6.854725940864175e-05,3012
HYP-OR-CONT-EVENT-01,QQQ,2022-09-20,2022-09-20T14:25:00+00:00,continuation_long,2022,10:00,15min,0.001386722135552132,-4.075772565520843e-05,3012
HYP-OR-CONT-EVENT-01,QQQ,2022-09-20,2022-09-20T14:25:00+00:00,continuation_long,2022,10:00,60min,0.004928410469752231,-4.633988252025494e-05,3012
HYP-OR-CONT-EVENT-01,QQQ,2022-09-20,2022-09-20T14:25:00+00:00,continuation_long,2022,10:00,session_close,0.0008320332813311904,0.6632079556976866,3012
HYP-OR-CONT-EVENT-01,QQQ,2022-09-21,2022-09-21T16:50:00+00:00,continuation_long,2022,12:00,30min,-0.002838074925177958,-0.0001369537087975617,3000
HYP-OR-CONT-EVENT-01,QQQ,2022-09-21,2022-09-21T16:50:00+00:00,continuation_long,2022,12:00,15min,-0.0018917059410368253,-8.121155156313482e-05,3006
HYP-OR-CONT-EVENT-01,QQQ,2022-09-21,2022-09-21T16:50:00+00:00,continuation_long,2022,12:00,60min,-0.00010320272455188739,-0.0001640072869729762,2988
HYP-OR-CONT-EVENT-01,QQQ,2022-09-21,2022-09-21T16:50:00+00:00,continuation_long,2022,12:00,session_close,-0.02500946024975048,0.6639347574299753,3012
HYP-OR-CONT-EVENT-01,QQQ,2022-09-22,2022-09-22T14:20:00+00:00,continuation_short,2022,10:00,30min,0.002973964454891842,6.854725940864175e-05,3012
HYP-OR-CONT-EVENT-01,QQQ,2022-09-22,2022-09-22T14:20:00+00:00,continuation_short,2022,10:00,15min,-0.0014663247497952447,4.075772565520843e-05,3012
HYP-OR-CONT-EVENT-01,QQQ,2022-09-22,2022-09-22T14:20:00+00:00,continuation_short,2022,10:00,60min,0.006268475976778154,4.633988252025494e-05,3012
HYP-OR-CONT-EVENT-01,QQQ,2022-09-22,2022-09-22T14:20:00+00:00,continuation_short,2022,10:00,session_close,0.002564376535954538,-0.6632079556976866,3012
HYP-OR-CONT-EVENT-01,QQQ,2022-09-23,2022-09-23T14:20:00+00:00,continuation_short,2022,10:00,30min,-0.002322964683677542,6.854725940864175e-05,3012
HYP-OR-CONT-EVENT-01,QQQ,2022-09-23,2022-09-23T14:20:00+00:00,continuation_short,2022,10:00,15min,-3.629632318236098e-05,4.075772565520843e-05,3012
HYP-OR-CONT-EVENT-01,QQQ,2022-09-23,2022-09-23T14:20:00+00:00,continuation_short,2022,10:00,60min,-0.00362963231824609,4.633988252025494e-05,3012
HYP-OR-CONT-EVENT-01,QQQ,2022-09-23,2022-09-23T14:20:00+00:00,continuation_short,2022,10:00,session_close,-3.629632318236098e-05,-0.6632079556976866,3012
HYP-OR-CONT-EVENT-01,QQQ,2022-09-26,2022-09-26T14:20:00+00:00,continuation_long,2022,10:00,30min,-0.006804182781836587,-6.854725940864175e-05,3012
HYP-OR-CONT-EVENT-01,QQQ,2022-09-26,2022-09-26T14:20:00+00:00,continuation_long,2022,10:00,15min,-0.002721673112734524,-4.075772565520843e-05,3012
HYP-OR-CONT-EVENT-01,QQQ,2022-09-26,2022-09-26T14:20:00+00:00,continuation_long,2022,10:00,60min,-0.011101561380891023,-4.633988252025494e-05,3012
HYP-OR-CONT-EVENT-01,QQQ,2022-09-26,2022-09-26T14:20:00+00:00,continuation_long,2022,10:00,session_close,-0.018192236069330958,0.6632079556976866,3012
HYP-OR-CONT-EVENT-01,QQQ,2022-09-27,2022-09-27T14:20:00+00:00,continuation_short,2022,10:00,30min,-0.0025603115646748442,6.854725940864175e-05,3012
HYP-OR-CONT-EVENT-01,QQQ,2022-09-27,2022-09-27T14:20:00+00:00,continuation_short,2022,10:00,15min,-7.21214525258862e-05,4.075772565520843e-05,3012
HYP-OR-CONT-EVENT-01,QQQ,2022-09-27,2022-09-27T14:20:00+00:00,continuation_short,2022,10:00,60min,0.00306516173235738,4.633988252025494e-05,3012
HYP-OR-CONT-EVENT-01,QQQ,2022-09-27,2022-09-27T14:20:00+00:00,continuation_short,2022,10:00,session_close,0.010024881901121607,-0.6632079556976866,3012
HYP-OR-CONT-EVENT-01,QQQ,2022-09-28,2022-09-28T14:20:00+00:00,continuation_long,2022,10:00,30min,0.007396072430502221,-6.854725940864175e-05,3012
HYP-OR-CONT-EVENT-01,QQQ,2022-09-28,2022-09-28T14:20:00+00:00,continuation_long,2022,10:00,15min,0.005756548985317078,-4.075772565520843e-05,3012
HYP-OR-CONT-EVENT-01,QQQ,2022-09-28,2022-09-28T14:20:00+00:00,continuation_long,2022,10:00,60min,0.010695886617845263,-4.633988252025494e-05,3012
HYP-OR-CONT-EVENT-01,QQQ,2022-09-28,2022-09-28T14:20:00+00:00,continuation_long,2022,10:00,session_close,0.019674281342223043,0.6632079556976866,3012
HYP-OR-CONT-EVENT-01,QQQ,2022-09-29,2022-09-29T14:20:00+00:00,continuation_short,2022,10:00,30min,-0.003322749760023447,6.854725940864175e-05,3012
HYP-OR-CONT-EVENT-01,QQQ,2022-09-29,2022-09-29T14:20:00+00:00,continuation_short,2022,10:00,15min,-0.000701100199364868,4.075772565520843e-05,3012
HYP-OR-CONT-EVENT-01,QQQ,2022-09-29,2022-09-29T14:20:00+00:00,continuation_short,2022,10:00,60min,-0.0018828915306801086,4.633988252025494e-05,3012
HYP-OR-CONT-EVENT-01,QQQ,2022-09-29,2022-09-29T14:20:00+00:00,continuation_short,2022,10:00,session_close,-0.004356494129808874,-0.6632079556976866,3012
HYP-OR-CONT-EVENT-01,QQQ,2022-09-30,2022-09-30T14:45:00+00:00,continuation_long,2022,10:00,30min,0.004203754135214677,-6.854725940864175e-05,3012
HYP-OR-CONT-EVENT-01,QQQ,2022-09-30,2022-09-30T14:45:00+00:00,continuation_long,2022,10:00,15min,0.002176448010527521,-4.075772565520843e-05,3012
HYP-OR-CONT-EVENT-01,QQQ,2022-09-30,2022-09-30T14:45:00+00:00,continuation_long,2022,10:00,60min,-0.0032350629649260387,-4.633988252025494e-05,3012
HYP-OR-CONT-EVENT-01,QQQ,2022-09-30,2022-09-30T14:45:00+00:00,continuation_long,2022,10:00,session_close,-0.023339974046387435,0.6632079556976866,3012
HYP-OR-CONT-EVENT-01,QQQ,2022-10-03,2022-10-03T14:20:00+00:00,continuation_long,2022,10:00,30min,0.004844842253208359,-6.854725940864175e-05,3012
HYP-OR-CONT-EVENT-01,QQQ,2022-10-03,2022-10-03T14:20:00+00:00,continuation_long,2022,10:00,15min,0.004623294004512335,-4.075772565520843e-05,3012
HYP-OR-CONT-EVENT-01,QQQ,2022-10-03,2022-10-03T14:20:00+00:00,continuation_long,2022,10:00,60min,0.005344527869216131,-4.633988252025494e-05,3012
HYP-OR-CONT-EVENT-01,QQQ,2022-10-03,2022-10-03T14:20:00+00:00,continuation_long,2022,10:00,session_close,0.011724673595443269,0.6632079556976866,3012
HYP-OR-CONT-EVENT-01,QQQ,2022-10-04,2022-10-04T14:20:00+00:00,continuation_long,2022,10:00,30min,0.0009033903709214641,-6.854725940864175e-05,3012
HYP-OR-CONT-EVENT-01,QQQ,2022-10-04,2022-10-04T14:20:00+00:00,continuation_long,2022,10:00,15min,0.0002834165869558536,-4.075772565520843e-05,3012
HYP-OR-CONT-EVENT-01,QQQ,2022-10-04,2022-10-04T14:20:00+00:00,continuation_long,2022,10:00,60min,0.0004899564246998445,-4.633988252025494e-05,3012
HYP-OR-CONT-EVENT-01,QQQ,2022-10-04,2022-10-04T14:20:00+00:00,continuation_long,2022,10:00,session_close,-0.00035427073369453943,0.6632079556976866,3012
HYP-OR-CONT-EVENT-01,QQQ,2022-10-05,2022-10-05T14:20:00+00:00,continuation_short,2022,10:00,30min,0.0002533478103510234,6.854725940864175e-05,3012
HYP-OR-CONT-EVENT-01,QQQ,2022-10-05,2022-10-05T14:20:00+00:00,continuation_short,2022,10:00,15min,0.0003257328990229347,4.075772565520843e-05,3012
HYP-OR-CONT-EVENT-01,QQQ,2022-10-05,2022-10-05T14:20:00+00:00,continuation_short,2022,10:00,60min,-0.0029677886355410354,4.633988252025494e-05,3012
HYP-OR-CONT-EVENT-01,QQQ,2022-10-05,2022-10-05T14:20:00+00:00,continuation_short,2022,10:00,session_close,-0.020557365182772402,-0.6632079556976866,3012
HYP-OR-CONT-EVENT-01,QQQ,2022-10-06,2022-10-06T14:20:00+00:00,continuation_short,2022,10:00,30min,-0.00449042040080605,6.854725940864175e-05,3012
HYP-OR-CONT-EVENT-01,QQQ,2022-10-06,2022-10-06T14:20:00+00:00,continuation_short,2022,10:00,15min,0.00028573456792546637,4.075772565520843e-05,3012
HYP-OR-CONT-EVENT-01,QQQ,2022-10-06,2022-10-06T14:20:00+00:00,continuation_short,2022,10:00,60min,-0.007847534032199732,4.633988252025494e-05,3012
HYP-OR-CONT-EVENT-01,QQQ,2022-10-06,2022-10-06T14:20:00+00:00,continuation_short,2022,10:00,session_close,0.0018909849495291065,-0.6632079556976866,3012
HYP-OR-CONT-EVENT-01,QQQ,2022-10-07,2022-10-07T14:20:00+00:00,continuation_short,2022,10:00,30min,0.0006230072928501418,6.854725940864175e-05,3012
HYP-OR-CONT-EVENT-01,QQQ,2022-10-07,2022-10-07T14:20:00+00:00,continuation_short,2022,10:00,15min,0.003998240920584872,4.075772565520843e-05,3012
HYP-OR-CONT-EVENT-01,QQQ,2022-10-07,2022-10-07T14:20:00+00:00,continuation_short,2022,10:00,60min,0.00498405834280069,4.633988252025494e-05,3012
HYP-OR-CONT-EVENT-01,QQQ,2022-10-07,2022-10-07T14:20:00+00:00,continuation_short,2022,10:00,session_close,0.014109282808663526,-0.6632079556976866,3012
HYP-OR-CONT-EVENT-01,QQQ,2022-10-10,2022-10-10T14:20:00+00:00,continuation_short,2022,10:00,30min,0.006739553691777811,6.854725940864175e-05,3012
HYP-OR-CONT-EVENT-01,QQQ,2022-10-10,2022-10-10T14:20:00+00:00,continuation_short,2022,10:00,15min,0.0057286206380109395,4.075772565520843e-05,3012
HYP-OR-CONT-EVENT-01,QQQ,2022-10-10,2022-10-10T14:20:00+00:00,continuation_short,2022,10:00,60min,0.0031825670211171886,4.633988252025494e-05,3012
HYP-OR-CONT-EVENT-01,QQQ,2022-10-10,2022-10-10T14:20:00+00:00,continuation_short,2022,10:00,session_close,0.003407218810843049,-0.6632079556976866,3012
HYP-OR-CONT-EVENT-01,QQQ,2022-10-11,2022-10-11T14:40:00+00:00,continuation_short,2022,10:00,30min,-0.0018787361229717359,6.854725940864175e-05,3012
HYP-OR-CONT-EVENT-01,QQQ,2022-10-11,2022-10-11T14:40:00+00:00,continuation_short,2022,10:00,15min,0.0020305531834140522,4.075772565520843e-05,3012
HYP-OR-CONT-EVENT-01,QQQ,2022-10-11,2022-10-11T14:40:00+00:00,continuation_short,2022,10:00,60min,-0.009499952557168623,4.633988252025494e-05,3012
HYP-OR-CONT-EVENT-01,QQQ,2022-10-11,2022-10-11T14:40:00+00:00,continuation_short,2022,10:00,session_close,0.002220324508966809,-0.6632079556976866,3012
HYP-OR-CONT-EVENT-01,QQQ,2022-10-13,2022-10-13T14:20:00+00:00,continuation_long,2022,10:00,30min,0.002169029359361696,-6.854725940864175e-05,3012
HYP-OR-CONT-EVENT-01,QQQ,2022-10-13,2022-10-13T14:20:00+00:00,continuation_long,2022,10:00,15min,0.00034859400418296715,-4.075772565520843e-05,3012
HYP-OR-CONT-EVENT-01,QQQ,2022-10-13,2022-10-13T14:20:00+00:00,continuation_long,2022,10:00,60min,0.024827639631264775,-4.633988252025494e-05,3012
HYP-OR-CONT-EVENT-01,QQQ,2022-10-13,2022-10-13T14:20:00+00:00,continuation_long,2022,10:00,session_close,0.04094042915795182,0.6632079556976866,3012
HYP-OR-CONT-EVENT-01,QQQ,2022-10-14,2022-10-14T14:20:00+00:00,continuation_short,2022,10:00,30min,0.0016611922830067627,6.854725940864175e-05,3012
HYP-OR-CONT-EVENT-01,QQQ,2022-10-14,2022-10-14T14:20:00+00:00,continuation_short,2022,10:00,15min,0.0006418242911617744,4.075772565520843e-05,3012
HYP-OR-CONT-EVENT-01,QQQ,2022-10-14,2022-10-14T14:20:00+00:00,continuation_short,2022,10:00,60min,0.00177445539321186,4.633988252025494e-05,3012
HYP-OR-CONT-EVENT-01,QQQ,2022-10-14,2022-10-14T14:20:00+00:00,continuation_short,2022,10:00,session_close,0.015970098538905964,-0.6632079556976866,3012
HYP-OR-CONT-EVENT-01,QQQ,2022-10-17,2022-10-17T16:00:00+00:00,continuation_long,2022,12:00,30min,0.0003710712827933449,-0.0001369537087975617,3000
HYP-OR-CONT-EVENT-01,QQQ,2022-10-17,2022-10-17T16:00:00+00:00,continuation_long,2022,12:00,15min,-0.0022264276967606245,-8.121155156313482e-05,3006
HYP-OR-CONT-EVENT-01,QQQ,2022-10-17,2022-10-17T16:00:00+00:00,continuation_long,2022,12:00,60min,-0.00172548146498952,-0.0001640072869729762,2988
HYP-OR-CONT-EVENT-01,QQQ,2022-10-17,2022-10-17T16:00:00+00:00,continuation_long,2022,12:00,session_close,0.0,0.6639347574299753,3012
HYP-OR-CONT-EVENT-01,QQQ,2022-10-18,2022-10-18T14:40:00+00:00,continuation_short,2022,10:00,30min,0.005402822699206,6.854725940864175e-05,3012
HYP-OR-CONT-EVENT-01,QQQ,2022-10-18,2022-10-18T14:40:00+00:00,continuation_short,2022,10:00,15min,-0.002205233754777991,4.075772565520843e-05,3012
HYP-OR-CONT-EVENT-01,QQQ,2022-10-18,2022-10-18T14:40:00+00:00,continuation_short,2022,10:00,60min,0.00860041164363412,4.633988252025494e-05,3012
HYP-OR-CONT-EVENT-01,QQQ,2022-10-18,2022-10-18T14:40:00+00:00,continuation_short,2022,10:00,session_close,0.0014701558365185496,-0.6632079556976866,3012
HYP-OR-CONT-EVENT-01,QQQ,2022-10-19,2022-10-19T14:30:00+00:00,continuation_long,2022,10:00,30min,-0.008264765039312505,-6.854725940864175e-05,3012
HYP-OR-CONT-EVENT-01,QQQ,2022-10-19,2022-10-19T14:30:00+00:00,continuation_long,2022,10:00,15min,-0.004900713110257859,-4.075772565520843e-05,3012
HYP-OR-CONT-EVENT-01,QQQ,2022-10-19,2022-10-19T14:30:00+00:00,continuation_long,2022,10:00,60min,-0.007716218687145782,-4.633988252025494e-05,3012
HYP-OR-CONT-EVENT-01,QQQ,2022-10-19,2022-10-19T14:30:00+00:00,continuation_long,2022,10:00,session_close,-0.01045895044797962,0.6632079556976866,3012
HYP-OR-CONT-EVENT-01,QQQ,2022-10-20,2022-10-20T14:20:00+00:00,continuation_long,2022,10:00,30min,-0.0028421512898992862,-6.854725940864175e-05,3012
HYP-OR-CONT-EVENT-01,QQQ,2022-10-20,2022-10-20T14:20:00+00:00,continuation_long,2022,10:00,15min,-0.0017854540154497167,-4.075772565520843e-05,3012
HYP-OR-CONT-EVENT-01,QQQ,2022-10-20,2022-10-20T14:20:00+00:00,continuation_long,2022,10:00,60min,-0.0019312053636495463,-4.633988252025494e-05,3012
HYP-OR-CONT-EVENT-01,QQQ,2022-10-20,2022-10-20T14:20:00+00:00,continuation_long,2022,10:00,session_close,-0.019749307681096062,0.6632079556976866,3012
HYP-OR-CONT-EVENT-01,QQQ,2022-10-21,2022-10-21T14:20:00+00:00,continuation_long,2022,10:00,30min,-0.004346865099830621,-6.854725940864175e-05,3012
HYP-OR-CONT-EVENT-01,QQQ,2022-10-21,2022-10-21T14:20:00+00:00,continuation_long,2022,10:00,15min,-0.00784645988359245,-4.075772565520843e-05,3012
HYP-OR-CONT-EVENT-01,QQQ,2022-10-21,2022-10-21T14:20:00+00:00,continuation_long,2022,10:00,60min,-0.00847270316068649,-4.633988252025494e-05,3012
HYP-OR-CONT-EVENT-01,QQQ,2022-10-21,2022-10-21T14:20:00+00:00,continuation_long,2022,10:00,session_close,0.014771973771458224,0.6632079556976866,3012
HYP-OR-CONT-EVENT-01,QQQ,2022-10-24,2022-10-24T14:20:00+00:00,continuation_short,2022,10:00,30min,-0.006441695337090936,6.854725940864175e-05,3012
HYP-OR-CONT-EVENT-01,QQQ,2022-10-24,2022-10-24T14:20:00+00:00,continuation_short,2022,10:00,15min,-0.004703169606909974,4.075772565520843e-05,3012
HYP-OR-CONT-EVENT-01,QQQ,2022-10-24,2022-10-24T14:20:00+00:00,continuation_short,2022,10:00,60min,-0.009772344630700314,4.633988252025494e-05,3012
HYP-OR-CONT-EVENT-01,QQQ,2022-10-24,2022-10-24T14:20:00+00:00,continuation_short,2022,10:00,session_close,-0.01947148817802491,-0.6632079556976866,3012
HYP-OR-CONT-EVENT-01,QQQ,2022-10-25,2022-10-25T15:25:00+00:00,continuation_long,2022,11:00,30min,0.0007766167749223563,-0.00015930069977727258,3012
HYP-OR-CONT-EVENT-01,QQQ,2022-10-25,2022-10-25T15:25:00+00:00,continuation_long,2022,11:00,15min,0.001370375600113105,-5.6342617917160395e-05,3012
HYP-OR-CONT-EVENT-01,QQQ,2022-10-25,2022-10-25T15:25:00+00:00,continuation_long,2022,11:00,60min,0.0014473312623553003,-0.0004151811255126391,3012
HYP-OR-CONT-EVENT-01,QQQ,2022-10-25,2022-10-25T15:25:00+00:00,continuation_long,2022,11:00,session_close,0.0034594747246541324,0.6632770180962785,3012
HYP-OR-CONT-EVENT-01,QQQ,2022-10-26,2022-10-26T14:20:00+00:00,continuation_long,2022,10:00,30min,0.005308725549577842,-6.854725940864175e-05,3012
HYP-OR-CONT-EVENT-01,QQQ,2022-10-26,2022-10-26T14:20:00+00:00,continuation_long,2022,10:00,15min,0.0038657498129475165,-4.075772565520843e-05,3012
HYP-OR-CONT-EVENT-01,QQQ,2022-10-26,2022-10-26T14:20:00+00:00,continuation_long,2022,10:00,60min,0.009263547938860528,-4.633988252025494e-05,3012
HYP-OR-CONT-EVENT-01,QQQ,2022-10-26,2022-10-26T14:20:00+00:00,continuation_long,2022,10:00,session_close,-0.009833612427405769,0.6632079556976866,3012
HYP-OR-CONT-EVENT-01,QQQ,2022-10-27,2022-10-27T16:45:00+00:00,continuation_short,2022,12:00,30min,-0.003909532682962347,0.0001369537087975617,3000
HYP-OR-CONT-EVENT-01,QQQ,2022-10-27,2022-10-27T16:45:00+00:00,continuation_short,2022,12:00,15min,-0.00032920457451868224,8.121155156313482e-05,3006
HYP-OR-CONT-EVENT-01,QQQ,2022-10-27,2022-10-27T16:45:00+00:00,continuation_short,2022,12:00,60min,-0.00014615075450330473,0.0001640072869729762,2988
HYP-OR-CONT-EVENT-01,QQQ,2022-10-27,2022-10-27T16:45:00+00:00,continuation_short,2022,12:00,session_close,0.0031422412218203855,-0.6639347574299753,3012
HYP-OR-CONT-EVENT-01,QQQ,2022-10-28,2022-10-28T14:45:00+00:00,continuation_long,2022,10:00,30min,0.003423300061258905,-6.854725940864175e-05,3012
HYP-OR-CONT-EVENT-01,QQQ,2022-10-28,2022-10-28T14:45:00+00:00,continuation_long,2022,10:00,15min,0.0020900147742424213,-4.075772565520843e-05,3012
HYP-OR-CONT-EVENT-01,QQQ,2022-10-28,2022-10-28T14:45:00+00:00,continuation_long,2022,10:00,60min,0.0038557169111022027,-4.633988252025494e-05,3012
HYP-OR-CONT-EVENT-01,QQQ,2022-10-28,2022-10-28T14:45:00+00:00,continuation_long,2022,10:00,session_close,0.013332852870166834,0.6632079556976866,3012
HYP-OR-CONT-EVENT-01,QQQ,2022-10-31,2022-10-31T14:25:00+00:00,continuation_short,2022,10:00,30min,-0.0009391706400809774,6.854725940864175e-05,3012
HYP-OR-CONT-EVENT-01,QQQ,2022-10-31,2022-10-31T14:25:00+00:00,continuation_short,2022,10:00,15min,-0.0008199682126861507,4.075772565520843e-05,3012
HYP-OR-CONT-EVENT-01,QQQ,2022-10-31,2022-10-31T14:25:00+00:00,continuation_short,2022,10:00,60min,-0.0050054182921543955,4.633988252025494e-05,3012
HYP-OR-CONT-EVENT-01,QQQ,2022-10-31,2022-10-31T14:25:00+00:00,continuation_short,2022,10:00,session_close,-0.0039011703511053764,-0.6632079556976866,3012
HYP-OR-CONT-EVENT-01,QQQ,2022-11-01,2022-11-01T14:20:00+00:00,continuation_short,2022,10:00,30min,0.0011201040612804913,6.854725940864175e-05,3012
HYP-OR-CONT-EVENT-01,QQQ,2022-11-01,2022-11-01T14:20:00+00:00,continuation_short,2022,10:00,15min,0.00014452955629418174,4.075772565520843e-05,3012
HYP-OR-CONT-EVENT-01,QQQ,2022-11-01,2022-11-01T14:20:00+00:00,continuation_short,2022,10:00,60min,0.0031796502384737746,4.633988252025494e-05,3012
HYP-OR-CONT-EVENT-01,QQQ,2022-11-01,2022-11-01T14:20:00+00:00,continuation_short,2022,10:00,session_close,0.006214770920653145,-0.6632079556976866,3012
HYP-OR-CONT-EVENT-01,QQQ,2022-11-02,2022-11-02T14:30:00+00:00,continuation_short,2022,10:00,30min,0.0005851819930619007,6.854725940864175e-05,3012
HYP-OR-CONT-EVENT-01,QQQ,2022-11-02,2022-11-02T14:30:00+00:00,continuation_short,2022,10:00,15min,-0.0003651447914232442,4.075772565520843e-05,3012
HYP-OR-CONT-EVENT-01,QQQ,2022-11-02,2022-11-02T14:30:00+00:00,continuation_short,2022,10:00,60min,0.002595488652549993,4.633988252025494e-05,3012
HYP-OR-CONT-EVENT-01,QQQ,2022-11-02,2022-11-02T14:30:00+00:00,continuation_short,2022,10:00,session_close,0.028985332437101996,-0.6632079556976866,3012
HYP-OR-CONT-EVENT-01,QQQ,2022-11-03,2022-11-03T14:45:00+00:00,continuation_long,2022,10:00,30min,-0.0025849616057173064,-6.854725940864175e-05,3012
HYP-OR-CONT-EVENT-01,QQQ,2022-11-03,2022-11-03T14:45:00+00:00,continuation_long,2022,10:00,15min,0.002889074735801689,-4.075772565520843e-05,3012
HYP-OR-CONT-EVENT-01,QQQ,2022-11-03,2022-11-03T14:45:00+00:00,continuation_long,2022,10:00,60min,-0.004143541397399697,-4.633988252025494e-05,3012
HYP-OR-CONT-EVENT-01,QQQ,2022-11-03,2022-11-03T14:45:00+00:00,continuation_long,2022,10:00,session_close,-0.009731620162700572,0.6632079556976866,3012
HYP-OR-CONT-EVENT-01,QQQ,2022-11-04,2022-11-04T16:10:00+00:00,continuation_short,2022,12:00,30min,0.0009397775220559845,0.0001369537087975617,3000
HYP-OR-CONT-EVENT-01,QQQ,2022-11-04,2022-11-04T16:10:00+00:00,continuation_short,2022,12:00,15min,-0.004641350210970563,8.121155156313482e-05,3006
HYP-OR-CONT-EVENT-01,QQQ,2022-11-04,2022-11-04T16:10:00+00:00,continuation_short,2022,12:00,60min,-0.00015343306482562546,0.0001640072869729762,2988
HYP-OR-CONT-EVENT-01,QQQ,2022-11-04,2022-11-04T16:10:00+00:00,continuation_short,2022,12:00,session_close,-0.015266589950134302,-0.6639347574299753,3012
HYP-OR-CONT-EVENT-01,QQQ,2022-11-07,2022-11-07T19:35:00+00:00,continuation_long,2022,14:00,30min,-0.0005606219165793513,0.0003332991330453274,2988
HYP-OR-CONT-EVENT-01,QQQ,2022-11-07,2022-11-07T19:35:00+00:00,continuation_long,2022,14:00,15min,-3.9243534160515736e-05,0.00015711575373012998,2988
HYP-OR-CONT-EVENT-01,QQQ,2022-11-07,2022-11-07T19:35:00+00:00,continuation_long,2022,14:00,60min,0.000616684108237564,0.00046112601180533635,2988
HYP-OR-CONT-EVENT-01,QQQ,2022-11-07,2022-11-07T19:35:00+00:00,continuation_long,2022,14:00,session_close,7.474958887709882e-05,0.663319471916549,2988
HYP-OR-CONT-EVENT-01,QQQ,2022-11-08,2022-11-08T15:35:00+00:00,continuation_long,2022,10:00,30min,0.0025557521835399832,-6.854725940864175e-05,3012
HYP-OR-CONT-EVENT-01,QQQ,2022-11-08,2022-11-08T15:35:00+00:00,continuation_long,2022,10:00,15min,0.0007034894037603046,-4.075772565520843e-05,3012
HYP-OR-CONT-EVENT-01,QQQ,2022-11-08,2022-11-08T15:35:00+00:00,continuation_long,2022,10:00,60min,0.010038893813849814,-4.633988252025494e-05,3012
HYP-OR-CONT-EVENT-01,QQQ,2022-11-08,2022-11-08T15:35:00+00:00,continuation_long,2022,10:00,session_close,-0.0014821806763795076,0.6632079556976866,3012
HYP-OR-CONT-EVENT-01,QQQ,2022-11-09,2022-11-09T15:25:00+00:00,continuation_long,2022,10:00,30min,-0.0074938483334577866,-6.854725940864175e-05,3012
HYP-OR-CONT-EVENT-01,QQQ,2022-11-09,2022-11-09T15:25:00+00:00,continuation_long,2022,10:00,15min,-0.006114010886585697,-4.075772565520843e-05,3012
HYP-OR-CONT-EVENT-01,QQQ,2022-11-09,2022-11-09T15:25:00+00:00,continuation_long,2022,10:00,60min,-0.004697636268734762,-4.633988252025494e-05,3012
HYP-OR-CONT-EVENT-01,QQQ,2022-11-09,2022-11-09T15:25:00+00:00,continuation_long,2022,10:00,session_close,-0.018454999627171897,0.6632079556976866,3012
HYP-OR-CONT-EVENT-01,QQQ,2022-11-10,2022-11-10T15:20:00+00:00,continuation_long,2022,10:00,30min,0.0014768388444634795,-6.854725940864175e-05,3012
HYP-OR-CONT-EVENT-01,QQQ,2022-11-10,2022-11-10T15:20:00+00:00,continuation_long,2022,10:00,15min,-0.005042864346949005,-4.075772565520843e-05,3012
HYP-OR-CONT-EVENT-01,QQQ,2022-11-10,2022-11-10T15:20:00+00:00,continuation_long,2022,10:00,60min,0.002593473092716625,-4.633988252025494e-05,3012
HYP-OR-CONT-EVENT-01,QQQ,2022-11-10,2022-11-10T15:20:00+00:00,continuation_long,2022,10:00,session_close,0.01815431164901682,0.6632079556976866,3012
HYP-OR-CONT-EVENT-01,QQQ,2022-11-11,2022-11-11T15:25:00+00:00,continuation_long,2022,10:00,30min,0.0008411313216276639,-6.854725940864175e-05,3012
HYP-OR-CONT-EVENT-01,QQQ,2022-11-11,2022-11-11T15:25:00+00:00,continuation_long,2022,10:00,15min,7.009427680237934e-05,-4.075772565520843e-05,3012
HYP-OR-CONT-EVENT-01,QQQ,2022-11-11,2022-11-11T15:25:00+00:00,continuation_long,2022,10:00,60min,-0.007096344583464642,-4.633988252025494e-05,3012
HYP-OR-CONT-EVENT-01,QQQ,2022-11-11,2022-11-11T15:25:00+00:00,continuation_long,2022,10:00,session_close,0.009252444537903637,0.6632079556976866,3012
HYP-OR-CONT-EVENT-01,QQQ,2022-11-14,2022-11-14T15:25:00+00:00,continuation_long,2022,10:00,30min,0.0010124284317833965,-6.854725940864175e-05,3012
HYP-OR-CONT-EVENT-01,QQQ,2022-11-14,2022-11-14T15:25:00+00:00,continuation_long,2022,10:00,15min,0.0008378718056136769,-4.075772565520843e-05,3012
HYP-OR-CONT-EVENT-01,QQQ,2022-11-14,2022-11-14T15:25:00+00:00,continuation_long,2022,10:00,60min,-0.003176930596285543,-4.633988252025494e-05,3012
HYP-OR-CONT-EVENT-01,QQQ,2022-11-14,2022-11-14T15:25:00+00:00,continuation_long,2022,10:00,session_close,-0.0037006004747940358,0.6632079556976866,3012
HYP-OR-CONT-EVENT-01,QQQ,2022-11-15,2022-11-15T16:10:00+00:00,continuation_short,2022,11:00,30min,-0.0030210443200933135,0.00015930069977727258,3012
HYP-OR-CONT-EVENT-01,QQQ,2022-11-15,2022-11-15T16:10:00+00:00,continuation_short,2022,11:00,15min,0.00013732019636791826,5.6342617917160395e-05,3012
HYP-OR-CONT-EVENT-01,QQQ,2022-11-15,2022-11-15T16:10:00+00:00,continuation_short,2022,11:00,60min,-0.0026090837309897807,0.0004151811255126391,3012
HYP-OR-CONT-EVENT-01,QQQ,2022-11-15,2022-11-15T16:10:00+00:00,continuation_short,2022,11:00,session_close,0.006419719180198458,-0.6632770180962785,3012
HYP-OR-CONT-EVENT-01,QQQ,2022-11-16,2022-11-16T15:35:00+00:00,continuation_short,2022,10:00,30min,0.0036676097663208562,6.854725940864175e-05,3012
HYP-OR-CONT-EVENT-01,QQQ,2022-11-16,2022-11-16T15:35:00+00:00,continuation_short,2022,10:00,15min,0.005588389395368543,4.075772565520843e-05,3012
HYP-OR-CONT-EVENT-01,QQQ,2022-11-16,2022-11-16T15:35:00+00:00,continuation_short,2022,10:00,60min,0.0013098606308288296,4.633988252025494e-05,3012
HYP-OR-CONT-EVENT-01,QQQ,2022-11-16,2022-11-16T15:35:00+00:00,continuation_short,2022,10:00,session_close,0.003108735897167314,-0.6632079556976866,3012
HYP-OR-CONT-EVENT-01,QQQ,2022-11-17,2022-11-17T15:35:00+00:00,continuation_long,2022,10:00,30min,-0.002651113467656452,-6.854725940864175e-05,3012
HYP-OR-CONT-EVENT-01,QQQ,2022-11-17,2022-11-17T15:35:00+00:00,continuation_long,2022,10:00,15min,-0.0006362672322373086,-4.075772565520843e-05,3012
HYP-OR-CONT-EVENT-01,QQQ,2022-11-17,2022-11-17T15:35:00+00:00,continuation_long,2022,10:00,60min,0.0017497348886532649,-4.633988252025494e-05,3012
HYP-OR-CONT-EVENT-01,QQQ,2022-11-17,2022-11-17T15:35:00+00:00,continuation_long,2022,10:00,session_close,0.006786850477200401,0.6632079556976866,3012
HYP-OR-CONT-EVENT-01,QQQ,2022-11-18,2022-11-18T15:20:00+00:00,continuation_short,2022,10:00,30min,-0.0007380073800737907,6.854725940864175e-05,3012
HYP-OR-CONT-EVENT-01,QQQ,2022-11-18,2022-11-18T15:20:00+00:00,continuation_short,2022,10:00,15min,-0.0003865752943243983,4.075772565520843e-05,3012
HYP-OR-CONT-EVENT-01,QQQ,2022-11-18,2022-11-18T15:20:00+00:00,continuation_short,2022,10:00,60min,-0.00035143208574939244,4.633988252025494e-05,3012
HYP-OR-CONT-EVENT-01,QQQ,2022-11-18,2022-11-18T15:20:00+00:00,continuation_short,2022,10:00,session_close,-0.0008082937972235804,-0.6632079556976866,3012
HYP-OR-CONT-EVENT-01,QQQ,2022-11-21,2022-11-21T15:25:00+00:00,continuation_short,2022,10:00,30min,0.0007083908900931135,6.854725940864175e-05,3012
HYP-OR-CONT-EVENT-01,QQQ,2022-11-21,2022-11-21T15:25:00+00:00,continuation_short,2022,10:00,15min,0.001399072007933877,4.075772565520843e-05,3012
HYP-OR-CONT-EVENT-01,QQQ,2022-11-21,2022-11-21T15:25:00+00:00,continuation_short,2022,10:00,60min,5.38377076471086e-05,4.633988252025494e-05,3012
HYP-OR-CONT-EVENT-01,QQQ,2022-11-21,2022-11-21T15:25:00+00:00,continuation_short,2022,10:00,session_close,0.0017709772252328948,-0.6632079556976866,3012
HYP-OR-CONT-EVENT-01,QQQ,2022-11-22,2022-11-22T16:05:00+00:00,continuation_long,2022,11:00,30min,-0.0002472886565160204,-0.00015930069977727258,3012
HYP-OR-CONT-EVENT-01,QQQ,2022-11-22,2022-11-22T16:05:00+00:00,continuation_long,2022,11:00,15min,0.0007418659695481722,-5.6342617917160395e-05,3012
HYP-OR-CONT-EVENT-01,QQQ,2022-11-22,2022-11-22T16:05:00+00:00,continuation_long,2022,11:00,60min,0.0014837319390963444,-0.0004151811255126391,3012
HYP-OR-CONT-EVENT-01,QQQ,2022-11-22,2022-11-22T16:05:00+00:00,continuation_long,2022,11:00,session_close,0.010068181015296718,0.6632770180962785,3012
HYP-OR-CONT-EVENT-01,QQQ,2022-11-23,2022-11-23T15:25:00+00:00,continuation_long,2022,10:00,30min,0.0013510236602347625,-6.854725940864175e-05,3012
HYP-OR-CONT-EVENT-01,QQQ,2022-11-23,2022-11-23T15:25:00+00:00,continuation_long,2022,10:00,15min,0.0013856652925485768,-4.075772565520843e-05,3012
HYP-OR-CONT-EVENT-01,QQQ,2022-11-23,2022-11-23T15:25:00+00:00,continuation_long,2022,10:00,60min,0.00013856652925481328,-4.633988252025494e-05,3012
HYP-OR-CONT-EVENT-01,QQQ,2022-11-23,2022-11-23T15:25:00+00:00,continuation_long,2022,10:00,session_close,0.0006581910139604741,0.6632079556976866,3012
HYP-OR-CONT-EVENT-01,QQQ,2022-11-25,2022-11-25T15:20:00+00:00,continuation_long,2022,10:00,30min,-0.0006605938390932264,-6.854725940864175e-05,3012
HYP-OR-CONT-EVENT-01,QQQ,2022-11-25,2022-11-25T15:20:00+00:00,continuation_long,2022,10:00,15min,-0.0011994993394062181,-4.075772565520843e-05,3012
HYP-OR-CONT-EVENT-01,QQQ,2022-11-25,2022-11-25T15:20:00+00:00,continuation_long,2022,10:00,60min,-0.001216883387803458,-4.633988252025494e-05,3012
HYP-OR-CONT-EVENT-01,QQQ,2022-11-25,2022-11-25T15:20:00+00:00,continuation_long,2022,10:00,session_close,-0.0026771434531672744,0.6632079556976866,3012
HYP-OR-CONT-EVENT-01,QQQ,2022-11-28,2022-11-28T15:45:00+00:00,continuation_short,2022,10:00,30min,0.0007546242673125425,6.854725940864175e-05,3012
HYP-OR-CONT-EVENT-01,QQQ,2022-11-28,2022-11-28T15:45:00+00:00,continuation_short,2022,10:00,15min,0.0011056122986206063,4.075772565520843e-05,3012
HYP-OR-CONT-EVENT-01,QQQ,2022-11-28,2022-11-28T15:45:00+00:00,continuation_short,2022,10:00,60min,-0.0002456916219155669,4.633988252025494e-05,3012
HYP-OR-CONT-EVENT-01,QQQ,2022-11-28,2022-11-28T15:45:00+00:00,continuation_short,2022,10:00,session_close,0.008002527113825542,-0.6632079556976866,3012
HYP-OR-CONT-EVENT-01,QQQ,2022-11-29,2022-11-29T15:30:00+00:00,continuation_short,2022,10:00,30min,0.006995477671000616,6.854725940864175e-05,3012
HYP-OR-CONT-EVENT-01,QQQ,2022-11-29,2022-11-29T15:30:00+00:00,continuation_short,2022,10:00,15min,0.00014132278123235587,4.075772565520843e-05,3012
HYP-OR-CONT-EVENT-01,QQQ,2022-11-29,2022-11-29T15:30:00+00:00,continuation_short,2022,10:00,60min,0.010846523459581703,4.633988252025494e-05,3012
HYP-OR-CONT-EVENT-01,QQQ,2022-11-29,2022-11-29T15:30:00+00:00,continuation_short,2022,10:00,session_close,0.00883267382702091,-0.6632079556976866,3012
HYP-OR-CONT-EVENT-01,QQQ,2022-11-30,2022-11-30T16:10:00+00:00,continuation_short,2022,11:00,30min,-0.0016718244228650647,0.00015930069977727258,3012
HYP-OR-CONT-EVENT-01,QQQ,2022-11-30,2022-11-30T16:10:00+00:00,continuation_short,2022,11:00,15min,-0.0004979902536192959,5.6342617917160395e-05,3012
HYP-OR-CONT-EVENT-01,QQQ,2022-11-30,2022-11-30T16:10:00+00:00,continuation_short,2022,11:00,60min,0.00010671219720403968,0.0004151811255126391,3012
HYP-OR-CONT-EVENT-01,QQQ,2022-11-30,2022-11-30T16:10:00+00:00,continuation_short,2022,11:00,session_close,-0.043716430121296224,-0.6632770180962785,3012
HYP-OR-CONT-EVENT-01,QQQ,2022-12-01,2022-12-01T15:30:00+00:00,continuation_short,2022,10:00,30min,-0.008343629873695635,6.854725940864175e-05,3012
HYP-OR-CONT-EVENT-01,QQQ,2022-12-01,2022-12-01T15:30:00+00:00,continuation_short,2022,10:00,15min,-0.004770730367929632,4.075772565520843e-05,3012
HYP-OR-CONT-EVENT-01,QQQ,2022-12-01,2022-12-01T15:30:00+00:00,continuation_short,2022,10:00,60min,-0.0064868204283359265,4.633988252025494e-05,3012
HYP-OR-CONT-EVENT-01,QQQ,2022-12-01,2022-12-01T15:30:00+00:00,continuation_short,2022,10:00,session_close,-0.008099945085118021,-0.6632079556976866,3012
HYP-OR-CONT-EVENT-01,QQQ,2022-12-02,2022-12-02T15:30:00+00:00,continuation_long,2022,10:00,30min,-0.0010397848720954395,-6.854725940864175e-05,3012
HYP-OR-CONT-EVENT-01,QQQ,2022-12-02,2022-12-02T15:30:00+00:00,continuation_long,2022,10:00,15min,0.0015207198510653885,-4.075772565520843e-05,3012
HYP-OR-CONT-EVENT-01,QQQ,2022-12-02,2022-12-02T15:30:00+00:00,continuation_long,2022,10:00,60min,0.0022236778597530815,-4.633988252025494e-05,3012
HYP-OR-CONT-EVENT-01,QQQ,2022-12-02,2022-12-02T15:30:00+00:00,continuation_long,2022,10:00,session_close,0.008791284561814772,0.6632079556976866,3012
HYP-OR-CONT-EVENT-01,QQQ,2022-12-05,2022-12-05T15:20:00+00:00,continuation_short,2022,10:00,30min,-0.001858657732029867,6.854725940864175e-05,3012
HYP-OR-CONT-EVENT-01,QQQ,2022-12-05,2022-12-05T15:20:00+00:00,continuation_short,2022,10:00,15min,-0.002055196711685303,4.075772565520843e-05,3012
HYP-OR-CONT-EVENT-01,QQQ,2022-12-05,2022-12-05T15:20:00+00:00,continuation_short,2022,10:00,60min,-0.0007944457877102629,4.633988252025494e-05,3012
HYP-OR-CONT-EVENT-01,QQQ,2022-12-05,2022-12-05T15:20:00+00:00,continuation_short,2022,10:00,session_close,0.006873683119754115,-0.6632079556976866,3012
HYP-OR-CONT-EVENT-01,QQQ,2022-12-06,2022-12-06T15:20:00+00:00,continuation_short,2022,10:00,30min,0.0017632330641463856,6.854725940864175e-05,3012
HYP-OR-CONT-EVENT-01,QQQ,2022-12-06,2022-12-06T15:20:00+00:00,continuation_short,2022,10:00,15min,0.002186408999541589,4.075772565520843e-05,3012
HYP-OR-CONT-EVENT-01,QQQ,2022-12-06,2022-12-06T15:20:00+00:00,continuation_short,2022,10:00,60min,0.00010579398384868988,4.633988252025494e-05,3012
HYP-OR-CONT-EVENT-01,QQQ,2022-12-06,2022-12-06T15:20:00+00:00,continuation_short,2022,10:00,session_close,0.006541594667983319,-0.6632079556976866,3012
HYP-OR-CONT-EVENT-01,QQQ,2022-12-07,2022-12-07T15:30:00+00:00,continuation_short,2022,10:00,30min,-0.004239401496259454,6.854725940864175e-05,3012
HYP-OR-CONT-EVENT-01,QQQ,2022-12-07,2022-12-07T15:30:00+00:00,continuation_short,2022,10:00,15min,-0.0009618810117564269,4.075772565520843e-05,3012
HYP-OR-CONT-EVENT-01,QQQ,2022-12-07,2022-12-07T15:30:00+00:00,continuation_short,2022,10:00,60min,0.004417527609547611,4.633988252025494e-05,3012
HYP-OR-CONT-EVENT-01,QQQ,2022-12-07,2022-12-07T15:30:00+00:00,continuation_short,2022,10:00,session_close,0.0009262557890986622,-0.6632079556976866,3012
HYP-OR-CONT-EVENT-01,QQQ,2022-12-08,2022-12-08T15:20:00+00:00,continuation_long,2022,10:00,30min,0.003098688092487034,-6.854725940864175e-05,3012
HYP-OR-CONT-EVENT-01,QQQ,2022-12-08,2022-12-08T15:20:00+00:00,continuation_long,2022,10:00,15min,0.003310684997332114,-4.075772565520843e-05,3012
HYP-OR-CONT-EVENT-01,QQQ,2022-12-08,2022-12-08T15:20:00+00:00,continuation_long,2022,10:00,60min,-0.0016359094490554504,-4.633988252025494e-05,3012
HYP-OR-CONT-EVENT-01,QQQ,2022-12-08,2022-12-08T15:20:00+00:00,continuation_long,2022,10:00,session_close,0.00306335527501278,0.6632079556976866,3012
HYP-OR-CONT-EVENT-01,QQQ,2022-12-09,2022-12-09T15:50:00+00:00,continuation_long,2022,10:00,30min,0.004407771783208059,-6.854725940864175e-05,3012
HYP-OR-CONT-EVENT-01,QQQ,2022-12-09,2022-12-09T15:50:00+00:00,continuation_long,2022,10:00,15min,0.004231460911880092,-4.075772565520843e-05,3012
HYP-OR-CONT-EVENT-01,QQQ,2022-12-09,2022-12-09T15:50:00+00:00,continuation_long,2022,10:00,60min,0.006382453542085331,-4.633988252025494e-05,3012
HYP-OR-CONT-EVENT-01,QQQ,2022-12-09,2022-12-09T15:50:00+00:00,continuation_long,2022,10:00,session_close,-0.0052893261398497815,0.6632079556976866,3012
HYP-OR-CONT-EVENT-01,QQQ,2022-12-12,2022-12-12T19:05:00+00:00,continuation_long,2022,14:00,30min,0.0010792639773529178,0.0003332991330453274,2988
HYP-OR-CONT-EVENT-01,QQQ,2022-12-12,2022-12-12T19:05:00+00:00,continuation_long,2022,14:00,15min,0.00031847133757945123,0.00015711575373012998,2988
HYP-OR-CONT-EVENT-01,QQQ,2022-12-12,2022-12-12T19:05:00+00:00,continuation_long,2022,14:00,60min,0.006369426751592133,0.00046112601180533635,2988
HYP-OR-CONT-EVENT-01,QQQ,2022-12-12,2022-12-12T19:05:00+00:00,continuation_long,2022,14:00,session_close,0.010686482661004915,0.663319471916549,2988
HYP-OR-CONT-EVENT-01,QQQ,2022-12-13,2022-12-13T15:25:00+00:00,continuation_short,2022,10:00,30min,0.003601358616805217,6.854725940864175e-05,3012
HYP-OR-CONT-EVENT-01,QQQ,2022-12-13,2022-12-13T15:25:00+00:00,continuation_short,2022,10:00,15min,0.0035672225161720306,4.075772565520843e-05,3012
HYP-OR-CONT-EVENT-01,QQQ,2022-12-13,2022-12-13T15:25:00+00:00,continuation_short,2022,10:00,60min,0.003529672805475448,4.633988252025494e-05,3012
HYP-OR-CONT-EVENT-01,QQQ,2022-12-13,2022-12-13T15:25:00+00:00,continuation_short,2022,10:00,session_close,0.014422502517537295,-0.6632079556976866,3012
HYP-OR-CONT-EVENT-01,QQQ,2022-12-14,2022-12-14T15:20:00+00:00,continuation_long,2022,10:00,30min,-0.0005506797453107559,-6.854725940864175e-05,3012
HYP-OR-CONT-EVENT-01,QQQ,2022-12-14,2022-12-14T15:20:00+00:00,continuation_long,2022,10:00,15min,-0.0015487867836860847,-4.075772565520843e-05,3012
HYP-OR-CONT-EVENT-01,QQQ,2022-12-14,2022-12-14T15:20:00+00:00,continuation_long,2022,10:00,60min,0.0006539321975562729,-4.633988252025494e-05,3012
HYP-OR-CONT-EVENT-01,QQQ,2022-12-14,2022-12-14T15:20:00+00:00,continuation_long,2022,10:00,session_close,-0.014214420925830251,0.6632079556976866,3012
HYP-OR-CONT-EVENT-01,QQQ,2022-12-15,2022-12-15T15:20:00+00:00,continuation_short,2022,10:00,30min,0.0034692417739629056,6.854725940864175e-05,3012
HYP-OR-CONT-EVENT-01,QQQ,2022-12-15,2022-12-15T15:20:00+00:00,continuation_short,2022,10:00,15min,0.0009298998569386985,4.075772565520843e-05,3012
HYP-OR-CONT-EVENT-01,QQQ,2022-12-15,2022-12-15T15:20:00+00:00,continuation_short,2022,10:00,60min,0.006974248927038795,4.633988252025494e-05,3012
HYP-OR-CONT-EVENT-01,QQQ,2022-12-15,2022-12-15T15:20:00+00:00,continuation_short,2022,10:00,session_close,0.00958512160228897,-0.6632079556976866,3012
HYP-OR-CONT-EVENT-01,QQQ,2022-12-16,2022-12-16T15:25:00+00:00,continuation_short,2022,10:00,30min,-0.0006926217556137981,6.854725940864175e-05,3012
HYP-OR-CONT-EVENT-01,QQQ,2022-12-16,2022-12-16T15:25:00+00:00,continuation_short,2022,10:00,15min,-0.000455672207640756,4.075772565520843e-05,3012
HYP-OR-CONT-EVENT-01,QQQ,2022-12-16,2022-12-16T15:25:00+00:00,continuation_short,2022,10:00,60min,0.002806940799066737,4.633988252025494e-05,3012
HYP-OR-CONT-EVENT-01,QQQ,2022-12-16,2022-12-16T15:25:00+00:00,continuation_short,2022,10:00,session_close,0.00036453776611244937,-0.6632079556976866,3012
HYP-OR-CONT-EVENT-01,QQQ,2022-12-19,2022-12-19T16:00:00+00:00,continuation_short,2022,11:00,30min,0.0027123272505858997,0.00015930069977727258,3012
HYP-OR-CONT-EVENT-01,QQQ,2022-12-19,2022-12-19T16:00:00+00:00,continuation_short,2022,11:00,15min,0.0001660608520767104,5.6342617917160395e-05,3012
HYP-OR-CONT-EVENT-01,QQQ,2022-12-19,2022-12-19T16:00:00+00:00,continuation_short,2022,11:00,60min,0.0010520877539347273,0.0004151811255126391,3012
HYP-OR-CONT-EVENT-01,QQQ,2022-12-19,2022-12-19T16:00:00+00:00,continuation_short,2022,11:00,session_close,0.004225326125062434,-0.6632770180962785,3012
HYP-OR-CONT-EVENT-01,QQQ,2022-12-20,2022-12-20T15:20:00+00:00,continuation_long,2022,10:00,30min,0.00344840372279287,-6.854725940864175e-05,3012
HYP-OR-CONT-EVENT-01,QQQ,2022-12-20,2022-12-20T15:20:00+00:00,continuation_long,2022,10:00,15min,0.004375393970855512,-4.075772565520843e-05,3012
HYP-OR-CONT-EVENT-01,QQQ,2022-12-20,2022-12-20T15:20:00+00:00,continuation_long,2022,10:00,60min,-0.004857428899847971,-4.633988252025494e-05,3012
HYP-OR-CONT-EVENT-01,QQQ,2022-12-20,2022-12-20T15:20:00+00:00,continuation_long,2022,10:00,session_close,-0.0004449553190700728,0.6632079556976866,3012
HYP-OR-CONT-EVENT-01,QQQ,2022-12-21,2022-12-21T15:25:00+00:00,continuation_long,2022,10:00,30min,0.0054711022985973745,-6.854725940864175e-05,3012
HYP-OR-CONT-EVENT-01,QQQ,2022-12-21,2022-12-21T15:25:00+00:00,continuation_long,2022,10:00,15min,0.004424616288463135,-4.075772565520843e-05,3012
HYP-OR-CONT-EVENT-01,QQQ,2022-12-21,2022-12-21T15:25:00+00:00,continuation_long,2022,10:00,60min,0.004993757802746579,-4.633988252025494e-05,3012
HYP-OR-CONT-EVENT-01,QQQ,2022-12-21,2022-12-21T15:25:00+00:00,continuation_long,2022,10:00,session_close,0.004259381655283834,0.6632079556976866,3012
HYP-OR-CONT-EVENT-01,QQQ,2022-12-22,2022-12-22T15:20:00+00:00,continuation_short,2022,10:00,30min,0.002942003185608444,6.854725940864175e-05,3012
HYP-OR-CONT-EVENT-01,QQQ,2022-12-22,2022-12-22T15:20:00+00:00,continuation_short,2022,10:00,15min,0.004103813360816888,4.075772565520843e-05,3012
HYP-OR-CONT-EVENT-01,QQQ,2022-12-22,2022-12-22T15:20:00+00:00,continuation_short,2022,10:00,60min,0.004291202098753777,4.633988252025494e-05,3012
HYP-OR-CONT-EVENT-01,QQQ,2022-12-22,2022-12-22T15:20:00+00:00,continuation_short,2022,10:00,session_close,5.621662138100003e-05,-0.6632079556976866,3012
HYP-OR-CONT-EVENT-01,QQQ,2022-12-23,2022-12-23T15:45:00+00:00,continuation_long,2022,10:00,30min,-0.005051071949713659,-6.854725940864175e-05,3012
HYP-OR-CONT-EVENT-01,QQQ,2022-12-23,2022-12-23T15:45:00+00:00,continuation_long,2022,10:00,15min,-0.008156545815093397,-4.075772565520843e-05,3012
HYP-OR-CONT-EVENT-01,QQQ,2022-12-23,2022-12-23T15:45:00+00:00,continuation_long,2022,10:00,60min,-0.0033340816402888107,-4.633988252025494e-05,3012
HYP-OR-CONT-EVENT-01,QQQ,2022-12-23,2022-12-23T15:45:00+00:00,continuation_long,2022,10:00,session_close,0.000673476259961836,0.6632079556976866,3012
HYP-OR-CONT-EVENT-01,QQQ,2022-12-27,2022-12-27T15:20:00+00:00,continuation_short,2022,10:00,30min,-0.0013591573224600584,6.854725940864175e-05,3012
HYP-OR-CONT-EVENT-01,QQQ,2022-12-27,2022-12-27T15:20:00+00:00,continuation_short,2022,10:00,15min,-0.0020953675387926918,4.075772565520843e-05,3012
HYP-OR-CONT-EVENT-01,QQQ,2022-12-27,2022-12-27T15:20:00+00:00,continuation_short,2022,10:00,60min,-0.0009404613584023114,4.633988252025494e-05,3012
HYP-OR-CONT-EVENT-01,QQQ,2022-12-27,2022-12-27T15:20:00+00:00,continuation_short,2022,10:00,session_close,0.005021331219088543,-0.6632079556976866,3012
HYP-OR-CONT-EVENT-01,QQQ,2022-12-28,2022-12-28T16:15:00+00:00,continuation_short,2022,11:00,30min,0.0022596209075241847,0.00015930069977727258,3012
HYP-OR-CONT-EVENT-01,QQQ,2022-12-28,2022-12-28T16:15:00+00:00,continuation_short,2022,11:00,15min,0.0008041355542790507,5.6342617917160395e-05,3012
HYP-OR-CONT-EVENT-01,QQQ,2022-12-28,2022-12-28T16:15:00+00:00,continuation_short,2022,11:00,60min,0.0033892399004402662,0.0004151811255126391,3012
HYP-OR-CONT-EVENT-01,QQQ,2022-12-28,2022-12-28T16:15:00+00:00,continuation_short,2022,11:00,session_close,0.004327015125406786,-0.6632770180962785,3012
HYP-OR-CONT-EVENT-01,QQQ,2022-12-29,2022-12-29T15:20:00+00:00,continuation_long,2022,10:00,30min,0.0011279043537106848,-6.854725940864175e-05,3012
HYP-OR-CONT-EVENT-01,QQQ,2022-12-29,2022-12-29T15:20:00+00:00,continuation_long,2022,10:00,15min,0.0010527107301299132,-4.075772565520843e-05,3012
HYP-OR-CONT-EVENT-01,QQQ,2022-12-29,2022-12-29T15:20:00+00:00,continuation_long,2022,10:00,60min,0.0003383713061131388,-4.633988252025494e-05,3012
HYP-OR-CONT-EVENT-01,QQQ,2022-12-29,2022-12-29T15:20:00+00:00,continuation_long,2022,10:00,session_close,0.0019926310248890022,0.6632079556976866,3012
HYP-OR-CONT-EVENT-01,QQQ,2022-12-30,2022-12-30T16:05:00+00:00,continuation_long,2022,11:00,30min,-0.00011354174551525542,-0.00015930069977727258,3012
HYP-OR-CONT-EVENT-01,QQQ,2022-12-30,2022-12-30T16:05:00+00:00,continuation_long,2022,11:00,15min,-0.0028006963893725256,-5.6342617917160395e-05,3012
HYP-OR-CONT-EVENT-01,QQQ,2022-12-30,2022-12-30T16:05:00+00:00,continuation_long,2022,11:00,60min,0.0,-0.0004151811255126391,3012
HYP-OR-CONT-EVENT-01,QQQ,2022-12-30,2022-12-30T16:05:00+00:00,continuation_long,2022,11:00,session_close,0.007947922186057,0.6632770180962785,3012
HYP-OR-CONT-EVENT-01,QQQ,2023-01-03,2023-01-03T15:20:00+00:00,continuation_short,2023,10:00,30min,-0.00032944562253867105,-1.671878792421407e-05,3000
HYP-OR-CONT-EVENT-01,QQQ,2023-01-03,2023-01-03T15:20:00+00:00,continuation_short,2023,10:00,15min,-0.0009466828233868352,1.7573543512020193e-06,3000
HYP-OR-CONT-EVENT-01,QQQ,2023-01-03,2023-01-03T15:20:00+00:00,continuation_short,2023,10:00,60min,0.0010606634353226285,-0.0002548164251713152,3000
HYP-OR-CONT-EVENT-01,QQQ,2023-01-03,2023-01-03T15:20:00+00:00,continuation_short,2023,10:00,session_close,-0.0014389578915479095,-0.4977633242908164,3000
HYP-OR-CONT-EVENT-01,QQQ,2023-01-04,2023-01-04T15:20:00+00:00,continuation_short,2023,10:00,30min,-0.004551143474798014,-1.671878792421407e-05,3000
HYP-OR-CONT-EVENT-01,QQQ,2023-01-04,2023-01-04T15:20:00+00:00,continuation_short,2023,10:00,15min,0.0005980961049798506,1.7573543512020193e-06,3000
HYP-OR-CONT-EVENT-01,QQQ,2023-01-04,2023-01-04T15:20:00+00:00,continuation_short,2023,10:00,60min,-0.005916486517237418,-0.0002548164251713152,3000
HYP-OR-CONT-EVENT-01,QQQ,2023-01-04,2023-01-04T15:20:00+00:00,continuation_short,2023,10:00,session_close,-0.007926574885273263,-0.4977633242908164,3000
HYP-OR-CONT-EVENT-01,QQQ,2023-01-05,2023-01-05T15:25:00+00:00,continuation_long,2023,10:00,30min,-0.0014093627394962116,1.671878792421407e-05,3000
HYP-OR-CONT-EVENT-01,QQQ,2023-01-05,2023-01-05T15:25:00+00:00,continuation_long,2023,10:00,15min,0.0014093627394964336,-1.7573543512020193e-06,3000
HYP-OR-CONT-EVENT-01,QQQ,2023-01-05,2023-01-05T15:25:00+00:00,continuation_long,2023,10:00,60min,-0.0007999085818762852,0.0002548164251713152,3000
HYP-OR-CONT-EVENT-01,QQQ,2023-01-05,2023-01-05T15:25:00+00:00,continuation_long,2023,10:00,session_close,-0.0035424522911665646,0.4977633242908164,3000
HYP-OR-CONT-EVENT-01,QQQ,2023-01-06,2023-01-06T15:55:00+00:00,continuation_long,2023,10:00,30min,0.0006023504097225629,1.671878792421407e-05,3000
HYP-OR-CONT-EVENT-01,QQQ,2023-01-06,2023-01-06T15:55:00+00:00,continuation_long,2023,10:00,15min,0.0001503050740958578,-1.7573543512020193e-06,3000
HYP-OR-CONT-EVENT-01,QQQ,2023-01-06,2023-01-06T15:55:00+00:00,continuation_long,2023,10:00,60min,0.003955019982287311,0.0002548164251713152,3000
HYP-OR-CONT-EVENT-01,QQQ,2023-01-06,2023-01-06T15:55:00+00:00,continuation_long,2023,10:00,session_close,0.012430870025288199,0.4977633242908164,3000
HYP-OR-CONT-EVENT-01,QQQ,2023-01-09,2023-01-09T15:20:00+00:00,continuation_long,2023,10:00,30min,0.005545590980636117,1.671878792421407e-05,3000
HYP-OR-CONT-EVENT-01,QQQ,2023-01-09,2023-01-09T15:20:00+00:00,continuation_long,2023,10:00,15min,0.004209890552362872,-1.7573543512020193e-06,3000
HYP-OR-CONT-EVENT-01,QQQ,2023-01-09,2023-01-09T15:20:00+00:00,continuation_long,2023,10:00,60min,0.006588820967092568,0.0002548164251713152,3000
HYP-OR-CONT-EVENT-01,QQQ,2023-01-09,2023-01-09T15:20:00+00:00,continuation_long,2023,10:00,session_close,-0.009700208645997188,0.4977633242908164,3000
HYP-OR-CONT-EVENT-01,QQQ,2023-01-10,2023-01-10T15:30:00+00:00,continuation_long,2023,10:00,30min,0.00040581421087582115,1.671878792421407e-05,3000
HYP-OR-CONT-EVENT-01,QQQ,2023-01-10,2023-01-10T15:30:00+00:00,continuation_long,2023,10:00,15min,-0.004980447133476118,-1.7573543512020193e-06,3000
HYP-OR-CONT-EVENT-01,QQQ,2023-01-10,2023-01-10T15:30:00+00:00,continuation_long,2023,10:00,60min,-0.0023758577436729933,0.0002548164251713152,3000
HYP-OR-CONT-EVENT-01,QQQ,2023-01-10,2023-01-10T15:30:00+00:00,continuation_long,2023,10:00,session_close,0.0068988415848889595,0.4977633242908164,3000
HYP-OR-CONT-EVENT-01,QQQ,2023-01-11,2023-01-11T15:30:00+00:00,continuation_long,2023,10:00,30min,-0.005046287892539469,1.671878792421407e-05,3000
HYP-OR-CONT-EVENT-01,QQQ,2023-01-11,2023-01-11T15:30:00+00:00,continuation_long,2023,10:00,15min,-0.0031225267743691942,-1.7573543512020193e-06,3000
HYP-OR-CONT-EVENT-01,QQQ,2023-01-11,2023-01-11T15:30:00+00:00,continuation_long,2023,10:00,60min,-0.001924124160464613,0.0002548164251713152,3000
HYP-OR-CONT-EVENT-01,QQQ,2023-01-11,2023-01-11T15:30:00+00:00,continuation_long,2023,10:00,session_close,0.007732800871301571,0.4977633242908164,3000
HYP-OR-CONT-EVENT-01,QQQ,2023-01-12,2023-01-12T17:35:00+00:00,continuation_long,2023,12:00,30min,-0.00021477663230240474,0.00013071130438252755,2988
HYP-OR-CONT-EVENT-01,QQQ,2023-01-12,2023-01-12T17:35:00+00:00,continuation_long,2023,12:00,15min,-0.0001431844215350475,8.823351345402351e-05,2994
HYP-OR-CONT-EVENT-01,QQQ,2023-01-12,2023-01-12T17:35:00+00:00,continuation_long,2023,12:00,60min,-0.002362542955326563,0.00017745400446088016,2976
HYP-OR-CONT-EVENT-01,QQQ,2023-01-12,2023-01-12T17:35:00+00:00,continuation_long,2023,12:00,session_close,-0.001181271477663337,0.4969003406137486,3000
HYP-OR-CONT-EVENT-01,QQQ,2023-01-13,2023-01-13T15:20:00+00:00,continuation_long,2023,10:00,30min,0.0025163563160544022,1.671878792421407e-05,3000
HYP-OR-CONT-EVENT-01,QQQ,2023-01-13,2023-01-13T15:20:00+00:00,continuation_long,2023,10:00,15min,0.0013599108490904843,-1.7573543512020193e-06,3000
HYP-OR-CONT-EVENT-01,QQQ,2023-01-13,2023-01-13T15:20:00+00:00,continuation_long,2023,10:00,60min,0.0004673233158385415,0.0002548164251713152,3000
HYP-OR-CONT-EVENT-01,QQQ,2023-01-13,2023-01-13T15:20:00+00:00,continuation_long,2023,10:00,session_close,0.00992163347472852,0.4977633242908164,3000
HYP-OR-CONT-EVENT-01,QQQ,2023-01-17,2023-01-17T15:20:00+00:00,continuation_long,2023,10:00,30min,-0.004889274397691601,1.671878792421407e-05,3000
HYP-OR-CONT-EVENT-01,QQQ,2023-01-17,2023-01-17T15:20:00+00:00,continuation_long,2023,10:00,15min,-0.0032394540723299503,-1.7573543512020193e-06,3000
HYP-OR-CONT-EVENT-01,QQQ,2023-01-17,2023-01-17T15:20:00+00:00,continuation_long,2023,10:00,60min,-0.009187304172345923,0.0002548164251713152,3000
HYP-OR-CONT-EVENT-01,QQQ,2023-01-17,2023-01-17T15:20:00+00:00,continuation_long,2023,10:00,session_close,-0.003558088899116685,0.4977633242908164,3000
HYP-OR-CONT-EVENT-01,QQQ,2023-01-18,2023-01-18T15:20:00+00:00,continuation_long,2023,10:00,30min,-0.008372487370615023,1.671878792421407e-05,3000
HYP-OR-CONT-EVENT-01,QQQ,2023-01-18,2023-01-18T15:20:00+00:00,continuation_long,2023,10:00,15min,-0.003073444730985253,-1.7573543512020193e-06,3000
HYP-OR-CONT-EVENT-01,QQQ,2023-01-18,2023-01-18T15:20:00+00:00,continuation_long,2023,10:00,60min,-0.011940509414632428,0.0002548164251713152,3000
HYP-OR-CONT-EVENT-01,QQQ,2023-01-18,2023-01-18T15:20:00+00:00,continuation_long,2023,10:00,session_close,-0.018387677959515236,0.4977633242908164,3000
HYP-OR-CONT-EVENT-01,QQQ,2023-01-19,2023-01-19T16:05:00+00:00,continuation_short,2023,11:00,30min,0.0010740943018385796,-0.00023385157915617775,3000
HYP-OR-CONT-EVENT-01,QQQ,2023-01-19,2023-01-19T16:05:00+00:00,continuation_short,2023,11:00,15min,-0.00018204988166758973,-0.0001376980686055555,3000
HYP-OR-CONT-EVENT-01,QQQ,2023-01-19,2023-01-19T16:05:00+00:00,continuation_short,2023,11:00,60min,0.0002548698343345368,-0.00037841967838285527,3000
HYP-OR-CONT-EVENT-01,QQQ,2023-01-19,2023-01-19T16:05:00+00:00,continuation_short,2023,11:00,session_close,-0.001602038958674612,-0.4974449236513215,3000
HYP-OR-CONT-EVENT-01,QQQ,2023-01-20,2023-01-20T15:25:00+00:00,continuation_long,2023,10:00,30min,-0.0007200431810002739,1.671878792421407e-05,3000
HYP-OR-CONT-EVENT-01,QQQ,2023-01-20,2023-01-20T15:25:00+00:00,continuation_long,2023,10:00,15min,-0.0004318100035984873,-1.7573543512020193e-06,3000
HYP-OR-CONT-EVENT-01,QQQ,2023-01-20,2023-01-20T15:25:00+00:00,continuation_long,2023,10:00,60min,0.005505577545879881,0.0002548164251713152,3000
HYP-OR-CONT-EVENT-01,QQQ,2023-01-20,2023-01-20T15:25:00+00:00,continuation_long,2023,10:00,session_close,0.01756027347966893,0.4977633242908164,3000
HYP-OR-CONT-EVENT-01,QQQ,2023-01-23,2023-01-23T15:20:00+00:00,continuation_long,2023,10:00,30min,0.0036888081254307092,1.671878792421407e-05,3000
HYP-OR-CONT-EVENT-01,QQQ,2023-01-23,2023-01-23T15:20:00+00:00,continuation_long,2023,10:00,15min,0.00232749551290401,-1.7573543512020193e-06,3000
HYP-OR-CONT-EVENT-01,QQQ,2023-01-23,2023-01-23T15:20:00+00:00,continuation_long,2023,10:00,60min,0.009570376720577034,0.0002548164251713152,3000
HYP-OR-CONT-EVENT-01,QQQ,2023-01-23,2023-01-23T15:20:00+00:00,continuation_long,2023,10:00,session_close,0.008767551333702439,0.4977633242908164,3000
HYP-OR-CONT-EVENT-01,QQQ,2023-01-24,2023-01-24T15:25:00+00:00,continuation_short,2023,10:00,30min,-0.004378496716127334,-1.671878792421407e-05,3000
HYP-OR-CONT-EVENT-01,QQQ,2023-01-24,2023-01-24T15:25:00+00:00,continuation_short,2023,10:00,15min,-0.0015289988532507515,1.7573543512020193e-06,3000
HYP-OR-CONT-EVENT-01,QQQ,2023-01-24,2023-01-24T15:25:00+00:00,continuation_short,2023,10:00,60min,-0.004851096361677687,-0.0002548164251713152,3000
HYP-OR-CONT-EVENT-01,QQQ,2023-01-24,2023-01-24T15:25:00+00:00,continuation_short,2023,10:00,session_close,-0.0022239983320013756,-0.4977633242908164,3000
HYP-OR-CONT-EVENT-01,QQQ,2023-01-25,2023-01-25T15:20:00+00:00,continuation_short,2023,10:00,30min,-0.00011377733668882506,-1.671878792421407e-05,3000
HYP-OR-CONT-EVENT-01,QQQ,2023-01-25,2023-01-25T15:20:00+00:00,continuation_short,2023,10:00,15min,0.002409527522773236,1.7573543512020193e-06,3000
HYP-OR-CONT-EVENT-01,QQQ,2023-01-25,2023-01-25T15:20:00+00:00,continuation_short,2023,10:00,60min,-0.00673448410307298,-0.0002548164251713152,3000
HYP-OR-CONT-EVENT-01,QQQ,2023-01-25,2023-01-25T15:20:00+00:00,continuation_short,2023,10:00,session_close,-0.019742671817956303,-0.4977633242908164,3000
HYP-OR-CONT-EVENT-01,QQQ,2023-01-26,2023-01-26T16:10:00+00:00,continuation_short,2023,11:00,30min,-0.0035813768404295843,-0.00023385157915617775,3000
HYP-OR-CONT-EVENT-01,QQQ,2023-01-26,2023-01-26T16:10:00+00:00,continuation_short,2023,11:00,15min,-0.001782037751518084,-0.0001376980686055555,3000
HYP-OR-CONT-EVENT-01,QQQ,2023-01-26,2023-01-26T16:10:00+00:00,continuation_short,2023,11:00,60min,-0.006411183584491109,-0.00037841967838285527,3000
HYP-OR-CONT-EVENT-01,QQQ,2023-01-26,2023-01-26T16:10:00+00:00,continuation_short,2023,11:00,session_close,-0.015173272893994616,-0.4974449236513215,3000
HYP-OR-CONT-EVENT-01,QQQ,2023-01-27,2023-01-27T15:20:00+00:00,continuation_long,2023,10:00,30min,-0.004983219770161806,1.671878792421407e-05,3000
HYP-OR-CONT-EVENT-01,QQQ,2023-01-27,2023-01-27T15:20:00+00:00,continuation_long,2023,10:00,15min,-0.00044069290484416435,-1.7573543512020193e-06,3000
HYP-OR-CONT-EVENT-01,QQQ,2023-01-27,2023-01-27T15:20:00+00:00,continuation_long,2023,10:00,60min,-0.0010847825350012164,0.0002548164251713152,3000
HYP-OR-CONT-EVENT-01,QQQ,2023-01-27,2023-01-27T15:20:00+00:00,continuation_long,2023,10:00,session_close,0.004101833960473256,0.4977633242908164,3000
HYP-OR-CONT-EVENT-01,QQQ,2023-01-30,2023-01-30T15:40:00+00:00,continuation_short,2023,10:00,30min,-0.002955123359219325,-1.671878792421407e-05,3000
HYP-OR-CONT-EVENT-01,QQQ,2023-01-30,2023-01-30T15:40:00+00:00,continuation_short,2023,10:00,15min,-0.0018215242938630638,1.7573543512020193e-06,3000
HYP-OR-CONT-EVENT-01,QQQ,2023-01-30,2023-01-30T15:40:00+00:00,continuation_short,2023,10:00,60min,-0.0034705518521063183,-0.0002548164251713152,3000
HYP-OR-CONT-EVENT-01,QQQ,2023-01-30,2023-01-30T15:40:00+00:00,continuation_short,2023,10:00,session_close,0.003023847158270865,-0.4977633242908164,3000
HYP-OR-CONT-EVENT-01,QQQ,2023-01-31,2023-01-31T15:45:00+00:00,continuation_long,2023,10:00,30min,0.0010942789727454993,1.671878792421407e-05,3000
HYP-OR-CONT-EVENT-01,QQQ,2023-01-31,2023-01-31T15:45:00+00:00,continuation_long,2023,10:00,15min,0.00201757685599957,-1.7573543512020193e-06,3000
HYP-OR-CONT-EVENT-01,QQQ,2023-01-31,2023-01-31T15:45:00+00:00,continuation_long,2023,10:00,60min,0.00020517730738989215,0.0002548164251713152,3000
HYP-OR-CONT-EVENT-01,QQQ,2023-01-31,2023-01-31T15:45:00+00:00,continuation_long,2023,10:00,session_close,0.007659952809219384,0.4977633242908164,3000
HYP-OR-CONT-EVENT-01,QQQ,2023-02-01,2023-02-01T16:10:00+00:00,continuation_short,2023,11:00,30min,-0.003033194737918299,-0.00023385157915617775,3000
HYP-OR-CONT-EVENT-01,QQQ,2023-02-01,2023-02-01T16:10:00+00:00,continuation_short,2023,11:00,15min,-0.002365210278781227,-0.0001376980686055555,3000
HYP-OR-CONT-EVENT-01,QQQ,2023-02-01,2023-02-01T16:10:00+00:00,continuation_short,2023,11:00,60min,-0.0005964146956580763,-0.00037841967838285527,3000
HYP-OR-CONT-EVENT-01,QQQ,2023-02-01,2023-02-01T16:10:00+00:00,continuation_short,2023,11:00,session_close,-0.02610592324994876,-0.4974449236513215,3000
HYP-OR-CONT-EVENT-01,QQQ,2023-02-02,2023-02-02T15:20:00+00:00,continuation_short,2023,10:00,30min,-0.006510964983317935,-1.671878792421407e-05,3000
HYP-OR-CONT-EVENT-01,QQQ,2023-02-02,2023-02-02T15:20:00+00:00,continuation_short,2023,10:00,15min,-0.005118071976936367,1.7573543512020193e-06,3000
HYP-OR-CONT-EVENT-01,QQQ,2023-02-02,2023-02-02T15:20:00+00:00,continuation_short,2023,10:00,60min,-0.006721518577305741,-0.0002548164251713152,3000
HYP-OR-CONT-EVENT-01,QQQ,2023-02-02,2023-02-02T15:20:00+00:00,continuation_short,2023,10:00,session_close,-0.009879822487123935,-0.4977633242908164,3000
HYP-OR-CONT-EVENT-01,QQQ,2023-02-03,2023-02-03T15:30:00+00:00,continuation_long,2023,10:00,30min,0.0032266391326793986,1.671878792421407e-05,3000
HYP-OR-CONT-EVENT-01,QQQ,2023-02-03,2023-02-03T15:30:00+00:00,continuation_long,2023,10:00,15min,0.005227155394940564,-1.7573543512020193e-06,3000
HYP-OR-CONT-EVENT-01,QQQ,2023-02-03,2023-02-03T15:30:00+00:00,continuation_long,2023,10:00,60min,0.007389003613835765,0.0002548164251713152,3000
HYP-OR-CONT-EVENT-01,QQQ,2023-02-03,2023-02-03T15:30:00+00:00,continuation_long,2023,10:00,session_close,-0.012067630356220937,0.4977633242908164,3000
HYP-OR-CONT-EVENT-01,QQQ,2023-02-06,2023-02-06T15:40:00+00:00,continuation_short,2023,10:00,30min,-0.004653618931317771,-1.671878792421407e-05,3000
HYP-OR-CONT-EVENT-01,QQQ,2023-02-06,2023-02-06T15:40:00+00:00,continuation_short,2023,10:00,15min,-0.005511733060497015,1.7573543512020193e-06,3000
HYP-OR-CONT-EVENT-01,QQQ,2023-02-06,2023-02-06T15:40:00+00:00,continuation_short,2023,10:00,60min,-0.006930591768705252,-0.0002548164251713152,3000
HYP-OR-CONT-EVENT-01,QQQ,2023-02-06,2023-02-06T15:40:00+00:00,continuation_short,2023,10:00,session_close,-0.0020132677646127473,-0.4977633242908164,3000
HYP-OR-CONT-EVENT-01,QQQ,2023-02-07,2023-02-07T15:20:00+00:00,continuation_short,2023,10:00,30min,-0.0002304071623711046,-1.671878792421407e-05,3000
HYP-OR-CONT-EVENT-01,QQQ,2023-02-07,2023-02-07T15:20:00+00:00,continuation_short,2023,10:00,15min,9.874592673064786e-05,1.7573543512020193e-06,3000
HYP-OR-CONT-EVENT-01,QQQ,2023-02-07,2023-02-07T15:20:00+00:00,continuation_short,2023,10:00,60min,-0.002271156314801903,-0.0002548164251713152,3000
HYP-OR-CONT-EVENT-01,QQQ,2023-02-07,2023-02-07T15:20:00+00:00,continuation_short,2023,10:00,session_close,-0.02017708436193666,-0.4977633242908164,3000
HYP-OR-CONT-EVENT-01,QQQ,2023-02-08,2023-02-08T15:45:00+00:00,continuation_short,2023,10:00,30min,0.0029208752835208074,-1.671878792421407e-05,3000
HYP-OR-CONT-EVENT-01,QQQ,2023-02-08,2023-02-08T15:45:00+00:00,continuation_short,2023,10:00,15min,0.0017130362416983846,1.7573543512020193e-06,3000
HYP-OR-CONT-EVENT-01,QQQ,2023-02-08,2023-02-08T15:45:00+00:00,continuation_short,2023,10:00,60min,0.006608684300703382,-0.0002548164251713152,3000
HYP-OR-CONT-EVENT-01,QQQ,2023-02-08,2023-02-08T15:45:00+00:00,continuation_short,2023,10:00,session_close,0.006641319778731503,-0.4977633242908164,3000
HYP-OR-CONT-EVENT-01,QQQ,2023-02-09,2023-02-09T15:45:00+00:00,continuation_short,2023,10:00,30min,0.0012728459530025882,-1.671878792421407e-05,3000
HYP-OR-CONT-EVENT-01,QQQ,2023-02-09,2023-02-09T15:45:00+00:00,continuation_short,2023,10:00,15min,0.0013838120104437968,1.7573543512020193e-06,3000
HYP-OR-CONT-EVENT-01,QQQ,2023-02-09,2023-02-09T15:45:00+00:00,continuation_short,2023,10:00,60min,0.00421018276762386,-0.0002548164251713152,3000
HYP-OR-CONT-EVENT-01,QQQ,2023-02-09,2023-02-09T15:45:00+00:00,continuation_short,2023,10:00,session_close,0.015535248041775418,-0.4977633242908164,3000
HYP-OR-CONT-EVENT-01,QQQ,2023-02-10,2023-02-10T15:20:00+00:00,continuation_short,2023,10:00,30min,0.005614991029304295,-1.671878792421407e-05,3000
HYP-OR-CONT-EVENT-01,QQQ,2023-02-10,2023-02-10T15:20:00+00:00,continuation_short,2023,10:00,15min,0.0014286663565685753,1.7573543512020193e-06,3000
HYP-OR-CONT-EVENT-01,QQQ,2023-02-10,2023-02-10T15:20:00+00:00,continuation_short,2023,10:00,60min,0.003272642700511752,-0.0002548164251713152,3000
HYP-OR-CONT-EVENT-01,QQQ,2023-02-10,2023-02-10T15:20:00+00:00,continuation_short,2023,10:00,session_close,0.004119875074755863,-0.4977633242908164,3000
HYP-OR-CONT-EVENT-01,QQQ,2023-02-13,2023-02-13T15:50:00+00:00,continuation_long,2023,10:00,30min,0.002737647602084614,1.671878792421407e-05,3000
HYP-OR-CONT-EVENT-01,QQQ,2023-02-13,2023-02-13T15:50:00+00:00,continuation_long,2023,10:00,15min,0.001550234184312771,-1.7573543512020193e-06,3000
HYP-OR-CONT-EVENT-01,QQQ,2023-02-13,2023-02-13T15:50:00+00:00,continuation_long,2023,10:00,60min,0.0032653868988719026,0.0002548164251713152,3000
HYP-OR-CONT-EVENT-01,QQQ,2023-02-13,2023-02-13T15:50:00+00:00,continuation_long,2023,10:00,session_close,0.00463421069991421,0.4977633242908164,3000
HYP-OR-CONT-EVENT-01,QQQ,2023-02-14,2023-02-14T15:20:00+00:00,continuation_long,2023,10:00,30min,-0.01252241969672252,1.671878792421407e-05,3000
HYP-OR-CONT-EVENT-01,QQQ,2023-02-14,2023-02-14T15:20:00+00:00,continuation_long,2023,10:00,15min,-0.011511495189955867,-1.7573543512020193e-06,3000
HYP-OR-CONT-EVENT-01,QQQ,2023-02-14,2023-02-14T15:20:00+00:00,continuation_long,2023,10:00,60min,-0.006978640143486037,0.0002548164251713152,3000
HYP-OR-CONT-EVENT-01,QQQ,2023-02-14,2023-02-14T15:20:00+00:00,continuation_long,2023,10:00,session_close,0.00019566280776128764,0.4977633242908164,3000
HYP-OR-CONT-EVENT-01,QQQ,2023-02-15,2023-02-15T16:45:00+00:00,continuation_long,2023,11:00,30min,-0.0019844497218517443,0.00023385157915617775,3000
HYP-OR-CONT-EVENT-01,QQQ,2023-02-15,2023-02-15T16:45:00+00:00,continuation_long,2023,11:00,15min,-0.0014053807866227785,0.0001376980686055555,3000
HYP-OR-CONT-EVENT-01,QQQ,2023-02-15,2023-02-15T16:45:00+00:00,continuation_long,2023,11:00,60min,-0.001624971534532671,0.00037841967838285527,3000
HYP-OR-CONT-EVENT-01,QQQ,2023-02-15,2023-02-15T16:45:00+00:00,continuation_long,2023,11:00,session_close,0.006050945053515111,0.4974449236513215,3000
HYP-OR-CONT-EVENT-01,QQQ,2023-02-16,2023-02-16T15:30:00+00:00,continuation_long,2023,10:00,30min,0.004152285257560395,1.671878792421407e-05,3000
HYP-OR-CONT-EVENT-01,QQQ,2023-02-16,2023-02-16T15:30:00+00:00,continuation_long,2023,10:00,15min,0.003910220859296043,-1.7573543512020193e-06,3000
HYP-OR-CONT-EVENT-01,QQQ,2023-02-16,2023-02-16T15:30:00+00:00,continuation_long,2023,10:00,60min,0.002251003164453813,0.0002548164251713152,3000
HYP-OR-CONT-EVENT-01,QQQ,2023-02-16,2023-02-16T15:30:00+00:00,continuation_long,2023,10:00,session_close,-0.010602551136919769,0.4977633242908164,3000
HYP-OR-CONT-EVENT-01,QQQ,2023-02-17,2023-02-17T16:40:00+00:00,continuation_short,2023,11:00,30min,-0.00240762414311968,-0.00023385157915617775,3000
HYP-OR-CONT-EVENT-01,QQQ,2023-02-17,2023-02-17T16:40:00+00:00,continuation_short,2023,11:00,15min,0.0001357632502925199,-0.0001376980686055555,3000
HYP-OR-CONT-EVENT-01,QQQ,2023-02-17,2023-02-17T16:40:00+00:00,continuation_short,2023,11:00,60min,0.0008058853034609292,-0.00037841967838285527,3000
HYP-OR-CONT-EVENT-01,QQQ,2023-02-17,2023-02-17T16:40:00+00:00,continuation_short,2023,11:00,session_close,-0.007022237084099547,-0.4974449236513215,3000
HYP-OR-CONT-EVENT-01,QQQ,2023-02-21,2023-02-21T15:20:00+00:00,continuation_short,2023,10:00,30min,0.0012139196115458217,-1.671878792421407e-05,3000
HYP-OR-CONT-EVENT-01,QQQ,2023-02-21,2023-02-21T15:20:00+00:00,continuation_short,2023,10:00,15min,0.00037091988130566467,1.7573543512020193e-06,3000
HYP-OR-CONT-EVENT-01,QQQ,2023-02-21,2023-02-21T15:20:00+00:00,continuation_short,2023,10:00,60min,0.0026635419476664923,-0.0002548164251713152,3000
HYP-OR-CONT-EVENT-01,QQQ,2023-02-21,2023-02-21T15:20:00+00:00,continuation_short,2023,10:00,session_close,0.008564877259239378,-0.4977633242908164,3000
HYP-OR-CONT-EVENT-01,QQQ,2023-02-22,2023-02-22T15:20:00+00:00,continuation_short,2023,10:00,30min,-0.0036354947174384034,-1.671878792421407e-05,3000
HYP-OR-CONT-EVENT-01,QQQ,2023-02-22,2023-02-22T15:20:00+00:00,continuation_short,2023,10:00,15min,0.0004263598969088678,1.7573543512020193e-06,3000
HYP-OR-CONT-EVENT-01,QQQ,2023-02-22,2023-02-22T15:20:00+00:00,continuation_short,2023,10:00,60min,-0.004318216730102797,-0.0002548164251713152,3000
HYP-OR-CONT-EVENT-01,QQQ,2023-02-22,2023-02-22T15:20:00+00:00,continuation_short,2023,10:00,session_close,-0.004318216730102797,-0.4977633242908164,3000
HYP-OR-CONT-EVENT-01,QQQ,2023-02-23,2023-02-23T15:25:00+00:00,continuation_short,2023,10:00,30min,0.006272009714632598,-1.671878792421407e-05,3000
HYP-OR-CONT-EVENT-01,QQQ,2023-02-23,2023-02-23T15:25:00+00:00,continuation_short,2023,10:00,15min,0.001990150441880778,1.7573543512020193e-06,3000
HYP-OR-CONT-EVENT-01,QQQ,2023-02-23,2023-02-23T15:25:00+00:00,continuation_short,2023,10:00,60min,0.008871348579909566,-0.0002548164251713152,3000
HYP-OR-CONT-EVENT-01,QQQ,2023-02-23,2023-02-23T15:25:00+00:00,continuation_short,2023,10:00,session_close,-0.0012480604466031942,-0.4977633242908164,3000
HYP-OR-CONT-EVENT-01,QQQ,2023-02-24,2023-02-24T15:25:00+00:00,continuation_short,2023,10:00,30min,0.0005851576483545395,-1.671878792421407e-05,3000
HYP-OR-CONT-EVENT-01,QQQ,2023-02-24,2023-02-24T15:25:00+00:00,continuation_short,2023,10:00,15min,-0.0008261049153241995,1.7573543512020193e-06,3000
HYP-OR-CONT-EVENT-01,QQQ,2023-02-24,2023-02-24T15:25:00+00:00,continuation_short,2023,10:00,60min,-0.002512735784111264,-0.0002548164251713152,3000
HYP-OR-CONT-EVENT-01,QQQ,2023-02-24,2023-02-24T15:25:00+00:00,continuation_short,2023,10:00,session_close,-0.004474734958006321,-0.4977633242908164,3000
HYP-OR-CONT-EVENT-01,QQQ,2023-02-27,2023-02-27T15:20:00+00:00,continuation_long,2023,10:00,30min,-0.006179092382496032,1.671878792421407e-05,3000
HYP-OR-CONT-EVENT-01,QQQ,2023-02-27,2023-02-27T15:20:00+00:00,continuation_long,2023,10:00,15min,-0.00580767152890338,-1.7573543512020193e-06,3000
HYP-OR-CONT-EVENT-01,QQQ,2023-02-27,2023-02-27T15:20:00+00:00,continuation_long,2023,10:00,60min,-0.007293354943273989,0.0002548164251713152,3000
HYP-OR-CONT-EVENT-01,QQQ,2023-02-27,2023-02-27T15:20:00+00:00,continuation_long,2023,10:00,session_close,-0.007495948136142738,0.4977633242908164,3000
HYP-OR-CONT-EVENT-01,QQQ,2023-02-28,2023-02-28T16:35:00+00:00,continuation_long,2023,11:00,30min,0.0011899904800762862,0.00023385157915617775,3000
HYP-OR-CONT-EVENT-01,QQQ,2023-02-28,2023-02-28T16:35:00+00:00,continuation_long,2023,11:00,15min,-0.0007479940160479703,0.0001376980686055555,3000
HYP-OR-CONT-EVENT-01,QQQ,2023-02-28,2023-02-28T16:35:00+00:00,continuation_long,2023,11:00,60min,0.0021249830001359715,0.00037841967838285527,3000
HYP-OR-CONT-EVENT-01,QQQ,2023-02-28,2023-02-28T16:35:00+00:00,continuation_long,2023,11:00,session_close,-0.0021419828641370264,0.4974449236513215,3000
HYP-OR-CONT-EVENT-01,QQQ,2023-03-01,2023-03-01T15:25:00+00:00,continuation_short,2023,10:00,30min,-0.0027453671928621137,-1.671878792421407e-05,3000
HYP-OR-CONT-EVENT-01,QQQ,2023-03-01,2023-03-01T15:25:00+00:00,continuation_short,2023,10:00,15min,-0.004169526424159242,1.7573543512020193e-06,3000
HYP-OR-CONT-EVENT-01,QQQ,2023-03-01,2023-03-01T15:25:00+00:00,continuation_short,2023,10:00,60min,0.0016815374056278198,-0.0002548164251713152,3000
HYP-OR-CONT-EVENT-01,QQQ,2023-03-01,2023-03-01T15:25:00+00:00,continuation_short,2023,10:00,session_close,0.0008579272477693412,-0.4977633242908164,3000
HYP-OR-CONT-EVENT-01,QQQ,2023-03-02,2023-03-02T15:20:00+00:00,continuation_long,2023,10:00,30min,0.0021572552809610013,1.671878792421407e-05,3000
HYP-OR-CONT-EVENT-01,QQQ,2023-03-02,2023-03-02T15:20:00+00:00,continuation_long,2023,10:00,15min,-6.903216899090125e-05,-1.7573543512020193e-06,3000
HYP-OR-CONT-EVENT-01,QQQ,2023-03-02,2023-03-02T15:20:00+00:00,continuation_long,2023,10:00,60min,0.0,0.0002548164251713152,3000
HYP-OR-CONT-EVENT-01,QQQ,2023-03-02,2023-03-02T15:20:00+00:00,continuation_long,2023,10:00,session_close,0.013737401629159152,0.4977633242908164,3000
HYP-OR-CONT-EVENT-01,QQQ,2023-03-03,2023-03-03T15:35:00+00:00,continuation_long,2023,10:00,30min,-0.0018834925332974484,1.671878792421407e-05,3000
HYP-OR-CONT-EVENT-01,QQQ,2023-03-03,2023-03-03T15:35:00+00:00,continuation_long,2023,10:00,15min,-0.0017825911475850553,-1.7573543512020193e-06,3000
HYP-OR-CONT-EVENT-01,QQQ,2023-03-03,2023-03-03T15:35:00+00:00,continuation_long,2023,10:00,60min,-0.0020180277142471947,0.0002548164251713152,3000
HYP-OR-CONT-EVENT-01,QQQ,2023-03-03,2023-03-03T15:35:00+00:00,continuation_long,2023,10:00,session_close,0.008004843266514072,0.4977633242908164,3000
HYP-OR-CONT-EVENT-01,QQQ,2023-03-06,2023-03-06T15:25:00+00:00,continuation_long,2023,10:00,30min,0.0013870083550742152,1.671878792421407e-05,3000
HYP-OR-CONT-EVENT-01,QQQ,2023-03-06,2023-03-06T15:25:00+00:00,continuation_long,2023,10:00,15min,0.0026419206763317327,-1.7573543512020193e-06,3000
HYP-OR-CONT-EVENT-01,QQQ,2023-03-06,2023-03-06T15:25:00+00:00,continuation_long,2023,10:00,60min,0.0009742082493973125,0.0002548164251713152,3000
HYP-OR-CONT-EVENT-01,QQQ,2023-03-06,2023-03-06T15:25:00+00:00,continuation_long,2023,10:00,session_close,-0.009180674350252715,0.4977633242908164,3000
HYP-OR-CONT-EVENT-01,QQQ,2023-03-07,2023-03-07T15:20:00+00:00,continuation_short,2023,10:00,30min,-0.004208895922421574,-1.671878792421407e-05,3000
HYP-OR-CONT-EVENT-01,QQQ,2023-03-07,2023-03-07T15:20:00+00:00,continuation_short,2023,10:00,15min,-0.0072662379204686545,1.7573543512020193e-06,3000
HYP-OR-CONT-EVENT-01,QQQ,2023-03-07,2023-03-07T15:20:00+00:00,continuation_short,2023,10:00,60min,-0.00223913263072828,-0.0002548164251713152,3000
HYP-OR-CONT-EVENT-01,QQQ,2023-03-07,2023-03-07T15:20:00+00:00,continuation_short,2023,10:00,session_close,0.0022222970470386905,-0.4977633242908164,3000
HYP-OR-CONT-EVENT-01,QQQ,2023-03-08,2023-03-08T15:20:00+00:00,continuation_short,2023,10:00,30min,-0.002685357203175087,-1.671878792421407e-05,3000
HYP-OR-CONT-EVENT-01,QQQ,2023-03-08,2023-03-08T15:20:00+00:00,continuation_short,2023,10:00,15min,-0.004391150143556954,1.7573543512020193e-06,3000
HYP-OR-CONT-EVENT-01,QQQ,2023-03-08,2023-03-08T15:20:00+00:00,continuation_short,2023,10:00,60min,-0.0045093734166525845,-0.0002548164251713152,3000
HYP-OR-CONT-EVENT-01,QQQ,2023-03-08,2023-03-08T15:20:00+00:00,continuation_short,2023,10:00,session_close,-0.0061813882790069385,-0.4977633242908164,3000
HYP-OR-CONT-EVENT-01,QQQ,2023-03-09,2023-03-09T15:55:00+00:00,continuation_long,2023,10:00,30min,-0.003562866275972243,1.671878792421407e-05,3000
HYP-OR-CONT-EVENT-01,QQQ,2023-03-09,2023-03-09T15:55:00+00:00,continuation_long,2023,10:00,15min,-0.001564997336174656,-1.7573543512020193e-06,3000
HYP-OR-CONT-EVENT-01,QQQ,2023-03-09,2023-03-09T15:55:00+00:00,continuation_long,2023,10:00,60min,-0.0033630793819925398,0.0002548164251713152,3000
HYP-OR-CONT-EVENT-01,QQQ,2023-03-09,2023-03-09T15:55:00+00:00,continuation_long,2023,10:00,session_close,-0.02607218966435798,0.4977633242908164,3000
HYP-OR-CONT-EVENT-01,QQQ,2023-03-10,2023-03-10T16:30:00+00:00,continuation_long,2023,11:00,30min,-0.005655877342419124,0.00023385157915617775,3000
HYP-OR-CONT-EVENT-01,QQQ,2023-03-10,2023-03-10T16:30:00+00:00,continuation_long,2023,11:00,15min,-0.0034824531516184365,0.0001376980686055555,3000
HYP-OR-CONT-EVENT-01,QQQ,2023-03-10,2023-03-10T16:30:00+00:00,continuation_long,2023,11:00,60min,-0.0059965928449744466,0.00037841967838285527,3000
HYP-OR-CONT-EVENT-01,QQQ,2023-03-10,2023-03-10T16:30:00+00:00,continuation_long,2023,11:00,session_close,-0.017035775127768327,0.4974449236513215,3000
HYP-OR-CONT-EVENT-01,QQQ,2023-03-13,2023-03-13T14:25:00+00:00,continuation_long,2023,10:00,30min,0.005666067850480294,1.671878792421407e-05,3000
HYP-OR-CONT-EVENT-01,QQQ,2023-03-13,2023-03-13T14:25:00+00:00,continuation_long,2023,10:00,15min,0.0009673184550542668,-1.7573543512020193e-06,3000
HYP-OR-CONT-EVENT-01,QQQ,2023-03-13,2023-03-13T14:25:00+00:00,continuation_long,2023,10:00,60min,0.013680646721481615,0.0002548164251713152,3000
HYP-OR-CONT-EVENT-01,QQQ,2023-03-13,2023-03-13T14:25:00+00:00,continuation_long,2023,10:00,session_close,0.004352933047744312,0.4977633242908164,3000
HYP-OR-CONT-EVENT-01,QQQ,2023-03-14,2023-03-14T14:40:00+00:00,continuation_long,2023,10:00,30min,0.0008419776370740539,1.671878792421407e-05,3000
HYP-OR-CONT-EVENT-01,QQQ,2023-03-14,2023-03-14T14:40:00+00:00,continuation_long,2023,10:00,15min,-0.0018523508015627632,-1.7573543512020193e-06,3000
HYP-OR-CONT-EVENT-01,QQQ,2023-03-14,2023-03-14T14:40:00+00:00,continuation_long,2023,10:00,60min,0.0030647985989491477,0.0002548164251713152,3000
HYP-OR-CONT-EVENT-01,QQQ,2023-03-14,2023-03-14T14:40:00+00:00,continuation_long,2023,10:00,session_close,0.0015829179576989372,0.4977633242908164,3000
HYP-OR-CONT-EVENT-01,QQQ,2023-03-15,2023-03-15T14:20:00+00:00,continuation_short,2023,10:00,30min,0.0015943553037756075,-1.671878792421407e-05,3000
HYP-OR-CONT-EVENT-01,QQQ,2023-03-15,2023-03-15T14:20:00+00:00,continuation_short,2023,10:00,15min,0.002272804369212067,1.7573543512020193e-06,3000
HYP-OR-CONT-EVENT-01,QQQ,2023-03-15,2023-03-15T14:20:00+00:00,continuation_short,2023,10:00,60min,-0.0013657179687234233,-0.0002548164251713152,3000
HYP-OR-CONT-EVENT-01,QQQ,2023-03-15,2023-03-15T14:20:00+00:00,continuation_short,2023,10:00,session_close,-0.014043895654533678,-0.4977633242908164,3000
HYP-OR-CONT-EVENT-01,QQQ,2023-03-16,2023-03-16T14:20:00+00:00,continuation_long,2023,10:00,30min,0.01131755552051028,1.671878792421407e-05,3000
HYP-OR-CONT-EVENT-01,QQQ,2023-03-16,2023-03-16T14:20:00+00:00,continuation_long,2023,10:00,15min,0.002913347255523613,-1.7573543512020193e-06,3000
HYP-OR-CONT-EVENT-01,QQQ,2023-03-16,2023-03-16T14:20:00+00:00,continuation_long,2023,10:00,60min,0.015335503695005581,0.0002548164251713152,3000
HYP-OR-CONT-EVENT-01,QQQ,2023-03-16,2023-03-16T14:20:00+00:00,continuation_long,2023,10:00,session_close,0.027257425586762585,0.4977633242908164,3000
HYP-OR-CONT-EVENT-01,QQQ,2023-03-17,2023-03-17T14:20:00+00:00,continuation_long,2023,10:00,30min,-0.008370790176535747,1.671878792421407e-05,3000
HYP-OR-CONT-EVENT-01,QQQ,2023-03-17,2023-03-17T14:20:00+00:00,continuation_long,2023,10:00,15min,-0.005015959872320952,-1.7573543512020193e-06,3000
HYP-OR-CONT-EVENT-01,QQQ,2023-03-17,2023-03-17T14:20:00+00:00,continuation_long,2023,10:00,60min,-0.009380496384600367,0.0002548164251713152,3000
HYP-OR-CONT-EVENT-01,QQQ,2023-03-17,2023-03-17T14:20:00+00:00,continuation_long,2023,10:00,session_close,-0.005504527392352299,0.4977633242908164,3000
HYP-OR-CONT-EVENT-01,QQQ,2023-03-20,2023-03-20T15:05:00+00:00,continuation_long,2023,11:00,30min,0.001704862135667673,0.00023385157915617775,3000
HYP-OR-CONT-EVENT-01,QQQ,2023-03-20,2023-03-20T15:05:00+00:00,continuation_long,2023,11:00,15min,0.00029507229271175106,0.0001376980686055555,3000
HYP-OR-CONT-EVENT-01,QQQ,2023-03-20,2023-03-20T15:05:00+00:00,continuation_long,2023,11:00,60min,-0.0049506573554964906,0.00037841967838285527,3000
HYP-OR-CONT-EVENT-01,QQQ,2023-03-20,2023-03-20T15:05:00+00:00,continuation_long,2023,11:00,session_close,0.0029507229271172886,0.4974449236513215,3000
HYP-OR-CONT-EVENT-01,QQQ,2023-03-21,2023-03-21T14:20:00+00:00,continuation_long,2023,10:00,30min,-0.003950360600350922,1.671878792421407e-05,3000
HYP-OR-CONT-EVENT-01,QQQ,2023-03-21,2023-03-21T14:20:00+00:00,continuation_long,2023,10:00,15min,-0.0011532713923722016,-1.7573543512020193e-06,3000
HYP-OR-CONT-EVENT-01,QQQ,2023-03-21,2023-03-21T14:20:00+00:00,continuation_long,2023,10:00,60min,-0.0005847573257098393,0.0002548164251713152,3000
HYP-OR-CONT-EVENT-01,QQQ,2023-03-21,2023-03-21T14:20:00+00:00,continuation_long,2023,10:00,session_close,0.00812162952374762,0.4977633242908164,3000
HYP-OR-CONT-EVENT-01,QQQ,2023-03-22,2023-03-22T14:40:00+00:00,continuation_long,2023,10:00,30min,-0.0013488342218511695,1.671878792421407e-05,3000
HYP-OR-CONT-EVENT-01,QQQ,2023-03-22,2023-03-22T14:40:00+00:00,continuation_long,2023,10:00,15min,-0.0005298991585844792,-1.7573543512020193e-06,3000
HYP-OR-CONT-EVENT-01,QQQ,2023-03-22,2023-03-22T14:40:00+00:00,continuation_long,2023,10:00,60min,0.0009634530156079624,0.0002548164251713152,3000
HYP-OR-CONT-EVENT-01,QQQ,2023-03-22,2023-03-22T14:40:00+00:00,continuation_long,2023,10:00,session_close,-0.01731003918042262,0.4977633242908164,3000
HYP-OR-CONT-EVENT-01,QQQ,2023-03-23,2023-03-23T14:20:00+00:00,continuation_long,2023,10:00,30min,0.005485661127863084,1.671878792421407e-05,3000
HYP-OR-CONT-EVENT-01,QQQ,2023-03-23,2023-03-23T14:20:00+00:00,continuation_long,2023,10:00,15min,0.0013793545903637572,-1.7573543512020193e-06,3000
HYP-OR-CONT-EVENT-01,QQQ,2023-03-23,2023-03-23T14:20:00+00:00,continuation_long,2023,10:00,60min,0.005886315519342933,0.0002548164251713152,3000
HYP-OR-CONT-EVENT-01,QQQ,2023-03-23,2023-03-23T14:20:00+00:00,continuation_long,2023,10:00,session_close,-0.0062872906909605675,0.4977633242908164,3000
HYP-OR-CONT-EVENT-01,QQQ,2023-03-24,2023-03-24T15:30:00+00:00,continuation_short,2023,11:00,30min,-0.0049107288041887465,-0.00023385157915617775,3000
HYP-OR-CONT-EVENT-01,QQQ,2023-03-24,2023-03-24T15:30:00+00:00,continuation_short,2023,11:00,15min,-0.004552993593287535,-0.0001376980686055555,3000
HYP-OR-CONT-EVENT-01,QQQ,2023-03-24,2023-03-24T15:30:00+00:00,continuation_short,2023,11:00,60min,-0.002211454031025406,-0.00037841967838285527,3000
HYP-OR-CONT-EVENT-01,QQQ,2023-03-24,2023-03-24T15:30:00+00:00,continuation_short,2023,11:00,session_close,-0.011252398451982115,-0.4974449236513215,3000
HYP-OR-CONT-EVENT-01,QQQ,2023-03-27,2023-03-27T14:50:00+00:00,continuation_short,2023,10:00,30min,0.0029616276075198344,-1.671878792421407e-05,3000
HYP-OR-CONT-EVENT-01,QQQ,2023-03-27,2023-03-27T14:50:00+00:00,continuation_short,2023,10:00,15min,0.00352176152459438,1.7573543512020193e-06,3000
HYP-OR-CONT-EVENT-01,QQQ,2023-03-27,2023-03-27T14:50:00+00:00,continuation_short,2023,10:00,60min,0.006245171259335547,-0.0002548164251713152,3000
HYP-OR-CONT-EVENT-01,QQQ,2023-03-27,2023-03-27T14:50:00+00:00,continuation_short,2023,10:00,session_close,0.006229075457120814,-0.4977633242908164,3000
HYP-OR-CONT-EVENT-01,QQQ,2023-03-28,2023-03-28T14:20:00+00:00,continuation_short,2023,10:00,30min,0.004983713355048769,-1.671878792421407e-05,3000
HYP-OR-CONT-EVENT-01,QQQ,2023-03-28,2023-03-28T14:20:00+00:00,continuation_short,2023,10:00,15min,0.005423452768729686,1.7573543512020193e-06,3000
HYP-OR-CONT-EVENT-01,QQQ,2023-03-28,2023-03-28T14:20:00+00:00,continuation_short,2023,10:00,60min,0.0022801302931595435,-0.0002548164251713152,3000
HYP-OR-CONT-EVENT-01,QQQ,2023-03-28,2023-03-28T14:20:00+00:00,continuation_short,2023,10:00,session_close,-0.00035830618892518373,-0.4977633242908164,3000
HYP-OR-CONT-EVENT-01,QQQ,2023-03-29,2023-03-29T14:20:00+00:00,continuation_long,2023,10:00,30min,-0.004012712272479235,1.671878792421407e-05,3000
HYP-OR-CONT-EVENT-01,QQQ,2023-03-29,2023-03-29T14:20:00+00:00,continuation_long,2023,10:00,15min,-0.00317806811980359,-1.7573543512020193e-06,3000
HYP-OR-CONT-EVENT-01,QQQ,2023-03-29,2023-03-29T14:20:00+00:00,continuation_long,2023,10:00,60min,-0.0015119899842701567,0.0002548164251713152,3000
HYP-OR-CONT-EVENT-01,QQQ,2023-03-29,2023-03-29T14:20:00+00:00,continuation_long,2023,10:00,session_close,0.004173220763378449,0.4977633242908164,3000
HYP-OR-CONT-EVENT-01,QQQ,2023-03-30,2023-03-30T14:30:00+00:00,continuation_short,2023,10:00,30min,0.00044448665590279823,-1.671878792421407e-05,3000
HYP-OR-CONT-EVENT-01,QQQ,2023-03-30,2023-03-30T14:30:00+00:00,continuation_short,2023,10:00,15min,0.0014562953113621546,1.7573543512020193e-06,3000
HYP-OR-CONT-EVENT-01,QQQ,2023-03-30,2023-03-30T14:30:00+00:00,continuation_short,2023,10:00,60min,0.001677905467439178,-0.0002548164251713152,3000
HYP-OR-CONT-EVENT-01,QQQ,2023-03-30,2023-03-30T14:30:00+00:00,continuation_short,2023,10:00,session_close,0.0006015132807800638,-0.4977633242908164,3000
HYP-OR-CONT-EVENT-01,QQQ,2023-03-31,2023-03-31T14:50:00+00:00,continuation_long,2023,10:00,30min,0.0014325701346082909,1.671878792421407e-05,3000
HYP-OR-CONT-EVENT-01,QQQ,2023-03-31,2023-03-31T14:50:00+00:00,continuation_long,2023,10:00,15min,-0.0006293244433260847,-1.7573543512020193e-06,3000
HYP-OR-CONT-EVENT-01,QQQ,2023-03-31,2023-03-31T14:50:00+00:00,continuation_long,2023,10:00,60min,0.0017612278273997362,0.0002548164251713152,3000
HYP-OR-CONT-EVENT-01,QQQ,2023-03-31,2023-03-31T14:50:00+00:00,continuation_long,2023,10:00,session_close,0.009214995596930509,0.4977633242908164,3000
HYP-OR-CONT-EVENT-01,QQQ,2023-04-03,2023-04-03T14:40:00+00:00,continuation_long,2023,10:00,30min,-0.005291170945522894,1.671878792421407e-05,3000
HYP-OR-CONT-EVENT-01,QQQ,2023-04-03,2023-04-03T14:40:00+00:00,continuation_long,2023,10:00,15min,-0.004304946775203544,-1.7573543512020193e-06,3000
HYP-OR-CONT-EVENT-01,QQQ,2023-04-03,2023-04-03T14:40:00+00:00,continuation_long,2023,10:00,60min,-0.005134627426424454,0.0002548164251713152,3000
HYP-OR-CONT-EVENT-01,QQQ,2023-04-03,2023-04-03T14:40:00+00:00,continuation_long,2023,10:00,session_close,0.0023794614902945543,0.4977633242908164,3000
HYP-OR-CONT-EVENT-01,QQQ,2023-04-04,2023-04-04T14:20:00+00:00,continuation_long,2023,10:00,30min,-0.0008107770986652829,1.671878792421407e-05,3000
HYP-OR-CONT-EVENT-01,QQQ,2023-04-04,2023-04-04T14:20:00+00:00,continuation_long,2023,10:00,15min,-0.00040538854933269697,-1.7573543512020193e-06,3000
HYP-OR-CONT-EVENT-01,QQQ,2023-04-04,2023-04-04T14:20:00+00:00,continuation_long,2023,10:00,60min,-0.004584008980915599,0.0002548164251713152,3000
HYP-OR-CONT-EVENT-01,QQQ,2023-04-04,2023-04-04T14:20:00+00:00,continuation_long,2023,10:00,session_close,-0.00483347885742802,0.4977633242908164,3000
HYP-OR-CONT-EVENT-01,QQQ,2023-04-05,2023-04-05T14:20:00+00:00,continuation_short,2023,10:00,30min,0.004393589784113527,-1.671878792421407e-05,3000
HYP-OR-CONT-EVENT-01,QQQ,2023-04-05,2023-04-05T14:20:00+00:00,continuation_short,2023,10:00,15min,0.0016183582514144312,1.7573543512020193e-06,3000
HYP-OR-CONT-EVENT-01,QQQ,2023-04-05,2023-04-05T14:20:00+00:00,continuation_short,2023,10:00,60min,0.004203938426525888,-0.0002548164251713152,3000
HYP-OR-CONT-EVENT-01,QQQ,2023-04-05,2023-04-05T14:20:00+00:00,continuation_short,2023,10:00,session_close,0.001643645099092761,-0.4977633242908164,3000
HYP-OR-CONT-EVENT-01,QQQ,2023-04-06,2023-04-06T14:20:00+00:00,continuation_long,2023,10:00,30min,-9.536221748929208e-05,1.671878792421407e-05,3000
HYP-OR-CONT-EVENT-01,QQQ,2023-04-06,2023-04-06T14:20:00+00:00,continuation_long,2023,10:00,15min,0.0003496614641278484,-1.7573543512020193e-06,3000
HYP-OR-CONT-EVENT-01,QQQ,2023-04-06,2023-04-06T14:20:00+00:00,continuation_long,2023,10:00,60min,0.004132362757875319,0.0002548164251713152,3000
HYP-OR-CONT-EVENT-01,QQQ,2023-04-06,2023-04-06T14:20:00+00:00,continuation_long,2023,10:00,session_close,0.011157379446263604,0.4977633242908164,3000
HYP-OR-CONT-EVENT-01,QQQ,2023-04-10,2023-04-10T15:25:00+00:00,continuation_long,2023,11:00,30min,-0.0004755714783932774,0.00023385157915617775,3000
HYP-OR-CONT-EVENT-01,QQQ,2023-04-10,2023-04-10T15:25:00+00:00,continuation_long,2023,11:00,15min,0.0022827430962872874,0.0001376980686055555,3000
HYP-OR-CONT-EVENT-01,QQQ,2023-04-10,2023-04-10T15:25:00+00:00,continuation_long,2023,11:00,60min,-0.0008877334263340808,0.00037841967838285527,3000
HYP-OR-CONT-EVENT-01,QQQ,2023-04-10,2023-04-10T15:25:00+00:00,continuation_long,2023,11:00,session_close,0.007957896071779658,0.4974449236513215,3000
HYP-OR-CONT-EVENT-01,QQQ,2023-04-11,2023-04-11T14:50:00+00:00,continuation_short,2023,10:00,30min,-0.0008864487899389317,-1.671878792421407e-05,3000
HYP-OR-CONT-EVENT-01,QQQ,2023-04-11,2023-04-11T14:50:00+00:00,continuation_short,2023,10:00,15min,0.0009491110035796391,1.7573543512020193e-06,3000
HYP-OR-CONT-EVENT-01,QQQ,2023-04-11,2023-04-11T14:50:00+00:00,continuation_short,2023,10:00,60min,0.0002370403940250565,-0.0002548164251713152,3000
HYP-OR-CONT-EVENT-01,QQQ,2023-04-11,2023-04-11T14:50:00+00:00,continuation_short,2023,10:00,session_close,0.000474397263876547,-0.4977633242908164,3000
HYP-OR-CONT-EVENT-01,QQQ,2023-04-12,2023-04-12T15:15:00+00:00,continuation_short,2023,11:00,30min,-0.004938035617573,-0.00023385157915617775,3000
HYP-OR-CONT-EVENT-01,QQQ,2023-04-12,2023-04-12T15:15:00+00:00,continuation_short,2023,11:00,15min,-0.002325655484405331,-0.0001376980686055555,3000
HYP-OR-CONT-EVENT-01,QQQ,2023-04-12,2023-04-12T15:15:00+00:00,continuation_short,2023,11:00,60min,-0.006148650801236055,-0.00037841967838285527,3000
HYP-OR-CONT-EVENT-01,QQQ,2023-04-12,2023-04-12T15:15:00+00:00,continuation_short,2023,11:00,session_close,0.002707955016088337,-0.4974449236513215,3000
HYP-OR-CONT-EVENT-01,QQQ,2023-04-13,2023-04-13T14:25:00+00:00,continuation_long,2023,10:00,30min,-0.0015151133104294168,1.671878792421407e-05,3000
HYP-OR-CONT-EVENT-01,QQQ,2023-04-13,2023-04-13T14:25:00+00:00,continuation_long,2023,10:00,15min,-0.0011977180319601155,-1.7573543512020193e-06,3000
HYP-OR-CONT-EVENT-01,QQQ,2023-04-13,2023-04-13T14:25:00+00:00,continuation_long,2023,10:00,60min,0.0,0.0002548164251713152,3000
HYP-OR-CONT-EVENT-01,QQQ,2023-04-13,2023-04-13T14:25:00+00:00,continuation_long,2023,10:00,session_close,0.006303779115579777,0.4977633242908164,3000
HYP-OR-CONT-EVENT-01,QQQ,2023-04-14,2023-04-14T14:45:00+00:00,continuation_short,2023,10:00,30min,-0.002141462492914359,-1.671878792421407e-05,3000
HYP-OR-CONT-EVENT-01,QQQ,2023-04-14,2023-04-14T14:45:00+00:00,continuation_short,2023,10:00,15min,0.0004093972412924085,1.7573543512020193e-06,3000
HYP-OR-CONT-EVENT-01,QQQ,2023-04-14,2023-04-14T14:45:00+00:00,continuation_short,2023,10:00,60min,0.0011966996283933051,-0.0002548164251713152,3000
HYP-OR-CONT-EVENT-01,QQQ,2023-04-14,2023-04-14T14:45:00+00:00,continuation_short,2023,10:00,session_close,-0.0032436858348554587,-0.4977633242908164,3000
HYP-OR-CONT-EVENT-01,QQQ,2023-04-17,2023-04-17T14:55:00+00:00,continuation_short,2023,10:00,30min,0.000409771473601217,-1.671878792421407e-05,3000
HYP-OR-CONT-EVENT-01,QQQ,2023-04-17,2023-04-17T14:55:00+00:00,continuation_short,2023,10:00,15min,-0.0006934594168637176,1.7573543512020193e-06,3000
HYP-OR-CONT-EVENT-01,QQQ,2023-04-17,2023-04-17T14:55:00+00:00,continuation_short,2023,10:00,60min,0.0016375098502757757,-0.0002548164251713152,3000
HYP-OR-CONT-EVENT-01,QQQ,2023-04-17,2023-04-17T14:55:00+00:00,continuation_short,2023,10:00,session_close,-0.004838455476753323,-0.4977633242908164,3000
HYP-OR-CONT-EVENT-01,QQQ,2023-04-18,2023-04-18T14:20:00+00:00,continuation_short,2023,10:00,30min,0.0031919887341574915,-1.671878792421407e-05,3000
HYP-OR-CONT-EVENT-01,QQQ,2023-04-18,2023-04-18T14:20:00+00:00,continuation_short,2023,10:00,15min,0.003035518698169426,1.7573543512020193e-06,3000
HYP-OR-CONT-EVENT-01,QQQ,2023-04-18,2023-04-18T14:20:00+00:00,continuation_short,2023,10:00,60min,0.0034423407917384408,-0.0002548164251713152,3000
HYP-OR-CONT-EVENT-01,QQQ,2023-04-18,2023-04-18T14:20:00+00:00,continuation_short,2023,10:00,session_close,0.0022218745110312854,-0.4977633242908164,3000
HYP-OR-CONT-EVENT-01,QQQ,2023-04-19,2023-04-19T14:55:00+00:00,continuation_long,2023,10:00,30min,0.0014175460702472442,1.671878792421407e-05,3000
HYP-OR-CONT-EVENT-01,QQQ,2023-04-19,2023-04-19T14:55:00+00:00,continuation_long,2023,10:00,15min,0.00217357064104573,-1.7573543512020193e-06,3000
HYP-OR-CONT-EVENT-01,QQQ,2023-04-19,2023-04-19T14:55:00+00:00,continuation_long,2023,10:00,60min,0.003370609544810277,0.0002548164251713152,3000
HYP-OR-CONT-EVENT-01,QQQ,2023-04-19,2023-04-19T14:55:00+00:00,continuation_long,2023,10:00,session_close,0.004063632068042278,0.4977633242908164,3000
HYP-OR-CONT-EVENT-01,QQQ,2023-04-20,2023-04-20T14:20:00+00:00,continuation_long,2023,10:00,30min,-0.00021930652570645304,1.671878792421407e-05,3000
HYP-OR-CONT-EVENT-01,QQQ,2023-04-20,2023-04-20T14:20:00+00:00,continuation_long,2023,10:00,15min,-0.0012900383865079856,-1.7573543512020193e-06,3000
HYP-OR-CONT-EVENT-01,QQQ,2023-04-20,2023-04-20T14:20:00+00:00,continuation_long,2023,10:00,60min,-0.0017305392989742652,0.0002548164251713152,3000
HYP-OR-CONT-EVENT-01,QQQ,2023-04-20,2023-04-20T14:20:00+00:00,continuation_long,2023,10:00,session_close,-0.004751116984456627,0.4977633242908164,3000
HYP-OR-CONT-EVENT-01,QQQ,2023-04-21,2023-04-21T15:50:00+00:00,continuation_long,2023,11:00,30min,0.0024863803370074322,0.00023385157915617775,3000
HYP-OR-CONT-EVENT-01,QQQ,2023-04-21,2023-04-21T15:50:00+00:00,continuation_long,2023,11:00,15min,0.0016470290130494725,0.0001376980686055555,3000
HYP-OR-CONT-EVENT-01,QQQ,2023-04-21,2023-04-21T15:50:00+00:00,continuation_long,2023,11:00,60min,0.0015836817433168004,0.00037841967838285527,3000
HYP-OR-CONT-EVENT-01,QQQ,2023-04-21,2023-04-21T15:50:00+00:00,continuation_long,2023,11:00,session_close,0.002787279868237569,0.4974449236513215,3000
HYP-OR-CONT-EVENT-01,QQQ,2023-04-24,2023-04-24T14:55:00+00:00,continuation_short,2023,10:00,30min,0.0019993652808631968,-1.671878792421407e-05,3000
HYP-OR-CONT-EVENT-01,QQQ,2023-04-24,2023-04-24T14:55:00+00:00,continuation_short,2023,10:00,15min,0.0012059663598857906,1.7573543512020193e-06,3000
HYP-OR-CONT-EVENT-01,QQQ,2023-04-24,2023-04-24T14:55:00+00:00,continuation_short,2023,10:00,60min,0.0034592192954618906,-0.0002548164251713152,3000
HYP-OR-CONT-EVENT-01,QQQ,2023-04-24,2023-04-24T14:55:00+00:00,continuation_short,2023,10:00,session_close,-0.0026658203744842623,-0.4977633242908164,3000
HYP-OR-CONT-EVENT-01,QQQ,2023-04-25,2023-04-25T14:25:00+00:00,continuation_short,2023,10:00,30min,-0.0002872462657985686,-1.671878792421407e-05,3000
HYP-OR-CONT-EVENT-01,QQQ,2023-04-25,2023-04-25T14:25:00+00:00,continuation_short,2023,10:00,15min,0.00038299502106475813,1.7573543512020193e-06,3000
HYP-OR-CONT-EVENT-01,QQQ,2023-04-25,2023-04-25T14:25:00+00:00,continuation_short,2023,10:00,60min,-0.00022341376228762755,-0.0002548164251713152,3000
HYP-OR-CONT-EVENT-01,QQQ,2023-04-25,2023-04-25T14:25:00+00:00,continuation_short,2023,10:00,session_close,0.010787693093323059,-0.4977633242908164,3000
HYP-OR-CONT-EVENT-01,QQQ,2023-04-26,2023-04-26T15:25:00+00:00,continuation_long,2023,11:00,30min,-9.57500954320567e-05,0.00023385157915617775,3000
HYP-OR-CONT-EVENT-01,QQQ,2023-04-26,2023-04-26T15:25:00+00:00,continuation_long,2023,11:00,15min,-0.00031810662934217415,0.0001376980686055555,3000
HYP-OR-CONT-EVENT-01,QQQ,2023-04-26,2023-04-26T15:25:00+00:00,continuation_long,2023,11:00,60min,0.0002544853034736061,0.00037841967838285527,3000
HYP-OR-CONT-EVENT-01,QQQ,2023-04-26,2023-04-26T15:25:00+00:00,continuation_long,2023,11:00,session_close,-0.008175340374093398,0.4974449236513215,3000
HYP-OR-CONT-EVENT-01,QQQ,2023-04-27,2023-04-27T14:30:00+00:00,continuation_long,2023,10:00,30min,0.0008213857133834157,1.671878792421407e-05,3000
HYP-OR-CONT-EVENT-01,QQQ,2023-04-27,2023-04-27T14:30:00+00:00,continuation_long,2023,10:00,15min,0.0024632097517842677,-1.7573543512020193e-06,3000
HYP-OR-CONT-EVENT-01,QQQ,2023-04-27,2023-04-27T14:30:00+00:00,continuation_long,2023,10:00,60min,0.004500094738836502,0.0002548164251713152,3000
HYP-OR-CONT-EVENT-01,QQQ,2023-04-27,2023-04-27T14:30:00+00:00,continuation_long,2023,10:00,session_close,0.011810774963683324,0.4977633242908164,3000
HYP-OR-CONT-EVENT-01,QQQ,2023-04-28,2023-04-28T14:25:00+00:00,continuation_long,2023,10:00,30min,-0.005757274309873273,1.671878792421407e-05,3000
HYP-OR-CONT-EVENT-01,QQQ,2023-04-28,2023-04-28T14:25:00+00:00,continuation_long,2023,10:00,15min,-0.0028599850783387337,-1.7573543512020193e-06,3000
HYP-OR-CONT-EVENT-01,QQQ,2023-04-28,2023-04-28T14:25:00+00:00,continuation_long,2023,10:00,60min,-0.005284755036060629,0.0002548164251713152,3000
HYP-OR-CONT-EVENT-01,QQQ,2023-04-28,2023-04-28T14:25:00+00:00,continuation_long,2023,10:00,session_close,0.002922158666998298,0.4977633242908164,3000
HYP-OR-CONT-EVENT-01,QQQ,2023-05-01,2023-05-01T14:20:00+00:00,continuation_short,2023,10:00,30min,-0.0009374320757646881,-1.671878792421407e-05,3000
HYP-OR-CONT-EVENT-01,QQQ,2023-05-01,2023-05-01T14:20:00+00:00,continuation_short,2023,10:00,15min,0.00037261294829993297,1.7573543512020193e-06,3000
HYP-OR-CONT-EVENT-01,QQQ,2023-05-01,2023-05-01T14:20:00+00:00,continuation_short,2023,10:00,60min,0.002515137401024714,-0.0002548164251713152,3000
HYP-OR-CONT-EVENT-01,QQQ,2023-05-01,2023-05-01T14:20:00+00:00,continuation_short,2023,10:00,session_close,-0.00037261294829993297,-0.4977633242908164,3000
HYP-OR-CONT-EVENT-01,QQQ,2023-05-02,2023-05-02T14:25:00+00:00,continuation_short,2023,10:00,30min,0.004316141744596935,-1.671878792421407e-05,3000
HYP-OR-CONT-EVENT-01,QQQ,2023-05-02,2023-05-02T14:25:00+00:00,continuation_short,2023,10:00,15min,0.0020955180933913686,1.7573543512020193e-06,3000
HYP-OR-CONT-EVENT-01,QQQ,2023-05-02,2023-05-02T14:25:00+00:00,continuation_short,2023,10:00,60min,0.004941669533669146,-0.0002548164251713152,3000
HYP-OR-CONT-EVENT-01,QQQ,2023-05-02,2023-05-02T14:25:00+00:00,continuation_short,2023,10:00,session_close,0.0011572264097832186,-0.4977633242908164,3000
HYP-OR-CONT-EVENT-01,QQQ,2023-05-03,2023-05-03T15:20:00+00:00,continuation_short,2023,11:00,30min,0.0002501250625311924,-0.00023385157915617775,3000
HYP-OR-CONT-EVENT-01,QQQ,2023-05-03,2023-05-03T15:20:00+00:00,continuation_short,2023,11:00,15min,0.0008754377188593399,-0.0001376980686055555,3000
HYP-OR-CONT-EVENT-01,QQQ,2023-05-03,2023-05-03T15:20:00+00:00,continuation_short,2023,11:00,60min,3.126563280497763e-07,-0.00037841967838285527,3000
HYP-OR-CONT-EVENT-01,QQQ,2023-05-03,2023-05-03T15:20:00+00:00,continuation_short,2023,11:00,session_close,0.007785142571285486,-0.4974449236513215,3000
HYP-OR-CONT-EVENT-01,QQQ,2023-05-04,2023-05-04T14:35:00+00:00,continuation_short,2023,10:00,30min,-0.004846373139056226,-1.671878792421407e-05,3000
HYP-OR-CONT-EVENT-01,QQQ,2023-05-04,2023-05-04T14:35:00+00:00,continuation_short,2023,10:00,15min,-0.0023439974659487106,1.7573543512020193e-06,3000
HYP-OR-CONT-EVENT-01,QQQ,2023-05-04,2023-05-04T14:35:00+00:00,continuation_short,2023,10:00,60min,-0.004086157744694452,-0.0002548164251713152,3000
HYP-OR-CONT-EVENT-01,QQQ,2023-05-04,2023-05-04T14:35:00+00:00,continuation_short,2023,10:00,session_close,-0.0016788089958823527,-0.4977633242908164,3000
HYP-OR-CONT-EVENT-01,QQQ,2023-05-05,2023-05-05T14:20:00+00:00,continuation_long,2023,10:00,30min,0.001838553841358781,1.671878792421407e-05,3000
HYP-OR-CONT-EVENT-01,QQQ,2023-05-05,2023-05-05T14:20:00+00:00,continuation_long,2023,10:00,15min,0.002368708119058649,-1.7573543512020193e-06,3000
HYP-OR-CONT-EVENT-01,QQQ,2023-05-05,2023-05-05T14:20:00+00:00,continuation_long,2023,10:00,60min,0.0014648589683652347,0.0002548164251713152,3000
HYP-OR-CONT-EVENT-01,QQQ,2023-05-05,2023-05-05T14:20:00+00:00,continuation_long,2023,10:00,session_close,0.006420445691132981,0.4977633242908164,3000
HYP-OR-CONT-EVENT-01,QQQ,2023-05-08,2023-05-08T15:30:00+00:00,continuation_long,2023,11:00,30min,0.0019555500372485657,0.00023385157915617775,3000
HYP-OR-CONT-EVENT-01,QQQ,2023-05-08,2023-05-08T15:30:00+00:00,continuation_long,2023,11:00,15min,0.0014899428855226216,0.0001376980686055555,3000
HYP-OR-CONT-EVENT-01,QQQ,2023-05-08,2023-05-08T15:30:00+00:00,continuation_long,2023,11:00,60min,0.0015675440774769456,0.00037841967838285527,3000
HYP-OR-CONT-EVENT-01,QQQ,2023-05-08,2023-05-08T15:30:00+00:00,continuation_long,2023,11:00,session_close,0.004904395331512212,0.4974449236513215,3000
HYP-OR-CONT-EVENT-01,QQQ,2023-05-09,2023-05-09T15:30:00+00:00,continuation_short,2023,11:00,30min,0.0012117069533337244,-0.00023385157915617775,3000
HYP-OR-CONT-EVENT-01,QQQ,2023-05-09,2023-05-09T15:30:00+00:00,continuation_short,2023,11:00,15min,-0.0002174858634189647,-0.0001376980686055555,3000
HYP-OR-CONT-EVENT-01,QQQ,2023-05-09,2023-05-09T15:30:00+00:00,continuation_short,2023,11:00,60min,0.0004039023177778711,-0.00037841967838285527,3000
HYP-OR-CONT-EVENT-01,QQQ,2023-05-09,2023-05-09T15:30:00+00:00,continuation_short,2023,11:00,session_close,0.0008388740446158005,-0.4974449236513215,3000
HYP-OR-CONT-EVENT-01,QQQ,2023-05-10,2023-05-10T14:20:00+00:00,continuation_long,2023,10:00,30min,-0.004422973202040215,1.671878792421407e-05,3000
HYP-OR-CONT-EVENT-01,QQQ,2023-05-10,2023-05-10T14:20:00+00:00,continuation_long,2023,10:00,15min,0.00035442959949461006,-1.7573543512020193e-06,3000
HYP-OR-CONT-EVENT-01,QQQ,2023-05-10,2023-05-10T14:20:00+00:00,continuation_long,2023,10:00,60min,-0.0013714884502180613,0.0002548164251713152,3000
HYP-OR-CONT-EVENT-01,QQQ,2023-05-10,2023-05-10T14:20:00+00:00,continuation_long,2023,10:00,session_close,0.0021111676143805713,0.4977633242908164,3000
HYP-OR-CONT-EVENT-01,QQQ,2023-05-11,2023-05-11T14:50:00+00:00,continuation_short,2023,10:00,30min,-0.0010456069133069068,-1.671878792421407e-05,3000
HYP-OR-CONT-EVENT-01,QQQ,2023-05-11,2023-05-11T14:50:00+00:00,continuation_short,2023,10:00,15min,-0.0007380754682166923,1.7573543512020193e-06,3000
HYP-OR-CONT-EVENT-01,QQQ,2023-05-11,2023-05-11T14:50:00+00:00,continuation_short,2023,10:00,60min,-0.0024448749884673493,-0.0002548164251713152,3000
HYP-OR-CONT-EVENT-01,QQQ,2023-05-11,2023-05-11T14:50:00+00:00,continuation_short,2023,10:00,session_close,-0.0031368207399204984,-0.4977633242908164,3000
HYP-OR-CONT-EVENT-01,QQQ,2023-05-12,2023-05-12T14:20:00+00:00,continuation_short,2023,10:00,30min,0.0018274517030620885,-1.671878792421407e-05,3000
HYP-OR-CONT-EVENT-01,QQQ,2023-05-12,2023-05-12T14:20:00+00:00,continuation_short,2023,10:00,15min,0.00162781412205526,1.7573543512020193e-06,3000
HYP-OR-CONT-EVENT-01,QQQ,2023-05-12,2023-05-12T14:20:00+00:00,continuation_short,2023,10:00,60min,0.002610645290088698,-0.0002548164251713152,3000
HYP-OR-CONT-EVENT-01,QQQ,2023-05-12,2023-05-12T14:20:00+00:00,continuation_short,2023,10:00,session_close,0.0017199545440584885,-0.4977633242908164,3000
HYP-OR-CONT-EVENT-01,QQQ,2023-05-15,2023-05-15T14:25:00+00:00,continuation_short,2023,10:00,30min,-0.0010480241662043088,-1.671878792421407e-05,3000
HYP-OR-CONT-EVENT-01,QQQ,2023-05-15,2023-05-15T14:25:00+00:00,continuation_short,2023,10:00,15min,-0.0017569816904012825,1.7573543512020193e-06,3000
HYP-OR-CONT-EVENT-01,QQQ,2023-05-15,2023-05-15T14:25:00+00:00,continuation_short,2023,10:00,60min,-0.004376733863510118,-0.0002548164251713152,3000
HYP-OR-CONT-EVENT-01,QQQ,2023-05-15,2023-05-15T14:25:00+00:00,continuation_short,2023,10:00,session_close,-0.007521114604525092,-0.4977633242908164,3000
HYP-OR-CONT-EVENT-01,QQQ,2023-05-16,2023-05-16T14:50:00+00:00,continuation_long,2023,10:00,30min,0.0014951017792290688,1.671878792421407e-05,3000
HYP-OR-CONT-EVENT-01,QQQ,2023-05-16,2023-05-16T14:50:00+00:00,continuation_long,2023,10:00,15min,0.0013437299722280915,-1.7573543512020193e-06,3000
HYP-OR-CONT-EVENT-01,QQQ,2023-05-16,2023-05-16T14:50:00+00:00,continuation_long,2023,10:00,60min,0.0028687398907436545,0.0002548164251713152,3000
HYP-OR-CONT-EVENT-01,QQQ,2023-05-16,2023-05-16T14:50:00+00:00,continuation_long,2023,10:00,session_close,-0.0016174810022279162,0.4977633242908164,3000
HYP-OR-CONT-EVENT-01,QQQ,2023-05-17,2023-05-17T15:20:00+00:00,continuation_long,2023,11:00,30min,0.0004869438188570552,0.00023385157915617775,3000
HYP-OR-CONT-EVENT-01,QQQ,2023-05-17,2023-05-17T15:20:00+00:00,continuation_long,2023,11:00,15min,0.00018260393207136794,0.0001376980686055555,3000
HYP-OR-CONT-EVENT-01,QQQ,2023-05-17,2023-05-17T15:20:00+00:00,continuation_long,2023,11:00,60min,0.0005782457848926281,0.00037841967838285527,3000
HYP-OR-CONT-EVENT-01,QQQ,2023-05-17,2023-05-17T15:20:00+00:00,continuation_long,2023,11:00,session_close,0.007882403067746235,0.4974449236513215,3000
HYP-OR-CONT-EVENT-01,QQQ,2023-05-18,2023-05-18T14:25:00+00:00,continuation_long,2023,10:00,30min,0.0013763389384238156,1.671878792421407e-05,3000
HYP-OR-CONT-EVENT-01,QQQ,2023-05-18,2023-05-18T14:25:00+00:00,continuation_long,2023,10:00,15min,-5.9840823409818e-05,-1.7573543512020193e-06,3000
HYP-OR-CONT-EVENT-01,QQQ,2023-05-18,2023-05-18T14:25:00+00:00,continuation_long,2023,10:00,60min,0.00403775955957153,0.0002548164251713152,3000
HYP-OR-CONT-EVENT-01,QQQ,2023-05-18,2023-05-18T14:25:00+00:00,continuation_long,2023,10:00,session_close,0.009006043923164286,0.4977633242908164,3000
HYP-OR-CONT-EVENT-01,QQQ,2023-05-19,2023-05-19T15:00:00+00:00,continuation_short,2023,11:00,30min,0.0022845953002612607,-0.00023385157915617775,3000
HYP-OR-CONT-EVENT-01,QQQ,2023-05-19,2023-05-19T15:00:00+00:00,continuation_short,2023,11:00,15min,0.000178020413007407,-0.0001376980686055555,3000
HYP-OR-CONT-EVENT-01,QQQ,2023-05-19,2023-05-19T15:00:00+00:00,continuation_short,2023,11:00,60min,0.0016917873249465698,-0.00037841967838285527,3000
HYP-OR-CONT-EVENT-01,QQQ,2023-05-19,2023-05-19T15:00:00+00:00,continuation_short,2023,11:00,session_close,0.0017208639924045643,-0.4974449236513215,3000
HYP-OR-CONT-EVENT-01,QQQ,2023-05-23,2023-05-23T14:20:00+00:00,continuation_long,2023,10:00,30min,-0.0016183872548292122,1.671878792421407e-05,3000
HYP-OR-CONT-EVENT-01,QQQ,2023-05-23,2023-05-23T14:20:00+00:00,continuation_long,2023,10:00,15min,-0.00010393312645684549,-1.7573543512020193e-06,3000
HYP-OR-CONT-EVENT-01,QQQ,2023-05-23,2023-05-23T14:20:00+00:00,continuation_long,2023,10:00,60min,-7.423794746919121e-05,0.0002548164251713152,3000
HYP-OR-CONT-EVENT-01,QQQ,2023-05-23,2023-05-23T14:20:00+00:00,continuation_long,2023,10:00,session_close,-0.010200293982271957,0.4977633242908164,3000
HYP-OR-CONT-EVENT-01,QQQ,2023-05-24,2023-05-24T14:20:00+00:00,continuation_short,2023,10:00,30min,0.0033771611655181166,-1.671878792421407e-05,3000
HYP-OR-CONT-EVENT-01,QQQ,2023-05-24,2023-05-24T14:20:00+00:00,continuation_short,2023,10:00,15min,0.001556643694837323,1.7573543512020193e-06,3000
HYP-OR-CONT-EVENT-01,QQQ,2023-05-24,2023-05-24T14:20:00+00:00,continuation_short,2023,10:00,60min,0.0004836174585901576,-0.0002548164251713152,3000
HYP-OR-CONT-EVENT-01,QQQ,2023-05-24,2023-05-24T14:20:00+00:00,continuation_short,2023,10:00,session_close,-0.00244831338411311,-0.4977633242908164,3000
HYP-OR-CONT-EVENT-01,QQQ,2023-05-25,2023-05-25T15:30:00+00:00,continuation_long,2023,11:00,30min,-0.0003241204549473409,0.00023385157915617775,3000
HYP-OR-CONT-EVENT-01,QQQ,2023-05-25,2023-05-25T15:30:00+00:00,continuation_long,2023,11:00,15min,-0.0017384642583534449,0.0001376980686055555,3000
HYP-OR-CONT-EVENT-01,QQQ,2023-05-25,2023-05-25T15:30:00+00:00,continuation_long,2023,11:00,60min,0.0003241204549473409,0.00037841967838285527,3000
HYP-OR-CONT-EVENT-01,QQQ,2023-05-25,2023-05-25T15:30:00+00:00,continuation_long,2023,11:00,session_close,0.0010607578525547723,0.4974449236513215,3000
HYP-OR-CONT-EVENT-01,QQQ,2023-05-26,2023-05-26T14:20:00+00:00,continuation_long,2023,10:00,30min,0.005782293178519637,1.671878792421407e-05,3000
HYP-OR-CONT-EVENT-01,QQQ,2023-05-26,2023-05-26T14:20:00+00:00,continuation_long,2023,10:00,15min,0.003649637155297425,-1.7573543512020193e-06,3000
HYP-OR-CONT-EVENT-01,QQQ,2023-05-26,2023-05-26T14:20:00+00:00,continuation_long,2023,10:00,60min,0.00464441219158207,0.0002548164251713152,3000
HYP-OR-CONT-EVENT-01,QQQ,2023-05-26,2023-05-26T14:20:00+00:00,continuation_long,2023,10:00,session_close,0.01132075471698113,0.4977633242908164,3000
HYP-OR-CONT-EVENT-01,QQQ,2023-05-30,2023-05-30T14:20:00+00:00,continuation_short,2023,10:00,30min,-2.845962290987103e-05,-1.671878792421407e-05,3000
HYP-OR-CONT-EVENT-01,QQQ,2023-05-30,2023-05-30T14:20:00+00:00,continuation_short,2023,10:00,15min,0.0010672358591248265,1.7573543512020193e-06,3000
HYP-OR-CONT-EVENT-01,QQQ,2023-05-30,2023-05-30T14:20:00+00:00,continuation_short,2023,10:00,60min,0.0020064034151546783,-0.0002548164251713152,3000
HYP-OR-CONT-EVENT-01,QQQ,2023-05-30,2023-05-30T14:20:00+00:00,continuation_short,2023,10:00,session_close,0.004027036641764514,-0.4977633242908164,3000
HYP-OR-CONT-EVENT-01,QQQ,2023-05-31,2023-05-31T14:30:00+00:00,continuation_short,2023,10:00,30min,2.215094285340502e-05,-1.671878792421407e-05,3000
HYP-OR-CONT-EVENT-01,QQQ,2023-05-31,2023-05-31T14:30:00+00:00,continuation_short,2023,10:00,15min,-0.0011650820591746491,1.7573543512020193e-06,3000
HYP-OR-CONT-EVENT-01,QQQ,2023-05-31,2023-05-31T14:30:00+00:00,continuation_short,2023,10:00,60min,0.002747292262992085,-0.0002548164251713152,3000
HYP-OR-CONT-EVENT-01,QQQ,2023-05-31,2023-05-31T14:30:00+00:00,continuation_short,2023,10:00,session_close,-0.0001294535621305659,-0.4977633242908164,3000
HYP-OR-CONT-EVENT-01,QQQ,2023-06-01,2023-06-01T14:20:00+00:00,continuation_long,2023,10:00,30min,0.0038794218224660337,1.671878792421407e-05,3000
HYP-OR-CONT-EVENT-01,QQQ,2023-06-01,2023-06-01T14:20:00+00:00,continuation_long,2023,10:00,15min,0.0009192792896348667,-1.7573543512020193e-06,3000
HYP-OR-CONT-EVENT-01,QQQ,2023-06-01,2023-06-01T14:20:00+00:00,continuation_long,2023,10:00,60min,0.005689818672950375,0.0002548164251713152,3000
HYP-OR-CONT-EVENT-01,QQQ,2023-06-01,2023-06-01T14:20:00+00:00,continuation_long,2023,10:00,session_close,0.011667001925342646,0.4977633242908164,3000
HYP-OR-CONT-EVENT-01,QQQ,2023-06-02,2023-06-02T14:20:00+00:00,continuation_short,2023,10:00,30min,-0.0028280914130558443,-1.671878792421407e-05,3000
HYP-OR-CONT-EVENT-01,QQQ,2023-06-02,2023-06-02T14:20:00+00:00,continuation_short,2023,10:00,15min,-0.0006508089150356611,1.7573543512020193e-06,3000
HYP-OR-CONT-EVENT-01,QQQ,2023-06-02,2023-06-02T14:20:00+00:00,continuation_short,2023,10:00,60min,-0.003959723950673011,-0.0002548164251713152,3000
HYP-OR-CONT-EVENT-01,QQQ,2023-06-02,2023-06-02T14:20:00+00:00,continuation_short,2023,10:00,session_close,-0.0030546441905192623,-0.4977633242908164,3000
HYP-OR-CONT-EVENT-01,QQQ,2023-06-05,2023-06-05T15:05:00+00:00,continuation_long,2023,11:00,30min,0.001851540144756747,0.00023385157915617775,3000
HYP-OR-CONT-EVENT-01,QQQ,2023-06-05,2023-06-05T15:05:00+00:00,continuation_long,2023,11:00,15min,0.0007855018795939195,0.0001376980686055555,3000
HYP-OR-CONT-EVENT-01,QQQ,2023-06-05,2023-06-05T15:05:00+00:00,continuation_long,2023,11:00,60min,0.001572125904729882,0.00037841967838285527,3000
HYP-OR-CONT-EVENT-01,QQQ,2023-06-05,2023-06-05T15:05:00+00:00,continuation_long,2023,11:00,session_close,-0.004376367614879695,0.4974449236513215,3000
HYP-OR-CONT-EVENT-01,QQQ,2023-06-06,2023-06-06T14:30:00+00:00,continuation_long,2023,10:00,30min,0.0014386865637958657,1.671878792421407e-05,3000
HYP-OR-CONT-EVENT-01,QQQ,2023-06-06,2023-06-06T14:30:00+00:00,continuation_long,2023,10:00,15min,0.0022003441563935855,-1.7573543512020193e-06,3000
HYP-OR-CONT-EVENT-01,QQQ,2023-06-06,2023-06-06T14:30:00+00:00,continuation_long,2023,10:00,60min,0.0003103049451325113,0.0002548164251713152,3000
HYP-OR-CONT-EVENT-01,QQQ,2023-06-06,2023-06-06T14:30:00+00:00,continuation_long,2023,10:00,session_close,0.0010437529972637805,0.4977633242908164,3000
HYP-OR-CONT-EVENT-01,QQQ,2023-06-07,2023-06-07T14:20:00+00:00,continuation_short,2023,10:00,30min,0.008764266591517633,-1.671878792421407e-05,3000
HYP-OR-CONT-EVENT-01,QQQ,2023-06-07,2023-06-07T14:20:00+00:00,continuation_short,2023,10:00,15min,0.004001690855291007,1.7573543512020193e-06,3000
HYP-OR-CONT-EVENT-01,QQQ,2023-06-07,2023-06-07T14:20:00+00:00,continuation_short,2023,10:00,60min,0.0071097646893054645,-0.0002548164251713152,3000
HYP-OR-CONT-EVENT-01,QQQ,2023-06-07,2023-06-07T14:20:00+00:00,continuation_short,2023,10:00,session_close,0.017049457517260835,-0.4977633242908164,3000
HYP-OR-CONT-EVENT-01,QQQ,2023-06-08,2023-06-08T14:25:00+00:00,continuation_long,2023,10:00,30min,0.0034349567423497263,1.671878792421407e-05,3000
HYP-OR-CONT-EVENT-01,QQQ,2023-06-08,2023-06-08T14:25:00+00:00,continuation_long,2023,10:00,15min,0.0017816165676087792,-1.7573543512020193e-06,3000
HYP-OR-CONT-EVENT-01,QQQ,2023-06-08,2023-06-08T14:25:00+00:00,continuation_long,2023,10:00,60min,0.0057724376790524445,0.0002548164251713152,3000
HYP-OR-CONT-EVENT-01,QQQ,2023-06-08,2023-06-08T14:25:00+00:00,continuation_long,2023,10:00,session_close,0.0064423255084733455,0.4977633242908164,3000
HYP-OR-CONT-EVENT-01,QQQ,2023-06-09,2023-06-09T14:20:00+00:00,continuation_long,2023,10:00,30min,-0.0070201935447783415,1.671878792421407e-05,3000
HYP-OR-CONT-EVENT-01,QQQ,2023-06-09,2023-06-09T14:20:00+00:00,continuation_long,2023,10:00,15min,-0.0025731386697992464,-1.7573543512020193e-06,3000
HYP-OR-CONT-EVENT-01,QQQ,2023-06-09,2023-06-09T14:20:00+00:00,continuation_long,2023,10:00,60min,-0.005286401521508166,0.0002548164251713152,3000
HYP-OR-CONT-EVENT-01,QQQ,2023-06-09,2023-06-09T14:20:00+00:00,continuation_long,2023,10:00,session_close,-0.008530514068356032,0.4977633242908164,3000
HYP-OR-CONT-EVENT-01,QQQ,2023-06-12,2023-06-12T14:25:00+00:00,continuation_short,2023,10:00,30min,0.0007118496582504408,-1.671878792421407e-05,3000
HYP-OR-CONT-EVENT-01,QQQ,2023-06-12,2023-06-12T14:25:00+00:00,continuation_short,2023,10:00,15min,-0.000392696242859758,1.7573543512020193e-06,3000
HYP-OR-CONT-EVENT-01,QQQ,2023-06-12,2023-06-12T14:25:00+00:00,continuation_short,2023,10:00,60min,-0.0004937474561761412,-0.0002548164251713152,3000
HYP-OR-CONT-EVENT-01,QQQ,2023-06-12,2023-06-12T14:25:00+00:00,continuation_short,2023,10:00,session_close,-0.011999831581311016,-0.4977633242908164,3000
HYP-OR-CONT-EVENT-01,QQQ,2023-06-13,2023-06-13T14:20:00+00:00,continuation_short,2023,10:00,30min,-0.0034114583333333393,-1.671878792421407e-05,3000
HYP-OR-CONT-EVENT-01,QQQ,2023-06-13,2023-06-13T14:20:00+00:00,continuation_short,2023,10:00,15min,-0.0024099623226951916,1.7573543512020193e-06,3000
HYP-OR-CONT-EVENT-01,QQQ,2023-06-13,2023-06-13T14:20:00+00:00,continuation_short,2023,10:00,60min,-0.005987921099290805,-0.0002548164251713152,3000
HYP-OR-CONT-EVENT-01,QQQ,2023-06-13,2023-06-13T14:20:00+00:00,continuation_short,2023,10:00,session_close,-0.006371897163120588,-0.4977633242908164,3000
HYP-OR-CONT-EVENT-01,QQQ,2023-06-14,2023-06-14T14:20:00+00:00,continuation_long,2023,10:00,30min,0.0004112293014586488,1.671878792421407e-05,3000
HYP-OR-CONT-EVENT-01,QQQ,2023-06-14,2023-06-14T14:20:00+00:00,continuation_long,2023,10:00,15min,0.0006031363088059294,-1.7573543512020193e-06,3000
HYP-OR-CONT-EVENT-01,QQQ,2023-06-14,2023-06-14T14:20:00+00:00,continuation_long,2023,10:00,60min,0.003399495558723542,0.0002548164251713152,3000
HYP-OR-CONT-EVENT-01,QQQ,2023-06-14,2023-06-14T14:20:00+00:00,continuation_long,2023,10:00,session_close,0.003125342691084443,0.4977633242908164,3000
HYP-OR-CONT-EVENT-01,QQQ,2023-06-15,2023-06-15T14:25:00+00:00,continuation_long,2023,10:00,30min,0.0011933505927237409,1.671878792421407e-05,3000
HYP-OR-CONT-EVENT-01,QQQ,2023-06-15,2023-06-15T14:25:00+00:00,continuation_long,2023,10:00,15min,0.0005177817141299723,-1.7573543512020193e-06,3000
HYP-OR-CONT-EVENT-01,QQQ,2023-06-15,2023-06-15T14:25:00+00:00,continuation_long,2023,10:00,60min,0.0036789753372394873,0.0002548164251713152,3000
HYP-OR-CONT-EVENT-01,QQQ,2023-06-15,2023-06-15T14:25:00+00:00,continuation_long,2023,10:00,session_close,0.00902030249352781,0.4977633242908164,3000
HYP-OR-CONT-EVENT-01,QQQ,2023-06-16,2023-06-16T15:45:00+00:00,continuation_short,2023,11:00,30min,-0.0014057853473912196,-0.00023385157915617775,3000
HYP-OR-CONT-EVENT-01,QQQ,2023-06-16,2023-06-16T15:45:00+00:00,continuation_short,2023,11:00,15min,-0.0008650986753178103,-0.0001376980686055555,3000
HYP-OR-CONT-EVENT-01,QQQ,2023-06-16,2023-06-16T15:45:00+00:00,continuation_short,2023,11:00,60min,-0.00273046769397145,-0.00037841967838285527,3000
HYP-OR-CONT-EVENT-01,QQQ,2023-06-16,2023-06-16T15:45:00+00:00,continuation_short,2023,11:00,session_close,0.005460935387942678,-0.4974449236513215,3000
HYP-OR-CONT-EVENT-01,QQQ,2023-06-20,2023-06-20T14:20:00+00:00,continuation_short,2023,10:00,30min,0.0022315316795358253,-1.671878792421407e-05,3000
HYP-OR-CONT-EVENT-01,QQQ,2023-06-20,2023-06-20T14:20:00+00:00,continuation_short,2023,10:00,15min,0.003066644762061199,1.7573543512020193e-06,3000
HYP-OR-CONT-EVENT-01,QQQ,2023-06-20,2023-06-20T14:20:00+00:00,continuation_short,2023,10:00,60min,0.0012595148129895817,-0.0002548164251713152,3000
HYP-OR-CONT-EVENT-01,QQQ,2023-06-20,2023-06-20T14:20:00+00:00,continuation_short,2023,10:00,session_close,-0.004695799791906152,-0.4977633242908164,3000
HYP-OR-CONT-EVENT-01,QQQ,2023-06-21,2023-06-21T14:20:00+00:00,continuation_short,2023,10:00,30min,0.003329572658980262,-1.671878792421407e-05,3000
HYP-OR-CONT-EVENT-01,QQQ,2023-06-21,2023-06-21T14:20:00+00:00,continuation_short,2023,10:00,15min,7.704796235796785e-06,1.7573543512020193e-06,3000
HYP-OR-CONT-EVENT-01,QQQ,2023-06-21,2023-06-21T14:20:00+00:00,continuation_short,2023,10:00,60min,0.00533832310613358,-0.0002548164251713152,3000
HYP-OR-CONT-EVENT-01,QQQ,2023-06-21,2023-06-21T14:20:00+00:00,continuation_short,2023,10:00,session_close,0.00382488098841538,-0.4977633242908164,3000
HYP-OR-CONT-EVENT-01,QQQ,2023-06-22,2023-06-22T14:20:00+00:00,continuation_long,2023,10:00,30min,-0.00461133069828723,1.671878792421407e-05,3000
HYP-OR-CONT-EVENT-01,QQQ,2023-06-22,2023-06-22T14:20:00+00:00,continuation_long,2023,10:00,15min,-0.0017566974088712994,-1.7573543512020193e-06,3000
HYP-OR-CONT-EVENT-01,QQQ,2023-06-22,2023-06-22T14:20:00+00:00,continuation_long,2023,10:00,60min,-0.0009384606938954709,0.0002548164251713152,3000
HYP-OR-CONT-EVENT-01,QQQ,2023-06-22,2023-06-22T14:20:00+00:00,continuation_long,2023,10:00,session_close,0.005160298638559491,0.4977633242908164,3000
HYP-OR-CONT-EVENT-01,QQQ,2023-06-23,2023-06-23T16:35:00+00:00,continuation_long,2023,12:00,30min,0.001346930921685363,0.00013071130438252755,2988
HYP-OR-CONT-EVENT-01,QQQ,2023-06-23,2023-06-23T16:35:00+00:00,continuation_long,2023,12:00,15min,-0.0002748838615685978,8.823351345402351e-05,2994
HYP-OR-CONT-EVENT-01,QQQ,2023-06-23,2023-06-23T16:35:00+00:00,continuation_long,2023,12:00,60min,0.002309024437175289,0.00017745400446088016,2976
HYP-OR-CONT-EVENT-01,QQQ,2023-06-23,2023-06-23T16:35:00+00:00,continuation_long,2023,12:00,session_close,-0.003408559883449236,0.4969003406137486,3000
HYP-OR-CONT-EVENT-01,QQQ,2023-06-26,2023-06-26T14:20:00+00:00,continuation_long,2023,10:00,30min,-0.002553191489361728,1.671878792421407e-05,3000
HYP-OR-CONT-EVENT-01,QQQ,2023-06-26,2023-06-26T14:20:00+00:00,continuation_long,2023,10:00,15min,-0.004310226492793445,-1.7573543512020193e-06,3000
HYP-OR-CONT-EVENT-01,QQQ,2023-06-26,2023-06-26T14:20:00+00:00,continuation_long,2023,10:00,60min,-0.00900480439258744,0.0002548164251713152,3000
HYP-OR-CONT-EVENT-01,QQQ,2023-06-26,2023-06-26T14:20:00+00:00,continuation_long,2023,10:00,session_close,-0.017899794097460453,0.4977633242908164,3000
HYP-OR-CONT-EVENT-01,QQQ,2023-06-27,2023-06-27T14:30:00+00:00,continuation_short,2023,10:00,30min,0.001362776727110937,-1.671878792421407e-05,3000
HYP-OR-CONT-EVENT-01,QQQ,2023-06-27,2023-06-27T14:30:00+00:00,continuation_short,2023,10:00,15min,8.343530982324321e-05,1.7573543512020193e-06,3000
HYP-OR-CONT-EVENT-01,QQQ,2023-06-27,2023-06-27T14:30:00+00:00,continuation_short,2023,10:00,60min,-0.003198353543219401,-0.0002548164251713152,3000
HYP-OR-CONT-EVENT-01,QQQ,2023-06-27,2023-06-27T14:30:00+00:00,continuation_short,2023,10:00,session_close,-0.011959061074646726,-0.4977633242908164,3000
HYP-OR-CONT-EVENT-01,QQQ,2023-06-28,2023-06-28T14:35:00+00:00,continuation_long,2023,10:00,30min,0.001259583789704477,1.671878792421407e-05,3000
HYP-OR-CONT-EVENT-01,QQQ,2023-06-28,2023-06-28T14:35:00+00:00,continuation_long,2023,10:00,15min,0.002327491785323099,-1.7573543512020193e-06,3000
HYP-OR-CONT-EVENT-01,QQQ,2023-06-28,2023-06-28T14:35:00+00:00,continuation_long,2023,10:00,60min,0.0011500547645126868,0.0002548164251713152,3000
HYP-OR-CONT-EVENT-01,QQQ,2023-06-28,2023-06-28T14:35:00+00:00,continuation_long,2023,10:00,session_close,-0.0016976998904709717,0.4977633242908164,3000
HYP-OR-CONT-EVENT-01,QQQ,2023-06-29,2023-06-29T14:25:00+00:00,continuation_short,2023,10:00,30min,0.000127216653816542,-1.671878792421407e-05,3000
HYP-OR-CONT-EVENT-01,QQQ,2023-06-29,2023-06-29T14:25:00+00:00,continuation_short,2023,10:00,15min,0.000991298601167534,1.7573543512020193e-06,3000
HYP-OR-CONT-EVENT-01,QQQ,2023-06-29,2023-06-29T14:25:00+00:00,continuation_short,2023,10:00,60min,-0.003937382971692882,-0.0002548164251713152,3000
HYP-OR-CONT-EVENT-01,QQQ,2023-06-29,2023-06-29T14:25:00+00:00,continuation_short,2023,10:00,session_close,-0.0018999889855710883,-0.4977633242908164,3000
HYP-OR-CONT-EVENT-01,QQQ,2023-06-30,2023-06-30T14:20:00+00:00,continuation_long,2023,10:00,30min,-0.001026583099200451,1.671878792421407e-05,3000
HYP-OR-CONT-EVENT-01,QQQ,2023-06-30,2023-06-30T14:20:00+00:00,continuation_long,2023,10:00,15min,-0.0006213529284634367,-1.7573543512020193e-06,3000
HYP-OR-CONT-EVENT-01,QQQ,2023-06-30,2023-06-30T14:20:00+00:00,continuation_long,2023,10:00,60min,-0.0012427058569268734,0.0002548164251713152,3000
HYP-OR-CONT-EVENT-01,QQQ,2023-06-30,2023-06-30T14:20:00+00:00,continuation_long,2023,10:00,session_close,-0.0017019667170954378,0.4977633242908164,3000
HYP-OR-CONT-EVENT-01,QQQ,2023-07-03,2023-07-03T14:50:00+00:00,continuation_short,2023,10:00,30min,-0.00023820673637819922,-1.671878792421407e-05,3000
HYP-OR-CONT-EVENT-01,QQQ,2023-07-03,2023-07-03T14:50:00+00:00,continuation_short,2023,10:00,15min,0.00047912036748809506,1.7573543512020193e-06,3000
HYP-OR-CONT-EVENT-01,QQQ,2023-07-03,2023-07-03T14:50:00+00:00,continuation_short,2023,10:00,60min,0.00010015510506822256,-0.0002548164251713152,3000
HYP-OR-CONT-EVENT-01,QQQ,2023-07-03,2023-07-03T14:50:00+00:00,continuation_short,2023,10:00,session_close,-0.0024713948899239835,-0.4977633242908164,3000
HYP-OR-CONT-EVENT-01,QQQ,2023-07-05,2023-07-05T14:20:00+00:00,continuation_long,2023,10:00,30min,-0.0006375531743040286,1.671878792421407e-05,3000
HYP-OR-CONT-EVENT-01,QQQ,2023-07-05,2023-07-05T14:20:00+00:00,continuation_long,2023,10:00,15min,0.0011577190242852975,-1.7573543512020193e-06,3000
HYP-OR-CONT-EVENT-01,QQQ,2023-07-05,2023-07-05T14:20:00+00:00,continuation_long,2023,10:00,60min,-0.0029346831080717672,0.0002548164251713152,3000
HYP-OR-CONT-EVENT-01,QQQ,2023-07-05,2023-07-05T14:20:00+00:00,continuation_long,2023,10:00,session_close,-0.003069301599267771,0.4977633242908164,3000
HYP-OR-CONT-EVENT-01,QQQ,2023-07-06,2023-07-06T14:20:00+00:00,continuation_short,2023,10:00,30min,-0.0008763183125597429,-1.671878792421407e-05,3000
HYP-OR-CONT-EVENT-01,QQQ,2023-07-06,2023-07-06T14:20:00+00:00,continuation_short,2023,10:00,15min,-0.0020545130803999445,1.7573543512020193e-06,3000
HYP-OR-CONT-EVENT-01,QQQ,2023-07-06,2023-07-06T14:20:00+00:00,continuation_short,2023,10:00,60min,0.00021914806190925784,-0.0002548164251713152,3000
HYP-OR-CONT-EVENT-01,QQQ,2023-07-06,2023-07-06T14:20:00+00:00,continuation_short,2023,10:00,session_close,-0.006642925626626495,-0.4977633242908164,3000
HYP-OR-CONT-EVENT-01,QQQ,2023-07-07,2023-07-07T14:20:00+00:00,continuation_long,2023,10:00,30min,0.00021761009710852264,1.671878792421407e-05,3000
HYP-OR-CONT-EVENT-01,QQQ,2023-07-07,2023-07-07T14:20:00+00:00,continuation_long,2023,10:00,15min,-0.0026249217963713045,-1.7573543512020193e-06,3000
HYP-OR-CONT-EVENT-01,QQQ,2023-07-07,2023-07-07T14:20:00+00:00,continuation_long,2023,10:00,60min,0.0008976416505726004,0.0002548164251713152,3000
HYP-OR-CONT-EVENT-01,QQQ,2023-07-07,2023-07-07T14:20:00+00:00,continuation_long,2023,10:00,session_close,-0.0037537741751216824,0.4977633242908164,3000
HYP-OR-CONT-EVENT-01,QQQ,2023-07-10,2023-07-10T16:20:00+00:00,continuation_short,2023,12:00,30min,-0.003612322791712197,-0.00013071130438252755,2988
HYP-OR-CONT-EVENT-01,QQQ,2023-07-10,2023-07-10T16:20:00+00:00,continuation_short,2023,12:00,15min,-0.002458050444999582,-8.823351345402351e-05,2994
HYP-OR-CONT-EVENT-01,QQQ,2023-07-10,2023-07-10T16:20:00+00:00,continuation_short,2023,12:00,60min,-0.0045448099518063945,-0.00017745400446088016,2976
HYP-OR-CONT-EVENT-01,QQQ,2023-07-10,2023-07-10T16:20:00+00:00,continuation_short,2023,12:00,session_close,-0.007130105181693436,-0.4969003406137486,3000
HYP-OR-CONT-EVENT-01,QQQ,2023-07-11,2023-07-11T14:20:00+00:00,continuation_short,2023,10:00,30min,-0.0027214047371588723,-1.671878792421407e-05,3000
HYP-OR-CONT-EVENT-01,QQQ,2023-07-11,2023-07-11T14:20:00+00:00,continuation_short,2023,10:00,15min,-0.0027897817406048464,1.7573543512020193e-06,3000
HYP-OR-CONT-EVENT-01,QQQ,2023-07-11,2023-07-11T14:20:00+00:00,continuation_short,2023,10:00,60min,-0.002106011706142885,-0.0002548164251713152,3000
HYP-OR-CONT-EVENT-01,QQQ,2023-07-11,2023-07-11T14:20:00+00:00,continuation_short,2023,10:00,session_close,-0.006960778950823254,-0.4977633242908164,3000
HYP-OR-CONT-EVENT-01,QQQ,2023-07-12,2023-07-12T14:20:00+00:00,continuation_long,2023,10:00,30min,-0.0019518253884870385,1.671878792421407e-05,3000
HYP-OR-CONT-EVENT-01,QQQ,2023-07-12,2023-07-12T14:20:00+00:00,continuation_long,2023,10:00,15min,-0.0006686091352698931,-1.7573543512020193e-06,3000
HYP-OR-CONT-EVENT-01,QQQ,2023-07-12,2023-07-12T14:20:00+00:00,continuation_long,2023,10:00,60min,-0.0023528304676172507,0.0002548164251713152,3000
HYP-OR-CONT-EVENT-01,QQQ,2023-07-12,2023-07-12T14:20:00+00:00,continuation_long,2023,10:00,session_close,-0.003101373281994002,0.4977633242908164,3000
HYP-OR-CONT-EVENT-01,QQQ,2023-07-13,2023-07-13T16:00:00+00:00,continuation_long,2023,12:00,30min,0.0010336054277535478,0.00013071130438252755,2988
HYP-OR-CONT-EVENT-01,QQQ,2023-07-13,2023-07-13T16:00:00+00:00,continuation_long,2023,12:00,15min,0.00023852432948179292,8.823351345402351e-05,2994
HYP-OR-CONT-EVENT-01,QQQ,2023-07-13,2023-07-13T16:00:00+00:00,continuation_long,2023,12:00,60min,0.0011263648892188005,0.00017745400446088016,2976
HYP-OR-CONT-EVENT-01,QQQ,2023-07-13,2023-07-13T16:00:00+00:00,continuation_long,2023,12:00,session_close,0.004876497402735103,0.4969003406137486,3000
HYP-OR-CONT-EVENT-01,QQQ,2023-07-14,2023-07-14T14:20:00+00:00,continuation_long,2023,10:00,30min,-0.004154581798228363,1.671878792421407e-05,3000
HYP-OR-CONT-EVENT-01,QQQ,2023-07-14,2023-07-14T14:20:00+00:00,continuation_long,2023,10:00,15min,-0.0026652034177313544,-1.7573543512020193e-06,3000
HYP-OR-CONT-EVENT-01,QQQ,2023-07-14,2023-07-14T14:20:00+00:00,continuation_long,2023,10:00,60min,-0.0021138721224948087,0.0002548164251713152,3000
HYP-OR-CONT-EVENT-01,QQQ,2023-07-14,2023-07-14T14:20:00+00:00,continuation_long,2023,10:00,session_close,-0.009432729743147461,0.4977633242908164,3000
HYP-OR-CONT-EVENT-01,QQQ,2023-07-17,2023-07-17T15:45:00+00:00,continuation_long,2023,11:00,30min,-0.0005295721476510362,0.00023385157915617775,3000
HYP-OR-CONT-EVENT-01,QQQ,2023-07-17,2023-07-17T15:45:00+00:00,continuation_long,2023,11:00,15min,-0.00018351510067116106,0.0001376980686055555,3000
HYP-OR-CONT-EVENT-01,QQQ,2023-07-17,2023-07-17T15:45:00+00:00,continuation_long,2023,11:00,60min,-0.0007602768456376197,0.00037841967838285527,3000
HYP-OR-CONT-EVENT-01,QQQ,2023-07-17,2023-07-17T15:45:00+00:00,continuation_long,2023,11:00,session_close,0.0030411073825504786,0.4974449236513215,3000
HYP-OR-CONT-EVENT-01,QQQ,2023-07-18,2023-07-18T16:00:00+00:00,continuation_long,2023,12:00,30min,0.0020599123996245527,0.00013071130438252755,2988
HYP-OR-CONT-EVENT-01,QQQ,2023-07-18,2023-07-18T16:00:00+00:00,continuation_long,2023,12:00,15min,0.0003910731045990712,8.823351345402351e-05,2994
HYP-OR-CONT-EVENT-01,QQQ,2023-07-18,2023-07-18T16:00:00+00:00,continuation_long,2023,12:00,60min,0.002346438627593983,0.00017745400446088016,2976
HYP-OR-CONT-EVENT-01,QQQ,2023-07-18,2023-07-18T16:00:00+00:00,continuation_long,2023,12:00,session_close,0.005735738867452156,0.4969003406137486,3000
HYP-OR-CONT-EVENT-01,QQQ,2023-07-19,2023-07-19T14:35:00+00:00,continuation_short,2023,10:00,30min,-0.0011388342478517721,-1.671878792421407e-05,3000
HYP-OR-CONT-EVENT-01,QQQ,2023-07-19,2023-07-19T14:35:00+00:00,continuation_short,2023,10:00,15min,-0.0003623563515890993,1.7573543512020193e-06,3000
HYP-OR-CONT-EVENT-01,QQQ,2023-07-19,2023-07-19T14:35:00+00:00,continuation_short,2023,10:00,60min,-0.00217413810953504,-0.0002548164251713152,3000
HYP-OR-CONT-EVENT-01,QQQ,2023-07-19,2023-07-19T14:35:00+00:00,continuation_short,2023,10:00,session_close,0.002510611864582346,-0.4977633242908164,3000
HYP-OR-CONT-EVENT-01,QQQ,2023-07-20,2023-07-20T14:20:00+00:00,continuation_short,2023,10:00,30min,0.0033819211409396033,-1.671878792421407e-05,3000
HYP-OR-CONT-EVENT-01,QQQ,2023-07-20,2023-07-20T14:20:00+00:00,continuation_short,2023,10:00,15min,0.005400587248322153,1.7573543512020193e-06,3000
HYP-OR-CONT-EVENT-01,QQQ,2023-07-20,2023-07-20T14:20:00+00:00,continuation_short,2023,10:00,60min,0.003198406040268331,-0.0002548164251713152,3000
HYP-OR-CONT-EVENT-01,QQQ,2023-07-20,2023-07-20T14:20:00+00:00,continuation_short,2023,10:00,session_close,0.012479026845637509,-0.4977633242908164,3000
HYP-OR-CONT-EVENT-01,QQQ,2023-07-21,2023-07-21T14:40:00+00:00,continuation_short,2023,10:00,30min,-0.0036960221229527246,-1.671878792421407e-05,3000
HYP-OR-CONT-EVENT-01,QQQ,2023-07-21,2023-07-21T14:40:00+00:00,continuation_short,2023,10:00,15min,-0.001382684535205403,1.7573543512020193e-06,3000
HYP-OR-CONT-EVENT-01,QQQ,2023-07-21,2023-07-21T14:40:00+00:00,continuation_short,2023,10:00,60min,-0.0015422250584982145,-0.0002548164251713152,3000
HYP-OR-CONT-EVENT-01,QQQ,2023-07-21,2023-07-21T14:40:00+00:00,continuation_short,2023,10:00,session_close,0.001342799404382089,-0.4977633242908164,3000
HYP-OR-CONT-EVENT-01,QQQ,2023-07-25,2023-07-25T14:20:00+00:00,continuation_long,2023,10:00,30min,-0.0017587707118393858,1.671878792421407e-05,3000
HYP-OR-CONT-EVENT-01,QQQ,2023-07-25,2023-07-25T14:20:00+00:00,continuation_long,2023,10:00,15min,-0.00030414831858882607,-1.7573543512020193e-06,3000
HYP-OR-CONT-EVENT-01,QQQ,2023-07-25,2023-07-25T14:20:00+00:00,continuation_long,2023,10:00,60min,0.0008331019161345043,0.0002548164251713152,3000
HYP-OR-CONT-EVENT-01,QQQ,2023-07-25,2023-07-25T14:20:00+00:00,continuation_long,2023,10:00,session_close,0.0018381137514711376,0.4977633242908164,3000
HYP-OR-CONT-EVENT-01,QQQ,2023-07-26,2023-07-26T15:10:00+00:00,continuation_short,2023,11:00,30min,-0.0027300599942396975,-0.00023385157915617775,3000
HYP-OR-CONT-EVENT-01,QQQ,2023-07-26,2023-07-26T15:10:00+00:00,continuation_short,2023,11:00,15min,-0.000959886538536292,-0.0001376980686055555,3000
HYP-OR-CONT-EVENT-01,QQQ,2023-07-26,2023-07-26T15:10:00+00:00,continuation_short,2023,11:00,60min,-0.003515324910679407,-0.00037841967838285527,3000
HYP-OR-CONT-EVENT-01,QQQ,2023-07-26,2023-07-26T15:10:00+00:00,continuation_short,2023,11:00,session_close,-0.005005997294429632,-0.4974449236513215,3000
HYP-OR-CONT-EVENT-01,QQQ,2023-07-27,2023-07-27T14:40:00+00:00,continuation_short,2023,10:00,30min,0.001429767198535159,-1.671878792421407e-05,3000
HYP-OR-CONT-EVENT-01,QQQ,2023-07-27,2023-07-27T14:40:00+00:00,continuation_short,2023,10:00,15min,0.0019748888307611345,1.7573543512020193e-06,3000
HYP-OR-CONT-EVENT-01,QQQ,2023-07-27,2023-07-27T14:40:00+00:00,continuation_short,2023,10:00,60min,-0.0005231493591419945,-0.0002548164251713152,3000
HYP-OR-CONT-EVENT-01,QQQ,2023-07-27,2023-07-27T14:40:00+00:00,continuation_short,2023,10:00,session_close,0.015066701543290595,-0.4977633242908164,3000
HYP-OR-CONT-EVENT-01,QQQ,2023-07-28,2023-07-28T14:20:00+00:00,continuation_long,2023,10:00,30min,-0.001829156758734185,1.671878792421407e-05,3000
HYP-OR-CONT-EVENT-01,QQQ,2023-07-28,2023-07-28T14:20:00+00:00,continuation_long,2023,10:00,15min,-0.0013588021636310454,-1.7573543512020193e-06,3000
HYP-OR-CONT-EVENT-01,QQQ,2023-07-28,2023-07-28T14:20:00+00:00,continuation_long,2023,10:00,60min,0.0030311740573309987,0.0002548164251713152,3000
HYP-OR-CONT-EVENT-01,QQQ,2023-07-28,2023-07-28T14:20:00+00:00,continuation_long,2023,10:00,session_close,0.0020643340562858103,0.4977633242908164,3000
HYP-OR-CONT-EVENT-01,QQQ,2023-08-01,2023-08-01T14:25:00+00:00,continuation_long,2023,10:00,30min,0.0035124508519002173,1.671878792421407e-05,3000
HYP-OR-CONT-EVENT-01,QQQ,2023-08-01,2023-08-01T14:25:00+00:00,continuation_long,2023,10:00,15min,0.002909305373525406,-1.7573543512020193e-06,3000
HYP-OR-CONT-EVENT-01,QQQ,2023-08-01,2023-08-01T14:25:00+00:00,continuation_long,2023,10:00,60min,0.003787680209698552,0.0002548164251713152,3000
HYP-OR-CONT-EVENT-01,QQQ,2023-08-01,2023-08-01T14:25:00+00:00,continuation_long,2023,10:00,session_close,0.0034076015727391162,0.4977633242908164,3000
HYP-OR-CONT-EVENT-01,QQQ,2023-08-02,2023-08-02T14:25:00+00:00,continuation_short,2023,10:00,30min,0.004102877325295795,-1.671878792421407e-05,3000
HYP-OR-CONT-EVENT-01,QQQ,2023-08-02,2023-08-02T14:25:00+00:00,continuation_short,2023,10:00,15min,0.0012571534794788564,1.7573543512020193e-06,3000
HYP-OR-CONT-EVENT-01,QQQ,2023-08-02,2023-08-02T14:25:00+00:00,continuation_short,2023,10:00,60min,0.00331948003664706,-0.0002548164251713152,3000
HYP-OR-CONT-EVENT-01,QQQ,2023-08-02,2023-08-02T14:25:00+00:00,continuation_short,2023,10:00,session_close,0.005775895263765873,-0.4977633242908164,3000
HYP-OR-CONT-EVENT-01,QQQ,2023-08-03,2023-08-03T15:35:00+00:00,continuation_long,2023,11:00,30min,0.00045435131533499984,0.00023385157915617775,3000
HYP-OR-CONT-EVENT-01,QQQ,2023-08-03,2023-08-03T15:35:00+00:00,continuation_long,2023,11:00,15min,0.0011221222079496052,0.0001376980686055555,3000
HYP-OR-CONT-EVENT-01,QQQ,2023-08-03,2023-08-03T15:35:00+00:00,continuation_long,2023,11:00,60min,0.001255676386472615,0.00037841967838285527,3000
HYP-OR-CONT-EVENT-01,QQQ,2023-08-03,2023-08-03T15:35:00+00:00,continuation_long,2023,11:00,session_close,-0.0016023830339183531,0.4974449236513215,3000
HYP-OR-CONT-EVENT-01,QQQ,2023-08-04,2023-08-04T14:20:00+00:00,continuation_short,2023,10:00,30min,-0.0037501501501502332,-1.671878792421407e-05,3000
HYP-OR-CONT-EVENT-01,QQQ,2023-08-04,2023-08-04T14:20:00+00:00,continuation_short,2023,10:00,15min,-0.002015348682015361,1.7573543512020193e-06,3000
HYP-OR-CONT-EVENT-01,QQQ,2023-08-04,2023-08-04T14:20:00+00:00,continuation_short,2023,10:00,60min,-0.004391057724391079,-0.0002548164251713152,3000
HYP-OR-CONT-EVENT-01,QQQ,2023-08-04,2023-08-04T14:20:00+00:00,continuation_short,2023,10:00,session_close,0.006980313646980374,-0.4977633242908164,3000
HYP-OR-CONT-EVENT-01,QQQ,2023-08-07,2023-08-07T15:25:00+00:00,continuation_short,2023,11:00,30min,-0.0038169990860705827,-0.00023385157915617775,3000
HYP-OR-CONT-EVENT-01,QQQ,2023-08-07,2023-08-07T15:25:00+00:00,continuation_short,2023,11:00,15min,-0.0012096123864309138,-0.0001376980686055555,3000
HYP-OR-CONT-EVENT-01,QQQ,2023-08-07,2023-08-07T15:25:00+00:00,continuation_short,2023,11:00,60min,-0.004326649104886782,-0.00037841967838285527,3000
HYP-OR-CONT-EVENT-01,QQQ,2023-08-07,2023-08-07T15:25:00+00:00,continuation_short,2023,11:00,session_close,-0.008547927530778043,-0.4974449236513215,3000
HYP-OR-CONT-EVENT-01,QQQ,2023-08-08,2023-08-08T14:20:00+00:00,continuation_short,2023,10:00,30min,-0.00032019038347130824,-1.671878792421407e-05,3000
HYP-OR-CONT-EVENT-01,QQQ,2023-08-08,2023-08-08T14:20:00+00:00,continuation_short,2023,10:00,15min,-0.0012980691221808893,1.7573543512020193e-06,3000
HYP-OR-CONT-EVENT-01,QQQ,2023-08-08,2023-08-08T14:20:00+00:00,continuation_short,2023,10:00,60min,0.0005408621342419817,-0.0002548164251713152,3000
HYP-OR-CONT-EVENT-01,QQQ,2023-08-08,2023-08-08T14:20:00+00:00,continuation_short,2023,10:00,session_close,-0.005841311049813447,-0.4977633242908164,3000
HYP-OR-CONT-EVENT-01,QQQ,2023-08-09,2023-08-09T14:40:00+00:00,continuation_short,2023,10:00,30min,0.006208159758805731,-1.671878792421407e-05,3000
HYP-OR-CONT-EVENT-01,QQQ,2023-08-09,2023-08-09T14:40:00+00:00,continuation_short,2023,10:00,15min,0.004367864533523558,1.7573543512020193e-06,3000
HYP-OR-CONT-EVENT-01,QQQ,2023-08-09,2023-08-09T14:40:00+00:00,continuation_short,2023,10:00,60min,0.006451299174947023,-0.0002548164251713152,3000
HYP-OR-CONT-EVENT-01,QQQ,2023-08-09,2023-08-09T14:40:00+00:00,continuation_short,2023,10:00,session_close,0.006181144268123329,-0.4977633242908164,3000
HYP-OR-CONT-EVENT-01,QQQ,2023-08-10,2023-08-10T14:20:00+00:00,continuation_long,2023,10:00,30min,-0.0045495905368517775,1.671878792421407e-05,3000
HYP-OR-CONT-EVENT-01,QQQ,2023-08-10,2023-08-10T14:20:00+00:00,continuation_long,2023,10:00,15min,-0.00245517315206345,-1.7573543512020193e-06,3000
HYP-OR-CONT-EVENT-01,QQQ,2023-08-10,2023-08-10T14:20:00+00:00,continuation_long,2023,10:00,60min,-0.008965369587325411,0.0002548164251713152,3000
HYP-OR-CONT-EVENT-01,QQQ,2023-08-10,2023-08-10T14:20:00+00:00,continuation_long,2023,10:00,session_close,-0.01364877161055511,0.4977633242908164,3000
HYP-OR-CONT-EVENT-01,QQQ,2023-08-11,2023-08-11T14:20:00+00:00,continuation_long,2023,10:00,30min,-0.0031312966290910627,1.671878792421407e-05,3000
HYP-OR-CONT-EVENT-01,QQQ,2023-08-11,2023-08-11T14:20:00+00:00,continuation_long,2023,10:00,15min,0.0003539726624188777,-1.7573543512020193e-06,3000
HYP-OR-CONT-EVENT-01,QQQ,2023-08-11,2023-08-11T14:20:00+00:00,continuation_long,2023,10:00,60min,-0.005227903937265244,0.0002548164251713152,3000
HYP-OR-CONT-EVENT-01,QQQ,2023-08-11,2023-08-11T14:20:00+00:00,continuation_long,2023,10:00,session_close,-0.0028590099656918833,0.4977633242908164,3000
HYP-OR-CONT-EVENT-01,QQQ,2023-08-14,2023-08-14T14:20:00+00:00,continuation_long,2023,10:00,30min,0.006268746087477073,1.671878792421407e-05,3000
HYP-OR-CONT-EVENT-01,QQQ,2023-08-14,2023-08-14T14:20:00+00:00,continuation_long,2023,10:00,15min,0.0034158025094581657,-1.7573543512020193e-06,3000
HYP-OR-CONT-EVENT-01,QQQ,2023-08-14,2023-08-14T14:20:00+00:00,continuation_long,2023,10:00,60min,0.0039737622819193685,0.0002548164251713152,3000
HYP-OR-CONT-EVENT-01,QQQ,2023-08-14,2023-08-14T14:20:00+00:00,continuation_long,2023,10:00,session_close,0.008301352712228649,0.4977633242908164,3000
HYP-OR-CONT-EVENT-01,QQQ,2023-08-15,2023-08-15T14:20:00+00:00,continuation_short,2023,10:00,30min,-0.00017454525650806296,-1.671878792421407e-05,3000
HYP-OR-CONT-EVENT-01,QQQ,2023-08-15,2023-08-15T14:20:00+00:00,continuation_short,2023,10:00,15min,0.0004084522383183131,1.7573543512020193e-06,3000
HYP-OR-CONT-EVENT-01,QQQ,2023-08-15,2023-08-15T14:20:00+00:00,continuation_short,2023,10:00,60min,-0.0011711687180044894,-0.0002548164251713152,3000
HYP-OR-CONT-EVENT-01,QQQ,2023-08-15,2023-08-15T14:20:00+00:00,continuation_short,2023,10:00,session_close,0.0022328722361398823,-0.4977633242908164,3000
HYP-OR-CONT-EVENT-01,QQQ,2023-08-16,2023-08-16T14:30:00+00:00,continuation_long,2023,10:00,30min,0.0019103760711751683,1.671878792421407e-05,3000
HYP-OR-CONT-EVENT-01,QQQ,2023-08-16,2023-08-16T14:30:00+00:00,continuation_long,2023,10:00,15min,-0.00043665738769727014,-1.7573543512020193e-06,3000
HYP-OR-CONT-EVENT-01,QQQ,2023-08-16,2023-08-16T14:30:00+00:00,continuation_long,2023,10:00,60min,-0.0008700398449866809,0.0002548164251713152,3000
HYP-OR-CONT-EVENT-01,QQQ,2023-08-16,2023-08-16T14:30:00+00:00,continuation_long,2023,10:00,session_close,-0.010752688172043001,0.4977633242908164,3000
HYP-OR-CONT-EVENT-01,QQQ,2023-08-17,2023-08-17T14:25:00+00:00,continuation_short,2023,10:00,30min,0.000580671920364928,-1.671878792421407e-05,3000
HYP-OR-CONT-EVENT-01,QQQ,2023-08-17,2023-08-17T14:25:00+00:00,continuation_short,2023,10:00,15min,0.0017558412830084302,1.7573543512020193e-06,3000
HYP-OR-CONT-EVENT-01,QQQ,2023-08-17,2023-08-17T14:25:00+00:00,continuation_short,2023,10:00,60min,0.0019908751555370863,-0.0002548164251713152,3000
HYP-OR-CONT-EVENT-01,QQQ,2023-08-17,2023-08-17T14:25:00+00:00,continuation_short,2023,10:00,session_close,0.008461219411032728,-0.4977633242908164,3000
HYP-OR-CONT-EVENT-01,QQQ,2023-08-18,2023-08-18T14:20:00+00:00,continuation_short,2023,10:00,30min,-0.0011810691487865732,-1.671878792421407e-05,3000
HYP-OR-CONT-EVENT-01,QQQ,2023-08-18,2023-08-18T14:20:00+00:00,continuation_short,2023,10:00,15min,-0.0027558280138353375,1.7573543512020193e-06,3000
HYP-OR-CONT-EVENT-01,QQQ,2023-08-18,2023-08-18T14:20:00+00:00,continuation_short,2023,10:00,60min,-0.003093276342060136,-0.0002548164251713152,3000
HYP-OR-CONT-EVENT-01,QQQ,2023-08-18,2023-08-18T14:20:00+00:00,continuation_short,2023,10:00,session_close,-0.0071145355867381355,-0.4977633242908164,3000
HYP-OR-CONT-EVENT-01,QQQ,2023-08-21,2023-08-21T15:30:00+00:00,continuation_short,2023,11:00,30min,-0.000847952403458585,-0.00023385157915617775,3000
HYP-OR-CONT-EVENT-01,QQQ,2023-08-21,2023-08-21T15:30:00+00:00,continuation_short,2023,11:00,15min,0.00030581889960801245,-0.0001376980686055555,3000
HYP-OR-CONT-EVENT-01,QQQ,2023-08-21,2023-08-21T15:30:00+00:00,continuation_short,2023,11:00,60min,-0.004225861158219546,-0.00037841967838285527,3000
HYP-OR-CONT-EVENT-01,QQQ,2023-08-21,2023-08-21T15:30:00+00:00,continuation_short,2023,11:00,session_close,-0.011871333648419524,-0.4974449236513215,3000
HYP-OR-CONT-EVENT-01,QQQ,2023-08-22,2023-08-22T14:50:00+00:00,continuation_short,2023,10:00,30min,-0.0015561896400348996,-1.671878792421407e-05,3000
HYP-OR-CONT-EVENT-01,QQQ,2023-08-22,2023-08-22T14:50:00+00:00,continuation_short,2023,10:00,15min,-0.0013443810359965447,1.7573543512020193e-06,3000
HYP-OR-CONT-EVENT-01,QQQ,2023-08-22,2023-08-22T14:50:00+00:00,continuation_short,2023,10:00,60min,0.0019068261633010675,-0.0002548164251713152,3000
HYP-OR-CONT-EVENT-01,QQQ,2023-08-22,2023-08-22T14:50:00+00:00,continuation_short,2023,10:00,session_close,0.0030454345917472203,-0.4977633242908164,3000
HYP-OR-CONT-EVENT-01,QQQ,2023-08-23,2023-08-23T14:20:00+00:00,continuation_long,2023,10:00,30min,0.003729971821015754,1.671878792421407e-05,3000
HYP-OR-CONT-EVENT-01,QQQ,2023-08-23,2023-08-23T14:20:00+00:00,continuation_long,2023,10:00,15min,0.0006670387563130209,-1.7573543512020193e-06,3000
HYP-OR-CONT-EVENT-01,QQQ,2023-08-23,2023-08-23T14:20:00+00:00,continuation_long,2023,10:00,60min,0.00461481915081885,0.0002548164251713152,3000
HYP-OR-CONT-EVENT-01,QQQ,2023-08-23,2023-08-23T14:20:00+00:00,continuation_long,2023,10:00,session_close,0.005104888441171296,0.4977633242908164,3000
HYP-OR-CONT-EVENT-01,QQQ,2023-08-24,2023-08-24T14:25:00+00:00,continuation_short,2023,10:00,30min,0.0039923695326338215,-1.671878792421407e-05,3000
HYP-OR-CONT-EVENT-01,QQQ,2023-08-24,2023-08-24T14:25:00+00:00,continuation_short,2023,10:00,15min,0.0035977653631285023,1.7573543512020193e-06,3000
HYP-OR-CONT-EVENT-01,QQQ,2023-08-24,2023-08-24T14:25:00+00:00,continuation_short,2023,10:00,60min,0.005371303992369514,-0.0002548164251713152,3000
HYP-OR-CONT-EVENT-01,QQQ,2023-08-24,2023-08-24T14:25:00+00:00,continuation_short,2023,10:00,session_close,0.015969478130535508,-0.4977633242908164,3000
HYP-OR-CONT-EVENT-01,QQQ,2023-08-25,2023-08-25T14:20:00+00:00,continuation_long,2023,10:00,30min,-0.01223939710655153,1.671878792421407e-05,3000
HYP-OR-CONT-EVENT-01,QQQ,2023-08-25,2023-08-25T14:20:00+00:00,continuation_long,2023,10:00,15min,-0.006380989053303199,-1.7573543512020193e-06,3000
HYP-OR-CONT-EVENT-01,QQQ,2023-08-25,2023-08-25T14:20:00+00:00,continuation_long,2023,10:00,60min,-0.010479124264261008,0.0002548164251713152,3000
HYP-OR-CONT-EVENT-01,QQQ,2023-08-25,2023-08-25T14:20:00+00:00,continuation_long,2023,10:00,session_close,0.0013477088948787852,0.4977633242908164,3000
HYP-OR-CONT-EVENT-01,QQQ,2023-08-28,2023-08-28T15:10:00+00:00,continuation_short,2023,11:00,30min,0.0015468221702051865,-0.00023385157915617775,3000
HYP-OR-CONT-EVENT-01,QQQ,2023-08-28,2023-08-28T15:10:00+00:00,continuation_short,2023,11:00,15min,0.0005338589790973014,-0.0001376980686055555,3000
HYP-OR-CONT-EVENT-01,QQQ,2023-08-28,2023-08-28T15:10:00+00:00,continuation_short,2023,11:00,60min,0.0005612363626408268,-0.00037841967838285527,3000
HYP-OR-CONT-EVENT-01,QQQ,2023-08-28,2023-08-28T15:10:00+00:00,continuation_short,2023,11:00,session_close,-0.00433931529163778,-0.4974449236513215,3000
HYP-OR-CONT-EVENT-01,QQQ,2023-08-29,2023-08-29T14:20:00+00:00,continuation_long,2023,10:00,30min,0.0023170600280202347,1.671878792421407e-05,3000
HYP-OR-CONT-EVENT-01,QQQ,2023-08-29,2023-08-29T14:20:00+00:00,continuation_long,2023,10:00,15min,0.0020206918849012823,-1.7573543512020193e-06,3000
HYP-OR-CONT-EVENT-01,QQQ,2023-08-29,2023-08-29T14:20:00+00:00,continuation_long,2023,10:00,60min,0.005269964435822727,0.0002548164251713152,3000
HYP-OR-CONT-EVENT-01,QQQ,2023-08-29,2023-08-29T14:20:00+00:00,continuation_long,2023,10:00,session_close,0.00961849337213061,0.4977633242908164,3000
HYP-OR-CONT-EVENT-01,QQQ,2023-08-30,2023-08-30T14:20:00+00:00,continuation_long,2023,10:00,30min,-0.0001596126732462677,1.671878792421407e-05,3000
HYP-OR-CONT-EVENT-01,QQQ,2023-08-30,2023-08-30T14:20:00+00:00,continuation_long,2023,10:00,15min,-0.0005849804474477027,-1.7573543512020193e-06,3000
HYP-OR-CONT-EVENT-01,QQQ,2023-08-30,2023-08-30T14:20:00+00:00,continuation_long,2023,10:00,60min,0.0004522359075309623,0.0002548164251713152,3000
HYP-OR-CONT-EVENT-01,QQQ,2023-08-30,2023-08-30T14:20:00+00:00,continuation_long,2023,10:00,session_close,0.002713415445186218,0.4977633242908164,3000
HYP-OR-CONT-EVENT-01,QQQ,2023-08-31,2023-08-31T14:20:00+00:00,continuation_long,2023,10:00,30min,-0.0010020568535415997,1.671878792421407e-05,3000
HYP-OR-CONT-EVENT-01,QQQ,2023-08-31,2023-08-31T14:20:00+00:00,continuation_long,2023,10:00,15min,0.0011605400559040469,-1.7573543512020193e-06,3000
HYP-OR-CONT-EVENT-01,QQQ,2023-08-31,2023-08-31T14:20:00+00:00,continuation_long,2023,10:00,60min,-0.002030483624281487,0.0002548164251713152,3000
HYP-OR-CONT-EVENT-01,QQQ,2023-08-31,2023-08-31T14:20:00+00:00,continuation_long,2023,10:00,session_close,-0.003507198987395266,0.4977633242908164,3000
HYP-OR-CONT-EVENT-01,QQQ,2023-09-01,2023-09-01T15:15:00+00:00,continuation_short,2023,11:00,30min,0.00177714118988892,-0.00023385157915617775,3000
HYP-OR-CONT-EVENT-01,QQQ,2023-09-01,2023-09-01T15:15:00+00:00,continuation_short,2023,11:00,15min,-0.0006678867934537536,-0.0001376980686055555,3000
HYP-OR-CONT-EVENT-01,QQQ,2023-09-01,2023-09-01T15:15:00+00:00,continuation_short,2023,11:00,60min,0.0005702766504867007,-0.00037841967838285527,3000
HYP-OR-CONT-EVENT-01,QQQ,2023-09-01,2023-09-01T15:15:00+00:00,continuation_short,2023,11:00,session_close,-0.0017506166945173707,-0.4974449236513215,3000
HYP-OR-CONT-EVENT-01,QQQ,2023-09-05,2023-09-05T14:40:00+00:00,continuation_long,2023,10:00,30min,0.004561245326049512,1.671878792421407e-05,3000
HYP-OR-CONT-EVENT-01,QQQ,2023-09-05,2023-09-05T14:40:00+00:00,continuation_long,2023,10:00,15min,0.0015380943541329906,-1.7573543512020193e-06,3000
HYP-OR-CONT-EVENT-01,QQQ,2023-09-05,2023-09-05T14:40:00+00:00,continuation_long,2023,10:00,60min,0.0010077169906390626,0.0002548164251713152,3000
HYP-OR-CONT-EVENT-01,QQQ,2023-09-05,2023-09-05T14:40:00+00:00,continuation_long,2023,10:00,session_close,0.002572330212946561,0.4977633242908164,3000
HYP-OR-CONT-EVENT-01,QQQ,2023-09-06,2023-09-06T14:20:00+00:00,continuation_short,2023,10:00,30min,0.0014377762394163218,-1.671878792421407e-05,3000
HYP-OR-CONT-EVENT-01,QQQ,2023-09-06,2023-09-06T14:20:00+00:00,continuation_short,2023,10:00,15min,0.0009052665211138899,1.7573543512020193e-06,3000
HYP-OR-CONT-EVENT-01,QQQ,2023-09-06,2023-09-06T14:20:00+00:00,continuation_short,2023,10:00,60min,0.0032882475105169284,-0.0002548164251713152,3000
HYP-OR-CONT-EVENT-01,QQQ,2023-09-06,2023-09-06T14:20:00+00:00,continuation_short,2023,10:00,session_close,0.002063475158421535,-0.4977633242908164,3000
HYP-OR-CONT-EVENT-01,QQQ,2023-09-07,2023-09-07T14:55:00+00:00,continuation_long,2023,10:00,30min,-0.0006736002586624767,1.671878792421407e-05,3000
HYP-OR-CONT-EVENT-01,QQQ,2023-09-07,2023-09-07T14:55:00+00:00,continuation_long,2023,10:00,15min,0.000633184243142848,-1.7573543512020193e-06,3000
HYP-OR-CONT-EVENT-01,QQQ,2023-09-07,2023-09-07T14:55:00+00:00,continuation_long,2023,10:00,60min,-0.0022363528587594494,0.0002548164251713152,3000
HYP-OR-CONT-EVENT-01,QQQ,2023-09-07,2023-09-07T14:55:00+00:00,continuation_long,2023,10:00,session_close,0.0023980169208384083,0.4977633242908164,3000
HYP-OR-CONT-EVENT-01,QQQ,2023-09-08,2023-09-08T14:25:00+00:00,continuation_long,2023,10:00,30min,-0.005312333155365723,1.671878792421407e-05,3000
HYP-OR-CONT-EVENT-01,QQQ,2023-09-08,2023-09-08T14:25:00+00:00,continuation_long,2023,10:00,15min,-0.002375867592098402,-1.7573543512020193e-06,3000
HYP-OR-CONT-EVENT-01,QQQ,2023-09-08,2023-09-08T14:25:00+00:00,continuation_long,2023,10:00,60min,-0.0016262680192206114,0.0002548164251713152,3000
HYP-OR-CONT-EVENT-01,QQQ,2023-09-08,2023-09-08T14:25:00+00:00,continuation_long,2023,10:00,session_close,-0.005472504004271239,0.4977633242908164,3000
HYP-OR-CONT-EVENT-01,QQQ,2023-09-11,2023-09-11T15:15:00+00:00,continuation_short,2023,11:00,30min,-0.00016027353349712392,-0.00023385157915617775,3000
HYP-OR-CONT-EVENT-01,QQQ,2023-09-11,2023-09-11T15:15:00+00:00,continuation_short,2023,11:00,15min,-0.001442728924030412,-0.0001376980686055555,3000
HYP-OR-CONT-EVENT-01,QQQ,2023-09-11,2023-09-11T15:15:00+00:00,continuation_short,2023,11:00,60min,-0.0006277380061971982,-0.00037841967838285527,3000
HYP-OR-CONT-EVENT-01,QQQ,2023-09-11,2023-09-11T15:15:00+00:00,continuation_short,2023,11:00,session_close,-0.006945186451543961,-0.4974449236513215,3000
HYP-OR-CONT-EVENT-01,QQQ,2023-09-12,2023-09-12T14:45:00+00:00,continuation_short,2023,10:00,30min,0.003258606885508386,-1.671878792421407e-05,3000
HYP-OR-CONT-EVENT-01,QQQ,2023-09-12,2023-09-12T14:45:00+00:00,continuation_short,2023,10:00,15min,0.000827328529490301,1.7573543512020193e-06,3000
HYP-OR-CONT-EVENT-01,QQQ,2023-09-12,2023-09-12T14:45:00+00:00,continuation_short,2023,10:00,60min,0.001147584734454199,-0.0002548164251713152,3000
HYP-OR-CONT-EVENT-01,QQQ,2023-09-12,2023-09-12T14:45:00+00:00,continuation_short,2023,10:00,session_close,0.005044035228182531,-0.4977633242908164,3000
HYP-OR-CONT-EVENT-01,QQQ,2023-09-13,2023-09-13T14:25:00+00:00,continuation_short,2023,10:00,30min,-0.003733944708122161,-1.671878792421407e-05,3000
HYP-OR-CONT-EVENT-01,QQQ,2023-09-13,2023-09-13T14:25:00+00:00,continuation_short,2023,10:00,15min,-0.0036467969860296545,1.7573543512020193e-06,3000
HYP-OR-CONT-EVENT-01,QQQ,2023-09-13,2023-09-13T14:25:00+00:00,continuation_short,2023,10:00,60min,-0.006006489153460359,-0.0002548164251713152,3000
HYP-OR-CONT-EVENT-01,QQQ,2023-09-13,2023-09-13T14:25:00+00:00,continuation_short,2023,10:00,session_close,-0.003512723567425491,-0.4977633242908164,3000
HYP-OR-CONT-EVENT-01,QQQ,2023-09-14,2023-09-14T15:00:00+00:00,continuation_long,2023,11:00,30min,0.00037154003343853326,0.00023385157915617775,3000
HYP-OR-CONT-EVENT-01,QQQ,2023-09-14,2023-09-14T15:00:00+00:00,continuation_long,2023,11:00,15min,0.0015657758552054535,0.0001376980686055555,3000
HYP-OR-CONT-EVENT-01,QQQ,2023-09-14,2023-09-14T15:00:00+00:00,continuation_long,2023,11:00,60min,0.0009686579443219934,0.00037841967838285527,3000
HYP-OR-CONT-EVENT-01,QQQ,2023-09-14,2023-09-14T15:00:00+00:00,continuation_long,2023,11:00,session_close,0.0012473129694008378,0.4974449236513215,3000
HYP-OR-CONT-EVENT-01,QQQ,2023-09-15,2023-09-15T14:25:00+00:00,continuation_short,2023,10:00,30min,0.004977096782834645,-1.671878792421407e-05,3000
HYP-OR-CONT-EVENT-01,QQQ,2023-09-15,2023-09-15T14:25:00+00:00,continuation_short,2023,10:00,15min,0.0015536685328546573,1.7573543512020193e-06,3000
HYP-OR-CONT-EVENT-01,QQQ,2023-09-15,2023-09-15T14:25:00+00:00,continuation_short,2023,10:00,60min,0.004500281267579287,-0.0002548164251713152,3000
HYP-OR-CONT-EVENT-01,QQQ,2023-09-15,2023-09-15T14:25:00+00:00,continuation_short,2023,10:00,session_close,0.007098657951836174,-0.4977633242908164,3000
HYP-OR-CONT-EVENT-01,QQQ,2023-09-18,2023-09-18T14:30:00+00:00,continuation_long,2023,10:00,30min,0.0001649167318955591,1.671878792421407e-05,3000
HYP-OR-CONT-EVENT-01,QQQ,2023-09-18,2023-09-18T14:30:00+00:00,continuation_long,2023,10:00,15min,-0.001403546654430543,-1.7573543512020193e-06,3000
HYP-OR-CONT-EVENT-01,QQQ,2023-09-18,2023-09-18T14:30:00+00:00,continuation_long,2023,10:00,60min,0.0018893897271181626,0.0002548164251713152,3000
HYP-OR-CONT-EVENT-01,QQQ,2023-09-18,2023-09-18T14:30:00+00:00,continuation_long,2023,10:00,session_close,0.0004588517908716838,0.4977633242908164,3000
HYP-OR-CONT-EVENT-01,QQQ,2023-09-19,2023-09-19T14:20:00+00:00,continuation_short,2023,10:00,30min,0.003231763619575445,-1.671878792421407e-05,3000
HYP-OR-CONT-EVENT-01,QQQ,2023-09-19,2023-09-19T14:20:00+00:00,continuation_short,2023,10:00,15min,0.003476182716854126,1.7573543512020193e-06,3000
HYP-OR-CONT-EVENT-01,QQQ,2023-09-19,2023-09-19T14:20:00+00:00,continuation_short,2023,10:00,60min,0.0026071370376405945,-0.0002548164251713152,3000
HYP-OR-CONT-EVENT-01,QQQ,2023-09-19,2023-09-19T14:20:00+00:00,continuation_short,2023,10:00,session_close,-0.004481016783444591,-0.4977633242908164,3000
HYP-OR-CONT-EVENT-01,QQQ,2023-09-20,2023-09-20T14:30:00+00:00,continuation_short,2023,10:00,30min,0.001189433268440343,-1.671878792421407e-05,3000
HYP-OR-CONT-EVENT-01,QQQ,2023-09-20,2023-09-20T14:30:00+00:00,continuation_short,2023,10:00,15min,0.0003515033528012079,1.7573543512020193e-06,3000
HYP-OR-CONT-EVENT-01,QQQ,2023-09-20,2023-09-20T14:30:00+00:00,continuation_short,2023,10:00,60min,0.0020279039584685243,-0.0002548164251713152,3000
HYP-OR-CONT-EVENT-01,QQQ,2023-09-20,2023-09-20T14:30:00+00:00,continuation_short,2023,10:00,session_close,0.014330521306510802,-0.4977633242908164,3000
HYP-OR-CONT-EVENT-01,QQQ,2023-09-21,2023-09-21T16:25:00+00:00,continuation_short,2023,12:00,30min,-0.00030576789437120055,-0.00013071130438252755,2988
HYP-OR-CONT-EVENT-01,QQQ,2023-09-21,2023-09-21T16:25:00+00:00,continuation_short,2023,12:00,15min,-0.00019457956914514796,-8.823351345402351e-05,2994
HYP-OR-CONT-EVENT-01,QQQ,2023-09-21,2023-09-21T16:25:00+00:00,continuation_short,2023,12:00,60min,-0.002751911049339917,-0.00017745400446088016,2976
HYP-OR-CONT-EVENT-01,QQQ,2023-09-21,2023-09-21T16:25:00+00:00,continuation_short,2023,12:00,session_close,0.005545517720639381,-0.4969003406137486,3000
HYP-OR-CONT-EVENT-01,QQQ,2023-09-22,2023-09-22T14:20:00+00:00,continuation_long,2023,10:00,30min,0.0038407005838199115,1.671878792421407e-05,3000
HYP-OR-CONT-EVENT-01,QQQ,2023-09-22,2023-09-22T14:20:00+00:00,continuation_long,2023,10:00,15min,0.003614122880178039,-1.7573543512020193e-06,3000
HYP-OR-CONT-EVENT-01,QQQ,2023-09-22,2023-09-22T14:20:00+00:00,continuation_long,2023,10:00,60min,0.003558520989713765,0.0002548164251713152,3000
HYP-OR-CONT-EVENT-01,QQQ,2023-09-22,2023-09-22T14:20:00+00:00,continuation_long,2023,10:00,session_close,-0.004892966360856232,0.4977633242908164,3000
HYP-OR-CONT-EVENT-01,QQQ,2023-09-25,2023-09-25T15:35:00+00:00,continuation_long,2023,11:00,30min,-0.0006689149641851966,0.00023385157915617775,3000
HYP-OR-CONT-EVENT-01,QQQ,2023-09-25,2023-09-25T15:35:00+00:00,continuation_long,2023,11:00,15min,0.00025084311156930994,0.0001376980686055555,3000
HYP-OR-CONT-EVENT-01,QQQ,2023-09-25,2023-09-25T15:35:00+00:00,continuation_long,2023,11:00,60min,-0.0003902003957747535,0.00037841967838285527,3000
HYP-OR-CONT-EVENT-01,QQQ,2023-09-25,2023-09-25T15:35:00+00:00,continuation_long,2023,11:00,session_close,0.002396945288330121,0.4974449236513215,3000
HYP-OR-CONT-EVENT-01,QQQ,2023-09-26,2023-09-26T14:20:00+00:00,continuation_short,2023,10:00,30min,-0.00205778717406635,-1.671878792421407e-05,3000
HYP-OR-CONT-EVENT-01,QQQ,2023-09-26,2023-09-26T14:20:00+00:00,continuation_short,2023,10:00,15min,-0.002847075405215005,1.7573543512020193e-06,3000
HYP-OR-CONT-EVENT-01,QQQ,2023-09-26,2023-09-26T14:20:00+00:00,continuation_short,2023,10:00,60min,-0.0005355884425650714,-0.0002548164251713152,3000
HYP-OR-CONT-EVENT-01,QQQ,2023-09-26,2023-09-26T14:20:00+00:00,continuation_short,2023,10:00,session_close,0.0015081042988019933,-0.4977633242908164,3000
HYP-OR-CONT-EVENT-01,QQQ,2023-09-27,2023-09-27T14:20:00+00:00,continuation_short,2023,10:00,30min,0.0016074903409571961,-1.671878792421407e-05,3000
HYP-OR-CONT-EVENT-01,QQQ,2023-09-27,2023-09-27T14:20:00+00:00,continuation_short,2023,10:00,15min,-0.0017484982656026382,1.7573543512020193e-06,3000
HYP-OR-CONT-EVENT-01,QQQ,2023-09-27,2023-09-27T14:20:00+00:00,continuation_short,2023,10:00,60min,-0.00020784568092735434,-0.0002548164251713152,3000
HYP-OR-CONT-EVENT-01,QQQ,2023-09-27,2023-09-27T14:20:00+00:00,continuation_short,2023,10:00,session_close,-0.0015228855861699753,-0.4977633242908164,3000
HYP-OR-CONT-EVENT-01,QQQ,2023-09-28,2023-09-28T14:20:00+00:00,continuation_long,2023,10:00,30min,0.002279763580073091,1.671878792421407e-05,3000
HYP-OR-CONT-EVENT-01,QQQ,2023-09-28,2023-09-28T14:20:00+00:00,continuation_long,2023,10:00,15min,-0.0010695187165775666,-1.7573543512020193e-06,3000
HYP-OR-CONT-EVENT-01,QQQ,2023-09-28,2023-09-28T14:20:00+00:00,continuation_long,2023,10:00,60min,0.005052068674359811,0.0002548164251713152,3000
HYP-OR-CONT-EVENT-01,QQQ,2023-09-28,2023-09-28T14:20:00+00:00,continuation_long,2023,10:00,session_close,0.007739938080495445,0.4977633242908164,3000
HYP-OR-CONT-EVENT-01,QQQ,2023-09-29,2023-09-29T14:20:00+00:00,continuation_long,2023,10:00,30min,0.0002762812543168902,1.671878792421407e-05,3000
HYP-OR-CONT-EVENT-01,QQQ,2023-09-29,2023-09-29T14:20:00+00:00,continuation_long,2023,10:00,15min,-0.0014366625224477847,-1.7573543512020193e-06,3000
HYP-OR-CONT-EVENT-01,QQQ,2023-09-29,2023-09-29T14:20:00+00:00,continuation_long,2023,10:00,60min,-0.0007874015748030594,0.0002548164251713152,3000
HYP-OR-CONT-EVENT-01,QQQ,2023-09-29,2023-09-29T14:20:00+00:00,continuation_long,2023,10:00,session_close,-0.009973753280839937,0.4977633242908164,3000
HYP-OR-CONT-EVENT-01,QQQ,2023-10-02,2023-10-02T14:20:00+00:00,continuation_long,2023,10:00,30min,0.00011101243339250999,1.671878792421407e-05,3000
HYP-OR-CONT-EVENT-01,QQQ,2023-10-02,2023-10-02T14:20:00+00:00,continuation_long,2023,10:00,15min,-0.0004718028419183895,-1.7573543512020193e-06,3000
HYP-OR-CONT-EVENT-01,QQQ,2023-10-02,2023-10-02T14:20:00+00:00,continuation_long,2023,10:00,60min,0.006216696269982336,0.0002548164251713152,3000
HYP-OR-CONT-EVENT-01,QQQ,2023-10-02,2023-10-02T14:20:00+00:00,continuation_long,2023,10:00,session_close,0.002719804618117383,0.4977633242908164,3000
HYP-OR-CONT-EVENT-01,QQQ,2023-10-03,2023-10-03T14:20:00+00:00,continuation_short,2023,10:00,30min,0.002093395035759338,-1.671878792421407e-05,3000
HYP-OR-CONT-EVENT-01,QQQ,2023-10-03,2023-10-03T14:20:00+00:00,continuation_short,2023,10:00,15min,0.0014023278642546488,1.7573543512020193e-06,3000
HYP-OR-CONT-EVENT-01,QQQ,2023-10-03,2023-10-03T14:20:00+00:00,continuation_short,2023,10:00,60min,0.0030290281867900726,-0.0002548164251713152,3000
HYP-OR-CONT-EVENT-01,QQQ,2023-10-03,2023-10-03T14:20:00+00:00,continuation_short,2023,10:00,session_close,0.004627681952040441,-0.4977633242908164,3000
HYP-OR-CONT-EVENT-01,QQQ,2023-10-04,2023-10-04T14:25:00+00:00,continuation_short,2023,10:00,30min,-0.0011660742634767018,-1.671878792421407e-05,3000
HYP-OR-CONT-EVENT-01,QQQ,2023-10-04,2023-10-04T14:25:00+00:00,continuation_short,2023,10:00,15min,-0.004875033366582793,1.7573543512020193e-06,3000
HYP-OR-CONT-EVENT-01,QQQ,2023-10-04,2023-10-04T14:25:00+00:00,continuation_short,2023,10:00,60min,-0.005436996867053567,-0.0002548164251713152,3000
HYP-OR-CONT-EVENT-01,QQQ,2023-10-04,2023-10-04T14:25:00+00:00,continuation_short,2023,10:00,session_close,-0.010859944646595121,-0.4977633242908164,3000
HYP-OR-CONT-EVENT-01,QQQ,2023-10-05,2023-10-05T14:20:00+00:00,continuation_short,2023,10:00,30min,0.0035014986414185767,-1.671878792421407e-05,3000
HYP-OR-CONT-EVENT-01,QQQ,2023-10-05,2023-10-05T14:20:00+00:00,continuation_short,2023,10:00,15min,0.004103756407742631,1.7573543512020193e-06,3000
HYP-OR-CONT-EVENT-01,QQQ,2023-10-05,2023-10-05T14:20:00+00:00,continuation_short,2023,10:00,60min,0.002100899184851124,-0.0002548164251713152,3000
HYP-OR-CONT-EVENT-01,QQQ,2023-10-05,2023-10-05T14:20:00+00:00,continuation_short,2023,10:00,session_close,-0.004706014174066464,-0.4977633242908164,3000
HYP-OR-CONT-EVENT-01,QQQ,2023-10-06,2023-10-06T14:40:00+00:00,continuation_long,2023,10:00,30min,0.0028413839211096636,1.671878792421407e-05,3000
HYP-OR-CONT-EVENT-01,QQQ,2023-10-06,2023-10-06T14:40:00+00:00,continuation_long,2023,10:00,15min,0.0006685609226140254,-1.7573543512020193e-06,3000
HYP-OR-CONT-EVENT-01,QQQ,2023-10-06,2023-10-06T14:40:00+00:00,continuation_long,2023,10:00,60min,0.008691291993982997,0.0002548164251713152,3000
HYP-OR-CONT-EVENT-01,QQQ,2023-10-06,2023-10-06T14:40:00+00:00,continuation_long,2023,10:00,session_close,0.015906178617193012,0.4977633242908164,3000
HYP-OR-CONT-EVENT-01,QQQ,2023-10-09,2023-10-09T16:25:00+00:00,continuation_long,2023,12:00,30min,-0.001291244264952418,0.00013071130438252755,2988
HYP-OR-CONT-EVENT-01,QQQ,2023-10-09,2023-10-09T16:25:00+00:00,continuation_long,2023,12:00,15min,-0.0019506030385451067,8.823351345402351e-05,2994
HYP-OR-CONT-EVENT-01,QQQ,2023-10-09,2023-10-09T16:25:00+00:00,continuation_long,2023,12:00,60min,0.0014286106761174366,0.00017745400446088016,2976
HYP-OR-CONT-EVENT-01,QQQ,2023-10-09,2023-10-09T16:25:00+00:00,continuation_long,2023,12:00,session_close,0.007060633533888305,0.4969003406137486,3000
HYP-OR-CONT-EVENT-01,QQQ,2023-10-10,2023-10-10T14:20:00+00:00,continuation_long,2023,10:00,30min,0.0025764109239823085,1.671878792421407e-05,3000
HYP-OR-CONT-EVENT-01,QQQ,2023-10-10,2023-10-10T14:20:00+00:00,continuation_long,2023,10:00,15min,0.0020340086241965594,-1.7573543512020193e-06,3000
HYP-OR-CONT-EVENT-01,QQQ,2023-10-10,2023-10-10T14:20:00+00:00,continuation_long,2023,10:00,60min,0.005187264394000968,0.0002548164251713152,3000
HYP-OR-CONT-EVENT-01,QQQ,2023-10-10,2023-10-10T14:20:00+00:00,continuation_long,2023,10:00,session_close,-0.0005152821847964617,0.4977633242908164,3000
HYP-OR-CONT-EVENT-01,QQQ,2023-10-11,2023-10-11T14:20:00+00:00,continuation_short,2023,10:00,30min,-0.0029219988636670635,-1.671878792421407e-05,3000
HYP-OR-CONT-EVENT-01,QQQ,2023-10-11,2023-10-11T14:20:00+00:00,continuation_short,2023,10:00,15min,-0.0018635859419389167,1.7573543512020193e-06,3000
HYP-OR-CONT-EVENT-01,QQQ,2023-10-11,2023-10-11T14:20:00+00:00,continuation_short,2023,10:00,60min,-0.0015692216119693736,-0.0002548164251713152,3000
HYP-OR-CONT-EVENT-01,QQQ,2023-10-11,2023-10-11T14:20:00+00:00,continuation_short,2023,10:00,session_close,-0.004301831660398658,-0.4977633242908164,3000
HYP-OR-CONT-EVENT-01,QQQ,2023-10-12,2023-10-12T14:25:00+00:00,continuation_long,2023,10:00,30min,3.488808974383417e-06,1.671878792421407e-05,3000
HYP-OR-CONT-EVENT-01,QQQ,2023-10-12,2023-10-12T14:25:00+00:00,continuation_long,2023,10:00,15min,-0.0016907305029252306,-1.7573543512020193e-06,3000
HYP-OR-CONT-EVENT-01,QQQ,2023-10-12,2023-10-12T14:25:00+00:00,continuation_long,2023,10:00,60min,-0.0006709248027481074,0.0002548164251713152,3000
HYP-OR-CONT-EVENT-01,QQQ,2023-10-12,2023-10-12T14:25:00+00:00,continuation_long,2023,10:00,session_close,-0.00743384681444903,0.4977633242908164,3000
HYP-OR-CONT-EVENT-01,QQQ,2023-10-13,2023-10-13T14:20:00+00:00,continuation_short,2023,10:00,30min,0.005118483412322239,-1.671878792421407e-05,3000
HYP-OR-CONT-EVENT-01,QQQ,2023-10-13,2023-10-13T14:20:00+00:00,continuation_short,2023,10:00,15min,0.0010291130670277981,1.7573543512020193e-06,3000
HYP-OR-CONT-EVENT-01,QQQ,2023-10-13,2023-10-13T14:20:00+00:00,continuation_short,2023,10:00,60min,0.008801624915368955,-0.0002548164251713152,3000
HYP-OR-CONT-EVENT-01,QQQ,2023-10-13,2023-10-13T14:20:00+00:00,continuation_short,2023,10:00,session_close,0.010832769126608022,-0.4977633242908164,3000
HYP-OR-CONT-EVENT-01,QQQ,2023-10-16,2023-10-16T14:30:00+00:00,continuation_long,2023,10:00,30min,-5.4116946721860515e-05,1.671878792421407e-05,3000
HYP-OR-CONT-EVENT-01,QQQ,2023-10-16,2023-10-16T14:30:00+00:00,continuation_long,2023,10:00,15min,0.0003247016803311631,-1.7573543512020193e-06,3000
HYP-OR-CONT-EVENT-01,QQQ,2023-10-16,2023-10-16T14:30:00+00:00,continuation_long,2023,10:00,60min,0.0004599940471359254,0.0002548164251713152,3000
HYP-OR-CONT-EVENT-01,QQQ,2023-10-16,2023-10-16T14:30:00+00:00,continuation_long,2023,10:00,session_close,-0.00024352626024837232,0.4977633242908164,3000
HYP-OR-CONT-EVENT-01,QQQ,2023-10-17,2023-10-17T14:25:00+00:00,continuation_long,2023,10:00,30min,0.0008738657729092658,1.671878792421407e-05,3000
HYP-OR-CONT-EVENT-01,QQQ,2023-10-17,2023-10-17T14:25:00+00:00,continuation_long,2023,10:00,15min,0.0013351862448567342,-1.7573543512020193e-06,3000
HYP-OR-CONT-EVENT-01,QQQ,2023-10-17,2023-10-17T14:25:00+00:00,continuation_long,2023,10:00,60min,0.002888362080710749,0.0002548164251713152,3000
HYP-OR-CONT-EVENT-01,QQQ,2023-10-17,2023-10-17T14:25:00+00:00,continuation_long,2023,10:00,session_close,0.003460584757077889,0.4977633242908164,3000
HYP-OR-CONT-EVENT-01,QQQ,2023-10-18,2023-10-18T14:20:00+00:00,continuation_short,2023,10:00,30min,0.006723832856948442,-1.671878792421407e-05,3000
HYP-OR-CONT-EVENT-01,QQQ,2023-10-18,2023-10-18T14:20:00+00:00,continuation_short,2023,10:00,15min,0.005335511092963263,1.7573543512020193e-06,3000
HYP-OR-CONT-EVENT-01,QQQ,2023-10-18,2023-10-18T14:20:00+00:00,continuation_short,2023,10:00,60min,0.004355519259561791,-0.0002548164251713152,3000
HYP-OR-CONT-EVENT-01,QQQ,2023-10-18,2023-10-18T14:20:00+00:00,continuation_short,2023,10:00,session_close,0.011596570028583275,-0.4977633242908164,3000
HYP-OR-CONT-EVENT-01,QQQ,2023-10-19,2023-10-19T15:10:00+00:00,continuation_short,2023,11:00,30min,-0.0021764884150203834,-0.00023385157915617775,3000
HYP-OR-CONT-EVENT-01,QQQ,2023-10-19,2023-10-19T15:10:00+00:00,continuation_short,2023,11:00,15min,-0.00018816982119718162,-0.0001376980686055555,3000
HYP-OR-CONT-EVENT-01,QQQ,2023-10-19,2023-10-19T15:10:00+00:00,continuation_short,2023,11:00,60min,-0.002093836956222228,-0.00037841967838285527,3000
HYP-OR-CONT-EVENT-01,QQQ,2023-10-19,2023-10-19T15:10:00+00:00,continuation_short,2023,11:00,session_close,0.00834779733862312,-0.4974449236513215,3000
HYP-OR-CONT-EVENT-01,QQQ,2023-10-20,2023-10-20T14:30:00+00:00,continuation_short,2023,10:00,30min,0.004186502380285617,-1.671878792421407e-05,3000
HYP-OR-CONT-EVENT-01,QQQ,2023-10-20,2023-10-20T14:30:00+00:00,continuation_short,2023,10:00,15min,0.0022962755530665513,1.7573543512020193e-06,3000
HYP-OR-CONT-EVENT-01,QQQ,2023-10-20,2023-10-20T14:30:00+00:00,continuation_short,2023,10:00,60min,0.006188742649117951,-0.0002548164251713152,3000
HYP-OR-CONT-EVENT-01,QQQ,2023-10-20,2023-10-20T14:30:00+00:00,continuation_short,2023,10:00,session_close,0.006944833380005622,-0.4977633242908164,3000
HYP-OR-CONT-EVENT-01,QQQ,2023-10-23,2023-10-23T14:25:00+00:00,continuation_long,2023,10:00,30min,0.0013516177174557331,1.671878792421407e-05,3000
HYP-OR-CONT-EVENT-01,QQQ,2023-10-23,2023-10-23T14:25:00+00:00,continuation_long,2023,10:00,15min,0.0005631740489397963,-1.7573543512020193e-06,3000
HYP-OR-CONT-EVENT-01,QQQ,2023-10-23,2023-10-23T14:25:00+00:00,continuation_long,2023,10:00,60min,0.004054853152366755,0.0002548164251713152,3000
HYP-OR-CONT-EVENT-01,QQQ,2023-10-23,2023-10-23T14:25:00+00:00,continuation_long,2023,10:00,session_close,0.001520569932137672,0.4977633242908164,3000
HYP-OR-CONT-EVENT-01,QQQ,2023-10-24,2023-10-24T14:30:00+00:00,continuation_long,2023,10:00,30min,0.0007795317241572342,1.671878792421407e-05,3000
HYP-OR-CONT-EVENT-01,QQQ,2023-10-24,2023-10-24T14:30:00+00:00,continuation_long,2023,10:00,15min,0.0015590634483142463,-1.7573543512020193e-06,3000
HYP-OR-CONT-EVENT-01,QQQ,2023-10-24,2023-10-24T14:30:00+00:00,continuation_long,2023,10:00,60min,-0.003062446059188817,0.0002548164251713152,3000
HYP-OR-CONT-EVENT-01,QQQ,2023-10-24,2023-10-24T14:30:00+00:00,continuation_long,2023,10:00,session_close,0.0,0.4977633242908164,3000
HYP-OR-CONT-EVENT-01,QQQ,2023-10-25,2023-10-25T14:45:00+00:00,continuation_short,2023,10:00,30min,-0.0012208202783188238,-1.671878792421407e-05,3000
HYP-OR-CONT-EVENT-01,QQQ,2023-10-25,2023-10-25T14:45:00+00:00,continuation_short,2023,10:00,15min,-0.0016371693905778972,1.7573543512020193e-06,3000
HYP-OR-CONT-EVENT-01,QQQ,2023-10-25,2023-10-25T14:45:00+00:00,continuation_short,2023,10:00,60min,0.002738024670449035,-0.0002548164251713152,3000
HYP-OR-CONT-EVENT-01,QQQ,2023-10-25,2023-10-25T14:45:00+00:00,continuation_short,2023,10:00,session_close,0.011206142207920378,-0.4977633242908164,3000
HYP-OR-CONT-EVENT-01,QQQ,2023-10-26,2023-10-26T14:20:00+00:00,continuation_short,2023,10:00,30min,-0.0059852537227120806,-1.671878792421407e-05,3000
HYP-OR-CONT-EVENT-01,QQQ,2023-10-26,2023-10-26T14:20:00+00:00,continuation_short,2023,10:00,15min,0.0006939424606042799,1.7573543512020193e-06,3000
HYP-OR-CONT-EVENT-01,QQQ,2023-10-26,2023-10-26T14:20:00+00:00,continuation_short,2023,10:00,60min,0.0013919329188954999,-0.0002548164251713152,3000
HYP-OR-CONT-EVENT-01,QQQ,2023-10-26,2023-10-26T14:20:00+00:00,continuation_short,2023,10:00,session_close,0.0063900534913980955,-0.4977633242908164,3000
HYP-OR-CONT-EVENT-01,QQQ,2023-10-27,2023-10-27T14:25:00+00:00,continuation_long,2023,10:00,30min,0.000345791430135689,1.671878792421407e-05,3000
HYP-OR-CONT-EVENT-01,QQQ,2023-10-27,2023-10-27T14:25:00+00:00,continuation_long,2023,10:00,15min,-0.0037748897789814384,-1.7573543512020193e-06,3000
HYP-OR-CONT-EVENT-01,QQQ,2023-10-27,2023-10-27T14:25:00+00:00,continuation_long,2023,10:00,60min,0.003976601446560979,0.0002548164251713152,3000
HYP-OR-CONT-EVENT-01,QQQ,2023-10-27,2023-10-27T14:25:00+00:00,continuation_long,2023,10:00,session_close,-0.004639368354320883,0.4977633242908164,3000
HYP-OR-CONT-EVENT-01,QQQ,2023-10-30,2023-10-30T14:45:00+00:00,continuation_short,2023,10:00,30min,-0.003317945758799734,-1.671878792421407e-05,3000
HYP-OR-CONT-EVENT-01,QQQ,2023-10-30,2023-10-30T14:45:00+00:00,continuation_short,2023,10:00,15min,-0.0047605308713214445,1.7573543512020193e-06,3000
HYP-OR-CONT-EVENT-01,QQQ,2023-10-30,2023-10-30T14:45:00+00:00,continuation_short,2023,10:00,60min,-0.003260819388343883,-0.0002548164251713152,3000
HYP-OR-CONT-EVENT-01,QQQ,2023-10-30,2023-10-30T14:45:00+00:00,continuation_short,2023,10:00,session_close,-0.007357184073860212,-0.4977633242908164,3000
HYP-OR-CONT-EVENT-01,QQQ,2023-10-31,2023-10-31T15:10:00+00:00,continuation_long,2023,11:00,30min,-0.0026056580002291607,0.00023385157915617775,3000
HYP-OR-CONT-EVENT-01,QQQ,2023-10-31,2023-10-31T15:10:00+00:00,continuation_long,2023,11:00,15min,-0.0027774596266179064,0.0001376980686055555,3000
HYP-OR-CONT-EVENT-01,QQQ,2023-10-31,2023-10-31T15:10:00+00:00,continuation_long,2023,11:00,60min,-0.0029778948574047392,0.00037841967838285527,3000
HYP-OR-CONT-EVENT-01,QQQ,2023-10-31,2023-10-31T15:10:00+00:00,continuation_long,2023,11:00,session_close,0.004810159202840447,0.4974449236513215,3000
HYP-OR-CONT-EVENT-01,QQQ,2023-11-01,2023-11-01T14:20:00+00:00,continuation_long,2023,10:00,30min,0.0028725995581488917,1.671878792421407e-05,3000
HYP-OR-CONT-EVENT-01,QQQ,2023-11-01,2023-11-01T14:20:00+00:00,continuation_long,2023,10:00,15min,0.0041633150172775135,-1.7573543512020193e-06,3000
HYP-OR-CONT-EVENT-01,QQQ,2023-11-01,2023-11-01T14:20:00+00:00,continuation_long,2023,10:00,60min,0.0014445136803942216,0.0002548164251713152,3000
HYP-OR-CONT-EVENT-01,QQQ,2023-11-01,2023-11-01T14:20:00+00:00,continuation_long,2023,10:00,session_close,0.011414490454880077,0.4977633242908164,3000
HYP-OR-CONT-EVENT-01,QQQ,2023-11-02,2023-11-02T14:25:00+00:00,continuation_short,2023,10:00,30min,-0.004141618417042858,-1.671878792421407e-05,3000
HYP-OR-CONT-EVENT-01,QQQ,2023-11-02,2023-11-02T14:25:00+00:00,continuation_short,2023,10:00,15min,-0.003158157187577837,1.7573543512020193e-06,3000
HYP-OR-CONT-EVENT-01,QQQ,2023-11-02,2023-11-02T14:25:00+00:00,continuation_short,2023,10:00,60min,-0.0028811258553340657,-0.0002548164251713152,3000
HYP-OR-CONT-EVENT-01,QQQ,2023-11-02,2023-11-02T14:25:00+00:00,continuation_short,2023,10:00,session_close,-0.006842673906418684,-0.4977633242908164,3000
HYP-OR-CONT-EVENT-01,QQQ,2023-11-03,2023-11-03T15:55:00+00:00,continuation_long,2023,11:00,30min,0.0025750722110196023,0.00023385157915617775,3000
HYP-OR-CONT-EVENT-01,QQQ,2023-11-03,2023-11-03T15:55:00+00:00,continuation_long,2023,11:00,15min,0.0011172270968444753,0.0001376980686055555,3000
HYP-OR-CONT-EVENT-01,QQQ,2023-11-03,2023-11-03T15:55:00+00:00,continuation_long,2023,11:00,60min,0.002833941904190951,0.00037841967838285527,3000
HYP-OR-CONT-EVENT-01,QQQ,2023-11-03,2023-11-03T15:55:00+00:00,continuation_long,2023,11:00,session_close,0.00204370810398391,0.4974449236513215,3000
HYP-OR-CONT-EVENT-01,QQQ,2023-11-06,2023-11-06T15:20:00+00:00,continuation_short,2023,10:00,30min,-0.0010717386585630262,-1.671878792421407e-05,3000
HYP-OR-CONT-EVENT-01,QQQ,2023-11-06,2023-11-06T15:20:00+00:00,continuation_short,2023,10:00,15min,-0.002090568699804507,1.7573543512020193e-06,3000
HYP-OR-CONT-EVENT-01,QQQ,2023-11-06,2023-11-06T15:20:00+00:00,continuation_short,2023,10:00,60min,-0.0010853049706966988,-0.0002548164251713152,3000
HYP-OR-CONT-EVENT-01,QQQ,2023-11-06,2023-11-06T15:20:00+00:00,continuation_short,2023,10:00,session_close,-0.0017907532016496752,-0.4977633242908164,3000
HYP-OR-CONT-EVENT-01,QQQ,2023-11-07,2023-11-07T15:20:00+00:00,continuation_long,2023,10:00,30min,0.005225030992292323,1.671878792421407e-05,3000
HYP-OR-CONT-EVENT-01,QQQ,2023-11-07,2023-11-07T15:20:00+00:00,continuation_long,2023,10:00,15min,0.0032609281517812505,-1.7573543512020193e-06,3000
HYP-OR-CONT-EVENT-01,QQQ,2023-11-07,2023-11-07T15:20:00+00:00,continuation_long,2023,10:00,60min,0.004581469304155705,0.0002548164251713152,3000
HYP-OR-CONT-EVENT-01,QQQ,2023-11-07,2023-11-07T15:20:00+00:00,continuation_long,2023,10:00,session_close,0.004338920929229717,0.4977633242908164,3000
HYP-OR-CONT-EVENT-01,QQQ,2023-11-08,2023-11-08T15:20:00+00:00,continuation_short,2023,10:00,30min,0.0015567544354080365,-1.671878792421407e-05,3000
HYP-OR-CONT-EVENT-01,QQQ,2023-11-08,2023-11-08T15:20:00+00:00,continuation_short,2023,10:00,15min,0.0015567544354080365,1.7573543512020193e-06,3000
HYP-OR-CONT-EVENT-01,QQQ,2023-11-08,2023-11-08T15:20:00+00:00,continuation_short,2023,10:00,60min,0.00177147918511944,-0.0002548164251713152,3000
HYP-OR-CONT-EVENT-01,QQQ,2023-11-08,2023-11-08T15:20:00+00:00,continuation_short,2023,10:00,session_close,-0.0010736237485573508,-0.4977633242908164,3000
HYP-OR-CONT-EVENT-01,QQQ,2023-11-09,2023-11-09T15:25:00+00:00,continuation_short,2023,10:00,30min,-0.0005495168272773299,-1.671878792421407e-05,3000
HYP-OR-CONT-EVENT-01,QQQ,2023-11-09,2023-11-09T15:25:00+00:00,continuation_short,2023,10:00,15min,0.00021444559113259487,1.7573543512020193e-06,3000
HYP-OR-CONT-EVENT-01,QQQ,2023-11-09,2023-11-09T15:25:00+00:00,continuation_short,2023,10:00,60min,-0.0018061679913148332,-0.0002548164251713152,3000
HYP-OR-CONT-EVENT-01,QQQ,2023-11-09,2023-11-09T15:25:00+00:00,continuation_short,2023,10:00,session_close,0.007961292570800582,-0.4977633242908164,3000
HYP-OR-CONT-EVENT-01,QQQ,2023-11-10,2023-11-10T16:20:00+00:00,continuation_long,2023,11:00,30min,5.338030800428051e-05,0.00023385157915617775,3000
HYP-OR-CONT-EVENT-01,QQQ,2023-11-10,2023-11-10T16:20:00+00:00,continuation_long,2023,11:00,15min,-0.0010676061600876086,0.0001376980686055555,3000
HYP-OR-CONT-EVENT-01,QQQ,2023-11-10,2023-11-10T16:20:00+00:00,continuation_long,2023,11:00,60min,0.0021885926281794976,0.00037841967838285527,3000
HYP-OR-CONT-EVENT-01,QQQ,2023-11-10,2023-11-10T16:20:00+00:00,continuation_long,2023,11:00,session_close,0.009875356980809658,0.4974449236513215,3000
HYP-OR-CONT-EVENT-01,QQQ,2023-11-13,2023-11-13T16:05:00+00:00,continuation_long,2023,11:00,30min,0.0018302872755244781,0.00023385157915617775,3000
HYP-OR-CONT-EVENT-01,QQQ,2023-11-13,2023-11-13T16:05:00+00:00,continuation_long,2023,11:00,15min,0.0015915541526299037,0.0001376980686055555,3000
HYP-OR-CONT-EVENT-01,QQQ,2023-11-13,2023-11-13T16:05:00+00:00,continuation_long,2023,11:00,60min,0.0013793469322793683,0.00037841967838285527,3000
HYP-OR-CONT-EVENT-01,QQQ,2023-11-13,2023-11-13T16:05:00+00:00,continuation_long,2023,11:00,session_close,0.0007161993686835011,0.4974449236513215,3000
HYP-OR-CONT-EVENT-01,QQQ,2023-11-14,2023-11-14T15:20:00+00:00,continuation_long,2023,10:00,30min,0.0017283501403473345,1.671878792421407e-05,3000
HYP-OR-CONT-EVENT-01,QQQ,2023-11-14,2023-11-14T15:20:00+00:00,continuation_long,2023,10:00,15min,0.002027497660879618,-1.7573543512020193e-06,3000
HYP-OR-CONT-EVENT-01,QQQ,2023-11-14,2023-11-14T15:20:00+00:00,continuation_long,2023,10:00,60min,0.000701736147208587,0.0002548164251713152,3000
HYP-OR-CONT-EVENT-01,QQQ,2023-11-14,2023-11-14T15:20:00+00:00,continuation_long,2023,10:00,session_close,0.00137748206674293,0.4977633242908164,3000
HYP-OR-CONT-EVENT-01,QQQ,2023-11-15,2023-11-15T16:10:00+00:00,continuation_long,2023,11:00,30min,-0.0026085721296020825,0.00023385157915617775,3000
HYP-OR-CONT-EVENT-01,QQQ,2023-11-15,2023-11-15T16:10:00+00:00,continuation_long,2023,11:00,15min,0.00019370585120803696,0.0001376980686055555,3000
HYP-OR-CONT-EVENT-01,QQQ,2023-11-15,2023-11-15T16:10:00+00:00,continuation_long,2023,11:00,60min,-0.003538360215400882,0.00037841967838285527,3000
HYP-OR-CONT-EVENT-01,QQQ,2023-11-15,2023-11-15T16:10:00+00:00,continuation_long,2023,11:00,session_close,-0.004067822875369664,0.4974449236513215,3000
HYP-OR-CONT-EVENT-01,QQQ,2023-11-16,2023-11-16T15:20:00+00:00,continuation_long,2023,10:00,30min,-0.0012998047303950377,1.671878792421407e-05,3000
HYP-OR-CONT-EVENT-01,QQQ,2023-11-16,2023-11-16T15:20:00+00:00,continuation_long,2023,10:00,15min,-0.0003643923679291783,-1.7573543512020193e-06,3000
HYP-OR-CONT-EVENT-01,QQQ,2023-11-16,2023-11-16T15:20:00+00:00,continuation_long,2023,10:00,60min,-0.00187160445182466,0.0002548164251713152,3000
HYP-OR-CONT-EVENT-01,QQQ,2023-11-16,2023-11-16T15:20:00+00:00,continuation_long,2023,10:00,session_close,0.0031446385588984604,0.4977633242908164,3000
HYP-OR-CONT-EVENT-01,QQQ,2023-11-17,2023-11-17T16:25:00+00:00,continuation_short,2023,11:00,30min,-0.001441296387669766,-0.00023385157915617775,3000
HYP-OR-CONT-EVENT-01,QQQ,2023-11-17,2023-11-17T16:25:00+00:00,continuation_short,2023,11:00,15min,-0.0007011712156230754,-0.0001376980686055555,3000
HYP-OR-CONT-EVENT-01,QQQ,2023-11-17,2023-11-17T16:25:00+00:00,continuation_short,2023,11:00,60min,-0.0007011712156230754,-0.00037841967838285527,3000
HYP-OR-CONT-EVENT-01,QQQ,2023-11-17,2023-11-17T16:25:00+00:00,continuation_short,2023,11:00,session_close,-0.0025709611239514985,-0.4974449236513215,3000
HYP-OR-CONT-EVENT-01,QQQ,2023-11-20,2023-11-20T16:15:00+00:00,continuation_long,2023,11:00,30min,0.00018007357291693893,0.00023385157915617775,3000
HYP-OR-CONT-EVENT-01,QQQ,2023-11-20,2023-11-20T16:15:00+00:00,continuation_long,2023,11:00,15min,0.0005916703110127042,0.0001376980686055555,3000
HYP-OR-CONT-EVENT-01,QQQ,2023-11-20,2023-11-20T16:15:00+00:00,continuation_long,2023,11:00,60min,0.0012064929385433576,0.00037841967838285527,3000
HYP-OR-CONT-EVENT-01,QQQ,2023-11-20,2023-11-20T16:15:00+00:00,continuation_long,2023,11:00,session_close,0.0051706840223291195,0.4974449236513215,3000
HYP-OR-CONT-EVENT-01,QQQ,2023-11-21,2023-11-21T15:20:00+00:00,continuation_short,2023,10:00,30min,0.00291209640043244,-1.671878792421407e-05,3000
HYP-OR-CONT-EVENT-01,QQQ,2023-11-21,2023-11-21T15:20:00+00:00,continuation_short,2023,10:00,15min,0.0038364488387662155,1.7573543512020193e-06,3000
HYP-OR-CONT-EVENT-01,QQQ,2023-11-21,2023-11-21T15:20:00+00:00,continuation_short,2023,10:00,60min,0.002507595653741257,-0.0002548164251713152,3000
HYP-OR-CONT-EVENT-01,QQQ,2023-11-21,2023-11-21T15:20:00+00:00,continuation_short,2023,10:00,session_close,-0.00012873989391826157,-0.4977633242908164,3000
HYP-OR-CONT-EVENT-01,QQQ,2023-11-22,2023-11-22T15:20:00+00:00,continuation_short,2023,10:00,30min,-0.00020529665366453287,-1.671878792421407e-05,3000
HYP-OR-CONT-EVENT-01,QQQ,2023-11-22,2023-11-22T15:20:00+00:00,continuation_short,2023,10:00,15min,-0.002951139396427882,1.7573543512020193e-06,3000
HYP-OR-CONT-EVENT-01,QQQ,2023-11-22,2023-11-22T15:20:00+00:00,continuation_short,2023,10:00,60min,-0.0018733319646890845,-0.0002548164251713152,3000
HYP-OR-CONT-EVENT-01,QQQ,2023-11-22,2023-11-22T15:20:00+00:00,continuation_short,2023,10:00,session_close,-0.0009238349414903979,-0.4977633242908164,3000
HYP-OR-CONT-EVENT-01,QQQ,2023-11-24,2023-11-24T15:35:00+00:00,continuation_short,2023,10:00,30min,-0.0007458464070779769,-1.671878792421407e-05,3000
HYP-OR-CONT-EVENT-01,QQQ,2023-11-24,2023-11-24T15:35:00+00:00,continuation_short,2023,10:00,15min,-9.001594568180948e-05,1.7573543512020193e-06,3000
HYP-OR-CONT-EVENT-01,QQQ,2023-11-24,2023-11-24T15:35:00+00:00,continuation_short,2023,10:00,60min,-0.0007715652487012559,-0.0002548164251713152,3000
HYP-OR-CONT-EVENT-01,QQQ,2023-11-24,2023-11-24T15:35:00+00:00,continuation_short,2023,10:00,session_close,-0.0017488812303894097,-0.4977633242908164,3000
HYP-OR-CONT-EVENT-01,QQQ,2023-11-27,2023-11-27T15:25:00+00:00,continuation_long,2023,10:00,30min,0.002197152695687876,1.671878792421407e-05,3000
HYP-OR-CONT-EVENT-01,QQQ,2023-11-27,2023-11-27T15:25:00+00:00,continuation_long,2023,10:00,15min,0.002323071388189435,-1.7573543512020193e-06,3000
HYP-OR-CONT-EVENT-01,QQQ,2023-11-27,2023-11-27T15:25:00+00:00,continuation_long,2023,10:00,60min,0.0014005242329240275,0.0002548164251713152,3000
HYP-OR-CONT-EVENT-01,QQQ,2023-11-27,2023-11-27T15:25:00+00:00,continuation_long,2023,10:00,session_close,0.0,0.4977633242908164,3000
HYP-OR-CONT-EVENT-01,QQQ,2023-11-28,2023-11-28T15:55:00+00:00,continuation_long,2023,10:00,30min,0.00169504584328517,1.671878792421407e-05,3000
HYP-OR-CONT-EVENT-01,QQQ,2023-11-28,2023-11-28T15:55:00+00:00,continuation_long,2023,10:00,15min,0.00030793332819678554,-1.7573543512020193e-06,3000
HYP-OR-CONT-EVENT-01,QQQ,2023-11-28,2023-11-28T15:55:00+00:00,continuation_long,2023,10:00,60min,0.0025679944525771603,0.0002548164251713152,3000
HYP-OR-CONT-EVENT-01,QQQ,2023-11-28,2023-11-28T15:55:00+00:00,continuation_long,2023,10:00,session_close,0.002170172329660769,0.4977633242908164,3000
HYP-OR-CONT-EVENT-01,QQQ,2023-11-29,2023-11-29T15:25:00+00:00,continuation_short,2023,10:00,30min,-0.0016351976289634695,-1.671878792421407e-05,3000
HYP-OR-CONT-EVENT-01,QQQ,2023-11-29,2023-11-29T15:25:00+00:00,continuation_short,2023,10:00,15min,-0.0006131991108613288,1.7573543512020193e-06,3000
HYP-OR-CONT-EVENT-01,QQQ,2023-11-29,2023-11-29T15:25:00+00:00,continuation_short,2023,10:00,60min,0.0029893456654487283,-0.0002548164251713152,3000
HYP-OR-CONT-EVENT-01,QQQ,2023-11-29,2023-11-29T15:25:00+00:00,continuation_short,2023,10:00,session_close,0.004190193924218821,-0.4977633242908164,3000
HYP-OR-CONT-EVENT-01,QQQ,2023-11-30,2023-11-30T15:50:00+00:00,continuation_short,2023,10:00,30min,-0.0010606922957518972,-1.671878792421407e-05,3000
HYP-OR-CONT-EVENT-01,QQQ,2023-11-30,2023-11-30T15:50:00+00:00,continuation_short,2023,10:00,15min,-0.000905210327521111,1.7573543512020193e-06,3000
HYP-OR-CONT-EVENT-01,QQQ,2023-11-30,2023-11-30T15:50:00+00:00,continuation_short,2023,10:00,60min,6.467635949714001e-05,-0.0002548164251713152,3000
HYP-OR-CONT-EVENT-01,QQQ,2023-11-30,2023-11-30T15:50:00+00:00,continuation_short,2023,10:00,session_close,-0.005924354529932119,-0.4977633242908164,3000
HYP-OR-CONT-EVENT-01,QQQ,2023-12-01,2023-12-01T15:20:00+00:00,continuation_long,2023,10:00,30min,-0.00012912222710015353,1.671878792421407e-05,3000
HYP-OR-CONT-EVENT-01,QQQ,2023-12-01,2023-12-01T15:20:00+00:00,continuation_long,2023,10:00,15min,-0.0008780311442813105,-1.7573543512020193e-06,3000
HYP-OR-CONT-EVENT-01,QQQ,2023-12-01,2023-12-01T15:20:00+00:00,continuation_long,2023,10:00,60min,0.0019884822973426086,0.0002548164251713152,3000
HYP-OR-CONT-EVENT-01,QQQ,2023-12-01,2023-12-01T15:20:00+00:00,continuation_long,2023,10:00,session_close,0.007075898045089568,0.4977633242908164,3000
HYP-OR-CONT-EVENT-01,QQQ,2023-12-04,2023-12-04T15:35:00+00:00,continuation_short,2023,10:00,30min,-0.00013054489438912853,-1.671878792421407e-05,3000
HYP-OR-CONT-EVENT-01,QQQ,2023-12-04,2023-12-04T15:35:00+00:00,continuation_short,2023,10:00,15min,0.0007049424297015383,1.7573543512020193e-06,3000
HYP-OR-CONT-EVENT-01,QQQ,2023-12-04,2023-12-04T15:35:00+00:00,continuation_short,2023,10:00,60min,-0.0027414427821728093,-0.0002548164251713152,3000
HYP-OR-CONT-EVENT-01,QQQ,2023-12-04,2023-12-04T15:35:00+00:00,continuation_short,2023,10:00,session_close,-0.008511527114174466,-0.4977633242908164,3000
HYP-OR-CONT-EVENT-01,QQQ,2023-12-05,2023-12-05T15:20:00+00:00,continuation_long,2023,10:00,30min,0.002556026024992386,1.671878792421407e-05,3000
HYP-OR-CONT-EVENT-01,QQQ,2023-12-05,2023-12-05T15:20:00+00:00,continuation_long,2023,10:00,15min,0.0004905504492409563,-1.7573543512020193e-06,3000
HYP-OR-CONT-EVENT-01,QQQ,2023-12-05,2023-12-05T15:20:00+00:00,continuation_long,2023,10:00,60min,-0.0021687493545388126,0.0002548164251713152,3000
HYP-OR-CONT-EVENT-01,QQQ,2023-12-05,2023-12-05T15:20:00+00:00,continuation_long,2023,10:00,session_close,-6.454611174222524e-05,0.4977633242908164,3000
HYP-OR-CONT-EVENT-01,QQQ,2023-12-06,2023-12-06T15:20:00+00:00,continuation_short,2023,10:00,30min,0.0011588679148103465,-1.671878792421407e-05,3000
HYP-OR-CONT-EVENT-01,QQQ,2023-12-06,2023-12-06T15:20:00+00:00,continuation_short,2023,10:00,15min,0.0018191651000489806,1.7573543512020193e-06,3000
HYP-OR-CONT-EVENT-01,QQQ,2023-12-06,2023-12-06T15:20:00+00:00,continuation_short,2023,10:00,60min,0.0024207463109371385,-0.0002548164251713152,3000
HYP-OR-CONT-EVENT-01,QQQ,2023-12-06,2023-12-06T15:20:00+00:00,continuation_short,2023,10:00,session_close,0.00848548839844454,-0.4977633242908164,3000
HYP-OR-CONT-EVENT-01,QQQ,2023-12-07,2023-12-07T15:40:00+00:00,continuation_long,2023,10:00,30min,-0.0021551171203529895,1.671878792421407e-05,3000
HYP-OR-CONT-EVENT-01,QQQ,2023-12-07,2023-12-07T15:40:00+00:00,continuation_long,2023,10:00,15min,-0.00048746696769885745,-1.7573543512020193e-06,3000
HYP-OR-CONT-EVENT-01,QQQ,2023-12-07,2023-12-07T15:40:00+00:00,continuation_long,2023,10:00,60min,0.00048746696769885745,0.0002548164251713152,3000
HYP-OR-CONT-EVENT-01,QQQ,2023-12-07,2023-12-07T15:40:00+00:00,continuation_long,2023,10:00,session_close,0.002052492495574265,0.4977633242908164,3000
HYP-OR-CONT-EVENT-01,QQQ,2023-12-08,2023-12-08T15:20:00+00:00,continuation_long,2023,10:00,30min,-0.00021674550253092395,1.671878792421407e-05,3000
HYP-OR-CONT-EVENT-01,QQQ,2023-12-08,2023-12-08T15:20:00+00:00,continuation_long,2023,10:00,15min,-0.0043476597860595545,-1.7573543512020193e-06,3000
HYP-OR-CONT-EVENT-01,QQQ,2023-12-08,2023-12-08T15:20:00+00:00,continuation_long,2023,10:00,60min,-0.0035316767177082653,0.0002548164251713152,3000
HYP-OR-CONT-EVENT-01,QQQ,2023-12-08,2023-12-08T15:20:00+00:00,continuation_long,2023,10:00,session_close,-3.824920632911066e-05,0.4977633242908164,3000
HYP-OR-CONT-EVENT-01,QQQ,2023-12-11,2023-12-11T15:20:00+00:00,continuation_long,2023,10:00,30min,0.002107936507936392,1.671878792421407e-05,3000
HYP-OR-CONT-EVENT-01,QQQ,2023-12-11,2023-12-11T15:20:00+00:00,continuation_long,2023,10:00,15min,-0.00015136507936508448,-1.7573543512020193e-06,3000
HYP-OR-CONT-EVENT-01,QQQ,2023-12-11,2023-12-11T15:20:00+00:00,continuation_long,2023,10:00,60min,-0.0005142857142856894,0.0002548164251713152,3000
HYP-OR-CONT-EVENT-01,QQQ,2023-12-11,2023-12-11T15:20:00+00:00,continuation_long,2023,10:00,session_close,0.004520634920634814,0.4977633242908164,3000
HYP-OR-CONT-EVENT-01,QQQ,2023-12-12,2023-12-12T15:20:00+00:00,continuation_long,2023,10:00,30min,-0.00010063813151073298,1.671878792421407e-05,3000
HYP-OR-CONT-EVENT-01,QQQ,2023-12-12,2023-12-12T15:20:00+00:00,continuation_long,2023,10:00,15min,-7.566776805312259e-05,-1.7573543512020193e-06,3000
HYP-OR-CONT-EVENT-01,QQQ,2023-12-12,2023-12-12T15:20:00+00:00,continuation_long,2023,10:00,60min,0.0020051958534061942,0.0002548164251713152,3000
HYP-OR-CONT-EVENT-01,QQQ,2023-12-12,2023-12-12T15:20:00+00:00,continuation_long,2023,10:00,session_close,0.005750750372033098,0.4977633242908164,3000
HYP-OR-CONT-EVENT-01,QQQ,2023-12-13,2023-12-13T17:10:00+00:00,continuation_short,2023,12:00,30min,0.00036304456685021247,-0.00013071130438252755,2988
HYP-OR-CONT-EVENT-01,QQQ,2023-12-13,2023-12-13T17:10:00+00:00,continuation_short,2023,12:00,15min,-0.0002503755633451732,-8.823351345402351e-05,2994
HYP-OR-CONT-EVENT-01,QQQ,2023-12-13,2023-12-13T17:10:00+00:00,continuation_short,2023,12:00,60min,0.0009013520280419796,-0.00017745400446088016,2976
HYP-OR-CONT-EVENT-01,QQQ,2023-12-13,2023-12-13T17:10:00+00:00,continuation_short,2023,12:00,session_close,-0.010916374561842801,-0.4969003406137486,3000
HYP-OR-CONT-EVENT-01,QQQ,2023-12-14,2023-12-14T15:25:00+00:00,continuation_short,2023,10:00,30min,-0.00039545229856630115,-1.671878792421407e-05,3000
HYP-OR-CONT-EVENT-01,QQQ,2023-12-14,2023-12-14T15:25:00+00:00,continuation_short,2023,10:00,15min,0.0015570934256055047,1.7573543512020193e-06,3000
HYP-OR-CONT-EVENT-01,QQQ,2023-12-14,2023-12-14T15:25:00+00:00,continuation_short,2023,10:00,60min,0.002298566485417708,-0.0002548164251713152,3000
HYP-OR-CONT-EVENT-01,QQQ,2023-12-14,2023-12-14T15:25:00+00:00,continuation_short,2023,10:00,session_close,0.003040039545229911,-0.4977633242908164,3000
HYP-OR-CONT-EVENT-01,QQQ,2023-12-15,2023-12-15T15:35:00+00:00,continuation_long,2023,10:00,30min,-0.0005666839135683999,1.671878792421407e-05,3000
HYP-OR-CONT-EVENT-01,QQQ,2023-12-15,2023-12-15T15:35:00+00:00,continuation_long,2023,10:00,15min,0.0006405992066425004,-1.7573543512020193e-06,3000
HYP-OR-CONT-EVENT-01,QQQ,2023-12-15,2023-12-15T15:35:00+00:00,continuation_long,2023,10:00,60min,0.0008623450858649129,0.0002548164251713152,3000
HYP-OR-CONT-EVENT-01,QQQ,2023-12-15,2023-12-15T15:35:00+00:00,continuation_long,2023,10:00,session_close,-0.0022913740852982256,0.4977633242908164,3000
HYP-OR-CONT-EVENT-01,QQQ,2023-12-18,2023-12-18T15:20:00+00:00,continuation_long,2023,10:00,30min,-0.001845725959290223,1.671878792421407e-05,3000
HYP-OR-CONT-EVENT-01,QQQ,2023-12-18,2023-12-18T15:20:00+00:00,continuation_long,2023,10:00,15min,-0.0015013906323070314,-1.7573543512020193e-06,3000
HYP-OR-CONT-EVENT-01,QQQ,2023-12-18,2023-12-18T15:20:00+00:00,continuation_long,2023,10:00,60min,-0.0006645499520048226,0.0002548164251713152,3000
HYP-OR-CONT-EVENT-01,QQQ,2023-12-18,2023-12-18T15:20:00+00:00,continuation_long,2023,10:00,session_close,0.002018262817199412,0.4977633242908164,3000
HYP-OR-CONT-EVENT-01,QQQ,2023-12-19,2023-12-19T15:35:00+00:00,continuation_long,2023,10:00,30min,0.0007342323600676437,1.671878792421407e-05,3000
HYP-OR-CONT-EVENT-01,QQQ,2023-12-19,2023-12-19T15:35:00+00:00,continuation_long,2023,10:00,15min,-2.447441200226219e-05,-1.7573543512020193e-06,3000
HYP-OR-CONT-EVENT-01,QQQ,2023-12-19,2023-12-19T15:35:00+00:00,continuation_long,2023,10:00,60min,0.00019579529601809753,0.0002548164251713152,3000
HYP-OR-CONT-EVENT-01,QQQ,2023-12-19,2023-12-19T15:35:00+00:00,continuation_long,2023,10:00,session_close,0.0013705670721260166,0.4977633242908164,3000
HYP-OR-CONT-EVENT-01,QQQ,2023-12-20,2023-12-20T15:20:00+00:00,continuation_long,2023,10:00,30min,-0.00016817585580519712,1.671878792421407e-05,3000
HYP-OR-CONT-EVENT-01,QQQ,2023-12-20,2023-12-20T15:20:00+00:00,continuation_long,2023,10:00,15min,0.000829407195973797,-1.7573543512020193e-06,3000
HYP-OR-CONT-EVENT-01,QQQ,2023-12-20,2023-12-20T15:20:00+00:00,continuation_long,2023,10:00,60min,0.0005120942604923684,0.0002548164251713152,3000
HYP-OR-CONT-EVENT-01,QQQ,2023-12-20,2023-12-20T15:20:00+00:00,continuation_long,2023,10:00,session_close,-0.016403126069405527,0.4977633242908164,3000
HYP-OR-CONT-EVENT-01,QQQ,2023-12-21,2023-12-21T15:20:00+00:00,continuation_short,2023,10:00,30min,0.0019557676695614035,-1.671878792421407e-05,3000
HYP-OR-CONT-EVENT-01,QQQ,2023-12-21,2023-12-21T15:20:00+00:00,continuation_short,2023,10:00,15min,0.0005658195773574626,1.7573543512020193e-06,3000
HYP-OR-CONT-EVENT-01,QQQ,2023-12-21,2023-12-21T15:20:00+00:00,continuation_short,2023,10:00,60min,0.0008856306428203231,-0.0002548164251713152,3000
HYP-OR-CONT-EVENT-01,QQQ,2023-12-21,2023-12-21T15:20:00+00:00,continuation_short,2023,10:00,session_close,-0.0031981106546286053,-0.4977633242908164,3000
HYP-OR-CONT-EVENT-01,QQQ,2023-12-22,2023-12-22T16:20:00+00:00,continuation_short,2023,11:00,30min,0.00046466128637812076,-0.00023385157915617775,3000
HYP-OR-CONT-EVENT-01,QQQ,2023-12-22,2023-12-22T16:20:00+00:00,continuation_short,2023,11:00,15min,-3.986304719982847e-05,-0.0001376980686055555,3000
HYP-OR-CONT-EVENT-01,QQQ,2023-12-22,2023-12-22T16:20:00+00:00,continuation_short,2023,11:00,60min,0.0013223281976032508,-0.00037841967838285527,3000
HYP-OR-CONT-EVENT-01,QQQ,2023-12-22,2023-12-22T16:20:00+00:00,continuation_short,2023,11:00,session_close,0.0011249694301784796,-0.4974449236513215,3000
HYP-OR-CONT-EVENT-01,QQQ,2023-12-26,2023-12-26T15:45:00+00:00,continuation_long,2023,10:00,30min,-0.0007314575510801724,1.671878792421407e-05,3000
HYP-OR-CONT-EVENT-01,QQQ,2023-12-26,2023-12-26T15:45:00+00:00,continuation_long,2023,10:00,15min,-0.0008289852245574325,-1.7573543512020193e-06,3000
HYP-OR-CONT-EVENT-01,QQQ,2023-12-26,2023-12-26T15:45:00+00:00,continuation_long,2023,10:00,60min,-0.00014629151021605669,0.0002548164251713152,3000
HYP-OR-CONT-EVENT-01,QQQ,2023-12-26,2023-12-26T15:45:00+00:00,continuation_long,2023,10:00,session_close,0.0017676890817770463,0.4977633242908164,3000
HYP-OR-CONT-EVENT-01,QQQ,2023-12-27,2023-12-27T15:20:00+00:00,continuation_long,2023,10:00,30min,-0.00046274872744100914,1.671878792421407e-05,3000
HYP-OR-CONT-EVENT-01,QQQ,2023-12-27,2023-12-27T15:20:00+00:00,continuation_long,2023,10:00,15min,-0.0001217759809054586,-1.7573543512020193e-06,3000
HYP-OR-CONT-EVENT-01,QQQ,2023-12-27,2023-12-27T15:20:00+00:00,continuation_long,2023,10:00,60min,-0.0002191967656298699,0.0002548164251713152,3000
HYP-OR-CONT-EVENT-01,QQQ,2023-12-27,2023-12-27T15:20:00+00:00,continuation_long,2023,10:00,session_close,0.0022163228524807455,0.4977633242908164,3000
HYP-OR-CONT-EVENT-01,QQQ,2023-12-28,2023-12-28T15:25:00+00:00,continuation_short,2023,10:00,30min,-0.0005097582289543823,-1.671878792421407e-05,3000
HYP-OR-CONT-EVENT-01,QQQ,2023-12-28,2023-12-28T15:25:00+00:00,continuation_short,2023,10:00,15min,-0.0007282260413632446,1.7573543512020193e-06,3000
HYP-OR-CONT-EVENT-01,QQQ,2023-12-28,2023-12-28T15:25:00+00:00,continuation_short,2023,10:00,60min,0.00038838722206036014,-0.0002548164251713152,3000
HYP-OR-CONT-EVENT-01,QQQ,2023-12-28,2023-12-28T15:25:00+00:00,continuation_short,2023,10:00,session_close,0.0018205651034081116,-0.4977633242908164,3000
HYP-OR-CONT-EVENT-01,QQQ,2023-12-29,2023-12-29T15:50:00+00:00,continuation_short,2023,10:00,30min,0.0031033892920852013,-1.671878792421407e-05,3000
HYP-OR-CONT-EVENT-01,QQQ,2023-12-29,2023-12-29T15:50:00+00:00,continuation_short,2023,10:00,15min,0.0003929330694230071,1.7573543512020193e-06,3000
HYP-OR-CONT-EVENT-01,QQQ,2023-12-29,2023-12-29T15:50:00+00:00,continuation_short,2023,10:00,60min,0.0014906043056471807,-0.0002548164251713152,3000
HYP-OR-CONT-EVENT-01,QQQ,2023-12-29,2023-12-29T15:50:00+00:00,continuation_short,2023,10:00,session_close,-0.0005620311316374416,-0.4977633242908164,3000
HYP-OR-CONT-EVENT-01,QQQ,2024-01-02,2024-01-02T15:45:00+00:00,continuation_short,2024,10:00,30min,-0.0023977538140436128,8.784715465694218e-06,3024
HYP-OR-CONT-EVENT-01,QQQ,2024-01-02,2024-01-02T15:45:00+00:00,continuation_short,2024,10:00,15min,-0.0009690404015307852,1.645775283912026e-05,3024
HYP-OR-CONT-EVENT-01,QQQ,2024-01-02,2024-01-02T15:45:00+00:00,continuation_short,2024,10:00,60min,-0.004050091934602262,-1.3990141093417914e-05,3024
HYP-OR-CONT-EVENT-01,QQQ,2024-01-02,2024-01-02T15:45:00+00:00,continuation_short,2024,10:00,session_close,-0.00027331908761119017,-0.10520893768050853,3024
HYP-OR-CONT-EVENT-01,QQQ,2024-01-03,2024-01-03T15:20:00+00:00,continuation_long,2024,10:00,30min,0.0002360724757537458,-8.784715465694218e-06,3024
HYP-OR-CONT-EVENT-01,QQQ,2024-01-03,2024-01-03T15:20:00+00:00,continuation_long,2024,10:00,15min,-0.0013156905495826932,-1.645775283912026e-05,3024
HYP-OR-CONT-EVENT-01,QQQ,2024-01-03,2024-01-03T15:20:00+00:00,continuation_long,2024,10:00,60min,0.0010776132120391413,1.3990141093417914e-05,3024
HYP-OR-CONT-EVENT-01,QQQ,2024-01-03,2024-01-03T15:20:00+00:00,continuation_long,2024,10:00,session_close,-0.0017417236799237568,0.10520893768050853,3024
HYP-OR-CONT-EVENT-01,QQQ,2024-01-04,2024-01-04T15:25:00+00:00,continuation_long,2024,10:00,30min,0.0007037032382914976,-8.784715465694218e-06,3024
HYP-OR-CONT-EVENT-01,QQQ,2024-01-04,2024-01-04T15:25:00+00:00,continuation_long,2024,10:00,15min,0.0005657271390693275,-1.645775283912026e-05,3024
HYP-OR-CONT-EVENT-01,QQQ,2024-01-04,2024-01-04T15:25:00+00:00,continuation_long,2024,10:00,60min,0.0031540984430564745,1.3990141093417914e-05,3024
HYP-OR-CONT-EVENT-01,QQQ,2024-01-04,2024-01-04T15:25:00+00:00,continuation_long,2024,10:00,session_close,-0.004159388783472995,0.10520893768050853,3024
HYP-OR-CONT-EVENT-01,QQQ,2024-01-05,2024-01-05T15:20:00+00:00,continuation_long,2024,10:00,30min,0.0022975517890773123,-8.784715465694218e-06,3024
HYP-OR-CONT-EVENT-01,QQQ,2024-01-05,2024-01-05T15:20:00+00:00,continuation_long,2024,10:00,15min,0.0018079096045198195,-1.645775283912026e-05,3024
HYP-OR-CONT-EVENT-01,QQQ,2024-01-05,2024-01-05T15:20:00+00:00,continuation_long,2024,10:00,60min,0.0004645323289391712,1.3990141093417914e-05,3024
HYP-OR-CONT-EVENT-01,QQQ,2024-01-05,2024-01-05T15:20:00+00:00,continuation_long,2024,10:00,session_close,-0.0037162586315129253,0.10520893768050853,3024
HYP-OR-CONT-EVENT-01,QQQ,2024-01-08,2024-01-08T15:20:00+00:00,continuation_long,2024,10:00,30min,0.0010969012539576717,-8.784715465694218e-06,3024
HYP-OR-CONT-EVENT-01,QQQ,2024-01-08,2024-01-08T15:20:00+00:00,continuation_long,2024,10:00,15min,0.00027422531348952894,-1.645775283912026e-05,3024
HYP-OR-CONT-EVENT-01,QQQ,2024-01-08,2024-01-08T15:20:00+00:00,continuation_long,2024,10:00,60min,0.0006481689227930687,1.3990141093417914e-05,3024
HYP-OR-CONT-EVENT-01,QQQ,2024-01-08,2024-01-08T15:20:00+00:00,continuation_long,2024,10:00,session_close,0.00967267469398947,0.10520893768050853,3024
HYP-OR-CONT-EVENT-01,QQQ,2024-01-09,2024-01-09T15:25:00+00:00,continuation_long,2024,10:00,30min,-0.0005945008669804297,-8.784715465694218e-06,3024
HYP-OR-CONT-EVENT-01,QQQ,2024-01-09,2024-01-09T15:25:00+00:00,continuation_long,2024,10:00,15min,0.0001238543472876774,-1.645775283912026e-05,3024
HYP-OR-CONT-EVENT-01,QQQ,2024-01-09,2024-01-09T15:25:00+00:00,continuation_long,2024,10:00,60min,0.0021488729254397487,1.3990141093417914e-05,3024
HYP-OR-CONT-EVENT-01,QQQ,2024-01-09,2024-01-09T15:25:00+00:00,continuation_long,2024,10:00,session_close,0.005177111716621274,0.10520893768050853,3024
HYP-OR-CONT-EVENT-01,QQQ,2024-01-10,2024-01-10T16:00:00+00:00,continuation_long,2024,11:00,30min,-0.0017508715078312642,6.780196379662428e-05,3024
HYP-OR-CONT-EVENT-01,QQQ,2024-01-10,2024-01-10T16:00:00+00:00,continuation_long,2024,11:00,15min,-0.0014852457406587805,5.26132053694773e-05,3024
HYP-OR-CONT-EVENT-01,QQQ,2024-01-10,2024-01-10T16:00:00+00:00,continuation_long,2024,11:00,60min,-0.0010310796877300854,7.464386680817631e-05,3024
HYP-OR-CONT-EVENT-01,QQQ,2024-01-10,2024-01-10T16:00:00+00:00,continuation_long,2024,11:00,session_close,0.002921392448568705,0.10521709285604981,3024
HYP-OR-CONT-EVENT-01,QQQ,2024-01-11,2024-01-11T15:20:00+00:00,continuation_short,2024,10:00,30min,0.0023929022836877145,8.784715465694218e-06,3024
HYP-OR-CONT-EVENT-01,QQQ,2024-01-11,2024-01-11T15:20:00+00:00,continuation_short,2024,10:00,15min,-0.0007240063319875478,1.645775283912026e-05,3024
HYP-OR-CONT-EVENT-01,QQQ,2024-01-11,2024-01-11T15:20:00+00:00,continuation_short,2024,10:00,60min,0.00487170362371292,-1.3990141093417914e-05,3024
HYP-OR-CONT-EVENT-01,QQQ,2024-01-11,2024-01-11T15:20:00+00:00,continuation_short,2024,10:00,session_close,-0.004626277748462915,-0.10520893768050853,3024
HYP-OR-CONT-EVENT-01,QQQ,2024-01-12,2024-01-12T15:20:00+00:00,continuation_short,2024,10:00,30min,0.001320745487452979,8.784715465694218e-06,3024
HYP-OR-CONT-EVENT-01,QQQ,2024-01-12,2024-01-12T15:20:00+00:00,continuation_short,2024,10:00,15min,-0.0008073668248298471,1.645775283912026e-05,3024
HYP-OR-CONT-EVENT-01,QQQ,2024-01-12,2024-01-12T15:20:00+00:00,continuation_short,2024,10:00,60min,-0.0021034094800176373,-1.3990141093417914e-05,3024
HYP-OR-CONT-EVENT-01,QQQ,2024-01-12,2024-01-12T15:20:00+00:00,continuation_short,2024,10:00,session_close,-0.0017120774837351416,-0.10520893768050853,3024
HYP-OR-CONT-EVENT-01,QQQ,2024-01-16,2024-01-16T15:35:00+00:00,continuation_long,2024,10:00,30min,-0.0018766298652238556,-8.784715465694218e-06,3024
HYP-OR-CONT-EVENT-01,QQQ,2024-01-16,2024-01-16T15:35:00+00:00,continuation_long,2024,10:00,15min,0.0017060271502034041,-1.645775283912026e-05,3024
HYP-OR-CONT-EVENT-01,QQQ,2024-01-16,2024-01-16T15:35:00+00:00,continuation_long,2024,10:00,60min,-0.00014623089858889493,1.3990141093417914e-05,3024
HYP-OR-CONT-EVENT-01,QQQ,2024-01-16,2024-01-16T15:35:00+00:00,continuation_long,2024,10:00,session_close,-0.001901001681655412,0.10520893768050853,3024
HYP-OR-CONT-EVENT-01,QQQ,2024-01-17,2024-01-17T15:20:00+00:00,continuation_short,2024,10:00,30min,-0.0017124254202460776,8.784715465694218e-06,3024
HYP-OR-CONT-EVENT-01,QQQ,2024-01-17,2024-01-17T15:20:00+00:00,continuation_short,2024,10:00,15min,-0.0025749511053896335,1.645775283912026e-05,3024
HYP-OR-CONT-EVENT-01,QQQ,2024-01-17,2024-01-17T15:20:00+00:00,continuation_short,2024,10:00,60min,-0.005644542371202821,-1.3990141093417914e-05,3024
HYP-OR-CONT-EVENT-01,QQQ,2024-01-17,2024-01-17T15:20:00+00:00,continuation_short,2024,10:00,session_close,-0.00809546208501466,-0.10520893768050853,3024
HYP-OR-CONT-EVENT-01,QQQ,2024-01-18,2024-01-18T15:55:00+00:00,continuation_long,2024,10:00,30min,0.0005580075662041661,-8.784715465694218e-06,3024
HYP-OR-CONT-EVENT-01,QQQ,2024-01-18,2024-01-18T15:55:00+00:00,continuation_long,2024,10:00,15min,-0.0008487729168688007,-1.645775283912026e-05,3024
HYP-OR-CONT-EVENT-01,QQQ,2024-01-18,2024-01-18T15:55:00+00:00,continuation_long,2024,10:00,60min,0.00015011155301181134,1.3990141093417914e-05,3024
HYP-OR-CONT-EVENT-01,QQQ,2024-01-18,2024-01-18T15:55:00+00:00,continuation_long,2024,10:00,session_close,0.0020128043457172673,0.10520893768050853,3024
HYP-OR-CONT-EVENT-01,QQQ,2024-01-19,2024-01-19T15:35:00+00:00,continuation_long,2024,10:00,30min,0.0027325035510508133,-8.784715465694218e-06,3024
HYP-OR-CONT-EVENT-01,QQQ,2024-01-19,2024-01-19T15:35:00+00:00,continuation_long,2024,10:00,15min,0.001528757493319155,-1.645775283912026e-05,3024
HYP-OR-CONT-EVENT-01,QQQ,2024-01-19,2024-01-19T15:35:00+00:00,continuation_long,2024,10:00,60min,0.00207044321929839,1.3990141093417914e-05,3024
HYP-OR-CONT-EVENT-01,QQQ,2024-01-19,2024-01-19T15:35:00+00:00,continuation_long,2024,10:00,session_close,0.014131978717769611,0.10520893768050853,3024
HYP-OR-CONT-EVENT-01,QQQ,2024-01-22,2024-01-22T15:45:00+00:00,continuation_short,2024,10:00,30min,-0.0006160553502037036,8.784715465694218e-06,3024
HYP-OR-CONT-EVENT-01,QQQ,2024-01-22,2024-01-22T15:45:00+00:00,continuation_short,2024,10:00,15min,0.0014453606293243215,1.645775283912026e-05,3024
HYP-OR-CONT-EVENT-01,QQQ,2024-01-22,2024-01-22T15:45:00+00:00,continuation_short,2024,10:00,60min,-0.001291346791773229,-1.3990141093417914e-05,3024
HYP-OR-CONT-EVENT-01,QQQ,2024-01-22,2024-01-22T15:45:00+00:00,continuation_short,2024,10:00,session_close,0.0007582219694814984,-0.10520893768050853,3024
HYP-OR-CONT-EVENT-01,QQQ,2024-01-23,2024-01-23T18:15:00+00:00,continuation_long,2024,13:00,30min,0.00021316911416402462,7.221538574207458e-06,2988
HYP-OR-CONT-EVENT-01,QQQ,2024-01-23,2024-01-23T18:15:00+00:00,continuation_long,2024,13:00,15min,-0.00037896731406905637,2.792720563823371e-05,2988
HYP-OR-CONT-EVENT-01,QQQ,2024-01-23,2024-01-23T18:15:00+00:00,continuation_long,2024,13:00,60min,-0.00016982472761717382,-3.7081137943765195e-05,2988
HYP-OR-CONT-EVENT-01,QQQ,2024-01-23,2024-01-23T18:15:00+00:00,continuation_long,2024,13:00,session_close,0.0028659403126480854,0.1062264118018967,2988
HYP-OR-CONT-EVENT-01,QQQ,2024-01-24,2024-01-24T15:35:00+00:00,continuation_long,2024,10:00,30min,-0.0005138146063480287,-8.784715465694218e-06,3024
HYP-OR-CONT-EVENT-01,QQQ,2024-01-24,2024-01-24T15:35:00+00:00,continuation_long,2024,10:00,15min,0.0006773010720040329,-1.645775283912026e-05,3024
HYP-OR-CONT-EVENT-01,QQQ,2024-01-24,2024-01-24T15:35:00+00:00,continuation_long,2024,10:00,60min,-0.0005371698157274896,1.3990141093417914e-05,3024
HYP-OR-CONT-EVENT-01,QQQ,2024-01-24,2024-01-24T15:35:00+00:00,continuation_long,2024,10:00,session_close,-0.005558539832309584,0.10520893768050853,3024
HYP-OR-CONT-EVENT-01,QQQ,2024-01-25,2024-01-25T16:35:00+00:00,continuation_long,2024,11:00,30min,-0.0019050954298721612,6.780196379662428e-05,3024
HYP-OR-CONT-EVENT-01,QQQ,2024-01-25,2024-01-25T16:35:00+00:00,continuation_long,2024,11:00,15min,0.0009922372030584103,5.26132053694773e-05,3024
HYP-OR-CONT-EVENT-01,QQQ,2024-01-25,2024-01-25T16:35:00+00:00,continuation_long,2024,11:00,60min,-0.003677114340745913,7.464386680817631e-05,3024
HYP-OR-CONT-EVENT-01,QQQ,2024-01-25,2024-01-25T16:35:00+00:00,continuation_long,2024,11:00,session_close,-0.004704371680382846,0.10521709285604981,3024
HYP-OR-CONT-EVENT-01,QQQ,2024-01-26,2024-01-26T15:25:00+00:00,continuation_short,2024,10:00,30min,-0.004029217719133005,8.784715465694218e-06,3024
HYP-OR-CONT-EVENT-01,QQQ,2024-01-26,2024-01-26T15:25:00+00:00,continuation_short,2024,10:00,15min,-0.002568331762488274,1.645775283912026e-05,3024
HYP-OR-CONT-EVENT-01,QQQ,2024-01-26,2024-01-26T15:25:00+00:00,continuation_short,2024,10:00,60min,-0.003086710650329838,-1.3990141093417914e-05,3024
HYP-OR-CONT-EVENT-01,QQQ,2024-01-26,2024-01-26T15:25:00+00:00,continuation_short,2024,10:00,session_close,0.001484448633364721,-0.10520893768050853,3024
HYP-OR-CONT-EVENT-01,QQQ,2024-01-29,2024-01-29T15:45:00+00:00,continuation_short,2024,10:00,30min,-0.000719110660520883,8.784715465694218e-06,3024
HYP-OR-CONT-EVENT-01,QQQ,2024-01-29,2024-01-29T15:45:00+00:00,continuation_short,2024,10:00,15min,0.00041260447734803307,1.645775283912026e-05,3024
HYP-OR-CONT-EVENT-01,QQQ,2024-01-29,2024-01-29T15:45:00+00:00,continuation_short,2024,10:00,60min,-0.0016178810991782644,-1.3990141093417914e-05,3024
HYP-OR-CONT-EVENT-01,QQQ,2024-01-29,2024-01-29T15:45:00+00:00,continuation_short,2024,10:00,session_close,-0.009489902979004317,-0.10520893768050853,3024
HYP-OR-CONT-EVENT-01,QQQ,2024-01-30,2024-01-30T15:20:00+00:00,continuation_short,2024,10:00,30min,0.001920509637679535,8.784715465694218e-06,3024
HYP-OR-CONT-EVENT-01,QQQ,2024-01-30,2024-01-30T15:20:00+00:00,continuation_short,2024,10:00,15min,-2.3420849240007868e-05,1.645775283912026e-05,3024
HYP-OR-CONT-EVENT-01,QQQ,2024-01-30,2024-01-30T15:20:00+00:00,continuation_short,2024,10:00,60min,0.0008080192987798274,-1.3990141093417914e-05,3024
HYP-OR-CONT-EVENT-01,QQQ,2024-01-30,2024-01-30T15:20:00+00:00,continuation_short,2024,10:00,session_close,0.004122069466238942,-0.10520893768050853,3024
HYP-OR-CONT-EVENT-01,QQQ,2024-01-31,2024-01-31T15:30:00+00:00,continuation_short,2024,10:00,30min,-0.0001312523864069881,8.784715465694218e-06,3024
HYP-OR-CONT-EVENT-01,QQQ,2024-01-31,2024-01-31T15:30:00+00:00,continuation_short,2024,10:00,15min,0.0015034364261168331,1.645775283912026e-05,3024
HYP-OR-CONT-EVENT-01,QQQ,2024-01-31,2024-01-31T15:30:00+00:00,continuation_short,2024,10:00,60min,-0.0003550973654067313,-1.3990141093417914e-05,3024
HYP-OR-CONT-EVENT-01,QQQ,2024-01-31,2024-01-31T15:30:00+00:00,continuation_short,2024,10:00,session_close,0.005130775105002039,-0.10520893768050853,3024
HYP-OR-CONT-EVENT-01,QQQ,2024-02-01,2024-02-01T15:20:00+00:00,continuation_short,2024,10:00,30min,0.0026934261333841913,8.784715465694218e-06,3024
HYP-OR-CONT-EVENT-01,QQQ,2024-02-01,2024-02-01T15:20:00+00:00,continuation_short,2024,10:00,15min,-0.0010964389569527722,1.645775283912026e-05,3024
HYP-OR-CONT-EVENT-01,QQQ,2024-02-01,2024-02-01T15:20:00+00:00,continuation_short,2024,10:00,60min,0.0025740096295943093,-1.3990141093417914e-05,3024
HYP-OR-CONT-EVENT-01,QQQ,2024-02-01,2024-02-01T15:20:00+00:00,continuation_short,2024,10:00,session_close,-0.006054249892739616,-0.10520893768050853,3024
HYP-OR-CONT-EVENT-01,QQQ,2024-02-02,2024-02-02T16:00:00+00:00,continuation_long,2024,11:00,30min,0.002236638718441153,6.780196379662428e-05,3024
HYP-OR-CONT-EVENT-01,QQQ,2024-02-02,2024-02-02T16:00:00+00:00,continuation_long,2024,11:00,15min,0.00018736240573336005,5.26132053694773e-05,3024
HYP-OR-CONT-EVENT-01,QQQ,2024-02-02,2024-02-02T16:00:00+00:00,continuation_long,2024,11:00,60min,0.0036535669117991887,7.464386680817631e-05,3024
HYP-OR-CONT-EVENT-01,QQQ,2024-02-02,2024-02-02T16:00:00+00:00,continuation_long,2024,11:00,session_close,0.005070495105157002,0.10521709285604981,3024
HYP-OR-CONT-EVENT-01,QQQ,2024-02-05,2024-02-05T15:20:00+00:00,continuation_short,2024,10:00,30min,0.0018056467498358542,8.784715465694218e-06,3024
HYP-OR-CONT-EVENT-01,QQQ,2024-02-05,2024-02-05T15:20:00+00:00,continuation_short,2024,10:00,15min,0.0007738486070725248,1.645775283912026e-05,3024
HYP-OR-CONT-EVENT-01,QQQ,2024-02-05,2024-02-05T15:20:00+00:00,continuation_short,2024,10:00,60min,-0.0002813994934809383,-1.3990141093417914e-05,3024
HYP-OR-CONT-EVENT-01,QQQ,2024-02-05,2024-02-05T15:20:00+00:00,continuation_short,2024,10:00,session_close,-0.004713441515805217,-0.10520893768050853,3024
HYP-OR-CONT-EVENT-01,QQQ,2024-02-06,2024-02-06T15:20:00+00:00,continuation_short,2024,10:00,30min,0.0011697274535032998,8.784715465694218e-06,3024
HYP-OR-CONT-EVENT-01,QQQ,2024-02-06,2024-02-06T15:20:00+00:00,continuation_short,2024,10:00,15min,0.001005965610012871,1.645775283912026e-05,3024
HYP-OR-CONT-EVENT-01,QQQ,2024-02-06,2024-02-06T15:20:00+00:00,continuation_short,2024,10:00,60min,0.00018715639256050576,-1.3990141093417914e-05,3024
HYP-OR-CONT-EVENT-01,QQQ,2024-02-06,2024-02-06T15:20:00+00:00,continuation_short,2024,10:00,session_close,-0.0004678909814013199,-0.10520893768050853,3024
HYP-OR-CONT-EVENT-01,QQQ,2024-02-07,2024-02-07T15:30:00+00:00,continuation_long,2024,10:00,30min,-0.0022884353112503364,-8.784715465694218e-06,3024
HYP-OR-CONT-EVENT-01,QQQ,2024-02-07,2024-02-07T15:30:00+00:00,continuation_long,2024,10:00,15min,-0.00041607914750008135,-1.645775283912026e-05,3024
HYP-OR-CONT-EVENT-01,QQQ,2024-02-07,2024-02-07T15:30:00+00:00,continuation_long,2024,10:00,60min,-0.0032708444095144174,1.3990141093417914e-05,3024
HYP-OR-CONT-EVENT-01,QQQ,2024-02-07,2024-02-07T15:30:00+00:00,continuation_long,2024,10:00,session_close,-0.00134069947527804,0.10520893768050853,3024
HYP-OR-CONT-EVENT-01,QQQ,2024-02-08,2024-02-08T15:20:00+00:00,continuation_long,2024,10:00,30min,0.001825956315728794,-8.784715465694218e-06,3024
HYP-OR-CONT-EVENT-01,QQQ,2024-02-08,2024-02-08T15:20:00+00:00,continuation_long,2024,10:00,15min,-0.0005778342771293188,-1.645775283912026e-05,3024
HYP-OR-CONT-EVENT-01,QQQ,2024-02-08,2024-02-08T15:20:00+00:00,continuation_long,2024,10:00,60min,0.0013590662198081915,1.3990141093417914e-05,3024
HYP-OR-CONT-EVENT-01,QQQ,2024-02-08,2024-02-08T15:20:00+00:00,continuation_long,2024,10:00,session_close,0.0003467005662776135,0.10520893768050853,3024
HYP-OR-CONT-EVENT-01,QQQ,2024-02-09,2024-02-09T15:20:00+00:00,continuation_long,2024,10:00,30min,0.0018387845634035838,-8.784715465694218e-06,3024
HYP-OR-CONT-EVENT-01,QQQ,2024-02-09,2024-02-09T15:20:00+00:00,continuation_long,2024,10:00,15min,0.0014940124577655922,-1.645775283912026e-05,3024
HYP-OR-CONT-EVENT-01,QQQ,2024-02-09,2024-02-09T15:20:00+00:00,continuation_long,2024,10:00,60min,0.001930723791573774,1.3990141093417914e-05,3024
HYP-OR-CONT-EVENT-01,QQQ,2024-02-09,2024-02-09T15:20:00+00:00,continuation_long,2024,10:00,session_close,0.004619946215551396,0.10520893768050853,3024
HYP-OR-CONT-EVENT-01,QQQ,2024-02-12,2024-02-12T15:55:00+00:00,continuation_long,2024,10:00,30min,0.0006732393080468579,-8.784715465694218e-06,3024
HYP-OR-CONT-EVENT-01,QQQ,2024-02-12,2024-02-12T15:55:00+00:00,continuation_long,2024,10:00,15min,-0.0006159569126843456,-1.645775283912026e-05,3024
HYP-OR-CONT-EVENT-01,QQQ,2024-02-12,2024-02-12T15:55:00+00:00,continuation_long,2024,10:00,60min,0.0010497968871239216,1.3990141093417914e-05,3024
HYP-OR-CONT-EVENT-01,QQQ,2024-02-12,2024-02-12T15:55:00+00:00,continuation_long,2024,10:00,session_close,-0.0065498197087955345,0.10520893768050853,3024
HYP-OR-CONT-EVENT-01,QQQ,2024-02-13,2024-02-13T15:40:00+00:00,continuation_long,2024,10:00,30min,-0.0012182387747997625,-8.784715465694218e-06,3024
HYP-OR-CONT-EVENT-01,QQQ,2024-02-13,2024-02-13T15:40:00+00:00,continuation_long,2024,10:00,15min,-0.00292377305951963,-1.645775283912026e-05,3024
HYP-OR-CONT-EVENT-01,QQQ,2024-02-13,2024-02-13T15:40:00+00:00,continuation_long,2024,10:00,60min,-0.0008817728274741476,1.3990141093417914e-05,3024
HYP-OR-CONT-EVENT-01,QQQ,2024-02-13,2024-02-13T15:40:00+00:00,continuation_long,2024,10:00,session_close,-0.005638705186216564,0.10520893768050853,3024
HYP-OR-CONT-EVENT-01,QQQ,2024-02-14,2024-02-14T15:35:00+00:00,continuation_long,2024,10:00,30min,-0.0054375491693275935,-8.784715465694218e-06,3024
HYP-OR-CONT-EVENT-01,QQQ,2024-02-14,2024-02-14T15:35:00+00:00,continuation_long,2024,10:00,15min,-0.0028691748808367112,-1.645775283912026e-05,3024
HYP-OR-CONT-EVENT-01,QQQ,2024-02-14,2024-02-14T15:35:00+00:00,continuation_long,2024,10:00,60min,-0.00374172798371053,1.3990141093417914e-05,3024
HYP-OR-CONT-EVENT-01,QQQ,2024-02-14,2024-02-14T15:35:00+00:00,continuation_long,2024,10:00,session_close,0.002452681752973307,0.10520893768050853,3024
HYP-OR-CONT-EVENT-01,QQQ,2024-02-15,2024-02-15T15:45:00+00:00,continuation_short,2024,10:00,30min,0.0013873794714084342,8.784715465694218e-06,3024
HYP-OR-CONT-EVENT-01,QQQ,2024-02-15,2024-02-15T15:45:00+00:00,continuation_short,2024,10:00,15min,0.0013411334890282012,1.645775283912026e-05,3024
HYP-OR-CONT-EVENT-01,QQQ,2024-02-15,2024-02-15T15:45:00+00:00,continuation_short,2024,10:00,60min,-0.000624320762133701,-1.3990141093417914e-05,3024
HYP-OR-CONT-EVENT-01,QQQ,2024-02-15,2024-02-15T15:45:00+00:00,continuation_short,2024,10:00,session_close,-0.004763336185168887,-0.10520893768050853,3024
HYP-OR-CONT-EVENT-01,QQQ,2024-02-16,2024-02-16T15:20:00+00:00,continuation_short,2024,10:00,30min,-0.0014599893397604369,8.784715465694218e-06,3024
HYP-OR-CONT-EVENT-01,QQQ,2024-02-16,2024-02-16T15:20:00+00:00,continuation_short,2024,10:00,15min,-0.0012050705661514893,1.645775283912026e-05,3024
HYP-OR-CONT-EVENT-01,QQQ,2024-02-16,2024-02-16T15:20:00+00:00,continuation_short,2024,10:00,60min,-0.004576950707978922,-1.3990141093417914e-05,3024
HYP-OR-CONT-EVENT-01,QQQ,2024-02-16,2024-02-16T15:20:00+00:00,continuation_short,2024,10:00,session_close,0.00213204792472943,-0.10520893768050853,3024
HYP-OR-CONT-EVENT-01,QQQ,2024-02-20,2024-02-20T15:20:00+00:00,continuation_short,2024,10:00,30min,-0.0015988713849048874,8.784715465694218e-06,3024
HYP-OR-CONT-EVENT-01,QQQ,2024-02-20,2024-02-20T15:20:00+00:00,continuation_short,2024,10:00,15min,0.0008605690101104457,1.645775283912026e-05,3024
HYP-OR-CONT-EVENT-01,QQQ,2024-02-20,2024-02-20T15:20:00+00:00,continuation_short,2024,10:00,60min,-0.002562896778744328,-1.3990141093417914e-05,3024
HYP-OR-CONT-EVENT-01,QQQ,2024-02-20,2024-02-20T15:20:00+00:00,continuation_short,2024,10:00,session_close,-0.004773101340230346,-0.10520893768050853,3024
HYP-OR-CONT-EVENT-01,QQQ,2024-02-21,2024-02-21T15:20:00+00:00,continuation_long,2024,10:00,30min,-0.0011657893807185404,-8.784715465694218e-06,3024
HYP-OR-CONT-EVENT-01,QQQ,2024-02-21,2024-02-21T15:20:00+00:00,continuation_long,2024,10:00,15min,-0.0014013023869243746,-1.645775283912026e-05,3024
HYP-OR-CONT-EVENT-01,QQQ,2024-02-21,2024-02-21T15:20:00+00:00,continuation_long,2024,10:00,60min,0.00034149385899828744,1.3990141093417914e-05,3024
HYP-OR-CONT-EVENT-01,QQQ,2024-02-21,2024-02-21T15:20:00+00:00,continuation_long,2024,10:00,session_close,0.0023669057123678616,0.10520893768050853,3024
HYP-OR-CONT-EVENT-01,QQQ,2024-02-22,2024-02-22T16:35:00+00:00,continuation_long,2024,11:00,30min,4.583476566977218e-05,6.780196379662428e-05,3024
HYP-OR-CONT-EVENT-01,QQQ,2024-02-22,2024-02-22T16:35:00+00:00,continuation_long,2024,11:00,15min,-0.0012146212902487408,5.26132053694773e-05,3024
HYP-OR-CONT-EVENT-01,QQQ,2024-02-22,2024-02-22T16:35:00+00:00,continuation_long,2024,11:00,60min,0.0008937779305602245,7.464386680817631e-05,3024
HYP-OR-CONT-EVENT-01,QQQ,2024-02-22,2024-02-22T16:35:00+00:00,continuation_long,2024,11:00,session_close,0.004102211527443389,0.10521709285604981,3024
HYP-OR-CONT-EVENT-01,QQQ,2024-02-23,2024-02-23T15:20:00+00:00,continuation_short,2024,10:00,30min,0.001777332178827029,8.784715465694218e-06,3024
HYP-OR-CONT-EVENT-01,QQQ,2024-02-23,2024-02-23T15:20:00+00:00,continuation_short,2024,10:00,15min,0.00034179464977446283,1.645775283912026e-05,3024
HYP-OR-CONT-EVENT-01,QQQ,2024-02-23,2024-02-23T15:20:00+00:00,continuation_short,2024,10:00,60min,0.004625620926947183,-1.3990141093417914e-05,3024
HYP-OR-CONT-EVENT-01,QQQ,2024-02-23,2024-02-23T15:20:00+00:00,continuation_short,2024,10:00,session_close,0.0048079114068267925,-0.10520893768050853,3024
HYP-OR-CONT-EVENT-01,QQQ,2024-02-26,2024-02-26T17:40:00+00:00,continuation_long,2024,12:00,30min,-0.00011413961557782404,4.376911929566834e-05,3006
HYP-OR-CONT-EVENT-01,QQQ,2024-02-26,2024-02-26T17:40:00+00:00,continuation_long,2024,12:00,15min,-0.0005478701547733111,1.6529748538503642e-05,3015
HYP-OR-CONT-EVENT-01,QQQ,2024-02-26,2024-02-26T17:40:00+00:00,continuation_long,2024,12:00,60min,-0.001807971510752071,0.00014751432152188435,2988
HYP-OR-CONT-EVENT-01,QQQ,2024-02-26,2024-02-26T17:40:00+00:00,continuation_long,2024,12:00,session_close,-0.003264393005524391,0.10514663012018967,3024
HYP-OR-CONT-EVENT-01,QQQ,2024-02-27,2024-02-27T15:35:00+00:00,continuation_long,2024,10:00,30min,-0.0012229410016687536,-8.784715465694218e-06,3024
HYP-OR-CONT-EVENT-01,QQQ,2024-02-27,2024-02-27T15:35:00+00:00,continuation_long,2024,10:00,15min,-0.0002514458134272868,-1.645775283912026e-05,3024
HYP-OR-CONT-EVENT-01,QQQ,2024-02-27,2024-02-27T15:35:00+00:00,continuation_long,2024,10:00,60min,-0.0016686858527442672,1.3990141093417914e-05,3024
HYP-OR-CONT-EVENT-01,QQQ,2024-02-27,2024-02-27T15:35:00+00:00,continuation_long,2024,10:00,session_close,0.00034288065467347195,0.10520893768050853,3024
HYP-OR-CONT-EVENT-01,QQQ,2024-02-28,2024-02-28T16:20:00+00:00,continuation_long,2024,11:00,30min,0.0002750590230820027,6.780196379662428e-05,3024
HYP-OR-CONT-EVENT-01,QQQ,2024-02-28,2024-02-28T16:20:00+00:00,continuation_long,2024,11:00,15min,0.000389666949366152,5.26132053694773e-05,3024
HYP-OR-CONT-EVENT-01,QQQ,2024-02-28,2024-02-28T16:20:00+00:00,continuation_long,2024,11:00,60min,-0.0008710202397598232,7.464386680817631e-05,3024
HYP-OR-CONT-EVENT-01,QQQ,2024-02-28,2024-02-28T16:20:00+00:00,continuation_long,2024,11:00,session_close,-0.0022692369404268,0.10521709285604981,3024
HYP-OR-CONT-EVENT-01,QQQ,2024-02-29,2024-02-29T15:30:00+00:00,continuation_short,2024,10:00,30min,0.001516293302276872,8.784715465694218e-06,3024
HYP-OR-CONT-EVENT-01,QQQ,2024-02-29,2024-02-29T15:30:00+00:00,continuation_short,2024,10:00,15min,-0.0007535795026374359,1.645775283912026e-05,3024
HYP-OR-CONT-EVENT-01,QQQ,2024-02-29,2024-02-29T15:30:00+00:00,continuation_short,2024,10:00,60min,0.0032883469206000937,-1.3990141093417914e-05,3024
HYP-OR-CONT-EVENT-01,QQQ,2024-02-29,2024-02-29T15:30:00+00:00,continuation_short,2024,10:00,session_close,-0.0026946176154916124,-0.10520893768050853,3024
HYP-OR-CONT-EVENT-01,QQQ,2024-03-01,2024-03-01T15:20:00+00:00,continuation_long,2024,10:00,30min,0.0008624221613069416,-8.784715465694218e-06,3024
HYP-OR-CONT-EVENT-01,QQQ,2024-03-01,2024-03-01T15:20:00+00:00,continuation_long,2024,10:00,15min,-0.0009031665153843571,-1.645775283912026e-05,3024
HYP-OR-CONT-EVENT-01,QQQ,2024-03-01,2024-03-01T15:20:00+00:00,continuation_long,2024,10:00,60min,0.0030580901310384156,1.3990141093417914e-05,3024
HYP-OR-CONT-EVENT-01,QQQ,2024-03-01,2024-03-01T15:20:00+00:00,continuation_long,2024,10:00,session_close,0.00880757120641773,0.10520893768050853,3024
HYP-OR-CONT-EVENT-01,QQQ,2024-03-04,2024-03-04T15:20:00+00:00,continuation_short,2024,10:00,30min,-0.0007527786387990787,8.784715465694218e-06,3024
HYP-OR-CONT-EVENT-01,QQQ,2024-03-04,2024-03-04T15:20:00+00:00,continuation_short,2024,10:00,15min,-0.001472065483874463,1.645775283912026e-05,3024
HYP-OR-CONT-EVENT-01,QQQ,2024-03-04,2024-03-04T15:20:00+00:00,continuation_short,2024,10:00,60min,-0.0002357912189012712,-1.3990141093417914e-05,3024
HYP-OR-CONT-EVENT-01,QQQ,2024-03-04,2024-03-04T15:20:00+00:00,continuation_short,2024,10:00,session_close,0.0022142795971364926,-0.10520893768050853,3024
HYP-OR-CONT-EVENT-01,QQQ,2024-03-05,2024-03-05T15:25:00+00:00,continuation_short,2024,10:00,30min,0.001053306466385906,8.784715465694218e-06,3024
HYP-OR-CONT-EVENT-01,QQQ,2024-03-05,2024-03-05T15:25:00+00:00,continuation_short,2024,10:00,15min,0.0017631434328632123,1.645775283912026e-05,3024
HYP-OR-CONT-EVENT-01,QQQ,2024-03-05,2024-03-05T15:25:00+00:00,continuation_short,2024,10:00,60min,0.00020608169994507097,-1.3990141093417914e-05,3024
HYP-OR-CONT-EVENT-01,QQQ,2024-03-05,2024-03-05T15:25:00+00:00,continuation_short,2024,10:00,session_close,0.0015341637662575902,-0.10520893768050853,3024
HYP-OR-CONT-EVENT-01,QQQ,2024-03-06,2024-03-06T15:20:00+00:00,continuation_short,2024,10:00,30min,-0.0031497375028530783,8.784715465694218e-06,3024
HYP-OR-CONT-EVENT-01,QQQ,2024-03-06,2024-03-06T15:20:00+00:00,continuation_short,2024,10:00,15min,-0.0008902077151335952,1.645775283912026e-05,3024
HYP-OR-CONT-EVENT-01,QQQ,2024-03-06,2024-03-06T15:20:00+00:00,continuation_short,2024,10:00,60min,-0.004359735220269334,-1.3990141093417914e-05,3024
HYP-OR-CONT-EVENT-01,QQQ,2024-03-06,2024-03-06T15:20:00+00:00,continuation_short,2024,10:00,session_close,-0.0017347637525679804,-0.10520893768050853,3024
HYP-OR-CONT-EVENT-01,QQQ,2024-03-07,2024-03-07T15:35:00+00:00,continuation_long,2024,10:00,30min,0.001554949162696273,-8.784715465694218e-06,3024
HYP-OR-CONT-EVENT-01,QQQ,2024-03-07,2024-03-07T15:35:00+00:00,continuation_long,2024,10:00,15min,0.0003831589471783303,-1.645775283912026e-05,3024
HYP-OR-CONT-EVENT-01,QQQ,2024-03-07,2024-03-07T15:35:00+00:00,continuation_long,2024,10:00,60min,0.002704426004231486,1.3990141093417914e-05,3024
HYP-OR-CONT-EVENT-01,QQQ,2024-03-07,2024-03-07T15:35:00+00:00,continuation_long,2024,10:00,session_close,0.004124367984951416,0.10520893768050853,3024
HYP-OR-CONT-EVENT-01,QQQ,2024-03-08,2024-03-08T15:20:00+00:00,continuation_long,2024,10:00,30min,-0.0015193106504680642,-8.784715465694218e-06,3024
HYP-OR-CONT-EVENT-01,QQQ,2024-03-08,2024-03-08T15:20:00+00:00,continuation_long,2024,10:00,15min,-0.0013406995526908938,-1.645775283912026e-05,3024
HYP-OR-CONT-EVENT-01,QQQ,2024-03-08,2024-03-08T15:20:00+00:00,continuation_long,2024,10:00,60min,-0.00961262601850188,1.3990141093417914e-05,3024
HYP-OR-CONT-EVENT-01,QQQ,2024-03-08,2024-03-08T15:20:00+00:00,continuation_long,2024,10:00,session_close,-0.0198716009470854,0.10520893768050853,3024
HYP-OR-CONT-EVENT-01,QQQ,2024-03-11,2024-03-11T14:20:00+00:00,continuation_short,2024,10:00,30min,-0.003939573507209859,8.784715465694218e-06,3024
HYP-OR-CONT-EVENT-01,QQQ,2024-03-11,2024-03-11T14:20:00+00:00,continuation_short,2024,10:00,15min,0.00011475820263473491,1.645775283912026e-05,3024
HYP-OR-CONT-EVENT-01,QQQ,2024-03-11,2024-03-11T14:20:00+00:00,continuation_short,2024,10:00,60min,-4.5582599449645045e-05,-1.3990141093417914e-05,3024
HYP-OR-CONT-EVENT-01,QQQ,2024-03-11,2024-03-11T14:20:00+00:00,continuation_short,2024,10:00,session_close,-0.0017864255935071682,-0.10520893768050853,3024
HYP-OR-CONT-EVENT-01,QQQ,2024-03-12,2024-03-12T14:40:00+00:00,continuation_long,2024,10:00,30min,0.0015844273426890432,-8.784715465694218e-06,3024
HYP-OR-CONT-EVENT-01,QQQ,2024-03-12,2024-03-12T14:40:00+00:00,continuation_long,2024,10:00,15min,0.0011770031688547178,-1.645775283912026e-05,3024
HYP-OR-CONT-EVENT-01,QQQ,2024-03-12,2024-03-12T14:40:00+00:00,continuation_long,2024,10:00,60min,0.0005658669081032297,1.3990141093417914e-05,3024
HYP-OR-CONT-EVENT-01,QQQ,2024-03-12,2024-03-12T14:40:00+00:00,continuation_long,2024,10:00,session_close,0.0042779538252601945,0.10520893768050853,3024
HYP-OR-CONT-EVENT-01,QQQ,2024-03-13,2024-03-13T14:20:00+00:00,continuation_short,2024,10:00,30min,0.00028369438171649275,8.784715465694218e-06,3024
HYP-OR-CONT-EVENT-01,QQQ,2024-03-13,2024-03-13T14:20:00+00:00,continuation_short,2024,10:00,15min,-0.00019291217956718398,1.645775283912026e-05,3024
HYP-OR-CONT-EVENT-01,QQQ,2024-03-13,2024-03-13T14:20:00+00:00,continuation_short,2024,10:00,60min,3.40433258059214e-05,-1.3990141093417914e-05,3024
HYP-OR-CONT-EVENT-01,QQQ,2024-03-13,2024-03-13T14:20:00+00:00,continuation_short,2024,10:00,session_close,0.0008737786956867222,-0.10520893768050853,3024
HYP-OR-CONT-EVENT-01,QQQ,2024-03-14,2024-03-14T17:30:00+00:00,continuation_short,2024,13:00,30min,-0.004313689688227429,-7.221538574207458e-06,2988
HYP-OR-CONT-EVENT-01,QQQ,2024-03-14,2024-03-14T17:30:00+00:00,continuation_short,2024,13:00,15min,-0.0013922490528142095,-2.792720563823371e-05,2988
HYP-OR-CONT-EVENT-01,QQQ,2024-03-14,2024-03-14T17:30:00+00:00,continuation_short,2024,13:00,60min,-0.0035605057744099167,3.7081137943765195e-05,2988
HYP-OR-CONT-EVENT-01,QQQ,2024-03-14,2024-03-14T17:30:00+00:00,continuation_short,2024,13:00,session_close,-0.0024193180262017666,-0.1062264118018967,2988
HYP-OR-CONT-EVENT-01,QQQ,2024-03-15,2024-03-15T15:55:00+00:00,continuation_short,2024,11:00,30min,0.0013520766007826257,-6.780196379662428e-05,3024
HYP-OR-CONT-EVENT-01,QQQ,2024-03-15,2024-03-15T15:55:00+00:00,continuation_short,2024,11:00,15min,0.0013635934372459024,-5.26132053694773e-05,3024
HYP-OR-CONT-EVENT-01,QQQ,2024-03-15,2024-03-15T15:55:00+00:00,continuation_short,2024,11:00,60min,0.002987467378560593,-7.464386680817631e-05,3024
HYP-OR-CONT-EVENT-01,QQQ,2024-03-15,2024-03-15T15:55:00+00:00,continuation_short,2024,11:00,session_close,0.000614999067136246,-0.10521709285604981,3024
HYP-OR-CONT-EVENT-01,QQQ,2024-03-18,2024-03-18T14:45:00+00:00,continuation_long,2024,10:00,30min,-0.002745445057064533,-8.784715465694218e-06,3024
HYP-OR-CONT-EVENT-01,QQQ,2024-03-18,2024-03-18T14:45:00+00:00,continuation_long,2024,10:00,15min,-0.001452136228530021,-1.645775283912026e-05,3024
HYP-OR-CONT-EVENT-01,QQQ,2024-03-18,2024-03-18T14:45:00+00:00,continuation_long,2024,10:00,60min,-0.003721099085608026,1.3990141093417914e-05,3024
HYP-OR-CONT-EVENT-01,QQQ,2024-03-18,2024-03-18T14:45:00+00:00,continuation_long,2024,10:00,session_close,-0.007396818914074399,0.10520893768050853,3024
HYP-OR-CONT-EVENT-01,QQQ,2024-03-19,2024-03-19T15:50:00+00:00,continuation_long,2024,11:00,30min,0.0026621379721851746,6.780196379662428e-05,3024
HYP-OR-CONT-EVENT-01,QQQ,2024-03-19,2024-03-19T15:50:00+00:00,continuation_long,2024,11:00,15min,0.00020654518749707584,5.26132053694773e-05,3024
HYP-OR-CONT-EVENT-01,QQQ,2024-03-19,2024-03-19T15:50:00+00:00,continuation_long,2024,11:00,60min,0.005875063111029588,7.464386680817631e-05,3024
HYP-OR-CONT-EVENT-01,QQQ,2024-03-19,2024-03-19T15:50:00+00:00,continuation_long,2024,11:00,session_close,0.006517648138798293,0.10521709285604981,3024
HYP-OR-CONT-EVENT-01,QQQ,2024-03-20,2024-03-20T18:20:00+00:00,continuation_long,2024,14:00,30min,0.0063883963079161,-6.347026143619282e-05,2988
HYP-OR-CONT-EVENT-01,QQQ,2024-03-20,2024-03-20T18:20:00+00:00,continuation_long,2024,14:00,15min,0.0025235302141590754,-5.7768986865205636e-05,2988
HYP-OR-CONT-EVENT-01,QQQ,2024-03-20,2024-03-20T18:20:00+00:00,continuation_long,2024,14:00,60min,0.008457236393397904,-0.00014137739766810308,2988
HYP-OR-CONT-EVENT-01,QQQ,2024-03-20,2024-03-20T18:20:00+00:00,continuation_long,2024,14:00,session_close,0.008980130041376766,0.10624498196257118,2988
HYP-OR-CONT-EVENT-01,QQQ,2024-03-21,2024-03-21T14:50:00+00:00,continuation_short,2024,10:00,30min,0.000501744957463246,8.784715465694218e-06,3024
HYP-OR-CONT-EVENT-01,QQQ,2024-03-21,2024-03-21T14:50:00+00:00,continuation_short,2024,10:00,15min,0.002330326580217923,1.645775283912026e-05,3024
HYP-OR-CONT-EVENT-01,QQQ,2024-03-21,2024-03-21T14:50:00+00:00,continuation_short,2024,10:00,60min,-0.0009254406993211006,-1.3990141093417914e-05,3024
HYP-OR-CONT-EVENT-01,QQQ,2024-03-21,2024-03-21T14:50:00+00:00,continuation_short,2024,10:00,session_close,0.005875990946290988,-0.10520893768050853,3024
HYP-OR-CONT-EVENT-01,QQQ,2024-03-22,2024-03-22T14:20:00+00:00,continuation_long,2024,10:00,30min,-0.00168369064990459,-8.784715465694218e-06,3024
HYP-OR-CONT-EVENT-01,QQQ,2024-03-22,2024-03-22T14:20:00+00:00,continuation_long,2024,10:00,15min,-0.0011451341340217303,-1.645775283912026e-05,3024
HYP-OR-CONT-EVENT-01,QQQ,2024-03-22,2024-03-22T14:20:00+00:00,continuation_long,2024,10:00,60min,0.0004489841733079647,1.3990141093417914e-05,3024
HYP-OR-CONT-EVENT-01,QQQ,2024-03-22,2024-03-22T14:20:00+00:00,continuation_long,2024,10:00,session_close,0.001683690649904701,0.10520893768050853,3024
HYP-OR-CONT-EVENT-01,QQQ,2024-03-25,2024-03-25T14:25:00+00:00,continuation_long,2024,10:00,30min,0.0001572963012899109,-8.784715465694218e-06,3024
HYP-OR-CONT-EVENT-01,QQQ,2024-03-25,2024-03-25T14:25:00+00:00,continuation_long,2024,10:00,15min,0.0,-1.645775283912026e-05,3024
HYP-OR-CONT-EVENT-01,QQQ,2024-03-25,2024-03-25T14:25:00+00:00,continuation_long,2024,10:00,60min,0.00048200080895255404,1.3990141093417914e-05,3024
HYP-OR-CONT-EVENT-01,QQQ,2024-03-25,2024-03-25T14:25:00+00:00,continuation_long,2024,10:00,session_close,-0.0006291852051593105,0.10520893768050853,3024
HYP-OR-CONT-EVENT-01,QQQ,2024-03-26,2024-03-26T14:20:00+00:00,continuation_long,2024,10:00,30min,-0.0025948460987831323,-8.784715465694218e-06,3024
HYP-OR-CONT-EVENT-01,QQQ,2024-03-26,2024-03-26T14:20:00+00:00,continuation_long,2024,10:00,15min,-0.002393521832498191,-1.645775283912026e-05,3024
HYP-OR-CONT-EVENT-01,QQQ,2024-03-26,2024-03-26T14:20:00+00:00,continuation_long,2024,10:00,60min,-0.001632963493199746,1.3990141093417914e-05,3024
HYP-OR-CONT-EVENT-01,QQQ,2024-03-26,2024-03-26T14:20:00+00:00,continuation_long,2024,10:00,session_close,-0.008343772369363012,0.10520893768050853,3024
HYP-OR-CONT-EVENT-01,QQQ,2024-03-27,2024-03-27T14:20:00+00:00,continuation_short,2024,10:00,30min,0.00038367789112569994,8.784715465694218e-06,3024
HYP-OR-CONT-EVENT-01,QQQ,2024-03-27,2024-03-27T14:20:00+00:00,continuation_short,2024,10:00,15min,-0.0005642321928320815,1.645775283912026e-05,3024
HYP-OR-CONT-EVENT-01,QQQ,2024-03-27,2024-03-27T14:20:00+00:00,continuation_short,2024,10:00,60min,0.0008463482892480112,-1.3990141093417914e-05,3024
HYP-OR-CONT-EVENT-01,QQQ,2024-03-27,2024-03-27T14:20:00+00:00,continuation_short,2024,10:00,session_close,-0.004186602870813516,-0.10520893768050853,3024
HYP-OR-CONT-EVENT-01,QQQ,2024-03-28,2024-03-28T17:35:00+00:00,continuation_short,2024,13:00,30min,-0.0007546914776184188,-7.221538574207458e-06,2988
HYP-OR-CONT-EVENT-01,QQQ,2024-03-28,2024-03-28T17:35:00+00:00,continuation_short,2024,13:00,15min,-0.0002930906305615988,-2.792720563823371e-05,2988
HYP-OR-CONT-EVENT-01,QQQ,2024-03-28,2024-03-28T17:35:00+00:00,continuation_short,2024,13:00,60min,-0.0006307869066661809,3.7081137943765195e-05,2988
HYP-OR-CONT-EVENT-01,QQQ,2024-03-28,2024-03-28T17:35:00+00:00,continuation_short,2024,13:00,session_close,-0.0001802248304760834,-0.1062264118018967,2988
HYP-OR-CONT-EVENT-01,QQQ,2024-04-01,2024-04-01T14:55:00+00:00,continuation_short,2024,10:00,30min,0.00015750866297647992,8.784715465694218e-06,3024
HYP-OR-CONT-EVENT-01,QQQ,2024-04-01,2024-04-01T14:55:00+00:00,continuation_short,2024,10:00,15min,0.0006975383646100619,1.645775283912026e-05,3024
HYP-OR-CONT-EVENT-01,QQQ,2024-04-01,2024-04-01T14:55:00+00:00,continuation_short,2024,10:00,60min,0.0026123936816524473,-1.3990141093417914e-05,3024
HYP-OR-CONT-EVENT-01,QQQ,2024-04-01,2024-04-01T14:55:00+00:00,continuation_short,2024,10:00,session_close,-0.0012825705413797017,-0.10520893768050853,3024
HYP-OR-CONT-EVENT-01,QQQ,2024-04-02,2024-04-02T14:20:00+00:00,continuation_short,2024,10:00,30min,-0.000756925745059478,8.784715465694218e-06,3024
HYP-OR-CONT-EVENT-01,QQQ,2024-04-02,2024-04-02T14:20:00+00:00,continuation_short,2024,10:00,15min,-0.0016201907717583452,1.645775283912026e-05,3024
HYP-OR-CONT-EVENT-01,QQQ,2024-04-02,2024-04-02T14:20:00+00:00,continuation_short,2024,10:00,60min,-0.0031491031901784705,-1.3990141093417914e-05,3024
HYP-OR-CONT-EVENT-01,QQQ,2024-04-02,2024-04-02T14:20:00+00:00,continuation_short,2024,10:00,session_close,-0.006503582675368547,-0.10520893768050853,3024
HYP-OR-CONT-EVENT-01,QQQ,2024-04-03,2024-04-03T14:20:00+00:00,continuation_long,2024,10:00,30min,0.0012766630513376676,-8.784715465694218e-06,3024
HYP-OR-CONT-EVENT-01,QQQ,2024-04-03,2024-04-03T14:20:00+00:00,continuation_long,2024,10:00,15min,0.0009490238611713497,-1.645775283912026e-05,3024
HYP-OR-CONT-EVENT-01,QQQ,2024-04-03,2024-04-03T14:20:00+00:00,continuation_long,2024,10:00,60min,0.002779284164859064,1.3990141093417914e-05,3024
HYP-OR-CONT-EVENT-01,QQQ,2024-04-03,2024-04-03T14:20:00+00:00,continuation_long,2024,10:00,session_close,-0.0011297903109183105,0.10520893768050853,3024
HYP-OR-CONT-EVENT-01,QQQ,2024-04-04,2024-04-04T14:40:00+00:00,continuation_short,2024,10:00,30min,0.0009429514380009385,8.784715465694218e-06,3024
HYP-OR-CONT-EVENT-01,QQQ,2024-04-04,2024-04-04T14:40:00+00:00,continuation_short,2024,10:00,15min,4.4902449428674274e-05,1.645775283912026e-05,3024
HYP-OR-CONT-EVENT-01,QQQ,2024-04-04,2024-04-04T14:40:00+00:00,continuation_short,2024,10:00,60min,-0.0009431759502480652,-1.3990141093417914e-05,3024
HYP-OR-CONT-EVENT-01,QQQ,2024-04-04,2024-04-04T14:40:00+00:00,continuation_short,2024,10:00,session_close,0.022832895534451447,-0.10520893768050853,3024
HYP-OR-CONT-EVENT-01,QQQ,2024-04-05,2024-04-05T14:25:00+00:00,continuation_long,2024,10:00,30min,0.004233673832647833,-8.784715465694218e-06,3024
HYP-OR-CONT-EVENT-01,QQQ,2024-04-05,2024-04-05T14:25:00+00:00,continuation_long,2024,10:00,15min,4.259183380161957e-05,-1.645775283912026e-05,3024
HYP-OR-CONT-EVENT-01,QQQ,2024-04-05,2024-04-05T14:25:00+00:00,continuation_long,2024,10:00,60min,0.002705834147399111,1.3990141093417914e-05,3024
HYP-OR-CONT-EVENT-01,QQQ,2024-04-05,2024-04-05T14:25:00+00:00,continuation_long,2024,10:00,session_close,0.003322390800346131,0.10520893768050853,3024
HYP-OR-CONT-EVENT-01,QQQ,2024-04-08,2024-04-08T14:45:00+00:00,continuation_long,2024,10:00,30min,-0.00022631602770117887,-8.784715465694218e-06,3024
HYP-OR-CONT-EVENT-01,QQQ,2024-04-08,2024-04-08T14:45:00+00:00,continuation_long,2024,10:00,15min,-0.0001810528221609653,-1.645775283912026e-05,3024
HYP-OR-CONT-EVENT-01,QQQ,2024-04-08,2024-04-08T14:45:00+00:00,continuation_long,2024,10:00,60min,-0.002463902593581757,1.3990141093417914e-05,3024
HYP-OR-CONT-EVENT-01,QQQ,2024-04-08,2024-04-08T14:45:00+00:00,continuation_long,2024,10:00,session_close,-0.0028063187434934633,0.10520893768050853,3024
HYP-OR-CONT-EVENT-01,QQQ,2024-04-09,2024-04-09T14:25:00+00:00,continuation_short,2024,10:00,30min,0.0072400436108497335,8.784715465694218e-06,3024
HYP-OR-CONT-EVENT-01,QQQ,2024-04-09,2024-04-09T14:25:00+00:00,continuation_short,2024,10:00,15min,0.008970812450042276,1.645775283912026e-05,3024
HYP-OR-CONT-EVENT-01,QQQ,2024-04-09,2024-04-09T14:25:00+00:00,continuation_short,2024,10:00,60min,0.006821491669345647,-1.3990141093417914e-05,3024
HYP-OR-CONT-EVENT-01,QQQ,2024-04-09,2024-04-09T14:25:00+00:00,continuation_short,2024,10:00,session_close,-0.000588008916740046,-0.10520893768050853,3024
HYP-OR-CONT-EVENT-01,QQQ,2024-04-10,2024-04-10T14:50:00+00:00,continuation_long,2024,10:00,30min,-0.0018030354901288348,-8.784715465694218e-06,3024
HYP-OR-CONT-EVENT-01,QQQ,2024-04-10,2024-04-10T14:50:00+00:00,continuation_long,2024,10:00,15min,-0.0020084445965993236,-1.645775283912026e-05,3024
HYP-OR-CONT-EVENT-01,QQQ,2024-04-10,2024-04-10T14:50:00+00:00,continuation_long,2024,10:00,60min,-0.002282323405226494,1.3990141093417914e-05,3024
HYP-OR-CONT-EVENT-01,QQQ,2024-04-10,2024-04-10T14:50:00+00:00,continuation_long,2024,10:00,session_close,0.0002738788086271704,0.10520893768050853,3024
HYP-OR-CONT-EVENT-01,QQQ,2024-04-11,2024-04-11T14:25:00+00:00,continuation_short,2024,10:00,30min,-0.0012984054669704648,8.784715465694218e-06,3024
HYP-OR-CONT-EVENT-01,QQQ,2024-04-11,2024-04-11T14:25:00+00:00,continuation_short,2024,10:00,15min,-0.0016400911161731369,1.645775283912026e-05,3024
HYP-OR-CONT-EVENT-01,QQQ,2024-04-11,2024-04-11T14:25:00+00:00,continuation_short,2024,10:00,60min,-0.001810933940774584,-1.3990141093417914e-05,3024
HYP-OR-CONT-EVENT-01,QQQ,2024-04-11,2024-04-11T14:25:00+00:00,continuation_short,2024,10:00,session_close,-0.014715261958997639,-0.10520893768050853,3024
HYP-OR-CONT-EVENT-01,QQQ,2024-04-12,2024-04-12T14:25:00+00:00,continuation_short,2024,10:00,30min,0.00513558860874308,8.784715465694218e-06,3024
HYP-OR-CONT-EVENT-01,QQQ,2024-04-12,2024-04-12T14:25:00+00:00,continuation_short,2024,10:00,15min,0.003480409940141538,1.645775283912026e-05,3024
HYP-OR-CONT-EVENT-01,QQQ,2024-04-12,2024-04-12T14:25:00+00:00,continuation_short,2024,10:00,60min,0.0015871576274262278,-1.3990141093417914e-05,3024
HYP-OR-CONT-EVENT-01,QQQ,2024-04-12,2024-04-12T14:25:00+00:00,continuation_short,2024,10:00,session_close,0.006235262107745276,-0.10520893768050853,3024
HYP-OR-CONT-EVENT-01,QQQ,2024-04-15,2024-04-15T14:25:00+00:00,continuation_short,2024,10:00,30min,0.0029583105770981666,8.784715465694218e-06,3024
HYP-OR-CONT-EVENT-01,QQQ,2024-04-15,2024-04-15T14:25:00+00:00,continuation_short,2024,10:00,15min,0.0007750773711997505,1.645775283912026e-05,3024
HYP-OR-CONT-EVENT-01,QQQ,2024-04-15,2024-04-15T14:25:00+00:00,continuation_short,2024,10:00,60min,0.0016612051702167285,-1.3990141093417914e-05,3024
HYP-OR-CONT-EVENT-01,QQQ,2024-04-15,2024-04-15T14:25:00+00:00,continuation_short,2024,10:00,session_close,0.019229018751137805,-0.10520893768050853,3024
HYP-OR-CONT-EVENT-01,QQQ,2024-04-16,2024-04-16T14:30:00+00:00,continuation_long,2024,10:00,30min,0.0010682024011332558,-8.784715465694218e-06,3024
HYP-OR-CONT-EVENT-01,QQQ,2024-04-16,2024-04-16T14:30:00+00:00,continuation_long,2024,10:00,15min,0.0007430973225275306,-1.645775283912026e-05,3024
HYP-OR-CONT-EVENT-01,QQQ,2024-04-16,2024-04-16T14:30:00+00:00,continuation_long,2024,10:00,60min,0.002479158442282303,1.3990141093417914e-05,3024
HYP-OR-CONT-EVENT-01,QQQ,2024-04-16,2024-04-16T14:30:00+00:00,continuation_long,2024,10:00,session_close,0.0010449806098042913,0.10520893768050853,3024
HYP-OR-CONT-EVENT-01,QQQ,2024-04-17,2024-04-17T14:20:00+00:00,continuation_short,2024,10:00,30min,0.0035525184203798466,8.784715465694218e-06,3024
HYP-OR-CONT-EVENT-01,QQQ,2024-04-17,2024-04-17T14:20:00+00:00,continuation_short,2024,10:00,15min,0.0005578411547312312,1.645775283912026e-05,3024
HYP-OR-CONT-EVENT-01,QQQ,2024-04-17,2024-04-17T14:20:00+00:00,continuation_short,2024,10:00,60min,0.002533528577737587,-1.3990141093417914e-05,3024
HYP-OR-CONT-EVENT-01,QQQ,2024-04-17,2024-04-17T14:20:00+00:00,continuation_short,2024,10:00,session_close,0.010296817981079953,-0.10520893768050853,3024
HYP-OR-CONT-EVENT-01,QQQ,2024-04-18,2024-04-18T14:50:00+00:00,continuation_long,2024,10:00,30min,0.00172010297215075,-8.784715465694218e-06,3024
HYP-OR-CONT-EVENT-01,QQQ,2024-04-18,2024-04-18T14:50:00+00:00,continuation_long,2024,10:00,15min,0.0005850690381465906,-1.645775283912026e-05,3024
HYP-OR-CONT-EVENT-01,QQQ,2024-04-18,2024-04-18T14:50:00+00:00,continuation_long,2024,10:00,60min,-0.0006903814650128792,1.3990141093417914e-05,3024
HYP-OR-CONT-EVENT-01,QQQ,2024-04-18,2024-04-18T14:50:00+00:00,continuation_long,2024,10:00,session_close,-0.009220688041188807,0.10520893768050853,3024
HYP-OR-CONT-EVENT-01,QQQ,2024-04-19,2024-04-19T14:30:00+00:00,continuation_short,2024,10:00,30min,0.0010253719954216312,8.784715465694218e-06,3024
HYP-OR-CONT-EVENT-01,QQQ,2024-04-19,2024-04-19T14:30:00+00:00,continuation_short,2024,10:00,15min,-0.0018480541777947668,1.645775283912026e-05,3024
HYP-OR-CONT-EVENT-01,QQQ,2024-04-19,2024-04-19T14:30:00+00:00,continuation_short,2024,10:00,60min,0.0030045784051888624,-1.3990141093417914e-05,3024
HYP-OR-CONT-EVENT-01,QQQ,2024-04-19,2024-04-19T14:30:00+00:00,continuation_short,2024,10:00,session_close,0.01125524608927897,-0.10520893768050853,3024
HYP-OR-CONT-EVENT-01,QQQ,2024-04-22,2024-04-22T14:25:00+00:00,continuation_short,2024,10:00,30min,0.0016726030034655004,8.784715465694218e-06,3024
HYP-OR-CONT-EVENT-01,QQQ,2024-04-22,2024-04-22T14:25:00+00:00,continuation_short,2024,10:00,15min,-9.626492106273865e-05,1.645775283912026e-05,3024
HYP-OR-CONT-EVENT-01,QQQ,2024-04-22,2024-04-22T14:25:00+00:00,continuation_short,2024,10:00,60min,0.0004813246053138043,-1.3990141093417914e-05,3024
HYP-OR-CONT-EVENT-01,QQQ,2024-04-22,2024-04-22T14:25:00+00:00,continuation_short,2024,10:00,session_close,-0.008014054678475269,-0.10520893768050853,3024
HYP-OR-CONT-EVENT-01,QQQ,2024-04-23,2024-04-23T14:25:00+00:00,continuation_long,2024,10:00,30min,0.0035207806629964367,-8.784715465694218e-06,3024
HYP-OR-CONT-EVENT-01,QQQ,2024-04-23,2024-04-23T14:25:00+00:00,continuation_long,2024,10:00,15min,0.002575431798312877,-1.645775283912026e-05,3024
HYP-OR-CONT-EVENT-01,QQQ,2024-04-23,2024-04-23T14:25:00+00:00,continuation_long,2024,10:00,60min,0.0032608747016986683,1.3990141093417914e-05,3024
HYP-OR-CONT-EVENT-01,QQQ,2024-04-23,2024-04-23T14:25:00+00:00,continuation_long,2024,10:00,session_close,0.0045129126007135145,0.10520893768050853,3024
HYP-OR-CONT-EVENT-01,QQQ,2024-04-24,2024-04-24T14:35:00+00:00,continuation_short,2024,10:00,30min,0.0038781422296981782,8.784715465694218e-06,3024
HYP-OR-CONT-EVENT-01,QQQ,2024-04-24,2024-04-24T14:35:00+00:00,continuation_short,2024,10:00,15min,0.0018456219044949984,1.645775283912026e-05,3024
HYP-OR-CONT-EVENT-01,QQQ,2024-04-24,2024-04-24T14:35:00+00:00,continuation_short,2024,10:00,60min,0.0026399401925053523,-1.3990141093417914e-05,3024
HYP-OR-CONT-EVENT-01,QQQ,2024-04-24,2024-04-24T14:35:00+00:00,continuation_short,2024,10:00,session_close,0.00376133071675544,-0.10520893768050853,3024
HYP-OR-CONT-EVENT-01,QQQ,2024-04-25,2024-04-25T14:25:00+00:00,continuation_long,2024,10:00,30min,-0.004960364551193752,-8.784715465694218e-06,3024
HYP-OR-CONT-EVENT-01,QQQ,2024-04-25,2024-04-25T14:25:00+00:00,continuation_long,2024,10:00,15min,-0.0026344519865191263,-1.645775283912026e-05,3024
HYP-OR-CONT-EVENT-01,QQQ,2024-04-25,2024-04-25T14:25:00+00:00,continuation_long,2024,10:00,60min,-0.0018749703327478606,1.3990141093417914e-05,3024
HYP-OR-CONT-EVENT-01,QQQ,2024-04-25,2024-04-25T14:25:00+00:00,continuation_long,2024,10:00,session_close,0.007215075710827357,0.10520893768050853,3024
HYP-OR-CONT-EVENT-01,QQQ,2024-04-26,2024-04-26T14:20:00+00:00,continuation_long,2024,10:00,30min,0.0014621579594773504,-8.784715465694218e-06,3024
HYP-OR-CONT-EVENT-01,QQQ,2024-04-26,2024-04-26T14:20:00+00:00,continuation_long,2024,10:00,15min,-0.0004177594169935128,-1.645775283912026e-05,3024
HYP-OR-CONT-EVENT-01,QQQ,2024-04-26,2024-04-26T14:20:00+00:00,continuation_long,2024,10:00,60min,0.0,1.3990141093417914e-05,3024
HYP-OR-CONT-EVENT-01,QQQ,2024-04-26,2024-04-26T14:20:00+00:00,continuation_long,2024,10:00,session_close,0.00041775941699362384,0.10520893768050853,3024
HYP-OR-CONT-EVENT-01,QQQ,2024-04-29,2024-04-29T19:20:00+00:00,continuation_short,2024,15:00,30min,-0.003278661903215241,3.3817728366702684e-05,1494
HYP-OR-CONT-EVENT-01,QQQ,2024-04-29,2024-04-29T19:20:00+00:00,continuation_short,2024,15:00,15min,-0.0008583491857281356,3.9966748254329895e-06,2241
HYP-OR-CONT-EVENT-01,QQQ,2024-04-29,2024-04-29T19:20:00+00:00,continuation_short,2024,15:00,session_close,-0.0038973692757389156,-0.10642997001311255,2987
HYP-OR-CONT-EVENT-01,QQQ,2024-04-30,2024-04-30T14:20:00+00:00,continuation_long,2024,10:00,30min,-0.0014587047627867555,-8.784715465694218e-06,3024
HYP-OR-CONT-EVENT-01,QQQ,2024-04-30,2024-04-30T14:20:00+00:00,continuation_long,2024,10:00,15min,-0.0013429345435179707,-1.645775283912026e-05,3024
HYP-OR-CONT-EVENT-01,QQQ,2024-04-30,2024-04-30T14:20:00+00:00,continuation_long,2024,10:00,60min,-0.0056032786126095635,1.3990141093417914e-05,3024
HYP-OR-CONT-EVENT-01,QQQ,2024-04-30,2024-04-30T14:20:00+00:00,continuation_long,2024,10:00,session_close,-0.017041376276366704,0.10520893768050853,3024
HYP-OR-CONT-EVENT-01,QQQ,2024-05-01,2024-05-01T14:20:00+00:00,continuation_short,2024,10:00,30min,-0.0019685459054956667,8.784715465694218e-06,3024
HYP-OR-CONT-EVENT-01,QQQ,2024-05-01,2024-05-01T14:20:00+00:00,continuation_short,2024,10:00,15min,-0.0018195428519989232,1.645775283912026e-05,3024
HYP-OR-CONT-EVENT-01,QQQ,2024-05-01,2024-05-01T14:20:00+00:00,continuation_short,2024,10:00,60min,0.001182075098486557,-1.3990141093417914e-05,3024
HYP-OR-CONT-EVENT-01,QQQ,2024-05-01,2024-05-01T14:20:00+00:00,continuation_short,2024,10:00,session_close,0.001632163813341192,-0.10520893768050853,3024
HYP-OR-CONT-EVENT-01,QQQ,2024-05-02,2024-05-02T14:20:00+00:00,continuation_short,2024,10:00,30min,-0.002748163942193793,8.784715465694218e-06,3024
HYP-OR-CONT-EVENT-01,QQQ,2024-05-02,2024-05-02T14:20:00+00:00,continuation_short,2024,10:00,15min,-0.0027007818052593446,1.645775283912026e-05,3024
HYP-OR-CONT-EVENT-01,QQQ,2024-05-02,2024-05-02T14:20:00+00:00,continuation_short,2024,10:00,60min,-0.00530703624733464,-1.3990141093417914e-05,3024
HYP-OR-CONT-EVENT-01,QQQ,2024-05-02,2024-05-02T14:20:00+00:00,continuation_short,2024,10:00,session_close,-0.011442786069651767,-0.10520893768050853,3024
HYP-OR-CONT-EVENT-01,QQQ,2024-05-03,2024-05-03T14:30:00+00:00,continuation_short,2024,10:00,30min,0.0013707466537654645,8.784715465694218e-06,3024
HYP-OR-CONT-EVENT-01,QQQ,2024-05-03,2024-05-03T14:30:00+00:00,continuation_short,2024,10:00,15min,-0.0018430207109452201,1.645775283912026e-05,3024
HYP-OR-CONT-EVENT-01,QQQ,2024-05-03,2024-05-03T14:30:00+00:00,continuation_short,2024,10:00,60min,-0.001912133987605591,-1.3990141093417914e-05,3024
HYP-OR-CONT-EVENT-01,QQQ,2024-05-03,2024-05-03T14:30:00+00:00,continuation_short,2024,10:00,session_close,-0.003248324003040981,-0.10520893768050853,3024
HYP-OR-CONT-EVENT-01,QQQ,2024-05-06,2024-05-06T14:20:00+00:00,continuation_long,2024,10:00,30min,0.00028168692314722854,-8.784715465694218e-06,3024
HYP-OR-CONT-EVENT-01,QQQ,2024-05-06,2024-05-06T14:20:00+00:00,continuation_long,2024,10:00,15min,0.0006168326784246059,-1.645775283912026e-05,3024
HYP-OR-CONT-EVENT-01,QQQ,2024-05-06,2024-05-06T14:20:00+00:00,continuation_long,2024,10:00,60min,0.00036553047610343725,1.3990141093417914e-05,3024
HYP-OR-CONT-EVENT-01,QQQ,2024-05-06,2024-05-06T14:20:00+00:00,continuation_long,2024,10:00,session_close,0.00595129306405906,0.10520893768050853,3024
HYP-OR-CONT-EVENT-01,QQQ,2024-05-07,2024-05-07T14:40:00+00:00,continuation_short,2024,10:00,30min,-0.0026337299064571607,8.784715465694218e-06,3024
HYP-OR-CONT-EVENT-01,QQQ,2024-05-07,2024-05-07T14:40:00+00:00,continuation_short,2024,10:00,15min,-0.002700481336844973,1.645775283912026e-05,3024
HYP-OR-CONT-EVENT-01,QQQ,2024-05-07,2024-05-07T14:40:00+00:00,continuation_short,2024,10:00,60min,-0.0027813095994915216,-1.3990141093417914e-05,3024
HYP-OR-CONT-EVENT-01,QQQ,2024-05-07,2024-05-07T14:40:00+00:00,continuation_short,2024,10:00,session_close,0.0003405685223866195,-0.10520893768050853,3024
HYP-OR-CONT-EVENT-01,QQQ,2024-05-08,2024-05-08T14:20:00+00:00,continuation_long,2024,10:00,30min,0.0032722319623612606,-8.784715465694218e-06,3024
HYP-OR-CONT-EVENT-01,QQQ,2024-05-08,2024-05-08T14:20:00+00:00,continuation_long,2024,10:00,15min,0.0016577186244346453,-1.645775283912026e-05,3024
HYP-OR-CONT-EVENT-01,QQQ,2024-05-08,2024-05-08T14:20:00+00:00,continuation_long,2024,10:00,60min,0.0005889562739760379,1.3990141093417914e-05,3024
HYP-OR-CONT-EVENT-01,QQQ,2024-05-08,2024-05-08T14:20:00+00:00,continuation_long,2024,10:00,session_close,0.0007253940208431509,0.10520893768050853,3024
HYP-OR-CONT-EVENT-01,QQQ,2024-05-09,2024-05-09T14:55:00+00:00,continuation_long,2024,10:00,30min,0.0004986852842505662,-8.784715465694218e-06,3024
HYP-OR-CONT-EVENT-01,QQQ,2024-05-09,2024-05-09T14:55:00+00:00,continuation_long,2024,10:00,15min,0.0,-1.645775283912026e-05,3024
HYP-OR-CONT-EVENT-01,QQQ,2024-05-09,2024-05-09T14:55:00+00:00,continuation_long,2024,10:00,60min,-0.0022667512920482302,1.3990141093417914e-05,3024
HYP-OR-CONT-EVENT-01,QQQ,2024-05-09,2024-05-09T14:55:00+00:00,continuation_long,2024,10:00,session_close,-0.00029467766796642536,0.10520893768050853,3024
HYP-OR-CONT-EVENT-01,QQQ,2024-05-10,2024-05-10T14:35:00+00:00,continuation_short,2024,10:00,30min,0.0005097359567742821,8.784715465694218e-06,3024
HYP-OR-CONT-EVENT-01,QQQ,2024-05-10,2024-05-10T14:35:00+00:00,continuation_short,2024,10:00,15min,0.0017104473216207339,1.645775283912026e-05,3024
HYP-OR-CONT-EVENT-01,QQQ,2024-05-10,2024-05-10T14:35:00+00:00,continuation_short,2024,10:00,60min,0.00030584157406465806,-1.3990141093417914e-05,3024
HYP-OR-CONT-EVENT-01,QQQ,2024-05-10,2024-05-10T14:35:00+00:00,continuation_short,2024,10:00,session_close,-0.0014838980074989294,-0.10520893768050853,3024
HYP-OR-CONT-EVENT-01,QQQ,2024-05-14,2024-05-14T14:40:00+00:00,continuation_long,2024,10:00,30min,0.0024811097327166465,-8.784715465694218e-06,3024
HYP-OR-CONT-EVENT-01,QQQ,2024-05-14,2024-05-14T14:40:00+00:00,continuation_long,2024,10:00,15min,0.0019616555768580124,-1.645775283912026e-05,3024
HYP-OR-CONT-EVENT-01,QQQ,2024-05-14,2024-05-14T14:40:00+00:00,continuation_long,2024,10:00,60min,0.0008117739934587753,1.3990141093417914e-05,3024
HYP-OR-CONT-EVENT-01,QQQ,2024-05-14,2024-05-14T14:40:00+00:00,continuation_long,2024,10:00,session_close,0.00590955227247103,0.10520893768050853,3024
HYP-OR-CONT-EVENT-01,QQQ,2024-05-15,2024-05-15T14:35:00+00:00,continuation_long,2024,10:00,30min,0.002314711773870437,-8.784715465694218e-06,3024
HYP-OR-CONT-EVENT-01,QQQ,2024-05-15,2024-05-15T14:35:00+00:00,continuation_long,2024,10:00,15min,0.0007901179612730402,-1.645775283912026e-05,3024
HYP-OR-CONT-EVENT-01,QQQ,2024-05-15,2024-05-15T14:35:00+00:00,continuation_long,2024,10:00,60min,0.0022701980859114457,1.3990141093417914e-05,3024
HYP-OR-CONT-EVENT-01,QQQ,2024-05-15,2024-05-15T14:35:00+00:00,continuation_long,2024,10:00,session_close,0.00787892276875124,0.10520893768050853,3024
HYP-OR-CONT-EVENT-01,QQQ,2024-05-16,2024-05-16T14:40:00+00:00,continuation_long,2024,10:00,30min,0.0011242147029648653,-8.784715465694218e-06,3024
HYP-OR-CONT-EVENT-01,QQQ,2024-05-16,2024-05-16T14:40:00+00:00,continuation_long,2024,10:00,15min,0.0016312134905764886,-1.645775283912026e-05,3024
HYP-OR-CONT-EVENT-01,QQQ,2024-05-16,2024-05-16T14:40:00+00:00,continuation_long,2024,10:00,60min,0.0013226055328998676,1.3990141093417914e-05,3024
HYP-OR-CONT-EVENT-01,QQQ,2024-05-16,2024-05-16T14:40:00+00:00,continuation_long,2024,10:00,session_close,-0.0037253389176677976,0.10520893768050853,3024
HYP-OR-CONT-EVENT-01,QQQ,2024-05-17,2024-05-17T14:50:00+00:00,continuation_long,2024,10:00,30min,-0.0015242555447556594,-8.784715465694218e-06,3024
HYP-OR-CONT-EVENT-01,QQQ,2024-05-17,2024-05-17T14:50:00+00:00,continuation_long,2024,10:00,15min,-0.0012149863037907993,-1.645775283912026e-05,3024
HYP-OR-CONT-EVENT-01,QQQ,2024-05-17,2024-05-17T14:50:00+00:00,continuation_long,2024,10:00,60min,-0.0017230714853760931,1.3990141093417914e-05,3024
HYP-OR-CONT-EVENT-01,QQQ,2024-05-17,2024-05-17T14:50:00+00:00,continuation_long,2024,10:00,session_close,-0.00201025006627209,0.10520893768050853,3024
HYP-OR-CONT-EVENT-01,QQQ,2024-05-20,2024-05-20T14:40:00+00:00,continuation_long,2024,10:00,30min,-0.0003740785564968485,-8.784715465694218e-06,3024
HYP-OR-CONT-EVENT-01,QQQ,2024-05-20,2024-05-20T14:40:00+00:00,continuation_long,2024,10:00,15min,-0.00018703927824836875,-1.645775283912026e-05,3024
HYP-OR-CONT-EVENT-01,QQQ,2024-05-20,2024-05-20T14:40:00+00:00,continuation_long,2024,10:00,60min,-0.00026383540543506445,1.3990141093417914e-05,3024
HYP-OR-CONT-EVENT-01,QQQ,2024-05-20,2024-05-20T14:40:00+00:00,continuation_long,2024,10:00,session_close,0.001034217185609032,0.10520893768050853,3024
HYP-OR-CONT-EVENT-01,QQQ,2024-05-21,2024-05-21T14:20:00+00:00,continuation_long,2024,10:00,30min,0.0014768695038900326,-8.784715465694218e-06,3024
HYP-OR-CONT-EVENT-01,QQQ,2024-05-21,2024-05-21T14:20:00+00:00,continuation_long,2024,10:00,15min,0.0016774293081789349,-1.645775283912026e-05,3024
HYP-OR-CONT-EVENT-01,QQQ,2024-05-21,2024-05-21T14:20:00+00:00,continuation_long,2024,10:00,60min,0.0025345469772772855,1.3990141093417914e-05,3024
HYP-OR-CONT-EVENT-01,QQQ,2024-05-21,2024-05-21T14:20:00+00:00,continuation_long,2024,10:00,session_close,0.0045621845590990695,0.10520893768050853,3024
HYP-OR-CONT-EVENT-01,QQQ,2024-05-22,2024-05-22T14:20:00+00:00,continuation_long,2024,10:00,30min,-0.00041436585152077043,-8.784715465694218e-06,3024
HYP-OR-CONT-EVENT-01,QQQ,2024-05-22,2024-05-22T14:20:00+00:00,continuation_long,2024,10:00,15min,-0.0002848628275922138,-1.645775283912026e-05,3024
HYP-OR-CONT-EVENT-01,QQQ,2024-05-22,2024-05-22T14:20:00+00:00,continuation_long,2024,10:00,60min,0.0006792882811814671,1.3990141093417914e-05,3024
HYP-OR-CONT-EVENT-01,QQQ,2024-05-22,2024-05-22T14:20:00+00:00,continuation_long,2024,10:00,session_close,-0.001490051713559537,0.10520893768050853,3024
HYP-OR-CONT-EVENT-01,QQQ,2024-05-23,2024-05-23T15:10:00+00:00,continuation_short,2024,11:00,30min,-0.0015056954567276293,-6.780196379662428e-05,3024
HYP-OR-CONT-EVENT-01,QQQ,2024-05-23,2024-05-23T15:10:00+00:00,continuation_short,2024,11:00,15min,-0.00039279011914628015,-5.26132053694773e-05,3024
HYP-OR-CONT-EVENT-01,QQQ,2024-05-23,2024-05-23T15:10:00+00:00,continuation_short,2024,11:00,60min,-0.0005128093222188657,-7.464386680817631e-05,3024
HYP-OR-CONT-EVENT-01,QQQ,2024-05-23,2024-05-23T15:10:00+00:00,continuation_short,2024,11:00,session_close,0.0100816130580893,-0.10521709285604981,3024
HYP-OR-CONT-EVENT-01,QQQ,2024-05-24,2024-05-24T14:20:00+00:00,continuation_long,2024,10:00,30min,0.0019602689620430436,-8.784715465694218e-06,3024
HYP-OR-CONT-EVENT-01,QQQ,2024-05-24,2024-05-24T14:20:00+00:00,continuation_long,2024,10:00,15min,0.0007665856276146688,-1.645775283912026e-05,3024
HYP-OR-CONT-EVENT-01,QQQ,2024-05-24,2024-05-24T14:20:00+00:00,continuation_long,2024,10:00,60min,0.0051470749282696016,1.3990141093417914e-05,3024
HYP-OR-CONT-EVENT-01,QQQ,2024-05-24,2024-05-24T14:20:00+00:00,continuation_long,2024,10:00,session_close,0.0031539522964714184,0.10520893768050853,3024
HYP-OR-CONT-EVENT-01,QQQ,2024-05-28,2024-05-28T17:05:00+00:00,continuation_long,2024,13:00,30min,0.0019290922367660723,7.221538574207458e-06,2988
HYP-OR-CONT-EVENT-01,QQQ,2024-05-28,2024-05-28T17:05:00+00:00,continuation_long,2024,13:00,15min,0.000839209617124137,2.792720563823371e-05,2988
HYP-OR-CONT-EVENT-01,QQQ,2024-05-28,2024-05-28T17:05:00+00:00,continuation_long,2024,13:00,60min,0.0007084237027672469,-3.7081137943765195e-05,2988
HYP-OR-CONT-EVENT-01,QQQ,2024-05-28,2024-05-28T17:05:00+00:00,continuation_long,2024,13:00,session_close,0.0019944851939446284,0.1062264118018967,2988
HYP-OR-CONT-EVENT-01,QQQ,2024-05-29,2024-05-29T14:40:00+00:00,continuation_long,2024,10:00,30min,-0.0019213134797606557,-8.784715465694218e-06,3024
HYP-OR-CONT-EVENT-01,QQQ,2024-05-29,2024-05-29T14:40:00+00:00,continuation_long,2024,10:00,15min,-0.00010916553862261313,-1.645775283912026e-05,3024
HYP-OR-CONT-EVENT-01,QQQ,2024-05-29,2024-05-29T14:40:00+00:00,continuation_long,2024,10:00,60min,-0.0016811492947905737,1.3990141093417914e-05,3024
HYP-OR-CONT-EVENT-01,QQQ,2024-05-29,2024-05-29T14:40:00+00:00,continuation_long,2024,10:00,session_close,-0.0032531330509585343,0.10520893768050853,3024
HYP-OR-CONT-EVENT-01,QQQ,2024-05-30,2024-05-30T14:30:00+00:00,continuation_short,2024,10:00,30min,0.004423902277979619,8.784715465694218e-06,3024
HYP-OR-CONT-EVENT-01,QQQ,2024-05-30,2024-05-30T14:30:00+00:00,continuation_short,2024,10:00,15min,0.002641135688346119,1.645775283912026e-05,3024
HYP-OR-CONT-EVENT-01,QQQ,2024-05-30,2024-05-30T14:30:00+00:00,continuation_short,2024,10:00,60min,0.001518653020798899,-1.3990141093417914e-05,3024
HYP-OR-CONT-EVENT-01,QQQ,2024-05-30,2024-05-30T14:30:00+00:00,continuation_short,2024,10:00,session_close,0.006162649939474019,-0.10520893768050853,3024
HYP-OR-CONT-EVENT-01,QQQ,2024-05-31,2024-05-31T14:20:00+00:00,continuation_short,2024,10:00,30min,0.005302605767238844,8.784715465694218e-06,3024
HYP-OR-CONT-EVENT-01,QQQ,2024-05-31,2024-05-31T14:20:00+00:00,continuation_short,2024,10:00,15min,0.004013692804766156,1.645775283912026e-05,3024
HYP-OR-CONT-EVENT-01,QQQ,2024-05-31,2024-05-31T14:20:00+00:00,continuation_short,2024,10:00,60min,0.0064777911153757195,-1.3990141093417914e-05,3024
HYP-OR-CONT-EVENT-01,QQQ,2024-05-31,2024-05-31T14:20:00+00:00,continuation_short,2024,10:00,session_close,-0.007314469564371873,-0.10520893768050853,3024
HYP-OR-CONT-EVENT-01,QQQ,2024-06-03,2024-06-03T14:30:00+00:00,continuation_short,2024,10:00,30min,0.006648906893287232,8.784715465694218e-06,3024
HYP-OR-CONT-EVENT-01,QQQ,2024-06-03,2024-06-03T14:30:00+00:00,continuation_short,2024,10:00,15min,0.004777525814050665,1.645775283912026e-05,3024
HYP-OR-CONT-EVENT-01,QQQ,2024-06-03,2024-06-03T14:30:00+00:00,continuation_short,2024,10:00,60min,0.004997688293960856,-1.3990141093417914e-05,3024
HYP-OR-CONT-EVENT-01,QQQ,2024-06-03,2024-06-03T14:30:00+00:00,continuation_short,2024,10:00,session_close,0.002333722287047868,-0.10520893768050853,3024
HYP-OR-CONT-EVENT-01,QQQ,2024-06-04,2024-06-04T14:20:00+00:00,continuation_long,2024,10:00,30min,0.0011504933846628873,-8.784715465694218e-06,3024
HYP-OR-CONT-EVENT-01,QQQ,2024-06-04,2024-06-04T14:20:00+00:00,continuation_long,2024,10:00,15min,0.0014491791672197607,-1.645775283912026e-05,3024
HYP-OR-CONT-EVENT-01,QQQ,2024-06-04,2024-06-04T14:20:00+00:00,continuation_long,2024,10:00,60min,0.0011283685118810283,1.3990141093417914e-05,3024
HYP-OR-CONT-EVENT-01,QQQ,2024-06-04,2024-06-04T14:20:00+00:00,continuation_long,2024,10:00,session_close,0.00524359484932968,0.10520893768050853,3024
HYP-OR-CONT-EVENT-01,QQQ,2024-06-05,2024-06-05T14:20:00+00:00,continuation_short,2024,10:00,30min,-0.004174477289113243,8.784715465694218e-06,3024
HYP-OR-CONT-EVENT-01,QQQ,2024-06-05,2024-06-05T14:20:00+00:00,continuation_short,2024,10:00,15min,-0.00465360162548345,1.645775283912026e-05,3024
HYP-OR-CONT-EVENT-01,QQQ,2024-06-05,2024-06-05T14:20:00+00:00,continuation_short,2024,10:00,60min,-0.006903934805881473,-1.3990141093417914e-05,3024
HYP-OR-CONT-EVENT-01,QQQ,2024-06-05,2024-06-05T14:20:00+00:00,continuation_short,2024,10:00,session_close,-0.01284656223372882,-0.10520893768050853,3024
HYP-OR-CONT-EVENT-01,QQQ,2024-06-06,2024-06-06T14:20:00+00:00,continuation_short,2024,10:00,30min,-0.0015973751241202816,8.784715465694218e-06,3024
HYP-OR-CONT-EVENT-01,QQQ,2024-06-06,2024-06-06T14:20:00+00:00,continuation_short,2024,10:00,15min,-0.0018995812286837221,1.645775283912026e-05,3024
HYP-OR-CONT-EVENT-01,QQQ,2024-06-06,2024-06-06T14:20:00+00:00,continuation_short,2024,10:00,60min,-0.00025924966541479577,-1.3990141093417914e-05,3024
HYP-OR-CONT-EVENT-01,QQQ,2024-06-06,2024-06-06T14:20:00+00:00,continuation_short,2024,10:00,session_close,-0.0003237922548893213,-0.10520893768050853,3024
HYP-OR-CONT-EVENT-01,QQQ,2024-06-07,2024-06-07T14:55:00+00:00,continuation_long,2024,10:00,30min,-0.0016258236788836422,-8.784715465694218e-06,3024
HYP-OR-CONT-EVENT-01,QQQ,2024-06-07,2024-06-07T14:55:00+00:00,continuation_long,2024,10:00,15min,-0.0030255394289159243,-1.645775283912026e-05,3024
HYP-OR-CONT-EVENT-01,QQQ,2024-06-07,2024-06-07T14:55:00+00:00,continuation_long,2024,10:00,60min,-0.0007730737757870587,1.3990141093417914e-05,3024
HYP-OR-CONT-EVENT-01,QQQ,2024-06-07,2024-06-07T14:55:00+00:00,continuation_long,2024,10:00,session_close,-0.003036306473146899,0.10520893768050853,3024
HYP-OR-CONT-EVENT-01,QQQ,2024-06-10,2024-06-10T14:40:00+00:00,continuation_long,2024,10:00,30min,0.0020172524762098742,-8.784715465694218e-06,3024
HYP-OR-CONT-EVENT-01,QQQ,2024-06-10,2024-06-10T14:40:00+00:00,continuation_long,2024,10:00,15min,0.0014341066854426376,-1.645775283912026e-05,3024
HYP-OR-CONT-EVENT-01,QQQ,2024-06-10,2024-06-10T14:40:00+00:00,continuation_long,2024,10:00,60min,0.0030539561042406405,1.3990141093417914e-05,3024
HYP-OR-CONT-EVENT-01,QQQ,2024-06-10,2024-06-10T14:40:00+00:00,continuation_long,2024,10:00,session_close,0.003896277802015513,0.10520893768050853,3024
HYP-OR-CONT-EVENT-01,QQQ,2024-06-11,2024-06-11T14:45:00+00:00,continuation_long,2024,10:00,30min,0.00025819222411094245,-8.784715465694218e-06,3024
HYP-OR-CONT-EVENT-01,QQQ,2024-06-11,2024-06-11T14:45:00+00:00,continuation_long,2024,10:00,15min,0.0004511909116338142,-1.645775283912026e-05,3024
HYP-OR-CONT-EVENT-01,QQQ,2024-06-11,2024-06-11T14:45:00+00:00,continuation_long,2024,10:00,60min,-0.0013339931579060549,1.3990141093417914e-05,3024
HYP-OR-CONT-EVENT-01,QQQ,2024-06-11,2024-06-11T14:45:00+00:00,continuation_long,2024,10:00,session_close,0.007057254125696577,0.10520893768050853,3024
HYP-OR-CONT-EVENT-01,QQQ,2024-06-12,2024-06-12T14:30:00+00:00,continuation_long,2024,10:00,30min,-0.0015777184088183738,-8.784715465694218e-06,3024
HYP-OR-CONT-EVENT-01,QQQ,2024-06-12,2024-06-12T14:30:00+00:00,continuation_long,2024,10:00,15min,-0.0007993773271346427,-1.645775283912026e-05,3024
HYP-OR-CONT-EVENT-01,QQQ,2024-06-12,2024-06-12T14:30:00+00:00,continuation_long,2024,10:00,60min,-0.0007573048362328194,1.3990141093417914e-05,3024
HYP-OR-CONT-EVENT-01,QQQ,2024-06-12,2024-06-12T14:30:00+00:00,continuation_long,2024,10:00,session_close,-0.002587458190462244,0.10520893768050853,3024
HYP-OR-CONT-EVENT-01,QQQ,2024-06-13,2024-06-13T14:30:00+00:00,continuation_short,2024,10:00,30min,0.0013754436068120768,8.784715465694218e-06,3024
HYP-OR-CONT-EVENT-01,QQQ,2024-06-13,2024-06-13T14:30:00+00:00,continuation_short,2024,10:00,15min,-0.00048319018920217616,1.645775283912026e-05,3024
HYP-OR-CONT-EVENT-01,QQQ,2024-06-13,2024-06-13T14:30:00+00:00,continuation_short,2024,10:00,60min,-0.0010709560908004345,-1.3990141093417914e-05,3024
HYP-OR-CONT-EVENT-01,QQQ,2024-06-13,2024-06-13T14:30:00+00:00,continuation_short,2024,10:00,session_close,-0.0010499569517650187,-0.10520893768050853,3024
HYP-OR-CONT-EVENT-01,QQQ,2024-06-14,2024-06-14T17:25:00+00:00,continuation_long,2024,13:00,30min,0.00029266049292386853,7.221538574207458e-06,2988
HYP-OR-CONT-EVENT-01,QQQ,2024-06-14,2024-06-14T17:25:00+00:00,continuation_long,2024,13:00,15min,0.0004389907393858028,2.792720563823371e-05,2988
HYP-OR-CONT-EVENT-01,QQQ,2024-06-14,2024-06-14T17:25:00+00:00,continuation_long,2024,13:00,60min,0.00017768672784668205,-3.7081137943765195e-05,2988
HYP-OR-CONT-EVENT-01,QQQ,2024-06-14,2024-06-14T17:25:00+00:00,continuation_long,2024,13:00,session_close,0.0016740180195244925,0.1062264118018967,2988
HYP-OR-CONT-EVENT-01,QQQ,2024-06-17,2024-06-17T14:55:00+00:00,continuation_long,2024,10:00,30min,0.0025023459493274114,-8.784715465694218e-06,3024
HYP-OR-CONT-EVENT-01,QQQ,2024-06-17,2024-06-17T14:55:00+00:00,continuation_long,2024,10:00,15min,0.0021294964028775176,-1.645775283912026e-05,3024
HYP-OR-CONT-EVENT-01,QQQ,2024-06-17,2024-06-17T14:55:00+00:00,continuation_long,2024,10:00,60min,0.002648316129704842,1.3990141093417914e-05,3024
HYP-OR-CONT-EVENT-01,QQQ,2024-06-17,2024-06-17T14:55:00+00:00,continuation_long,2024,10:00,session_close,0.011469085601084394,0.10520893768050853,3024
HYP-OR-CONT-EVENT-01,QQQ,2024-06-18,2024-06-18T15:05:00+00:00,continuation_short,2024,11:00,30min,-0.0006818181818182278,-6.780196379662428e-05,3024
HYP-OR-CONT-EVENT-01,QQQ,2024-06-18,2024-06-18T15:05:00+00:00,continuation_short,2024,11:00,15min,-0.0006611570247934129,-5.26132053694773e-05,3024
HYP-OR-CONT-EVENT-01,QQQ,2024-06-18,2024-06-18T15:05:00+00:00,continuation_short,2024,11:00,60min,-0.0020247933884298686,-7.464386680817631e-05,3024
HYP-OR-CONT-EVENT-01,QQQ,2024-06-18,2024-06-18T15:05:00+00:00,continuation_short,2024,11:00,session_close,-0.0025413223140495766,-0.10521709285604981,3024
HYP-OR-CONT-EVENT-01,QQQ,2024-06-20,2024-06-20T14:25:00+00:00,continuation_short,2024,10:00,30min,-0.003532911863146193,8.784715465694218e-06,3024
HYP-OR-CONT-EVENT-01,QQQ,2024-06-20,2024-06-20T14:25:00+00:00,continuation_short,2024,10:00,15min,-0.0020866906326184598,1.645775283912026e-05,3024
HYP-OR-CONT-EVENT-01,QQQ,2024-06-20,2024-06-20T14:25:00+00:00,continuation_short,2024,10:00,60min,-0.002234205198132333,-1.3990141093417914e-05,3024
HYP-OR-CONT-EVENT-01,QQQ,2024-06-20,2024-06-20T14:25:00+00:00,continuation_short,2024,10:00,session_close,0.0054543200694185945,-0.10520893768050853,3024
HYP-OR-CONT-EVENT-01,QQQ,2024-06-21,2024-06-21T16:05:00+00:00,continuation_long,2024,12:00,30min,-0.001679034865884499,4.376911929566834e-05,3006
HYP-OR-CONT-EVENT-01,QQQ,2024-06-21,2024-06-21T16:05:00+00:00,continuation_long,2024,12:00,15min,-0.0012230007047800973,1.6529748538503642e-05,3015
HYP-OR-CONT-EVENT-01,QQQ,2024-06-21,2024-06-21T16:05:00+00:00,continuation_long,2024,12:00,60min,-0.0033373409062642523,0.00014751432152188435,2988
HYP-OR-CONT-EVENT-01,QQQ,2024-06-21,2024-06-21T16:05:00+00:00,continuation_long,2024,12:00,session_close,-0.004892002819120278,0.10514663012018967,3024
HYP-OR-CONT-EVENT-01,QQQ,2024-06-24,2024-06-24T14:20:00+00:00,continuation_long,2024,10:00,30min,-0.005593821749112937,-8.784715465694218e-06,3024
HYP-OR-CONT-EVENT-01,QQQ,2024-06-24,2024-06-24T14:20:00+00:00,continuation_long,2024,10:00,15min,-0.001481945314130706,-1.645775283912026e-05,3024
HYP-OR-CONT-EVENT-01,QQQ,2024-06-24,2024-06-24T14:20:00+00:00,continuation_long,2024,10:00,60min,-0.003423084950949784,1.3990141093417914e-05,3024
HYP-OR-CONT-EVENT-01,QQQ,2024-06-24,2024-06-24T14:20:00+00:00,continuation_long,2024,10:00,session_close,-0.01083281152160298,0.10520893768050853,3024
HYP-OR-CONT-EVENT-01,QQQ,2024-06-25,2024-06-25T14:20:00+00:00,continuation_long,2024,10:00,30min,-0.00041927842183597797,-8.784715465694218e-06,3024
HYP-OR-CONT-EVENT-01,QQQ,2024-06-25,2024-06-25T14:20:00+00:00,continuation_long,2024,10:00,15min,0.0008595207647639214,-1.645775283912026e-05,3024
HYP-OR-CONT-EVENT-01,QQQ,2024-06-25,2024-06-25T14:20:00+00:00,continuation_long,2024,10:00,60min,0.0032703716903210722,1.3990141093417914e-05,3024
HYP-OR-CONT-EVENT-01,QQQ,2024-06-25,2024-06-25T14:20:00+00:00,continuation_long,2024,10:00,session_close,0.004926521456573241,0.10520893768050853,3024
HYP-OR-CONT-EVENT-01,QQQ,2024-06-26,2024-06-26T14:25:00+00:00,continuation_long,2024,10:00,30min,-0.001875806774838007,-8.784715465694218e-06,3024
HYP-OR-CONT-EVENT-01,QQQ,2024-06-26,2024-06-26T14:25:00+00:00,continuation_long,2024,10:00,15min,-0.0010610981523074825,-1.645775283912026e-05,3024
HYP-OR-CONT-EVENT-01,QQQ,2024-06-26,2024-06-26T14:25:00+00:00,continuation_long,2024,10:00,60min,-0.0026844805186831966,1.3990141093417914e-05,3024
HYP-OR-CONT-EVENT-01,QQQ,2024-06-26,2024-06-26T14:25:00+00:00,continuation_long,2024,10:00,session_close,-0.00031194079825624943,0.10520893768050853,3024
HYP-OR-CONT-EVENT-01,QQQ,2024-06-27,2024-06-27T14:30:00+00:00,continuation_long,2024,10:00,30min,-0.0025299131120005702,-8.784715465694218e-06,3024
HYP-OR-CONT-EVENT-01,QQQ,2024-06-27,2024-06-27T14:30:00+00:00,continuation_long,2024,10:00,15min,-0.002239595213902157,-1.645775283912026e-05,3024
HYP-OR-CONT-EVENT-01,QQQ,2024-06-27,2024-06-27T14:30:00+00:00,continuation_long,2024,10:00,60min,-0.005484934574788047,1.3990141093417914e-05,3024
HYP-OR-CONT-EVENT-01,QQQ,2024-06-27,2024-06-27T14:30:00+00:00,continuation_long,2024,10:00,session_close,-0.0013686415196069168,0.10520893768050853,3024
HYP-OR-CONT-EVENT-01,QQQ,2024-06-28,2024-06-28T14:20:00+00:00,continuation_long,2024,10:00,30min,-0.003764657477885347,-8.784715465694218e-06,3024
HYP-OR-CONT-EVENT-01,QQQ,2024-06-28,2024-06-28T14:20:00+00:00,continuation_long,2024,10:00,15min,-0.0014811767126106101,-1.645775283912026e-05,3024
HYP-OR-CONT-EVENT-01,QQQ,2024-06-28,2024-06-28T14:20:00+00:00,continuation_long,2024,10:00,60min,-0.005266406089282083,1.3990141093417914e-05,3024
HYP-OR-CONT-EVENT-01,QQQ,2024-06-28,2024-06-28T14:20:00+00:00,continuation_long,2024,10:00,session_close,-0.014647191935815651,0.10520893768050853,3024
HYP-OR-CONT-EVENT-01,QQQ,2024-07-01,2024-07-01T16:25:00+00:00,continuation_long,2024,12:00,30min,0.0002611443779108047,4.376911929566834e-05,3006
HYP-OR-CONT-EVENT-01,QQQ,2024-07-01,2024-07-01T16:25:00+00:00,continuation_long,2024,12:00,15min,0.00033266799733877583,1.6529748538503642e-05,3015
HYP-OR-CONT-EVENT-01,QQQ,2024-07-01,2024-07-01T16:25:00+00:00,continuation_long,2024,12:00,60min,-0.00012475049900195767,0.00014751432152188435,2988
HYP-OR-CONT-EVENT-01,QQQ,2024-07-01,2024-07-01T16:25:00+00:00,continuation_long,2024,12:00,session_close,0.002037591483699197,0.10514663012018967,3024
HYP-OR-CONT-EVENT-01,QQQ,2024-07-02,2024-07-02T15:00:00+00:00,continuation_long,2024,11:00,30min,0.0007653008459675981,6.780196379662428e-05,3024
HYP-OR-CONT-EVENT-01,QQQ,2024-07-02,2024-07-02T15:00:00+00:00,continuation_long,2024,11:00,15min,-0.00024820567977335006,5.26132053694773e-05,3024
HYP-OR-CONT-EVENT-01,QQQ,2024-07-02,2024-07-02T15:00:00+00:00,continuation_long,2024,11:00,60min,-0.0007239332326721692,7.464386680817631e-05,3024
HYP-OR-CONT-EVENT-01,QQQ,2024-07-02,2024-07-02T15:00:00+00:00,continuation_long,2024,11:00,session_close,0.007322067553312328,0.10521709285604981,3024
HYP-OR-CONT-EVENT-01,QQQ,2024-07-03,2024-07-03T14:20:00+00:00,continuation_long,2024,10:00,30min,0.0010761063398034842,-8.784715465694218e-06,3024
HYP-OR-CONT-EVENT-01,QQQ,2024-07-03,2024-07-03T14:20:00+00:00,continuation_long,2024,10:00,15min,-0.00044069116772915695,-1.645775283912026e-05,3024
HYP-OR-CONT-EVENT-01,QQQ,2024-07-03,2024-07-03T14:20:00+00:00,continuation_long,2024,10:00,60min,0.002972103224219591,1.3990141093417914e-05,3024
HYP-OR-CONT-EVENT-01,QQQ,2024-07-03,2024-07-03T14:20:00+00:00,continuation_long,2024,10:00,session_close,0.006436140775206489,0.10520893768050853,3024
HYP-OR-CONT-EVENT-01,QQQ,2024-07-05,2024-07-05T14:40:00+00:00,continuation_long,2024,10:00,30min,0.0019469815103585475,-8.784715465694218e-06,3024
HYP-OR-CONT-EVENT-01,QQQ,2024-07-05,2024-07-05T14:40:00+00:00,continuation_long,2024,10:00,15min,8.100609570860229e-05,-1.645775283912026e-05,3024
HYP-OR-CONT-EVENT-01,QQQ,2024-07-05,2024-07-05T14:40:00+00:00,continuation_long,2024,10:00,60min,0.0033212499240566906,1.3990141093417914e-05,3024
HYP-OR-CONT-EVENT-01,QQQ,2024-07-05,2024-07-05T14:40:00+00:00,continuation_long,2024,10:00,session_close,0.004941371838230735,0.10520893768050853,3024
HYP-OR-CONT-EVENT-01,QQQ,2024-07-08,2024-07-08T14:20:00+00:00,continuation_short,2024,10:00,30min,0.0006968542812808565,8.784715465694218e-06,3024
HYP-OR-CONT-EVENT-01,QQQ,2024-07-08,2024-07-08T14:20:00+00:00,continuation_short,2024,10:00,15min,0.0005116579005703947,1.645775283912026e-05,3024
HYP-OR-CONT-EVENT-01,QQQ,2024-07-08,2024-07-08T14:20:00+00:00,continuation_short,2024,10:00,60min,-0.001920480422384685,-1.3990141093417914e-05,3024
HYP-OR-CONT-EVENT-01,QQQ,2024-07-08,2024-07-08T14:20:00+00:00,continuation_short,2024,10:00,session_close,-0.002377929589101768,-0.10520893768050853,3024
HYP-OR-CONT-EVENT-01,QQQ,2024-07-09,2024-07-09T14:30:00+00:00,continuation_long,2024,10:00,30min,-0.0002849345854402108,-8.784715465694218e-06,3024
HYP-OR-CONT-EVENT-01,QQQ,2024-07-09,2024-07-09T14:30:00+00:00,continuation_long,2024,10:00,15min,0.0006421061080343904,-1.645775283912026e-05,3024
HYP-OR-CONT-EVENT-01,QQQ,2024-07-09,2024-07-09T14:30:00+00:00,continuation_long,2024,10:00,60min,-0.00046151376514969034,1.3990141093417914e-05,3024
HYP-OR-CONT-EVENT-01,QQQ,2024-07-09,2024-07-09T14:30:00+00:00,continuation_long,2024,10:00,session_close,-0.0011838831366883795,0.10520893768050853,3024
HYP-OR-CONT-EVENT-01,QQQ,2024-07-10,2024-07-10T15:20:00+00:00,continuation_short,2024,11:00,30min,-0.0015642177819121805,-6.780196379662428e-05,3024
HYP-OR-CONT-EVENT-01,QQQ,2024-07-10,2024-07-10T15:20:00+00:00,continuation_short,2024,11:00,15min,-0.0010430790025151015,-5.26132053694773e-05,3024
HYP-OR-CONT-EVENT-01,QQQ,2024-07-10,2024-07-10T15:20:00+00:00,continuation_short,2024,11:00,60min,-0.0035077188046546137,-7.464386680817631e-05,3024
HYP-OR-CONT-EVENT-01,QQQ,2024-07-10,2024-07-10T15:20:00+00:00,continuation_short,2024,11:00,session_close,-0.007735334431444807,-0.10521709285604981,3024
HYP-OR-CONT-EVENT-01,QQQ,2024-07-11,2024-07-11T14:25:00+00:00,continuation_short,2024,10:00,30min,0.003052530043004764,8.784715465694218e-06,3024
HYP-OR-CONT-EVENT-01,QQQ,2024-07-11,2024-07-11T14:25:00+00:00,continuation_short,2024,10:00,15min,0.000964591455327346,1.645775283912026e-05,3024
HYP-OR-CONT-EVENT-01,QQQ,2024-07-11,2024-07-11T14:25:00+00:00,continuation_short,2024,10:00,60min,0.006360274908564834,-1.3990141093417914e-05,3024
HYP-OR-CONT-EVENT-01,QQQ,2024-07-11,2024-07-11T14:25:00+00:00,continuation_short,2024,10:00,session_close,0.011474619187331614,-0.10520893768050853,3024
HYP-OR-CONT-EVENT-01,QQQ,2024-07-12,2024-07-12T14:20:00+00:00,continuation_long,2024,10:00,30min,0.005129862261178619,-8.784715465694218e-06,3024
HYP-OR-CONT-EVENT-01,QQQ,2024-07-12,2024-07-12T14:20:00+00:00,continuation_long,2024,10:00,15min,0.0033525871470696522,-1.645775283912026e-05,3024
HYP-OR-CONT-EVENT-01,QQQ,2024-07-12,2024-07-12T14:20:00+00:00,continuation_long,2024,10:00,60min,0.0035343539201033725,1.3990141093417914e-05,3024
HYP-OR-CONT-EVENT-01,QQQ,2024-07-12,2024-07-12T14:20:00+00:00,continuation_long,2024,10:00,session_close,-0.0006058892434462892,0.10520893768050853,3024
HYP-OR-CONT-EVENT-01,QQQ,2024-07-15,2024-07-15T14:20:00+00:00,continuation_long,2024,10:00,30min,0.003113512644878691,-8.784715465694218e-06,3024
HYP-OR-CONT-EVENT-01,QQQ,2024-07-15,2024-07-15T14:20:00+00:00,continuation_long,2024,10:00,15min,0.0019082819436353482,-1.645775283912026e-05,3024
HYP-OR-CONT-EVENT-01,QQQ,2024-07-15,2024-07-15T14:20:00+00:00,continuation_long,2024,10:00,60min,0.006026354378000587,1.3990141093417914e-05,3024
HYP-OR-CONT-EVENT-01,QQQ,2024-07-15,2024-07-15T14:20:00+00:00,continuation_long,2024,10:00,session_close,-0.003294297250065248,0.10520893768050853,3024
HYP-OR-CONT-EVENT-01,QQQ,2024-07-16,2024-07-16T14:20:00+00:00,continuation_short,2024,10:00,30min,-0.0005050811160272062,8.784715465694218e-06,3024
HYP-OR-CONT-EVENT-01,QQQ,2024-07-16,2024-07-16T14:20:00+00:00,continuation_short,2024,10:00,15min,-0.0004929591692424129,1.645775283912026e-05,3024
HYP-OR-CONT-EVENT-01,QQQ,2024-07-16,2024-07-16T14:20:00+00:00,continuation_short,2024,10:00,60min,-0.0012728044123886395,-1.3990141093417914e-05,3024
HYP-OR-CONT-EVENT-01,QQQ,2024-07-16,2024-07-16T14:20:00+00:00,continuation_short,2024,10:00,session_close,-0.0028486574943935583,-0.10520893768050853,3024
HYP-OR-CONT-EVENT-01,QQQ,2024-07-17,2024-07-17T14:20:00+00:00,continuation_short,2024,10:00,30min,0.0019973643027756394,8.784715465694218e-06,3024
HYP-OR-CONT-EVENT-01,QQQ,2024-07-17,2024-07-17T14:20:00+00:00,continuation_short,2024,10:00,15min,-4.118276912956631e-05,1.645775283912026e-05,3024
HYP-OR-CONT-EVENT-01,QQQ,2024-07-17,2024-07-17T14:20:00+00:00,continuation_short,2024,10:00,60min,0.0014208055349641535,-1.3990141093417914e-05,3024
HYP-OR-CONT-EVENT-01,QQQ,2024-07-17,2024-07-17T14:20:00+00:00,continuation_short,2024,10:00,session_close,0.00790709167284398,-0.10520893768050853,3024
HYP-OR-CONT-EVENT-01,QQQ,2024-07-18,2024-07-18T14:50:00+00:00,continuation_short,2024,10:00,30min,0.006112774451097813,8.784715465694218e-06,3024
HYP-OR-CONT-EVENT-01,QQQ,2024-07-18,2024-07-18T14:50:00+00:00,continuation_short,2024,10:00,15min,0.0014138389886892977,1.645775283912026e-05,3024
HYP-OR-CONT-EVENT-01,QQQ,2024-07-18,2024-07-18T14:50:00+00:00,continuation_short,2024,10:00,60min,0.007485029940119681,-1.3990141093417914e-05,3024
HYP-OR-CONT-EVENT-01,QQQ,2024-07-18,2024-07-18T14:50:00+00:00,continuation_short,2024,10:00,session_close,0.002973220226214268,-0.10520893768050853,3024
HYP-OR-CONT-EVENT-01,QQQ,2024-07-19,2024-07-19T14:45:00+00:00,continuation_short,2024,10:00,30min,-0.001320893175385196,8.784715465694218e-06,3024
HYP-OR-CONT-EVENT-01,QQQ,2024-07-19,2024-07-19T14:45:00+00:00,continuation_short,2024,10:00,15min,-0.0044449103679631286,1.645775283912026e-05,3024
HYP-OR-CONT-EVENT-01,QQQ,2024-07-19,2024-07-19T14:45:00+00:00,continuation_short,2024,10:00,60min,0.0008135024635705923,-1.3990141093417914e-05,3024
HYP-OR-CONT-EVENT-01,QQQ,2024-07-19,2024-07-19T14:45:00+00:00,continuation_short,2024,10:00,session_close,0.003585281476045643,-0.10520893768050853,3024
HYP-OR-CONT-EVENT-01,QQQ,2024-07-22,2024-07-22T15:35:00+00:00,continuation_short,2024,11:00,30min,-0.003033663200619152,-6.780196379662428e-05,3024
HYP-OR-CONT-EVENT-01,QQQ,2024-07-22,2024-07-22T15:35:00+00:00,continuation_short,2024,11:00,15min,-0.0025097809485949973,-5.26132053694773e-05,3024
HYP-OR-CONT-EVENT-01,QQQ,2024-07-22,2024-07-22T15:35:00+00:00,continuation_short,2024,11:00,60min,-0.004644433751072263,-7.464386680817631e-05,3024
HYP-OR-CONT-EVENT-01,QQQ,2024-07-22,2024-07-22T15:35:00+00:00,continuation_short,2024,11:00,session_close,-0.009121911417034445,-0.10521709285604981,3024
HYP-OR-CONT-EVENT-01,QQQ,2024-07-23,2024-07-23T14:40:00+00:00,continuation_long,2024,10:00,30min,0.003048527581916316,-8.784715465694218e-06,3024
HYP-OR-CONT-EVENT-01,QQQ,2024-07-23,2024-07-23T14:40:00+00:00,continuation_long,2024,10:00,15min,-0.0010783907092491996,-1.645775283912026e-05,3024
HYP-OR-CONT-EVENT-01,QQQ,2024-07-23,2024-07-23T14:40:00+00:00,continuation_long,2024,10:00,60min,0.002778929904603933,1.3990141093417914e-05,3024
HYP-OR-CONT-EVENT-01,QQQ,2024-07-23,2024-07-23T14:40:00+00:00,continuation_long,2024,10:00,session_close,-0.0032766486934880934,0.10520893768050853,3024
HYP-OR-CONT-EVENT-01,QQQ,2024-07-24,2024-07-24T14:20:00+00:00,continuation_short,2024,10:00,30min,0.0030681373299971115,8.784715465694218e-06,3024
HYP-OR-CONT-EVENT-01,QQQ,2024-07-24,2024-07-24T14:20:00+00:00,continuation_short,2024,10:00,15min,0.0011744880763928656,1.645775283912026e-05,3024
HYP-OR-CONT-EVENT-01,QQQ,2024-07-24,2024-07-24T14:20:00+00:00,continuation_short,2024,10:00,60min,0.005344771825903427,-1.3990141093417914e-05,3024
HYP-OR-CONT-EVENT-01,QQQ,2024-07-24,2024-07-24T14:20:00+00:00,continuation_short,2024,10:00,session_close,0.014174709356755133,-0.10520893768050853,3024
HYP-OR-CONT-EVENT-01,QQQ,2024-07-25,2024-07-25T14:20:00+00:00,continuation_short,2024,10:00,30min,-0.00998735226132852,8.784715465694218e-06,3024
HYP-OR-CONT-EVENT-01,QQQ,2024-07-25,2024-07-25T14:20:00+00:00,continuation_short,2024,10:00,15min,-0.004884643900737062,1.645775283912026e-05,3024
HYP-OR-CONT-EVENT-01,QQQ,2024-07-25,2024-07-25T14:20:00+00:00,continuation_short,2024,10:00,60min,-0.011382964804396156,-1.3990141093417914e-05,3024
HYP-OR-CONT-EVENT-01,QQQ,2024-07-25,2024-07-25T14:20:00+00:00,continuation_short,2024,10:00,session_close,0.0007196127175193023,-0.10520893768050853,3024
HYP-OR-CONT-EVENT-01,QQQ,2024-07-26,2024-07-26T14:20:00+00:00,continuation_long,2024,10:00,30min,-0.0010108986151122767,-8.784715465694218e-06,3024
HYP-OR-CONT-EVENT-01,QQQ,2024-07-26,2024-07-26T14:20:00+00:00,continuation_long,2024,10:00,15min,-0.0012929089583839648,-1.645775283912026e-05,3024
HYP-OR-CONT-EVENT-01,QQQ,2024-07-26,2024-07-26T14:20:00+00:00,continuation_long,2024,10:00,60min,0.0015271944743326937,1.3990141093417914e-05,3024
HYP-OR-CONT-EVENT-01,QQQ,2024-07-26,2024-07-26T14:20:00+00:00,continuation_long,2024,10:00,session_close,0.004390684113706467,0.10520893768050853,3024
HYP-OR-CONT-EVENT-01,QQQ,2024-07-29,2024-07-29T15:15:00+00:00,continuation_short,2024,11:00,30min,-0.002612939448907392,-6.780196379662428e-05,3024
HYP-OR-CONT-EVENT-01,QQQ,2024-07-29,2024-07-29T15:15:00+00:00,continuation_short,2024,11:00,15min,0.002602142178457223,-5.26132053694773e-05,3024
HYP-OR-CONT-EVENT-01,QQQ,2024-07-29,2024-07-29T15:15:00+00:00,continuation_short,2024,11:00,60min,-0.008033169214822555,-7.464386680817631e-05,3024
HYP-OR-CONT-EVENT-01,QQQ,2024-07-29,2024-07-29T15:15:00+00:00,continuation_short,2024,11:00,session_close,-0.001641185108404608,-0.10521709285604981,3024
HYP-OR-CONT-EVENT-01,QQQ,2024-07-30,2024-07-30T14:20:00+00:00,continuation_short,2024,10:00,30min,0.0040093119503362695,8.784715465694218e-06,3024
HYP-OR-CONT-EVENT-01,QQQ,2024-07-30,2024-07-30T14:20:00+00:00,continuation_short,2024,10:00,15min,0.0037614243835144556,1.645775283912026e-05,3024
HYP-OR-CONT-EVENT-01,QQQ,2024-07-30,2024-07-30T14:20:00+00:00,continuation_short,2024,10:00,60min,0.009290394895671628,-1.3990141093417914e-05,3024
HYP-OR-CONT-EVENT-01,QQQ,2024-07-30,2024-07-30T14:20:00+00:00,continuation_short,2024,10:00,session_close,0.014097258147956593,-0.10520893768050853,3024
HYP-OR-CONT-EVENT-01,QQQ,2024-07-31,2024-07-31T14:20:00+00:00,continuation_long,2024,10:00,30min,-0.0026156856073494827,-8.784715465694218e-06,3024
HYP-OR-CONT-EVENT-01,QQQ,2024-07-31,2024-07-31T14:20:00+00:00,continuation_long,2024,10:00,15min,0.0010420210956108011,-1.645775283912026e-05,3024
HYP-OR-CONT-EVENT-01,QQQ,2024-07-31,2024-07-31T14:20:00+00:00,continuation_long,2024,10:00,60min,-8.506294658050528e-05,1.3990141093417914e-05,3024
HYP-OR-CONT-EVENT-01,QQQ,2024-07-31,2024-07-31T14:20:00+00:00,continuation_long,2024,10:00,session_close,0.0017012589316094395,0.10520893768050853,3024
HYP-OR-CONT-EVENT-01,QQQ,2024-08-01,2024-08-01T14:40:00+00:00,continuation_short,2024,10:00,30min,0.00826129540518683,8.784715465694218e-06,3024
HYP-OR-CONT-EVENT-01,QQQ,2024-08-01,2024-08-01T14:40:00+00:00,continuation_short,2024,10:00,15min,0.0048758676489375485,1.645775283912026e-05,3024
HYP-OR-CONT-EVENT-01,QQQ,2024-08-01,2024-08-01T14:40:00+00:00,continuation_short,2024,10:00,60min,0.0141591789805392,-1.3990141093417914e-05,3024
HYP-OR-CONT-EVENT-01,QQQ,2024-08-01,2024-08-01T14:40:00+00:00,continuation_short,2024,10:00,session_close,0.02124941447004225,-0.10520893768050853,3024
HYP-OR-CONT-EVENT-01,QQQ,2024-08-02,2024-08-02T14:25:00+00:00,continuation_short,2024,10:00,30min,0.0013003609622670442,8.784715465694218e-06,3024
HYP-OR-CONT-EVENT-01,QQQ,2024-08-02,2024-08-02T14:25:00+00:00,continuation_short,2024,10:00,15min,-0.000156940116135873,1.645775283912026e-05,3024
HYP-OR-CONT-EVENT-01,QQQ,2024-08-02,2024-08-02T14:25:00+00:00,continuation_short,2024,10:00,60min,-0.0016310562069816736,-1.3990141093417914e-05,3024
HYP-OR-CONT-EVENT-01,QQQ,2024-08-02,2024-08-02T14:25:00+00:00,continuation_short,2024,10:00,session_close,-0.006008564446337683,-0.10520893768050853,3024
HYP-OR-CONT-EVENT-01,QQQ,2024-08-05,2024-08-05T14:20:00+00:00,continuation_long,2024,10:00,30min,0.0018588640275387647,-8.784715465694218e-06,3024
HYP-OR-CONT-EVENT-01,QQQ,2024-08-05,2024-08-05T14:20:00+00:00,continuation_long,2024,10:00,15min,6.884681583474439e-05,-1.645775283912026e-05,3024
HYP-OR-CONT-EVENT-01,QQQ,2024-08-05,2024-08-05T14:20:00+00:00,continuation_long,2024,10:00,60min,0.00943201376936309,1.3990141093417914e-05,3024
HYP-OR-CONT-EVENT-01,QQQ,2024-08-05,2024-08-05T14:20:00+00:00,continuation_long,2024,10:00,session_close,0.0,0.10520893768050853,3024
HYP-OR-CONT-EVENT-01,QQQ,2024-08-06,2024-08-06T14:20:00+00:00,continuation_long,2024,10:00,30min,0.005472173656365653,-8.784715465694218e-06,3024
HYP-OR-CONT-EVENT-01,QQQ,2024-08-06,2024-08-06T14:20:00+00:00,continuation_long,2024,10:00,15min,0.0008174201312411977,-1.645775283912026e-05,3024
HYP-OR-CONT-EVENT-01,QQQ,2024-08-06,2024-08-06T14:20:00+00:00,continuation_long,2024,10:00,60min,0.0033377988692353533,1.3990141093417914e-05,3024
HYP-OR-CONT-EVENT-01,QQQ,2024-08-06,2024-08-06T14:20:00+00:00,continuation_long,2024,10:00,session_close,-0.0018391952952929724,0.10520893768050853,3024
HYP-OR-CONT-EVENT-01,QQQ,2024-08-07,2024-08-07T14:35:00+00:00,continuation_short,2024,10:00,30min,-0.004226814560381653,8.784715465694218e-06,3024
HYP-OR-CONT-EVENT-01,QQQ,2024-08-07,2024-08-07T14:35:00+00:00,continuation_short,2024,10:00,15min,-0.0030173614750668154,1.645775283912026e-05,3024
HYP-OR-CONT-EVENT-01,QQQ,2024-08-07,2024-08-07T14:35:00+00:00,continuation_short,2024,10:00,60min,6.047265426634141e-06,-1.3990141093417914e-05,3024
HYP-OR-CONT-EVENT-01,QQQ,2024-08-07,2024-08-07T14:35:00+00:00,continuation_short,2024,10:00,session_close,0.02609910168991958,-0.10520893768050853,3024
HYP-OR-CONT-EVENT-01,QQQ,2024-08-08,2024-08-08T14:20:00+00:00,continuation_long,2024,10:00,30min,0.004127012764421956,-8.784715465694218e-06,3024
HYP-OR-CONT-EVENT-01,QQQ,2024-08-08,2024-08-08T14:20:00+00:00,continuation_long,2024,10:00,15min,0.0034166253213656628,-1.645775283912026e-05,3024
HYP-OR-CONT-EVENT-01,QQQ,2024-08-08,2024-08-08T14:20:00+00:00,continuation_long,2024,10:00,60min,0.0038338369942718664,1.3990141093417914e-05,3024
HYP-OR-CONT-EVENT-01,QQQ,2024-08-08,2024-08-08T14:20:00+00:00,continuation_long,2024,10:00,session_close,0.010779847548599397,0.10520893768050853,3024
HYP-OR-CONT-EVENT-01,QQQ,2024-08-09,2024-08-09T14:20:00+00:00,continuation_short,2024,10:00,30min,-0.001294296170668563,8.784715465694218e-06,3024
HYP-OR-CONT-EVENT-01,QQQ,2024-08-09,2024-08-09T14:20:00+00:00,continuation_short,2024,10:00,15min,0.002789431402302922,1.645775283912026e-05,3024
HYP-OR-CONT-EVENT-01,QQQ,2024-08-09,2024-08-09T14:20:00+00:00,continuation_short,2024,10:00,60min,-0.0013389270731054559,-1.3990141093417914e-05,3024
HYP-OR-CONT-EVENT-01,QQQ,2024-08-09,2024-08-09T14:20:00+00:00,continuation_short,2024,10:00,session_close,-0.005378023743640048,-0.10520893768050853,3024
HYP-OR-CONT-EVENT-01,QQQ,2024-08-12,2024-08-12T14:35:00+00:00,continuation_long,2024,10:00,30min,0.0011695390250898718,-8.784715465694218e-06,3024
HYP-OR-CONT-EVENT-01,QQQ,2024-08-12,2024-08-12T14:35:00+00:00,continuation_long,2024,10:00,15min,0.00017653419246643764,-1.645775283912026e-05,3024
HYP-OR-CONT-EVENT-01,QQQ,2024-08-12,2024-08-12T14:35:00+00:00,continuation_long,2024,10:00,60min,-0.0052298254518171605,1.3990141093417914e-05,3024
HYP-OR-CONT-EVENT-01,QQQ,2024-08-12,2024-08-12T14:35:00+00:00,continuation_long,2024,10:00,session_close,-0.0037292848158527736,0.10520893768050853,3024
HYP-OR-CONT-EVENT-01,QQQ,2024-08-13,2024-08-13T14:20:00+00:00,continuation_long,2024,10:00,30min,0.002711271455121844,-8.784715465694218e-06,3024
HYP-OR-CONT-EVENT-01,QQQ,2024-08-13,2024-08-13T14:20:00+00:00,continuation_long,2024,10:00,15min,0.0005903574942602852,-1.645775283912026e-05,3024
HYP-OR-CONT-EVENT-01,QQQ,2024-08-13,2024-08-13T14:20:00+00:00,continuation_long,2024,10:00,60min,0.004285339455559312,1.3990141093417914e-05,3024
HYP-OR-CONT-EVENT-01,QQQ,2024-08-13,2024-08-13T14:20:00+00:00,continuation_long,2024,10:00,session_close,0.01147917349950811,0.10520893768050853,3024
HYP-OR-CONT-EVENT-01,QQQ,2024-08-14,2024-08-14T14:30:00+00:00,continuation_short,2024,10:00,30min,-0.00382259675948049,8.784715465694218e-06,3024
HYP-OR-CONT-EVENT-01,QQQ,2024-08-14,2024-08-14T14:30:00+00:00,continuation_short,2024,10:00,15min,-0.001346596585726001,1.645775283912026e-05,3024
HYP-OR-CONT-EVENT-01,QQQ,2024-08-14,2024-08-14T14:30:00+00:00,continuation_short,2024,10:00,60min,-0.006580947830241879,-1.3990141093417914e-05,3024
HYP-OR-CONT-EVENT-01,QQQ,2024-08-14,2024-08-14T14:30:00+00:00,continuation_short,2024,10:00,session_close,-0.005190912644976287,-0.10520893768050853,3024
HYP-OR-CONT-EVENT-01,QQQ,2024-08-15,2024-08-15T14:20:00+00:00,continuation_long,2024,10:00,30min,0.001676712793955204,-8.784715465694218e-06,3024
HYP-OR-CONT-EVENT-01,QQQ,2024-08-15,2024-08-15T14:20:00+00:00,continuation_long,2024,10:00,15min,0.0022497665336616013,-1.645775283912026e-05,3024
HYP-OR-CONT-EVENT-01,QQQ,2024-08-15,2024-08-15T14:20:00+00:00,continuation_long,2024,10:00,60min,0.00335342558791063,1.3990141093417914e-05,3024
HYP-OR-CONT-EVENT-01,QQQ,2024-08-15,2024-08-15T14:20:00+00:00,continuation_long,2024,10:00,session_close,0.007067662789710383,0.10520893768050853,3024
HYP-OR-CONT-EVENT-01,QQQ,2024-08-16,2024-08-16T14:20:00+00:00,continuation_long,2024,10:00,30min,-0.003149954699648183,-8.784715465694218e-06,3024
HYP-OR-CONT-EVENT-01,QQQ,2024-08-16,2024-08-16T14:20:00+00:00,continuation_long,2024,10:00,15min,-0.0008006573818503115,-1.645775283912026e-05,3024
HYP-OR-CONT-EVENT-01,QQQ,2024-08-16,2024-08-16T14:20:00+00:00,continuation_long,2024,10:00,60min,-0.00312888476854678,1.3990141093417914e-05,3024
HYP-OR-CONT-EVENT-01,QQQ,2024-08-16,2024-08-16T14:20:00+00:00,continuation_long,2024,10:00,session_close,0.0008638671751541871,0.10520893768050853,3024
HYP-OR-CONT-EVENT-01,QQQ,2024-08-19,2024-08-19T14:50:00+00:00,continuation_long,2024,10:00,30min,0.0021450201884254394,-8.784715465694218e-06,3024
HYP-OR-CONT-EVENT-01,QQQ,2024-08-19,2024-08-19T14:50:00+00:00,continuation_long,2024,10:00,15min,0.0027963072005383616,-1.645775283912026e-05,3024
HYP-OR-CONT-EVENT-01,QQQ,2024-08-19,2024-08-19T14:50:00+00:00,continuation_long,2024,10:00,60min,0.0027180770524899422,1.3990141093417914e-05,3024
HYP-OR-CONT-EVENT-01,QQQ,2024-08-19,2024-08-19T14:50:00+00:00,continuation_long,2024,10:00,session_close,0.012070995962314868,0.10520893768050853,3024
HYP-OR-CONT-EVENT-01,QQQ,2024-08-20,2024-08-20T14:35:00+00:00,continuation_short,2024,10:00,30min,0.001519693563160951,8.784715465694218e-06,3024
HYP-OR-CONT-EVENT-01,QQQ,2024-08-20,2024-08-20T14:35:00+00:00,continuation_short,2024,10:00,15min,0.0005370971771172517,1.645775283912026e-05,3024
HYP-OR-CONT-EVENT-01,QQQ,2024-08-20,2024-08-20T14:35:00+00:00,continuation_short,2024,10:00,60min,9.367974019491854e-05,-1.3990141093417914e-05,3024
HYP-OR-CONT-EVENT-01,QQQ,2024-08-20,2024-08-20T14:35:00+00:00,continuation_short,2024,10:00,session_close,0.000333083520692834,-0.10520893768050853,3024
HYP-OR-CONT-EVENT-01,QQQ,2024-08-21,2024-08-21T14:20:00+00:00,continuation_long,2024,10:00,30min,-0.004202878272000388,-8.784715465694218e-06,3024
HYP-OR-CONT-EVENT-01,QQQ,2024-08-21,2024-08-21T14:20:00+00:00,continuation_long,2024,10:00,15min,0.001611707944009888,-1.645775283912026e-05,3024
HYP-OR-CONT-EVENT-01,QQQ,2024-08-21,2024-08-21T14:20:00+00:00,continuation_long,2024,10:00,60min,-0.001570249218762254,1.3990141093417914e-05,3024
HYP-OR-CONT-EVENT-01,QQQ,2024-08-21,2024-08-21T14:20:00+00:00,continuation_long,2024,10:00,session_close,0.00025393469214285425,0.10520893768050853,3024
HYP-OR-CONT-EVENT-01,QQQ,2024-08-22,2024-08-22T14:25:00+00:00,continuation_short,2024,10:00,30min,0.0020291115390190795,8.784715465694218e-06,3024
HYP-OR-CONT-EVENT-01,QQQ,2024-08-22,2024-08-22T14:25:00+00:00,continuation_short,2024,10:00,15min,0.001573596703729141,1.645775283912026e-05,3024
HYP-OR-CONT-EVENT-01,QQQ,2024-08-22,2024-08-22T14:25:00+00:00,continuation_short,2024,10:00,60min,0.00543512019380088,-1.3990141093417914e-05,3024
HYP-OR-CONT-EVENT-01,QQQ,2024-08-22,2024-08-22T14:25:00+00:00,continuation_short,2024,10:00,session_close,0.01685404890572917,-0.10520893768050853,3024
HYP-OR-CONT-EVENT-01,QQQ,2024-08-23,2024-08-23T14:20:00+00:00,continuation_long,2024,10:00,30min,-0.007229303998835479,-8.784715465694218e-06,3024
HYP-OR-CONT-EVENT-01,QQQ,2024-08-23,2024-08-23T14:20:00+00:00,continuation_long,2024,10:00,15min,-0.0005822537378610271,-1.645775283912026e-05,3024
HYP-OR-CONT-EVENT-01,QQQ,2024-08-23,2024-08-23T14:20:00+00:00,continuation_long,2024,10:00,60min,-0.0023290149514442193,1.3990141093417914e-05,3024
HYP-OR-CONT-EVENT-01,QQQ,2024-08-23,2024-08-23T14:20:00+00:00,continuation_long,2024,10:00,session_close,-0.0018091455426396674,0.10520893768050853,3024
HYP-OR-CONT-EVENT-01,QQQ,2024-08-26,2024-08-26T14:20:00+00:00,continuation_short,2024,10:00,30min,0.002499947480094966,8.784715465694218e-06,3024
HYP-OR-CONT-EVENT-01,QQQ,2024-08-26,2024-08-26T14:20:00+00:00,continuation_short,2024,10:00,15min,0.005630133820718086,1.645775283912026e-05,3024
HYP-OR-CONT-EVENT-01,QQQ,2024-08-26,2024-08-26T14:20:00+00:00,continuation_short,2024,10:00,60min,-8.403184807037611e-05,-1.3990141093417914e-05,3024
HYP-OR-CONT-EVENT-01,QQQ,2024-08-26,2024-08-26T14:20:00+00:00,continuation_short,2024,10:00,session_close,0.001428541417197171,-0.10520893768050853,3024
HYP-OR-CONT-EVENT-01,QQQ,2024-08-27,2024-08-27T14:30:00+00:00,continuation_long,2024,10:00,30min,0.002414546065339751,-8.784715465694218e-06,3024
HYP-OR-CONT-EVENT-01,QQQ,2024-08-27,2024-08-27T14:30:00+00:00,continuation_long,2024,10:00,15min,0.0006720836482740911,-1.645775283912026e-05,3024
HYP-OR-CONT-EVENT-01,QQQ,2024-08-27,2024-08-27T14:30:00+00:00,continuation_long,2024,10:00,60min,-0.001679684219366706,1.3990141093417914e-05,3024
HYP-OR-CONT-EVENT-01,QQQ,2024-08-27,2024-08-27T14:30:00+00:00,continuation_long,2024,10:00,session_close,0.0011547829008147215,0.10520893768050853,3024
HYP-OR-CONT-EVENT-01,QQQ,2024-08-28,2024-08-28T14:20:00+00:00,continuation_short,2024,10:00,30min,0.003937919851748961,8.784715465694218e-06,3024
HYP-OR-CONT-EVENT-01,QQQ,2024-08-28,2024-08-28T14:20:00+00:00,continuation_short,2024,10:00,15min,0.0008212774022363645,1.645775283912026e-05,3024
HYP-OR-CONT-EVENT-01,QQQ,2024-08-28,2024-08-28T14:20:00+00:00,continuation_short,2024,10:00,60min,0.010413376292458976,-1.3990141093417914e-05,3024
HYP-OR-CONT-EVENT-01,QQQ,2024-08-28,2024-08-28T14:20:00+00:00,continuation_short,2024,10:00,session_close,0.007559963779560808,-0.10520893768050853,3024
HYP-OR-CONT-EVENT-01,QQQ,2024-08-29,2024-08-29T14:20:00+00:00,continuation_long,2024,10:00,30min,0.006553518752633769,-8.784715465694218e-06,3024
HYP-OR-CONT-EVENT-01,QQQ,2024-08-29,2024-08-29T14:20:00+00:00,continuation_long,2024,10:00,15min,0.0038980193847448774,-1.645775283912026e-05,3024
HYP-OR-CONT-EVENT-01,QQQ,2024-08-29,2024-08-29T14:20:00+00:00,continuation_long,2024,10:00,60min,0.0035608933839021972,1.3990141093417914e-05,3024
HYP-OR-CONT-EVENT-01,QQQ,2024-08-29,2024-08-29T14:20:00+00:00,continuation_long,2024,10:00,session_close,-0.008259587020648995,0.10520893768050853,3024
HYP-OR-CONT-EVENT-01,QQQ,2024-08-30,2024-08-30T14:20:00+00:00,continuation_long,2024,10:00,30min,-0.0017456778698523578,-8.784715465694218e-06,3024
HYP-OR-CONT-EVENT-01,QQQ,2024-08-30,2024-08-30T14:20:00+00:00,continuation_long,2024,10:00,15min,0.00010516131746096669,-1.645775283912026e-05,3024
HYP-OR-CONT-EVENT-01,QQQ,2024-08-30,2024-08-30T14:20:00+00:00,continuation_long,2024,10:00,60min,-0.005825936987338576,1.3990141093417914e-05,3024
HYP-OR-CONT-EVENT-01,QQQ,2024-08-30,2024-08-30T14:20:00+00:00,continuation_long,2024,10:00,session_close,0.001956000504774291,0.10520893768050853,3024
HYP-OR-CONT-EVENT-01,QQQ,2024-09-03,2024-09-03T14:20:00+00:00,continuation_short,2024,10:00,30min,0.007077019691974051,8.784715465694218e-06,3024
HYP-OR-CONT-EVENT-01,QQQ,2024-09-03,2024-09-03T14:20:00+00:00,continuation_short,2024,10:00,15min,0.0033678675295490956,1.645775283912026e-05,3024
HYP-OR-CONT-EVENT-01,QQQ,2024-09-03,2024-09-03T14:20:00+00:00,continuation_short,2024,10:00,60min,0.00582017135003976,-1.3990141093417914e-05,3024
HYP-OR-CONT-EVENT-01,QQQ,2024-09-03,2024-09-03T14:20:00+00:00,continuation_short,2024,10:00,session_close,0.01549722144000798,-0.10520893768050853,3024
HYP-OR-CONT-EVENT-01,QQQ,2024-09-04,2024-09-04T14:20:00+00:00,continuation_short,2024,10:00,30min,-0.005768729358595515,8.784715465694218e-06,3024
HYP-OR-CONT-EVENT-01,QQQ,2024-09-04,2024-09-04T14:20:00+00:00,continuation_short,2024,10:00,15min,-0.005106031635668362,1.645775283912026e-05,3024
HYP-OR-CONT-EVENT-01,QQQ,2024-09-04,2024-09-04T14:20:00+00:00,continuation_short,2024,10:00,60min,-0.005779375977750689,-1.3990141093417914e-05,3024
HYP-OR-CONT-EVENT-01,QQQ,2024-09-04,2024-09-04T14:20:00+00:00,continuation_short,2024,10:00,session_close,-0.0008256561793846817,-0.10520893768050853,3024
HYP-OR-CONT-EVENT-01,QQQ,2024-09-05,2024-09-05T14:35:00+00:00,continuation_long,2024,10:00,30min,-0.006677149072737754,-8.784715465694218e-06,3024
HYP-OR-CONT-EVENT-01,QQQ,2024-09-05,2024-09-05T14:35:00+00:00,continuation_long,2024,10:00,15min,-0.0050832489715035845,-1.645775283912026e-05,3024
HYP-OR-CONT-EVENT-01,QQQ,2024-09-05,2024-09-05T14:35:00+00:00,continuation_long,2024,10:00,60min,-0.011415770995325869,1.3990141093417914e-05,3024
HYP-OR-CONT-EVENT-01,QQQ,2024-09-05,2024-09-05T14:35:00+00:00,continuation_long,2024,10:00,session_close,-0.006741766644409508,0.10520893768050853,3024
HYP-OR-CONT-EVENT-01,QQQ,2024-09-06,2024-09-06T14:20:00+00:00,continuation_short,2024,10:00,30min,0.012631301945132734,8.784715465694218e-06,3024
HYP-OR-CONT-EVENT-01,QQQ,2024-09-06,2024-09-06T14:20:00+00:00,continuation_short,2024,10:00,15min,0.007105107344137163,1.645775283912026e-05,3024
HYP-OR-CONT-EVENT-01,QQQ,2024-09-06,2024-09-06T14:20:00+00:00,continuation_short,2024,10:00,60min,0.012521655226858996,-1.3990141093417914e-05,3024
HYP-OR-CONT-EVENT-01,QQQ,2024-09-06,2024-09-06T14:20:00+00:00,continuation_short,2024,10:00,session_close,0.015657551369487432,-0.10520893768050853,3024
HYP-OR-CONT-EVENT-01,QQQ,2024-09-09,2024-09-09T14:50:00+00:00,continuation_short,2024,10:00,30min,0.0012849768482618984,8.784715465694218e-06,3024
HYP-OR-CONT-EVENT-01,QQQ,2024-09-09,2024-09-09T14:50:00+00:00,continuation_short,2024,10:00,15min,0.0012849768482618984,1.645775283912026e-05,3024
HYP-OR-CONT-EVENT-01,QQQ,2024-09-09,2024-09-09T14:50:00+00:00,continuation_short,2024,10:00,60min,-0.003301061213638601,-1.3990141093417914e-05,3024
HYP-OR-CONT-EVENT-01,QQQ,2024-09-09,2024-09-09T14:50:00+00:00,continuation_short,2024,10:00,session_close,-0.006956598799211289,-0.10520893768050853,3024
HYP-OR-CONT-EVENT-01,QQQ,2024-09-10,2024-09-10T14:30:00+00:00,continuation_short,2024,10:00,30min,0.0031520882584712417,8.784715465694218e-06,3024
HYP-OR-CONT-EVENT-01,QQQ,2024-09-10,2024-09-10T14:30:00+00:00,continuation_short,2024,10:00,15min,0.002998861745906578,1.645775283912026e-05,3024
HYP-OR-CONT-EVENT-01,QQQ,2024-09-10,2024-09-10T14:30:00+00:00,continuation_short,2024,10:00,60min,0.0007223535592330022,-1.3990141093417914e-05,3024
HYP-OR-CONT-EVENT-01,QQQ,2024-09-10,2024-09-10T14:30:00+00:00,continuation_short,2024,10:00,session_close,-0.0040057788284739715,-0.10520893768050853,3024
HYP-OR-CONT-EVENT-01,QQQ,2024-09-11,2024-09-11T14:20:00+00:00,continuation_short,2024,10:00,30min,0.0052842485358228775,8.784715465694218e-06,3024
HYP-OR-CONT-EVENT-01,QQQ,2024-09-11,2024-09-11T14:20:00+00:00,continuation_short,2024,10:00,15min,0.0029723898014003547,1.645775283912026e-05,3024
HYP-OR-CONT-EVENT-01,QQQ,2024-09-11,2024-09-11T14:20:00+00:00,continuation_short,2024,10:00,60min,-0.00020278303756215976,-1.3990141093417914e-05,3024
HYP-OR-CONT-EVENT-01,QQQ,2024-09-11,2024-09-11T14:20:00+00:00,continuation_short,2024,10:00,session_close,-0.031419261085912975,-0.10520893768050853,3024
HYP-OR-CONT-EVENT-01,QQQ,2024-09-12,2024-09-12T14:30:00+00:00,continuation_long,2024,10:00,30min,-0.0012326263442004048,-8.784715465694218e-06,3024
HYP-OR-CONT-EVENT-01,QQQ,2024-09-12,2024-09-12T14:30:00+00:00,continuation_long,2024,10:00,15min,-0.0015939133761210256,-1.645775283912026e-05,3024
HYP-OR-CONT-EVENT-01,QQQ,2024-09-12,2024-09-12T14:30:00+00:00,continuation_long,2024,10:00,60min,-0.0028265397203214304,1.3990141093417914e-05,3024
HYP-OR-CONT-EVENT-01,QQQ,2024-09-12,2024-09-12T14:30:00+00:00,continuation_long,2024,10:00,session_close,0.00573808815403587,0.10520893768050853,3024
HYP-OR-CONT-EVENT-01,QQQ,2024-09-13,2024-09-13T14:20:00+00:00,continuation_long,2024,10:00,30min,0.00038975266506557915,-8.784715465694218e-06,3024
HYP-OR-CONT-EVENT-01,QQQ,2024-09-13,2024-09-13T14:20:00+00:00,continuation_long,2024,10:00,15min,-0.0008427084650065586,-1.645775283912026e-05,3024
HYP-OR-CONT-EVENT-01,QQQ,2024-09-13,2024-09-13T14:20:00+00:00,continuation_long,2024,10:00,60min,0.0013061981207600493,1.3990141093417914e-05,3024
HYP-OR-CONT-EVENT-01,QQQ,2024-09-13,2024-09-13T14:20:00+00:00,continuation_long,2024,10:00,session_close,0.001432604390511072,0.10520893768050853,3024
HYP-OR-CONT-EVENT-01,QQQ,2024-09-16,2024-09-16T14:50:00+00:00,continuation_short,2024,10:00,30min,-0.0026956466368093235,8.784715465694218e-06,3024
HYP-OR-CONT-EVENT-01,QQQ,2024-09-16,2024-09-16T14:50:00+00:00,continuation_short,2024,10:00,15min,0.000445736845456679,1.645775283912026e-05,3024
HYP-OR-CONT-EVENT-01,QQQ,2024-09-16,2024-09-16T14:50:00+00:00,continuation_short,2024,10:00,60min,-0.0009339248190520788,-1.3990141093417914e-05,3024
HYP-OR-CONT-EVENT-01,QQQ,2024-09-16,2024-09-16T14:50:00+00:00,continuation_short,2024,10:00,session_close,-0.004436142890497319,-0.10520893768050853,3024
HYP-OR-CONT-EVENT-01,QQQ,2024-09-17,2024-09-17T16:35:00+00:00,continuation_short,2024,12:00,30min,0.0020273266741283047,-4.376911929566834e-05,3006
HYP-OR-CONT-EVENT-01,QQQ,2024-09-17,2024-09-17T16:35:00+00:00,continuation_short,2024,12:00,15min,0.0020273266741283047,-1.6529748538503642e-05,3015
HYP-OR-CONT-EVENT-01,QQQ,2024-09-17,2024-09-17T16:35:00+00:00,continuation_short,2024,12:00,60min,0.0013726691022744042,-0.00014751432152188435,2988
HYP-OR-CONT-EVENT-01,QQQ,2024-09-17,2024-09-17T16:35:00+00:00,continuation_short,2024,12:00,session_close,4.223597237762444e-05,-0.10514663012018967,3024
HYP-OR-CONT-EVENT-01,QQQ,2024-09-18,2024-09-18T14:30:00+00:00,continuation_short,2024,10:00,30min,7.237061010523238e-05,8.784715465694218e-06,3024
HYP-OR-CONT-EVENT-01,QQQ,2024-09-18,2024-09-18T14:30:00+00:00,continuation_short,2024,10:00,15min,-0.0006977539580710346,1.645775283912026e-05,3024
HYP-OR-CONT-EVENT-01,QQQ,2024-09-18,2024-09-18T14:30:00+00:00,continuation_short,2024,10:00,60min,0.003163418534429696,-1.3990141093417914e-05,3024
HYP-OR-CONT-EVENT-01,QQQ,2024-09-18,2024-09-18T14:30:00+00:00,continuation_short,2024,10:00,session_close,0.005526540497053145,-0.10520893768050853,3024
HYP-OR-CONT-EVENT-01,QQQ,2024-09-19,2024-09-19T14:35:00+00:00,continuation_long,2024,10:00,30min,-0.0032788913635239947,-8.784715465694218e-06,3024
HYP-OR-CONT-EVENT-01,QQQ,2024-09-19,2024-09-19T14:35:00+00:00,continuation_long,2024,10:00,15min,-0.003340551018724769,-1.645775283912026e-05,3024
HYP-OR-CONT-EVENT-01,QQQ,2024-09-19,2024-09-19T14:35:00+00:00,continuation_long,2024,10:00,60min,-0.0005980367895735972,1.3990141093417914e-05,3024
HYP-OR-CONT-EVENT-01,QQQ,2024-09-19,2024-09-19T14:35:00+00:00,continuation_long,2024,10:00,session_close,-0.003113915697434577,0.10520893768050853,3024
HYP-OR-CONT-EVENT-01,QQQ,2024-09-20,2024-09-20T14:20:00+00:00,continuation_short,2024,10:00,30min,0.0024303608151056144,8.784715465694218e-06,3024
HYP-OR-CONT-EVENT-01,QQQ,2024-09-20,2024-09-20T14:20:00+00:00,continuation_short,2024,10:00,15min,-0.0009555264743150715,1.645775283912026e-05,3024
HYP-OR-CONT-EVENT-01,QQQ,2024-09-20,2024-09-20T14:20:00+00:00,continuation_short,2024,10:00,60min,0.003822105897260175,-1.3990141093417914e-05,3024
HYP-OR-CONT-EVENT-01,QQQ,2024-09-20,2024-09-20T14:20:00+00:00,continuation_short,2024,10:00,session_close,-0.0020980037805613527,-0.10520893768050853,3024
HYP-OR-CONT-EVENT-01,QQQ,2024-09-23,2024-09-23T14:40:00+00:00,continuation_long,2024,10:00,30min,0.0006838386140870512,-8.784715465694218e-06,3024
HYP-OR-CONT-EVENT-01,QQQ,2024-09-23,2024-09-23T14:40:00+00:00,continuation_long,2024,10:00,15min,0.0018028472553204278,-1.645775283912026e-05,3024
HYP-OR-CONT-EVENT-01,QQQ,2024-09-23,2024-09-23T14:40:00+00:00,continuation_long,2024,10:00,60min,0.0022172949002217113,1.3990141093417914e-05,3024
HYP-OR-CONT-EVENT-01,QQQ,2024-09-23,2024-09-23T14:40:00+00:00,continuation_long,2024,10:00,session_close,0.0009325072010277768,0.10520893768050853,3024
HYP-OR-CONT-EVENT-01,QQQ,2024-09-24,2024-09-24T14:20:00+00:00,continuation_short,2024,10:00,30min,-0.0019730420154104866,8.784715465694218e-06,3024
HYP-OR-CONT-EVENT-01,QQQ,2024-09-24,2024-09-24T14:20:00+00:00,continuation_short,2024,10:00,15min,0.001827659972169715,1.645775283912026e-05,3024
HYP-OR-CONT-EVENT-01,QQQ,2024-09-24,2024-09-24T14:20:00+00:00,continuation_short,2024,10:00,60min,-0.005046833786786831,-1.3990141093417914e-05,3024
HYP-OR-CONT-EVENT-01,QQQ,2024-09-24,2024-09-24T14:20:00+00:00,continuation_short,2024,10:00,session_close,-0.008016781241562576,-0.10520893768050853,3024
HYP-OR-CONT-EVENT-01,QQQ,2024-09-25,2024-09-25T14:20:00+00:00,continuation_long,2024,10:00,30min,-0.002173556430446144,-8.784715465694218e-06,3024
HYP-OR-CONT-EVENT-01,QQQ,2024-09-25,2024-09-25T14:20:00+00:00,continuation_long,2024,10:00,15min,-0.0011893044619422088,-1.645775283912026e-05,3024
HYP-OR-CONT-EVENT-01,QQQ,2024-09-25,2024-09-25T14:20:00+00:00,continuation_long,2024,10:00,60min,-0.0026451771653543954,1.3990141093417914e-05,3024
HYP-OR-CONT-EVENT-01,QQQ,2024-09-25,2024-09-25T14:20:00+00:00,continuation_long,2024,10:00,session_close,-0.003588418635170565,0.10520893768050853,3024
HYP-OR-CONT-EVENT-01,QQQ,2024-09-26,2024-09-26T14:25:00+00:00,continuation_short,2024,10:00,30min,0.00813021226270827,8.784715465694218e-06,3024
HYP-OR-CONT-EVENT-01,QQQ,2024-09-26,2024-09-26T14:25:00+00:00,continuation_short,2024,10:00,15min,0.0027526864180413835,1.645775283912026e-05,3024
HYP-OR-CONT-EVENT-01,QQQ,2024-09-26,2024-09-26T14:25:00+00:00,continuation_short,2024,10:00,60min,0.006096690659217474,-1.3990141093417914e-05,3024
HYP-OR-CONT-EVENT-01,QQQ,2024-09-26,2024-09-26T14:25:00+00:00,continuation_short,2024,10:00,session_close,0.002018636706563659,-0.10520893768050853,3024
HYP-OR-CONT-EVENT-01,QQQ,2024-09-27,2024-09-27T14:30:00+00:00,continuation_short,2024,10:00,30min,0.0009294144116503977,8.784715465694218e-06,3024
HYP-OR-CONT-EVENT-01,QQQ,2024-09-27,2024-09-27T14:30:00+00:00,continuation_short,2024,10:00,15min,0.0003920967049150237,1.645775283912026e-05,3024
HYP-OR-CONT-EVENT-01,QQQ,2024-09-27,2024-09-27T14:30:00+00:00,continuation_short,2024,10:00,60min,0.0030475956720050768,-1.3990141093417914e-05,3024
HYP-OR-CONT-EVENT-01,QQQ,2024-09-27,2024-09-27T14:30:00+00:00,continuation_short,2024,10:00,session_close,0.004356630054611399,-0.10520893768050853,3024
HYP-OR-CONT-EVENT-01,QQQ,2024-09-30,2024-09-30T14:25:00+00:00,continuation_short,2024,10:00,30min,-0.001851890041451032,8.784715465694218e-06,3024
HYP-OR-CONT-EVENT-01,QQQ,2024-09-30,2024-09-30T14:25:00+00:00,continuation_short,2024,10:00,15min,-0.0015571961807345769,1.645775283912026e-05,3024
HYP-OR-CONT-EVENT-01,QQQ,2024-09-30,2024-09-30T14:25:00+00:00,continuation_short,2024,10:00,60min,-0.004103854323482592,-1.3990141093417914e-05,3024
HYP-OR-CONT-EVENT-01,QQQ,2024-09-30,2024-09-30T14:25:00+00:00,continuation_short,2024,10:00,session_close,-0.0064754284300179155,-0.10520893768050853,3024
HYP-OR-CONT-EVENT-01,QQQ,2024-10-01,2024-10-01T14:25:00+00:00,continuation_short,2024,10:00,30min,0.0016225661507739408,8.784715465694218e-06,3024
HYP-OR-CONT-EVENT-01,QQQ,2024-10-01,2024-10-01T14:25:00+00:00,continuation_short,2024,10:00,15min,0.0005200532534531677,1.645775283912026e-05,3024
HYP-OR-CONT-EVENT-01,QQQ,2024-10-01,2024-10-01T14:25:00+00:00,continuation_short,2024,10:00,60min,0.003130720585788116,-1.3990141093417914e-05,3024
HYP-OR-CONT-EVENT-01,QQQ,2024-10-01,2024-10-01T14:25:00+00:00,continuation_short,2024,10:00,session_close,-0.0009360958562156796,-0.10520893768050853,3024
HYP-OR-CONT-EVENT-01,QQQ,2024-10-02,2024-10-02T14:20:00+00:00,continuation_long,2024,10:00,30min,-0.00039505588494181954,-8.784715465694218e-06,3024
HYP-OR-CONT-EVENT-01,QQQ,2024-10-02,2024-10-02T14:20:00+00:00,continuation_long,2024,10:00,15min,0.0005314466975570031,-1.645775283912026e-05,3024
HYP-OR-CONT-EVENT-01,QQQ,2024-10-02,2024-10-02T14:20:00+00:00,continuation_long,2024,10:00,60min,0.0028772856359922105,1.3990141093417914e-05,3024
HYP-OR-CONT-EVENT-01,QQQ,2024-10-02,2024-10-02T14:20:00+00:00,continuation_long,2024,10:00,session_close,0.0004899274243104212,0.10520893768050853,3024
HYP-OR-CONT-EVENT-01,QQQ,2024-10-03,2024-10-03T16:00:00+00:00,continuation_long,2024,12:00,30min,-0.0013774104683196287,4.376911929566834e-05,3006
HYP-OR-CONT-EVENT-01,QQQ,2024-10-03,2024-10-03T16:00:00+00:00,continuation_long,2024,12:00,15min,-0.00035191283995117395,1.6529748538503642e-05,3015
HYP-OR-CONT-EVENT-01,QQQ,2024-10-03,2024-10-03T16:00:00+00:00,continuation_long,2024,12:00,60min,-0.007021686447523878,0.00014751432152188435,2988
HYP-OR-CONT-EVENT-01,QQQ,2024-10-03,2024-10-03T16:00:00+00:00,continuation_long,2024,12:00,session_close,-0.0024027009672943356,0.10514663012018967,3024
HYP-OR-CONT-EVENT-01,QQQ,2024-10-04,2024-10-04T14:20:00+00:00,continuation_short,2024,10:00,30min,-0.00041279669762639415,8.784715465694218e-06,3024
HYP-OR-CONT-EVENT-01,QQQ,2024-10-04,2024-10-04T14:20:00+00:00,continuation_short,2024,10:00,15min,0.0026406604747162277,1.645775283912026e-05,3024
HYP-OR-CONT-EVENT-01,QQQ,2024-10-04,2024-10-04T14:20:00+00:00,continuation_short,2024,10:00,60min,0.001135190918472695,-1.3990141093417914e-05,3024
HYP-OR-CONT-EVENT-01,QQQ,2024-10-04,2024-10-04T14:20:00+00:00,continuation_short,2024,10:00,session_close,-0.006171310629514926,-0.10520893768050853,3024
HYP-OR-CONT-EVENT-01,QQQ,2024-10-07,2024-10-07T14:35:00+00:00,continuation_long,2024,10:00,30min,-0.001563078441857657,-8.784715465694218e-06,3024
HYP-OR-CONT-EVENT-01,QQQ,2024-10-07,2024-10-07T14:35:00+00:00,continuation_long,2024,10:00,15min,-0.0007198387561186959,-1.645775283912026e-05,3024
HYP-OR-CONT-EVENT-01,QQQ,2024-10-07,2024-10-07T14:35:00+00:00,continuation_long,2024,10:00,60min,-0.0011264448192176424,1.3990141093417914e-05,3024
HYP-OR-CONT-EVENT-01,QQQ,2024-10-07,2024-10-07T14:35:00+00:00,continuation_long,2024,10:00,session_close,-0.0085557977870101,0.10520893768050853,3024
HYP-OR-CONT-EVENT-01,QQQ,2024-10-08,2024-10-08T14:20:00+00:00,continuation_long,2024,10:00,30min,0.002981146816340763,-8.784715465694218e-06,3024
HYP-OR-CONT-EVENT-01,QQQ,2024-10-08,2024-10-08T14:20:00+00:00,continuation_long,2024,10:00,15min,0.0010896605604555631,-1.645775283912026e-05,3024
HYP-OR-CONT-EVENT-01,QQQ,2024-10-08,2024-10-08T14:20:00+00:00,continuation_long,2024,10:00,60min,0.0020559633216143958,1.3990141093417914e-05,3024
HYP-OR-CONT-EVENT-01,QQQ,2024-10-08,2024-10-08T14:20:00+00:00,continuation_long,2024,10:00,session_close,0.006044532165546235,0.10520893768050853,3024
HYP-OR-CONT-EVENT-01,QQQ,2024-10-09,2024-10-09T14:25:00+00:00,continuation_long,2024,10:00,30min,0.0014239376568268014,-8.784715465694218e-06,3024
HYP-OR-CONT-EVENT-01,QQQ,2024-10-09,2024-10-09T14:25:00+00:00,continuation_long,2024,10:00,15min,6.120075888937926e-05,-1.645775283912026e-05,3024
HYP-OR-CONT-EVENT-01,QQQ,2024-10-09,2024-10-09T14:25:00+00:00,continuation_long,2024,10:00,60min,0.002610008364103633,1.3990141093417914e-05,3024
HYP-OR-CONT-EVENT-01,QQQ,2024-10-09,2024-10-09T14:25:00+00:00,continuation_long,2024,10:00,session_close,0.006079275383014782,0.10520893768050853,3024
HYP-OR-CONT-EVENT-01,QQQ,2024-10-10,2024-10-10T14:20:00+00:00,continuation_long,2024,10:00,30min,-0.0009148758818386948,-8.784715465694218e-06,3024
HYP-OR-CONT-EVENT-01,QQQ,2024-10-10,2024-10-10T14:20:00+00:00,continuation_long,2024,10:00,15min,-0.0006099172545591669,-1.645775283912026e-05,3024
HYP-OR-CONT-EVENT-01,QQQ,2024-10-10,2024-10-10T14:20:00+00:00,continuation_long,2024,10:00,60min,0.0012198345091183338,1.3990141093417914e-05,3024
HYP-OR-CONT-EVENT-01,QQQ,2024-10-10,2024-10-10T14:20:00+00:00,continuation_long,2024,10:00,session_close,0.0014841319860938729,0.10520893768050853,3024
HYP-OR-CONT-EVENT-01,QQQ,2024-10-11,2024-10-11T14:20:00+00:00,continuation_long,2024,10:00,30min,-0.0017026796935175614,-8.784715465694218e-06,3024
HYP-OR-CONT-EVENT-01,QQQ,2024-10-11,2024-10-11T14:20:00+00:00,continuation_long,2024,10:00,15min,0.000993229821218744,-1.645775283912026e-05,3024
HYP-OR-CONT-EVENT-01,QQQ,2024-10-11,2024-10-11T14:20:00+00:00,continuation_long,2024,10:00,60min,-0.00164186970446345,1.3990141093417914e-05,3024
HYP-OR-CONT-EVENT-01,QQQ,2024-10-11,2024-10-11T14:20:00+00:00,continuation_long,2024,10:00,session_close,0.0,0.10520893768050853,3024
HYP-OR-CONT-EVENT-01,QQQ,2024-10-14,2024-10-14T15:20:00+00:00,continuation_short,2024,11:00,30min,-0.0005238872433455111,-6.780196379662428e-05,3024
HYP-OR-CONT-EVENT-01,QQQ,2024-10-14,2024-10-14T15:20:00+00:00,continuation_short,2024,11:00,15min,0.0005639847669709486,-5.26132053694773e-05,3024
HYP-OR-CONT-EVENT-01,QQQ,2024-10-14,2024-10-14T15:20:00+00:00,continuation_short,2024,11:00,60min,-0.00173285780491228,-7.464386680817631e-05,3024
HYP-OR-CONT-EVENT-01,QQQ,2024-10-14,2024-10-14T15:20:00+00:00,continuation_short,2024,11:00,session_close,-0.0024380906324930063,-0.10521709285604981,3024
HYP-OR-CONT-EVENT-01,QQQ,2024-10-15,2024-10-15T14:30:00+00:00,continuation_short,2024,10:00,30min,0.0054956156301773085,8.784715465694218e-06,3024
HYP-OR-CONT-EVENT-01,QQQ,2024-10-15,2024-10-15T14:30:00+00:00,continuation_short,2024,10:00,15min,0.0051723441225198785,1.645775283912026e-05,3024
HYP-OR-CONT-EVENT-01,QQQ,2024-10-15,2024-10-15T14:30:00+00:00,continuation_short,2024,10:00,60min,0.0038792580918899366,-1.3990141093417914e-05,3024
HYP-OR-CONT-EVENT-01,QQQ,2024-10-15,2024-10-15T14:30:00+00:00,continuation_short,2024,10:00,session_close,0.008405059199094844,-0.10520893768050853,3024
HYP-OR-CONT-EVENT-01,QQQ,2024-10-16,2024-10-16T18:40:00+00:00,continuation_long,2024,14:00,30min,0.00010179567571966253,-6.347026143619282e-05,2988
HYP-OR-CONT-EVENT-01,QQQ,2024-10-16,2024-10-16T18:40:00+00:00,continuation_long,2024,14:00,15min,0.00016287308115137122,-5.7768986865205636e-05,2988
HYP-OR-CONT-EVENT-01,QQQ,2024-10-16,2024-10-16T18:40:00+00:00,continuation_long,2024,14:00,60min,-0.0006718514597499059,-0.00014137739766810308,2988
HYP-OR-CONT-EVENT-01,QQQ,2024-10-16,2024-10-16T18:40:00+00:00,continuation_long,2024,14:00,session_close,-0.0005089783785984237,0.10624498196257118,2988
HYP-OR-CONT-EVENT-01,QQQ,2024-10-17,2024-10-17T14:20:00+00:00,continuation_short,2024,10:00,30min,0.0010913664394676115,8.784715465694218e-06,3024
HYP-OR-CONT-EVENT-01,QQQ,2024-10-17,2024-10-17T14:20:00+00:00,continuation_short,2024,10:00,15min,0.0003247728010385975,1.645775283912026e-05,3024
HYP-OR-CONT-EVENT-01,QQQ,2024-10-17,2024-10-17T14:20:00+00:00,continuation_short,2024,10:00,60min,-0.00046656929568333894,-1.3990141093417914e-05,3024
HYP-OR-CONT-EVENT-01,QQQ,2024-10-17,2024-10-17T14:20:00+00:00,continuation_short,2024,10:00,session_close,0.0032659850697824844,-0.10520893768050853,3024
HYP-OR-CONT-EVENT-01,QQQ,2024-10-18,2024-10-18T14:25:00+00:00,continuation_long,2024,10:00,30min,-0.0017746336533602802,-8.784715465694218e-06,3024
HYP-OR-CONT-EVENT-01,QQQ,2024-10-18,2024-10-18T14:25:00+00:00,continuation_long,2024,10:00,15min,0.00017968671045998086,-1.645775283912026e-05,3024
HYP-OR-CONT-EVENT-01,QQQ,2024-10-18,2024-10-18T14:25:00+00:00,continuation_long,2024,10:00,60min,0.00088933804951985,1.3990141093417914e-05,3024
HYP-OR-CONT-EVENT-01,QQQ,2024-10-18,2024-10-18T14:25:00+00:00,continuation_long,2024,10:00,session_close,-0.00048509348155634235,0.10520893768050853,3024
HYP-OR-CONT-EVENT-01,QQQ,2024-10-21,2024-10-21T14:20:00+00:00,continuation_long,2024,10:00,30min,-0.005965817478232882,-8.784715465694218e-06,3024
HYP-OR-CONT-EVENT-01,QQQ,2024-10-21,2024-10-21T14:20:00+00:00,continuation_long,2024,10:00,15min,-0.004877458884230967,-1.645775283912026e-05,3024
HYP-OR-CONT-EVENT-01,QQQ,2024-10-21,2024-10-21T14:20:00+00:00,continuation_long,2024,10:00,60min,-0.008727023540793355,1.3990141093417914e-05,3024
HYP-OR-CONT-EVENT-01,QQQ,2024-10-21,2024-10-21T14:20:00+00:00,continuation_long,2024,10:00,session_close,-0.0013705256368913288,0.10520893768050853,3024
HYP-OR-CONT-EVENT-01,QQQ,2024-10-22,2024-10-22T14:25:00+00:00,continuation_long,2024,10:00,30min,0.00028298263699388926,-8.784715465694218e-06,3024
HYP-OR-CONT-EVENT-01,QQQ,2024-10-22,2024-10-22T14:25:00+00:00,continuation_long,2024,10:00,15min,-0.0009298000929800487,-1.645775283912026e-05,3024
HYP-OR-CONT-EVENT-01,QQQ,2024-10-22,2024-10-22T14:25:00+00:00,continuation_long,2024,10:00,60min,-0.00039415438724155205,1.3990141093417914e-05,3024
HYP-OR-CONT-EVENT-01,QQQ,2024-10-22,2024-10-22T14:25:00+00:00,continuation_long,2024,10:00,session_close,0.0026276959149433843,0.10520893768050853,3024
HYP-OR-CONT-EVENT-01,QQQ,2024-10-23,2024-10-23T14:20:00+00:00,continuation_short,2024,10:00,30min,-0.0016783716441965968,8.784715465694218e-06,3024
HYP-OR-CONT-EVENT-01,QQQ,2024-10-23,2024-10-23T14:20:00+00:00,continuation_short,2024,10:00,15min,-0.002917997147235507,1.645775283912026e-05,3024
HYP-OR-CONT-EVENT-01,QQQ,2024-10-23,2024-10-23T14:20:00+00:00,continuation_short,2024,10:00,60min,0.0016950354624341024,-1.3990141093417914e-05,3024
HYP-OR-CONT-EVENT-01,QQQ,2024-10-23,2024-10-23T14:20:00+00:00,continuation_short,2024,10:00,session_close,0.007547693575142844,-0.10520893768050853,3024
HYP-OR-CONT-EVENT-01,QQQ,2024-10-24,2024-10-24T14:20:00+00:00,continuation_long,2024,10:00,30min,-0.001276762415370003,-8.784715465694218e-06,3024
HYP-OR-CONT-EVENT-01,QQQ,2024-10-24,2024-10-24T14:20:00+00:00,continuation_long,2024,10:00,15min,0.00083930597026316,-1.645775283912026e-05,3024
HYP-OR-CONT-EVENT-01,QQQ,2024-10-24,2024-10-24T14:20:00+00:00,continuation_long,2024,10:00,60min,-0.0003204622795550671,1.3990141093417914e-05,3024
HYP-OR-CONT-EVENT-01,QQQ,2024-10-24,2024-10-24T14:20:00+00:00,continuation_long,2024,10:00,session_close,0.0017345656718770197,0.10520893768050853,3024
HYP-OR-CONT-EVENT-01,QQQ,2024-10-25,2024-10-25T14:20:00+00:00,continuation_long,2024,10:00,30min,-0.00044065216520439154,-8.784715465694218e-06,3024
HYP-OR-CONT-EVENT-01,QQQ,2024-10-25,2024-10-25T14:20:00+00:00,continuation_long,2024,10:00,15min,0.0006411489003725901,-1.645775283912026e-05,3024
HYP-OR-CONT-EVENT-01,QQQ,2024-10-25,2024-10-25T14:20:00+00:00,continuation_long,2024,10:00,60min,9.033369386690637e-05,1.3990141093417914e-05,3024
HYP-OR-CONT-EVENT-01,QQQ,2024-10-25,2024-10-25T14:20:00+00:00,continuation_long,2024,10:00,session_close,-0.00797179826142691,0.10520893768050853,3024
HYP-OR-CONT-EVENT-01,QQQ,2024-10-28,2024-10-28T16:00:00+00:00,continuation_short,2024,12:00,30min,-0.00030391583869082694,-4.376911929566834e-05,3006
HYP-OR-CONT-EVENT-01,QQQ,2024-10-28,2024-10-28T16:00:00+00:00,continuation_short,2024,12:00,15min,-0.0012092142122976934,-1.6529748538503642e-05,3015
HYP-OR-CONT-EVENT-01,QQQ,2024-10-28,2024-10-28T16:00:00+00:00,continuation_short,2024,12:00,60min,-0.0001410749914347864,-0.00014751432152188435,2988
HYP-OR-CONT-EVENT-01,QQQ,2024-10-28,2024-10-28T16:00:00+00:00,continuation_short,2024,12:00,session_close,0.0015921320461920185,-0.10514663012018967,3024
HYP-OR-CONT-EVENT-01,QQQ,2024-10-29,2024-10-29T14:20:00+00:00,continuation_long,2024,10:00,30min,0.0026395325408019588,-8.784715465694218e-06,3024
HYP-OR-CONT-EVENT-01,QQQ,2024-10-29,2024-10-29T14:20:00+00:00,continuation_long,2024,10:00,15min,0.002186177715091553,-1.645775283912026e-05,3024
HYP-OR-CONT-EVENT-01,QQQ,2024-10-29,2024-10-29T14:20:00+00:00,continuation_long,2024,10:00,60min,0.003102961918194591,1.3990141093417914e-05,3024
HYP-OR-CONT-EVENT-01,QQQ,2024-10-29,2024-10-29T14:20:00+00:00,continuation_long,2024,10:00,session_close,0.007737255692121581,0.10520893768050853,3024
HYP-OR-CONT-EVENT-01,QQQ,2024-10-30,2024-10-30T14:25:00+00:00,continuation_long,2024,10:00,30min,-0.001245448361410162,-8.784715465694218e-06,3024
HYP-OR-CONT-EVENT-01,QQQ,2024-10-30,2024-10-30T14:25:00+00:00,continuation_long,2024,10:00,15min,0.00016005762074344787,-1.645775283912026e-05,3024
HYP-OR-CONT-EVENT-01,QQQ,2024-10-30,2024-10-30T14:25:00+00:00,continuation_long,2024,10:00,60min,0.0002400864311151718,1.3990141093417914e-05,3024
HYP-OR-CONT-EVENT-01,QQQ,2024-10-30,2024-10-30T14:25:00+00:00,continuation_long,2024,10:00,session_close,-0.006842463286783285,0.10520893768050853,3024
HYP-OR-CONT-EVENT-01,QQQ,2024-10-31,2024-10-31T14:20:00+00:00,continuation_short,2024,10:00,30min,0.004978488014751092,8.784715465694218e-06,3024
HYP-OR-CONT-EVENT-01,QQQ,2024-10-31,2024-10-31T14:20:00+00:00,continuation_short,2024,10:00,15min,0.002745339069862851,1.645775283912026e-05,3024
HYP-OR-CONT-EVENT-01,QQQ,2024-10-31,2024-10-31T14:20:00+00:00,continuation_short,2024,10:00,60min,0.004220651505839057,-1.3990141093417914e-05,3024
HYP-OR-CONT-EVENT-01,QQQ,2024-10-31,2024-10-31T14:20:00+00:00,continuation_short,2024,10:00,session_close,0.008604794099569824,-0.10520893768050853,3024
HYP-OR-CONT-EVENT-01,QQQ,2024-11-01,2024-11-01T14:20:00+00:00,continuation_long,2024,10:00,30min,-0.0020021247037672607,-8.784715465694218e-06,3024
HYP-OR-CONT-EVENT-01,QQQ,2024-11-01,2024-11-01T14:20:00+00:00,continuation_long,2024,10:00,15min,0.0004085968783198446,-1.645775283912026e-05,3024
HYP-OR-CONT-EVENT-01,QQQ,2024-11-01,2024-11-01T14:20:00+00:00,continuation_long,2024,10:00,60min,0.001593527825447305,1.3990141093417914e-05,3024
HYP-OR-CONT-EVENT-01,QQQ,2024-11-01,2024-11-01T14:20:00+00:00,continuation_long,2024,10:00,session_close,-0.004249407534526517,0.10520893768050853,3024
HYP-OR-CONT-EVENT-01,QQQ,2024-11-04,2024-11-04T15:20:00+00:00,continuation_long,2024,10:00,30min,0.001927058775292645,-8.784715465694218e-06,3024
HYP-OR-CONT-EVENT-01,QQQ,2024-11-04,2024-11-04T15:20:00+00:00,continuation_long,2024,10:00,15min,0.00034851062957419465,-1.645775283912026e-05,3024
HYP-OR-CONT-EVENT-01,QQQ,2024-11-04,2024-11-04T15:20:00+00:00,continuation_long,2024,10:00,60min,0.0007380225096864645,1.3990141093417914e-05,3024
HYP-OR-CONT-EVENT-01,QQQ,2024-11-04,2024-11-04T15:20:00+00:00,continuation_long,2024,10:00,session_close,-0.0037516144242399907,0.10520893768050853,3024
HYP-OR-CONT-EVENT-01,QQQ,2024-11-05,2024-11-05T15:20:00+00:00,continuation_long,2024,10:00,30min,-0.0005651571352872642,-8.784715465694218e-06,3024
HYP-OR-CONT-EVENT-01,QQQ,2024-11-05,2024-11-05T15:20:00+00:00,continuation_long,2024,10:00,15min,0.0002040109240615262,-1.645775283912026e-05,3024
HYP-OR-CONT-EVENT-01,QQQ,2024-11-05,2024-11-05T15:20:00+00:00,continuation_long,2024,10:00,60min,0.001569314800472732,1.3990141093417914e-05,3024
HYP-OR-CONT-EVENT-01,QQQ,2024-11-05,2024-11-05T15:20:00+00:00,continuation_long,2024,10:00,session_close,0.0032405331594178577,0.10520893768050853,3024
HYP-OR-CONT-EVENT-01,QQQ,2024-11-06,2024-11-06T17:30:00+00:00,continuation_long,2024,12:00,30min,0.0013114493502364155,4.376911929566834e-05,3006
HYP-OR-CONT-EVENT-01,QQQ,2024-11-06,2024-11-06T17:30:00+00:00,continuation_long,2024,12:00,15min,0.0009736517903271569,1.6529748538503642e-05,3015
HYP-OR-CONT-EVENT-01,QQQ,2024-11-06,2024-11-06T17:30:00+00:00,continuation_long,2024,12:00,60min,0.002861344036879432,0.00014751432152188435,2988
HYP-OR-CONT-EVENT-01,QQQ,2024-11-06,2024-11-06T17:30:00+00:00,continuation_long,2024,12:00,session_close,0.004689424949330334,0.10514663012018967,3024
HYP-OR-CONT-EVENT-01,QQQ,2024-11-07,2024-11-07T15:20:00+00:00,continuation_long,2024,10:00,30min,0.0014876502133323033,-8.784715465694218e-06,3024
HYP-OR-CONT-EVENT-01,QQQ,2024-11-07,2024-11-07T15:20:00+00:00,continuation_long,2024,10:00,15min,-0.0002740047755117603,-1.645775283912026e-05,3024
HYP-OR-CONT-EVENT-01,QQQ,2024-11-07,2024-11-07T15:20:00+00:00,continuation_long,2024,10:00,60min,0.001996320507300142,1.3990141093417914e-05,3024
HYP-OR-CONT-EVENT-01,QQQ,2024-11-07,2024-11-07T15:20:00+00:00,continuation_long,2024,10:00,session_close,0.0052060907347242225,0.10520893768050853,3024
HYP-OR-CONT-EVENT-01,QQQ,2024-11-08,2024-11-08T15:25:00+00:00,continuation_short,2024,10:00,30min,-0.0007262341105827019,8.784715465694218e-06,3024
HYP-OR-CONT-EVENT-01,QQQ,2024-11-08,2024-11-08T15:25:00+00:00,continuation_short,2024,10:00,15min,-0.0,1.645775283912026e-05,3024
HYP-OR-CONT-EVENT-01,QQQ,2024-11-08,2024-11-08T15:25:00+00:00,continuation_short,2024,10:00,60min,-0.001325547843718411,-1.3990141093417914e-05,3024
HYP-OR-CONT-EVENT-01,QQQ,2024-11-08,2024-11-08T15:25:00+00:00,continuation_short,2024,10:00,session_close,-0.002417530998986228,-0.10520893768050853,3024
HYP-OR-CONT-EVENT-01,QQQ,2024-11-11,2024-11-11T18:05:00+00:00,continuation_short,2024,13:00,30min,-0.0011725391334935775,-7.221538574207458e-06,2988
HYP-OR-CONT-EVENT-01,QQQ,2024-11-11,2024-11-11T18:05:00+00:00,continuation_short,2024,13:00,15min,0.001016200582361071,-2.792720563823371e-05,2988
HYP-OR-CONT-EVENT-01,QQQ,2024-11-11,2024-11-11T18:05:00+00:00,continuation_short,2024,13:00,60min,-0.002169197396963307,3.7081137943765195e-05,2988
HYP-OR-CONT-EVENT-01,QQQ,2024-11-11,2024-11-11T18:05:00+00:00,continuation_short,2024,13:00,session_close,-0.004142971605010759,-0.1062264118018967,2988
HYP-OR-CONT-EVENT-01,QQQ,2024-11-12,2024-11-12T15:25:00+00:00,continuation_short,2024,10:00,30min,0.001421229876778729,8.784715465694218e-06,3024
HYP-OR-CONT-EVENT-01,QQQ,2024-11-12,2024-11-12T15:25:00+00:00,continuation_short,2024,10:00,15min,0.0004379903058145951,1.645775283912026e-05,3024
HYP-OR-CONT-EVENT-01,QQQ,2024-11-12,2024-11-12T15:25:00+00:00,continuation_short,2024,10:00,60min,0.0016544353818302993,-1.3990141093417914e-05,3024
HYP-OR-CONT-EVENT-01,QQQ,2024-11-12,2024-11-12T15:25:00+00:00,continuation_short,2024,10:00,session_close,0.0015572988651185726,-0.10520893768050853,3024
HYP-OR-CONT-EVENT-01,QQQ,2024-11-13,2024-11-13T15:20:00+00:00,continuation_short,2024,10:00,30min,-0.00046969489402504117,8.784715465694218e-06,3024
HYP-OR-CONT-EVENT-01,QQQ,2024-11-13,2024-11-13T15:20:00+00:00,continuation_short,2024,10:00,15min,-0.0006875159011292542,1.645775283912026e-05,3024
HYP-OR-CONT-EVENT-01,QQQ,2024-11-13,2024-11-13T15:20:00+00:00,continuation_short,2024,10:00,60min,-0.001526704111787236,-1.3990141093417914e-05,3024
HYP-OR-CONT-EVENT-01,QQQ,2024-11-13,2024-11-13T15:20:00+00:00,continuation_short,2024,10:00,session_close,-0.0025441806759691765,-0.10520893768050853,3024
HYP-OR-CONT-EVENT-01,QQQ,2024-11-14,2024-11-14T15:35:00+00:00,continuation_short,2024,10:00,30min,-0.0005961789742590096,8.784715465694218e-06,3024
HYP-OR-CONT-EVENT-01,QQQ,2024-11-14,2024-11-14T15:35:00+00:00,continuation_short,2024,10:00,15min,-0.0011735683288434107,1.645775283912026e-05,3024
HYP-OR-CONT-EVENT-01,QQQ,2024-11-14,2024-11-14T15:35:00+00:00,continuation_short,2024,10:00,60min,-0.0012127133698323078,-1.3990141093417914e-05,3024
HYP-OR-CONT-EVENT-01,QQQ,2024-11-14,2024-11-14T15:35:00+00:00,continuation_short,2024,10:00,session_close,0.004404600012056559,-0.10520893768050853,3024
HYP-OR-CONT-EVENT-01,QQQ,2024-11-15,2024-11-15T15:20:00+00:00,continuation_short,2024,10:00,30min,0.0023830503043895668,8.784715465694218e-06,3024
HYP-OR-CONT-EVENT-01,QQQ,2024-11-15,2024-11-15T15:20:00+00:00,continuation_short,2024,10:00,15min,0.0008010253123998945,1.645775283912026e-05,3024
HYP-OR-CONT-EVENT-01,QQQ,2024-11-15,2024-11-15T15:20:00+00:00,continuation_short,2024,10:00,60min,0.0017422300544697178,-1.3990141093417914e-05,3024
HYP-OR-CONT-EVENT-01,QQQ,2024-11-15,2024-11-15T15:20:00+00:00,continuation_short,2024,10:00,session_close,0.005807433514899096,-0.10520893768050853,3024
HYP-OR-CONT-EVENT-01,QQQ,2024-11-18,2024-11-18T15:20:00+00:00,continuation_long,2024,10:00,30min,0.0035640630318563016,-8.784715465694218e-06,3024
HYP-OR-CONT-EVENT-01,QQQ,2024-11-18,2024-11-18T15:20:00+00:00,continuation_long,2024,10:00,15min,0.0029633782512064055,-1.645775283912026e-05,3024
HYP-OR-CONT-EVENT-01,QQQ,2024-11-18,2024-11-18T15:20:00+00:00,continuation_long,2024,10:00,60min,0.004625272811004555,1.3990141093417914e-05,3024
HYP-OR-CONT-EVENT-01,QQQ,2024-11-18,2024-11-18T15:20:00+00:00,continuation_long,2024,10:00,session_close,0.0011613239092564953,0.10520893768050853,3024
HYP-OR-CONT-EVENT-01,QQQ,2024-11-19,2024-11-19T15:45:00+00:00,continuation_long,2024,10:00,30min,0.002420338847438641,-8.784715465694218e-06,3024
HYP-OR-CONT-EVENT-01,QQQ,2024-11-19,2024-11-19T15:45:00+00:00,continuation_long,2024,10:00,15min,0.0015002100294041476,-1.645775283912026e-05,3024
HYP-OR-CONT-EVENT-01,QQQ,2024-11-19,2024-11-19T15:45:00+00:00,continuation_long,2024,10:00,60min,0.003200448062728789,1.3990141093417914e-05,3024
HYP-OR-CONT-EVENT-01,QQQ,2024-11-19,2024-11-19T15:45:00+00:00,continuation_long,2024,10:00,session_close,0.006920968935650862,0.10520893768050853,3024
HYP-OR-CONT-EVENT-01,QQQ,2024-11-20,2024-11-20T15:20:00+00:00,continuation_short,2024,10:00,30min,-0.005227610889934509,8.784715465694218e-06,3024
HYP-OR-CONT-EVENT-01,QQQ,2024-11-20,2024-11-20T15:20:00+00:00,continuation_short,2024,10:00,15min,-0.0036996823098887077,1.645775283912026e-05,3024
HYP-OR-CONT-EVENT-01,QQQ,2024-11-20,2024-11-20T15:20:00+00:00,continuation_short,2024,10:00,60min,-0.0037700567016527575,-1.3990141093417914e-05,3024
HYP-OR-CONT-EVENT-01,QQQ,2024-11-20,2024-11-20T15:20:00+00:00,continuation_short,2024,10:00,session_close,-0.011762576909156719,-0.10520893768050853,3024
HYP-OR-CONT-EVENT-01,QQQ,2024-11-21,2024-11-21T15:40:00+00:00,continuation_short,2024,10:00,30min,-0.009053679688441063,8.784715465694218e-06,3024
HYP-OR-CONT-EVENT-01,QQQ,2024-11-21,2024-11-21T15:40:00+00:00,continuation_short,2024,10:00,15min,-0.008150319187377075,1.645775283912026e-05,3024
HYP-OR-CONT-EVENT-01,QQQ,2024-11-21,2024-11-21T15:40:00+00:00,continuation_short,2024,10:00,60min,-0.010238085678724973,-1.3990141093417914e-05,3024
HYP-OR-CONT-EVENT-01,QQQ,2024-11-21,2024-11-21T15:40:00+00:00,continuation_short,2024,10:00,session_close,-0.01373107961617226,-0.10520893768050853,3024
HYP-OR-CONT-EVENT-01,QQQ,2024-11-22,2024-11-22T15:30:00+00:00,continuation_short,2024,10:00,30min,-0.003993959384811063,8.784715465694218e-06,3024
HYP-OR-CONT-EVENT-01,QQQ,2024-11-22,2024-11-22T15:30:00+00:00,continuation_short,2024,10:00,15min,-0.0035603862814450604,1.645775283912026e-05,3024
HYP-OR-CONT-EVENT-01,QQQ,2024-11-22,2024-11-22T15:30:00+00:00,continuation_short,2024,10:00,60min,-0.0008939713070779121,-1.3990141093417914e-05,3024
HYP-OR-CONT-EVENT-01,QQQ,2024-11-22,2024-11-22T15:30:00+00:00,continuation_short,2024,10:00,session_close,-0.00498748161983853,-0.10520893768050853,3024
HYP-OR-CONT-EVENT-01,QQQ,2024-11-25,2024-11-25T15:20:00+00:00,continuation_short,2024,10:00,30min,-0.001006036217303885,8.784715465694218e-06,3024
HYP-OR-CONT-EVENT-01,QQQ,2024-11-25,2024-11-25T15:20:00+00:00,continuation_short,2024,10:00,15min,-0.0003353454057679617,1.645775283912026e-05,3024
HYP-OR-CONT-EVENT-01,QQQ,2024-11-25,2024-11-25T15:20:00+00:00,continuation_short,2024,10:00,60min,-0.002110703436304151,-1.3990141093417914e-05,3024
HYP-OR-CONT-EVENT-01,QQQ,2024-11-25,2024-11-25T15:20:00+00:00,continuation_short,2024,10:00,session_close,0.0007298694125537075,-0.10520893768050853,3024
HYP-OR-CONT-EVENT-01,QQQ,2024-11-26,2024-11-26T15:20:00+00:00,continuation_short,2024,10:00,30min,-0.0015161957270848347,8.784715465694218e-06,3024
HYP-OR-CONT-EVENT-01,QQQ,2024-11-26,2024-11-26T15:20:00+00:00,continuation_short,2024,10:00,15min,-0.0017918676774637543,1.645775283912026e-05,3024
HYP-OR-CONT-EVENT-01,QQQ,2024-11-26,2024-11-26T15:20:00+00:00,continuation_short,2024,10:00,60min,-0.0009648518263265515,-1.3990141093417914e-05,3024
HYP-OR-CONT-EVENT-01,QQQ,2024-11-26,2024-11-26T15:20:00+00:00,continuation_short,2024,10:00,session_close,-0.002855173771783015,-0.10520893768050853,3024
HYP-OR-CONT-EVENT-01,QQQ,2024-11-27,2024-11-27T15:20:00+00:00,continuation_short,2024,10:00,30min,0.002830590168152902,8.784715465694218e-06,3024
HYP-OR-CONT-EVENT-01,QQQ,2024-11-27,2024-11-27T15:20:00+00:00,continuation_short,2024,10:00,15min,0.003619790377972776,1.645775283912026e-05,3024
HYP-OR-CONT-EVENT-01,QQQ,2024-11-27,2024-11-27T15:20:00+00:00,continuation_short,2024,10:00,60min,0.004523005967992488,-1.3990141093417914e-05,3024
HYP-OR-CONT-EVENT-01,QQQ,2024-11-27,2024-11-27T15:20:00+00:00,continuation_short,2024,10:00,session_close,-0.00016825186314184393,-0.10520893768050853,3024
HYP-OR-CONT-EVENT-01,QQQ,2024-11-29,2024-11-29T15:20:00+00:00,continuation_long,2024,10:00,30min,-0.0009426366332160319,-8.784715465694218e-06,3024
HYP-OR-CONT-EVENT-01,QQQ,2024-11-29,2024-11-29T15:20:00+00:00,continuation_long,2024,10:00,15min,-0.00025529742149599244,-1.645775283912026e-05,3024
HYP-OR-CONT-EVENT-01,QQQ,2024-11-29,2024-11-29T15:20:00+00:00,continuation_long,2024,10:00,60min,0.0009622748964082106,1.3990141093417914e-05,3024
HYP-OR-CONT-EVENT-01,QQQ,2024-11-29,2024-11-29T15:20:00+00:00,continuation_long,2024,10:00,session_close,0.0009819131596000563,0.10520893768050853,3024
HYP-OR-CONT-EVENT-01,QQQ,2024-12-02,2024-12-02T15:20:00+00:00,continuation_long,2024,10:00,30min,0.0002723947388900694,-8.784715465694218e-06,3024
HYP-OR-CONT-EVENT-01,QQQ,2024-12-02,2024-12-02T15:20:00+00:00,continuation_long,2024,10:00,15min,0.001034516304770694,-1.645775283912026e-05,3024
HYP-OR-CONT-EVENT-01,QQQ,2024-12-02,2024-12-02T15:20:00+00:00,continuation_long,2024,10:00,60min,0.00042804887539871217,1.3990141093417914e-05,3024
HYP-OR-CONT-EVENT-01,QQQ,2024-12-02,2024-12-02T15:20:00+00:00,continuation_long,2024,10:00,session_close,0.0026072067865201554,0.10520893768050853,3024
HYP-OR-CONT-EVENT-01,QQQ,2024-12-03,2024-12-03T15:20:00+00:00,continuation_long,2024,10:00,30min,-0.0012066555352774344,-8.784715465694218e-06,3024
HYP-OR-CONT-EVENT-01,QQQ,2024-12-03,2024-12-03T15:20:00+00:00,continuation_long,2024,10:00,15min,3.883042752317323e-05,-1.645775283912026e-05,3024
HYP-OR-CONT-EVENT-01,QQQ,2024-12-03,2024-12-03T15:20:00+00:00,continuation_long,2024,10:00,60min,0.0013202345357823386,1.3990141093417914e-05,3024
HYP-OR-CONT-EVENT-01,QQQ,2024-12-03,2024-12-03T15:20:00+00:00,continuation_long,2024,10:00,session_close,0.0035918145458782025,0.10520893768050853,3024
HYP-OR-CONT-EVENT-01,QQQ,2024-12-04,2024-12-04T15:25:00+00:00,continuation_long,2024,10:00,30min,0.0016121912365891777,-8.784715465694218e-06,3024
HYP-OR-CONT-EVENT-01,QQQ,2024-12-04,2024-12-04T15:25:00+00:00,continuation_long,2024,10:00,15min,0.0014778419668732834,-1.645775283912026e-05,3024
HYP-OR-CONT-EVENT-01,QQQ,2024-12-04,2024-12-04T15:25:00+00:00,continuation_long,2024,10:00,60min,0.0010172158992762803,1.3990141093417914e-05,3024
HYP-OR-CONT-EVENT-01,QQQ,2024-12-04,2024-12-04T15:25:00+00:00,continuation_long,2024,10:00,session_close,0.004260791125271224,0.10520893768050853,3024
HYP-OR-CONT-EVENT-01,QQQ,2024-12-05,2024-12-05T16:10:00+00:00,continuation_short,2024,11:00,30min,-0.0006525454054870927,-6.780196379662428e-05,3024
HYP-OR-CONT-EVENT-01,QQQ,2024-12-05,2024-12-05T16:10:00+00:00,continuation_short,2024,11:00,15min,-0.0010257018690356112,-5.26132053694773e-05,3024
HYP-OR-CONT-EVENT-01,QQQ,2024-12-05,2024-12-05T16:10:00+00:00,continuation_short,2024,11:00,60min,-0.00247029578869018,-7.464386680817631e-05,3024
HYP-OR-CONT-EVENT-01,QQQ,2024-12-05,2024-12-05T16:10:00+00:00,continuation_short,2024,11:00,session_close,0.0014715760024035518,-0.10521709285604981,3024
HYP-OR-CONT-EVENT-01,QQQ,2024-12-06,2024-12-06T15:20:00+00:00,continuation_long,2024,10:00,30min,-0.0017300380228135737,-8.784715465694218e-06,3024
HYP-OR-CONT-EVENT-01,QQQ,2024-12-06,2024-12-06T15:20:00+00:00,continuation_long,2024,10:00,15min,-0.00020912547528517678,-1.645775283912026e-05,3024
HYP-OR-CONT-EVENT-01,QQQ,2024-12-06,2024-12-06T15:20:00+00:00,continuation_long,2024,10:00,60min,-0.0015777566539922905,1.3990141093417914e-05,3024
HYP-OR-CONT-EVENT-01,QQQ,2024-12-06,2024-12-06T15:20:00+00:00,continuation_long,2024,10:00,session_close,0.0009695817490493752,0.10520893768050853,3024
HYP-OR-CONT-EVENT-01,QQQ,2024-12-09,2024-12-09T15:45:00+00:00,continuation_short,2024,10:00,30min,0.0026153523089551545,8.784715465694218e-06,3024
HYP-OR-CONT-EVENT-01,QQQ,2024-12-09,2024-12-09T15:45:00+00:00,continuation_short,2024,10:00,15min,0.0025771719832771156,1.645775283912026e-05,3024
HYP-OR-CONT-EVENT-01,QQQ,2024-12-09,2024-12-09T15:45:00+00:00,continuation_short,2024,10:00,60min,0.0022526392150126195,-1.3990141093417914e-05,3024
HYP-OR-CONT-EVENT-01,QQQ,2024-12-09,2024-12-09T15:45:00+00:00,continuation_short,2024,10:00,session_close,0.002806253937346126,-0.10520893768050853,3024
HYP-OR-CONT-EVENT-01,QQQ,2024-12-10,2024-12-10T15:25:00+00:00,continuation_long,2024,10:00,30min,-0.003439989328048232,-8.784715465694218e-06,3024
HYP-OR-CONT-EVENT-01,QQQ,2024-12-10,2024-12-10T15:25:00+00:00,continuation_long,2024,10:00,15min,-0.0008575675572665142,-1.645775283912026e-05,3024
HYP-OR-CONT-EVENT-01,QQQ,2024-12-10,2024-12-10T15:25:00+00:00,continuation_long,2024,10:00,60min,-0.004992948888973614,1.3990141093417914e-05,3024
HYP-OR-CONT-EVENT-01,QQQ,2024-12-10,2024-12-10T15:25:00+00:00,continuation_long,2024,10:00,session_close,-0.007984906810992176,0.10520893768050853,3024
HYP-OR-CONT-EVENT-01,QQQ,2024-12-11,2024-12-11T15:20:00+00:00,continuation_long,2024,10:00,30min,-0.001286155361506225,-8.784715465694218e-06,3024
HYP-OR-CONT-EVENT-01,QQQ,2024-12-11,2024-12-11T15:20:00+00:00,continuation_long,2024,10:00,15min,0.0005114314397745012,-1.645775283912026e-05,3024
HYP-OR-CONT-EVENT-01,QQQ,2024-12-11,2024-12-11T15:20:00+00:00,continuation_long,2024,10:00,60min,0.001704960884965967,1.3990141093417914e-05,3024
HYP-OR-CONT-EVENT-01,QQQ,2024-12-11,2024-12-11T15:20:00+00:00,continuation_long,2024,10:00,session_close,0.0038073229405415354,0.10520893768050853,3024
HYP-OR-CONT-EVENT-01,QQQ,2024-12-12,2024-12-12T15:40:00+00:00,continuation_long,2024,10:00,30min,0.00011357398398614826,-8.784715465694218e-06,3024
HYP-OR-CONT-EVENT-01,QQQ,2024-12-12,2024-12-12T15:40:00+00:00,continuation_long,2024,10:00,15min,0.00015143197864819768,-1.645775283912026e-05,3024
HYP-OR-CONT-EVENT-01,QQQ,2024-12-12,2024-12-12T15:40:00+00:00,continuation_long,2024,10:00,60min,-0.0007952071778756231,1.3990141093417914e-05,3024
HYP-OR-CONT-EVENT-01,QQQ,2024-12-12,2024-12-12T15:40:00+00:00,continuation_long,2024,10:00,session_close,-0.0033882905222509807,0.10520893768050853,3024
HYP-OR-CONT-EVENT-01,QQQ,2024-12-13,2024-12-13T16:00:00+00:00,continuation_short,2024,11:00,30min,-0.003012333516472898,-6.780196379662428e-05,3024
HYP-OR-CONT-EVENT-01,QQQ,2024-12-13,2024-12-13T16:00:00+00:00,continuation_short,2024,11:00,15min,-0.0021236004016444987,-5.26132053694773e-05,3024
HYP-OR-CONT-EVENT-01,QQQ,2024-12-13,2024-12-13T16:00:00+00:00,continuation_short,2024,11:00,60min,-0.0011556751226720063,-7.464386680817631e-05,3024
HYP-OR-CONT-EVENT-01,QQQ,2024-12-13,2024-12-13T16:00:00+00:00,continuation_short,2024,11:00,session_close,-0.005058446848416942,-0.10521709285604981,3024
HYP-OR-CONT-EVENT-01,QQQ,2024-12-16,2024-12-16T15:20:00+00:00,continuation_long,2024,10:00,30min,0.001852891633913556,-8.784715465694218e-06,3024
HYP-OR-CONT-EVENT-01,QQQ,2024-12-16,2024-12-16T15:20:00+00:00,continuation_long,2024,10:00,15min,0.0028261276436458704,-1.645775283912026e-05,3024
HYP-OR-CONT-EVENT-01,QQQ,2024-12-16,2024-12-16T15:20:00+00:00,continuation_long,2024,10:00,60min,0.0042277746584316045,1.3990141093417914e-05,3024
HYP-OR-CONT-EVENT-01,QQQ,2024-12-16,2024-12-16T15:20:00+00:00,continuation_long,2024,10:00,session_close,0.007299270072992803,0.10520893768050853,3024
HYP-OR-CONT-EVENT-01,QQQ,2024-12-17,2024-12-17T15:20:00+00:00,continuation_short,2024,10:00,30min,-0.002095690735924194,8.784715465694218e-06,3024
HYP-OR-CONT-EVENT-01,QQQ,2024-12-17,2024-12-17T15:20:00+00:00,continuation_short,2024,10:00,15min,-0.001365941283236305,1.645775283912026e-05,3024
HYP-OR-CONT-EVENT-01,QQQ,2024-12-17,2024-12-17T15:20:00+00:00,continuation_short,2024,10:00,60min,-0.0035739011657280884,-1.3990141093417914e-05,3024
HYP-OR-CONT-EVENT-01,QQQ,2024-12-17,2024-12-17T15:20:00+00:00,continuation_short,2024,10:00,session_close,-0.0026570364687612535,-0.10520893768050853,3024
HYP-OR-CONT-EVENT-01,QQQ,2024-12-18,2024-12-18T15:20:00+00:00,continuation_long,2024,10:00,30min,0.0011014038231780265,-8.784715465694218e-06,3024
HYP-OR-CONT-EVENT-01,QQQ,2024-12-18,2024-12-18T15:20:00+00:00,continuation_long,2024,10:00,15min,0.0006347072879331339,-1.645775283912026e-05,3024
HYP-OR-CONT-EVENT-01,QQQ,2024-12-18,2024-12-18T15:20:00+00:00,continuation_long,2024,10:00,60min,-0.0015494324970130036,1.3990141093417914e-05,3024
HYP-OR-CONT-EVENT-01,QQQ,2024-12-18,2024-12-18T15:20:00+00:00,continuation_long,2024,10:00,session_close,-0.03574895459976102,0.10520893768050853,3024
HYP-OR-CONT-EVENT-01,QQQ,2024-12-19,2024-12-19T15:40:00+00:00,continuation_short,2024,10:00,30min,0.0009938031403249337,8.784715465694218e-06,3024
HYP-OR-CONT-EVENT-01,QQQ,2024-12-19,2024-12-19T15:40:00+00:00,continuation_short,2024,10:00,15min,-0.002346597839319564,1.645775283912026e-05,3024
HYP-OR-CONT-EVENT-01,QQQ,2024-12-19,2024-12-19T15:40:00+00:00,continuation_short,2024,10:00,60min,-0.004151226741466951,-1.3990141093417914e-05,3024
HYP-OR-CONT-EVENT-01,QQQ,2024-12-19,2024-12-19T15:40:00+00:00,continuation_short,2024,10:00,session_close,0.00548119762369248,-0.10520893768050853,3024
HYP-OR-CONT-EVENT-01,QQQ,2024-12-20,2024-12-20T15:25:00+00:00,continuation_long,2024,10:00,30min,0.006061742306496587,-8.784715465694218e-06,3024
HYP-OR-CONT-EVENT-01,QQQ,2024-12-20,2024-12-20T15:25:00+00:00,continuation_long,2024,10:00,15min,0.006819241529375075,-1.645775283912026e-05,3024
HYP-OR-CONT-EVENT-01,QQQ,2024-12-20,2024-12-20T15:25:00+00:00,continuation_long,2024,10:00,60min,0.013113926018029298,1.3990141093417914e-05,3024
HYP-OR-CONT-EVENT-01,QQQ,2024-12-20,2024-12-20T15:25:00+00:00,continuation_long,2024,10:00,session_close,0.007965495803543776,0.10520893768050853,3024
HYP-OR-CONT-EVENT-01,QQQ,2024-12-23,2024-12-23T15:25:00+00:00,continuation_short,2024,10:00,30min,-0.0006952088523259903,8.784715465694218e-06,3024
HYP-OR-CONT-EVENT-01,QQQ,2024-12-23,2024-12-23T15:25:00+00:00,continuation_short,2024,10:00,15min,-1.9504470579079225e-05,1.645775283912026e-05,3024
HYP-OR-CONT-EVENT-01,QQQ,2024-12-23,2024-12-23T15:25:00+00:00,continuation_short,2024,10:00,60min,-0.003920205472838445,-1.3990141093417914e-05,3024
HYP-OR-CONT-EVENT-01,QQQ,2024-12-23,2024-12-23T15:25:00+00:00,continuation_short,2024,10:00,session_close,-0.009829480717609806,-0.10520893768050853,3024
HYP-OR-CONT-EVENT-01,QQQ,2024-12-24,2024-12-24T15:20:00+00:00,continuation_long,2024,10:00,30min,0.0012810293782739013,-8.784715465694218e-06,3024
HYP-OR-CONT-EVENT-01,QQQ,2024-12-24,2024-12-24T15:20:00+00:00,continuation_long,2024,10:00,15min,0.0008542093676460194,-1.645775283912026e-05,3024
HYP-OR-CONT-EVENT-01,QQQ,2024-12-24,2024-12-24T15:20:00+00:00,continuation_long,2024,10:00,60min,0.003154938131025631,1.3990141093417914e-05,3024
HYP-OR-CONT-EVENT-01,QQQ,2024-12-24,2024-12-24T15:20:00+00:00,continuation_long,2024,10:00,session_close,0.005883246033553613,0.10520893768050853,3024
HYP-OR-CONT-EVENT-01,QQQ,2024-12-26,2024-12-26T15:55:00+00:00,continuation_long,2024,10:00,30min,5.668398677372011e-05,-8.784715465694218e-06,3024
HYP-OR-CONT-EVENT-01,QQQ,2024-12-26,2024-12-26T15:55:00+00:00,continuation_long,2024,10:00,15min,0.0010297590930561373,-1.645775283912026e-05,3024
HYP-OR-CONT-EVENT-01,QQQ,2024-12-26,2024-12-26T15:55:00+00:00,continuation_long,2024,10:00,60min,0.0022484648086915637,1.3990141093417914e-05,3024
HYP-OR-CONT-EVENT-01,QQQ,2024-12-26,2024-12-26T15:55:00+00:00,continuation_long,2024,10:00,session_close,0.0005668398677372011,0.10520893768050853,3024
HYP-OR-CONT-EVENT-01,QQQ,2024-12-27,2024-12-27T15:20:00+00:00,continuation_short,2024,10:00,30min,-0.0042040304695787345,8.784715465694218e-06,3024
HYP-OR-CONT-EVENT-01,QQQ,2024-12-27,2024-12-27T15:20:00+00:00,continuation_short,2024,10:00,15min,-0.0010799344325524984,1.645775283912026e-05,3024
HYP-OR-CONT-EVENT-01,QQQ,2024-12-27,2024-12-27T15:20:00+00:00,continuation_short,2024,10:00,60min,-0.0021405843216661946,-1.3990141093417914e-05,3024
HYP-OR-CONT-EVENT-01,QQQ,2024-12-27,2024-12-27T15:20:00+00:00,continuation_short,2024,10:00,session_close,-0.007752386462250627,-0.10520893768050853,3024
HYP-OR-CONT-EVENT-01,QQQ,2024-12-30,2024-12-30T15:20:00+00:00,continuation_short,2024,10:00,30min,-0.0015012087654997508,8.784715465694218e-06,3024
HYP-OR-CONT-EVENT-01,QQQ,2024-12-30,2024-12-30T15:20:00+00:00,continuation_short,2024,10:00,15min,-0.0030804024019341902,1.645775283912026e-05,3024
HYP-OR-CONT-EVENT-01,QQQ,2024-12-30,2024-12-30T15:20:00+00:00,continuation_short,2024,10:00,60min,-0.0040942057240895835,-1.3990141093417914e-05,3024
HYP-OR-CONT-EVENT-01,QQQ,2024-12-30,2024-12-30T15:20:00+00:00,continuation_short,2024,10:00,session_close,-0.005166497699446548,-0.10520893768050853,3024
HYP-OR-CONT-EVENT-01,QQQ,2024-12-31,2024-12-31T16:05:00+00:00,continuation_short,2024,11:00,30min,0.0014246178637737916,-6.780196379662428e-05,3024
HYP-OR-CONT-EVENT-01,QQQ,2024-12-31,2024-12-31T16:05:00+00:00,continuation_short,2024,11:00,15min,0.0009575300395856523,-5.26132053694773e-05,3024
HYP-OR-CONT-EVENT-01,QQQ,2024-12-31,2024-12-31T16:05:00+00:00,continuation_short,2024,11:00,60min,-0.0004437334329785436,-7.464386680817631e-05,3024
HYP-OR-CONT-EVENT-01,QQQ,2024-12-31,2024-12-31T16:05:00+00:00,continuation_short,2024,11:00,session_close,0.005083472486581031,-0.10521709285604981,3024
HYP-OR-CONT-EVENT-01,SPY,2022-01-04,2022-01-04T15:20:00+00:00,continuation_short,2022,10:00,30min,0.0015659254619480034,-1.531478003974215e-05,3012
HYP-OR-CONT-EVENT-01,SPY,2022-01-04,2022-01-04T15:20:00+00:00,continuation_short,2022,10:00,15min,0.0006263701847791792,-1.380367457085686e-05,3012
HYP-OR-CONT-EVENT-01,SPY,2022-01-04,2022-01-04T15:20:00+00:00,continuation_short,2022,10:00,60min,0.004509865330410201,-4.249132031730117e-05,3012
HYP-OR-CONT-EVENT-01,SPY,2022-01-04,2022-01-04T15:20:00+00:00,continuation_short,2022,10:00,session_close,0.003006576886940171,-0.440108492050137,3012
HYP-OR-CONT-EVENT-01,SPY,2022-01-05,2022-01-05T18:00:00+00:00,continuation_short,2022,13:00,30min,8.971668228130447e-05,9.489935703818839e-05,2988
HYP-OR-CONT-EVENT-01,SPY,2022-01-05,2022-01-05T18:00:00+00:00,continuation_short,2022,13:00,15min,0.0006149899977455631,6.205549740202663e-05,2988
HYP-OR-CONT-EVENT-01,SPY,2022-01-05,2022-01-05T18:00:00+00:00,continuation_short,2022,13:00,60min,0.001413405437251214,0.00010742751470241765,2988
HYP-OR-CONT-EVENT-01,SPY,2022-01-05,2022-01-05T18:00:00+00:00,continuation_short,2022,13:00,session_close,0.01588993801144556,-0.44012271996178626,2988
HYP-OR-CONT-EVENT-01,SPY,2022-01-06,2022-01-06T15:20:00+00:00,continuation_short,2022,10:00,30min,-0.004930860756779953,-1.531478003974215e-05,3012
HYP-OR-CONT-EVENT-01,SPY,2022-01-06,2022-01-06T15:20:00+00:00,continuation_short,2022,10:00,15min,-0.005423946832457949,-1.380367457085686e-05,3012
HYP-OR-CONT-EVENT-01,SPY,2022-01-06,2022-01-06T15:20:00+00:00,continuation_short,2022,10:00,60min,-0.0057886161432094685,-4.249132031730117e-05,3012
HYP-OR-CONT-EVENT-01,SPY,2022-01-06,2022-01-06T15:20:00+00:00,continuation_short,2022,10:00,session_close,-0.003172901704362685,-0.440108492050137,3012
HYP-OR-CONT-EVENT-01,SPY,2022-01-07,2022-01-07T15:55:00+00:00,continuation_short,2022,10:00,30min,-0.002881038894025023,-1.531478003974215e-05,3012
HYP-OR-CONT-EVENT-01,SPY,2022-01-07,2022-01-07T15:55:00+00:00,continuation_short,2022,10:00,15min,-0.0006342585624905528,-1.380367457085686e-05,3012
HYP-OR-CONT-EVENT-01,SPY,2022-01-07,2022-01-07T15:55:00+00:00,continuation_short,2022,10:00,60min,-0.005476983939283198,-4.249132031730117e-05,3012
HYP-OR-CONT-EVENT-01,SPY,2022-01-07,2022-01-07T15:55:00+00:00,continuation_short,2022,10:00,session_close,-0.0021715293156456816,-0.440108492050137,3012
HYP-OR-CONT-EVENT-01,SPY,2022-01-10,2022-01-10T15:20:00+00:00,continuation_short,2022,10:00,30min,-0.0003497802942526995,-1.531478003974215e-05,3012
HYP-OR-CONT-EVENT-01,SPY,2022-01-10,2022-01-10T15:20:00+00:00,continuation_short,2022,10:00,15min,-0.00041536409942510844,-1.380367457085686e-05,3012
HYP-OR-CONT-EVENT-01,SPY,2022-01-10,2022-01-10T15:20:00+00:00,continuation_short,2022,10:00,60min,-0.00518112060861764,-4.249132031730117e-05,3012
HYP-OR-CONT-EVENT-01,SPY,2022-01-10,2022-01-10T15:20:00+00:00,continuation_short,2022,10:00,session_close,-0.017729488664932402,-0.440108492050137,3012
HYP-OR-CONT-EVENT-01,SPY,2022-01-11,2022-01-11T16:30:00+00:00,continuation_long,2022,11:00,30min,0.002403815239524043,-0.00011590468567266732,3012
HYP-OR-CONT-EVENT-01,SPY,2022-01-11,2022-01-11T16:30:00+00:00,continuation_long,2022,11:00,15min,0.000878791126353029,-4.270640479448007e-05,3012
HYP-OR-CONT-EVENT-01,SPY,2022-01-11,2022-01-11T16:30:00+00:00,continuation_long,2022,11:00,60min,0.0010609795305969172,-0.0003084228470577374,3012
HYP-OR-CONT-EVENT-01,SPY,2022-01-11,2022-01-11T16:30:00+00:00,continuation_long,2022,11:00,session_close,0.0068374236416246514,0.440039170094918,3012
HYP-OR-CONT-EVENT-01,SPY,2022-01-12,2022-01-12T15:20:00+00:00,continuation_long,2022,10:00,30min,-0.005202055446298259,1.531478003974215e-05,3012
HYP-OR-CONT-EVENT-01,SPY,2022-01-12,2022-01-12T15:20:00+00:00,continuation_long,2022,10:00,15min,-0.004187020237264361,1.380367457085686e-05,3012
HYP-OR-CONT-EVENT-01,SPY,2022-01-12,2022-01-12T15:20:00+00:00,continuation_long,2022,10:00,60min,-0.006407409757025917,4.249132031730117e-05,3012
HYP-OR-CONT-EVENT-01,SPY,2022-01-12,2022-01-12T15:20:00+00:00,continuation_long,2022,10:00,session_close,-0.0038486751675865793,0.440108492050137,3012
HYP-OR-CONT-EVENT-01,SPY,2022-01-13,2022-01-13T15:20:00+00:00,continuation_short,2022,10:00,30min,0.0026338707279254248,-1.531478003974215e-05,3012
HYP-OR-CONT-EVENT-01,SPY,2022-01-13,2022-01-13T15:20:00+00:00,continuation_short,2022,10:00,15min,0.0004460587523100745,-1.380367457085686e-05,3012
HYP-OR-CONT-EVENT-01,SPY,2022-01-13,2022-01-13T15:20:00+00:00,continuation_short,2022,10:00,60min,0.0004460587523100745,-4.249132031730117e-05,3012
HYP-OR-CONT-EVENT-01,SPY,2022-01-13,2022-01-13T15:20:00+00:00,continuation_short,2022,10:00,session_close,0.013275558104462681,-0.440108492050137,3012
HYP-OR-CONT-EVENT-01,SPY,2022-01-14,2022-01-14T15:20:00+00:00,continuation_long,2022,10:00,30min,-0.0051641778198563415,1.531478003974215e-05,3012
HYP-OR-CONT-EVENT-01,SPY,2022-01-14,2022-01-14T15:20:00+00:00,continuation_long,2022,10:00,15min,-0.004475620777208755,1.380367457085686e-05,3012
HYP-OR-CONT-EVENT-01,SPY,2022-01-14,2022-01-14T15:20:00+00:00,continuation_long,2022,10:00,60min,-0.0071007445023023585,4.249132031730117e-05,3012
HYP-OR-CONT-EVENT-01,SPY,2022-01-14,2022-01-14T15:20:00+00:00,continuation_long,2022,10:00,session_close,-0.00010758703791369228,0.440108492050137,3012
HYP-OR-CONT-EVENT-01,SPY,2022-01-18,2022-01-18T16:25:00+00:00,continuation_short,2022,11:00,30min,-0.0008943306689868091,0.00011590468567266732,3012
HYP-OR-CONT-EVENT-01,SPY,2022-01-18,2022-01-18T16:25:00+00:00,continuation_short,2022,11:00,15min,-0.00041362520312548945,4.270640479448007e-05,3012
HYP-OR-CONT-EVENT-01,SPY,2022-01-18,2022-01-18T16:25:00+00:00,continuation_short,2022,11:00,60min,0.001793249890147952,0.0003084228470577374,3012
HYP-OR-CONT-EVENT-01,SPY,2022-01-18,2022-01-18T16:25:00+00:00,continuation_short,2022,11:00,session_close,0.0025143080889401537,-0.440039170094918,3012
HYP-OR-CONT-EVENT-01,SPY,2022-01-19,2022-01-19T15:35:00+00:00,continuation_short,2022,10:00,30min,0.0003507079917584033,-1.531478003974215e-05,3012
HYP-OR-CONT-EVENT-01,SPY,2022-01-19,2022-01-19T15:35:00+00:00,continuation_short,2022,10:00,15min,0.0002191924948490298,-1.380367457085686e-05,3012
HYP-OR-CONT-EVENT-01,SPY,2022-01-19,2022-01-19T15:35:00+00:00,continuation_short,2022,10:00,60min,0.0015124282144580725,-4.249132031730117e-05,3012
HYP-OR-CONT-EVENT-01,SPY,2022-01-19,2022-01-19T15:35:00+00:00,continuation_short,2022,10:00,session_close,0.009710227521809722,-0.440108492050137,3012
HYP-OR-CONT-EVENT-01,SPY,2022-01-20,2022-01-20T15:50:00+00:00,continuation_long,2022,10:00,30min,-0.001157028401772564,1.531478003974215e-05,3012
HYP-OR-CONT-EVENT-01,SPY,2022-01-20,2022-01-20T15:50:00+00:00,continuation_long,2022,10:00,15min,0.00045866352304235747,1.380367457085686e-05,3012
HYP-OR-CONT-EVENT-01,SPY,2022-01-20,2022-01-20T15:50:00+00:00,continuation_long,2022,10:00,60min,-0.0013535049228283746,4.249132031730117e-05,3012
HYP-OR-CONT-EVENT-01,SPY,2022-01-20,2022-01-20T15:50:00+00:00,continuation_long,2022,10:00,session_close,-0.0246250573056519,0.440108492050137,3012
HYP-OR-CONT-EVENT-01,SPY,2022-01-21,2022-01-21T15:20:00+00:00,continuation_short,2022,10:00,30min,-0.010727136940729132,-1.531478003974215e-05,3012
HYP-OR-CONT-EVENT-01,SPY,2022-01-21,2022-01-21T15:20:00+00:00,continuation_short,2022,10:00,15min,-0.005408830651548957,-1.380367457085686e-05,3012
HYP-OR-CONT-EVENT-01,SPY,2022-01-21,2022-01-21T15:20:00+00:00,continuation_short,2022,10:00,60min,-0.012990245999954686,-4.249132031730117e-05,3012
HYP-OR-CONT-EVENT-01,SPY,2022-01-21,2022-01-21T15:20:00+00:00,continuation_short,2022,10:00,session_close,0.008712969878018506,-0.440108492050137,3012
HYP-OR-CONT-EVENT-01,SPY,2022-01-24,2022-01-24T15:20:00+00:00,continuation_short,2022,10:00,30min,-0.009512283060605808,-1.531478003974215e-05,3012
HYP-OR-CONT-EVENT-01,SPY,2022-01-24,2022-01-24T15:20:00+00:00,continuation_short,2022,10:00,15min,-0.00937144380889432,-1.380367457085686e-05,3012
HYP-OR-CONT-EVENT-01,SPY,2022-01-24,2022-01-24T15:20:00+00:00,continuation_short,2022,10:00,60min,-0.0028693650215390054,-4.249132031730117e-05,3012
HYP-OR-CONT-EVENT-01,SPY,2022-01-24,2022-01-24T15:20:00+00:00,continuation_short,2022,10:00,session_close,-0.03256297392408203,-0.440108492050137,3012
HYP-OR-CONT-EVENT-01,SPY,2022-01-25,2022-01-25T19:05:00+00:00,continuation_long,2022,14:00,30min,0.0039959581113355735,0.00025755517258904475,2988
HYP-OR-CONT-EVENT-01,SPY,2022-01-25,2022-01-25T19:05:00+00:00,continuation_long,2022,14:00,15min,0.00436340253536649,0.00011557019637814235,2988
HYP-OR-CONT-EVENT-01,SPY,2022-01-25,2022-01-25T19:05:00+00:00,continuation_long,2022,14:00,60min,0.004570090023883866,0.0003993886715237365,2988
HYP-OR-CONT-EVENT-01,SPY,2022-01-25,2022-01-25T19:05:00+00:00,continuation_long,2022,14:00,session_close,-0.002204666544185163,0.44029625453190135,2988
HYP-OR-CONT-EVENT-01,SPY,2022-01-26,2022-01-26T15:45:00+00:00,continuation_short,2022,10:00,30min,-0.0051104836146718124,-1.531478003974215e-05,3012
HYP-OR-CONT-EVENT-01,SPY,2022-01-26,2022-01-26T15:45:00+00:00,continuation_short,2022,10:00,15min,-0.0016173456900614447,-1.380367457085686e-05,3012
HYP-OR-CONT-EVENT-01,SPY,2022-01-26,2022-01-26T15:45:00+00:00,continuation_short,2022,10:00,60min,-0.005864362139316404,-4.249132031730117e-05,3012
HYP-OR-CONT-EVENT-01,SPY,2022-01-26,2022-01-26T15:45:00+00:00,continuation_short,2022,10:00,session_close,0.010368911894385824,-0.440108492050137,3012
HYP-OR-CONT-EVENT-01,SPY,2022-01-27,2022-01-27T15:25:00+00:00,continuation_long,2022,10:00,30min,-0.0007962870273467981,1.531478003974215e-05,3012
HYP-OR-CONT-EVENT-01,SPY,2022-01-27,2022-01-27T15:25:00+00:00,continuation_long,2022,10:00,15min,-0.0037311734995678636,1.380367457085686e-05,3012
HYP-OR-CONT-EVENT-01,SPY,2022-01-27,2022-01-27T15:25:00+00:00,continuation_long,2022,10:00,60min,-0.004277198889748313,4.249132031730117e-05,3012
HYP-OR-CONT-EVENT-01,SPY,2022-01-27,2022-01-27T15:25:00+00:00,continuation_long,2022,10:00,session_close,-0.018815124903308056,0.440108492050137,3012
HYP-OR-CONT-EVENT-01,SPY,2022-01-28,2022-01-28T16:15:00+00:00,continuation_long,2022,11:00,30min,0.002545261897084039,-0.00011590468567266732,3012
HYP-OR-CONT-EVENT-01,SPY,2022-01-28,2022-01-28T16:15:00+00:00,continuation_long,2022,11:00,15min,0.0017964251163218314,-4.270640479448007e-05,3012
HYP-OR-CONT-EVENT-01,SPY,2022-01-28,2022-01-28T16:15:00+00:00,continuation_long,2022,11:00,60min,0.007278758004330532,-0.0003084228470577374,3012
HYP-OR-CONT-EVENT-01,SPY,2022-01-28,2022-01-28T16:15:00+00:00,continuation_long,2022,11:00,session_close,0.017874418390380953,0.440039170094918,3012
HYP-OR-CONT-EVENT-01,SPY,2022-01-31,2022-01-31T15:20:00+00:00,continuation_long,2022,10:00,30min,0.000989297598704919,1.531478003974215e-05,3012
HYP-OR-CONT-EVENT-01,SPY,2022-01-31,2022-01-31T15:20:00+00:00,continuation_long,2022,10:00,15min,-0.0008768774170339055,1.380367457085686e-05,3012
HYP-OR-CONT-EVENT-01,SPY,2022-01-31,2022-01-31T15:20:00+00:00,continuation_long,2022,10:00,60min,-0.001371526216386365,4.249132031730117e-05,3012
HYP-OR-CONT-EVENT-01,SPY,2022-01-31,2022-01-31T15:20:00+00:00,continuation_long,2022,10:00,session_close,0.011309470276104072,0.440108492050137,3012
HYP-OR-CONT-EVENT-01,SPY,2022-02-01,2022-02-01T15:20:00+00:00,continuation_short,2022,10:00,30min,-0.0021046093242247377,-1.531478003974215e-05,3012
HYP-OR-CONT-EVENT-01,SPY,2022-02-01,2022-02-01T15:20:00+00:00,continuation_short,2022,10:00,15min,-0.0015579865271981852,-1.380367457085686e-05,3012
HYP-OR-CONT-EVENT-01,SPY,2022-02-01,2022-02-01T15:20:00+00:00,continuation_short,2022,10:00,60min,-0.0033540328602852387,-4.249132031730117e-05,3012
HYP-OR-CONT-EVENT-01,SPY,2022-02-01,2022-02-01T15:20:00+00:00,continuation_short,2022,10:00,session_close,-0.010627462730923076,-0.440108492050137,3012
HYP-OR-CONT-EVENT-01,SPY,2022-02-02,2022-02-02T15:45:00+00:00,continuation_short,2022,10:00,30min,0.0034155556043666824,-1.531478003974215e-05,3012
HYP-OR-CONT-EVENT-01,SPY,2022-02-02,2022-02-02T15:45:00+00:00,continuation_short,2022,10:00,15min,0.001801129000373436,-1.380367457085686e-05,3012
HYP-OR-CONT-EVENT-01,SPY,2022-02-02,2022-02-02T15:45:00+00:00,continuation_short,2022,10:00,60min,0.0024600786346563597,-4.249132031730117e-05,3012
HYP-OR-CONT-EVENT-01,SPY,2022-02-02,2022-02-02T15:45:00+00:00,continuation_short,2022,10:00,session_close,-0.004458892525314617,-0.440108492050137,3012
HYP-OR-CONT-EVENT-01,SPY,2022-02-03,2022-02-03T15:40:00+00:00,continuation_long,2022,10:00,30min,0.0009726766292332822,1.531478003974215e-05,3012
HYP-OR-CONT-EVENT-01,SPY,2022-02-03,2022-02-03T15:40:00+00:00,continuation_long,2022,10:00,15min,-0.0008400389070651881,1.380367457085686e-05,3012
HYP-OR-CONT-EVENT-01,SPY,2022-02-03,2022-02-03T15:40:00+00:00,continuation_long,2022,10:00,60min,-0.002475904147139496,4.249132031730117e-05,3012
HYP-OR-CONT-EVENT-01,SPY,2022-02-03,2022-02-03T15:40:00+00:00,continuation_long,2022,10:00,session_close,-0.012622689893005634,0.440108492050137,3012
HYP-OR-CONT-EVENT-01,SPY,2022-02-04,2022-02-04T15:55:00+00:00,continuation_short,2022,10:00,30min,-0.0016625850951492716,-1.531478003974215e-05,3012
HYP-OR-CONT-EVENT-01,SPY,2022-02-04,2022-02-04T15:55:00+00:00,continuation_short,2022,10:00,15min,0.0022242692489158333,-1.380367457085686e-05,3012
HYP-OR-CONT-EVENT-01,SPY,2022-02-04,2022-02-04T15:55:00+00:00,continuation_short,2022,10:00,60min,-0.003931789076366599,-4.249132031730117e-05,3012
HYP-OR-CONT-EVENT-01,SPY,2022-02-04,2022-02-04T15:55:00+00:00,continuation_short,2022,10:00,session_close,-0.008178121278842543,-0.440108492050137,3012
HYP-OR-CONT-EVENT-01,SPY,2022-02-07,2022-02-07T16:55:00+00:00,continuation_short,2022,11:00,30min,0.0006143672575763537,0.00011590468567266732,3012
HYP-OR-CONT-EVENT-01,SPY,2022-02-07,2022-02-07T16:55:00+00:00,continuation_short,2022,11:00,15min,0.0001452140790634271,4.270640479448007e-05,3012
HYP-OR-CONT-EVENT-01,SPY,2022-02-07,2022-02-07T16:55:00+00:00,continuation_short,2022,11:00,60min,-1.1393720049435174e-05,0.0003084228470577374,3012
HYP-OR-CONT-EVENT-01,SPY,2022-02-07,2022-02-07T16:55:00+00:00,continuation_short,2022,11:00,session_close,0.0008601141606067175,-0.440039170094918,3012
HYP-OR-CONT-EVENT-01,SPY,2022-02-08,2022-02-08T15:20:00+00:00,continuation_short,2022,10:00,30min,-0.0027528479666973915,-1.531478003974215e-05,3012
HYP-OR-CONT-EVENT-01,SPY,2022-02-08,2022-02-08T15:20:00+00:00,continuation_short,2022,10:00,15min,0.00026857053333628755,-1.380367457085686e-05,3012
HYP-OR-CONT-EVENT-01,SPY,2022-02-08,2022-02-08T15:20:00+00:00,continuation_short,2022,10:00,60min,-0.00464403213894049,-4.249132031730117e-05,3012
HYP-OR-CONT-EVENT-01,SPY,2022-02-08,2022-02-08T15:20:00+00:00,continuation_short,2022,10:00,session_close,-0.009131398133434665,-0.440108492050137,3012
HYP-OR-CONT-EVENT-01,SPY,2022-02-09,2022-02-09T15:50:00+00:00,continuation_long,2022,10:00,30min,0.0004088298478670538,1.531478003974215e-05,3012
HYP-OR-CONT-EVENT-01,SPY,2022-02-09,2022-02-09T15:50:00+00:00,continuation_long,2022,10:00,15min,0.0002192117146739836,1.380367457085686e-05,3012
HYP-OR-CONT-EVENT-01,SPY,2022-02-09,2022-02-09T15:50:00+00:00,continuation_long,2022,10:00,60min,-0.0011399009163048923,4.249132031730117e-05,3012
HYP-OR-CONT-EVENT-01,SPY,2022-02-09,2022-02-09T15:50:00+00:00,continuation_long,2022,10:00,session_close,0.002893594633697205,0.440108492050137,3012
HYP-OR-CONT-EVENT-01,SPY,2022-02-10,2022-02-10T15:20:00+00:00,continuation_long,2022,10:00,30min,0.00013167423793536415,1.531478003974215e-05,3012
HYP-OR-CONT-EVENT-01,SPY,2022-02-10,2022-02-10T15:20:00+00:00,continuation_long,2022,10:00,15min,0.0037966071938024815,1.380367457085686e-05,3012
HYP-OR-CONT-EVENT-01,SPY,2022-02-10,2022-02-10T15:20:00+00:00,continuation_long,2022,10:00,60min,-0.00098755678451512,4.249132031730117e-05,3012
HYP-OR-CONT-EVENT-01,SPY,2022-02-10,2022-02-10T15:20:00+00:00,continuation_long,2022,10:00,session_close,-0.013803849276889046,0.440108492050137,3012
HYP-OR-CONT-EVENT-01,SPY,2022-02-11,2022-02-11T16:15:00+00:00,continuation_short,2022,11:00,30min,0.001984702183172371,0.00011590468567266732,3012
HYP-OR-CONT-EVENT-01,SPY,2022-02-11,2022-02-11T16:15:00+00:00,continuation_short,2022,11:00,15min,0.0015275516803068268,4.270640479448007e-05,3012
HYP-OR-CONT-EVENT-01,SPY,2022-02-11,2022-02-11T16:15:00+00:00,continuation_short,2022,11:00,60min,0.0019178021095823672,0.0003084228470577374,3012
HYP-OR-CONT-EVENT-01,SPY,2022-02-11,2022-02-11T16:15:00+00:00,continuation_short,2022,11:00,session_close,0.01766161942778144,-0.440039170094918,3012
HYP-OR-CONT-EVENT-01,SPY,2022-02-14,2022-02-14T15:20:00+00:00,continuation_short,2022,10:00,30min,0.0007066654508981474,-1.531478003974215e-05,3012
HYP-OR-CONT-EVENT-01,SPY,2022-02-14,2022-02-14T15:20:00+00:00,continuation_short,2022,10:00,15min,0.0016412874988602777,-1.380367457085686e-05,3012
HYP-OR-CONT-EVENT-01,SPY,2022-02-14,2022-02-14T15:20:00+00:00,continuation_short,2022,10:00,60min,-0.0017324701376857377,-4.249132031730117e-05,3012
HYP-OR-CONT-EVENT-01,SPY,2022-02-14,2022-02-14T15:20:00+00:00,continuation_short,2022,10:00,session_close,-0.0008662350688428688,-0.440108492050137,3012
HYP-OR-CONT-EVENT-01,SPY,2022-02-15,2022-02-15T16:05:00+00:00,continuation_long,2022,11:00,30min,-0.00020189331060160853,-0.00011590468567266732,3012
HYP-OR-CONT-EVENT-01,SPY,2022-02-15,2022-02-15T16:05:00+00:00,continuation_long,2022,11:00,15min,-0.0008075732424064341,-4.270640479448007e-05,3012
HYP-OR-CONT-EVENT-01,SPY,2022-02-15,2022-02-15T16:05:00+00:00,continuation_long,2022,11:00,60min,-0.0015218269101349158,-0.0003084228470577374,3012
HYP-OR-CONT-EVENT-01,SPY,2022-02-15,2022-02-15T16:05:00+00:00,continuation_long,2022,11:00,session_close,0.0006505451119387384,0.440039170094918,3012
HYP-OR-CONT-EVENT-01,SPY,2022-02-16,2022-02-16T15:20:00+00:00,continuation_short,2022,10:00,30min,-0.0016605853845892415,-1.531478003974215e-05,3012
HYP-OR-CONT-EVENT-01,SPY,2022-02-16,2022-02-16T15:20:00+00:00,continuation_short,2022,10:00,15min,-0.0014798413971510715,-1.380367457085686e-05,3012
HYP-OR-CONT-EVENT-01,SPY,2022-02-16,2022-02-16T15:20:00+00:00,continuation_short,2022,10:00,60min,-0.0014730634976221069,-4.249132031730117e-05,3012
HYP-OR-CONT-EVENT-01,SPY,2022-02-16,2022-02-16T15:20:00+00:00,continuation_short,2022,10:00,session_close,-0.009025902872699776,-0.440108492050137,3012
HYP-OR-CONT-EVENT-01,SPY,2022-02-17,2022-02-17T15:20:00+00:00,continuation_short,2022,10:00,30min,0.0009754105798021051,-1.531478003974215e-05,3012
HYP-OR-CONT-EVENT-01,SPY,2022-02-17,2022-02-17T15:20:00+00:00,continuation_short,2022,10:00,15min,0.000748570910080737,-1.380367457085686e-05,3012
HYP-OR-CONT-EVENT-01,SPY,2022-02-17,2022-02-17T15:20:00+00:00,continuation_short,2022,10:00,60min,-0.0006011251247619587,-4.249132031730117e-05,3012
HYP-OR-CONT-EVENT-01,SPY,2022-02-17,2022-02-17T15:20:00+00:00,continuation_short,2022,10:00,session_close,0.008461119680609697,-0.440108492050137,3012
HYP-OR-CONT-EVENT-01,SPY,2022-02-18,2022-02-18T15:35:00+00:00,continuation_long,2022,10:00,30min,-0.005066134837127256,1.531478003974215e-05,3012
HYP-OR-CONT-EVENT-01,SPY,2022-02-18,2022-02-18T15:35:00+00:00,continuation_long,2022,10:00,15min,-0.0008940237947872021,1.380367457085686e-05,3012
HYP-OR-CONT-EVENT-01,SPY,2022-02-18,2022-02-18T15:35:00+00:00,continuation_long,2022,10:00,60min,-0.002384063452765761,4.249132031730117e-05,3012
HYP-OR-CONT-EVENT-01,SPY,2022-02-18,2022-02-18T15:35:00+00:00,continuation_long,2022,10:00,session_close,-0.0044930426609817165,0.440108492050137,3012
HYP-OR-CONT-EVENT-01,SPY,2022-02-22,2022-02-22T17:35:00+00:00,continuation_short,2022,12:00,30min,0.0008838237004302751,0.00010808507425021037,3000
HYP-OR-CONT-EVENT-01,SPY,2022-02-22,2022-02-22T17:35:00+00:00,continuation_short,2022,12:00,15min,0.0013234096988021804,6.324558677280933e-05,3006
HYP-OR-CONT-EVENT-01,SPY,2022-02-22,2022-02-22T17:35:00+00:00,continuation_short,2022,12:00,60min,0.0034697057797418163,0.00012944745121344975,2988
HYP-OR-CONT-EVENT-01,SPY,2022-02-22,2022-02-22T17:35:00+00:00,continuation_short,2022,12:00,session_close,0.0006977555529713575,-0.44046492733764714,3012
HYP-OR-CONT-EVENT-01,SPY,2022-02-23,2022-02-23T15:20:00+00:00,continuation_short,2022,10:00,30min,0.0028174261298811176,-1.531478003974215e-05,3012
HYP-OR-CONT-EVENT-01,SPY,2022-02-23,2022-02-23T15:20:00+00:00,continuation_short,2022,10:00,15min,0.001140941160034492,-1.380367457085686e-05,3012
HYP-OR-CONT-EVENT-01,SPY,2022-02-23,2022-02-23T15:20:00+00:00,continuation_short,2022,10:00,60min,0.005448576152001339,-4.249132031730117e-05,3012
HYP-OR-CONT-EVENT-01,SPY,2022-02-23,2022-02-23T15:20:00+00:00,continuation_short,2022,10:00,session_close,0.017463385102568285,-0.440108492050137,3012
HYP-OR-CONT-EVENT-01,SPY,2022-02-24,2022-02-24T15:30:00+00:00,continuation_long,2022,10:00,30min,0.002623661090384033,1.531478003974215e-05,3012
HYP-OR-CONT-EVENT-01,SPY,2022-02-24,2022-02-24T15:30:00+00:00,continuation_long,2022,10:00,15min,0.0033457696473702114,1.380367457085686e-05,3012
HYP-OR-CONT-EVENT-01,SPY,2022-02-24,2022-02-24T15:30:00+00:00,continuation_long,2022,10:00,60min,0.005632446744493924,4.249132031730117e-05,3012
HYP-OR-CONT-EVENT-01,SPY,2022-02-24,2022-02-24T15:30:00+00:00,continuation_long,2022,10:00,session_close,0.030954386809483703,0.440108492050137,3012
HYP-OR-CONT-EVENT-01,SPY,2022-02-25,2022-02-25T15:40:00+00:00,continuation_long,2022,10:00,30min,0.0083037640019481,1.531478003974215e-05,3012
HYP-OR-CONT-EVENT-01,SPY,2022-02-25,2022-02-25T15:40:00+00:00,continuation_long,2022,10:00,15min,0.004823859551473797,1.380367457085686e-05,3012
HYP-OR-CONT-EVENT-01,SPY,2022-02-25,2022-02-25T15:40:00+00:00,continuation_long,2022,10:00,60min,0.008720053804587291,4.249132031730117e-05,3012
HYP-OR-CONT-EVENT-01,SPY,2022-02-25,2022-02-25T15:40:00+00:00,continuation_long,2022,10:00,session_close,0.015051369465896691,0.440108492050137,3012
HYP-OR-CONT-EVENT-01,SPY,2022-02-28,2022-02-28T15:20:00+00:00,continuation_long,2022,10:00,30min,0.007567692663735137,1.531478003974215e-05,3012
HYP-OR-CONT-EVENT-01,SPY,2022-02-28,2022-02-28T15:20:00+00:00,continuation_long,2022,10:00,15min,0.006734552186993703,1.380367457085686e-05,3012
HYP-OR-CONT-EVENT-01,SPY,2022-02-28,2022-02-28T15:20:00+00:00,continuation_long,2022,10:00,60min,0.012219393658875255,4.249132031730117e-05,3012
HYP-OR-CONT-EVENT-01,SPY,2022-02-28,2022-02-28T15:20:00+00:00,continuation_long,2022,10:00,session_close,0.010576255496412834,0.440108492050137,3012
HYP-OR-CONT-EVENT-01,SPY,2022-03-01,2022-03-01T15:20:00+00:00,continuation_short,2022,10:00,30min,0.0035872789569296737,-1.531478003974215e-05,3012
HYP-OR-CONT-EVENT-01,SPY,2022-03-01,2022-03-01T15:20:00+00:00,continuation_short,2022,10:00,15min,0.0023724331409387123,-1.380367457085686e-05,3012
HYP-OR-CONT-EVENT-01,SPY,2022-03-01,2022-03-01T15:20:00+00:00,continuation_short,2022,10:00,60min,0.0030353898866327667,-4.249132031730117e-05,3012
HYP-OR-CONT-EVENT-01,SPY,2022-03-01,2022-03-01T15:20:00+00:00,continuation_short,2022,10:00,session_close,0.011175753673511646,-0.440108492050137,3012
HYP-OR-CONT-EVENT-01,SPY,2022-03-02,2022-03-02T15:25:00+00:00,continuation_short,2022,10:00,30min,-0.004902981105020965,-1.531478003974215e-05,3012
HYP-OR-CONT-EVENT-01,SPY,2022-03-02,2022-03-02T15:25:00+00:00,continuation_short,2022,10:00,15min,-0.005481162839103604,-1.380367457085686e-05,3012
HYP-OR-CONT-EVENT-01,SPY,2022-03-02,2022-03-02T15:25:00+00:00,continuation_short,2022,10:00,60min,-0.01003723490367503,-4.249132031730117e-05,3012
HYP-OR-CONT-EVENT-01,SPY,2022-03-02,2022-03-02T15:25:00+00:00,continuation_short,2022,10:00,session_close,-0.012581234533638685,-0.440108492050137,3012
HYP-OR-CONT-EVENT-01,SPY,2022-03-03,2022-03-03T15:25:00+00:00,continuation_short,2022,10:00,30min,0.005919999999999925,-1.531478003974215e-05,3012
HYP-OR-CONT-EVENT-01,SPY,2022-03-03,2022-03-03T15:25:00+00:00,continuation_short,2022,10:00,15min,0.003634285714285701,-1.380367457085686e-05,3012
HYP-OR-CONT-EVENT-01,SPY,2022-03-03,2022-03-03T15:25:00+00:00,continuation_short,2022,10:00,60min,0.0038400000000000656,-4.249132031730117e-05,3012
HYP-OR-CONT-EVENT-01,SPY,2022-03-03,2022-03-03T15:25:00+00:00,continuation_short,2022,10:00,session_close,0.004068571428571421,-0.440108492050137,3012
HYP-OR-CONT-EVENT-01,SPY,2022-03-04,2022-03-04T15:30:00+00:00,continuation_short,2022,10:00,30min,0.003327051487866717,-1.531478003974215e-05,3012
HYP-OR-CONT-EVENT-01,SPY,2022-03-04,2022-03-04T15:30:00+00:00,continuation_short,2022,10:00,15min,0.0020939484888671256,-1.380367457085686e-05,3012
HYP-OR-CONT-EVENT-01,SPY,2022-03-04,2022-03-04T15:30:00+00:00,continuation_short,2022,10:00,60min,0.0026290686582443046,-4.249132031730117e-05,3012
HYP-OR-CONT-EVENT-01,SPY,2022-03-04,2022-03-04T15:30:00+00:00,continuation_short,2022,10:00,session_close,-0.00565366091994135,-0.440108492050137,3012
HYP-OR-CONT-EVENT-01,SPY,2022-03-07,2022-03-07T15:20:00+00:00,continuation_short,2022,10:00,30min,0.003934886989108821,-1.531478003974215e-05,3012
HYP-OR-CONT-EVENT-01,SPY,2022-03-07,2022-03-07T15:20:00+00:00,continuation_short,2022,10:00,15min,0.0014287387281883834,-1.380367457085686e-05,3012
HYP-OR-CONT-EVENT-01,SPY,2022-03-07,2022-03-07T15:20:00+00:00,continuation_short,2022,10:00,60min,0.0014053167818245393,-4.249132031730117e-05,3012
HYP-OR-CONT-EVENT-01,SPY,2022-03-07,2022-03-07T15:20:00+00:00,continuation_short,2022,10:00,session_close,0.017543037826443397,-0.440108492050137,3012
HYP-OR-CONT-EVENT-01,SPY,2022-03-08,2022-03-08T15:20:00+00:00,continuation_short,2022,10:00,30min,0.0004058926055916512,-1.531478003974215e-05,3012
HYP-OR-CONT-EVENT-01,SPY,2022-03-08,2022-03-08T15:20:00+00:00,continuation_short,2022,10:00,15min,0.0064226535825991915,-1.380367457085686e-05,3012
HYP-OR-CONT-EVENT-01,SPY,2022-03-08,2022-03-08T15:20:00+00:00,continuation_short,2022,10:00,60min,0.004202182269655963,-4.249132031730117e-05,3012
HYP-OR-CONT-EVENT-01,SPY,2022-03-08,2022-03-08T15:20:00+00:00,continuation_short,2022,10:00,session_close,0.006040637012630357,-0.440108492050137,3012
HYP-OR-CONT-EVENT-01,SPY,2022-03-09,2022-03-09T15:20:00+00:00,continuation_long,2022,10:00,30min,0.0010106470491455521,1.531478003974215e-05,3012
HYP-OR-CONT-EVENT-01,SPY,2022-03-09,2022-03-09T15:20:00+00:00,continuation_long,2022,10:00,15min,0.0014102051848543518,1.380367457085686e-05,3012
HYP-OR-CONT-EVENT-01,SPY,2022-03-09,2022-03-09T15:20:00+00:00,continuation_long,2022,10:00,60min,0.0010106470491455521,4.249132031730117e-05,3012
HYP-OR-CONT-EVENT-01,SPY,2022-03-09,2022-03-09T15:20:00+00:00,continuation_long,2022,10:00,session_close,0.004559663431029204,0.440108492050137,3012
HYP-OR-CONT-EVENT-01,SPY,2022-03-10,2022-03-10T16:10:00+00:00,continuation_short,2022,11:00,30min,0.00018986590720315721,0.00011590468567266732,3012
HYP-OR-CONT-EVENT-01,SPY,2022-03-10,2022-03-10T16:10:00+00:00,continuation_short,2022,11:00,15min,0.0013618132194137544,4.270640479448007e-05,3012
HYP-OR-CONT-EVENT-01,SPY,2022-03-10,2022-03-10T16:10:00+00:00,continuation_short,2022,11:00,60min,-0.0016850599264268684,0.0003084228470577374,3012
HYP-OR-CONT-EVENT-01,SPY,2022-03-10,2022-03-10T16:10:00+00:00,continuation_short,2022,11:00,session_close,-0.00980182745935676,-0.440039170094918,3012
HYP-OR-CONT-EVENT-01,SPY,2022-03-11,2022-03-11T15:20:00+00:00,continuation_short,2022,10:00,30min,-0.002420624662170079,-1.531478003974215e-05,3012
HYP-OR-CONT-EVENT-01,SPY,2022-03-11,2022-03-11T15:20:00+00:00,continuation_short,2022,10:00,15min,-0.0008225423609315996,-1.380367457085686e-05,3012
HYP-OR-CONT-EVENT-01,SPY,2022-03-11,2022-03-11T15:20:00+00:00,continuation_short,2022,10:00,60min,-0.0004270169913751509,-4.249132031730117e-05,3012
HYP-OR-CONT-EVENT-01,SPY,2022-03-11,2022-03-11T15:20:00+00:00,continuation_short,2022,10:00,session_close,0.012761157199595807,-0.440108492050137,3012
HYP-OR-CONT-EVENT-01,SPY,2022-03-14,2022-03-14T14:20:00+00:00,continuation_long,2022,10:00,30min,0.0032419129652854206,1.531478003974215e-05,3012
HYP-OR-CONT-EVENT-01,SPY,2022-03-14,2022-03-14T14:20:00+00:00,continuation_long,2022,10:00,15min,0.0008045623417498593,1.380367457085686e-05,3012
HYP-OR-CONT-EVENT-01,SPY,2022-03-14,2022-03-14T14:20:00+00:00,continuation_long,2022,10:00,60min,-0.00014174495373764362,4.249132031730117e-05,3012
HYP-OR-CONT-EVENT-01,SPY,2022-03-14,2022-03-14T14:20:00+00:00,continuation_long,2022,10:00,session_close,-0.013085969852575707,0.440108492050137,3012
HYP-OR-CONT-EVENT-01,SPY,2022-03-15,2022-03-15T14:45:00+00:00,continuation_long,2022,10:00,30min,0.00016574716453954252,1.531478003974215e-05,3012
HYP-OR-CONT-EVENT-01,SPY,2022-03-15,2022-03-15T14:45:00+00:00,continuation_long,2022,10:00,15min,-9.471266545113544e-05,1.380367457085686e-05,3012
HYP-OR-CONT-EVENT-01,SPY,2022-03-15,2022-03-15T14:45:00+00:00,continuation_long,2022,10:00,60min,0.004048966448038316,4.249132031730117e-05,3012
HYP-OR-CONT-EVENT-01,SPY,2022-03-15,2022-03-15T14:45:00+00:00,continuation_long,2022,10:00,session_close,0.009021381384225702,0.440108492050137,3012
HYP-OR-CONT-EVENT-01,SPY,2022-03-16,2022-03-16T14:35:00+00:00,continuation_long,2022,10:00,30min,-0.0024195778412755553,1.531478003974215e-05,3012
HYP-OR-CONT-EVENT-01,SPY,2022-03-16,2022-03-16T14:35:00+00:00,continuation_long,2022,10:00,15min,-0.002742188220112407,1.380367457085686e-05,3012
HYP-OR-CONT-EVENT-01,SPY,2022-03-16,2022-03-16T14:35:00+00:00,continuation_long,2022,10:00,60min,-0.0029956678034840367,4.249132031730117e-05,3012
HYP-OR-CONT-EVENT-01,SPY,2022-03-16,2022-03-16T14:35:00+00:00,continuation_long,2022,10:00,session_close,0.0038021937505761105,0.440108492050137,3012
HYP-OR-CONT-EVENT-01,SPY,2022-03-17,2022-03-17T14:20:00+00:00,continuation_long,2022,10:00,30min,-0.0044034677308379955,1.531478003974215e-05,3012
HYP-OR-CONT-EVENT-01,SPY,2022-03-17,2022-03-17T14:20:00+00:00,continuation_long,2022,10:00,15min,-0.0003669556442363886,1.380367457085686e-05,3012
HYP-OR-CONT-EVENT-01,SPY,2022-03-17,2022-03-17T14:20:00+00:00,continuation_long,2022,10:00,60min,-0.0005504334663547494,4.249132031730117e-05,3012
HYP-OR-CONT-EVENT-01,SPY,2022-03-17,2022-03-17T14:20:00+00:00,continuation_long,2022,10:00,session_close,0.011421494426861134,0.440108492050137,3012
HYP-OR-CONT-EVENT-01,SPY,2022-03-18,2022-03-18T14:20:00+00:00,continuation_long,2022,10:00,30min,-0.0010463820204272833,1.531478003974215e-05,3012
HYP-OR-CONT-EVENT-01,SPY,2022-03-18,2022-03-18T14:20:00+00:00,continuation_long,2022,10:00,15min,-0.0016833102067742578,1.380367457085686e-05,3012
HYP-OR-CONT-EVENT-01,SPY,2022-03-18,2022-03-18T14:20:00+00:00,continuation_long,2022,10:00,60min,0.0004776961397601198,4.249132031730117e-05,3012
HYP-OR-CONT-EVENT-01,SPY,2022-03-18,2022-03-18T14:20:00+00:00,continuation_long,2022,10:00,session_close,0.011055253520165564,0.440108492050137,3012
HYP-OR-CONT-EVENT-01,SPY,2022-03-21,2022-03-21T14:20:00+00:00,continuation_short,2022,10:00,30min,-0.0022095461411855144,-1.531478003974215e-05,3012
HYP-OR-CONT-EVENT-01,SPY,2022-03-21,2022-03-21T14:20:00+00:00,continuation_short,2022,10:00,15min,-0.00013527833517468224,-1.380367457085686e-05,3012
HYP-OR-CONT-EVENT-01,SPY,2022-03-21,2022-03-21T14:20:00+00:00,continuation_short,2022,10:00,60min,-0.00423872116880486,-4.249132031730117e-05,3012
HYP-OR-CONT-EVENT-01,SPY,2022-03-21,2022-03-21T14:20:00+00:00,continuation_short,2022,10:00,session_close,-0.0020291750276193454,-0.440108492050137,3012
HYP-OR-CONT-EVENT-01,SPY,2022-03-22,2022-03-22T14:20:00+00:00,continuation_long,2022,10:00,30min,0.0018849195284353915,1.531478003974215e-05,3012
HYP-OR-CONT-EVENT-01,SPY,2022-03-22,2022-03-22T14:20:00+00:00,continuation_long,2022,10:00,15min,0.0014233930782185933,1.380367457085686e-05,3012
HYP-OR-CONT-EVENT-01,SPY,2022-03-22,2022-03-22T14:20:00+00:00,continuation_long,2022,10:00,60min,0.003111790227417144,4.249132031730117e-05,3012
HYP-OR-CONT-EVENT-01,SPY,2022-03-22,2022-03-22T14:20:00+00:00,continuation_long,2022,10:00,session_close,0.0028664160876208378,0.440108492050137,3012
HYP-OR-CONT-EVENT-01,SPY,2022-03-23,2022-03-23T14:30:00+00:00,continuation_long,2022,10:00,30min,8.937948293974429e-05,1.531478003974215e-05,3012
HYP-OR-CONT-EVENT-01,SPY,2022-03-23,2022-03-23T14:30:00+00:00,continuation_long,2022,10:00,15min,-0.001251312761155532,1.380367457085686e-05,3012
HYP-OR-CONT-EVENT-01,SPY,2022-03-23,2022-03-23T14:30:00+00:00,continuation_long,2022,10:00,60min,0.0004692422854335465,4.249132031730117e-05,3012
HYP-OR-CONT-EVENT-01,SPY,2022-03-23,2022-03-23T14:30:00+00:00,continuation_long,2022,10:00,session_close,-0.008245257301186526,0.440108492050137,3012
HYP-OR-CONT-EVENT-01,SPY,2022-03-24,2022-03-24T14:20:00+00:00,continuation_long,2022,10:00,30min,0.0021093259132931585,1.531478003974215e-05,3012
HYP-OR-CONT-EVENT-01,SPY,2022-03-24,2022-03-24T14:20:00+00:00,continuation_long,2022,10:00,15min,0.0012341800556503468,1.380367457085686e-05,3012
HYP-OR-CONT-EVENT-01,SPY,2022-03-24,2022-03-24T14:20:00+00:00,continuation_long,2022,10:00,60min,0.004308410376088423,4.249132031730117e-05,3012
HYP-OR-CONT-EVENT-01,SPY,2022-03-24,2022-03-24T14:20:00+00:00,continuation_long,2022,10:00,session_close,0.010703707028094422,0.440108492050137,3012
HYP-OR-CONT-EVENT-01,SPY,2022-03-25,2022-03-25T14:35:00+00:00,continuation_long,2022,10:00,30min,-0.0038464939428773937,1.531478003974215e-05,3012
HYP-OR-CONT-EVENT-01,SPY,2022-03-25,2022-03-25T14:35:00+00:00,continuation_long,2022,10:00,15min,-0.00024316915730837607,1.380367457085686e-05,3012
HYP-OR-CONT-EVENT-01,SPY,2022-03-25,2022-03-25T14:35:00+00:00,continuation_long,2022,10:00,60min,-0.006676098682465326,4.249132031730117e-05,3012
HYP-OR-CONT-EVENT-01,SPY,2022-03-25,2022-03-25T14:35:00+00:00,continuation_long,2022,10:00,session_close,0.0006631886108410256,0.440108492050137,3012
HYP-OR-CONT-EVENT-01,SPY,2022-03-28,2022-03-28T15:50:00+00:00,continuation_short,2022,11:00,30min,-0.00073260073260073,0.00011590468567266732,3012
HYP-OR-CONT-EVENT-01,SPY,2022-03-28,2022-03-28T15:50:00+00:00,continuation_short,2022,11:00,15min,-0.0006311466311466063,4.270640479448007e-05,3012
HYP-OR-CONT-EVENT-01,SPY,2022-03-28,2022-03-28T15:50:00+00:00,continuation_short,2022,11:00,60min,-0.0025197025197025713,0.0003084228470577374,3012
HYP-OR-CONT-EVENT-01,SPY,2022-03-28,2022-03-28T15:50:00+00:00,continuation_short,2022,11:00,session_close,-0.012031968031968043,-0.440039170094918,3012
HYP-OR-CONT-EVENT-01,SPY,2022-03-29,2022-03-29T14:20:00+00:00,continuation_short,2022,10:00,30min,-0.0027992045976006352,-1.531478003974215e-05,3012
HYP-OR-CONT-EVENT-01,SPY,2022-03-29,2022-03-29T14:20:00+00:00,continuation_short,2022,10:00,15min,-0.001136289141883129,-1.380367457085686e-05,3012
HYP-OR-CONT-EVENT-01,SPY,2022-03-29,2022-03-29T14:20:00+00:00,continuation_short,2022,10:00,60min,-0.0024255402836352857,-4.249132031730117e-05,3012
HYP-OR-CONT-EVENT-01,SPY,2022-03-29,2022-03-29T14:20:00+00:00,continuation_short,2022,10:00,session_close,-0.008653278849725776,-0.440108492050137,3012
HYP-OR-CONT-EVENT-01,SPY,2022-03-30,2022-03-30T14:20:00+00:00,continuation_long,2022,10:00,30min,-0.00021724490017605014,1.531478003974215e-05,3012
HYP-OR-CONT-EVENT-01,SPY,2022-03-30,2022-03-30T14:20:00+00:00,continuation_long,2022,10:00,15min,0.00011948469509670545,1.380367457085686e-05,3012
HYP-OR-CONT-EVENT-01,SPY,2022-03-30,2022-03-30T14:20:00+00:00,continuation_long,2022,10:00,60min,-0.0019432556320739813,4.249132031730117e-05,3012
HYP-OR-CONT-EVENT-01,SPY,2022-03-30,2022-03-30T14:20:00+00:00,continuation_long,2022,10:00,session_close,-0.003454193912797887,0.440108492050137,3012
HYP-OR-CONT-EVENT-01,SPY,2022-03-31,2022-03-31T14:20:00+00:00,continuation_short,2022,10:00,30min,-0.0017280601977425203,-1.531478003974215e-05,3012
HYP-OR-CONT-EVENT-01,SPY,2022-03-31,2022-03-31T14:20:00+00:00,continuation_short,2022,10:00,15min,-0.0008312188292938227,-1.380367457085686e-05,3012
HYP-OR-CONT-EVENT-01,SPY,2022-03-31,2022-03-31T14:20:00+00:00,continuation_short,2022,10:00,60min,-0.0016186892991512103,-4.249132031730117e-05,3012
HYP-OR-CONT-EVENT-01,SPY,2022-03-31,2022-03-31T14:20:00+00:00,continuation_short,2022,10:00,session_close,0.012052673024761651,-0.440108492050137,3012
HYP-OR-CONT-EVENT-01,SPY,2022-04-01,2022-04-01T14:20:00+00:00,continuation_short,2022,10:00,30min,-0.0011955896027984192,-1.531478003974215e-05,3012
HYP-OR-CONT-EVENT-01,SPY,2022-04-01,2022-04-01T14:20:00+00:00,continuation_short,2022,10:00,15min,0.0009963246689989047,-1.380367457085686e-05,3012
HYP-OR-CONT-EVENT-01,SPY,2022-04-01,2022-04-01T14:20:00+00:00,continuation_short,2022,10:00,60min,-0.0006863569941992775,-4.249132031730117e-05,3012
HYP-OR-CONT-EVENT-01,SPY,2022-04-01,2022-04-01T14:20:00+00:00,continuation_short,2022,10:00,session_close,-0.0027011468803967986,-0.440108492050137,3012
HYP-OR-CONT-EVENT-01,SPY,2022-04-04,2022-04-04T14:45:00+00:00,continuation_long,2022,10:00,30min,0.0016511458952512825,1.531478003974215e-05,3012
HYP-OR-CONT-EVENT-01,SPY,2022-04-04,2022-04-04T14:45:00+00:00,continuation_long,2022,10:00,15min,0.0017502146489662973,1.380367457085686e-05,3012
HYP-OR-CONT-EVENT-01,SPY,2022-04-04,2022-04-04T14:45:00+00:00,continuation_long,2022,10:00,60min,0.0026198181537986365,4.249132031730117e-05,3012
HYP-OR-CONT-EVENT-01,SPY,2022-04-04,2022-04-04T14:45:00+00:00,continuation_long,2022,10:00,session_close,0.005613896043854316,0.440108492050137,3012
HYP-OR-CONT-EVENT-01,SPY,2022-04-05,2022-04-05T14:20:00+00:00,continuation_long,2022,10:00,30min,0.002619991193306914,1.531478003974215e-05,3012
HYP-OR-CONT-EVENT-01,SPY,2022-04-05,2022-04-05T14:20:00+00:00,continuation_long,2022,10:00,15min,-0.0006825187142228684,1.380367457085686e-05,3012
HYP-OR-CONT-EVENT-01,SPY,2022-04-05,2022-04-05T14:20:00+00:00,continuation_long,2022,10:00,60min,0.00038529282254518016,4.249132031730117e-05,3012
HYP-OR-CONT-EVENT-01,SPY,2022-04-05,2022-04-05T14:20:00+00:00,continuation_long,2022,10:00,session_close,-0.0068251871422280175,0.440108492050137,3012
HYP-OR-CONT-EVENT-01,SPY,2022-04-06,2022-04-06T14:20:00+00:00,continuation_short,2022,10:00,30min,0.0008191754382027572,-1.531478003974215e-05,3012
HYP-OR-CONT-EVENT-01,SPY,2022-04-06,2022-04-06T14:20:00+00:00,continuation_short,2022,10:00,15min,0.00017887200664312708,-1.380367457085686e-05,3012
HYP-OR-CONT-EVENT-01,SPY,2022-04-06,2022-04-06T14:20:00+00:00,continuation_short,2022,10:00,60min,0.0005947438112978709,-4.249132031730117e-05,3012
HYP-OR-CONT-EVENT-01,SPY,2022-04-06,2022-04-06T14:20:00+00:00,continuation_short,2022,10:00,session_close,-0.0022443162690486407,-0.440108492050137,3012
HYP-OR-CONT-EVENT-01,SPY,2022-04-07,2022-04-07T14:20:00+00:00,continuation_long,2022,10:00,30min,-0.0020621791854392724,1.531478003974215e-05,3012
HYP-OR-CONT-EVENT-01,SPY,2022-04-07,2022-04-07T14:20:00+00:00,continuation_long,2022,10:00,15min,-0.001053504583865661,1.380367457085686e-05,3012
HYP-OR-CONT-EVENT-01,SPY,2022-04-07,2022-04-07T14:20:00+00:00,continuation_long,2022,10:00,60min,-0.0021518391500234824,4.249132031730117e-05,3012
HYP-OR-CONT-EVENT-01,SPY,2022-04-07,2022-04-07T14:20:00+00:00,continuation_long,2022,10:00,session_close,0.005850312689126502,0.440108492050137,3012
HYP-OR-CONT-EVENT-01,SPY,2022-04-08,2022-04-08T15:10:00+00:00,continuation_long,2022,11:00,30min,-0.0009785388635605852,-0.00011590468567266732,3012
HYP-OR-CONT-EVENT-01,SPY,2022-04-08,2022-04-08T15:10:00+00:00,continuation_long,2022,11:00,15min,-0.0006894251084176295,-4.270640479448007e-05,3012
HYP-OR-CONT-EVENT-01,SPY,2022-04-08,2022-04-08T15:10:00+00:00,continuation_long,2022,11:00,60min,-0.0004447903925275387,-0.0003084228470577374,3012
HYP-OR-CONT-EVENT-01,SPY,2022-04-08,2022-04-08T15:10:00+00:00,continuation_long,2022,11:00,session_close,-0.00451462248415424,0.440039170094918,3012
HYP-OR-CONT-EVENT-01,SPY,2022-04-11,2022-04-11T14:45:00+00:00,continuation_short,2022,10:00,30min,0.0005677063307171215,-1.531478003974215e-05,3012
HYP-OR-CONT-EVENT-01,SPY,2022-04-11,2022-04-11T14:45:00+00:00,continuation_short,2022,10:00,15min,-0.0004975912062064047,-1.380367457085686e-05,3012
HYP-OR-CONT-EVENT-01,SPY,2022-04-11,2022-04-11T14:45:00+00:00,continuation_short,2022,10:00,60min,-0.0004975912062064047,-4.249132031730117e-05,3012
HYP-OR-CONT-EVENT-01,SPY,2022-04-11,2022-04-11T14:45:00+00:00,continuation_short,2022,10:00,session_close,0.004885440933661944,-0.440108492050137,3012
HYP-OR-CONT-EVENT-01,SPY,2022-04-12,2022-04-12T15:10:00+00:00,continuation_short,2022,11:00,30min,-0.00344722357222782,0.00011590468567266732,3012
HYP-OR-CONT-EVENT-01,SPY,2022-04-12,2022-04-12T15:10:00+00:00,continuation_short,2022,11:00,15min,-0.0037862947432665273,4.270640479448007e-05,3012
HYP-OR-CONT-EVENT-01,SPY,2022-04-12,2022-04-12T15:10:00+00:00,continuation_short,2022,11:00,60min,-0.0011415396091638552,0.0003084228470577374,3012
HYP-OR-CONT-EVENT-01,SPY,2022-04-12,2022-04-12T15:10:00+00:00,continuation_short,2022,11:00,session_close,0.009369666693038847,-0.440039170094918,3012
HYP-OR-CONT-EVENT-01,SPY,2022-04-13,2022-04-13T15:20:00+00:00,continuation_long,2022,11:00,30min,-0.0002946576304992954,-0.00011590468567266732,3012
HYP-OR-CONT-EVENT-01,SPY,2022-04-13,2022-04-13T15:20:00+00:00,continuation_long,2022,11:00,15min,0.0006346472041525164,-4.270640479448007e-05,3012
HYP-OR-CONT-EVENT-01,SPY,2022-04-13,2022-04-13T15:20:00+00:00,continuation_long,2022,11:00,60min,0.0015186200956505136,-0.0003084228470577374,3012
HYP-OR-CONT-EVENT-01,SPY,2022-04-13,2022-04-13T15:20:00+00:00,continuation_long,2022,11:00,session_close,0.0049185158321811695,0.440039170094918,3012
HYP-OR-CONT-EVENT-01,SPY,2022-04-14,2022-04-14T14:25:00+00:00,continuation_short,2022,10:00,30min,-0.00038526912181313655,-1.531478003974215e-05,3012
HYP-OR-CONT-EVENT-01,SPY,2022-04-14,2022-04-14T14:25:00+00:00,continuation_short,2022,10:00,15min,-6.798866855528551e-05,-1.380367457085686e-05,3012
HYP-OR-CONT-EVENT-01,SPY,2022-04-14,2022-04-14T14:25:00+00:00,continuation_short,2022,10:00,60min,-0.0017903682719546676,-4.249132031730117e-05,3012
HYP-OR-CONT-EVENT-01,SPY,2022-04-14,2022-04-14T14:25:00+00:00,continuation_short,2022,10:00,session_close,0.007660056657223802,-0.440108492050137,3012
HYP-OR-CONT-EVENT-01,SPY,2022-04-18,2022-04-18T14:45:00+00:00,continuation_long,2022,10:00,30min,-0.00265224815025622,1.531478003974215e-05,3012
HYP-OR-CONT-EVENT-01,SPY,2022-04-18,2022-04-18T14:45:00+00:00,continuation_long,2022,10:00,15min,-0.000865110984632933,1.380367457085686e-05,3012
HYP-OR-CONT-EVENT-01,SPY,2022-04-18,2022-04-18T14:45:00+00:00,continuation_long,2022,10:00,60min,-0.0067387592487193615,4.249132031730117e-05,3012
HYP-OR-CONT-EVENT-01,SPY,2022-04-18,2022-04-18T14:45:00+00:00,continuation_long,2022,10:00,session_close,-0.002868525896414287,0.440108492050137,3012
HYP-OR-CONT-EVENT-01,SPY,2022-04-19,2022-04-19T14:20:00+00:00,continuation_long,2022,10:00,30min,0.0022168434863256703,1.531478003974215e-05,3012
HYP-OR-CONT-EVENT-01,SPY,2022-04-19,2022-04-19T14:20:00+00:00,continuation_long,2022,10:00,15min,0.0020811183749180895,1.380367457085686e-05,3012
HYP-OR-CONT-EVENT-01,SPY,2022-04-19,2022-04-19T14:20:00+00:00,continuation_long,2022,10:00,60min,0.003981269934625775,4.249132031730117e-05,3012
HYP-OR-CONT-EVENT-01,SPY,2022-04-19,2022-04-19T14:20:00+00:00,continuation_long,2022,10:00,session_close,0.006650530458977011,0.440108492050137,3012
HYP-OR-CONT-EVENT-01,SPY,2022-04-21,2022-04-21T14:25:00+00:00,continuation_short,2022,10:00,30min,0.0018410452673978117,-1.531478003974215e-05,3012
HYP-OR-CONT-EVENT-01,SPY,2022-04-21,2022-04-21T14:25:00+00:00,continuation_short,2022,10:00,15min,0.0002566305524251966,-1.380367457085686e-05,3012
HYP-OR-CONT-EVENT-01,SPY,2022-04-21,2022-04-21T14:25:00+00:00,continuation_short,2022,10:00,60min,0.003180210437052966,-4.249132031730117e-05,3012
HYP-OR-CONT-EVENT-01,SPY,2022-04-21,2022-04-21T14:25:00+00:00,continuation_short,2022,10:00,session_close,0.02248306796246502,-0.440108492050137,3012
HYP-OR-CONT-EVENT-01,SPY,2022-04-22,2022-04-22T14:35:00+00:00,continuation_short,2022,10:00,30min,0.00011557893279823261,-1.531478003974215e-05,3012
HYP-OR-CONT-EVENT-01,SPY,2022-04-22,2022-04-22T14:35:00+00:00,continuation_short,2022,10:00,15min,0.002676079082750915,-1.380367457085686e-05,3012
HYP-OR-CONT-EVENT-01,SPY,2022-04-22,2022-04-22T14:35:00+00:00,continuation_short,2022,10:00,60min,0.0037718873278428378,-4.249132031730117e-05,3012
HYP-OR-CONT-EVENT-01,SPY,2022-04-22,2022-04-22T14:35:00+00:00,continuation_short,2022,10:00,session_close,0.017025399681638964,-0.440108492050137,3012
HYP-OR-CONT-EVENT-01,SPY,2022-04-25,2022-04-25T14:20:00+00:00,continuation_short,2022,10:00,30min,-0.0003084588919206599,-1.531478003974215e-05,3012
HYP-OR-CONT-EVENT-01,SPY,2022-04-25,2022-04-25T14:20:00+00:00,continuation_short,2022,10:00,15min,-0.003559141060623938,-1.380367457085686e-05,3012
HYP-OR-CONT-EVENT-01,SPY,2022-04-25,2022-04-25T14:20:00+00:00,continuation_short,2022,10:00,60min,0.00016609324949579118,-4.249132031730117e-05,3012
HYP-OR-CONT-EVENT-01,SPY,2022-04-25,2022-04-25T14:20:00+00:00,continuation_short,2022,10:00,session_close,-0.016704235377862142,-0.440108492050137,3012
HYP-OR-CONT-EVENT-01,SPY,2022-04-26,2022-04-26T14:20:00+00:00,continuation_short,2022,10:00,30min,0.00227418093952092,-1.531478003974215e-05,3012
HYP-OR-CONT-EVENT-01,SPY,2022-04-26,2022-04-26T14:20:00+00:00,continuation_short,2022,10:00,15min,0.0019188401677208144,-1.380367457085686e-05,3012
HYP-OR-CONT-EVENT-01,SPY,2022-04-26,2022-04-26T14:20:00+00:00,continuation_short,2022,10:00,60min,0.0027005898656811134,-4.249132031730117e-05,3012
HYP-OR-CONT-EVENT-01,SPY,2022-04-26,2022-04-26T14:20:00+00:00,continuation_short,2022,10:00,session_close,0.014261009641579614,-0.440108492050137,3012
HYP-OR-CONT-EVENT-01,SPY,2022-04-27,2022-04-27T14:30:00+00:00,continuation_short,2022,10:00,30min,-0.006804029524198674,-1.531478003974215e-05,3012
HYP-OR-CONT-EVENT-01,SPY,2022-04-27,2022-04-27T14:30:00+00:00,continuation_short,2022,10:00,15min,-0.007909984853220475,-1.380367457085686e-05,3012
HYP-OR-CONT-EVENT-01,SPY,2022-04-27,2022-04-27T14:30:00+00:00,continuation_short,2022,10:00,60min,-0.01151636092611752,-4.249132031730117e-05,3012
HYP-OR-CONT-EVENT-01,SPY,2022-04-27,2022-04-27T14:30:00+00:00,continuation_short,2022,10:00,session_close,-0.0031976534513018517,-0.440108492050137,3012
HYP-OR-CONT-EVENT-01,SPY,2022-04-28,2022-04-28T14:20:00+00:00,continuation_short,2022,10:00,30min,0.004529620867166684,-1.531478003974215e-05,3012
HYP-OR-CONT-EVENT-01,SPY,2022-04-28,2022-04-28T14:20:00+00:00,continuation_short,2022,10:00,15min,0.005599610048387382,-1.380367457085686e-05,3012
HYP-OR-CONT-EVENT-01,SPY,2022-04-28,2022-04-28T14:20:00+00:00,continuation_short,2022,10:00,60min,-0.0005349945906103493,-4.249132031730117e-05,3012
HYP-OR-CONT-EVENT-01,SPY,2022-04-28,2022-04-28T14:20:00+00:00,continuation_short,2022,10:00,session_close,-0.017179270742929242,-0.440108492050137,3012
HYP-OR-CONT-EVENT-01,SPY,2022-04-29,2022-04-29T14:35:00+00:00,continuation_short,2022,10:00,30min,0.0016626288537361367,-1.531478003974215e-05,3012
HYP-OR-CONT-EVENT-01,SPY,2022-04-29,2022-04-29T14:35:00+00:00,continuation_short,2022,10:00,15min,0.0013538549237566144,-1.380367457085686e-05,3012
HYP-OR-CONT-EVENT-01,SPY,2022-04-29,2022-04-29T14:35:00+00:00,continuation_short,2022,10:00,60min,0.00014251104460594188,-4.249132031730117e-05,3012
HYP-OR-CONT-EVENT-01,SPY,2022-04-29,2022-04-29T14:35:00+00:00,continuation_short,2022,10:00,session_close,0.021305401168590477,-0.440108492050137,3012
HYP-OR-CONT-EVENT-01,SPY,2022-05-02,2022-05-02T14:40:00+00:00,continuation_long,2022,10:00,30min,-0.0058233464348580455,1.531478003974215e-05,3012
HYP-OR-CONT-EVENT-01,SPY,2022-05-02,2022-05-02T14:40:00+00:00,continuation_long,2022,10:00,15min,-0.005546044223674218,1.380367457085686e-05,3012
HYP-OR-CONT-EVENT-01,SPY,2022-05-02,2022-05-02T14:40:00+00:00,continuation_long,2022,10:00,60min,-0.010006992838368922,4.249132031730117e-05,3012
HYP-OR-CONT-EVENT-01,SPY,2022-05-02,2022-05-02T14:40:00+00:00,continuation_long,2022,10:00,session_close,-0.0005063779508571731,0.440108492050137,3012
HYP-OR-CONT-EVENT-01,SPY,2022-05-03,2022-05-03T14:45:00+00:00,continuation_long,2022,10:00,30min,0.007430280806716372,1.531478003974215e-05,3012
HYP-OR-CONT-EVENT-01,SPY,2022-05-03,2022-05-03T14:45:00+00:00,continuation_long,2022,10:00,15min,0.0045112419183634955,1.380367457085686e-05,3012
HYP-OR-CONT-EVENT-01,SPY,2022-05-03,2022-05-03T14:45:00+00:00,continuation_long,2022,10:00,60min,0.007647158158834433,4.249132031730117e-05,3012
HYP-OR-CONT-EVENT-01,SPY,2022-05-03,2022-05-03T14:45:00+00:00,continuation_long,2022,10:00,session_close,0.004583614783363998,0.440108492050137,3012
HYP-OR-CONT-EVENT-01,SPY,2022-05-04,2022-05-04T14:20:00+00:00,continuation_short,2022,10:00,30min,-9.641574469121394e-05,-1.531478003974215e-05,3012
HYP-OR-CONT-EVENT-01,SPY,2022-05-04,2022-05-04T14:20:00+00:00,continuation_short,2022,10:00,15min,-0.0008026610745535123,-1.380367457085686e-05,3012
HYP-OR-CONT-EVENT-01,SPY,2022-05-04,2022-05-04T14:20:00+00:00,continuation_short,2022,10:00,60min,0.0010364692554294397,-4.249132031730117e-05,3012
HYP-OR-CONT-EVENT-01,SPY,2022-05-04,2022-05-04T14:20:00+00:00,continuation_short,2022,10:00,session_close,-0.03403475787596122,-0.440108492050137,3012
HYP-OR-CONT-EVENT-01,SPY,2022-05-05,2022-05-05T14:20:00+00:00,continuation_short,2022,10:00,30min,0.008781545647356004,-1.531478003974215e-05,3012
HYP-OR-CONT-EVENT-01,SPY,2022-05-05,2022-05-05T14:20:00+00:00,continuation_short,2022,10:00,15min,0.006493815980744944,-1.380367457085686e-05,3012
HYP-OR-CONT-EVENT-01,SPY,2022-05-05,2022-05-05T14:20:00+00:00,continuation_short,2022,10:00,60min,0.01406000524271378,-4.249132031730117e-05,3012
HYP-OR-CONT-EVENT-01,SPY,2022-05-05,2022-05-05T14:20:00+00:00,continuation_short,2022,10:00,session_close,0.013607225412863633,-0.440108492050137,3012
HYP-OR-CONT-EVENT-01,SPY,2022-05-06,2022-05-06T15:05:00+00:00,continuation_long,2022,11:00,30min,-0.0038112346458222257,-0.00011590468567266732,3012
HYP-OR-CONT-EVENT-01,SPY,2022-05-06,2022-05-06T15:05:00+00:00,continuation_long,2022,11:00,15min,0.006068844977423993,-4.270640479448007e-05,3012
HYP-OR-CONT-EVENT-01,SPY,2022-05-06,2022-05-06T15:05:00+00:00,continuation_long,2022,11:00,60min,-0.0003398553187357045,-0.0003084228470577374,3012
HYP-OR-CONT-EVENT-01,SPY,2022-05-06,2022-05-06T15:05:00+00:00,continuation_long,2022,11:00,session_close,-0.001359421274942929,0.440039170094918,3012
HYP-OR-CONT-EVENT-01,SPY,2022-05-09,2022-05-09T14:25:00+00:00,continuation_short,2022,10:00,30min,0.004263186649448691,-1.531478003974215e-05,3012
HYP-OR-CONT-EVENT-01,SPY,2022-05-09,2022-05-09T14:25:00+00:00,continuation_short,2022,10:00,15min,0.0007447601072811949,-1.380367457085686e-05,3012
HYP-OR-CONT-EVENT-01,SPY,2022-05-09,2022-05-09T14:25:00+00:00,continuation_short,2022,10:00,60min,0.006344988576537203,-4.249132031730117e-05,3012
HYP-OR-CONT-EVENT-01,SPY,2022-05-09,2022-05-09T14:25:00+00:00,continuation_short,2022,10:00,session_close,0.011026124962749573,-0.440108492050137,3012
HYP-OR-CONT-EVENT-01,SPY,2022-05-10,2022-05-10T14:50:00+00:00,continuation_short,2022,10:00,30min,0.005949398797595151,-1.531478003974215e-05,3012
HYP-OR-CONT-EVENT-01,SPY,2022-05-10,2022-05-10T14:50:00+00:00,continuation_short,2022,10:00,15min,0.0052104208416833275,-1.380367457085686e-05,3012
HYP-OR-CONT-EVENT-01,SPY,2022-05-10,2022-05-10T14:50:00+00:00,continuation_short,2022,10:00,60min,0.005235470941883702,-4.249132031730117e-05,3012
HYP-OR-CONT-EVENT-01,SPY,2022-05-10,2022-05-10T14:50:00+00:00,continuation_short,2022,10:00,session_close,0.00032565130260520103,-0.440108492050137,3012
HYP-OR-CONT-EVENT-01,SPY,2022-05-11,2022-05-11T14:40:00+00:00,continuation_long,2022,10:00,30min,-0.003956540073921544,1.531478003974215e-05,3012
HYP-OR-CONT-EVENT-01,SPY,2022-05-11,2022-05-11T14:40:00+00:00,continuation_long,2022,10:00,15min,-0.004167390171904817,1.380367457085686e-05,3012
HYP-OR-CONT-EVENT-01,SPY,2022-05-11,2022-05-11T14:40:00+00:00,continuation_long,2022,10:00,60min,-0.0005953414531293388,4.249132031730117e-05,3012
HYP-OR-CONT-EVENT-01,SPY,2022-05-11,2022-05-11T14:40:00+00:00,continuation_long,2022,10:00,session_close,-0.025698906060079962,0.440108492050137,3012
HYP-OR-CONT-EVENT-01,SPY,2022-05-12,2022-05-12T14:25:00+00:00,continuation_long,2022,10:00,30min,0.001932563698316514,1.531478003974215e-05,3012
HYP-OR-CONT-EVENT-01,SPY,2022-05-12,2022-05-12T14:25:00+00:00,continuation_long,2022,10:00,15min,-0.005085693942938563,1.380367457085686e-05,3012
HYP-OR-CONT-EVENT-01,SPY,2022-05-12,2022-05-12T14:25:00+00:00,continuation_long,2022,10:00,60min,-0.0006969943548796875,4.249132031730117e-05,3012
HYP-OR-CONT-EVENT-01,SPY,2022-05-12,2022-05-12T14:25:00+00:00,continuation_long,2022,10:00,session_close,-0.0021614199257488087,0.440108492050137,3012
HYP-OR-CONT-EVENT-01,SPY,2022-05-13,2022-05-13T14:20:00+00:00,continuation_long,2022,10:00,30min,0.0031512605042018915,1.531478003974215e-05,3012
HYP-OR-CONT-EVENT-01,SPY,2022-05-13,2022-05-13T14:20:00+00:00,continuation_long,2022,10:00,15min,0.003101240496198532,1.380367457085686e-05,3012
HYP-OR-CONT-EVENT-01,SPY,2022-05-13,2022-05-13T14:20:00+00:00,continuation_long,2022,10:00,60min,0.003401360544217802,4.249132031730117e-05,3012
HYP-OR-CONT-EVENT-01,SPY,2022-05-13,2022-05-13T14:20:00+00:00,continuation_long,2022,10:00,session_close,0.004626850740296229,0.440108492050137,3012
HYP-OR-CONT-EVENT-01,SPY,2022-05-16,2022-05-16T14:40:00+00:00,continuation_long,2022,10:00,30min,-0.0036836321862044885,1.531478003974215e-05,3012
HYP-OR-CONT-EVENT-01,SPY,2022-05-16,2022-05-16T14:40:00+00:00,continuation_long,2022,10:00,15min,-0.0047450177313821396,1.380367457085686e-05,3012
HYP-OR-CONT-EVENT-01,SPY,2022-05-16,2022-05-16T14:40:00+00:00,continuation_long,2022,10:00,60min,0.0002497377753358787,4.249132031730117e-05,3012
HYP-OR-CONT-EVENT-01,SPY,2022-05-16,2022-05-16T14:40:00+00:00,continuation_long,2022,10:00,session_close,-0.00047450177313823616,0.440108492050137,3012
HYP-OR-CONT-EVENT-01,SPY,2022-05-17,2022-05-17T14:45:00+00:00,continuation_short,2022,10:00,30min,-0.003087644462080208,-1.531478003974215e-05,3012
HYP-OR-CONT-EVENT-01,SPY,2022-05-17,2022-05-17T14:45:00+00:00,continuation_short,2022,10:00,15min,-0.002876841426516563,-1.380367457085686e-05,3012
HYP-OR-CONT-EVENT-01,SPY,2022-05-17,2022-05-17T14:45:00+00:00,continuation_short,2022,10:00,60min,-0.004816973364416333,-4.249132031730117e-05,3012
HYP-OR-CONT-EVENT-01,SPY,2022-05-17,2022-05-17T14:45:00+00:00,continuation_short,2022,10:00,session_close,-0.0125241803481968,-0.440108492050137,3012
HYP-OR-CONT-EVENT-01,SPY,2022-05-18,2022-05-18T14:45:00+00:00,continuation_short,2022,10:00,30min,0.005269861884662497,-1.531478003974215e-05,3012
HYP-OR-CONT-EVENT-01,SPY,2022-05-18,2022-05-18T14:45:00+00:00,continuation_short,2022,10:00,15min,0.0012612702614950289,-1.380367457085686e-05,3012
HYP-OR-CONT-EVENT-01,SPY,2022-05-18,2022-05-18T14:45:00+00:00,continuation_short,2022,10:00,60min,0.007167761432603115,-4.249132031730117e-05,3012
HYP-OR-CONT-EVENT-01,SPY,2022-05-18,2022-05-18T14:45:00+00:00,continuation_short,2022,10:00,session_close,0.02112939883613474,-0.440108492050137,3012
HYP-OR-CONT-EVENT-01,SPY,2022-05-19,2022-05-19T14:40:00+00:00,continuation_long,2022,10:00,30min,-2.570033410442818e-05,1.531478003974215e-05,3012
HYP-OR-CONT-EVENT-01,SPY,2022-05-19,2022-05-19T14:40:00+00:00,continuation_long,2022,10:00,15min,0.0005654073502954216,1.380367457085686e-05,3012
HYP-OR-CONT-EVENT-01,SPY,2022-05-19,2022-05-19T14:40:00+00:00,continuation_long,2022,10:00,60min,0.00986892829606778,4.249132031730117e-05,3012
HYP-OR-CONT-EVENT-01,SPY,2022-05-19,2022-05-19T14:40:00+00:00,continuation_long,2022,10:00,session_close,0.0008995116936518777,0.440108492050137,3012
HYP-OR-CONT-EVENT-01,SPY,2022-05-20,2022-05-20T14:25:00+00:00,continuation_short,2022,10:00,30min,0.007509219748456641,-1.531478003974215e-05,3012
HYP-OR-CONT-EVENT-01,SPY,2022-05-20,2022-05-20T14:25:00+00:00,continuation_short,2022,10:00,15min,-0.00042689592881628435,-1.380367457085686e-05,3012
HYP-OR-CONT-EVENT-01,SPY,2022-05-20,2022-05-20T14:25:00+00:00,continuation_short,2022,10:00,60min,0.010047035378071723,-4.249132031730117e-05,3012
HYP-OR-CONT-EVENT-01,SPY,2022-05-20,2022-05-20T14:25:00+00:00,continuation_short,2022,10:00,session_close,0.002287619275413877,-0.440108492050137,3012
HYP-OR-CONT-EVENT-01,SPY,2022-05-23,2022-05-23T14:50:00+00:00,continuation_long,2022,10:00,30min,0.004080136012992286,1.531478003974215e-05,3012
HYP-OR-CONT-EVENT-01,SPY,2022-05-23,2022-05-23T14:50:00+00:00,continuation_long,2022,10:00,15min,0.002968940316687041,1.380367457085686e-05,3012
HYP-OR-CONT-EVENT-01,SPY,2022-05-23,2022-05-23T14:50:00+00:00,continuation_long,2022,10:00,60min,0.005798315062931492,4.249132031730117e-05,3012
HYP-OR-CONT-EVENT-01,SPY,2022-05-23,2022-05-23T14:50:00+00:00,continuation_long,2022,10:00,session_close,0.007232034104750262,0.440108492050137,3012
HYP-OR-CONT-EVENT-01,SPY,2022-05-24,2022-05-24T14:20:00+00:00,continuation_short,2022,10:00,30min,0.0006450447661067171,-1.531478003974215e-05,3012
HYP-OR-CONT-EVENT-01,SPY,2022-05-24,2022-05-24T14:20:00+00:00,continuation_short,2022,10:00,15min,-0.0024769719018500336,-1.380367457085686e-05,3012
HYP-OR-CONT-EVENT-01,SPY,2022-05-24,2022-05-24T14:20:00+00:00,continuation_short,2022,10:00,60min,-0.0017029181825218842,-4.249132031730117e-05,3012
HYP-OR-CONT-EVENT-01,SPY,2022-05-24,2022-05-24T14:20:00+00:00,continuation_short,2022,10:00,session_close,-0.016590551384266128,-0.440108492050137,3012
HYP-OR-CONT-EVENT-01,SPY,2022-05-25,2022-05-25T14:35:00+00:00,continuation_long,2022,10:00,30min,-0.003046707793025294,1.531478003974215e-05,3012
HYP-OR-CONT-EVENT-01,SPY,2022-05-25,2022-05-25T14:35:00+00:00,continuation_long,2022,10:00,15min,-0.003071887196273382,1.380367457085686e-05,3012
HYP-OR-CONT-EVENT-01,SPY,2022-05-25,2022-05-25T14:35:00+00:00,continuation_long,2022,10:00,60min,-0.006471106634772794,4.249132031730117e-05,3012
HYP-OR-CONT-EVENT-01,SPY,2022-05-25,2022-05-25T14:35:00+00:00,continuation_long,2022,10:00,session_close,0.0010071761299257354,0.440108492050137,3012
HYP-OR-CONT-EVENT-01,SPY,2022-05-26,2022-05-26T14:20:00+00:00,continuation_long,2022,10:00,30min,4.954296613735032e-05,1.531478003974215e-05,3012
HYP-OR-CONT-EVENT-01,SPY,2022-05-26,2022-05-26T14:20:00+00:00,continuation_long,2022,10:00,15min,-0.0003220292798929991,1.380367457085686e-05,3012
HYP-OR-CONT-EVENT-01,SPY,2022-05-26,2022-05-26T14:20:00+00:00,continuation_long,2022,10:00,60min,0.002130347543907396,4.249132031730117e-05,3012
HYP-OR-CONT-EVENT-01,SPY,2022-05-26,2022-05-26T14:20:00+00:00,continuation_long,2022,10:00,session_close,0.00396343729099069,0.440108492050137,3012
HYP-OR-CONT-EVENT-01,SPY,2022-05-27,2022-05-27T14:20:00+00:00,continuation_long,2022,10:00,30min,-0.0005585778123179397,1.531478003974215e-05,3012
HYP-OR-CONT-EVENT-01,SPY,2022-05-27,2022-05-27T14:20:00+00:00,continuation_long,2022,10:00,15min,-7.28579755197023e-05,1.380367457085686e-05,3012
HYP-OR-CONT-EVENT-01,SPY,2022-05-27,2022-05-27T14:20:00+00:00,continuation_long,2022,10:00,60min,0.000315717893918821,4.249132031730117e-05,3012
HYP-OR-CONT-EVENT-01,SPY,2022-05-27,2022-05-27T14:20:00+00:00,continuation_long,2022,10:00,session_close,0.008718671070526707,0.440108492050137,3012
HYP-OR-CONT-EVENT-01,SPY,2022-05-31,2022-05-31T16:10:00+00:00,continuation_long,2022,12:00,30min,0.0008435361033451994,-0.00010808507425021037,3000
HYP-OR-CONT-EVENT-01,SPY,2022-05-31,2022-05-31T16:10:00+00:00,continuation_long,2022,12:00,15min,-0.0013289308782415965,-6.324558677280933e-05,3006
HYP-OR-CONT-EVENT-01,SPY,2022-05-31,2022-05-31T16:10:00+00:00,continuation_long,2022,12:00,60min,2.4101031524059735e-05,-0.00012944745121344975,2988
HYP-OR-CONT-EVENT-01,SPY,2022-05-31,2022-05-31T16:10:00+00:00,continuation_long,2022,12:00,session_close,-0.004772004241781591,0.44046492733764714,3012
HYP-OR-CONT-EVENT-01,SPY,2022-06-01,2022-06-01T14:20:00+00:00,continuation_short,2022,10:00,30min,0.00026780279975657795,-1.531478003974215e-05,3012
HYP-OR-CONT-EVENT-01,SPY,2022-06-01,2022-06-01T14:20:00+00:00,continuation_short,2022,10:00,15min,0.0021424223980522905,-1.380367457085686e-05,3012
HYP-OR-CONT-EVENT-01,SPY,2022-06-01,2022-06-01T14:20:00+00:00,continuation_short,2022,10:00,60min,0.005136944613511885,-4.249132031730117e-05,3012
HYP-OR-CONT-EVENT-01,SPY,2022-06-01,2022-06-01T14:20:00+00:00,continuation_short,2022,10:00,session_close,0.0027510651247717455,-0.440108492050137,3012
HYP-OR-CONT-EVENT-01,SPY,2022-06-02,2022-06-02T15:15:00+00:00,continuation_long,2022,11:00,30min,0.003400204012240726,-0.00011590468567266732,3012
HYP-OR-CONT-EVENT-01,SPY,2022-06-02,2022-06-02T15:15:00+00:00,continuation_long,2022,11:00,15min,-0.0008500510030602371,-4.270640479448007e-05,3012
HYP-OR-CONT-EVENT-01,SPY,2022-06-02,2022-06-02T15:15:00+00:00,continuation_long,2022,11:00,60min,0.0033273424976927313,-0.0003084228470577374,3012
HYP-OR-CONT-EVENT-01,SPY,2022-06-02,2022-06-02T15:15:00+00:00,continuation_long,2022,11:00,session_close,0.0136736775635109,0.440039170094918,3012
HYP-OR-CONT-EVENT-01,SPY,2022-06-03,2022-06-03T14:20:00+00:00,continuation_long,2022,10:00,30min,-0.004465636383439553,1.531478003974215e-05,3012
HYP-OR-CONT-EVENT-01,SPY,2022-06-03,2022-06-03T14:20:00+00:00,continuation_long,2022,10:00,15min,-0.004816594256392803,1.380367457085686e-05,3012
HYP-OR-CONT-EVENT-01,SPY,2022-06-03,2022-06-03T14:20:00+00:00,continuation_long,2022,10:00,60min,-0.007817889169923986,4.249132031730117e-05,3012
HYP-OR-CONT-EVENT-01,SPY,2022-06-03,2022-06-03T14:20:00+00:00,continuation_long,2022,10:00,session_close,-0.006208323752586842,0.440108492050137,3012
HYP-OR-CONT-EVENT-01,SPY,2022-06-06,2022-06-06T14:20:00+00:00,continuation_long,2022,10:00,30min,-0.000120224097718169,1.531478003974215e-05,3012
HYP-OR-CONT-EVENT-01,SPY,2022-06-06,2022-06-06T14:20:00+00:00,continuation_long,2022,10:00,15min,0.0004325663035900096,1.380367457085686e-05,3012
HYP-OR-CONT-EVENT-01,SPY,2022-06-06,2022-06-06T14:20:00+00:00,continuation_long,2022,10:00,60min,-0.006686864315083363,4.249132031730117e-05,3012
HYP-OR-CONT-EVENT-01,SPY,2022-06-06,2022-06-06T14:20:00+00:00,continuation_long,2022,10:00,session_close,-0.009930510471518939,0.440108492050137,3012
HYP-OR-CONT-EVENT-01,SPY,2022-06-07,2022-06-07T14:25:00+00:00,continuation_long,2022,10:00,30min,0.007316537814306301,1.531478003974215e-05,3012
HYP-OR-CONT-EVENT-01,SPY,2022-06-07,2022-06-07T14:25:00+00:00,continuation_long,2022,10:00,15min,0.007608955442284682,1.380367457085686e-05,3012
HYP-OR-CONT-EVENT-01,SPY,2022-06-07,2022-06-07T14:25:00+00:00,continuation_long,2022,10:00,60min,0.0042192034729167105,4.249132031730117e-05,3012
HYP-OR-CONT-EVENT-01,SPY,2022-06-07,2022-06-07T14:25:00+00:00,continuation_long,2022,10:00,session_close,0.013828256469038847,0.440108492050137,3012
HYP-OR-CONT-EVENT-01,SPY,2022-06-08,2022-06-08T16:55:00+00:00,continuation_short,2022,12:00,30min,0.0013614647750698206,0.00010808507425021037,3000
HYP-OR-CONT-EVENT-01,SPY,2022-06-08,2022-06-08T16:55:00+00:00,continuation_short,2022,12:00,15min,0.0003395174002668311,6.324558677280933e-05,3006
HYP-OR-CONT-EVENT-01,SPY,2022-06-08,2022-06-08T16:55:00+00:00,continuation_short,2022,12:00,60min,0.002012853158724459,0.00012944745121344975,2988
HYP-OR-CONT-EVENT-01,SPY,2022-06-08,2022-06-08T16:55:00+00:00,continuation_short,2022,12:00,session_close,0.002570631744876928,-0.44046492733764714,3012
HYP-OR-CONT-EVENT-01,SPY,2022-06-09,2022-06-09T15:20:00+00:00,continuation_short,2022,11:00,30min,-0.00033015003484937466,0.00011590468567266732,3012
HYP-OR-CONT-EVENT-01,SPY,2022-06-09,2022-06-09T15:20:00+00:00,continuation_short,2022,11:00,15min,-0.0004419119355352219,4.270640479448007e-05,3012
HYP-OR-CONT-EVENT-01,SPY,2022-06-09,2022-06-09T15:20:00+00:00,continuation_short,2022,11:00,60min,-0.000158961127890489,0.0003084228470577374,3012
HYP-OR-CONT-EVENT-01,SPY,2022-06-09,2022-06-09T15:20:00+00:00,continuation_short,2022,11:00,session_close,0.018182707474841187,-0.440039170094918,3012
HYP-OR-CONT-EVENT-01,SPY,2022-06-10,2022-06-10T14:20:00+00:00,continuation_short,2022,10:00,30min,-0.0030189065418169125,-1.531478003974215e-05,3012
HYP-OR-CONT-EVENT-01,SPY,2022-06-10,2022-06-10T14:20:00+00:00,continuation_short,2022,10:00,15min,-0.0023539795840048505,-1.380367457085686e-05,3012
HYP-OR-CONT-EVENT-01,SPY,2022-06-10,2022-06-10T14:20:00+00:00,continuation_short,2022,10:00,60min,0.0005628469823727444,-4.249132031730117e-05,3012
HYP-OR-CONT-EVENT-01,SPY,2022-06-10,2022-06-10T14:20:00+00:00,continuation_short,2022,10:00,session_close,0.002686315143142215,-0.440108492050137,3012
HYP-OR-CONT-EVENT-01,SPY,2022-06-13,2022-06-13T14:30:00+00:00,continuation_short,2022,10:00,30min,0.00477213075638272,-1.531478003974215e-05,3012
HYP-OR-CONT-EVENT-01,SPY,2022-06-13,2022-06-13T14:30:00+00:00,continuation_short,2022,10:00,15min,0.003632121742357941,-1.380367457085686e-05,3012
HYP-OR-CONT-EVENT-01,SPY,2022-06-13,2022-06-13T14:30:00+00:00,continuation_short,2022,10:00,60min,-0.0006627959383864734,-4.249132031730117e-05,3012
HYP-OR-CONT-EVENT-01,SPY,2022-06-13,2022-06-13T14:30:00+00:00,continuation_short,2022,10:00,session_close,0.005753068745194767,-0.440108492050137,3012
HYP-OR-CONT-EVENT-01,SPY,2022-06-14,2022-06-14T14:40:00+00:00,continuation_short,2022,10:00,30min,0.0009085079093630322,-1.531478003974215e-05,3012
HYP-OR-CONT-EVENT-01,SPY,2022-06-14,2022-06-14T14:40:00+00:00,continuation_short,2022,10:00,15min,-0.0024583155194528583,-1.380367457085686e-05,3012
HYP-OR-CONT-EVENT-01,SPY,2022-06-14,2022-06-14T14:40:00+00:00,continuation_short,2022,10:00,60min,-0.0021376656690894613,-4.249132031730117e-05,3012
HYP-OR-CONT-EVENT-01,SPY,2022-06-14,2022-06-14T14:40:00+00:00,continuation_short,2022,10:00,session_close,0.0011222744762720005,-0.440108492050137,3012
HYP-OR-CONT-EVENT-01,SPY,2022-06-15,2022-06-15T14:20:00+00:00,continuation_long,2022,10:00,30min,-0.0049940550109652815,1.531478003974215e-05,3012
HYP-OR-CONT-EVENT-01,SPY,2022-06-15,2022-06-15T14:20:00+00:00,continuation_long,2022,10:00,15min,-0.0018363410574154804,1.380367457085686e-05,3012
HYP-OR-CONT-EVENT-01,SPY,2022-06-15,2022-06-15T14:20:00+00:00,continuation_long,2022,10:00,60min,-0.004861679921790429,4.249132031730117e-05,3012
HYP-OR-CONT-EVENT-01,SPY,2022-06-15,2022-06-15T14:20:00+00:00,continuation_long,2022,10:00,session_close,0.0017438634502073835,0.440108492050137,3012
HYP-OR-CONT-EVENT-01,SPY,2022-06-16,2022-06-16T14:20:00+00:00,continuation_short,2022,10:00,30min,0.0033453922315308526,-1.531478003974215e-05,3012
HYP-OR-CONT-EVENT-01,SPY,2022-06-16,2022-06-16T14:20:00+00:00,continuation_short,2022,10:00,15min,-0.00038352736372537777,-1.380367457085686e-05,3012
HYP-OR-CONT-EVENT-01,SPY,2022-06-16,2022-06-16T14:20:00+00:00,continuation_short,2022,10:00,60min,-0.00021760417800043008,-4.249132031730117e-05,3012
HYP-OR-CONT-EVENT-01,SPY,2022-06-16,2022-06-16T14:20:00+00:00,continuation_short,2022,10:00,session_close,0.0019312370797518463,-0.440108492050137,3012
HYP-OR-CONT-EVENT-01,SPY,2022-06-17,2022-06-17T14:40:00+00:00,continuation_short,2022,10:00,30min,-0.00448242670920207,-1.531478003974215e-05,3012
HYP-OR-CONT-EVENT-01,SPY,2022-06-17,2022-06-17T14:40:00+00:00,continuation_short,2022,10:00,15min,0.00022000990044546143,-1.380367457085686e-05,3012
HYP-OR-CONT-EVENT-01,SPY,2022-06-17,2022-06-17T14:40:00+00:00,continuation_short,2022,10:00,60min,-0.004895220284912849,-4.249132031730117e-05,3012
HYP-OR-CONT-EVENT-01,SPY,2022-06-17,2022-06-17T14:40:00+00:00,continuation_short,2022,10:00,session_close,-0.006105274737363109,-0.440108492050137,3012
HYP-OR-CONT-EVENT-01,SPY,2022-06-21,2022-06-21T14:20:00+00:00,continuation_long,2022,10:00,30min,0.003094736280447208,1.531478003974215e-05,3012
HYP-OR-CONT-EVENT-01,SPY,2022-06-21,2022-06-21T14:20:00+00:00,continuation_long,2022,10:00,15min,0.001787210201958267,1.380367457085686e-05,3012
HYP-OR-CONT-EVENT-01,SPY,2022-06-21,2022-06-21T14:20:00+00:00,continuation_long,2022,10:00,60min,0.0009604353973802215,4.249132031730117e-05,3012
HYP-OR-CONT-EVENT-01,SPY,2022-06-21,2022-06-21T14:20:00+00:00,continuation_long,2022,10:00,session_close,0.0006400234773098479,0.440108492050137,3012
HYP-OR-CONT-EVENT-01,SPY,2022-06-22,2022-06-22T14:30:00+00:00,continuation_long,2022,10:00,30min,-0.002467890882071888,1.531478003974215e-05,3012
HYP-OR-CONT-EVENT-01,SPY,2022-06-22,2022-06-22T14:30:00+00:00,continuation_long,2022,10:00,15min,-0.00015921876658531176,1.380367457085686e-05,3012
HYP-OR-CONT-EVENT-01,SPY,2022-06-22,2022-06-22T14:30:00+00:00,continuation_long,2022,10:00,60min,0.0008764993100520702,4.249132031730117e-05,3012
HYP-OR-CONT-EVENT-01,SPY,2022-06-22,2022-06-22T14:30:00+00:00,continuation_long,2022,10:00,session_close,-0.006501432968899268,0.440108492050137,3012
HYP-OR-CONT-EVENT-01,SPY,2022-06-23,2022-06-23T15:00:00+00:00,continuation_long,2022,11:00,30min,-0.004155307942725561,-0.00011590468567266732,3012
HYP-OR-CONT-EVENT-01,SPY,2022-06-23,2022-06-23T15:00:00+00:00,continuation_long,2022,11:00,15min,-0.00016144827038611087,-4.270640479448007e-05,3012
HYP-OR-CONT-EVENT-01,SPY,2022-06-23,2022-06-23T15:00:00+00:00,continuation_long,2022,11:00,60min,-0.010030966307598588,-0.0003084228470577374,3012
HYP-OR-CONT-EVENT-01,SPY,2022-06-23,2022-06-23T15:00:00+00:00,continuation_long,2022,11:00,session_close,0.0007940078871451206,0.440039170094918,3012
HYP-OR-CONT-EVENT-01,SPY,2022-06-24,2022-06-24T14:20:00+00:00,continuation_long,2022,10:00,30min,-0.00046559751681329864,1.531478003974215e-05,3012
HYP-OR-CONT-EVENT-01,SPY,2022-06-24,2022-06-24T14:20:00+00:00,continuation_long,2022,10:00,15min,-0.001138127263321298,1.380367457085686e-05,3012
HYP-OR-CONT-EVENT-01,SPY,2022-06-24,2022-06-24T14:20:00+00:00,continuation_long,2022,10:00,60min,-0.0005173305742370848,4.249132031730117e-05,3012
HYP-OR-CONT-EVENT-01,SPY,2022-06-24,2022-06-24T14:20:00+00:00,continuation_long,2022,10:00,session_close,0.008923952405587077,0.440108492050137,3012
HYP-OR-CONT-EVENT-01,SPY,2022-06-28,2022-06-28T14:25:00+00:00,continuation_short,2022,10:00,30min,0.0026167936581237283,-1.531478003974215e-05,3012
HYP-OR-CONT-EVENT-01,SPY,2022-06-28,2022-06-28T14:25:00+00:00,continuation_short,2022,10:00,15min,0.0018728033043433623,-1.380367457085686e-05,3012
HYP-OR-CONT-EVENT-01,SPY,2022-06-28,2022-06-28T14:25:00+00:00,continuation_short,2022,10:00,60min,0.010313245593781328,-4.249132031730117e-05,3012
HYP-OR-CONT-EVENT-01,SPY,2022-06-28,2022-06-28T14:25:00+00:00,continuation_short,2022,10:00,session_close,0.023217630005900602,-0.440108492050137,3012
HYP-OR-CONT-EVENT-01,SPY,2022-06-29,2022-06-29T14:20:00+00:00,continuation_long,2022,10:00,30min,0.004384059402029905,1.531478003974215e-05,3012
HYP-OR-CONT-EVENT-01,SPY,2022-06-29,2022-06-29T14:20:00+00:00,continuation_long,2022,10:00,15min,0.0034624853535552003,1.380367457085686e-05,3012
HYP-OR-CONT-EVENT-01,SPY,2022-06-29,2022-06-29T14:20:00+00:00,continuation_long,2022,10:00,60min,-0.0004868544044657197,4.249132031730117e-05,3012
HYP-OR-CONT-EVENT-01,SPY,2022-06-29,2022-06-29T14:20:00+00:00,continuation_long,2022,10:00,session_close,0.0015140145082086498,0.440108492050137,3012
HYP-OR-CONT-EVENT-01,SPY,2022-06-30,2022-06-30T15:45:00+00:00,continuation_long,2022,11:00,30min,0.0014842197312980865,-0.00011590468567266732,3012
HYP-OR-CONT-EVENT-01,SPY,2022-06-30,2022-06-30T15:45:00+00:00,continuation_long,2022,11:00,15min,0.001536953122929674,-4.270640479448007e-05,3012
HYP-OR-CONT-EVENT-01,SPY,2022-06-30,2022-06-30T15:45:00+00:00,continuation_long,2022,11:00,60min,0.005326337546704751,-0.0003084228470577374,3012
HYP-OR-CONT-EVENT-01,SPY,2022-06-30,2022-06-30T15:45:00+00:00,continuation_long,2022,11:00,session_close,-0.0002252431300844293,0.440039170094918,3012
HYP-OR-CONT-EVENT-01,SPY,2022-07-01,2022-07-01T14:30:00+00:00,continuation_short,2022,10:00,30min,-2.66638225254745e-05,-1.531478003974215e-05,3012
HYP-OR-CONT-EVENT-01,SPY,2022-07-01,2022-07-01T14:30:00+00:00,continuation_short,2022,10:00,15min,-0.0008644411262797025,-1.380367457085686e-05,3012
HYP-OR-CONT-EVENT-01,SPY,2022-07-01,2022-07-01T14:30:00+00:00,continuation_short,2022,10:00,60min,-0.004932540529010154,-4.249132031730117e-05,3012
HYP-OR-CONT-EVENT-01,SPY,2022-07-01,2022-07-01T14:30:00+00:00,continuation_short,2022,10:00,session_close,-0.0016798208191126651,-0.440108492050137,3012
HYP-OR-CONT-EVENT-01,SPY,2022-07-05,2022-07-05T15:20:00+00:00,continuation_short,2022,11:00,30min,-0.004613286264441463,0.00011590468567266732,3012
HYP-OR-CONT-EVENT-01,SPY,2022-07-05,2022-07-05T15:20:00+00:00,continuation_short,2022,11:00,15min,0.0006685922122379173,4.270640479448007e-05,3012
HYP-OR-CONT-EVENT-01,SPY,2022-07-05,2022-07-05T15:20:00+00:00,continuation_short,2022,11:00,60min,-0.007987270004279123,0.0003084228470577374,3012
HYP-OR-CONT-EVENT-01,SPY,2022-07-05,2022-07-05T15:20:00+00:00,continuation_short,2022,11:00,session_close,-0.02147518185708175,-0.440039170094918,3012
HYP-OR-CONT-EVENT-01,SPY,2022-07-06,2022-07-06T14:30:00+00:00,continuation_short,2022,10:00,30min,0.00442211581233487,-1.531478003974215e-05,3012
HYP-OR-CONT-EVENT-01,SPY,2022-07-06,2022-07-06T14:30:00+00:00,continuation_short,2022,10:00,15min,0.002750870031661412,-1.380367457085686e-05,3012
HYP-OR-CONT-EVENT-01,SPY,2022-07-06,2022-07-06T14:30:00+00:00,continuation_short,2022,10:00,60min,0.005050108590417879,-4.249132031730117e-05,3012
HYP-OR-CONT-EVENT-01,SPY,2022-07-06,2022-07-06T14:30:00+00:00,continuation_short,2022,10:00,session_close,-0.0029829656958944017,-0.440108492050137,3012
HYP-OR-CONT-EVENT-01,SPY,2022-07-07,2022-07-07T15:10:00+00:00,continuation_long,2022,11:00,30min,-0.0005931351058616752,-0.00011590468567266732,3012
HYP-OR-CONT-EVENT-01,SPY,2022-07-07,2022-07-07T15:10:00+00:00,continuation_long,2022,11:00,15min,-0.0016504629032673135,-4.270640479448007e-05,3012
HYP-OR-CONT-EVENT-01,SPY,2022-07-07,2022-07-07T15:10:00+00:00,continuation_long,2022,11:00,60min,0.00018051938004481904,-0.0003084228470577374,3012
HYP-OR-CONT-EVENT-01,SPY,2022-07-07,2022-07-07T15:10:00+00:00,continuation_long,2022,11:00,session_close,0.003017252495035816,0.440039170094918,3012
HYP-OR-CONT-EVENT-01,SPY,2022-07-08,2022-07-08T14:45:00+00:00,continuation_long,2022,10:00,30min,-3.850003850003336e-05,1.531478003974215e-05,3012
HYP-OR-CONT-EVENT-01,SPY,2022-07-08,2022-07-08T14:45:00+00:00,continuation_long,2022,10:00,15min,-0.0001283334616668519,1.380367457085686e-05,3012
HYP-OR-CONT-EVENT-01,SPY,2022-07-08,2022-07-08T14:45:00+00:00,continuation_long,2022,10:00,60min,-0.0008726675393342376,4.249132031730117e-05,3012
HYP-OR-CONT-EVENT-01,SPY,2022-07-08,2022-07-08T14:45:00+00:00,continuation_long,2022,10:00,session_close,-0.0023870023870024015,0.440108492050137,3012
HYP-OR-CONT-EVENT-01,SPY,2022-07-11,2022-07-11T14:40:00+00:00,continuation_short,2022,10:00,30min,0.0003635985871598413,-1.531478003974215e-05,3012
HYP-OR-CONT-EVENT-01,SPY,2022-07-11,2022-07-11T14:40:00+00:00,continuation_short,2022,10:00,15min,0.0024413047995013315,-1.380367457085686e-05,3012
HYP-OR-CONT-EVENT-01,SPY,2022-07-11,2022-07-11T14:40:00+00:00,continuation_short,2022,10:00,60min,0.0008025140245170315,-4.249132031730117e-05,3012
HYP-OR-CONT-EVENT-01,SPY,2022-07-11,2022-07-11T14:40:00+00:00,continuation_short,2022,10:00,session_close,0.0019218782464159867,-0.440108492050137,3012
HYP-OR-CONT-EVENT-01,SPY,2022-07-12,2022-07-12T14:20:00+00:00,continuation_short,2022,10:00,30min,-0.00046925102322803447,-1.531478003974215e-05,3012
HYP-OR-CONT-EVENT-01,SPY,2022-07-12,2022-07-12T14:20:00+00:00,continuation_short,2022,10:00,15min,-2.6069501290582053e-05,-1.380367457085686e-05,3012
HYP-OR-CONT-EVENT-01,SPY,2022-07-12,2022-07-12T14:20:00+00:00,continuation_short,2022,10:00,60min,-0.003058213196381665,-4.249132031730117e-05,3012
HYP-OR-CONT-EVENT-01,SPY,2022-07-12,2022-07-12T14:20:00+00:00,continuation_short,2022,10:00,session_close,0.007064313459683391,-0.440108492050137,3012
HYP-OR-CONT-EVENT-01,SPY,2022-07-13,2022-07-13T14:55:00+00:00,continuation_long,2022,10:00,30min,-0.0011410564067402262,1.531478003974215e-05,3012
HYP-OR-CONT-EVENT-01,SPY,2022-07-13,2022-07-13T14:55:00+00:00,continuation_long,2022,10:00,15min,0.0031776588170144837,1.380367457085686e-05,3012
HYP-OR-CONT-EVENT-01,SPY,2022-07-13,2022-07-13T14:55:00+00:00,continuation_long,2022,10:00,60min,-0.0012127844729833415,4.249132031730117e-05,3012
HYP-OR-CONT-EVENT-01,SPY,2022-07-13,2022-07-13T14:55:00+00:00,continuation_long,2022,10:00,session_close,-0.0008966008280372195,0.440108492050137,3012
HYP-OR-CONT-EVENT-01,SPY,2022-07-14,2022-07-14T14:20:00+00:00,continuation_short,2022,10:00,30min,-0.004444234964582794,-1.531478003974215e-05,3012
HYP-OR-CONT-EVENT-01,SPY,2022-07-14,2022-07-14T14:20:00+00:00,continuation_short,2022,10:00,15min,-0.0017773169220824947,-1.380367457085686e-05,3012
HYP-OR-CONT-EVENT-01,SPY,2022-07-14,2022-07-14T14:20:00+00:00,continuation_short,2022,10:00,60min,-0.007137278138382275,-4.249132031730117e-05,3012
HYP-OR-CONT-EVENT-01,SPY,2022-07-14,2022-07-14T14:20:00+00:00,continuation_short,2022,10:00,session_close,-0.017964394408683138,-0.440108492050137,3012
HYP-OR-CONT-EVENT-01,SPY,2022-07-15,2022-07-15T14:20:00+00:00,continuation_long,2022,10:00,30min,0.0006657355071990612,1.531478003974215e-05,3012
HYP-OR-CONT-EVENT-01,SPY,2022-07-15,2022-07-15T14:20:00+00:00,continuation_long,2022,10:00,15min,0.0015533828501310687,1.380367457085686e-05,3012
HYP-OR-CONT-EVENT-01,SPY,2022-07-15,2022-07-15T14:20:00+00:00,continuation_long,2022,10:00,60min,0.004203271241531414,4.249132031730117e-05,3012
HYP-OR-CONT-EVENT-01,SPY,2022-07-15,2022-07-15T14:20:00+00:00,continuation_long,2022,10:00,session_close,0.005391152244572872,0.440108492050137,3012
HYP-OR-CONT-EVENT-01,SPY,2022-07-18,2022-07-18T14:30:00+00:00,continuation_short,2022,10:00,30min,-0.0001805240354857407,-1.531478003974215e-05,3012
HYP-OR-CONT-EVENT-01,SPY,2022-07-18,2022-07-18T14:30:00+00:00,continuation_short,2022,10:00,15min,0.00046420466267793614,-1.380367457085686e-05,3012
HYP-OR-CONT-EVENT-01,SPY,2022-07-18,2022-07-18T14:30:00+00:00,continuation_short,2022,10:00,60min,-3.868372189019809e-06,-4.249132031730117e-05,3012
HYP-OR-CONT-EVENT-01,SPY,2022-07-18,2022-07-18T14:30:00+00:00,continuation_short,2022,10:00,session_close,0.014880338353620792,-0.440108492050137,3012
HYP-OR-CONT-EVENT-01,SPY,2022-07-19,2022-07-19T14:20:00+00:00,continuation_long,2022,10:00,30min,0.004859011139541458,1.531478003974215e-05,3012
HYP-OR-CONT-EVENT-01,SPY,2022-07-19,2022-07-19T14:20:00+00:00,continuation_long,2022,10:00,15min,0.0027220800703005033,1.380367457085686e-05,3012
HYP-OR-CONT-EVENT-01,SPY,2022-07-19,2022-07-19T14:20:00+00:00,continuation_long,2022,10:00,60min,0.005117469178878675,4.249132031730117e-05,3012
HYP-OR-CONT-EVENT-01,SPY,2022-07-19,2022-07-19T14:20:00+00:00,continuation_long,2022,10:00,session_close,0.013801659300612501,0.440108492050137,3012
HYP-OR-CONT-EVENT-01,SPY,2022-07-20,2022-07-20T14:45:00+00:00,continuation_long,2022,10:00,30min,0.0023838506796509673,1.531478003974215e-05,3012
HYP-OR-CONT-EVENT-01,SPY,2022-07-20,2022-07-20T14:45:00+00:00,continuation_long,2022,10:00,15min,0.0028149726110773265,1.380367457085686e-05,3012
HYP-OR-CONT-EVENT-01,SPY,2022-07-20,2022-07-20T14:45:00+00:00,continuation_long,2022,10:00,60min,0.0025486914181376275,4.249132031730117e-05,3012
HYP-OR-CONT-EVENT-01,SPY,2022-07-20,2022-07-20T14:45:00+00:00,continuation_long,2022,10:00,session_close,0.0011919253398255947,0.440108492050137,3012
HYP-OR-CONT-EVENT-01,SPY,2022-07-21,2022-07-21T14:30:00+00:00,continuation_short,2022,10:00,30min,-0.007192042846212665,-1.531478003974215e-05,3012
HYP-OR-CONT-EVENT-01,SPY,2022-07-21,2022-07-21T14:30:00+00:00,continuation_short,2022,10:00,15min,-0.0025376179546034994,-1.380367457085686e-05,3012
HYP-OR-CONT-EVENT-01,SPY,2022-07-21,2022-07-21T14:30:00+00:00,continuation_short,2022,10:00,60min,-0.009385615914307532,-4.249132031730117e-05,3012
HYP-OR-CONT-EVENT-01,SPY,2022-07-21,2022-07-21T14:30:00+00:00,continuation_short,2022,10:00,session_close,-0.01708747768426422,-0.440108492050137,3012
HYP-OR-CONT-EVENT-01,SPY,2022-07-22,2022-07-22T14:45:00+00:00,continuation_short,2022,10:00,30min,0.0009038186337275711,-1.531478003974215e-05,3012
HYP-OR-CONT-EVENT-01,SPY,2022-07-22,2022-07-22T14:45:00+00:00,continuation_short,2022,10:00,15min,0.0017197660113981161,-1.380367457085686e-05,3012
HYP-OR-CONT-EVENT-01,SPY,2022-07-22,2022-07-22T14:45:00+00:00,continuation_short,2022,10:00,60min,0.0055986543144787015,-4.249132031730117e-05,3012
HYP-OR-CONT-EVENT-01,SPY,2022-07-22,2022-07-22T14:45:00+00:00,continuation_short,2022,10:00,session_close,0.00800883733775204,-0.440108492050137,3012
HYP-OR-CONT-EVENT-01,SPY,2022-07-25,2022-07-25T14:45:00+00:00,continuation_short,2022,10:00,30min,0.0011893615406028957,-1.531478003974215e-05,3012
HYP-OR-CONT-EVENT-01,SPY,2022-07-25,2022-07-25T14:45:00+00:00,continuation_short,2022,10:00,15min,-0.00012652782346833646,-1.380367457085686e-05,3012
HYP-OR-CONT-EVENT-01,SPY,2022-07-25,2022-07-25T14:45:00+00:00,continuation_short,2022,10:00,60min,-0.001973834046106626,-4.249132031730117e-05,3012
HYP-OR-CONT-EVENT-01,SPY,2022-07-25,2022-07-25T14:45:00+00:00,continuation_short,2022,10:00,session_close,-0.0009616114583597124,-0.440108492050137,3012
HYP-OR-CONT-EVENT-01,SPY,2022-07-26,2022-07-26T14:20:00+00:00,continuation_short,2022,10:00,30min,0.0015048234785043357,-1.531478003974215e-05,3012
HYP-OR-CONT-EVENT-01,SPY,2022-07-26,2022-07-26T14:20:00+00:00,continuation_short,2022,10:00,15min,0.0010945096342301897,-1.380367457085686e-05,3012
HYP-OR-CONT-EVENT-01,SPY,2022-07-26,2022-07-26T14:20:00+00:00,continuation_short,2022,10:00,60min,0.002703184259424285,-4.249132031730117e-05,3012
HYP-OR-CONT-EVENT-01,SPY,2022-07-26,2022-07-26T14:20:00+00:00,continuation_short,2022,10:00,session_close,0.004988927635095508,-0.440108492050137,3012
HYP-OR-CONT-EVENT-01,SPY,2022-07-27,2022-07-27T14:25:00+00:00,continuation_long,2022,10:00,30min,0.0012638390374601904,1.531478003974215e-05,3012
HYP-OR-CONT-EVENT-01,SPY,2022-07-27,2022-07-27T14:25:00+00:00,continuation_long,2022,10:00,15min,-0.00015166068449523618,1.380367457085686e-05,3012
HYP-OR-CONT-EVENT-01,SPY,2022-07-27,2022-07-27T14:25:00+00:00,continuation_long,2022,10:00,60min,0.0012888630504019893,4.249132031730117e-05,3012
HYP-OR-CONT-EVENT-01,SPY,2022-07-27,2022-07-27T14:25:00+00:00,continuation_long,2022,10:00,session_close,0.013598908043071622,0.440108492050137,3012
HYP-OR-CONT-EVENT-01,SPY,2022-07-28,2022-07-28T14:40:00+00:00,continuation_short,2022,10:00,30min,-0.007232413223554168,-1.531478003974215e-05,3012
HYP-OR-CONT-EVENT-01,SPY,2022-07-28,2022-07-28T14:40:00+00:00,continuation_short,2022,10:00,15min,-0.00493005330463725,-1.380367457085686e-05,3012
HYP-OR-CONT-EVENT-01,SPY,2022-07-28,2022-07-28T14:40:00+00:00,continuation_short,2022,10:00,60min,-0.011661953502339895,-4.249132031730117e-05,3012
HYP-OR-CONT-EVENT-01,SPY,2022-07-28,2022-07-28T14:40:00+00:00,continuation_short,2022,10:00,session_close,-0.016066468129833034,-0.440108492050137,3012
HYP-OR-CONT-EVENT-01,SPY,2022-07-29,2022-07-29T14:20:00+00:00,continuation_long,2022,10:00,30min,0.001220166918834531,1.531478003974215e-05,3012
HYP-OR-CONT-EVENT-01,SPY,2022-07-29,2022-07-29T14:20:00+00:00,continuation_long,2022,10:00,15min,0.0014920201083508111,1.380367457085686e-05,3012
HYP-OR-CONT-EVENT-01,SPY,2022-07-29,2022-07-29T14:20:00+00:00,continuation_long,2022,10:00,60min,-0.002855190590072665,4.249132031730117e-05,3012
HYP-OR-CONT-EVENT-01,SPY,2022-07-29,2022-07-29T14:20:00+00:00,continuation_long,2022,10:00,session_close,0.0055639611498854435,0.440108492050137,3012
HYP-OR-CONT-EVENT-01,SPY,2022-08-01,2022-08-01T14:20:00+00:00,continuation_long,2022,10:00,30min,0.005047433714424621,1.531478003974215e-05,3012
HYP-OR-CONT-EVENT-01,SPY,2022-08-01,2022-08-01T14:20:00+00:00,continuation_long,2022,10:00,15min,0.0003189005108246157,1.380367457085686e-05,3012
HYP-OR-CONT-EVENT-01,SPY,2022-08-01,2022-08-01T14:20:00+00:00,continuation_long,2022,10:00,60min,0.003794697153977067,4.249132031730117e-05,3012
HYP-OR-CONT-EVENT-01,SPY,2022-08-01,2022-08-01T14:20:00+00:00,continuation_long,2022,10:00,session_close,-0.0009486742884944332,0.440108492050137,3012
HYP-OR-CONT-EVENT-01,SPY,2022-08-02,2022-08-02T14:25:00+00:00,continuation_short,2022,10:00,30min,-0.005465540980289729,-1.531478003974215e-05,3012
HYP-OR-CONT-EVENT-01,SPY,2022-08-02,2022-08-02T14:25:00+00:00,continuation_short,2022,10:00,15min,-0.0045837255574849856,-1.380367457085686e-05,3012
HYP-OR-CONT-EVENT-01,SPY,2022-08-02,2022-08-02T14:25:00+00:00,continuation_short,2022,10:00,60min,-0.005392056361722686,-4.249132031730117e-05,3012
HYP-OR-CONT-EVENT-01,SPY,2022-08-02,2022-08-02T14:25:00+00:00,continuation_short,2022,10:00,session_close,0.000315249013652652,-0.440108492050137,3012
HYP-OR-CONT-EVENT-01,SPY,2022-08-03,2022-08-03T14:20:00+00:00,continuation_long,2022,10:00,30min,0.0013386555030912017,1.531478003974215e-05,3012
HYP-OR-CONT-EVENT-01,SPY,2022-08-03,2022-08-03T14:20:00+00:00,continuation_long,2022,10:00,15min,-0.00017037433675703983,1.380367457085686e-05,3012
HYP-OR-CONT-EVENT-01,SPY,2022-08-03,2022-08-03T14:20:00+00:00,continuation_long,2022,10:00,60min,0.0036022002628630645,4.249132031730117e-05,3012
HYP-OR-CONT-EVENT-01,SPY,2022-08-03,2022-08-03T14:20:00+00:00,continuation_long,2022,10:00,session_close,0.008640412792678909,0.440108492050137,3012
HYP-OR-CONT-EVENT-01,SPY,2022-08-04,2022-08-04T14:35:00+00:00,continuation_short,2022,10:00,30min,-0.0022766905638442747,-1.531478003974215e-05,3012
HYP-OR-CONT-EVENT-01,SPY,2022-08-04,2022-08-04T14:35:00+00:00,continuation_short,2022,10:00,15min,-0.0022522282503392166,-1.380367457085686e-05,3012
HYP-OR-CONT-EVENT-01,SPY,2022-08-04,2022-08-04T14:35:00+00:00,continuation_short,2022,10:00,60min,0.00019400310017447797,-4.249132031730117e-05,3012
HYP-OR-CONT-EVENT-01,SPY,2022-08-04,2022-08-04T14:35:00+00:00,continuation_short,2022,10:00,session_close,-0.003124394497190597,-0.440108492050137,3012
HYP-OR-CONT-EVENT-01,SPY,2022-08-05,2022-08-05T14:20:00+00:00,continuation_long,2022,10:00,30min,-0.0018123383998259746,1.531478003974215e-05,3012
HYP-OR-CONT-EVENT-01,SPY,2022-08-05,2022-08-05T14:20:00+00:00,continuation_long,2022,10:00,15min,-0.0008215934079210951,1.380367457085686e-05,3012
HYP-OR-CONT-EVENT-01,SPY,2022-08-05,2022-08-05T14:20:00+00:00,continuation_long,2022,10:00,60min,-0.006862721407341121,4.249132031730117e-05,3012
HYP-OR-CONT-EVENT-01,SPY,2022-08-05,2022-08-05T14:20:00+00:00,continuation_long,2022,10:00,session_close,-0.0009665804799071642,0.440108492050137,3012
HYP-OR-CONT-EVENT-01,SPY,2022-08-08,2022-08-08T14:20:00+00:00,continuation_long,2022,10:00,30min,-0.0004078694817658546,1.531478003974215e-05,3012
HYP-OR-CONT-EVENT-01,SPY,2022-08-08,2022-08-08T14:20:00+00:00,continuation_long,2022,10:00,15min,0.0005038387715929904,1.380367457085686e-05,3012
HYP-OR-CONT-EVENT-01,SPY,2022-08-08,2022-08-08T14:20:00+00:00,continuation_long,2022,10:00,60min,-0.0022072936660268994,4.249132031730117e-05,3012
HYP-OR-CONT-EVENT-01,SPY,2022-08-08,2022-08-08T14:20:00+00:00,continuation_long,2022,10:00,session_close,-0.009069097888675715,0.440108492050137,3012
HYP-OR-CONT-EVENT-01,SPY,2022-08-09,2022-08-09T14:20:00+00:00,continuation_short,2022,10:00,30min,-0.00014581156285697894,-1.531478003974215e-05,3012
HYP-OR-CONT-EVENT-01,SPY,2022-08-09,2022-08-09T14:20:00+00:00,continuation_short,2022,10:00,15min,-0.0007290578142846726,-1.380367457085686e-05,3012
HYP-OR-CONT-EVENT-01,SPY,2022-08-09,2022-08-09T14:20:00+00:00,continuation_short,2022,10:00,60min,-0.0010938297406983821,-4.249132031730117e-05,3012
HYP-OR-CONT-EVENT-01,SPY,2022-08-09,2022-08-09T14:20:00+00:00,continuation_short,2022,10:00,session_close,0.00036452890714244734,-0.440108492050137,3012
HYP-OR-CONT-EVENT-01,SPY,2022-08-10,2022-08-10T15:20:00+00:00,continuation_long,2022,11:00,30min,0.0010140898841550783,-0.00011590468567266732,3012
HYP-OR-CONT-EVENT-01,SPY,2022-08-10,2022-08-10T15:20:00+00:00,continuation_long,2022,11:00,15min,-0.00011453250456339159,-4.270640479448007e-05,3012
HYP-OR-CONT-EVENT-01,SPY,2022-08-10,2022-08-10T15:20:00+00:00,continuation_long,2022,11:00,60min,-0.0011572555148594565,-0.0003084228470577374,3012
HYP-OR-CONT-EVENT-01,SPY,2022-08-10,2022-08-10T15:20:00+00:00,continuation_long,2022,11:00,session_close,0.002040110237535586,0.440039170094918,3012
HYP-OR-CONT-EVENT-01,SPY,2022-08-11,2022-08-11T14:20:00+00:00,continuation_long,2022,10:00,30min,-0.00237730963869609,1.531478003974215e-05,3012
HYP-OR-CONT-EVENT-01,SPY,2022-08-11,2022-08-11T14:20:00+00:00,continuation_long,2022,10:00,15min,-0.001718253501235778,1.380367457085686e-05,3012
HYP-OR-CONT-EVENT-01,SPY,2022-08-11,2022-08-11T14:20:00+00:00,continuation_long,2022,10:00,60min,-0.006607037778039393,4.249132031730117e-05,3012
HYP-OR-CONT-EVENT-01,SPY,2022-08-11,2022-08-11T14:20:00+00:00,continuation_long,2022,10:00,session_close,-0.011392256090384967,0.440108492050137,3012
HYP-OR-CONT-EVENT-01,SPY,2022-08-12,2022-08-12T14:20:00+00:00,continuation_short,2022,10:00,30min,0.001253399550668166,-1.531478003974215e-05,3012
HYP-OR-CONT-EVENT-01,SPY,2022-08-12,2022-08-12T14:20:00+00:00,continuation_short,2022,10:00,15min,0.0019106065980845077,-1.380367457085686e-05,3012
HYP-OR-CONT-EVENT-01,SPY,2022-08-12,2022-08-12T14:20:00+00:00,continuation_short,2022,10:00,60min,-0.00156083717630362,-4.249132031730117e-05,3012
HYP-OR-CONT-EVENT-01,SPY,2022-08-12,2022-08-12T14:20:00+00:00,continuation_short,2022,10:00,session_close,-0.009956249260967276,-0.440108492050137,3012
HYP-OR-CONT-EVENT-01,SPY,2022-08-15,2022-08-15T16:00:00+00:00,continuation_long,2022,12:00,30min,0.0014718938367366263,-0.00010808507425021037,3000
HYP-OR-CONT-EVENT-01,SPY,2022-08-15,2022-08-15T16:00:00+00:00,continuation_long,2022,12:00,15min,0.00021027054810529577,-6.324558677280933e-05,3006
HYP-OR-CONT-EVENT-01,SPY,2022-08-15,2022-08-15T16:00:00+00:00,continuation_long,2022,12:00,60min,0.0013550768655670176,-0.00012944745121344975,2988
HYP-OR-CONT-EVENT-01,SPY,2022-08-15,2022-08-15T16:00:00+00:00,continuation_long,2022,12:00,session_close,0.001962525115648983,0.44046492733764714,3012
HYP-OR-CONT-EVENT-01,SPY,2022-08-16,2022-08-16T14:20:00+00:00,continuation_short,2022,10:00,30min,0.000604850014017444,-1.531478003974215e-05,3012
HYP-OR-CONT-EVENT-01,SPY,2022-08-16,2022-08-16T14:20:00+00:00,continuation_short,2022,10:00,15min,0.00217269414073451,-1.380367457085686e-05,3012
HYP-OR-CONT-EVENT-01,SPY,2022-08-16,2022-08-16T14:20:00+00:00,continuation_short,2022,10:00,60min,-0.001728810391552038,-4.249132031730117e-05,3012
HYP-OR-CONT-EVENT-01,SPY,2022-08-16,2022-08-16T14:20:00+00:00,continuation_short,2022,10:00,session_close,-0.003784693019343921,-0.440108492050137,3012
HYP-OR-CONT-EVENT-01,SPY,2022-08-17,2022-08-17T14:55:00+00:00,continuation_short,2022,10:00,30min,-0.0016570105649114097,-1.531478003974215e-05,3012
HYP-OR-CONT-EVENT-01,SPY,2022-08-17,2022-08-17T14:55:00+00:00,continuation_short,2022,10:00,15min,-0.00039956283125519576,-1.380367457085686e-05,3012
HYP-OR-CONT-EVENT-01,SPY,2022-08-17,2022-08-17T14:55:00+00:00,continuation_short,2022,10:00,60min,0.0013488771109256836,-4.249132031730117e-05,3012
HYP-OR-CONT-EVENT-01,SPY,2022-08-17,2022-08-17T14:55:00+00:00,continuation_short,2022,10:00,session_close,-0.002832195362720835,-0.440108492050137,3012
HYP-OR-CONT-EVENT-01,SPY,2022-08-18,2022-08-18T14:20:00+00:00,continuation_short,2022,10:00,30min,-0.001384001876612695,-1.531478003974215e-05,3012
HYP-OR-CONT-EVENT-01,SPY,2022-08-18,2022-08-18T14:20:00+00:00,continuation_short,2022,10:00,15min,-0.00035186488388450066,-1.380367457085686e-05,3012
HYP-OR-CONT-EVENT-01,SPY,2022-08-18,2022-08-18T14:20:00+00:00,continuation_short,2022,10:00,60min,-0.0028386113065916874,-4.249132031730117e-05,3012
HYP-OR-CONT-EVENT-01,SPY,2022-08-18,2022-08-18T14:20:00+00:00,continuation_short,2022,10:00,session_close,-0.003589021815622706,-0.440108492050137,3012
HYP-OR-CONT-EVENT-01,SPY,2022-08-19,2022-08-19T14:30:00+00:00,continuation_short,2022,10:00,30min,0.00198478332782015,-1.531478003974215e-05,3012
HYP-OR-CONT-EVENT-01,SPY,2022-08-19,2022-08-19T14:30:00+00:00,continuation_short,2022,10:00,15min,-0.000433580643636855,-1.380367457085686e-05,3012
HYP-OR-CONT-EVENT-01,SPY,2022-08-19,2022-08-19T14:30:00+00:00,continuation_short,2022,10:00,60min,0.0025046075327253003,-4.249132031730117e-05,3012
HYP-OR-CONT-EVENT-01,SPY,2022-08-19,2022-08-19T14:30:00+00:00,continuation_short,2022,10:00,session_close,0.0025282359056756354,-0.440108492050137,3012
HYP-OR-CONT-EVENT-01,SPY,2022-08-22,2022-08-22T14:25:00+00:00,continuation_short,2022,10:00,30min,0.0009402801552667039,-1.531478003974215e-05,3012
HYP-OR-CONT-EVENT-01,SPY,2022-08-22,2022-08-22T14:25:00+00:00,continuation_short,2022,10:00,15min,-0.0006994237770330258,-1.380367457085686e-05,3012
HYP-OR-CONT-EVENT-01,SPY,2022-08-22,2022-08-22T14:25:00+00:00,continuation_short,2022,10:00,60min,-0.0005304144465607674,-4.249132031730117e-05,3012
HYP-OR-CONT-EVENT-01,SPY,2022-08-22,2022-08-22T14:25:00+00:00,continuation_short,2022,10:00,session_close,0.0031583769317935495,-0.440108492050137,3012
HYP-OR-CONT-EVENT-01,SPY,2022-08-23,2022-08-23T14:25:00+00:00,continuation_long,2022,10:00,30min,-0.004532764357008445,1.531478003974215e-05,3012
HYP-OR-CONT-EVENT-01,SPY,2022-08-23,2022-08-23T14:25:00+00:00,continuation_long,2022,10:00,15min,-0.001976951637012392,1.380367457085686e-05,3012
HYP-OR-CONT-EVENT-01,SPY,2022-08-23,2022-08-23T14:25:00+00:00,continuation_long,2022,10:00,60min,-0.004773614928395675,4.249132031730117e-05,3012
HYP-OR-CONT-EVENT-01,SPY,2022-08-23,2022-08-23T14:25:00+00:00,continuation_long,2022,10:00,session_close,-0.005906745744732156,0.440108492050137,3012
HYP-OR-CONT-EVENT-01,SPY,2022-08-24,2022-08-24T14:20:00+00:00,continuation_long,2022,10:00,30min,-0.0007499516160247577,1.531478003974215e-05,3012
HYP-OR-CONT-EVENT-01,SPY,2022-08-24,2022-08-24T14:20:00+00:00,continuation_long,2022,10:00,15min,-0.0010886394426166124,1.380367457085686e-05,3012
HYP-OR-CONT-EVENT-01,SPY,2022-08-24,2022-08-24T14:20:00+00:00,continuation_long,2022,10:00,60min,0.002370814786142761,4.249132031730117e-05,3012
HYP-OR-CONT-EVENT-01,SPY,2022-08-24,2022-08-24T14:20:00+00:00,continuation_long,2022,10:00,session_close,0.0006531836655698786,0.440108492050137,3012
HYP-OR-CONT-EVENT-01,SPY,2022-08-25,2022-08-25T14:20:00+00:00,continuation_long,2022,10:00,30min,0.0013948910016325922,1.531478003974215e-05,3012
HYP-OR-CONT-EVENT-01,SPY,2022-08-25,2022-08-25T14:20:00+00:00,continuation_long,2022,10:00,15min,0.0027849803130701734,1.380367457085686e-05,3012
HYP-OR-CONT-EVENT-01,SPY,2022-08-25,2022-08-25T14:20:00+00:00,continuation_long,2022,10:00,60min,-0.0034730625180062757,4.249132031730117e-05,3012
HYP-OR-CONT-EVENT-01,SPY,2022-08-25,2022-08-25T14:20:00+00:00,continuation_long,2022,10:00,session_close,0.007178526841448152,0.440108492050137,3012
HYP-OR-CONT-EVENT-01,SPY,2022-08-26,2022-08-26T14:20:00+00:00,continuation_short,2022,10:00,30min,0.012903842477537841,-1.531478003974215e-05,3012
HYP-OR-CONT-EVENT-01,SPY,2022-08-26,2022-08-26T14:20:00+00:00,continuation_short,2022,10:00,15min,0.014624354807876161,-1.380367457085686e-05,3012
HYP-OR-CONT-EVENT-01,SPY,2022-08-26,2022-08-26T14:20:00+00:00,continuation_short,2022,10:00,60min,0.017897151596253047,-4.249132031730117e-05,3012
HYP-OR-CONT-EVENT-01,SPY,2022-08-26,2022-08-26T14:20:00+00:00,continuation_short,2022,10:00,session_close,0.03144714203785137,-0.440108492050137,3012
HYP-OR-CONT-EVENT-01,SPY,2022-08-29,2022-08-29T15:10:00+00:00,continuation_short,2022,11:00,30min,-0.0005969442129629687,0.00011590468567266732,3012
HYP-OR-CONT-EVENT-01,SPY,2022-08-29,2022-08-29T15:10:00+00:00,continuation_short,2022,11:00,15min,-0.0007213594303374649,4.270640479448007e-05,3012
HYP-OR-CONT-EVENT-01,SPY,2022-08-29,2022-08-29T15:10:00+00:00,continuation_short,2022,11:00,60min,-0.005000994077586807,0.0003084228470577374,3012
HYP-OR-CONT-EVENT-01,SPY,2022-08-29,2022-08-29T15:10:00+00:00,continuation_short,2022,11:00,session_close,-0.0018659794301831845,-0.440039170094918,3012
HYP-OR-CONT-EVENT-01,SPY,2022-08-30,2022-08-30T14:20:00+00:00,continuation_short,2022,10:00,30min,0.007488199005969198,-1.531478003974215e-05,3012
HYP-OR-CONT-EVENT-01,SPY,2022-08-30,2022-08-30T14:20:00+00:00,continuation_short,2022,10:00,15min,0.005557081845200873,-1.380367457085686e-05,3012
HYP-OR-CONT-EVENT-01,SPY,2022-08-30,2022-08-30T14:20:00+00:00,continuation_short,2022,10:00,60min,0.004345762881190818,-4.249132031730117e-05,3012
HYP-OR-CONT-EVENT-01,SPY,2022-08-30,2022-08-30T14:20:00+00:00,continuation_short,2022,10:00,session_close,0.005519618372087143,-0.440108492050137,3012
HYP-OR-CONT-EVENT-01,SPY,2022-08-31,2022-08-31T14:35:00+00:00,continuation_short,2022,10:00,30min,0.0020592149870670706,-1.531478003974215e-05,3012
HYP-OR-CONT-EVENT-01,SPY,2022-08-31,2022-08-31T14:35:00+00:00,continuation_short,2022,10:00,15min,-0.0013811807840085066,-1.380367457085686e-05,3012
HYP-OR-CONT-EVENT-01,SPY,2022-08-31,2022-08-31T14:35:00+00:00,continuation_short,2022,10:00,60min,-0.00017553552145854745,-4.249132031730117e-05,3012
HYP-OR-CONT-EVENT-01,SPY,2022-08-31,2022-08-31T14:35:00+00:00,continuation_short,2022,10:00,session_close,0.00773461239044726,-0.440108492050137,3012
HYP-OR-CONT-EVENT-01,SPY,2022-09-01,2022-09-01T14:20:00+00:00,continuation_short,2022,10:00,30min,0.0012533892668952218,-1.531478003974215e-05,3012
HYP-OR-CONT-EVENT-01,SPY,2022-09-01,2022-09-01T14:20:00+00:00,continuation_short,2022,10:00,15min,-0.0002813731007316189,-1.380367457085686e-05,3012
HYP-OR-CONT-EVENT-01,SPY,2022-09-01,2022-09-01T14:20:00+00:00,continuation_short,2022,10:00,60min,-0.0006648078989104356,-4.249132031730117e-05,3012
HYP-OR-CONT-EVENT-01,SPY,2022-09-01,2022-09-01T14:20:00+00:00,continuation_short,2022,10:00,session_close,-0.013966337545403329,-0.440108492050137,3012
HYP-OR-CONT-EVENT-01,SPY,2022-09-02,2022-09-02T14:50:00+00:00,continuation_long,2022,10:00,30min,0.00018306978600279855,1.531478003974215e-05,3012
HYP-OR-CONT-EVENT-01,SPY,2022-09-02,2022-09-02T14:50:00+00:00,continuation_long,2022,10:00,15min,-0.000997655509552442,1.380367457085686e-05,3012
HYP-OR-CONT-EVENT-01,SPY,2022-09-02,2022-09-02T14:50:00+00:00,continuation_long,2022,10:00,60min,0.0007981244076420424,4.249132031730117e-05,3012
HYP-OR-CONT-EVENT-01,SPY,2022-09-02,2022-09-02T14:50:00+00:00,continuation_long,2022,10:00,session_close,-0.021624183169551614,0.440108492050137,3012
HYP-OR-CONT-EVENT-01,SPY,2022-09-06,2022-09-06T14:20:00+00:00,continuation_short,2022,10:00,30min,-0.007899048313620094,-1.531478003974215e-05,3012
HYP-OR-CONT-EVENT-01,SPY,2022-09-06,2022-09-06T14:20:00+00:00,continuation_short,2022,10:00,15min,-0.004560698896290294,-1.380367457085686e-05,3012
HYP-OR-CONT-EVENT-01,SPY,2022-09-06,2022-09-06T14:20:00+00:00,continuation_short,2022,10:00,60min,-0.00870795605704977,-4.249132031730117e-05,3012
HYP-OR-CONT-EVENT-01,SPY,2022-09-06,2022-09-06T14:20:00+00:00,continuation_short,2022,10:00,session_close,-0.0035335144601889024,-0.440108492050137,3012
HYP-OR-CONT-EVENT-01,SPY,2022-09-07,2022-09-07T14:50:00+00:00,continuation_long,2022,10:00,30min,0.004587061281518201,1.531478003974215e-05,3012
HYP-OR-CONT-EVENT-01,SPY,2022-09-07,2022-09-07T14:50:00+00:00,continuation_long,2022,10:00,15min,0.0030326435371006433,1.380367457085686e-05,3012
HYP-OR-CONT-EVENT-01,SPY,2022-09-07,2022-09-07T14:50:00+00:00,continuation_long,2022,10:00,60min,0.004765437088254609,4.249132031730117e-05,3012
HYP-OR-CONT-EVENT-01,SPY,2022-09-07,2022-09-07T14:50:00+00:00,continuation_long,2022,10:00,session_close,0.013607780650760848,0.440108492050137,3012
HYP-OR-CONT-EVENT-01,SPY,2022-09-08,2022-09-08T14:35:00+00:00,continuation_long,2022,10:00,30min,0.005019323429030331,1.531478003974215e-05,3012
HYP-OR-CONT-EVENT-01,SPY,2022-09-08,2022-09-08T14:35:00+00:00,continuation_long,2022,10:00,15min,0.0023338687010641124,1.380367457085686e-05,3012
HYP-OR-CONT-EVENT-01,SPY,2022-09-08,2022-09-08T14:35:00+00:00,continuation_long,2022,10:00,60min,0.0030965167637020397,4.249132031730117e-05,3012
HYP-OR-CONT-EVENT-01,SPY,2022-09-08,2022-09-08T14:35:00+00:00,continuation_long,2022,10:00,session_close,0.0048183095763902895,0.440108492050137,3012
HYP-OR-CONT-EVENT-01,SPY,2022-09-09,2022-09-09T14:20:00+00:00,continuation_long,2022,10:00,30min,0.002643280632411038,1.531478003974215e-05,3012
HYP-OR-CONT-EVENT-01,SPY,2022-09-09,2022-09-09T14:20:00+00:00,continuation_long,2022,10:00,15min,0.001650691699604856,1.380367457085686e-05,3012
HYP-OR-CONT-EVENT-01,SPY,2022-09-09,2022-09-09T14:20:00+00:00,continuation_long,2022,10:00,60min,0.001074604743082963,4.249132031730117e-05,3012
HYP-OR-CONT-EVENT-01,SPY,2022-09-09,2022-09-09T14:20:00+00:00,continuation_long,2022,10:00,session_close,0.0043231225296442854,0.440108492050137,3012
HYP-OR-CONT-EVENT-01,SPY,2022-09-12,2022-09-12T14:20:00+00:00,continuation_long,2022,10:00,30min,-0.0016040441355174018,1.531478003974215e-05,3012
HYP-OR-CONT-EVENT-01,SPY,2022-09-12,2022-09-12T14:20:00+00:00,continuation_long,2022,10:00,15min,-0.0007558450396150107,1.380367457085686e-05,3012
HYP-OR-CONT-EVENT-01,SPY,2022-09-12,2022-09-12T14:20:00+00:00,continuation_long,2022,10:00,60min,-0.0017255626306322824,4.249132031730117e-05,3012
HYP-OR-CONT-EVENT-01,SPY,2022-09-12,2022-09-12T14:20:00+00:00,continuation_long,2022,10:00,session_close,-0.0012394886501725377,0.440108492050137,3012
HYP-OR-CONT-EVENT-01,SPY,2022-09-13,2022-09-13T14:20:00+00:00,continuation_short,2022,10:00,30min,0.006608808419372614,-1.531478003974215e-05,3012
HYP-OR-CONT-EVENT-01,SPY,2022-09-13,2022-09-13T14:20:00+00:00,continuation_short,2022,10:00,15min,0.004688513142800166,-1.380367457085686e-05,3012
HYP-OR-CONT-EVENT-01,SPY,2022-09-13,2022-09-13T14:20:00+00:00,continuation_short,2022,10:00,60min,0.007905631203551367,-4.249132031730117e-05,3012
HYP-OR-CONT-EVENT-01,SPY,2022-09-13,2022-09-13T14:20:00+00:00,continuation_short,2022,10:00,session_close,0.019577036261160252,-0.440108492050137,3012
HYP-OR-CONT-EVENT-01,SPY,2022-09-14,2022-09-14T15:10:00+00:00,continuation_long,2022,11:00,30min,-0.001515649076717196,-0.00011590468567266732,3012
HYP-OR-CONT-EVENT-01,SPY,2022-09-14,2022-09-14T15:10:00+00:00,continuation_long,2022,11:00,15min,-0.003359688786722881,-4.270640479448007e-05,3012
HYP-OR-CONT-EVENT-01,SPY,2022-09-14,2022-09-14T15:10:00+00:00,continuation_long,2022,11:00,60min,-0.002854472427817223,-0.0003084228470577374,3012
HYP-OR-CONT-EVENT-01,SPY,2022-09-14,2022-09-14T15:10:00+00:00,continuation_long,2022,11:00,session_close,-0.003182863061105934,0.440039170094918,3012
HYP-OR-CONT-EVENT-01,SPY,2022-09-15,2022-09-15T14:20:00+00:00,continuation_long,2022,10:00,30min,-0.00883164207809295,1.531478003974215e-05,3012
HYP-OR-CONT-EVENT-01,SPY,2022-09-15,2022-09-15T14:20:00+00:00,continuation_long,2022,10:00,15min,-0.004377862692006018,1.380367457085686e-05,3012
HYP-OR-CONT-EVENT-01,SPY,2022-09-15,2022-09-15T14:20:00+00:00,continuation_long,2022,10:00,60min,-0.007288002631778756,4.249132031730117e-05,3012
HYP-OR-CONT-EVENT-01,SPY,2022-09-15,2022-09-15T14:20:00+00:00,continuation_long,2022,10:00,session_close,-0.012754004605612823,0.440108492050137,3012
HYP-OR-CONT-EVENT-01,SPY,2022-09-16,2022-09-16T14:30:00+00:00,continuation_long,2022,10:00,30min,-0.001535298862838097,1.531478003974215e-05,3012
HYP-OR-CONT-EVENT-01,SPY,2022-09-16,2022-09-16T14:30:00+00:00,continuation_long,2022,10:00,15min,-0.0009609930000781253,1.380367457085686e-05,3012
HYP-OR-CONT-EVENT-01,SPY,2022-09-16,2022-09-16T14:30:00+00:00,continuation_long,2022,10:00,60min,-0.0012490567019699528,4.249132031730117e-05,3012
HYP-OR-CONT-EVENT-01,SPY,2022-09-16,2022-09-16T14:30:00+00:00,continuation_long,2022,10:00,session_close,0.0035129719742901244,0.440108492050137,3012
HYP-OR-CONT-EVENT-01,SPY,2022-09-19,2022-09-19T14:30:00+00:00,continuation_long,2022,10:00,30min,0.0020221922638181677,1.531478003974215e-05,3012
HYP-OR-CONT-EVENT-01,SPY,2022-09-19,2022-09-19T14:30:00+00:00,continuation_long,2022,10:00,15min,0.0022814476822565766,1.380367457085686e-05,3012
HYP-OR-CONT-EVENT-01,SPY,2022-09-19,2022-09-19T14:30:00+00:00,continuation_long,2022,10:00,60min,-0.002048117805662164,4.249132031730117e-05,3012
HYP-OR-CONT-EVENT-01,SPY,2022-09-19,2022-09-19T14:30:00+00:00,continuation_long,2022,10:00,session_close,0.007311002799958555,0.440108492050137,3012
HYP-OR-CONT-EVENT-01,SPY,2022-09-20,2022-09-20T14:20:00+00:00,continuation_short,2022,10:00,30min,-0.0028821450462317433,-1.531478003974215e-05,3012
HYP-OR-CONT-EVENT-01,SPY,2022-09-20,2022-09-20T14:20:00+00:00,continuation_short,2022,10:00,15min,0.00023474484539431906,-1.380367457085686e-05,3012
HYP-OR-CONT-EVENT-01,SPY,2022-09-20,2022-09-20T14:20:00+00:00,continuation_short,2022,10:00,60min,-0.002829979525033055,-4.249132031730117e-05,3012
HYP-OR-CONT-EVENT-01,SPY,2022-09-20,2022-09-20T14:20:00+00:00,continuation_short,2022,10:00,session_close,-0.0020214139464522773,-0.440108492050137,3012
HYP-OR-CONT-EVENT-01,SPY,2022-09-21,2022-09-21T14:45:00+00:00,continuation_long,2022,10:00,30min,-0.0006221013084596327,1.531478003974215e-05,3012
HYP-OR-CONT-EVENT-01,SPY,2022-09-21,2022-09-21T14:45:00+00:00,continuation_long,2022,10:00,15min,-0.0008032128514056103,1.380367457085686e-05,3012
HYP-OR-CONT-EVENT-01,SPY,2022-09-21,2022-09-21T14:45:00+00:00,continuation_long,2022,10:00,60min,-0.00010364036792320785,4.249132031730117e-05,3012
HYP-OR-CONT-EVENT-01,SPY,2022-09-21,2022-09-21T14:45:00+00:00,continuation_long,2022,10:00,session_close,-0.022179038735587464,0.440108492050137,3012
HYP-OR-CONT-EVENT-01,SPY,2022-09-22,2022-09-22T14:20:00+00:00,continuation_short,2022,10:00,30min,0.0018389211662492855,-1.531478003974215e-05,3012
HYP-OR-CONT-EVENT-01,SPY,2022-09-22,2022-09-22T14:20:00+00:00,continuation_short,2022,10:00,15min,-0.0010926922871914435,-1.380367457085686e-05,3012
HYP-OR-CONT-EVENT-01,SPY,2022-09-22,2022-09-22T14:20:00+00:00,continuation_short,2022,10:00,60min,0.0039443526464474354,-4.249132031730117e-05,3012
HYP-OR-CONT-EVENT-01,SPY,2022-09-22,2022-09-22T14:20:00+00:00,continuation_short,2022,10:00,session_close,0.002638452108096656,-0.440108492050137,3012
HYP-OR-CONT-EVENT-01,SPY,2022-09-23,2022-09-23T14:20:00+00:00,continuation_short,2022,10:00,30min,6.221473592693538e-05,-1.531478003974215e-05,3012
HYP-OR-CONT-EVENT-01,SPY,2022-09-23,2022-09-23T14:20:00+00:00,continuation_short,2022,10:00,15min,0.0007878722016951833,-1.380367457085686e-05,3012
HYP-OR-CONT-EVENT-01,SPY,2022-09-23,2022-09-23T14:20:00+00:00,continuation_short,2022,10:00,60min,-0.0013391110628124814,-4.249132031730117e-05,3012
HYP-OR-CONT-EVENT-01,SPY,2022-09-23,2022-09-23T14:20:00+00:00,continuation_short,2022,10:00,session_close,0.00043468811128011264,-0.440108492050137,3012
HYP-OR-CONT-EVENT-01,SPY,2022-09-26,2022-09-26T14:20:00+00:00,continuation_long,2022,10:00,30min,-0.004116311136345141,1.531478003974215e-05,3012
HYP-OR-CONT-EVENT-01,SPY,2022-09-26,2022-09-26T14:20:00+00:00,continuation_long,2022,10:00,15min,-0.001432935896396148,1.380367457085686e-05,3012
HYP-OR-CONT-EVENT-01,SPY,2022-09-26,2022-09-26T14:20:00+00:00,continuation_long,2022,10:00,60min,-0.00873279801011173,4.249132031730117e-05,3012
HYP-OR-CONT-EVENT-01,SPY,2022-09-26,2022-09-26T14:20:00+00:00,continuation_long,2022,10:00,session_close,-0.015032308648984749,0.440108492050137,3012
HYP-OR-CONT-EVENT-01,SPY,2022-09-27,2022-09-27T14:20:00+00:00,continuation_short,2022,10:00,30min,-0.003105505461876046,-1.531478003974215e-05,3012
HYP-OR-CONT-EVENT-01,SPY,2022-09-27,2022-09-27T14:20:00+00:00,continuation_short,2022,10:00,15min,-0.0013399983655235648,-1.380367457085686e-05,3012
HYP-OR-CONT-EVENT-01,SPY,2022-09-27,2022-09-27T14:20:00+00:00,continuation_short,2022,10:00,60min,0.002778337737339487,-4.249132031730117e-05,3012
HYP-OR-CONT-EVENT-01,SPY,2022-09-27,2022-09-27T14:20:00+00:00,continuation_short,2022,10:00,session_close,0.010079272113105775,-0.440108492050137,3012
HYP-OR-CONT-EVENT-01,SPY,2022-09-28,2022-09-28T14:20:00+00:00,continuation_long,2022,10:00,30min,0.007466373867691445,1.531478003974215e-05,3012
HYP-OR-CONT-EVENT-01,SPY,2022-09-28,2022-09-28T14:20:00+00:00,continuation_long,2022,10:00,15min,0.0052978314575899965,1.380367457085686e-05,3012
HYP-OR-CONT-EVENT-01,SPY,2022-09-28,2022-09-28T14:20:00+00:00,continuation_long,2022,10:00,60min,0.009991490529783098,4.249132031730117e-05,3012
HYP-OR-CONT-EVENT-01,SPY,2022-09-28,2022-09-28T14:20:00+00:00,continuation_long,2022,10:00,session_close,0.016964040625857768,0.440108492050137,3012
HYP-OR-CONT-EVENT-01,SPY,2022-09-29,2022-09-29T14:20:00+00:00,continuation_short,2022,10:00,30min,-0.004321329639889182,-1.531478003974215e-05,3012
HYP-OR-CONT-EVENT-01,SPY,2022-09-29,2022-09-29T14:20:00+00:00,continuation_short,2022,10:00,15min,-0.0009387811634349319,-1.380367457085686e-05,3012
HYP-OR-CONT-EVENT-01,SPY,2022-09-29,2022-09-29T14:20:00+00:00,continuation_short,2022,10:00,60min,-0.0034487534626039817,-4.249132031730117e-05,3012
HYP-OR-CONT-EVENT-01,SPY,2022-09-29,2022-09-29T14:20:00+00:00,continuation_short,2022,10:00,session_close,-0.00495844875346263,-0.440108492050137,3012
HYP-OR-CONT-EVENT-01,SPY,2022-09-30,2022-09-30T14:50:00+00:00,continuation_long,2022,10:00,30min,0.004575558547912806,1.531478003974215e-05,3012
HYP-OR-CONT-EVENT-01,SPY,2022-09-30,2022-09-30T14:50:00+00:00,continuation_long,2022,10:00,15min,0.004589298963972643,1.380367457085686e-05,3012
HYP-OR-CONT-EVENT-01,SPY,2022-09-30,2022-09-30T14:50:00+00:00,continuation_long,2022,10:00,60min,-0.0027667701778010256,4.249132031730117e-05,3012
HYP-OR-CONT-EVENT-01,SPY,2022-09-30,2022-09-30T14:50:00+00:00,continuation_long,2022,10:00,session_close,-0.0184121575201297,0.440108492050137,3012
HYP-OR-CONT-EVENT-01,SPY,2022-10-03,2022-10-03T14:20:00+00:00,continuation_long,2022,10:00,30min,0.003398038217611976,1.531478003974215e-05,3012
HYP-OR-CONT-EVENT-01,SPY,2022-10-03,2022-10-03T14:20:00+00:00,continuation_long,2022,10:00,15min,0.0020748668987053964,1.380367457085686e-05,3012
HYP-OR-CONT-EVENT-01,SPY,2022-10-03,2022-10-03T14:20:00+00:00,continuation_long,2022,10:00,60min,0.004168443643467246,4.249132031730117e-05,3012
HYP-OR-CONT-EVENT-01,SPY,2022-10-03,2022-10-03T14:20:00+00:00,continuation_long,2022,10:00,session_close,0.008680818280620173,0.440108492050137,3012
HYP-OR-CONT-EVENT-01,SPY,2022-10-04,2022-10-04T14:20:00+00:00,continuation_long,2022,10:00,30min,-0.00015931177313999179,1.531478003974215e-05,3012
HYP-OR-CONT-EVENT-01,SPY,2022-10-04,2022-10-04T14:20:00+00:00,continuation_long,2022,10:00,15min,0.00018586373533002742,1.380367457085686e-05,3012
HYP-OR-CONT-EVENT-01,SPY,2022-10-04,2022-10-04T14:20:00+00:00,continuation_long,2022,10:00,60min,0.0018188094100153318,4.249132031730117e-05,3012
HYP-OR-CONT-EVENT-01,SPY,2022-10-04,2022-10-04T14:20:00+00:00,continuation_long,2022,10:00,session_close,0.003478307046890672,0.440108492050137,3012
HYP-OR-CONT-EVENT-01,SPY,2022-10-05,2022-10-05T14:20:00+00:00,continuation_short,2022,10:00,30min,-0.00039736346515995,-1.531478003974215e-05,3012
HYP-OR-CONT-EVENT-01,SPY,2022-10-05,2022-10-05T14:20:00+00:00,continuation_short,2022,10:00,15min,-0.0002152273338713595,-1.380367457085686e-05,3012
HYP-OR-CONT-EVENT-01,SPY,2022-10-05,2022-10-05T14:20:00+00:00,continuation_short,2022,10:00,60min,-0.0026906107075599373,-4.249132031730117e-05,3012
HYP-OR-CONT-EVENT-01,SPY,2022-10-05,2022-10-05T14:20:00+00:00,continuation_short,2022,10:00,session_close,-0.01466236211998928,-0.440108492050137,3012
HYP-OR-CONT-EVENT-01,SPY,2022-10-06,2022-10-06T14:20:00+00:00,continuation_short,2022,10:00,30min,-0.0032031604516455925,-1.531478003974215e-05,3012
HYP-OR-CONT-EVENT-01,SPY,2022-10-06,2022-10-06T14:20:00+00:00,continuation_short,2022,10:00,15min,0.001121106158076035,-1.380367457085686e-05,3012
HYP-OR-CONT-EVENT-01,SPY,2022-10-06,2022-10-06T14:20:00+00:00,continuation_short,2022,10:00,60min,-0.005285214745215372,-4.249132031730117e-05,3012
HYP-OR-CONT-EVENT-01,SPY,2022-10-06,2022-10-06T14:20:00+00:00,continuation_short,2022,10:00,session_close,0.003763713530683499,-0.440108492050137,3012
HYP-OR-CONT-EVENT-01,SPY,2022-10-07,2022-10-07T14:20:00+00:00,continuation_short,2022,10:00,30min,-0.0012010593567410854,-1.531478003974215e-05,3012
HYP-OR-CONT-EVENT-01,SPY,2022-10-07,2022-10-07T14:20:00+00:00,continuation_short,2022,10:00,15min,0.0017154480423742235,-1.380367457085686e-05,3012
HYP-OR-CONT-EVENT-01,SPY,2022-10-07,2022-10-07T14:20:00+00:00,continuation_short,2022,10:00,60min,0.001993119641784613,-4.249132031730117e-05,3012
HYP-OR-CONT-EVENT-01,SPY,2022-10-07,2022-10-07T14:20:00+00:00,continuation_short,2022,10:00,session_close,0.009446841041882759,-0.440108492050137,3012
HYP-OR-CONT-EVENT-01,SPY,2022-10-10,2022-10-10T14:20:00+00:00,continuation_short,2022,10:00,30min,0.004841144753214399,-1.531478003974215e-05,3012
HYP-OR-CONT-EVENT-01,SPY,2022-10-10,2022-10-10T14:20:00+00:00,continuation_short,2022,10:00,15min,0.003972348956173044,-1.380367457085686e-05,3012
HYP-OR-CONT-EVENT-01,SPY,2022-10-10,2022-10-10T14:20:00+00:00,continuation_short,2022,10:00,60min,0.001963224111710127,-4.249132031730117e-05,3012
HYP-OR-CONT-EVENT-01,SPY,2022-10-10,2022-10-10T14:20:00+00:00,continuation_short,2022,10:00,session_close,0.004368864924650828,-0.440108492050137,3012
HYP-OR-CONT-EVENT-01,SPY,2022-10-11,2022-10-11T14:20:00+00:00,continuation_short,2022,10:00,30min,-0.0033060629833014943,-1.531478003974215e-05,3012
HYP-OR-CONT-EVENT-01,SPY,2022-10-11,2022-10-11T14:20:00+00:00,continuation_short,2022,10:00,15min,-0.002436960663454002,-1.380367457085686e-05,3012
HYP-OR-CONT-EVENT-01,SPY,2022-10-11,2022-10-11T14:20:00+00:00,continuation_short,2022,10:00,60min,-0.0061638462400537275,-4.249132031730117e-05,3012
HYP-OR-CONT-EVENT-01,SPY,2022-10-11,2022-10-11T14:20:00+00:00,continuation_short,2022,10:00,session_close,-0.0022974335985654903,-0.440108492050137,3012
HYP-OR-CONT-EVENT-01,SPY,2022-10-13,2022-10-13T14:20:00+00:00,continuation_long,2022,10:00,30min,0.0020962578963767964,1.531478003974215e-05,3012
HYP-OR-CONT-EVENT-01,SPY,2022-10-13,2022-10-13T14:20:00+00:00,continuation_long,2022,10:00,15min,-0.0001699668564629775,1.380367457085686e-05,3012
HYP-OR-CONT-EVENT-01,SPY,2022-10-13,2022-10-13T14:20:00+00:00,continuation_long,2022,10:00,60min,0.01958868020735971,4.249132031730117e-05,3012
HYP-OR-CONT-EVENT-01,SPY,2022-10-13,2022-10-13T14:20:00+00:00,continuation_long,2022,10:00,session_close,0.03668451318659516,0.440108492050137,3012
HYP-OR-CONT-EVENT-01,SPY,2022-10-14,2022-10-14T14:20:00+00:00,continuation_short,2022,10:00,30min,0.0019242900989436817,-1.531478003974215e-05,3012
HYP-OR-CONT-EVENT-01,SPY,2022-10-14,2022-10-14T14:20:00+00:00,continuation_short,2022,10:00,15min,0.0007103287988929896,-1.380367457085686e-05,3012
HYP-OR-CONT-EVENT-01,SPY,2022-10-14,2022-10-14T14:20:00+00:00,continuation_short,2022,10:00,60min,0.0018417771576582087,-4.249132031730117e-05,3012
HYP-OR-CONT-EVENT-01,SPY,2022-10-14,2022-10-14T14:20:00+00:00,continuation_short,2022,10:00,session_close,0.012935490333843447,-0.440108492050137,3012
HYP-OR-CONT-EVENT-01,SPY,2022-10-17,2022-10-17T16:10:00+00:00,continuation_long,2022,12:00,30min,-0.0031561190618708546,-0.00010808507425021037,3000
HYP-OR-CONT-EVENT-01,SPY,2022-10-17,2022-10-17T16:10:00+00:00,continuation_long,2022,12:00,15min,-0.0019045546063014562,-6.324558677280933e-05,3006
HYP-OR-CONT-EVENT-01,SPY,2022-10-17,2022-10-17T16:10:00+00:00,continuation_long,2022,12:00,60min,-0.002421505142297553,-0.00012944745121344975,2988
HYP-OR-CONT-EVENT-01,SPY,2022-10-17,2022-10-17T16:10:00+00:00,continuation_long,2022,12:00,session_close,-0.002013386298090003,0.44046492733764714,3012
HYP-OR-CONT-EVENT-01,SPY,2022-10-18,2022-10-18T14:40:00+00:00,continuation_short,2022,10:00,30min,0.004524265042709752,-1.531478003974215e-05,3012
HYP-OR-CONT-EVENT-01,SPY,2022-10-18,2022-10-18T14:40:00+00:00,continuation_short,2022,10:00,15min,-0.0010509013500039632,-1.380367457085686e-05,3012
HYP-OR-CONT-EVENT-01,SPY,2022-10-18,2022-10-18T14:40:00+00:00,continuation_short,2022,10:00,60min,0.0073134650103743315,-4.249132031730117e-05,3012
HYP-OR-CONT-EVENT-01,SPY,2022-10-18,2022-10-18T14:40:00+00:00,continuation_short,2022,10:00,session_close,-8.083856538476653e-05,-0.440108492050137,3012
HYP-OR-CONT-EVENT-01,SPY,2022-10-19,2022-10-19T14:40:00+00:00,continuation_long,2022,10:00,30min,-0.002774336044820247,1.531478003974215e-05,3012
HYP-OR-CONT-EVENT-01,SPY,2022-10-19,2022-10-19T14:40:00+00:00,continuation_long,2022,10:00,15min,-0.004255777622151569,1.380367457085686e-05,3012
HYP-OR-CONT-EVENT-01,SPY,2022-10-19,2022-10-19T14:40:00+00:00,continuation_long,2022,10:00,60min,-0.005090771965738261,4.249132031730117e-05,3012
HYP-OR-CONT-EVENT-01,SPY,2022-10-19,2022-10-19T14:40:00+00:00,continuation_long,2022,10:00,session_close,-0.007272531379626135,0.440108492050137,3012
HYP-OR-CONT-EVENT-01,SPY,2022-10-20,2022-10-20T14:20:00+00:00,continuation_long,2022,10:00,30min,-0.003304231027535298,1.531478003974215e-05,3012
HYP-OR-CONT-EVENT-01,SPY,2022-10-20,2022-10-20T14:20:00+00:00,continuation_long,2022,10:00,15min,-0.0023908663532571373,1.380367457085686e-05,3012
HYP-OR-CONT-EVENT-01,SPY,2022-10-20,2022-10-20T14:20:00+00:00,continuation_long,2022,10:00,60min,-0.0034654130288784835,4.249132031730117e-05,3012
HYP-OR-CONT-EVENT-01,SPY,2022-10-20,2022-10-20T14:20:00+00:00,continuation_long,2022,10:00,session_close,-0.018321020819341838,0.440108492050137,3012
HYP-OR-CONT-EVENT-01,SPY,2022-10-21,2022-10-21T14:20:00+00:00,continuation_long,2022,10:00,30min,-0.003857189259419691,1.531478003974215e-05,3012
HYP-OR-CONT-EVENT-01,SPY,2022-10-21,2022-10-21T14:20:00+00:00,continuation_long,2022,10:00,15min,-0.006225638804677414,1.380367457085686e-05,3012
HYP-OR-CONT-EVENT-01,SPY,2022-10-21,2022-10-21T14:20:00+00:00,continuation_long,2022,10:00,60min,-0.006469250757903833,4.249132031730117e-05,3012
HYP-OR-CONT-EVENT-01,SPY,2022-10-21,2022-10-21T14:20:00+00:00,continuation_long,2022,10:00,session_close,0.013100909484625278,0.440108492050137,3012
HYP-OR-CONT-EVENT-01,SPY,2022-10-24,2022-10-24T14:20:00+00:00,continuation_short,2022,10:00,30min,-0.0032404320576078227,-1.531478003974215e-05,3012
HYP-OR-CONT-EVENT-01,SPY,2022-10-24,2022-10-24T14:20:00+00:00,continuation_short,2022,10:00,15min,-0.0025070009334577925,-1.380367457085686e-05,3012
HYP-OR-CONT-EVENT-01,SPY,2022-10-24,2022-10-24T14:20:00+00:00,continuation_short,2022,10:00,60min,-0.004933991198826648,-4.249132031730117e-05,3012
HYP-OR-CONT-EVENT-01,SPY,2022-10-24,2022-10-24T14:20:00+00:00,continuation_short,2022,10:00,session_close,-0.010374716628883895,-0.440108492050137,3012
HYP-OR-CONT-EVENT-01,SPY,2022-10-25,2022-10-25T14:45:00+00:00,continuation_long,2022,10:00,30min,0.003119568631556824,1.531478003974215e-05,3012
HYP-OR-CONT-EVENT-01,SPY,2022-10-25,2022-10-25T14:45:00+00:00,continuation_long,2022,10:00,15min,0.0012302376714479202,1.380367457085686e-05,3012
HYP-OR-CONT-EVENT-01,SPY,2022-10-25,2022-10-25T14:45:00+00:00,continuation_long,2022,10:00,60min,0.004659197989739239,4.249132031730117e-05,3012
HYP-OR-CONT-EVENT-01,SPY,2022-10-25,2022-10-25T14:45:00+00:00,continuation_long,2022,10:00,session_close,0.00740760129829332,0.440108492050137,3012
HYP-OR-CONT-EVENT-01,SPY,2022-10-26,2022-10-26T14:20:00+00:00,continuation_long,2022,10:00,30min,0.003200124882922095,1.531478003974215e-05,3012
HYP-OR-CONT-EVENT-01,SPY,2022-10-26,2022-10-26T14:20:00+00:00,continuation_long,2022,10:00,15min,0.0014829847018420494,1.380367457085686e-05,3012
HYP-OR-CONT-EVENT-01,SPY,2022-10-26,2022-10-26T14:20:00+00:00,continuation_long,2022,10:00,60min,0.0064262670413153256,4.249132031730117e-05,3012
HYP-OR-CONT-EVENT-01,SPY,2022-10-26,2022-10-26T14:20:00+00:00,continuation_long,2022,10:00,session_close,-0.005931938807368198,0.440108492050137,3012
HYP-OR-CONT-EVENT-01,SPY,2022-10-27,2022-10-27T14:35:00+00:00,continuation_long,2022,10:00,30min,-0.0035958155511606193,1.531478003974215e-05,3012
HYP-OR-CONT-EVENT-01,SPY,2022-10-27,2022-10-27T14:35:00+00:00,continuation_long,2022,10:00,15min,-0.002237951493702428,1.380367457085686e-05,3012
HYP-OR-CONT-EVENT-01,SPY,2022-10-27,2022-10-27T14:35:00+00:00,continuation_long,2022,10:00,60min,-0.007507546580618252,4.249132031730117e-05,3012
HYP-OR-CONT-EVENT-01,SPY,2022-10-27,2022-10-27T14:35:00+00:00,continuation_long,2022,10:00,session_close,-0.01124180285208698,0.440108492050137,3012
HYP-OR-CONT-EVENT-01,SPY,2022-10-28,2022-10-28T14:20:00+00:00,continuation_long,2022,10:00,30min,0.007445141065830718,1.531478003974215e-05,3012
HYP-OR-CONT-EVENT-01,SPY,2022-10-28,2022-10-28T14:20:00+00:00,continuation_long,2022,10:00,15min,0.004105799373040675,1.380367457085686e-05,3012
HYP-OR-CONT-EVENT-01,SPY,2022-10-28,2022-10-28T14:20:00+00:00,continuation_long,2022,10:00,60min,0.007105538140020906,4.249132031730117e-05,3012
HYP-OR-CONT-EVENT-01,SPY,2022-10-28,2022-10-28T14:20:00+00:00,continuation_long,2022,10:00,session_close,0.016118077324973834,0.440108492050137,3012
HYP-OR-CONT-EVENT-01,SPY,2022-10-31,2022-10-31T14:20:00+00:00,continuation_short,2022,10:00,30min,0.0013321090001423563,-1.531478003974215e-05,3012
HYP-OR-CONT-EVENT-01,SPY,2022-10-31,2022-10-31T14:20:00+00:00,continuation_short,2022,10:00,15min,0.0020304962429353868,-1.380367457085686e-05,3012
HYP-OR-CONT-EVENT-01,SPY,2022-10-31,2022-10-31T14:20:00+00:00,continuation_short,2022,10:00,60min,-0.0022371671344136868,-4.249132031730117e-05,3012
HYP-OR-CONT-EVENT-01,SPY,2022-10-31,2022-10-31T14:20:00+00:00,continuation_short,2022,10:00,session_close,0.0010217146700121083,-0.440108492050137,3012
HYP-OR-CONT-EVENT-01,SPY,2022-11-01,2022-11-01T14:20:00+00:00,continuation_short,2022,10:00,30min,0.0018678980957815838,-1.531478003974215e-05,3012
HYP-OR-CONT-EVENT-01,SPY,2022-11-01,2022-11-01T14:20:00+00:00,continuation_short,2022,10:00,15min,2.6202459399105038e-05,-1.380367457085686e-05,3012
HYP-OR-CONT-EVENT-01,SPY,2022-11-01,2022-11-01T14:20:00+00:00,continuation_short,2022,10:00,60min,0.004077465884916642,-4.249132031730117e-05,3012
HYP-OR-CONT-EVENT-01,SPY,2022-11-01,2022-11-01T14:20:00+00:00,continuation_short,2022,10:00,session_close,0.0024127017070513235,-0.440108492050137,3012
HYP-OR-CONT-EVENT-01,SPY,2022-11-02,2022-11-02T14:20:00+00:00,continuation_short,2022,10:00,30min,-0.0014379460900939556,-1.531478003974215e-05,3012
HYP-OR-CONT-EVENT-01,SPY,2022-11-02,2022-11-02T14:20:00+00:00,continuation_short,2022,10:00,15min,7.843342309610257e-05,-1.380367457085686e-05,3012
HYP-OR-CONT-EVENT-01,SPY,2022-11-02,2022-11-02T14:20:00+00:00,continuation_short,2022,10:00,60min,-0.000758189756594918,-4.249132031730117e-05,3012
HYP-OR-CONT-EVENT-01,SPY,2022-11-02,2022-11-02T14:20:00+00:00,continuation_short,2022,10:00,session_close,0.01992208946639129,-0.440108492050137,3012
HYP-OR-CONT-EVENT-01,SPY,2022-11-03,2022-11-03T14:45:00+00:00,continuation_long,2022,10:00,30min,-5.399885715851038e-05,1.531478003974215e-05,3012
HYP-OR-CONT-EVENT-01,SPY,2022-11-03,2022-11-03T14:45:00+00:00,continuation_long,2022,10:00,15min,0.0021220744910204203,1.380367457085686e-05,3012
HYP-OR-CONT-EVENT-01,SPY,2022-11-03,2022-11-03T14:45:00+00:00,continuation_long,2022,10:00,60min,-0.00045697540311750995,4.249132031730117e-05,3012
HYP-OR-CONT-EVENT-01,SPY,2022-11-03,2022-11-03T14:45:00+00:00,continuation_long,2022,10:00,session_close,-0.0032509461217672397,0.440108492050137,3012
HYP-OR-CONT-EVENT-01,SPY,2022-11-04,2022-11-04T14:40:00+00:00,continuation_long,2022,10:00,30min,-0.004728357703172481,1.531478003974215e-05,3012
HYP-OR-CONT-EVENT-01,SPY,2022-11-04,2022-11-04T14:40:00+00:00,continuation_long,2022,10:00,15min,-0.0024383076397658243,1.380367457085686e-05,3012
HYP-OR-CONT-EVENT-01,SPY,2022-11-04,2022-11-04T14:40:00+00:00,continuation_long,2022,10:00,60min,-0.012353033058792096,4.249132031730117e-05,3012
HYP-OR-CONT-EVENT-01,SPY,2022-11-04,2022-11-04T14:40:00+00:00,continuation_long,2022,10:00,session_close,-0.003656137731288478,0.440108492050137,3012
HYP-OR-CONT-EVENT-01,SPY,2022-11-07,2022-11-07T19:25:00+00:00,continuation_long,2022,14:00,30min,-0.00034259210456966116,0.00025755517258904475,2988
HYP-OR-CONT-EVENT-01,SPY,2022-11-07,2022-11-07T19:25:00+00:00,continuation_long,2022,14:00,15min,0.0008954830548675297,0.00011557019637814235,2988
HYP-OR-CONT-EVENT-01,SPY,2022-11-07,2022-11-07T19:25:00+00:00,continuation_long,2022,14:00,60min,0.001923786433352781,0.0003993886715237365,2988
HYP-OR-CONT-EVENT-01,SPY,2022-11-07,2022-11-07T19:25:00+00:00,continuation_long,2022,14:00,session_close,0.001264955463026407,0.44029625453190135,2988
HYP-OR-CONT-EVENT-01,SPY,2022-11-08,2022-11-08T15:30:00+00:00,continuation_long,2022,10:00,30min,0.002015917897162156,1.531478003974215e-05,3012
HYP-OR-CONT-EVENT-01,SPY,2022-11-08,2022-11-08T15:30:00+00:00,continuation_long,2022,10:00,15min,0.0031678709812545947,1.380367457085686e-05,3012
HYP-OR-CONT-EVENT-01,SPY,2022-11-08,2022-11-08T15:30:00+00:00,continuation_long,2022,10:00,60min,0.006990260760288969,4.249132031730117e-05,3012
HYP-OR-CONT-EVENT-01,SPY,2022-11-08,2022-11-08T15:30:00+00:00,continuation_long,2022,10:00,session_close,2.618075191129776e-05,0.440108492050137,3012
HYP-OR-CONT-EVENT-01,SPY,2022-11-09,2022-11-09T15:25:00+00:00,continuation_long,2022,10:00,30min,-0.006333998844112898,1.531478003974215e-05,3012
HYP-OR-CONT-EVENT-01,SPY,2022-11-09,2022-11-09T15:25:00+00:00,continuation_long,2022,10:00,15min,-0.005332580255345998,1.380367457085686e-05,3012
HYP-OR-CONT-EVENT-01,SPY,2022-11-09,2022-11-09T15:25:00+00:00,continuation_long,2022,10:00,60min,-0.003992801975516214,4.249132031730117e-05,3012
HYP-OR-CONT-EVENT-01,SPY,2022-11-09,2022-11-09T15:25:00+00:00,continuation_long,2022,10:00,session_close,-0.017101875689591872,0.440108492050137,3012
HYP-OR-CONT-EVENT-01,SPY,2022-11-10,2022-11-10T15:20:00+00:00,continuation_long,2022,10:00,30min,0.0021582733812950394,1.531478003974215e-05,3012
HYP-OR-CONT-EVENT-01,SPY,2022-11-10,2022-11-10T15:20:00+00:00,continuation_long,2022,10:00,15min,-0.0026207605344295004,1.380367457085686e-05,3012
HYP-OR-CONT-EVENT-01,SPY,2022-11-10,2022-11-10T15:20:00+00:00,continuation_long,2022,10:00,60min,0.003494347379239482,4.249132031730117e-05,3012
HYP-OR-CONT-EVENT-01,SPY,2022-11-10,2022-11-10T15:20:00+00:00,continuation_long,2022,10:00,session_close,0.013977389516957928,0.440108492050137,3012
HYP-OR-CONT-EVENT-01,SPY,2022-11-11,2022-11-11T15:25:00+00:00,continuation_long,2022,10:00,30min,-0.0015870616686819439,1.531478003974215e-05,3012
HYP-OR-CONT-EVENT-01,SPY,2022-11-11,2022-11-11T15:25:00+00:00,continuation_long,2022,10:00,15min,-0.0011336154776299123,1.380367457085686e-05,3012
HYP-OR-CONT-EVENT-01,SPY,2022-11-11,2022-11-11T15:25:00+00:00,continuation_long,2022,10:00,60min,-0.006474203950020185,4.249132031730117e-05,3012
HYP-OR-CONT-EVENT-01,SPY,2022-11-11,2022-11-11T15:25:00+00:00,continuation_long,2022,10:00,session_close,0.003879484079000406,0.440108492050137,3012
HYP-OR-CONT-EVENT-01,SPY,2022-11-14,2022-11-14T15:20:00+00:00,continuation_long,2022,10:00,30min,-0.00044995984742024486,1.531478003974215e-05,3012
HYP-OR-CONT-EVENT-01,SPY,2022-11-14,2022-11-14T15:20:00+00:00,continuation_long,2022,10:00,15min,-0.0006273840594258617,1.380367457085686e-05,3012
HYP-OR-CONT-EVENT-01,SPY,2022-11-14,2022-11-14T15:20:00+00:00,continuation_long,2022,10:00,60min,-0.004219283276450603,4.249132031730117e-05,3012
HYP-OR-CONT-EVENT-01,SPY,2022-11-14,2022-11-14T15:20:00+00:00,continuation_long,2022,10:00,session_close,-0.008281469584420775,0.440108492050137,3012
HYP-OR-CONT-EVENT-01,SPY,2022-11-15,2022-11-15T16:10:00+00:00,continuation_short,2022,11:00,30min,-0.0018242247045003879,0.00011590468567266732,3012
HYP-OR-CONT-EVENT-01,SPY,2022-11-15,2022-11-15T16:10:00+00:00,continuation_short,2022,11:00,15min,-0.00012494689756858968,4.270640479448007e-05,3012
HYP-OR-CONT-EVENT-01,SPY,2022-11-15,2022-11-15T16:10:00+00:00,continuation_short,2022,11:00,60min,-0.0008998675562885694,0.0003084228470577374,3012
HYP-OR-CONT-EVENT-01,SPY,2022-11-15,2022-11-15T16:10:00+00:00,continuation_short,2022,11:00,session_close,0.004073268860734225,-0.440039170094918,3012
HYP-OR-CONT-EVENT-01,SPY,2022-11-16,2022-11-16T16:10:00+00:00,continuation_short,2022,11:00,30min,-0.0015220742462915826,0.00011590468567266732,3012
HYP-OR-CONT-EVENT-01,SPY,2022-11-16,2022-11-16T16:10:00+00:00,continuation_short,2022,11:00,15min,-0.0017942432589523882,4.270640479448007e-05,3012
HYP-OR-CONT-EVENT-01,SPY,2022-11-16,2022-11-16T16:10:00+00:00,continuation_short,2022,11:00,60min,-0.0011371964317303807,0.0003084228470577374,3012
HYP-OR-CONT-EVENT-01,SPY,2022-11-16,2022-11-16T16:10:00+00:00,continuation_short,2022,11:00,session_close,0.0005054206363245273,-0.440039170094918,3012
HYP-OR-CONT-EVENT-01,SPY,2022-11-17,2022-11-17T15:20:00+00:00,continuation_short,2022,10:00,30min,0.002271683087446963,-1.531478003974215e-05,3012
HYP-OR-CONT-EVENT-01,SPY,2022-11-17,2022-11-17T15:20:00+00:00,continuation_short,2022,10:00,15min,0.0010465056919699567,-1.380367457085686e-05,3012
HYP-OR-CONT-EVENT-01,SPY,2022-11-17,2022-11-17T15:20:00+00:00,continuation_short,2022,10:00,60min,0.002220889274592852,-4.249132031730117e-05,3012
HYP-OR-CONT-EVENT-01,SPY,2022-11-17,2022-11-17T15:20:00+00:00,continuation_short,2022,10:00,session_close,-0.006381132268109546,-0.440108492050137,3012
HYP-OR-CONT-EVENT-01,SPY,2022-11-18,2022-11-18T15:20:00+00:00,continuation_short,2022,10:00,30min,-0.0011449324459473775,-1.531478003974215e-05,3012
HYP-OR-CONT-EVENT-01,SPY,2022-11-18,2022-11-18T15:20:00+00:00,continuation_short,2022,10:00,15min,-0.0007904641964280312,-1.380367457085686e-05,3012
HYP-OR-CONT-EVENT-01,SPY,2022-11-18,2022-11-18T15:20:00+00:00,continuation_short,2022,10:00,60min,-0.0016649880063135392,-4.249132031730117e-05,3012
HYP-OR-CONT-EVENT-01,SPY,2022-11-18,2022-11-18T15:20:00+00:00,continuation_short,2022,10:00,session_close,-0.002866635372184012,-0.440108492050137,3012
HYP-OR-CONT-EVENT-01,SPY,2022-11-21,2022-11-21T15:35:00+00:00,continuation_short,2022,10:00,30min,-0.0006604180954556949,-1.531478003974215e-05,3012
HYP-OR-CONT-EVENT-01,SPY,2022-11-21,2022-11-21T15:35:00+00:00,continuation_short,2022,10:00,15min,0.0006350173994768005,-1.380367457085686e-05,3012
HYP-OR-CONT-EVENT-01,SPY,2022-11-21,2022-11-21T15:35:00+00:00,continuation_short,2022,10:00,60min,-7.620208793723826e-05,-4.249132031730117e-05,3012
HYP-OR-CONT-EVENT-01,SPY,2022-11-21,2022-11-21T15:35:00+00:00,continuation_short,2022,10:00,session_close,-0.0022606619421372542,-0.440108492050137,3012
HYP-OR-CONT-EVENT-01,SPY,2022-11-22,2022-11-22T15:30:00+00:00,continuation_long,2022,10:00,30min,0.00040263893435388276,1.531478003974215e-05,3012
HYP-OR-CONT-EVENT-01,SPY,2022-11-22,2022-11-22T15:30:00+00:00,continuation_long,2022,10:00,15min,0.0009065041674012342,1.380367457085686e-05,3012
HYP-OR-CONT-EVENT-01,SPY,2022-11-22,2022-11-22T15:30:00+00:00,continuation_long,2022,10:00,60min,0.0002643970488254155,4.249132031730117e-05,3012
HYP-OR-CONT-EVENT-01,SPY,2022-11-22,2022-11-22T15:30:00+00:00,continuation_long,2022,10:00,session_close,0.006899503940775098,0.440108492050137,3012
HYP-OR-CONT-EVENT-01,SPY,2022-11-23,2022-11-23T15:25:00+00:00,continuation_long,2022,10:00,30min,0.000796226498686492,1.531478003974215e-05,3012
HYP-OR-CONT-EVENT-01,SPY,2022-11-23,2022-11-23T15:25:00+00:00,continuation_long,2022,10:00,15min,0.0011446844849829496,1.380367457085686e-05,3012
HYP-OR-CONT-EVENT-01,SPY,2022-11-23,2022-11-23T15:25:00+00:00,continuation_long,2022,10:00,60min,0.000846006211014716,4.249132031730117e-05,3012
HYP-OR-CONT-EVENT-01,SPY,2022-11-23,2022-11-23T15:25:00+00:00,continuation_long,2022,10:00,session_close,0.001542922183606965,0.440108492050137,3012
HYP-OR-CONT-EVENT-01,SPY,2022-11-25,2022-11-25T15:20:00+00:00,continuation_long,2022,10:00,30min,0.00012419583198797213,1.531478003974215e-05,3012
HYP-OR-CONT-EVENT-01,SPY,2022-11-25,2022-11-25T15:20:00+00:00,continuation_long,2022,10:00,15min,-0.00044710499515621116,1.380367457085686e-05,3012
HYP-OR-CONT-EVENT-01,SPY,2022-11-25,2022-11-25T15:20:00+00:00,continuation_long,2022,10:00,60min,-0.0002483916639757222,4.249132031730117e-05,3012
HYP-OR-CONT-EVENT-01,SPY,2022-11-25,2022-11-25T15:20:00+00:00,continuation_long,2022,10:00,session_close,-0.0008196924911199055,0.440108492050137,3012
HYP-OR-CONT-EVENT-01,SPY,2022-11-28,2022-11-28T15:45:00+00:00,continuation_short,2022,10:00,30min,0.00167814652473397,-1.531478003974215e-05,3012
HYP-OR-CONT-EVENT-01,SPY,2022-11-28,2022-11-28T15:45:00+00:00,continuation_short,2022,10:00,15min,0.001690670006261774,-1.380367457085686e-05,3012
HYP-OR-CONT-EVENT-01,SPY,2022-11-28,2022-11-28T15:45:00+00:00,continuation_short,2022,10:00,60min,0.0007013149655603623,-4.249132031730117e-05,3012
HYP-OR-CONT-EVENT-01,SPY,2022-11-28,2022-11-28T15:45:00+00:00,continuation_short,2022,10:00,session_close,0.008340638697557856,-0.440108492050137,3012
HYP-OR-CONT-EVENT-01,SPY,2022-11-29,2022-11-29T15:45:00+00:00,continuation_long,2022,10:00,30min,-0.00796531558782021,1.531478003974215e-05,3012
HYP-OR-CONT-EVENT-01,SPY,2022-11-29,2022-11-29T15:45:00+00:00,continuation_long,2022,10:00,15min,-0.003631276467029654,1.380367457085686e-05,3012
HYP-OR-CONT-EVENT-01,SPY,2022-11-29,2022-11-29T15:45:00+00:00,continuation_long,2022,10:00,60min,-0.006150433555152435,4.249132031730117e-05,3012
HYP-OR-CONT-EVENT-01,SPY,2022-11-29,2022-11-29T15:45:00+00:00,continuation_long,2022,10:00,session_close,-0.0037053841500302998,0.440108492050137,3012
HYP-OR-CONT-EVENT-01,SPY,2022-11-30,2022-11-30T15:20:00+00:00,continuation_short,2022,10:00,30min,0.0009129177866814553,-1.531478003974215e-05,3012
HYP-OR-CONT-EVENT-01,SPY,2022-11-30,2022-11-30T15:20:00+00:00,continuation_short,2022,10:00,15min,-0.0005832530303799821,-1.380367457085686e-05,3012
HYP-OR-CONT-EVENT-01,SPY,2022-11-30,2022-11-30T15:20:00+00:00,continuation_short,2022,10:00,60min,-0.001191864888167693,-4.249132031730117e-05,3012
HYP-OR-CONT-EVENT-01,SPY,2022-11-30,2022-11-30T15:20:00+00:00,continuation_short,2022,10:00,session_close,-0.033296140386468664,-0.440108492050137,3012
HYP-OR-CONT-EVENT-01,SPY,2022-12-01,2022-12-01T15:20:00+00:00,continuation_short,2022,10:00,30min,-0.0029087682106145873,-1.531478003974215e-05,3012
HYP-OR-CONT-EVENT-01,SPY,2022-12-01,2022-12-01T15:20:00+00:00,continuation_short,2022,10:00,15min,-4.93011561120138e-05,-1.380367457085686e-05,3012
HYP-OR-CONT-EVENT-01,SPY,2022-12-01,2022-12-01T15:20:00+00:00,continuation_short,2022,10:00,60min,-0.0023171543372693115,-4.249132031730117e-05,3012
HYP-OR-CONT-EVENT-01,SPY,2022-12-01,2022-12-01T15:20:00+00:00,continuation_short,2022,10:00,session_close,-0.0042152488475855066,-0.440108492050137,3012
HYP-OR-CONT-EVENT-01,SPY,2022-12-02,2022-12-02T15:30:00+00:00,continuation_long,2022,10:00,30min,0.0005967745931083623,1.531478003974215e-05,3012
HYP-OR-CONT-EVENT-01,SPY,2022-12-02,2022-12-02T15:30:00+00:00,continuation_long,2022,10:00,15min,0.0024029529070774824,1.380367457085686e-05,3012
HYP-OR-CONT-EVENT-01,SPY,2022-12-02,2022-12-02T15:30:00+00:00,continuation_long,2022,10:00,60min,0.0029727252458691122,4.249132031730117e-05,3012
HYP-OR-CONT-EVENT-01,SPY,2022-12-02,2022-12-02T15:30:00+00:00,continuation_long,2022,10:00,session_close,0.007927267322317633,0.440108492050137,3012
HYP-OR-CONT-EVENT-01,SPY,2022-12-05,2022-12-05T15:20:00+00:00,continuation_short,2022,10:00,30min,-0.0010552982229563579,-1.531478003974215e-05,3012
HYP-OR-CONT-EVENT-01,SPY,2022-12-05,2022-12-05T15:20:00+00:00,continuation_short,2022,10:00,15min,-0.0014554124703516358,-1.380367457085686e-05,3012
HYP-OR-CONT-EVENT-01,SPY,2022-12-05,2022-12-05T15:20:00+00:00,continuation_short,2022,10:00,60min,0.00040980043960403556,-4.249132031730117e-05,3012
HYP-OR-CONT-EVENT-01,SPY,2022-12-05,2022-12-05T15:20:00+00:00,continuation_short,2022,10:00,session_close,0.007513008059408577,-0.440108492050137,3012
HYP-OR-CONT-EVENT-01,SPY,2022-12-06,2022-12-06T15:20:00+00:00,continuation_short,2022,10:00,30min,0.0018795484644006377,-1.531478003974215e-05,3012
HYP-OR-CONT-EVENT-01,SPY,2022-12-06,2022-12-06T15:20:00+00:00,continuation_short,2022,10:00,15min,0.002711988396291942,-1.380367457085686e-05,3012
HYP-OR-CONT-EVENT-01,SPY,2022-12-06,2022-12-06T15:20:00+00:00,continuation_short,2022,10:00,60min,0.0022576779970991945,-4.249132031730117e-05,3012
HYP-OR-CONT-EVENT-01,SPY,2022-12-06,2022-12-06T15:20:00+00:00,continuation_short,2022,10:00,session_close,0.0064703285615185235,-0.440108492050137,3012
HYP-OR-CONT-EVENT-01,SPY,2022-12-07,2022-12-07T15:30:00+00:00,continuation_short,2022,10:00,30min,-0.0015705745262943882,-1.531478003974215e-05,3012
HYP-OR-CONT-EVENT-01,SPY,2022-12-07,2022-12-07T15:30:00+00:00,continuation_short,2022,10:00,15min,0.00037997770797437713,-1.380367457085686e-05,3012
HYP-OR-CONT-EVENT-01,SPY,2022-12-07,2022-12-07T15:30:00+00:00,continuation_short,2022,10:00,60min,0.0058009930084100825,-4.249132031730117e-05,3012
HYP-OR-CONT-EVENT-01,SPY,2022-12-07,2022-12-07T15:30:00+00:00,continuation_short,2022,10:00,session_close,0.004078427398925943,-0.440108492050137,3012
HYP-OR-CONT-EVENT-01,SPY,2022-12-08,2022-12-08T15:20:00+00:00,continuation_long,2022,10:00,30min,0.0017365949712209172,1.531478003974215e-05,3012
HYP-OR-CONT-EVENT-01,SPY,2022-12-08,2022-12-08T15:20:00+00:00,continuation_long,2022,10:00,15min,0.0017429061900433584,1.380367457085686e-05,3012
HYP-OR-CONT-EVENT-01,SPY,2022-12-08,2022-12-08T15:20:00+00:00,continuation_long,2022,10:00,60min,-0.002145814399676871,4.249132031730117e-05,3012
HYP-OR-CONT-EVENT-01,SPY,2022-12-08,2022-12-08T15:20:00+00:00,continuation_long,2022,10:00,session_close,0.0002272038776127694,0.440108492050137,3012
HYP-OR-CONT-EVENT-01,SPY,2022-12-09,2022-12-09T16:40:00+00:00,continuation_long,2022,11:00,30min,0.0013358201431596939,-0.00011590468567266732,3012
HYP-OR-CONT-EVENT-01,SPY,2022-12-09,2022-12-09T16:40:00+00:00,continuation_long,2022,11:00,15min,0.0015122492186712133,-4.270640479448007e-05,3012
HYP-OR-CONT-EVENT-01,SPY,2022-12-09,2022-12-09T16:40:00+00:00,continuation_long,2022,11:00,60min,0.00011341869140046867,-0.0003084228470577374,3012
HYP-OR-CONT-EVENT-01,SPY,2022-12-09,2022-12-09T16:40:00+00:00,continuation_long,2022,11:00,session_close,-0.008758443391470805,0.440039170094918,3012
HYP-OR-CONT-EVENT-01,SPY,2022-12-12,2022-12-12T15:20:00+00:00,continuation_long,2022,10:00,30min,0.0009488513770783413,1.531478003974215e-05,3012
HYP-OR-CONT-EVENT-01,SPY,2022-12-12,2022-12-12T15:20:00+00:00,continuation_long,2022,10:00,15min,0.0009392054829293617,1.380367457085686e-05,3012
HYP-OR-CONT-EVENT-01,SPY,2022-12-12,2022-12-12T15:20:00+00:00,continuation_long,2022,10:00,60min,0.0037860134534839496,4.249132031730117e-05,3012
HYP-OR-CONT-EVENT-01,SPY,2022-12-12,2022-12-12T15:20:00+00:00,continuation_long,2022,10:00,session_close,0.012590430257646945,0.440108492050137,3012
HYP-OR-CONT-EVENT-01,SPY,2022-12-13,2022-12-13T15:25:00+00:00,continuation_short,2022,10:00,30min,0.0034007737992557407,-1.531478003974215e-05,3012
HYP-OR-CONT-EVENT-01,SPY,2022-12-13,2022-12-13T15:25:00+00:00,continuation_short,2022,10:00,15min,0.0023411123980384696,-1.380367457085686e-05,3012
HYP-OR-CONT-EVENT-01,SPY,2022-12-13,2022-12-13T15:25:00+00:00,continuation_short,2022,10:00,60min,0.0030064811848493633,-4.249132031730117e-05,3012
HYP-OR-CONT-EVENT-01,SPY,2022-12-13,2022-12-13T15:25:00+00:00,continuation_short,2022,10:00,session_close,0.009463022745755278,-0.440108492050137,3012
HYP-OR-CONT-EVENT-01,SPY,2022-12-14,2022-12-14T15:20:00+00:00,continuation_long,2022,10:00,30min,-0.0002967799376760727,1.531478003974215e-05,3012
HYP-OR-CONT-EVENT-01,SPY,2022-12-14,2022-12-14T15:20:00+00:00,continuation_long,2022,10:00,15min,-0.0014344363654349435,1.380367457085686e-05,3012
HYP-OR-CONT-EVENT-01,SPY,2022-12-14,2022-12-14T15:20:00+00:00,continuation_long,2022,10:00,60min,0.0005440965524063923,4.249132031730117e-05,3012
HYP-OR-CONT-EVENT-01,SPY,2022-12-14,2022-12-14T15:20:00+00:00,continuation_long,2022,10:00,session_close,-0.01219270910619763,0.440108492050137,3012
HYP-OR-CONT-EVENT-01,SPY,2022-12-15,2022-12-15T15:20:00+00:00,continuation_short,2022,10:00,30min,0.0020808067913448136,-1.531478003974215e-05,3012
HYP-OR-CONT-EVENT-01,SPY,2022-12-15,2022-12-15T15:20:00+00:00,continuation_short,2022,10:00,15min,-0.0002683347162826255,-1.380367457085686e-05,3012
HYP-OR-CONT-EVENT-01,SPY,2022-12-15,2022-12-15T15:20:00+00:00,continuation_short,2022,10:00,60min,0.004914789047041568,-4.249132031730117e-05,3012
HYP-OR-CONT-EVENT-01,SPY,2022-12-15,2022-12-15T15:20:00+00:00,continuation_short,2022,10:00,session_close,0.005170102763771056,-0.440108492050137,3012
HYP-OR-CONT-EVENT-01,SPY,2022-12-16,2022-12-16T15:25:00+00:00,continuation_short,2022,10:00,30min,-0.00026111705877740476,-1.531478003974215e-05,3012
HYP-OR-CONT-EVENT-01,SPY,2022-12-16,2022-12-16T15:25:00+00:00,continuation_short,2022,10:00,15min,-0.00024022769407516797,-1.380367457085686e-05,3012
HYP-OR-CONT-EVENT-01,SPY,2022-12-16,2022-12-16T15:25:00+00:00,continuation_short,2022,10:00,60min,0.0013839204115205783,-4.249132031730117e-05,3012
HYP-OR-CONT-EVENT-01,SPY,2022-12-16,2022-12-16T15:25:00+00:00,continuation_short,2022,10:00,session_close,-0.0008616862939654357,-0.440108492050137,3012
HYP-OR-CONT-EVENT-01,SPY,2022-12-19,2022-12-19T16:10:00+00:00,continuation_short,2022,11:00,30min,0.0015412844036697404,0.00011590468567266732,3012
HYP-OR-CONT-EVENT-01,SPY,2022-12-19,2022-12-19T16:10:00+00:00,continuation_short,2022,11:00,15min,-0.00028833551769325005,4.270640479448007e-05,3012
HYP-OR-CONT-EVENT-01,SPY,2022-12-19,2022-12-19T16:10:00+00:00,continuation_short,2022,11:00,60min,-0.0006290956749672727,0.0003084228470577374,3012
HYP-OR-CONT-EVENT-01,SPY,2022-12-19,2022-12-19T16:10:00+00:00,continuation_short,2022,11:00,session_close,0.003984272608125727,-0.440039170094918,3012
HYP-OR-CONT-EVENT-01,SPY,2022-12-20,2022-12-20T15:20:00+00:00,continuation_long,2022,10:00,30min,0.0028763560902571594,1.531478003974215e-05,3012
HYP-OR-CONT-EVENT-01,SPY,2022-12-20,2022-12-20T15:20:00+00:00,continuation_long,2022,10:00,15min,0.0030470986892223717,1.380367457085686e-05,3012
HYP-OR-CONT-EVENT-01,SPY,2022-12-20,2022-12-20T15:20:00+00:00,continuation_long,2022,10:00,60min,-0.0027841550868159537,4.249132031730117e-05,3012
HYP-OR-CONT-EVENT-01,SPY,2022-12-20,2022-12-20T15:20:00+00:00,continuation_long,2022,10:00,session_close,-0.00044655756652400846,0.440108492050137,3012
HYP-OR-CONT-EVENT-01,SPY,2022-12-21,2022-12-21T15:20:00+00:00,continuation_long,2022,10:00,30min,0.0036395778089741704,1.531478003974215e-05,3012
HYP-OR-CONT-EVENT-01,SPY,2022-12-21,2022-12-21T15:20:00+00:00,continuation_long,2022,10:00,15min,0.004445484323818416,1.380367457085686e-05,3012
HYP-OR-CONT-EVENT-01,SPY,2022-12-21,2022-12-21T15:20:00+00:00,continuation_long,2022,10:00,60min,0.00428794259865839,4.249132031730117e-05,3012
HYP-OR-CONT-EVENT-01,SPY,2022-12-21,2022-12-21T15:20:00+00:00,continuation_long,2022,10:00,session_close,0.0040815265429210434,0.440108492050137,3012
HYP-OR-CONT-EVENT-01,SPY,2022-12-22,2022-12-22T15:20:00+00:00,continuation_short,2022,10:00,30min,0.0017974690204951571,-1.531478003974215e-05,3012
HYP-OR-CONT-EVENT-01,SPY,2022-12-22,2022-12-22T15:20:00+00:00,continuation_short,2022,10:00,15min,0.002499408034939088,-1.380367457085686e-05,3012
HYP-OR-CONT-EVENT-01,SPY,2022-12-22,2022-12-22T15:20:00+00:00,continuation_short,2022,10:00,60min,0.0023431292588595998,-4.249132031730117e-05,3012
HYP-OR-CONT-EVENT-01,SPY,2022-12-22,2022-12-22T15:20:00+00:00,continuation_short,2022,10:00,session_close,-0.0017627404035887029,-0.440108492050137,3012
HYP-OR-CONT-EVENT-01,SPY,2022-12-23,2022-12-23T15:35:00+00:00,continuation_long,2022,10:00,30min,-0.004736360068036127,1.531478003974215e-05,3012
HYP-OR-CONT-EVENT-01,SPY,2022-12-23,2022-12-23T15:35:00+00:00,continuation_long,2022,10:00,15min,-0.0028522831348946065,1.380367457085686e-05,3012
HYP-OR-CONT-EVENT-01,SPY,2022-12-23,2022-12-23T15:35:00+00:00,continuation_long,2022,10:00,60min,-0.0013607222294910182,4.249132031730117e-05,3012
HYP-OR-CONT-EVENT-01,SPY,2022-12-23,2022-12-23T15:35:00+00:00,continuation_long,2022,10:00,session_close,0.0019625801386891073,0.440108492050137,3012
HYP-OR-CONT-EVENT-01,SPY,2022-12-28,2022-12-28T15:45:00+00:00,continuation_short,2022,10:00,30min,0.003364348420333174,-1.531478003974215e-05,3012
HYP-OR-CONT-EVENT-01,SPY,2022-12-28,2022-12-28T15:45:00+00:00,continuation_short,2022,10:00,15min,0.0024181254271143926,-1.380367457085686e-05,3012
HYP-OR-CONT-EVENT-01,SPY,2022-12-28,2022-12-28T15:45:00+00:00,continuation_short,2022,10:00,60min,0.005545918099143066,-4.249132031730117e-05,3012
HYP-OR-CONT-EVENT-01,SPY,2022-12-28,2022-12-28T15:45:00+00:00,continuation_short,2022,10:00,session_close,0.009935341428796596,-0.440108492050137,3012
HYP-OR-CONT-EVENT-01,SPY,2022-12-29,2022-12-29T15:20:00+00:00,continuation_long,2022,10:00,30min,0.00037878293125737095,1.531478003974215e-05,3012
HYP-OR-CONT-EVENT-01,SPY,2022-12-29,2022-12-29T15:20:00+00:00,continuation_long,2022,10:00,15min,0.00037878293125737095,1.380367457085686e-05,3012
HYP-OR-CONT-EVENT-01,SPY,2022-12-29,2022-12-29T15:20:00+00:00,continuation_long,2022,10:00,60min,-0.00037878293125737095,4.249132031730117e-05,3012
HYP-OR-CONT-EVENT-01,SPY,2022-12-29,2022-12-29T15:20:00+00:00,continuation_long,2022,10:00,session_close,0.0015281932054178604,0.440108492050137,3012
HYP-OR-CONT-EVENT-01,SPY,2022-12-30,2022-12-30T19:20:00+00:00,continuation_short,2022,14:00,30min,-0.0009107227707090271,-0.00025755517258904475,2988
HYP-OR-CONT-EVENT-01,SPY,2022-12-30,2022-12-30T19:20:00+00:00,continuation_short,2022,14:00,15min,-0.0008711261285041516,-0.00011557019637814235,2988
HYP-OR-CONT-EVENT-01,SPY,2022-12-30,2022-12-30T19:20:00+00:00,continuation_short,2022,14:00,60min,-0.004435087904545609,-0.0003993886715237365,2988
HYP-OR-CONT-EVENT-01,SPY,2022-12-30,2022-12-30T19:20:00+00:00,continuation_short,2022,14:00,session_close,-0.009555989652077601,-0.44029625453190135,2988
HYP-OR-CONT-EVENT-01,SPY,2023-01-03,2023-01-03T15:30:00+00:00,continuation_short,2023,10:00,30min,-0.0018903095381870294,7.048358290447417e-06,2988
HYP-OR-CONT-EVENT-01,SPY,2023-01-03,2023-01-03T15:30:00+00:00,continuation_short,2023,10:00,15min,-0.0013127149570741903,9.236394497250353e-06,2988
HYP-OR-CONT-EVENT-01,SPY,2023-01-03,2023-01-03T15:30:00+00:00,continuation_short,2023,10:00,60min,0.003675601879807755,-0.00011437319022916198,2988
HYP-OR-CONT-EVENT-01,SPY,2023-01-03,2023-01-03T15:30:00+00:00,continuation_short,2023,10:00,session_close,0.00013127149570746344,-0.3758866179412834,2988
HYP-OR-CONT-EVENT-01,SPY,2023-01-04,2023-01-04T15:20:00+00:00,continuation_short,2023,10:00,30min,-0.003698360655737698,7.048358290447417e-06,2988
HYP-OR-CONT-EVENT-01,SPY,2023-01-04,2023-01-04T15:20:00+00:00,continuation_short,2023,10:00,15min,-0.00010491803278700473,9.236394497250353e-06,2988
HYP-OR-CONT-EVENT-01,SPY,2023-01-04,2023-01-04T15:20:00+00:00,continuation_short,2023,10:00,60min,-0.005140983606557237,-0.00011437319022916198,2988
HYP-OR-CONT-EVENT-01,SPY,2023-01-04,2023-01-04T15:20:00+00:00,continuation_short,2023,10:00,session_close,-0.006531147540983717,-0.3758866179412834,2988
HYP-OR-CONT-EVENT-01,SPY,2023-01-05,2023-01-05T15:25:00+00:00,continuation_long,2023,10:00,30min,-0.001657807483816609,-7.048358290447417e-06,2988
HYP-OR-CONT-EVENT-01,SPY,2023-01-05,2023-01-05T15:25:00+00:00,continuation_long,2023,10:00,15min,0.0013157202252513933,-9.236394497250353e-06,2988
HYP-OR-CONT-EVENT-01,SPY,2023-01-05,2023-01-05T15:25:00+00:00,continuation_long,2023,10:00,60min,-0.001881479922109297,0.00011437319022916198,2988
HYP-OR-CONT-EVENT-01,SPY,2023-01-05,2023-01-05T15:25:00+00:00,continuation_long,2023,10:00,session_close,-0.0016314930793116522,0.3758866179412834,2988
HYP-OR-CONT-EVENT-01,SPY,2023-01-06,2023-01-06T15:55:00+00:00,continuation_long,2023,10:00,30min,0.00028554370116551375,-7.048358290447417e-06,2988
HYP-OR-CONT-EVENT-01,SPY,2023-01-06,2023-01-06T15:55:00+00:00,continuation_long,2023,10:00,15min,0.00016873036887044002,-9.236394497250353e-06,2988
HYP-OR-CONT-EVENT-01,SPY,2023-01-06,2023-01-06T15:55:00+00:00,continuation_long,2023,10:00,60min,0.0026737273836408004,0.00011437319022916198,2988
HYP-OR-CONT-EVENT-01,SPY,2023-01-06,2023-01-06T15:55:00+00:00,continuation_long,2023,10:00,session_close,0.007268385120577259,0.3758866179412834,2988
HYP-OR-CONT-EVENT-01,SPY,2023-01-09,2023-01-09T15:20:00+00:00,continuation_long,2023,10:00,30min,0.0032410361107566565,-7.048358290447417e-06,2988
HYP-OR-CONT-EVENT-01,SPY,2023-01-09,2023-01-09T15:20:00+00:00,continuation_long,2023,10:00,15min,0.0018119178256985613,-9.236394497250353e-06,2988
HYP-OR-CONT-EVENT-01,SPY,2023-01-09,2023-01-09T15:20:00+00:00,continuation_long,2023,10:00,60min,0.0043639147633023345,0.00011437319022916198,2988
HYP-OR-CONT-EVENT-01,SPY,2023-01-09,2023-01-09T15:20:00+00:00,continuation_long,2023,10:00,session_close,-0.010167921398494317,0.3758866179412834,2988
HYP-OR-CONT-EVENT-01,SPY,2023-01-10,2023-01-10T15:30:00+00:00,continuation_long,2023,10:00,30min,0.000869262865090592,-7.048358290447417e-06,2988
HYP-OR-CONT-EVENT-01,SPY,2023-01-10,2023-01-10T15:30:00+00:00,continuation_long,2023,10:00,15min,-0.0035028073971050677,-9.236394497250353e-06,2988
HYP-OR-CONT-EVENT-01,SPY,2023-01-10,2023-01-10T15:30:00+00:00,continuation_long,2023,10:00,60min,-0.0013390511512904046,0.00011437319022916198,2988
HYP-OR-CONT-EVENT-01,SPY,2023-01-10,2023-01-10T15:30:00+00:00,continuation_long,2023,10:00,session_close,0.006104157008190336,0.3758866179412834,2988
HYP-OR-CONT-EVENT-01,SPY,2023-01-11,2023-01-11T15:55:00+00:00,continuation_short,2023,10:00,30min,-0.0017733437097329219,7.048358290447417e-06,2988
HYP-OR-CONT-EVENT-01,SPY,2023-01-11,2023-01-11T15:55:00+00:00,continuation_short,2023,10:00,15min,-0.0012630289731192512,9.236394497250353e-06,2988
HYP-OR-CONT-EVENT-01,SPY,2023-01-11,2023-01-11T15:55:00+00:00,continuation_short,2023,10:00,60min,-0.0021050482885318633,-0.00011437319022916198,2988
HYP-OR-CONT-EVENT-01,SPY,2023-01-11,2023-01-11T15:55:00+00:00,continuation_short,2023,10:00,session_close,-0.009147391653802517,-0.3758866179412834,2988
HYP-OR-CONT-EVENT-01,SPY,2023-01-12,2023-01-12T17:25:00+00:00,continuation_long,2023,12:00,30min,0.0006289229066300805,6.39501391262826e-05,2976
HYP-OR-CONT-EVENT-01,SPY,2023-01-12,2023-01-12T17:25:00+00:00,continuation_long,2023,12:00,15min,0.00023873913535688018,5.263621320371693e-05,2982
HYP-OR-CONT-EVENT-01,SPY,2023-01-12,2023-01-12T17:25:00+00:00,continuation_long,2023,12:00,60min,-0.0033332914051394935,4.676965533941821e-05,2964
HYP-OR-CONT-EVENT-01,SPY,2023-01-12,2023-01-12T17:25:00+00:00,continuation_long,2023,12:00,session_close,-0.0014213657689839954,0.3755008115828469,2988
HYP-OR-CONT-EVENT-01,SPY,2023-01-13,2023-01-13T15:20:00+00:00,continuation_long,2023,10:00,30min,0.0018827632393636495,-7.048358290447417e-06,2988
HYP-OR-CONT-EVENT-01,SPY,2023-01-13,2023-01-13T15:20:00+00:00,continuation_long,2023,10:00,15min,0.000922427627339184,-9.236394497250353e-06,2988
HYP-OR-CONT-EVENT-01,SPY,2023-01-13,2023-01-13T15:20:00+00:00,continuation_long,2023,10:00,60min,0.0016050240715703712,0.00011437319022916198,2988
HYP-OR-CONT-EVENT-01,SPY,2023-01-13,2023-01-13T15:20:00+00:00,continuation_long,2023,10:00,session_close,0.007012977166757306,0.3758866179412834,2988
HYP-OR-CONT-EVENT-01,SPY,2023-01-17,2023-01-17T15:20:00+00:00,continuation_long,2023,10:00,30min,-0.003539623774264422,-7.048358290447417e-06,2988
HYP-OR-CONT-EVENT-01,SPY,2023-01-17,2023-01-17T15:20:00+00:00,continuation_long,2023,10:00,15min,-0.0020637382429457007,-9.236394497250353e-06,2988
HYP-OR-CONT-EVENT-01,SPY,2023-01-17,2023-01-17T15:20:00+00:00,continuation_long,2023,10:00,60min,-0.006598459075445207,0.00011437319022916198,2988
HYP-OR-CONT-EVENT-01,SPY,2023-01-17,2023-01-17T15:20:00+00:00,continuation_long,2023,10:00,session_close,-0.005003001801080598,0.3758866179412834,2988
HYP-OR-CONT-EVENT-01,SPY,2023-01-18,2023-01-18T15:20:00+00:00,continuation_long,2023,10:00,30min,-0.004863496201960471,-7.048358290447417e-06,2988
HYP-OR-CONT-EVENT-01,SPY,2023-01-18,2023-01-18T15:20:00+00:00,continuation_long,2023,10:00,15min,-0.001880217603850709,-9.236394497250353e-06,2988
HYP-OR-CONT-EVENT-01,SPY,2023-01-18,2023-01-18T15:20:00+00:00,continuation_long,2023,10:00,60min,-0.00935094888315069,0.00011437319022916198,2988
HYP-OR-CONT-EVENT-01,SPY,2023-01-18,2023-01-18T15:20:00+00:00,continuation_long,2023,10:00,session_close,-0.018426132517736615,0.3758866179412834,2988
HYP-OR-CONT-EVENT-01,SPY,2023-01-19,2023-01-19T15:30:00+00:00,continuation_short,2023,10:00,30min,0.002891584845525097,7.048358290447417e-06,2988
HYP-OR-CONT-EVENT-01,SPY,2023-01-19,2023-01-19T15:30:00+00:00,continuation_short,2023,10:00,15min,0.002184752994396799,9.236394497250353e-06,2988
HYP-OR-CONT-EVENT-01,SPY,2023-01-19,2023-01-19T15:30:00+00:00,continuation_short,2023,10:00,60min,0.003367089909011467,-0.00011437319022916198,2988
HYP-OR-CONT-EVENT-01,SPY,2023-01-19,2023-01-19T15:30:00+00:00,continuation_short,2023,10:00,session_close,0.0009767131033773246,-0.3758866179412834,2988
HYP-OR-CONT-EVENT-01,SPY,2023-01-20,2023-01-20T15:25:00+00:00,continuation_long,2023,10:00,30min,0.0004353616062280352,-7.048358290447417e-06,2988
HYP-OR-CONT-EVENT-01,SPY,2023-01-20,2023-01-20T15:25:00+00:00,continuation_long,2023,10:00,15min,-4.609711124781146e-05,-9.236394497250353e-06,2988
HYP-OR-CONT-EVENT-01,SPY,2023-01-20,2023-01-20T15:25:00+00:00,continuation_long,2023,10:00,60min,0.004788977668510608,0.00011437319022916198,2988
HYP-OR-CONT-EVENT-01,SPY,2023-01-20,2023-01-20T15:25:00+00:00,continuation_long,2023,10:00,session_close,0.013701085843064842,0.3758866179412834,2988
HYP-OR-CONT-EVENT-01,SPY,2023-01-23,2023-01-23T15:20:00+00:00,continuation_long,2023,10:00,30min,0.002733747993579394,-7.048358290447417e-06,2988
HYP-OR-CONT-EVENT-01,SPY,2023-01-23,2023-01-23T15:20:00+00:00,continuation_long,2023,10:00,15min,0.0017054574638843967,-9.236394497250353e-06,2988
HYP-OR-CONT-EVENT-01,SPY,2023-01-23,2023-01-23T15:20:00+00:00,continuation_long,2023,10:00,60min,0.007348515248795984,0.00011437319022916198,2988
HYP-OR-CONT-EVENT-01,SPY,2023-01-23,2023-01-23T15:20:00+00:00,continuation_long,2023,10:00,session_close,0.00469000802568198,0.3758866179412834,2988
HYP-OR-CONT-EVENT-01,SPY,2023-01-24,2023-01-24T16:10:00+00:00,continuation_long,2023,11:00,30min,-0.0005995353600959374,0.00011117419493857134,2988
HYP-OR-CONT-EVENT-01,SPY,2023-01-24,2023-01-24T16:10:00+00:00,continuation_long,2023,11:00,15min,0.0008743224001399597,5.790483813667798e-05,2988
HYP-OR-CONT-EVENT-01,SPY,2023-01-24,2023-01-24T16:10:00+00:00,continuation_long,2023,11:00,60min,0.0003232494816516329,0.0002050944964118135,2988
HYP-OR-CONT-EVENT-01,SPY,2023-01-24,2023-01-24T16:10:00+00:00,continuation_long,2023,11:00,session_close,-0.00034972896005591725,0.37575754670346784,2988
HYP-OR-CONT-EVENT-01,SPY,2023-01-25,2023-01-25T15:20:00+00:00,continuation_short,2023,10:00,30min,0.0016712661721143274,7.048358290447417e-06,2988
HYP-OR-CONT-EVENT-01,SPY,2023-01-25,2023-01-25T15:20:00+00:00,continuation_short,2023,10:00,15min,0.0029976960275465148,9.236394497250353e-06,2988
HYP-OR-CONT-EVENT-01,SPY,2023-01-25,2023-01-25T15:20:00+00:00,continuation_short,2023,10:00,60min,-0.0026331113755473368,-0.00011437319022916198,2988
HYP-OR-CONT-EVENT-01,SPY,2023-01-25,2023-01-25T15:20:00+00:00,continuation_short,2023,10:00,session_close,-0.013646606071347156,-0.3758866179412834,2988
HYP-OR-CONT-EVENT-01,SPY,2023-01-26,2023-01-26T16:10:00+00:00,continuation_short,2023,11:00,30min,-0.00269649455707599,-0.00011117419493857134,2988
HYP-OR-CONT-EVENT-01,SPY,2023-01-26,2023-01-26T16:10:00+00:00,continuation_short,2023,11:00,15min,-0.0012735943273745054,-5.790483813667798e-05,2988
HYP-OR-CONT-EVENT-01,SPY,2023-01-26,2023-01-26T16:10:00+00:00,continuation_short,2023,11:00,60min,-0.004722111255367922,-0.0002050944964118135,2988
HYP-OR-CONT-EVENT-01,SPY,2023-01-26,2023-01-26T16:10:00+00:00,continuation_short,2023,11:00,session_close,-0.010461400179766267,-0.37575754670346784,2988
HYP-OR-CONT-EVENT-01,SPY,2023-01-27,2023-01-27T15:20:00+00:00,continuation_long,2023,10:00,30min,-0.005123776356928733,-7.048358290447417e-06,2988
HYP-OR-CONT-EVENT-01,SPY,2023-01-27,2023-01-27T15:20:00+00:00,continuation_long,2023,10:00,15min,-0.0013550258996906095,-9.236394497250353e-06,2988
HYP-OR-CONT-EVENT-01,SPY,2023-01-27,2023-01-27T15:20:00+00:00,continuation_long,2023,10:00,60min,-0.0025127466283847433,0.00011437319022916198,2988
HYP-OR-CONT-EVENT-01,SPY,2023-01-27,2023-01-27T15:20:00+00:00,continuation_long,2023,10:00,session_close,-0.0007145846455194338,0.3758866179412834,2988
HYP-OR-CONT-EVENT-01,SPY,2023-01-30,2023-01-30T15:20:00+00:00,continuation_long,2023,10:00,30min,-0.004107253334653116,-7.048358290447417e-06,2988
HYP-OR-CONT-EVENT-01,SPY,2023-01-30,2023-01-30T15:20:00+00:00,continuation_long,2023,10:00,15min,-0.003019129401865883,-9.236394497250353e-06,2988
HYP-OR-CONT-EVENT-01,SPY,2023-01-30,2023-01-30T15:20:00+00:00,continuation_long,2023,10:00,60min,-0.0023014674948649283,0.00011437319022916198,2988
HYP-OR-CONT-EVENT-01,SPY,2023-01-30,2023-01-30T15:20:00+00:00,continuation_long,2023,10:00,session_close,-0.008562448959390179,0.3758866179412834,2988
HYP-OR-CONT-EVENT-01,SPY,2023-01-31,2023-01-31T15:25:00+00:00,continuation_short,2023,10:00,30min,-0.0016531801966415127,7.048358290447417e-06,2988
HYP-OR-CONT-EVENT-01,SPY,2023-01-31,2023-01-31T15:25:00+00:00,continuation_short,2023,10:00,15min,-0.001483138804986961,9.236394497250353e-06,2988
HYP-OR-CONT-EVENT-01,SPY,2023-01-31,2023-01-31T15:25:00+00:00,continuation_short,2023,10:00,60min,-0.0022249568060059843,-0.00011437319022916198,2988
HYP-OR-CONT-EVENT-01,SPY,2023-01-31,2023-01-31T15:25:00+00:00,continuation_short,2023,10:00,session_close,-0.010428708157760536,-0.3758866179412834,2988
HYP-OR-CONT-EVENT-01,SPY,2023-02-01,2023-02-01T15:25:00+00:00,continuation_short,2023,10:00,30min,0.0032802249297094743,7.048358290447417e-06,2988
HYP-OR-CONT-EVENT-01,SPY,2023-02-01,2023-02-01T15:25:00+00:00,continuation_short,2023,10:00,15min,0.0011715089034676218,9.236394497250353e-06,2988
HYP-OR-CONT-EVENT-01,SPY,2023-02-01,2023-02-01T15:25:00+00:00,continuation_short,2023,10:00,60min,0.0004932669067232442,-0.00011437319022916198,2988
HYP-OR-CONT-EVENT-01,SPY,2023-02-01,2023-02-01T15:25:00+00:00,continuation_short,2023,10:00,session_close,-0.013145563064174137,-0.3758866179412834,2988
HYP-OR-CONT-EVENT-01,SPY,2023-02-02,2023-02-02T15:20:00+00:00,continuation_short,2023,10:00,30min,-0.005354834040910861,7.048358290447417e-06,2988
HYP-OR-CONT-EVENT-01,SPY,2023-02-02,2023-02-02T15:20:00+00:00,continuation_short,2023,10:00,15min,-0.004004245465071499,9.236394497250353e-06,2988
HYP-OR-CONT-EVENT-01,SPY,2023-02-02,2023-02-02T15:20:00+00:00,continuation_short,2023,10:00,60min,-0.005089733693554699,-0.00011437319022916198,2988
HYP-OR-CONT-EVENT-01,SPY,2023-02-02,2023-02-02T15:20:00+00:00,continuation_short,2023,10:00,session_close,-0.00535507526051715,-0.3758866179412834,2988
HYP-OR-CONT-EVENT-01,SPY,2023-02-03,2023-02-03T15:30:00+00:00,continuation_long,2023,10:00,30min,0.002096436058700135,-7.048358290447417e-06,2988
HYP-OR-CONT-EVENT-01,SPY,2023-02-03,2023-02-03T15:30:00+00:00,continuation_long,2023,10:00,15min,0.002891635943034654,-9.236394497250353e-06,2988
HYP-OR-CONT-EVENT-01,SPY,2023-02-03,2023-02-03T15:30:00+00:00,continuation_long,2023,10:00,60min,0.004554326610279658,0.00011437319022916198,2988
HYP-OR-CONT-EVENT-01,SPY,2023-02-03,2023-02-03T15:30:00+00:00,continuation_long,2023,10:00,session_close,-0.006337502108484494,0.3758866179412834,2988
HYP-OR-CONT-EVENT-01,SPY,2023-02-06,2023-02-06T15:35:00+00:00,continuation_short,2023,10:00,30min,-0.0037201106243422988,7.048358290447417e-06,2988
HYP-OR-CONT-EVENT-01,SPY,2023-02-06,2023-02-06T15:35:00+00:00,continuation_short,2023,10:00,15min,-0.0038424826843537208,9.236394497250353e-06,2988
HYP-OR-CONT-EVENT-01,SPY,2023-02-06,2023-02-06T15:35:00+00:00,continuation_short,2023,10:00,60min,-0.005184659438556949,-0.00011437319022916198,2988
HYP-OR-CONT-EVENT-01,SPY,2023-02-06,2023-02-06T15:35:00+00:00,continuation_short,2023,10:00,session_close,-0.0032061479722949038,-0.3758866179412834,2988
HYP-OR-CONT-EVENT-01,SPY,2023-02-07,2023-02-07T15:30:00+00:00,continuation_short,2023,10:00,30min,-0.00036414360179137795,7.048358290447417e-06,2988
HYP-OR-CONT-EVENT-01,SPY,2023-02-07,2023-02-07T15:30:00+00:00,continuation_short,2023,10:00,15min,-0.001199128796221638,9.236394497250353e-06,2988
HYP-OR-CONT-EVENT-01,SPY,2023-02-07,2023-02-07T15:30:00+00:00,continuation_short,2023,10:00,60min,-0.004282358123485874,-0.00011437319022916198,2988
HYP-OR-CONT-EVENT-01,SPY,2023-02-07,2023-02-07T15:30:00+00:00,continuation_short,2023,10:00,session_close,-0.016029170643369284,-0.3758866179412834,2988
HYP-OR-CONT-EVENT-01,SPY,2023-02-08,2023-02-08T15:50:00+00:00,continuation_short,2023,10:00,30min,0.003477607599844945,7.048358290447417e-06,2988
HYP-OR-CONT-EVENT-01,SPY,2023-02-08,2023-02-08T15:50:00+00:00,continuation_short,2023,10:00,15min,0.001272295463357831,9.236394497250353e-06,2988
HYP-OR-CONT-EVENT-01,SPY,2023-02-08,2023-02-08T15:50:00+00:00,continuation_short,2023,10:00,60min,0.004531795269484329,-0.00011437319022916198,2988
HYP-OR-CONT-EVENT-01,SPY,2023-02-08,2023-02-08T15:50:00+00:00,continuation_short,2023,10:00,session_close,0.0047983714618068385,-0.3758866179412834,2988
HYP-OR-CONT-EVENT-01,SPY,2023-02-09,2023-02-09T15:45:00+00:00,continuation_short,2023,10:00,30min,0.0013092813500146239,7.048358290447417e-06,2988
HYP-OR-CONT-EVENT-01,SPY,2023-02-09,2023-02-09T15:45:00+00:00,continuation_short,2023,10:00,15min,0.001163805644457394,9.236394497250353e-06,2988
HYP-OR-CONT-EVENT-01,SPY,2023-02-09,2023-02-09T15:45:00+00:00,continuation_short,2023,10:00,60min,0.0029604306080884824,-0.00011437319022916198,2988
HYP-OR-CONT-EVENT-01,SPY,2023-02-09,2023-02-09T15:45:00+00:00,continuation_short,2023,10:00,session_close,0.012874599941809728,-0.3758866179412834,2988
HYP-OR-CONT-EVENT-01,SPY,2023-02-10,2023-02-10T15:20:00+00:00,continuation_short,2023,10:00,30min,0.0030662807241328416,7.048358290447417e-06,2988
HYP-OR-CONT-EVENT-01,SPY,2023-02-10,2023-02-10T15:20:00+00:00,continuation_short,2023,10:00,15min,0.00041210812932346297,9.236394497250353e-06,2988
HYP-OR-CONT-EVENT-01,SPY,2023-02-10,2023-02-10T15:20:00+00:00,continuation_short,2023,10:00,60min,0.0006866015797478697,-0.00011437319022916198,2988
HYP-OR-CONT-EVENT-01,SPY,2023-02-10,2023-02-10T15:20:00+00:00,continuation_short,2023,10:00,session_close,-0.000907619094343115,-0.3758866179412834,2988
HYP-OR-CONT-EVENT-01,SPY,2023-02-13,2023-02-13T15:20:00+00:00,continuation_long,2023,10:00,30min,0.0029978064830611384,-7.048358290447417e-06,2988
HYP-OR-CONT-EVENT-01,SPY,2023-02-13,2023-02-13T15:20:00+00:00,continuation_long,2023,10:00,15min,0.0011211308798440012,-9.236394497250353e-06,2988
HYP-OR-CONT-EVENT-01,SPY,2023-02-13,2023-02-13T15:20:00+00:00,continuation_long,2023,10:00,60min,0.0031196685352181674,0.00011437319022916198,2988
HYP-OR-CONT-EVENT-01,SPY,2023-02-13,2023-02-13T15:20:00+00:00,continuation_long,2023,10:00,session_close,0.006141847428710712,0.3758866179412834,2988
HYP-OR-CONT-EVENT-01,SPY,2023-02-14,2023-02-14T15:20:00+00:00,continuation_long,2023,10:00,30min,-0.01001665419613329,-7.048358290447417e-06,2988
HYP-OR-CONT-EVENT-01,SPY,2023-02-14,2023-02-14T15:20:00+00:00,continuation_long,2023,10:00,15min,-0.009002920518452417,-9.236394497250353e-06,2988
HYP-OR-CONT-EVENT-01,SPY,2023-02-14,2023-02-14T15:20:00+00:00,continuation_long,2023,10:00,60min,-0.00591344645313896,0.00011437319022916198,2988
HYP-OR-CONT-EVENT-01,SPY,2023-02-14,2023-02-14T15:20:00+00:00,continuation_long,2023,10:00,session_close,-0.003958388646182809,0.3758866179412834,2988
HYP-OR-CONT-EVENT-01,SPY,2023-02-15,2023-02-15T16:25:00+00:00,continuation_long,2023,11:00,30min,0.0013361838588989983,0.00011117419493857134,2988
HYP-OR-CONT-EVENT-01,SPY,2023-02-15,2023-02-15T16:25:00+00:00,continuation_long,2023,11:00,15min,0.0018220688984986744,5.790483813667798e-05,2988
HYP-OR-CONT-EVENT-01,SPY,2023-02-15,2023-02-15T16:25:00+00:00,continuation_long,2023,11:00,60min,-0.0015064865652786308,0.0002050944964118135,2988
HYP-OR-CONT-EVENT-01,SPY,2023-02-15,2023-02-15T16:25:00+00:00,continuation_long,2023,11:00,session_close,0.0057577377192556956,0.37575754670346784,2988
HYP-OR-CONT-EVENT-01,SPY,2023-02-16,2023-02-16T15:30:00+00:00,continuation_long,2023,10:00,30min,0.002962169009281146,-7.048358290447417e-06,2988
HYP-OR-CONT-EVENT-01,SPY,2023-02-16,2023-02-16T15:30:00+00:00,continuation_long,2023,10:00,15min,0.0025577939636063363,-9.236394497250353e-06,2988
HYP-OR-CONT-EVENT-01,SPY,2023-02-16,2023-02-16T15:30:00+00:00,continuation_long,2023,10:00,60min,0.0022167547684588396,0.00011437319022916198,2988
HYP-OR-CONT-EVENT-01,SPY,2023-02-16,2023-02-16T15:30:00+00:00,continuation_long,2023,10:00,session_close,-0.005310467467296798,0.3758866179412834,2988
HYP-OR-CONT-EVENT-01,SPY,2023-02-17,2023-02-17T15:40:00+00:00,continuation_long,2023,10:00,30min,-0.002732240437158473,-7.048358290447417e-06,2988
HYP-OR-CONT-EVENT-01,SPY,2023-02-17,2023-02-17T15:40:00+00:00,continuation_long,2023,10:00,15min,-0.0032491507901343253,-9.236394497250353e-06,2988
HYP-OR-CONT-EVENT-01,SPY,2023-02-17,2023-02-17T15:40:00+00:00,continuation_long,2023,10:00,60min,-0.0026337813223058504,0.00011437319022916198,2988
HYP-OR-CONT-EVENT-01,SPY,2023-02-17,2023-02-17T15:40:00+00:00,continuation_long,2023,10:00,session_close,0.002412248313887755,0.3758866179412834,2988
HYP-OR-CONT-EVENT-01,SPY,2023-02-21,2023-02-21T15:20:00+00:00,continuation_short,2023,10:00,30min,0.0013434506779449462,7.048358290447417e-06,2988
HYP-OR-CONT-EVENT-01,SPY,2023-02-21,2023-02-21T15:20:00+00:00,continuation_short,2023,10:00,15min,0.0002985445950989263,9.236394497250353e-06,2988
HYP-OR-CONT-EVENT-01,SPY,2023-02-21,2023-02-21T15:20:00+00:00,continuation_short,2023,10:00,60min,0.0026734668491105174,-0.00011437319022916198,2988
HYP-OR-CONT-EVENT-01,SPY,2023-02-21,2023-02-21T15:20:00+00:00,continuation_short,2023,10:00,session_close,0.00701579798482399,-0.3758866179412834,2988
HYP-OR-CONT-EVENT-01,SPY,2023-02-22,2023-02-22T15:20:00+00:00,continuation_short,2023,10:00,30min,-0.002034102609176136,7.048358290447417e-06,2988
HYP-OR-CONT-EVENT-01,SPY,2023-02-22,2023-02-22T15:20:00+00:00,continuation_short,2023,10:00,15min,0.0011303081288766004,9.236394497250353e-06,2988
HYP-OR-CONT-EVENT-01,SPY,2023-02-22,2023-02-22T15:20:00+00:00,continuation_short,2023,10:00,60min,-0.002408025915973999,-0.00011437319022916198,2988
HYP-OR-CONT-EVENT-01,SPY,2023-02-22,2023-02-22T15:20:00+00:00,continuation_short,2023,10:00,session_close,-0.0009291579819692419,-0.3758866179412834,2988
HYP-OR-CONT-EVENT-01,SPY,2023-02-23,2023-02-23T15:25:00+00:00,continuation_short,2023,10:00,30min,0.004762142216016674,7.048358290447417e-06,2988
HYP-OR-CONT-EVENT-01,SPY,2023-02-23,2023-02-23T15:25:00+00:00,continuation_short,2023,10:00,15min,0.0018948838137029522,9.236394497250353e-06,2988
HYP-OR-CONT-EVENT-01,SPY,2023-02-23,2023-02-23T15:25:00+00:00,continuation_short,2023,10:00,60min,0.0077789967088860434,-0.00011437319022916198,2988
HYP-OR-CONT-EVENT-01,SPY,2023-02-23,2023-02-23T15:25:00+00:00,continuation_short,2023,10:00,session_close,0.00107210531564772,-0.3758866179412834,2988
HYP-OR-CONT-EVENT-01,SPY,2023-02-24,2023-02-24T15:20:00+00:00,continuation_short,2023,10:00,30min,0.0006976685186595999,7.048358290447417e-06,2988
HYP-OR-CONT-EVENT-01,SPY,2023-02-24,2023-02-24T15:20:00+00:00,continuation_short,2023,10:00,15min,0.00017758835020420527,9.236394497250353e-06,2988
HYP-OR-CONT-EVENT-01,SPY,2023-02-24,2023-02-24T15:20:00+00:00,continuation_short,2023,10:00,60min,-0.0019788416165613665,-0.00011437319022916198,2988
HYP-OR-CONT-EVENT-01,SPY,2023-02-24,2023-02-24T15:20:00+00:00,continuation_short,2023,10:00,session_close,-0.005632087677905462,-0.3758866179412834,2988
HYP-OR-CONT-EVENT-01,SPY,2023-02-27,2023-02-27T15:20:00+00:00,continuation_long,2023,10:00,30min,-0.004762035351898453,-7.048358290447417e-06,2988
HYP-OR-CONT-EVENT-01,SPY,2023-02-27,2023-02-27T15:20:00+00:00,continuation_long,2023,10:00,15min,-0.004362892972002652,-9.236394497250353e-06,2988
HYP-OR-CONT-EVENT-01,SPY,2023-02-27,2023-02-27T15:20:00+00:00,continuation_long,2023,10:00,60min,-0.006953204856523065,0.00011437319022916198,2988
HYP-OR-CONT-EVENT-01,SPY,2023-02-27,2023-02-27T15:20:00+00:00,continuation_long,2023,10:00,session_close,-0.008426616140210896,0.3758866179412834,2988
HYP-OR-CONT-EVENT-01,SPY,2023-02-28,2023-02-28T16:20:00+00:00,continuation_long,2023,11:00,30min,-0.0018837594815893643,0.00011117419493857134,2988
HYP-OR-CONT-EVENT-01,SPY,2023-02-28,2023-02-28T16:20:00+00:00,continuation_long,2023,11:00,15min,-0.0014090520922288574,5.790483813667798e-05,2988
HYP-OR-CONT-EVENT-01,SPY,2023-02-28,2023-02-28T16:20:00+00:00,continuation_long,2023,11:00,60min,0.0002511679308785375,0.0002050944964118135,2988
HYP-OR-CONT-EVENT-01,SPY,2023-02-28,2023-02-28T16:20:00+00:00,continuation_long,2023,11:00,session_close,-0.00487265785904456,0.37575754670346784,2988
HYP-OR-CONT-EVENT-01,SPY,2023-03-01,2023-03-01T15:25:00+00:00,continuation_short,2023,10:00,30min,-0.003139808925267884,7.048358290447417e-06,2988
HYP-OR-CONT-EVENT-01,SPY,2023-03-01,2023-03-01T15:25:00+00:00,continuation_short,2023,10:00,15min,-0.003269050454879352,9.236394497250353e-06,2988
HYP-OR-CONT-EVENT-01,SPY,2023-03-01,2023-03-01T15:25:00+00:00,continuation_short,2023,10:00,60min,0.0005828539570715829,-0.00011437319022916198,2988
HYP-OR-CONT-EVENT-01,SPY,2023-03-01,2023-03-01T15:25:00+00:00,continuation_short,2023,10:00,session_close,-0.0004308050987049672,-0.3758866179412834,2988
HYP-OR-CONT-EVENT-01,SPY,2023-03-02,2023-03-02T15:20:00+00:00,continuation_long,2023,10:00,30min,0.001981908730561921,-7.048358290447417e-06,2988
HYP-OR-CONT-EVENT-01,SPY,2023-03-02,2023-03-02T15:20:00+00:00,continuation_long,2023,10:00,15min,0.0004319544669173503,-9.236394497250353e-06,2988
HYP-OR-CONT-EVENT-01,SPY,2023-03-02,2023-03-02T15:20:00+00:00,continuation_long,2023,10:00,60min,0.0007876816749670112,0.00011437319022916198,2988
HYP-OR-CONT-EVENT-01,SPY,2023-03-02,2023-03-02T15:20:00+00:00,continuation_long,2023,10:00,session_close,0.010748043500355742,0.3758866179412834,2988
HYP-OR-CONT-EVENT-01,SPY,2023-03-03,2023-03-03T15:40:00+00:00,continuation_long,2023,10:00,30min,0.00029935638377498464,-7.048358290447417e-06,2988
HYP-OR-CONT-EVENT-01,SPY,2023-03-03,2023-03-03T15:40:00+00:00,continuation_long,2023,10:00,15min,-0.0003741954797187308,-9.236394497250353e-06,2988
HYP-OR-CONT-EVENT-01,SPY,2023-03-03,2023-03-03T15:40:00+00:00,continuation_long,2023,10:00,60min,0.0007234445941224354,0.00011437319022916198,2988
HYP-OR-CONT-EVENT-01,SPY,2023-03-03,2023-03-03T15:40:00+00:00,continuation_long,2023,10:00,session_close,0.008182407823180027,0.3758866179412834,2988
HYP-OR-CONT-EVENT-01,SPY,2023-03-06,2023-03-06T15:25:00+00:00,continuation_long,2023,10:00,30min,-0.00027067558265314595,-7.048358290447417e-06,2988
HYP-OR-CONT-EVENT-01,SPY,2023-03-06,2023-03-06T15:25:00+00:00,continuation_long,2023,10:00,15min,0.0013029796440162666,-9.236394497250353e-06,2988
HYP-OR-CONT-EVENT-01,SPY,2023-03-06,2023-03-06T15:25:00+00:00,continuation_long,2023,10:00,60min,-0.0006391975612154432,0.00011437319022916198,2988
HYP-OR-CONT-EVENT-01,SPY,2023-03-06,2023-03-06T15:25:00+00:00,continuation_long,2023,10:00,session_close,-0.005654439964598357,0.3758866179412834,2988
HYP-OR-CONT-EVENT-01,SPY,2023-03-07,2023-03-07T15:20:00+00:00,continuation_short,2023,10:00,30min,-0.000865980533396149,7.048358290447417e-06,2988
HYP-OR-CONT-EVENT-01,SPY,2023-03-07,2023-03-07T15:20:00+00:00,continuation_short,2023,10:00,15min,-0.0034599314398822134,9.236394497250353e-06,2988
HYP-OR-CONT-EVENT-01,SPY,2023-03-07,2023-03-07T15:20:00+00:00,continuation_short,2023,10:00,60min,0.0013974910508692817,-0.00011437319022916198,2988
HYP-OR-CONT-EVENT-01,SPY,2023-03-07,2023-03-07T15:20:00+00:00,continuation_short,2023,10:00,session_close,0.006666453829669239,-0.3758866179412834,2988
HYP-OR-CONT-EVENT-01,SPY,2023-03-08,2023-03-08T15:20:00+00:00,continuation_short,2023,10:00,30min,-0.0011433022589641961,7.048358290447417e-06,2988
HYP-OR-CONT-EVENT-01,SPY,2023-03-08,2023-03-08T15:20:00+00:00,continuation_short,2023,10:00,15min,-0.0031911953162298,9.236394497250353e-06,2988
HYP-OR-CONT-EVENT-01,SPY,2023-03-08,2023-03-08T15:20:00+00:00,continuation_short,2023,10:00,60min,-0.0019096916853029722,-0.00011437319022916198,2988
HYP-OR-CONT-EVENT-01,SPY,2023-03-08,2023-03-08T15:20:00+00:00,continuation_short,2023,10:00,session_close,-0.0023871146066285487,-0.3758866179412834,2988
HYP-OR-CONT-EVENT-01,SPY,2023-03-09,2023-03-09T16:25:00+00:00,continuation_short,2023,11:00,30min,0.002112843337042314,-0.00011117419493857134,2988
HYP-OR-CONT-EVENT-01,SPY,2023-03-09,2023-03-09T16:25:00+00:00,continuation_short,2023,11:00,15min,0.0014627376948753712,-5.790483813667798e-05,2988
HYP-OR-CONT-EVENT-01,SPY,2023-03-09,2023-03-09T16:25:00+00:00,continuation_short,2023,11:00,60min,0.0018868066060734323,-0.0002050944964118135,2988
HYP-OR-CONT-EVENT-01,SPY,2023-03-09,2023-03-09T16:25:00+00:00,continuation_short,2023,11:00,session_close,0.020865890707239987,-0.37575754670346784,2988
HYP-OR-CONT-EVENT-01,SPY,2023-03-10,2023-03-10T16:15:00+00:00,continuation_long,2023,11:00,30min,0.0003072039322102871,0.00011117419493857134,2988
HYP-OR-CONT-EVENT-01,SPY,2023-03-10,2023-03-10T16:15:00+00:00,continuation_long,2023,11:00,15min,0.006195279299574974,5.790483813667798e-05,2988
HYP-OR-CONT-EVENT-01,SPY,2023-03-10,2023-03-10T16:15:00+00:00,continuation_long,2023,11:00,60min,-0.004966463570733715,0.0002050944964118135,2988
HYP-OR-CONT-EVENT-01,SPY,2023-03-10,2023-03-10T16:15:00+00:00,continuation_long,2023,11:00,session_close,-0.012032154011571317,0.37575754670346784,2988
HYP-OR-CONT-EVENT-01,SPY,2023-03-13,2023-03-13T14:25:00+00:00,continuation_long,2023,10:00,30min,0.008558570276527622,-7.048358290447417e-06,2988
HYP-OR-CONT-EVENT-01,SPY,2023-03-13,2023-03-13T14:25:00+00:00,continuation_long,2023,10:00,15min,0.0036939725813582847,-9.236394497250353e-06,2988
HYP-OR-CONT-EVENT-01,SPY,2023-03-13,2023-03-13T14:25:00+00:00,continuation_long,2023,10:00,60min,0.01363127910304085,0.00011437319022916198,2988
HYP-OR-CONT-EVENT-01,SPY,2023-03-13,2023-03-13T14:25:00+00:00,continuation_long,2023,10:00,session_close,0.002289222444785466,0.3758866179412834,2988
HYP-OR-CONT-EVENT-01,SPY,2023-03-14,2023-03-14T14:25:00+00:00,continuation_long,2023,10:00,30min,-0.0003315311639293661,-7.048358290447417e-06,2988
HYP-OR-CONT-EVENT-01,SPY,2023-03-14,2023-03-14T14:25:00+00:00,continuation_long,2023,10:00,15min,0.000688564725084051,-9.236394497250353e-06,2988
HYP-OR-CONT-EVENT-01,SPY,2023-03-14,2023-03-14T14:25:00+00:00,continuation_long,2023,10:00,60min,0.002397225339181963,0.00011437319022916198,2988
HYP-OR-CONT-EVENT-01,SPY,2023-03-14,2023-03-14T14:25:00+00:00,continuation_long,2023,10:00,session_close,-0.0010966030806895954,0.3758866179412834,2988
HYP-OR-CONT-EVENT-01,SPY,2023-03-15,2023-03-15T14:20:00+00:00,continuation_short,2023,10:00,30min,0.003079471055559835,7.048358290447417e-06,2988
HYP-OR-CONT-EVENT-01,SPY,2023-03-15,2023-03-15T14:20:00+00:00,continuation_short,2023,10:00,15min,0.002768936159200819,9.236394497250353e-06,2988
HYP-OR-CONT-EVENT-01,SPY,2023-03-15,2023-03-15T14:20:00+00:00,continuation_short,2023,10:00,60min,0.00036229071241877797,-0.00011437319022916198,2988
HYP-OR-CONT-EVENT-01,SPY,2023-03-15,2023-03-15T14:20:00+00:00,continuation_short,2023,10:00,session_close,-0.0075563491447352416,-0.3758866179412834,2988
HYP-OR-CONT-EVENT-01,SPY,2023-03-16,2023-03-16T15:00:00+00:00,continuation_long,2023,11:00,30min,0.0025843356571924048,0.00011117419493857134,2988
HYP-OR-CONT-EVENT-01,SPY,2023-03-16,2023-03-16T15:00:00+00:00,continuation_long,2023,11:00,15min,0.0012257718532138195,5.790483813667798e-05,2988
HYP-OR-CONT-EVENT-01,SPY,2023-03-16,2023-03-16T15:00:00+00:00,continuation_long,2023,11:00,60min,0.00495416124007253,0.0002050944964118135,2988
HYP-OR-CONT-EVENT-01,SPY,2023-03-16,2023-03-16T15:00:00+00:00,continuation_long,2023,11:00,session_close,0.011338389642227886,0.37575754670346784,2988
HYP-OR-CONT-EVENT-01,SPY,2023-03-17,2023-03-17T14:20:00+00:00,continuation_long,2023,10:00,30min,-0.00556250159475391,-7.048358290447417e-06,2988
HYP-OR-CONT-EVENT-01,SPY,2023-03-17,2023-03-17T14:20:00+00:00,continuation_long,2023,10:00,15min,-0.003368120231685978,-9.236394497250353e-06,2988
HYP-OR-CONT-EVENT-01,SPY,2023-03-17,2023-03-17T14:20:00+00:00,continuation_long,2023,10:00,60min,-0.006256283330356549,0.00011437319022916198,2988
HYP-OR-CONT-EVENT-01,SPY,2023-03-17,2023-03-17T14:20:00+00:00,continuation_long,2023,10:00,session_close,-0.004592891225026152,0.3758866179412834,2988
HYP-OR-CONT-EVENT-01,SPY,2023-03-20,2023-03-20T14:20:00+00:00,continuation_long,2023,10:00,30min,0.003758821724455519,-7.048358290447417e-06,2988
HYP-OR-CONT-EVENT-01,SPY,2023-03-20,2023-03-20T14:20:00+00:00,continuation_long,2023,10:00,15min,0.002082182673621702,-9.236394497250353e-06,2988
HYP-OR-CONT-EVENT-01,SPY,2023-03-20,2023-03-20T14:20:00+00:00,continuation_long,2023,10:00,60min,0.005625447478776691,0.00011437319022916198,2988
HYP-OR-CONT-EVENT-01,SPY,2023-03-20,2023-03-20T14:20:00+00:00,continuation_long,2023,10:00,session_close,0.0065971156796564845,0.3758866179412834,2988
HYP-OR-CONT-EVENT-01,SPY,2023-03-21,2023-03-21T14:20:00+00:00,continuation_long,2023,10:00,30min,-0.0016664515972933946,-7.048358290447417e-06,2988
HYP-OR-CONT-EVENT-01,SPY,2023-03-21,2023-03-21T14:20:00+00:00,continuation_long,2023,10:00,15min,-0.0004052713503399641,-9.236394497250353e-06,2988
HYP-OR-CONT-EVENT-01,SPY,2023-03-21,2023-03-21T14:20:00+00:00,continuation_long,2023,10:00,60min,0.0009673081110723736,0.00011437319022916198,2988
HYP-OR-CONT-EVENT-01,SPY,2023-03-21,2023-03-21T14:20:00+00:00,continuation_long,2023,10:00,session_close,0.005289698445854807,0.3758866179412834,2988
HYP-OR-CONT-EVENT-01,SPY,2023-03-22,2023-03-22T14:35:00+00:00,continuation_long,2023,10:00,30min,-0.002014111289031284,-7.048358290447417e-06,2988
HYP-OR-CONT-EVENT-01,SPY,2023-03-22,2023-03-22T14:35:00+00:00,continuation_long,2023,10:00,15min,-0.0007293334667733964,-9.236394497250353e-06,2988
HYP-OR-CONT-EVENT-01,SPY,2023-03-22,2023-03-22T14:35:00+00:00,continuation_long,2023,10:00,60min,-0.0015637510008006394,0.00011437319022916198,2988
HYP-OR-CONT-EVENT-01,SPY,2023-03-22,2023-03-22T14:35:00+00:00,continuation_long,2023,10:00,session_close,-0.01886509207365894,0.3758866179412834,2988
HYP-OR-CONT-EVENT-01,SPY,2023-03-23,2023-03-23T14:20:00+00:00,continuation_long,2023,10:00,30min,0.004284273939455074,-7.048358290447417e-06,2988
HYP-OR-CONT-EVENT-01,SPY,2023-03-23,2023-03-23T14:20:00+00:00,continuation_long,2023,10:00,15min,0.00045370907166075725,-9.236394497250353e-06,2988
HYP-OR-CONT-EVENT-01,SPY,2023-03-23,2023-03-23T14:20:00+00:00,continuation_long,2023,10:00,60min,0.004807551735437121,0.00011437319022916198,2988
HYP-OR-CONT-EVENT-01,SPY,2023-03-23,2023-03-23T14:20:00+00:00,continuation_long,2023,10:00,session_close,-0.009124593552290006,0.3758866179412834,2988
HYP-OR-CONT-EVENT-01,SPY,2023-03-24,2023-03-24T14:20:00+00:00,continuation_long,2023,10:00,30min,0.0003069132202870861,-7.048358290447417e-06,2988
HYP-OR-CONT-EVENT-01,SPY,2023-03-24,2023-03-24T14:20:00+00:00,continuation_long,2023,10:00,15min,0.002199288984372938,-9.236394497250353e-06,2988
HYP-OR-CONT-EVENT-01,SPY,2023-03-24,2023-03-24T14:20:00+00:00,continuation_long,2023,10:00,60min,-0.0011250927133686917,0.00011437319022916198,2988
HYP-OR-CONT-EVENT-01,SPY,2023-03-24,2023-03-24T14:20:00+00:00,continuation_long,2023,10:00,session_close,0.0120974960996445,0.3758866179412834,2988
HYP-OR-CONT-EVENT-01,SPY,2023-03-27,2023-03-27T14:35:00+00:00,continuation_short,2023,10:00,30min,0.0015557376016133162,7.048358290447417e-06,2988
HYP-OR-CONT-EVENT-01,SPY,2023-03-27,2023-03-27T14:35:00+00:00,continuation_short,2023,10:00,15min,-0.000857016825256629,9.236394497250353e-06,2988
HYP-OR-CONT-EVENT-01,SPY,2023-03-27,2023-03-27T14:35:00+00:00,continuation_short,2023,10:00,60min,1.2603188606741256e-05,-0.00011437319022916198,2988
HYP-OR-CONT-EVENT-01,SPY,2023-03-27,2023-03-27T14:35:00+00:00,continuation_short,2023,10:00,session_close,0.0006931753733695478,-0.3758866179412834,2988
HYP-OR-CONT-EVENT-01,SPY,2023-03-28,2023-03-28T14:25:00+00:00,continuation_long,2023,10:00,30min,-0.0028290354355567926,-7.048358290447417e-06,2988
HYP-OR-CONT-EVENT-01,SPY,2023-03-28,2023-03-28T14:25:00+00:00,continuation_long,2023,10:00,15min,-0.002740383401106161,-9.236394497250353e-06,2988
HYP-OR-CONT-EVENT-01,SPY,2023-03-28,2023-03-28T14:25:00+00:00,continuation_long,2023,10:00,60min,-0.0004546258176950646,0.00011437319022916198,2988
HYP-OR-CONT-EVENT-01,SPY,2023-03-28,2023-03-28T14:25:00+00:00,continuation_long,2023,10:00,session_close,-0.0007071957164146436,0.3758866179412834,2988
HYP-OR-CONT-EVENT-01,SPY,2023-03-29,2023-03-29T14:20:00+00:00,continuation_long,2023,10:00,30min,-0.0019512195121950127,-7.048358290447417e-06,2988
HYP-OR-CONT-EVENT-01,SPY,2023-03-29,2023-03-29T14:20:00+00:00,continuation_long,2023,10:00,15min,-0.0014759224515321634,-9.236394497250353e-06,2988
HYP-OR-CONT-EVENT-01,SPY,2023-03-29,2023-03-29T14:20:00+00:00,continuation_long,2023,10:00,60min,-0.0009756097560975618,0.00011437319022916198,2988
HYP-OR-CONT-EVENT-01,SPY,2023-03-29,2023-03-29T14:20:00+00:00,continuation_long,2023,10:00,session_close,0.003977485928705393,0.3758866179412834,2988
HYP-OR-CONT-EVENT-01,SPY,2023-03-30,2023-03-30T14:20:00+00:00,continuation_long,2023,10:00,30min,0.001649428280873888,-7.048358290447417e-06,2988
HYP-OR-CONT-EVENT-01,SPY,2023-03-30,2023-03-30T14:20:00+00:00,continuation_long,2023,10:00,15min,0.0018354540268372688,-9.236394497250353e-06,2988
HYP-OR-CONT-EVENT-01,SPY,2023-03-30,2023-03-30T14:20:00+00:00,continuation_long,2023,10:00,60min,0.0010722523997321876,0.00011437319022916198,2988
HYP-OR-CONT-EVENT-01,SPY,2023-03-30,2023-03-30T14:20:00+00:00,continuation_long,2023,10:00,session_close,0.001314581938140158,0.3758866179412834,2988
HYP-OR-CONT-EVENT-01,SPY,2023-03-31,2023-03-31T14:20:00+00:00,continuation_long,2023,10:00,30min,0.0011342900823592128,-7.048358290447417e-06,2988
HYP-OR-CONT-EVENT-01,SPY,2023-03-31,2023-03-31T14:20:00+00:00,continuation_long,2023,10:00,15min,0.0010109976821028877,-9.236394497250353e-06,2988
HYP-OR-CONT-EVENT-01,SPY,2023-03-31,2023-03-31T14:20:00+00:00,continuation_long,2023,10:00,60min,0.0035752330226364037,0.00011437319022916198,2988
HYP-OR-CONT-EVENT-01,SPY,2023-03-31,2023-03-31T14:20:00+00:00,continuation_long,2023,10:00,session_close,0.009419539379592612,0.3758866179412834,2988
HYP-OR-CONT-EVENT-01,SPY,2023-04-03,2023-04-03T14:20:00+00:00,continuation_long,2023,10:00,30min,-0.003893796695140117,-7.048358290447417e-06,2988
HYP-OR-CONT-EVENT-01,SPY,2023-04-03,2023-04-03T14:20:00+00:00,continuation_long,2023,10:00,15min,-0.0013384926139544673,-9.236394497250353e-06,2988
HYP-OR-CONT-EVENT-01,SPY,2023-04-03,2023-04-03T14:20:00+00:00,continuation_long,2023,10:00,60min,-0.004721471855150816,0.00011437319022916198,2988
HYP-OR-CONT-EVENT-01,SPY,2023-04-03,2023-04-03T14:20:00+00:00,continuation_long,2023,10:00,session_close,4.8672458689225095e-05,0.3758866179412834,2988
HYP-OR-CONT-EVENT-01,SPY,2023-04-04,2023-04-04T14:20:00+00:00,continuation_long,2023,10:00,30min,-0.0020807222904980494,-7.048358290447417e-06,2988
HYP-OR-CONT-EVENT-01,SPY,2023-04-04,2023-04-04T14:20:00+00:00,continuation_long,2023,10:00,15min,-0.0009612693622769175,-9.236394497250353e-06,2988
HYP-OR-CONT-EVENT-01,SPY,2023-04-04,2023-04-04T14:20:00+00:00,continuation_long,2023,10:00,60min,-0.005512088874828236,0.00011437319022916198,2988
HYP-OR-CONT-EVENT-01,SPY,2023-04-04,2023-04-04T14:20:00+00:00,continuation_long,2023,10:00,session_close,-0.005390409208717251,0.3758866179412834,2988
HYP-OR-CONT-EVENT-01,SPY,2023-04-05,2023-04-05T14:20:00+00:00,continuation_short,2023,10:00,30min,0.0021721789286371918,7.048358290447417e-06,2988
HYP-OR-CONT-EVENT-01,SPY,2023-04-05,2023-04-05T14:20:00+00:00,continuation_short,2023,10:00,15min,3.68165920107133e-05,9.236394497250353e-06,2988
HYP-OR-CONT-EVENT-01,SPY,2023-04-05,2023-04-05T14:20:00+00:00,continuation_short,2023,10:00,60min,0.0016076578511383666,-0.00011437319022916198,2988
HYP-OR-CONT-EVENT-01,SPY,2023-04-05,2023-04-05T14:20:00+00:00,continuation_short,2023,10:00,session_close,-0.0005522488801619208,-0.3758866179412834,2988
HYP-OR-CONT-EVENT-01,SPY,2023-04-06,2023-04-06T14:30:00+00:00,continuation_long,2023,10:00,30min,-9.832116608898822e-05,-7.048358290447417e-06,2988
HYP-OR-CONT-EVENT-01,SPY,2023-04-06,2023-04-06T14:30:00+00:00,continuation_long,2023,10:00,15min,-0.000835729911756733,-9.236394497250353e-06,2988
HYP-OR-CONT-EVENT-01,SPY,2023-04-06,2023-04-06T14:30:00+00:00,continuation_long,2023,10:00,60min,0.0010077919524125178,0.00011437319022916198,2988
HYP-OR-CONT-EVENT-01,SPY,2023-04-06,2023-04-06T14:30:00+00:00,continuation_long,2023,10:00,session_close,0.005825529090774939,0.3758866179412834,2988
HYP-OR-CONT-EVENT-01,SPY,2023-04-10,2023-04-10T14:25:00+00:00,continuation_long,2023,10:00,30min,0.0,-7.048358290447417e-06,2988
HYP-OR-CONT-EVENT-01,SPY,2023-04-10,2023-04-10T14:25:00+00:00,continuation_long,2023,10:00,15min,0.0015983082521884295,-9.236394497250353e-06,2988
HYP-OR-CONT-EVENT-01,SPY,2023-04-10,2023-04-10T14:25:00+00:00,continuation_long,2023,10:00,60min,0.0017335497196813154,0.00011437319022916198,2988
HYP-OR-CONT-EVENT-01,SPY,2023-04-10,2023-04-10T14:25:00+00:00,continuation_long,2023,10:00,session_close,0.00732762860234093,0.3758866179412834,2988
HYP-OR-CONT-EVENT-01,SPY,2023-04-11,2023-04-11T14:20:00+00:00,continuation_short,2023,10:00,30min,0.00020755753616985562,7.048358290447417e-06,2988
HYP-OR-CONT-EVENT-01,SPY,2023-04-11,2023-04-11T14:20:00+00:00,continuation_short,2023,10:00,15min,0.0002930224040046392,9.236394497250353e-06,2988
HYP-OR-CONT-EVENT-01,SPY,2023-04-11,2023-04-11T14:20:00+00:00,continuation_short,2023,10:00,60min,-0.0013796471521885234,-0.00011437319022916198,2988
HYP-OR-CONT-EVENT-01,SPY,2023-04-11,2023-04-11T14:20:00+00:00,continuation_short,2023,10:00,session_close,-0.0004517428728405548,-0.3758866179412834,2988
HYP-OR-CONT-EVENT-01,SPY,2023-04-12,2023-04-12T14:55:00+00:00,continuation_short,2023,10:00,30min,0.0005429345306362521,7.048358290447417e-06,2988
HYP-OR-CONT-EVENT-01,SPY,2023-04-12,2023-04-12T14:55:00+00:00,continuation_short,2023,10:00,15min,0.002793977696981531,9.236394497250353e-06,2988
HYP-OR-CONT-EVENT-01,SPY,2023-04-12,2023-04-12T14:55:00+00:00,continuation_short,2023,10:00,60min,-0.00129328225275116,-0.00011437319022916198,2988
HYP-OR-CONT-EVENT-01,SPY,2023-04-12,2023-04-12T14:55:00+00:00,continuation_short,2023,10:00,session_close,0.004245870037334343,-0.3758866179412834,2988
HYP-OR-CONT-EVENT-01,SPY,2023-04-13,2023-04-13T14:25:00+00:00,continuation_long,2023,10:00,30min,-0.0009494705830928041,-7.048358290447417e-06,2988
HYP-OR-CONT-EVENT-01,SPY,2023-04-13,2023-04-13T14:25:00+00:00,continuation_long,2023,10:00,15min,-0.0007546574344716728,-9.236394497250353e-06,2988
HYP-OR-CONT-EVENT-01,SPY,2023-04-13,2023-04-13T14:25:00+00:00,continuation_long,2023,10:00,60min,0.0003411665265229402,0.00011437319022916198,2988
HYP-OR-CONT-EVENT-01,SPY,2023-04-13,2023-04-13T14:25:00+00:00,continuation_long,2023,10:00,session_close,0.0068065278963904685,0.3758866179412834,2988
HYP-OR-CONT-EVENT-01,SPY,2023-04-14,2023-04-14T14:25:00+00:00,continuation_short,2023,10:00,30min,4.851542790607066e-05,7.048358290447417e-06,2988
HYP-OR-CONT-EVENT-01,SPY,2023-04-14,2023-04-14T14:25:00+00:00,continuation_short,2023,10:00,15min,-0.00030880069862204707,9.236394497250353e-06,2988
HYP-OR-CONT-EVENT-01,SPY,2023-04-14,2023-04-14T14:25:00+00:00,continuation_short,2023,10:00,60min,0.001601009120900554,-0.00011437319022916198,2988
HYP-OR-CONT-EVENT-01,SPY,2023-04-14,2023-04-14T14:25:00+00:00,continuation_short,2023,10:00,session_close,-0.0006064428488259388,-0.3758866179412834,2988
HYP-OR-CONT-EVENT-01,SPY,2023-04-17,2023-04-17T14:55:00+00:00,continuation_short,2023,10:00,30min,0.0003213815769528283,7.048358290447417e-06,2988
HYP-OR-CONT-EVENT-01,SPY,2023-04-17,2023-04-17T14:55:00+00:00,continuation_short,2023,10:00,15min,0.00027287115024288155,9.236394497250353e-06,2988
HYP-OR-CONT-EVENT-01,SPY,2023-04-17,2023-04-17T14:55:00+00:00,continuation_short,2023,10:00,60min,0.001485631817988886,-0.00011437319022916198,2988
HYP-OR-CONT-EVENT-01,SPY,2023-04-17,2023-04-17T14:55:00+00:00,continuation_short,2023,10:00,session_close,-0.004020301613578026,-0.3758866179412834,2988
HYP-OR-CONT-EVENT-01,SPY,2023-04-18,2023-04-18T14:20:00+00:00,continuation_short,2023,10:00,30min,0.002341411605677246,7.048358290447417e-06,2988
HYP-OR-CONT-EVENT-01,SPY,2023-04-18,2023-04-18T14:20:00+00:00,continuation_short,2023,10:00,15min,0.0021724437578448663,9.236394497250353e-06,2988
HYP-OR-CONT-EVENT-01,SPY,2023-04-18,2023-04-18T14:20:00+00:00,continuation_short,2023,10:00,60min,0.0029448682050786656,-0.00011437319022916198,2988
HYP-OR-CONT-EVENT-01,SPY,2023-04-18,2023-04-18T14:20:00+00:00,continuation_short,2023,10:00,session_close,0.0001448295838561986,-0.3758866179412834,2988
HYP-OR-CONT-EVENT-01,SPY,2023-04-19,2023-04-19T14:20:00+00:00,continuation_long,2023,10:00,30min,0.0008962092769770891,-7.048358290447417e-06,2988
HYP-OR-CONT-EVENT-01,SPY,2023-04-19,2023-04-19T14:20:00+00:00,continuation_long,2023,10:00,15min,0.0009930967663800416,-9.236394497250353e-06,2988
HYP-OR-CONT-EVENT-01,SPY,2023-04-19,2023-04-19T14:20:00+00:00,continuation_long,2023,10:00,60min,0.0010897420370592492,0.00011437319022916198,2988
HYP-OR-CONT-EVENT-01,SPY,2023-04-19,2023-04-19T14:20:00+00:00,continuation_long,2023,10:00,session_close,0.0032941746396994986,0.3758866179412834,2988
HYP-OR-CONT-EVENT-01,SPY,2023-04-20,2023-04-20T14:30:00+00:00,continuation_long,2023,10:00,30min,0.000608640807316263,-7.048358290447417e-06,2988
HYP-OR-CONT-EVENT-01,SPY,2023-04-20,2023-04-20T14:30:00+00:00,continuation_long,2023,10:00,15min,0.0010673653057760024,-9.236394497250353e-06,2988
HYP-OR-CONT-EVENT-01,SPY,2023-04-20,2023-04-20T14:30:00+00:00,continuation_long,2023,10:00,60min,-0.0008247822817359918,0.00011437319022916198,2988
HYP-OR-CONT-EVENT-01,SPY,2023-04-20,2023-04-20T14:30:00+00:00,continuation_long,2023,10:00,session_close,-0.0008490405841399262,0.3758866179412834,2988
HYP-OR-CONT-EVENT-01,SPY,2023-04-21,2023-04-21T14:45:00+00:00,continuation_long,2023,10:00,30min,0.0015224407770537685,-7.048358290447417e-06,2988
HYP-OR-CONT-EVENT-01,SPY,2023-04-21,2023-04-21T14:45:00+00:00,continuation_long,2023,10:00,15min,0.0025942390840996143,-9.236394497250353e-06,2988
HYP-OR-CONT-EVENT-01,SPY,2023-04-21,2023-04-21T14:45:00+00:00,continuation_long,2023,10:00,60min,0.0008282077827173051,0.00011437319022916198,2988
HYP-OR-CONT-EVENT-01,SPY,2023-04-21,2023-04-21T14:45:00+00:00,continuation_long,2023,10:00,session_close,0.004031423177638382,0.3758866179412834,2988
HYP-OR-CONT-EVENT-01,SPY,2023-04-24,2023-04-24T14:30:00+00:00,continuation_long,2023,10:00,30min,-0.003462805114296752,-7.048358290447417e-06,2988
HYP-OR-CONT-EVENT-01,SPY,2023-04-24,2023-04-24T14:30:00+00:00,continuation_long,2023,10:00,15min,-0.002990604416892584,-9.236394497250353e-06,2988
HYP-OR-CONT-EVENT-01,SPY,2023-04-24,2023-04-24T14:30:00+00:00,continuation_long,2023,10:00,60min,-0.0038257942657883293,0.00011437319022916198,2988
HYP-OR-CONT-EVENT-01,SPY,2023-04-24,2023-04-24T14:30:00+00:00,continuation_long,2023,10:00,session_close,-0.0007991088725299855,0.3758866179412834,2988
HYP-OR-CONT-EVENT-01,SPY,2023-04-25,2023-04-25T14:30:00+00:00,continuation_short,2023,10:00,30min,-0.0001967437205556699,7.048358290447417e-06,2988
HYP-OR-CONT-EVENT-01,SPY,2023-04-25,2023-04-25T14:30:00+00:00,continuation_short,2023,10:00,15min,-0.00048819781775577553,9.236394497250353e-06,2988
HYP-OR-CONT-EVENT-01,SPY,2023-04-25,2023-04-25T14:30:00+00:00,continuation_short,2023,10:00,60min,0.0009763956355115511,-0.00011437319022916198,2988
HYP-OR-CONT-EVENT-01,SPY,2023-04-25,2023-04-25T14:30:00+00:00,continuation_short,2023,10:00,session_close,0.008665511265164683,-0.3758866179412834,2988
HYP-OR-CONT-EVENT-01,SPY,2023-04-26,2023-04-26T14:30:00+00:00,continuation_short,2023,10:00,30min,-0.0031575312052889437,7.048358290447417e-06,2988
HYP-OR-CONT-EVENT-01,SPY,2023-04-26,2023-04-26T14:30:00+00:00,continuation_short,2023,10:00,15min,-0.0015294291775618252,9.236394497250353e-06,2988
HYP-OR-CONT-EVENT-01,SPY,2023-04-26,2023-04-26T14:30:00+00:00,continuation_short,2023,10:00,60min,-0.004834969658098487,-0.00011437319022916198,2988
HYP-OR-CONT-EVENT-01,SPY,2023-04-26,2023-04-26T14:30:00+00:00,continuation_short,2023,10:00,session_close,0.0024914894666732135,-0.3758866179412834,2988
HYP-OR-CONT-EVENT-01,SPY,2023-04-27,2023-04-27T14:30:00+00:00,continuation_long,2023,10:00,30min,-0.0012126557160181406,-7.048358290447417e-06,2988
HYP-OR-CONT-EVENT-01,SPY,2023-04-27,2023-04-27T14:30:00+00:00,continuation_long,2023,10:00,15min,0.000428716667279172,-9.236394497250353e-06,2988
HYP-OR-CONT-EVENT-01,SPY,2023-04-27,2023-04-27T14:30:00+00:00,continuation_long,2023,10:00,60min,0.0015311309545682494,0.00011437319022916198,2988
HYP-OR-CONT-EVENT-01,SPY,2023-04-27,2023-04-27T14:30:00+00:00,continuation_long,2023,10:00,session_close,0.010301449062335433,0.3758866179412834,2988
HYP-OR-CONT-EVENT-01,SPY,2023-04-28,2023-04-28T14:20:00+00:00,continuation_long,2023,10:00,30min,0.0005791366038463419,-7.048358290447417e-06,2988
HYP-OR-CONT-EVENT-01,SPY,2023-04-28,2023-04-28T14:20:00+00:00,continuation_long,2023,10:00,15min,-0.0012547959750006665,-9.236394497250353e-06,2988
HYP-OR-CONT-EVENT-01,SPY,2023-04-28,2023-04-28T14:20:00+00:00,continuation_long,2023,10:00,60min,-0.0018098018870200683,0.00011437319022916198,2988
HYP-OR-CONT-EVENT-01,SPY,2023-04-28,2023-04-28T14:20:00+00:00,continuation_long,2023,10:00,session_close,0.003667865157694017,0.3758866179412834,2988
HYP-OR-CONT-EVENT-01,SPY,2023-05-01,2023-05-01T15:05:00+00:00,continuation_long,2023,11:00,30min,-0.0017037819159148038,0.00011117419493857134,2988
HYP-OR-CONT-EVENT-01,SPY,2023-05-01,2023-05-01T15:05:00+00:00,continuation_long,2023,11:00,15min,-0.002399692839316514,5.790483813667798e-05,2988
HYP-OR-CONT-EVENT-01,SPY,2023-05-01,2023-05-01T15:05:00+00:00,continuation_long,2023,11:00,60min,-0.00025196774812830114,0.0002050944964118135,2988
HYP-OR-CONT-EVENT-01,SPY,2023-05-01,2023-05-01T15:05:00+00:00,continuation_long,2023,11:00,session_close,-0.002855634478786895,0.37575754670346784,2988
HYP-OR-CONT-EVENT-01,SPY,2023-05-02,2023-05-02T14:20:00+00:00,continuation_short,2023,10:00,30min,0.006335412772774718,7.048358290447417e-06,2988
HYP-OR-CONT-EVENT-01,SPY,2023-05-02,2023-05-02T14:20:00+00:00,continuation_short,2023,10:00,15min,0.005048911328494943,9.236394497250353e-06,2988
HYP-OR-CONT-EVENT-01,SPY,2023-05-02,2023-05-02T14:20:00+00:00,continuation_short,2023,10:00,60min,0.00840279632012042,-0.00011437319022916198,2988
HYP-OR-CONT-EVENT-01,SPY,2023-05-02,2023-05-02T14:20:00+00:00,continuation_short,2023,10:00,session_close,0.002670097337184818,-0.3758866179412834,2988
HYP-OR-CONT-EVENT-01,SPY,2023-05-03,2023-05-03T14:55:00+00:00,continuation_short,2023,10:00,30min,0.00012174632934824903,7.048358290447417e-06,2988
HYP-OR-CONT-EVENT-01,SPY,2023-05-03,2023-05-03T14:55:00+00:00,continuation_short,2023,10:00,15min,0.0001947941269569986,9.236394497250353e-06,2988
HYP-OR-CONT-EVENT-01,SPY,2023-05-03,2023-05-03T14:55:00+00:00,continuation_short,2023,10:00,60min,-0.0019479412695706522,-0.00011437319022916198,2988
HYP-OR-CONT-EVENT-01,SPY,2023-05-03,2023-05-03T14:55:00+00:00,continuation_short,2023,10:00,session_close,0.006574301784801118,-0.3758866179412834,2988
HYP-OR-CONT-EVENT-01,SPY,2023-05-04,2023-05-04T14:35:00+00:00,continuation_short,2023,10:00,30min,-0.004253530182753318,7.048358290447417e-06,2988
HYP-OR-CONT-EVENT-01,SPY,2023-05-04,2023-05-04T14:35:00+00:00,continuation_short,2023,10:00,15min,-0.0025224423176792854,9.236394497250353e-06,2988
HYP-OR-CONT-EVENT-01,SPY,2023-05-04,2023-05-04T14:35:00+00:00,continuation_short,2023,10:00,60min,-0.0018797141232040904,-0.00011437319022916198,2988
HYP-OR-CONT-EVENT-01,SPY,2023-05-04,2023-05-04T14:35:00+00:00,continuation_short,2023,10:00,session_close,-0.0019783861315132434,-0.3758866179412834,2988
HYP-OR-CONT-EVENT-01,SPY,2023-05-05,2023-05-05T14:20:00+00:00,continuation_long,2023,10:00,30min,0.0006569982480046921,-7.048358290447417e-06,2988
HYP-OR-CONT-EVENT-01,SPY,2023-05-05,2023-05-05T14:20:00+00:00,continuation_long,2023,10:00,15min,0.001143663616897106,-9.236394497250353e-06,2988
HYP-OR-CONT-EVENT-01,SPY,2023-05-05,2023-05-05T14:20:00+00:00,continuation_long,2023,10:00,60min,0.00014599961066763534,0.00011437319022916198,2988
HYP-OR-CONT-EVENT-01,SPY,2023-05-05,2023-05-05T14:20:00+00:00,continuation_long,2023,10:00,session_close,0.004014989293361859,0.3758866179412834,2988
HYP-OR-CONT-EVENT-01,SPY,2023-05-08,2023-05-08T14:30:00+00:00,continuation_short,2023,10:00,30min,-0.0018453320383635674,7.048358290447417e-06,2988
HYP-OR-CONT-EVENT-01,SPY,2023-05-08,2023-05-08T14:30:00+00:00,continuation_short,2023,10:00,15min,-0.0014811217676338195,9.236394497250353e-06,2988
HYP-OR-CONT-EVENT-01,SPY,2023-05-08,2023-05-08T14:30:00+00:00,continuation_short,2023,10:00,60min,-0.0008012625956050901,-0.00011437319022916198,2988
HYP-OR-CONT-EVENT-01,SPY,2023-05-08,2023-05-08T14:30:00+00:00,continuation_short,2023,10:00,session_close,-0.0022823843632391316,-0.3758866179412834,2988
HYP-OR-CONT-EVENT-01,SPY,2023-05-09,2023-05-09T15:35:00+00:00,continuation_long,2023,11:00,30min,-0.001285259290736085,0.00011117419493857134,2988
HYP-OR-CONT-EVENT-01,SPY,2023-05-09,2023-05-09T15:35:00+00:00,continuation_long,2023,11:00,15min,-0.000901868145030682,5.790483813667798e-05,2988
HYP-OR-CONT-EVENT-01,SPY,2023-05-09,2023-05-09T15:35:00+00:00,continuation_long,2023,11:00,60min,-0.001725260155674313,0.0002050944964118135,2988
HYP-OR-CONT-EVENT-01,SPY,2023-05-09,2023-05-09T15:35:00+00:00,continuation_long,2023,11:00,session_close,-0.0015308920209694543,0.37575754670346784,2988
HYP-OR-CONT-EVENT-01,SPY,2023-05-10,2023-05-10T15:00:00+00:00,continuation_short,2023,11:00,30min,-0.003309727190868861,-0.00011117419493857134,2988
HYP-OR-CONT-EVENT-01,SPY,2023-05-10,2023-05-10T15:00:00+00:00,continuation_short,2023,11:00,15min,-0.0017157041687960728,-5.790483813667798e-05,2988
HYP-OR-CONT-EVENT-01,SPY,2023-05-10,2023-05-10T15:00:00+00:00,continuation_short,2023,11:00,60min,-0.0010707940911636182,-0.0002050944964118135,2988
HYP-OR-CONT-EVENT-01,SPY,2023-05-10,2023-05-10T15:00:00+00:00,continuation_short,2023,11:00,session_close,-0.004599547346134214,-0.37575754670346784,2988
HYP-OR-CONT-EVENT-01,SPY,2023-05-11,2023-05-11T14:20:00+00:00,continuation_short,2023,10:00,30min,-0.0023648154468769444,7.048358290447417e-06,2988
HYP-OR-CONT-EVENT-01,SPY,2023-05-11,2023-05-11T14:20:00+00:00,continuation_short,2023,10:00,15min,-0.00024379540689434265,9.236394497250353e-06,2988
HYP-OR-CONT-EVENT-01,SPY,2023-05-11,2023-05-11T14:20:00+00:00,continuation_short,2023,10:00,60min,-0.0026542005948608782,-0.00011437319022916198,2988
HYP-OR-CONT-EVENT-01,SPY,2023-05-11,2023-05-11T14:20:00+00:00,continuation_short,2023,10:00,session_close,-0.004827149056511715,-0.3758866179412834,2988
HYP-OR-CONT-EVENT-01,SPY,2023-05-12,2023-05-12T14:20:00+00:00,continuation_short,2023,10:00,30min,0.0024857523948103033,7.048358290447417e-06,2988
HYP-OR-CONT-EVENT-01,SPY,2023-05-12,2023-05-12T14:20:00+00:00,continuation_short,2023,10:00,15min,0.0017218382442101277,9.236394497250353e-06,2988
HYP-OR-CONT-EVENT-01,SPY,2023-05-12,2023-05-12T14:20:00+00:00,continuation_short,2023,10:00,60min,0.00341942524554395,-0.00011437319022916198,2988
HYP-OR-CONT-EVENT-01,SPY,2023-05-12,2023-05-12T14:20:00+00:00,continuation_short,2023,10:00,session_close,0.0017945919728385995,-0.3758866179412834,2988
HYP-OR-CONT-EVENT-01,SPY,2023-05-15,2023-05-15T14:25:00+00:00,continuation_short,2023,10:00,30min,-0.0012199454881727245,7.048358290447417e-06,2988
HYP-OR-CONT-EVENT-01,SPY,2023-05-15,2023-05-15T14:25:00+00:00,continuation_short,2023,10:00,15min,-0.0015818164119536515,9.236394497250353e-06,2988
HYP-OR-CONT-EVENT-01,SPY,2023-05-15,2023-05-15T14:25:00+00:00,continuation_short,2023,10:00,60min,-0.0025795775333399273,-0.00011437319022916198,2988
HYP-OR-CONT-EVENT-01,SPY,2023-05-15,2023-05-15T14:25:00+00:00,continuation_short,2023,10:00,session_close,-0.005086148155358572,-0.3758866179412834,2988
HYP-OR-CONT-EVENT-01,SPY,2023-05-16,2023-05-16T14:30:00+00:00,continuation_short,2023,10:00,30min,0.0006556421650760758,7.048358290447417e-06,2988
HYP-OR-CONT-EVENT-01,SPY,2023-05-16,2023-05-16T14:30:00+00:00,continuation_short,2023,10:00,15min,0.0007282484640974696,9.236394497250353e-06,2988
HYP-OR-CONT-EVENT-01,SPY,2023-05-16,2023-05-16T14:30:00+00:00,continuation_short,2023,10:00,60min,0.000704208251378069,-0.00011437319022916198,2988
HYP-OR-CONT-EVENT-01,SPY,2023-05-16,2023-05-16T14:30:00+00:00,continuation_short,2023,10:00,session_close,0.003788154731550919,-0.3758866179412834,2988
HYP-OR-CONT-EVENT-01,SPY,2023-05-17,2023-05-17T15:35:00+00:00,continuation_long,2023,11:00,30min,0.0011891760708651056,0.00011117419493857134,2988
HYP-OR-CONT-EVENT-01,SPY,2023-05-17,2023-05-17T15:35:00+00:00,continuation_long,2023,11:00,15min,0.0009705132872224187,5.790483813667798e-05,2988
HYP-OR-CONT-EVENT-01,SPY,2023-05-17,2023-05-17T15:35:00+00:00,continuation_long,2023,11:00,60min,0.0037859483072442135,0.0002050944964118135,2988
HYP-OR-CONT-EVENT-01,SPY,2023-05-17,2023-05-17T15:35:00+00:00,continuation_long,2023,11:00,session_close,0.007668972212110159,0.37575754670346784,2988
HYP-OR-CONT-EVENT-01,SPY,2023-05-18,2023-05-18T14:25:00+00:00,continuation_long,2023,10:00,30min,0.0011996736887567305,-7.048358290447417e-06,2988
HYP-OR-CONT-EVENT-01,SPY,2023-05-18,2023-05-18T14:25:00+00:00,continuation_long,2023,10:00,15min,-9.597389510040966e-05,-9.236394497250353e-06,2988
HYP-OR-CONT-EVENT-01,SPY,2023-05-18,2023-05-18T14:25:00+00:00,continuation_long,2023,10:00,60min,0.0012356638994195368,0.00011437319022916198,2988
HYP-OR-CONT-EVENT-01,SPY,2023-05-18,2023-05-18T14:25:00+00:00,continuation_long,2023,10:00,session_close,0.00587840107490778,0.3758866179412834,2988
HYP-OR-CONT-EVENT-01,SPY,2023-05-19,2023-05-19T15:25:00+00:00,continuation_short,2023,11:00,30min,0.001776940323427012,-0.00011117419493857134,2988
HYP-OR-CONT-EVENT-01,SPY,2023-05-19,2023-05-19T15:25:00+00:00,continuation_short,2023,11:00,15min,0.0027190764680627977,-5.790483813667798e-05,2988
HYP-OR-CONT-EVENT-01,SPY,2023-05-19,2023-05-19T15:25:00+00:00,continuation_short,2023,11:00,60min,0.002480560988408098,-0.0002050944964118135,2988
HYP-OR-CONT-EVENT-01,SPY,2023-05-19,2023-05-19T15:25:00+00:00,continuation_short,2023,11:00,session_close,0.001550350617754992,-0.37575754670346784,2988
HYP-OR-CONT-EVENT-01,SPY,2023-05-22,2023-05-22T14:20:00+00:00,continuation_short,2023,10:00,30min,0.0018608645863155138,7.048358290447417e-06,2988
HYP-OR-CONT-EVENT-01,SPY,2023-05-22,2023-05-22T14:20:00+00:00,continuation_short,2023,10:00,15min,0.0001550720488596724,9.236394497250353e-06,2988
HYP-OR-CONT-EVENT-01,SPY,2023-05-22,2023-05-22T14:20:00+00:00,continuation_short,2023,10:00,60min,-0.0005484779081972313,-0.00011437319022916198,2988
HYP-OR-CONT-EVENT-01,SPY,2023-05-22,2023-05-22T14:20:00+00:00,continuation_short,2023,10:00,session_close,0.0009065750548717944,-0.3758866179412834,2988
HYP-OR-CONT-EVENT-01,SPY,2023-05-23,2023-05-23T14:20:00+00:00,continuation_long,2023,10:00,30min,-0.0004070783745599993,-7.048358290447417e-06,2988
HYP-OR-CONT-EVENT-01,SPY,2023-05-23,2023-05-23T14:20:00+00:00,continuation_long,2023,10:00,15min,0.0009278992361294591,-9.236394497250353e-06,2988
HYP-OR-CONT-EVENT-01,SPY,2023-05-23,2023-05-23T14:20:00+00:00,continuation_long,2023,10:00,60min,0.0003472139077129732,0.00011437319022916198,2988
HYP-OR-CONT-EVENT-01,SPY,2023-05-23,2023-05-23T14:20:00+00:00,continuation_long,2023,10:00,session_close,-0.008428916932065933,0.3758866179412834,2988
HYP-OR-CONT-EVENT-01,SPY,2023-05-24,2023-05-24T14:20:00+00:00,continuation_short,2023,10:00,30min,0.001338329764453805,7.048358290447417e-06,2988
HYP-OR-CONT-EVENT-01,SPY,2023-05-24,2023-05-24T14:20:00+00:00,continuation_short,2023,10:00,15min,9.295308545831382e-05,9.236394497250353e-06,2988
HYP-OR-CONT-EVENT-01,SPY,2023-05-24,2023-05-24T14:20:00+00:00,continuation_short,2023,10:00,60min,-0.0010219972746738915,-0.00011437319022916198,2988
HYP-OR-CONT-EVENT-01,SPY,2023-05-24,2023-05-24T14:20:00+00:00,continuation_short,2023,10:00,session_close,-0.00031633248977991357,-0.3758866179412834,2988
HYP-OR-CONT-EVENT-01,SPY,2023-05-25,2023-05-25T14:30:00+00:00,continuation_short,2023,10:00,30min,-0.001839481072707816,7.048358290447417e-06,2988
HYP-OR-CONT-EVENT-01,SPY,2023-05-25,2023-05-25T14:30:00+00:00,continuation_short,2023,10:00,15min,-0.0011617775196048896,9.236394497250353e-06,2988
HYP-OR-CONT-EVENT-01,SPY,2023-05-25,2023-05-25T14:30:00+00:00,continuation_short,2023,10:00,60min,-8.471294413769925e-05,-0.00011437319022916198,2988
HYP-OR-CONT-EVENT-01,SPY,2023-05-25,2023-05-25T14:30:00+00:00,continuation_short,2023,10:00,session_close,-0.003557943653790252,-0.3758866179412834,2988
HYP-OR-CONT-EVENT-01,SPY,2023-05-26,2023-05-26T14:20:00+00:00,continuation_long,2023,10:00,30min,0.0028807420600294176,-7.048358290447417e-06,2988
HYP-OR-CONT-EVENT-01,SPY,2023-05-26,2023-05-26T14:20:00+00:00,continuation_long,2023,10:00,15min,0.0023667507381155417,-9.236394497250353e-06,2988
HYP-OR-CONT-EVENT-01,SPY,2023-05-26,2023-05-26T14:20:00+00:00,continuation_long,2023,10:00,60min,0.00038704741868778036,0.00011437319022916198,2988
HYP-OR-CONT-EVENT-01,SPY,2023-05-26,2023-05-26T14:20:00+00:00,continuation_long,2023,10:00,session_close,0.004028257569418825,0.3758866179412834,2988
HYP-OR-CONT-EVENT-01,SPY,2023-05-30,2023-05-30T14:20:00+00:00,continuation_short,2023,10:00,30min,0.002267175753551398,7.048358290447417e-06,2988
HYP-OR-CONT-EVENT-01,SPY,2023-05-30,2023-05-30T14:20:00+00:00,continuation_short,2023,10:00,15min,0.002347807527213197,9.236394497250353e-06,2988
HYP-OR-CONT-EVENT-01,SPY,2023-05-30,2023-05-30T14:20:00+00:00,continuation_short,2023,10:00,60min,0.0044321388763725045,-0.00011437319022916198,2988
HYP-OR-CONT-EVENT-01,SPY,2023-05-30,2023-05-30T14:20:00+00:00,continuation_short,2023,10:00,session_close,0.003557284132141292,-0.3758866179412834,2988
HYP-OR-CONT-EVENT-01,SPY,2023-05-31,2023-05-31T14:20:00+00:00,continuation_short,2023,10:00,30min,0.0008149666223228325,7.048358290447417e-06,2988
HYP-OR-CONT-EVENT-01,SPY,2023-05-31,2023-05-31T14:20:00+00:00,continuation_short,2023,10:00,15min,0.0013542827694483783,9.236394497250353e-06,2988
HYP-OR-CONT-EVENT-01,SPY,2023-05-31,2023-05-31T14:20:00+00:00,continuation_short,2023,10:00,60min,0.0013274368101247047,-0.00011437319022916198,2988
HYP-OR-CONT-EVENT-01,SPY,2023-05-31,2023-05-31T14:20:00+00:00,continuation_short,2023,10:00,session_close,-0.0015220700152207556,-0.3758866179412834,2988
HYP-OR-CONT-EVENT-01,SPY,2023-06-01,2023-06-01T14:25:00+00:00,continuation_long,2023,10:00,30min,0.004192335984552598,-7.048358290447417e-06,2988
HYP-OR-CONT-EVENT-01,SPY,2023-06-01,2023-06-01T14:25:00+00:00,continuation_long,2023,10:00,15min,0.0037852665777819983,-9.236394497250353e-06,2988
HYP-OR-CONT-EVENT-01,SPY,2023-06-01,2023-06-01T14:25:00+00:00,continuation_long,2023,10:00,60min,0.006107956722296359,0.00011437319022916198,2988
HYP-OR-CONT-EVENT-01,SPY,2023-06-01,2023-06-01T14:25:00+00:00,continuation_long,2023,10:00,session_close,0.010034979234671226,0.3758866179412834,2988
HYP-OR-CONT-EVENT-01,SPY,2023-06-02,2023-06-02T14:20:00+00:00,continuation_short,2023,10:00,30min,-0.0028800489020548437,7.048358290447417e-06,2988
HYP-OR-CONT-EVENT-01,SPY,2023-06-02,2023-06-02T14:20:00+00:00,continuation_short,2023,10:00,15min,-0.001504913716086076,9.236394497250353e-06,2988
HYP-OR-CONT-EVENT-01,SPY,2023-06-02,2023-06-02T14:20:00+00:00,continuation_short,2023,10:00,60min,-0.0050077584990833035,-0.00011437319022916198,2988
HYP-OR-CONT-EVENT-01,SPY,2023-06-02,2023-06-02T14:20:00+00:00,continuation_short,2023,10:00,session_close,-0.006042225043494831,-0.3758866179412834,2988
HYP-OR-CONT-EVENT-01,SPY,2023-06-06,2023-06-06T14:20:00+00:00,continuation_long,2023,10:00,30min,0.0014269339633676825,-7.048358290447417e-06,2988
HYP-OR-CONT-EVENT-01,SPY,2023-06-06,2023-06-06T14:20:00+00:00,continuation_long,2023,10:00,15min,-0.00035088540082817143,-9.236394497250353e-06,2988
HYP-OR-CONT-EVENT-01,SPY,2023-06-06,2023-06-06T14:20:00+00:00,continuation_long,2023,10:00,60min,-0.00021053124049696947,0.00011437319022916198,2988
HYP-OR-CONT-EVENT-01,SPY,2023-06-06,2023-06-06T14:20:00+00:00,continuation_long,2023,10:00,session_close,0.0012865798030363695,0.3758866179412834,2988
HYP-OR-CONT-EVENT-01,SPY,2023-06-07,2023-06-07T14:35:00+00:00,continuation_short,2023,10:00,30min,0.0007187572996963931,7.048358290447417e-06,2988
HYP-OR-CONT-EVENT-01,SPY,2023-06-07,2023-06-07T14:35:00+00:00,continuation_short,2023,10:00,15min,0.0018687222611539767,9.236394497250353e-06,2988
HYP-OR-CONT-EVENT-01,SPY,2023-06-07,2023-06-07T14:35:00+00:00,continuation_short,2023,10:00,60min,0.0008175659892548648,-0.00011437319022916198,2988
HYP-OR-CONT-EVENT-01,SPY,2023-06-07,2023-06-07T14:35:00+00:00,continuation_short,2023,10:00,session_close,0.003503854239663595,-0.3758866179412834,2988
HYP-OR-CONT-EVENT-01,SPY,2023-06-08,2023-06-08T14:25:00+00:00,continuation_long,2023,10:00,30min,0.0016383083296276357,-7.048358290447417e-06,2988
HYP-OR-CONT-EVENT-01,SPY,2023-06-08,2023-06-08T14:25:00+00:00,continuation_long,2023,10:00,15min,0.0005383013083062327,-9.236394497250353e-06,2988
HYP-OR-CONT-EVENT-01,SPY,2023-06-08,2023-06-08T14:25:00+00:00,continuation_long,2023,10:00,60min,0.0023170360661877165,0.00011437319022916198,2988
HYP-OR-CONT-EVENT-01,SPY,2023-06-08,2023-06-08T14:25:00+00:00,continuation_long,2023,10:00,session_close,0.004341517073513268,0.3758866179412834,2988
HYP-OR-CONT-EVENT-01,SPY,2023-06-09,2023-06-09T14:20:00+00:00,continuation_long,2023,10:00,30min,-0.0023154579975919187,-7.048358290447417e-06,2988
HYP-OR-CONT-EVENT-01,SPY,2023-06-09,2023-06-09T14:20:00+00:00,continuation_long,2023,10:00,15min,-0.0008914513290728676,-9.236394497250353e-06,2988
HYP-OR-CONT-EVENT-01,SPY,2023-06-09,2023-06-09T14:20:00+00:00,continuation_long,2023,10:00,60min,-0.0027959155320922413,0.00011437319022916198,2988
HYP-OR-CONT-EVENT-01,SPY,2023-06-09,2023-06-09T14:20:00+00:00,continuation_long,2023,10:00,session_close,-0.004607761415207912,0.3758866179412834,2988
HYP-OR-CONT-EVENT-01,SPY,2023-06-12,2023-06-12T14:30:00+00:00,continuation_short,2023,10:00,30min,0.0005571806658308809,7.048358290447417e-06,2988
HYP-OR-CONT-EVENT-01,SPY,2023-06-12,2023-06-12T14:30:00+00:00,continuation_short,2023,10:00,15min,0.0001625110275339514,9.236394497250353e-06,2988
HYP-OR-CONT-EVENT-01,SPY,2023-06-12,2023-06-12T14:30:00+00:00,continuation_short,2023,10:00,60min,-0.0005107489436781965,-0.00011437319022916198,2988
HYP-OR-CONT-EVENT-01,SPY,2023-06-12,2023-06-12T14:30:00+00:00,continuation_short,2023,10:00,session_close,-0.007080837628267611,-0.3758866179412834,2988
HYP-OR-CONT-EVENT-01,SPY,2023-06-13,2023-06-13T14:30:00+00:00,continuation_short,2023,10:00,30min,-0.00047050722974528725,7.048358290447417e-06,2988
HYP-OR-CONT-EVENT-01,SPY,2023-06-13,2023-06-13T14:30:00+00:00,continuation_short,2023,10:00,15min,-0.0012279091117741725,9.236394497250353e-06,2988
HYP-OR-CONT-EVENT-01,SPY,2023-06-13,2023-06-13T14:30:00+00:00,continuation_short,2023,10:00,60min,-0.001537755336240565,-0.00011437319022916198,2988
HYP-OR-CONT-EVENT-01,SPY,2023-06-13,2023-06-13T14:30:00+00:00,continuation_short,2023,10:00,session_close,-0.0022033509295387166,-0.3758866179412834,2988
HYP-OR-CONT-EVENT-01,SPY,2023-06-14,2023-06-14T14:20:00+00:00,continuation_long,2023,10:00,30min,-7.992601134942934e-05,-7.048358290447417e-06,2988
HYP-OR-CONT-EVENT-01,SPY,2023-06-14,2023-06-14T14:20:00+00:00,continuation_long,2023,10:00,15min,0.00028545004053381895,-9.236394497250353e-06,2988
HYP-OR-CONT-EVENT-01,SPY,2023-06-14,2023-06-14T14:20:00+00:00,continuation_long,2023,10:00,60min,0.002454870348591598,0.00011437319022916198,2988
HYP-OR-CONT-EVENT-01,SPY,2023-06-14,2023-06-14T14:20:00+00:00,continuation_long,2023,10:00,session_close,-0.0016556102350965274,0.3758866179412834,2988
HYP-OR-CONT-EVENT-01,SPY,2023-06-15,2023-06-15T14:20:00+00:00,continuation_long,2023,10:00,30min,0.0007278235910519459,-7.048358290447417e-06,2988
HYP-OR-CONT-EVENT-01,SPY,2023-06-15,2023-06-15T14:20:00+00:00,continuation_long,2023,10:00,15min,-0.0010478837304661592,-9.236394497250353e-06,2988
HYP-OR-CONT-EVENT-01,SPY,2023-06-15,2023-06-15T14:20:00+00:00,continuation_long,2023,10:00,60min,0.0030297507859127215,0.00011437319022916198,2988
HYP-OR-CONT-EVENT-01,SPY,2023-06-15,2023-06-15T14:20:00+00:00,continuation_long,2023,10:00,session_close,0.008246389357146056,0.3758866179412834,2988
HYP-OR-CONT-EVENT-01,SPY,2023-06-16,2023-06-16T15:45:00+00:00,continuation_short,2023,11:00,30min,-0.0010772440694879482,-0.00011117419493857134,2988
HYP-OR-CONT-EVENT-01,SPY,2023-06-16,2023-06-16T15:45:00+00:00,continuation_short,2023,11:00,15min,-0.0007484011430125559,-5.790483813667798e-05,2988
HYP-OR-CONT-EVENT-01,SPY,2023-06-16,2023-06-16T15:45:00+00:00,continuation_short,2023,11:00,60min,-0.0025286887104820632,-0.0002050944964118135,2988
HYP-OR-CONT-EVENT-01,SPY,2023-06-16,2023-06-16T15:45:00+00:00,continuation_short,2023,11:00,session_close,0.0034245021998458025,-0.37575754670346784,2988
HYP-OR-CONT-EVENT-01,SPY,2023-06-20,2023-06-20T14:20:00+00:00,continuation_short,2023,10:00,30min,0.001306630893853411,7.048358290447417e-06,2988
HYP-OR-CONT-EVENT-01,SPY,2023-06-20,2023-06-20T14:20:00+00:00,continuation_short,2023,10:00,15min,0.001759446478229676,9.236394497250353e-06,2988
HYP-OR-CONT-EVENT-01,SPY,2023-06-20,2023-06-20T14:20:00+00:00,continuation_short,2023,10:00,60min,0.0009395636783666728,-0.00011437319022916198,2988
HYP-OR-CONT-EVENT-01,SPY,2023-06-20,2023-06-20T14:20:00+00:00,continuation_short,2023,10:00,session_close,-0.0024534580093218405,-0.3758866179412834,2988
HYP-OR-CONT-EVENT-01,SPY,2023-06-21,2023-06-21T15:25:00+00:00,continuation_short,2023,11:00,30min,-0.0006499055728137471,-0.00011117419493857134,2988
HYP-OR-CONT-EVENT-01,SPY,2023-06-21,2023-06-21T15:25:00+00:00,continuation_short,2023,11:00,15min,-0.0016042962759903467,-5.790483813667798e-05,2988
HYP-OR-CONT-EVENT-01,SPY,2023-06-21,2023-06-21T15:25:00+00:00,continuation_short,2023,11:00,60min,-0.002409204097946649,-0.0002050944964118135,2988
HYP-OR-CONT-EVENT-01,SPY,2023-06-21,2023-06-21T15:25:00+00:00,continuation_short,2023,11:00,session_close,-0.00022445429549411422,-0.37575754670346784,2988
HYP-OR-CONT-EVENT-01,SPY,2023-06-22,2023-06-22T14:30:00+00:00,continuation_long,2023,10:00,30min,-0.0014463141945407765,-7.048358290447417e-06,2988
HYP-OR-CONT-EVENT-01,SPY,2023-06-22,2023-06-22T14:30:00+00:00,continuation_long,2023,10:00,15min,-0.0021579926077274214,-9.236394497250353e-06,2988
HYP-OR-CONT-EVENT-01,SPY,2023-06-22,2023-06-22T14:30:00+00:00,continuation_long,2023,10:00,60min,-0.0012419936178516,0.00011437319022916198,2988
HYP-OR-CONT-EVENT-01,SPY,2023-06-22,2023-06-22T14:30:00+00:00,continuation_long,2023,10:00,session_close,0.002180949975894908,0.3758866179412834,2988
HYP-OR-CONT-EVENT-01,SPY,2023-06-23,2023-06-23T14:20:00+00:00,continuation_long,2023,10:00,30min,-0.0013020233211964438,-7.048358290447417e-06,2988
HYP-OR-CONT-EVENT-01,SPY,2023-06-23,2023-06-23T14:20:00+00:00,continuation_long,2023,10:00,15min,0.0005055998525140826,-9.236394497250353e-06,2988
HYP-OR-CONT-EVENT-01,SPY,2023-06-23,2023-06-23T14:20:00+00:00,continuation_long,2023,10:00,60min,-0.0018435728441720256,0.00011437319022916198,2988
HYP-OR-CONT-EVENT-01,SPY,2023-06-23,2023-06-23T14:20:00+00:00,continuation_long,2023,10:00,session_close,-0.0016822602203070414,0.3758866179412834,2988
HYP-OR-CONT-EVENT-01,SPY,2023-06-26,2023-06-26T14:20:00+00:00,continuation_long,2023,10:00,30min,-0.0014282752424611411,-7.048358290447417e-06,2988
HYP-OR-CONT-EVENT-01,SPY,2023-06-26,2023-06-26T14:20:00+00:00,continuation_long,2023,10:00,15min,-0.002764403695086237,-9.236394497250353e-06,2988
HYP-OR-CONT-EVENT-01,SPY,2023-06-26,2023-06-26T14:20:00+00:00,continuation_long,2023,10:00,60min,-0.003996867009145477,0.00011437319022916198,2988
HYP-OR-CONT-EVENT-01,SPY,2023-06-26,2023-06-26T14:20:00+00:00,continuation_long,2023,10:00,session_close,-0.0061277615241078776,0.3758866179412834,2988
HYP-OR-CONT-EVENT-01,SPY,2023-06-27,2023-06-27T15:10:00+00:00,continuation_long,2023,11:00,30min,0.002563806444162209,0.00011117419493857134,2988
HYP-OR-CONT-EVENT-01,SPY,2023-06-27,2023-06-27T15:10:00+00:00,continuation_long,2023,11:00,15min,0.002032567271047503,5.790483813667798e-05,2988
HYP-OR-CONT-EVENT-01,SPY,2023-06-27,2023-06-27T15:10:00+00:00,continuation_long,2023,11:00,60min,0.003165261577549483,0.0002050944964118135,2988
HYP-OR-CONT-EVENT-01,SPY,2023-06-27,2023-06-27T15:10:00+00:00,continuation_long,2023,11:00,session_close,0.007368056357547115,0.37575754670346784,2988
HYP-OR-CONT-EVENT-01,SPY,2023-06-28,2023-06-28T14:35:00+00:00,continuation_long,2023,10:00,30min,0.0006194791786164888,-7.048358290447417e-06,2988
HYP-OR-CONT-EVENT-01,SPY,2023-06-28,2023-06-28T14:35:00+00:00,continuation_long,2023,10:00,15min,0.0008489159114375422,-9.236394497250353e-06,2988
HYP-OR-CONT-EVENT-01,SPY,2023-06-28,2023-06-28T14:35:00+00:00,continuation_long,2023,10:00,60min,0.001629000803028413,0.00011437319022916198,2988
HYP-OR-CONT-EVENT-01,SPY,2023-06-28,2023-06-28T14:35:00+00:00,continuation_long,2023,10:00,session_close,0.001216014683950828,0.3758866179412834,2988
HYP-OR-CONT-EVENT-01,SPY,2023-06-29,2023-06-29T14:20:00+00:00,continuation_long,2023,10:00,30min,-0.0010303141313307007,-7.048358290447417e-06,2988
HYP-OR-CONT-EVENT-01,SPY,2023-06-29,2023-06-29T14:20:00+00:00,continuation_long,2023,10:00,15min,-0.0001373752175107823,-9.236394497250353e-06,2988
HYP-OR-CONT-EVENT-01,SPY,2023-06-29,2023-06-29T14:20:00+00:00,continuation_long,2023,10:00,60min,0.0016485026101291655,0.00011437319022916198,2988
HYP-OR-CONT-EVENT-01,SPY,2023-06-29,2023-06-29T14:20:00+00:00,continuation_long,2023,10:00,session_close,0.0031596300027474378,0.3758866179412834,2988
HYP-OR-CONT-EVENT-01,SPY,2023-06-30,2023-06-30T14:20:00+00:00,continuation_long,2023,10:00,30min,-0.0009815535623625138,-7.048358290447417e-06,2988
HYP-OR-CONT-EVENT-01,SPY,2023-06-30,2023-06-30T14:20:00+00:00,continuation_long,2023,10:00,15min,-0.0011169402606193701,-9.236394497250353e-06,2988
HYP-OR-CONT-EVENT-01,SPY,2023-06-30,2023-06-30T14:20:00+00:00,continuation_long,2023,10:00,60min,-0.0008010379646866683,0.00011437319022916198,2988
HYP-OR-CONT-EVENT-01,SPY,2023-06-30,2023-06-30T14:20:00+00:00,continuation_long,2023,10:00,session_close,0.00037231342020627167,0.3758866179412834,2988
HYP-OR-CONT-EVENT-01,SPY,2023-07-03,2023-07-03T14:20:00+00:00,continuation_long,2023,10:00,30min,0.0001619597581881127,-7.048358290447417e-06,2988
HYP-OR-CONT-EVENT-01,SPY,2023-07-03,2023-07-03T14:20:00+00:00,continuation_long,2023,10:00,15min,-0.00018045655508436287,-9.236394497250353e-06,2988
HYP-OR-CONT-EVENT-01,SPY,2023-07-03,2023-07-03T14:20:00+00:00,continuation_long,2023,10:00,60min,0.0005188125958675016,0.00011437319022916198,2988
HYP-OR-CONT-EVENT-01,SPY,2023-07-03,2023-07-03T14:20:00+00:00,continuation_long,2023,10:00,session_close,0.001285752954976127,0.3758866179412834,2988
HYP-OR-CONT-EVENT-01,SPY,2023-07-05,2023-07-05T14:20:00+00:00,continuation_long,2023,10:00,30min,3.3824159469508785e-05,-7.048358290447417e-06,2988
HYP-OR-CONT-EVENT-01,SPY,2023-07-05,2023-07-05T14:20:00+00:00,continuation_long,2023,10:00,15min,0.0004960876722213126,-9.236394497250353e-06,2988
HYP-OR-CONT-EVENT-01,SPY,2023-07-05,2023-07-05T14:20:00+00:00,continuation_long,2023,10:00,60min,0.00018039551717130564,0.00011437319022916198,2988
HYP-OR-CONT-EVENT-01,SPY,2023-07-05,2023-07-05T14:20:00+00:00,continuation_long,2023,10:00,session_close,-0.0007441315083320799,0.3758866179412834,2988
HYP-OR-CONT-EVENT-01,SPY,2023-07-06,2023-07-06T14:20:00+00:00,continuation_short,2023,10:00,30min,0.0005485741755222318,7.048358290447417e-06,2988
HYP-OR-CONT-EVENT-01,SPY,2023-07-06,2023-07-06T14:20:00+00:00,continuation_short,2023,10:00,15min,0.00037013334624991234,9.236394497250353e-06,2988
HYP-OR-CONT-EVENT-01,SPY,2023-07-06,2023-07-06T14:20:00+00:00,continuation_short,2023,10:00,60min,0.0010676747697689892,-0.00011437319022916198,2988
HYP-OR-CONT-EVENT-01,SPY,2023-07-06,2023-07-06T14:20:00+00:00,continuation_short,2023,10:00,session_close,-0.004546471269770036,-0.3758866179412834,2988
HYP-OR-CONT-EVENT-01,SPY,2023-07-07,2023-07-07T14:20:00+00:00,continuation_long,2023,10:00,30min,0.00017054369329438934,-7.048358290447417e-06,2988
HYP-OR-CONT-EVENT-01,SPY,2023-07-07,2023-07-07T14:20:00+00:00,continuation_long,2023,10:00,15min,-0.0009323055233416699,-9.236394497250353e-06,2988
HYP-OR-CONT-EVENT-01,SPY,2023-07-07,2023-07-07T14:20:00+00:00,continuation_long,2023,10:00,60min,0.0005457398185415574,0.00011437319022916198,2988
HYP-OR-CONT-EVENT-01,SPY,2023-07-07,2023-07-07T14:20:00+00:00,continuation_long,2023,10:00,session_close,-0.002840120972326332,0.3758866179412834,2988
HYP-OR-CONT-EVENT-01,SPY,2023-07-10,2023-07-10T14:20:00+00:00,continuation_long,2023,10:00,30min,-0.00216579231143732,-7.048358290447417e-06,2988
HYP-OR-CONT-EVENT-01,SPY,2023-07-10,2023-07-10T14:20:00+00:00,continuation_long,2023,10:00,15min,-0.0013809200977337177,-9.236394497250353e-06,2988
HYP-OR-CONT-EVENT-01,SPY,2023-07-10,2023-07-10T14:20:00+00:00,continuation_long,2023,10:00,60min,-0.0026917704442148693,0.00011437319022916198,2988
HYP-OR-CONT-EVENT-01,SPY,2023-07-10,2023-07-10T14:20:00+00:00,continuation_long,2023,10:00,session_close,0.00022294920853038747,0.3758866179412834,2988
HYP-OR-CONT-EVENT-01,SPY,2023-07-11,2023-07-11T16:10:00+00:00,continuation_long,2023,12:00,30min,-0.0009969863820723512,6.39501391262826e-05,2976
HYP-OR-CONT-EVENT-01,SPY,2023-07-11,2023-07-11T16:10:00+00:00,continuation_long,2023,12:00,15min,-0.0010876215077152418,5.263621320371693e-05,2982
HYP-OR-CONT-EVENT-01,SPY,2023-07-11,2023-07-11T16:10:00+00:00,continuation_long,2023,12:00,60min,-0.0009743276006616286,4.676965533941821e-05,2964
HYP-OR-CONT-EVENT-01,SPY,2023-07-11,2023-07-11T16:10:00+00:00,continuation_long,2023,12:00,session_close,0.002605759862234658,0.3755008115828469,2988
HYP-OR-CONT-EVENT-01,SPY,2023-07-12,2023-07-12T14:30:00+00:00,continuation_long,2023,10:00,30min,-0.0005701891686419325,-7.048358290447417e-06,2988
HYP-OR-CONT-EVENT-01,SPY,2023-07-12,2023-07-12T14:30:00+00:00,continuation_long,2023,10:00,15min,4.4720719107882445e-06,-9.236394497250353e-06,2988
HYP-OR-CONT-EVENT-01,SPY,2023-07-12,2023-07-12T14:30:00+00:00,continuation_long,2023,10:00,60min,-0.001654666607039057,0.00011437319022916198,2988
HYP-OR-CONT-EVENT-01,SPY,2023-07-12,2023-07-12T14:30:00+00:00,continuation_long,2023,10:00,session_close,-0.0027056035061044925,0.3758866179412834,2988
HYP-OR-CONT-EVENT-01,SPY,2023-07-13,2023-07-13T15:25:00+00:00,continuation_long,2023,11:00,30min,0.0004930405431031737,0.00011117419493857134,2988
HYP-OR-CONT-EVENT-01,SPY,2023-07-13,2023-07-13T15:25:00+00:00,continuation_long,2023,11:00,15min,9.14690600326562e-05,5.790483813667798e-05,2988
HYP-OR-CONT-EVENT-01,SPY,2023-07-13,2023-07-13T15:25:00+00:00,continuation_long,2023,11:00,60min,0.000783064391987276,0.0002050944964118135,2988
HYP-OR-CONT-EVENT-01,SPY,2023-07-13,2023-07-13T15:25:00+00:00,continuation_long,2023,11:00,session_close,0.002880159914688374,0.37575754670346784,2988
HYP-OR-CONT-EVENT-01,SPY,2023-07-14,2023-07-14T14:20:00+00:00,continuation_short,2023,10:00,30min,0.002360764754779754,7.048358290447417e-06,2988
HYP-OR-CONT-EVENT-01,SPY,2023-07-14,2023-07-14T14:20:00+00:00,continuation_short,2023,10:00,15min,0.0019839290662232445,9.236394497250353e-06,2988
HYP-OR-CONT-EVENT-01,SPY,2023-07-14,2023-07-14T14:20:00+00:00,continuation_short,2023,10:00,60min,0.0015627597672485116,-0.00011437319022916198,2988
HYP-OR-CONT-EVENT-01,SPY,2023-07-14,2023-07-14T14:20:00+00:00,continuation_short,2023,10:00,session_close,0.004089775561097353,-0.3758866179412834,2988
HYP-OR-CONT-EVENT-01,SPY,2023-07-17,2023-07-17T14:20:00+00:00,continuation_long,2023,10:00,30min,0.0002889659464746508,-7.048358290447417e-06,2988
HYP-OR-CONT-EVENT-01,SPY,2023-07-17,2023-07-17T14:20:00+00:00,continuation_long,2023,10:00,15min,-0.000200053347559348,-9.236394497250353e-06,2988
HYP-OR-CONT-EVENT-01,SPY,2023-07-17,2023-07-17T14:20:00+00:00,continuation_long,2023,10:00,60min,0.0008411131857384291,0.00011437319022916198,2988
HYP-OR-CONT-EVENT-01,SPY,2023-07-17,2023-07-17T14:20:00+00:00,continuation_long,2023,10:00,session_close,0.002167244598559659,0.3758866179412834,2988
HYP-OR-CONT-EVENT-01,SPY,2023-07-18,2023-07-18T14:20:00+00:00,continuation_long,2023,10:00,30min,0.0010627345488358753,-7.048358290447417e-06,2988
HYP-OR-CONT-EVENT-01,SPY,2023-07-18,2023-07-18T14:20:00+00:00,continuation_long,2023,10:00,15min,0.00014391197015495294,-9.236394497250353e-06,2988
HYP-OR-CONT-EVENT-01,SPY,2023-07-18,2023-07-18T14:20:00+00:00,continuation_long,2023,10:00,60min,0.0018487153089126185,0.00011437319022916198,2988
HYP-OR-CONT-EVENT-01,SPY,2023-07-18,2023-07-18T14:20:00+00:00,continuation_long,2023,10:00,session_close,0.0055904265329391745,0.3758866179412834,2988
HYP-OR-CONT-EVENT-01,SPY,2023-07-19,2023-07-19T14:20:00+00:00,continuation_long,2023,10:00,30min,-0.0019511125726185963,-7.048358290447417e-06,2988
HYP-OR-CONT-EVENT-01,SPY,2023-07-19,2023-07-19T14:20:00+00:00,continuation_long,2023,10:00,15min,-0.0008330593006686815,-9.236394497250353e-06,2988
HYP-OR-CONT-EVENT-01,SPY,2023-07-19,2023-07-19T14:20:00+00:00,continuation_long,2023,10:00,60min,-0.0016003507618107538,0.00011437319022916198,2988
HYP-OR-CONT-EVENT-01,SPY,2023-07-19,2023-07-19T14:20:00+00:00,continuation_long,2023,10:00,session_close,-0.0022361065438999406,0.3758866179412834,2988
HYP-OR-CONT-EVENT-01,SPY,2023-07-20,2023-07-20T14:25:00+00:00,continuation_short,2023,10:00,30min,-0.00043663114811942627,7.048358290447417e-06,2988
HYP-OR-CONT-EVENT-01,SPY,2023-07-20,2023-07-20T14:25:00+00:00,continuation_short,2023,10:00,15min,0.0003792957448309764,9.236394497250353e-06,2988
HYP-OR-CONT-EVENT-01,SPY,2023-07-20,2023-07-20T14:25:00+00:00,continuation_short,2023,10:00,60min,-0.0005909956954344153,-0.00011437319022916198,2988
HYP-OR-CONT-EVENT-01,SPY,2023-07-20,2023-07-20T14:25:00+00:00,continuation_short,2023,10:00,session_close,0.002849128501869913,-0.3758866179412834,2988
HYP-OR-CONT-EVENT-01,SPY,2023-07-21,2023-07-21T14:45:00+00:00,continuation_short,2023,10:00,30min,-0.0015056184736295108,7.048358290447417e-06,2988
HYP-OR-CONT-EVENT-01,SPY,2023-07-21,2023-07-21T14:45:00+00:00,continuation_short,2023,10:00,15min,-0.0003753007925468843,9.236394497250353e-06,2988
HYP-OR-CONT-EVENT-01,SPY,2023-07-21,2023-07-21T14:45:00+00:00,continuation_short,2023,10:00,60min,-0.0017219683422742271,-0.00011437319022916198,2988
HYP-OR-CONT-EVENT-01,SPY,2023-07-21,2023-07-21T14:45:00+00:00,continuation_short,2023,10:00,session_close,0.0017219683422743381,-0.3758866179412834,2988
HYP-OR-CONT-EVENT-01,SPY,2023-07-24,2023-07-24T16:10:00+00:00,continuation_long,2023,12:00,30min,-0.00019826599771144426,6.39501391262826e-05,2976
HYP-OR-CONT-EVENT-01,SPY,2023-07-24,2023-07-24T16:10:00+00:00,continuation_long,2023,12:00,15min,0.0001370918052987502,5.263621320371693e-05,2982
HYP-OR-CONT-EVENT-01,SPY,2023-07-24,2023-07-24T16:10:00+00:00,continuation_long,2023,12:00,60min,-0.000286066367397253,4.676965533941821e-05,2964
HYP-OR-CONT-EVENT-01,SPY,2023-07-24,2023-07-24T16:10:00+00:00,continuation_long,2023,12:00,session_close,-0.0005281225244256893,0.3755008115828469,2988
HYP-OR-CONT-EVENT-01,SPY,2023-07-25,2023-07-25T15:50:00+00:00,continuation_long,2023,11:00,30min,-0.0002338107976681547,0.00011117419493857134,2988
HYP-OR-CONT-EVENT-01,SPY,2023-07-25,2023-07-25T15:50:00+00:00,continuation_long,2023,11:00,15min,9.550018496295998e-05,5.790483813667798e-05,2988
HYP-OR-CONT-EVENT-01,SPY,2023-07-25,2023-07-25T15:50:00+00:00,continuation_long,2023,11:00,60min,0.0005126274296289868,0.0002050944964118135,2988
HYP-OR-CONT-EVENT-01,SPY,2023-07-25,2023-07-25T15:50:00+00:00,continuation_long,2023,11:00,session_close,-0.00018990266665053213,0.37575754670346784,2988
HYP-OR-CONT-EVENT-01,SPY,2023-07-26,2023-07-26T15:00:00+00:00,continuation_short,2023,11:00,30min,-0.0006825938566552558,-0.00011117419493857134,2988
HYP-OR-CONT-EVENT-01,SPY,2023-07-26,2023-07-26T15:00:00+00:00,continuation_short,2023,11:00,15min,-0.0005394693383242721,-5.790483813667798e-05,2988
HYP-OR-CONT-EVENT-01,SPY,2023-07-26,2023-07-26T15:00:00+00:00,continuation_short,2023,11:00,60min,-0.0017806891996037244,-0.0002050944964118135,2988
HYP-OR-CONT-EVENT-01,SPY,2023-07-26,2023-07-26T15:00:00+00:00,continuation_short,2023,11:00,session_close,-0.002994605306616771,-0.37575754670346784,2988
HYP-OR-CONT-EVENT-01,SPY,2023-07-27,2023-07-27T14:20:00+00:00,continuation_short,2023,10:00,30min,0.0012215605435944576,7.048358290447417e-06,2988
HYP-OR-CONT-EVENT-01,SPY,2023-07-27,2023-07-27T14:20:00+00:00,continuation_short,2023,10:00,15min,0.00043627162271231423,9.236394497250353e-06,2988
HYP-OR-CONT-EVENT-01,SPY,2023-07-27,2023-07-27T14:20:00+00:00,continuation_short,2023,10:00,60min,0.0017778068625525778,-0.00011437319022916198,2988
HYP-OR-CONT-EVENT-01,SPY,2023-07-27,2023-07-27T14:20:00+00:00,continuation_short,2023,10:00,session_close,0.012979080775690877,-0.3758866179412834,2988
HYP-OR-CONT-EVENT-01,SPY,2023-07-28,2023-07-28T14:20:00+00:00,continuation_long,2023,10:00,30min,-0.0011493875406389797,-7.048358290447417e-06,2988
HYP-OR-CONT-EVENT-01,SPY,2023-07-28,2023-07-28T14:20:00+00:00,continuation_long,2023,10:00,15min,-0.001168653465129732,-9.236394497250353e-06,2988
HYP-OR-CONT-EVENT-01,SPY,2023-07-28,2023-07-28T14:20:00+00:00,continuation_long,2023,10:00,60min,0.0015436821998182637,0.00011437319022916198,2988
HYP-OR-CONT-EVENT-01,SPY,2023-07-28,2023-07-28T14:20:00+00:00,continuation_long,2023,10:00,session_close,0.00031744989217652453,0.3758866179412834,2988
HYP-OR-CONT-EVENT-01,SPY,2023-07-31,2023-07-31T17:35:00+00:00,continuation_short,2023,13:00,30min,0.000350193700890733,-4.373029813352502e-06,2964
HYP-OR-CONT-EVENT-01,SPY,2023-07-31,2023-07-31T17:35:00+00:00,continuation_short,2023,13:00,15min,0.0002517017225153184,6.918611201767455e-06,2964
HYP-OR-CONT-EVENT-01,SPY,2023-07-31,2023-07-31T17:35:00+00:00,continuation_short,2023,13:00,60min,0.00043774212611347174,-0.00011364857646905247,2964
HYP-OR-CONT-EVENT-01,SPY,2023-07-31,2023-07-31T17:35:00+00:00,continuation_short,2023,13:00,session_close,-0.001969839567510956,-0.37601419823797283,2964
HYP-OR-CONT-EVENT-01,SPY,2023-08-01,2023-08-01T14:20:00+00:00,continuation_long,2023,10:00,30min,0.001601825642375987,-7.048358290447417e-06,2988
HYP-OR-CONT-EVENT-01,SPY,2023-08-01,2023-08-01T14:20:00+00:00,continuation_long,2023,10:00,15min,0.0011410264849800456,-9.236394497250353e-06,2988
HYP-OR-CONT-EVENT-01,SPY,2023-08-01,2023-08-01T14:20:00+00:00,continuation_long,2023,10:00,60min,0.00037302788932036535,0.00011437319022916198,2988
HYP-OR-CONT-EVENT-01,SPY,2023-08-01,2023-08-01T14:20:00+00:00,continuation_long,2023,10:00,session_close,0.0016127970508852396,0.3758866179412834,2988
HYP-OR-CONT-EVENT-01,SPY,2023-08-02,2023-08-02T14:25:00+00:00,continuation_short,2023,10:00,30min,0.003295585242855892,7.048358290447417e-06,2988
HYP-OR-CONT-EVENT-01,SPY,2023-08-02,2023-08-02T14:25:00+00:00,continuation_short,2023,10:00,15min,0.0012164911970273806,9.236394497250353e-06,2988
HYP-OR-CONT-EVENT-01,SPY,2023-08-02,2023-08-02T14:25:00+00:00,continuation_short,2023,10:00,60min,0.0022115809961957833,-0.00011437319022916198,2988
HYP-OR-CONT-EVENT-01,SPY,2023-08-02,2023-08-02T14:25:00+00:00,continuation_short,2023,10:00,session_close,0.004379368309298415,-0.3758866179412834,2988
HYP-OR-CONT-EVENT-01,SPY,2023-08-03,2023-08-03T14:20:00+00:00,continuation_long,2023,10:00,30min,-0.0014043691484618703,-7.048358290447417e-06,2988
HYP-OR-CONT-EVENT-01,SPY,2023-08-03,2023-08-03T14:20:00+00:00,continuation_long,2023,10:00,15min,-0.0007802050824788909,-9.236394497250353e-06,2988
HYP-OR-CONT-EVENT-01,SPY,2023-08-03,2023-08-03T14:20:00+00:00,continuation_long,2023,10:00,60min,0.001816763263486454,0.00011437319022916198,2988
HYP-OR-CONT-EVENT-01,SPY,2023-08-03,2023-08-03T14:20:00+00:00,continuation_long,2023,10:00,session_close,0.0005349977708424269,0.3758866179412834,2988
HYP-OR-CONT-EVENT-01,SPY,2023-08-04,2023-08-04T14:20:00+00:00,continuation_short,2023,10:00,30min,-0.002844254827456094,7.048358290447417e-06,2988
HYP-OR-CONT-EVENT-01,SPY,2023-08-04,2023-08-04T14:20:00+00:00,continuation_short,2023,10:00,15min,-0.0020220874163945357,9.236394497250353e-06,2988
HYP-OR-CONT-EVENT-01,SPY,2023-08-04,2023-08-04T14:20:00+00:00,continuation_short,2023,10:00,60min,-0.003066462235851164,-0.00011437319022916198,2988
HYP-OR-CONT-EVENT-01,SPY,2023-08-04,2023-08-04T14:20:00+00:00,continuation_short,2023,10:00,session_close,0.00717729929115829,-0.3758866179412834,2988
HYP-OR-CONT-EVENT-01,SPY,2023-08-07,2023-08-07T14:40:00+00:00,continuation_long,2023,10:00,30min,-0.001401280967842422,-7.048358290447417e-06,2988
HYP-OR-CONT-EVENT-01,SPY,2023-08-07,2023-08-07T14:40:00+00:00,continuation_long,2023,10:00,15min,-0.0013121024774274126,-9.236394497250353e-06,2988
HYP-OR-CONT-EVENT-01,SPY,2023-08-07,2023-08-07T14:40:00+00:00,continuation_long,2023,10:00,60min,-0.0016009874127119739,0.00011437319022916198,2988
HYP-OR-CONT-EVENT-01,SPY,2023-08-07,2023-08-07T14:40:00+00:00,continuation_long,2023,10:00,session_close,0.002312858604278656,0.3758866179412834,2988
HYP-OR-CONT-EVENT-01,SPY,2023-08-08,2023-08-08T14:30:00+00:00,continuation_short,2023,10:00,30min,0.0018380470128541715,7.048358290447417e-06,2988
HYP-OR-CONT-EVENT-01,SPY,2023-08-08,2023-08-08T14:30:00+00:00,continuation_short,2023,10:00,15min,0.0005269172695061553,9.236394497250353e-06,2988
HYP-OR-CONT-EVENT-01,SPY,2023-08-08,2023-08-08T14:30:00+00:00,continuation_short,2023,10:00,60min,0.0005381235066287404,-0.00011437319022916198,2988
HYP-OR-CONT-EVENT-01,SPY,2023-08-08,2023-08-08T14:30:00+00:00,continuation_short,2023,10:00,session_close,-0.005759781756290883,-0.3758866179412834,2988
HYP-OR-CONT-EVENT-01,SPY,2023-08-09,2023-08-09T15:10:00+00:00,continuation_short,2023,11:00,30min,0.0034413407821229924,-0.00011117419493857134,2988
HYP-OR-CONT-EVENT-01,SPY,2023-08-09,2023-08-09T15:10:00+00:00,continuation_short,2023,11:00,15min,0.003307262569832492,-5.790483813667798e-05,2988
HYP-OR-CONT-EVENT-01,SPY,2023-08-09,2023-08-09T15:10:00+00:00,continuation_short,2023,11:00,60min,0.003385474860335136,-0.0002050944964118135,2988
HYP-OR-CONT-EVENT-01,SPY,2023-08-09,2023-08-09T15:10:00+00:00,continuation_short,2023,11:00,session_close,0.003910614525139633,-0.37575754670346784,2988
HYP-OR-CONT-EVENT-01,SPY,2023-08-10,2023-08-10T14:20:00+00:00,continuation_long,2023,10:00,30min,-0.0031265382142302567,-7.048358290447417e-06,2988
HYP-OR-CONT-EVENT-01,SPY,2023-08-10,2023-08-10T14:20:00+00:00,continuation_long,2023,10:00,15min,-0.001419037271900847,-9.236394497250353e-06,2988
HYP-OR-CONT-EVENT-01,SPY,2023-08-10,2023-08-10T14:20:00+00:00,continuation_long,2023,10:00,60min,-0.006141770692445814,0.00011437319022916198,2988
HYP-OR-CONT-EVENT-01,SPY,2023-08-10,2023-08-10T14:20:00+00:00,continuation_long,2023,10:00,session_close,-0.011263608345712939,0.3758866179412834,2988
HYP-OR-CONT-EVENT-01,SPY,2023-08-11,2023-08-11T14:20:00+00:00,continuation_long,2023,10:00,30min,-0.0012336540833950416,-7.048358290447417e-06,2988
HYP-OR-CONT-EVENT-01,SPY,2023-08-11,2023-08-11T14:20:00+00:00,continuation_long,2023,10:00,15min,0.0012560841576385595,-9.236394497250353e-06,2988
HYP-OR-CONT-EVENT-01,SPY,2023-08-11,2023-08-11T14:20:00+00:00,continuation_long,2023,10:00,60min,-0.0027811049054571324,0.00011437319022916198,2988
HYP-OR-CONT-EVENT-01,SPY,2023-08-11,2023-08-11T14:20:00+00:00,continuation_long,2023,10:00,session_close,-0.0005607518560886149,0.3758866179412834,2988
HYP-OR-CONT-EVENT-01,SPY,2023-08-14,2023-08-14T14:20:00+00:00,continuation_long,2023,10:00,30min,0.003430954836973754,-7.048358290447417e-06,2988
HYP-OR-CONT-EVENT-01,SPY,2023-08-14,2023-08-14T14:20:00+00:00,continuation_long,2023,10:00,15min,0.00186123693770468,-9.236394497250353e-06,2988
HYP-OR-CONT-EVENT-01,SPY,2023-08-14,2023-08-14T14:20:00+00:00,continuation_long,2023,10:00,60min,0.0023321523074852912,0.00011437319022916198,2988
HYP-OR-CONT-EVENT-01,SPY,2023-08-14,2023-08-14T14:20:00+00:00,continuation_long,2023,10:00,session_close,0.004821276404897379,0.3758866179412834,2988
HYP-OR-CONT-EVENT-01,SPY,2023-08-15,2023-08-15T14:20:00+00:00,continuation_short,2023,10:00,30min,0.0002478836455332978,7.048358290447417e-06,2988
HYP-OR-CONT-EVENT-01,SPY,2023-08-15,2023-08-15T14:20:00+00:00,continuation_short,2023,10:00,15min,0.0004054845100865956,9.236394497250353e-06,2988
HYP-OR-CONT-EVENT-01,SPY,2023-08-15,2023-08-15T14:20:00+00:00,continuation_short,2023,10:00,60min,-0.0004840597982709305,-0.00011437319022916198,2988
HYP-OR-CONT-EVENT-01,SPY,2023-08-15,2023-08-15T14:20:00+00:00,continuation_short,2023,10:00,session_close,0.002746757925072063,-0.3758866179412834,2988
HYP-OR-CONT-EVENT-01,SPY,2023-08-16,2023-08-16T16:15:00+00:00,continuation_short,2023,12:00,30min,-9.050080885097955e-05,-6.39501391262826e-05,2976
HYP-OR-CONT-EVENT-01,SPY,2023-08-16,2023-08-16T16:15:00+00:00,continuation_short,2023,12:00,15min,-0.00016968901659564217,-5.263621320371693e-05,2982
HYP-OR-CONT-EVENT-01,SPY,2023-08-16,2023-08-16T16:15:00+00:00,continuation_short,2023,12:00,60min,0.0018206500220596666,-4.676965533941821e-05,2964
HYP-OR-CONT-EVENT-01,SPY,2023-08-16,2023-08-16T16:15:00+00:00,continuation_short,2023,12:00,session_close,0.005328235121101477,-0.3755008115828469,2988
HYP-OR-CONT-EVENT-01,SPY,2023-08-17,2023-08-17T14:50:00+00:00,continuation_short,2023,10:00,30min,0.0007841845140033055,7.048358290447417e-06,2988
HYP-OR-CONT-EVENT-01,SPY,2023-08-17,2023-08-17T14:50:00+00:00,continuation_short,2023,10:00,15min,0.0010543657331136824,9.236394497250353e-06,2988
HYP-OR-CONT-EVENT-01,SPY,2023-08-17,2023-08-17T14:50:00+00:00,continuation_short,2023,10:00,60min,0.0022128046355734954,-0.00011437319022916198,2988
HYP-OR-CONT-EVENT-01,SPY,2023-08-17,2023-08-17T14:50:00+00:00,continuation_short,2023,10:00,session_close,0.008668976878941081,-0.3758866179412834,2988
HYP-OR-CONT-EVENT-01,SPY,2023-08-18,2023-08-18T15:20:00+00:00,continuation_long,2023,11:00,30min,0.0007573323541560928,0.00011117419493857134,2988
HYP-OR-CONT-EVENT-01,SPY,2023-08-18,2023-08-18T15:20:00+00:00,continuation_long,2023,11:00,15min,-0.0013081195208151097,5.790483813667798e-05,2988
HYP-OR-CONT-EVENT-01,SPY,2023-08-18,2023-08-18T15:20:00+00:00,continuation_long,2023,11:00,60min,0.0004589893055491068,0.0002050944964118135,2988
HYP-OR-CONT-EVENT-01,SPY,2023-08-18,2023-08-18T15:20:00+00:00,continuation_long,2023,11:00,session_close,0.0016523614999770508,0.37575754670346784,2988
HYP-OR-CONT-EVENT-01,SPY,2023-08-21,2023-08-21T14:40:00+00:00,continuation_short,2023,10:00,30min,0.0011268293230254356,7.048358290447417e-06,2988
HYP-OR-CONT-EVENT-01,SPY,2023-08-21,2023-08-21T14:40:00+00:00,continuation_short,2023,10:00,15min,-2.9538911333171214e-05,9.236394497250353e-06,2988
HYP-OR-CONT-EVENT-01,SPY,2023-08-21,2023-08-21T14:40:00+00:00,continuation_short,2023,10:00,60min,0.0026612498256861628,-0.00011437319022916198,2988
HYP-OR-CONT-EVENT-01,SPY,2023-08-21,2023-08-21T14:40:00+00:00,continuation_short,2023,10:00,session_close,-0.006017465511030995,-0.3758866179412834,2988
HYP-OR-CONT-EVENT-01,SPY,2023-08-22,2023-08-22T14:20:00+00:00,continuation_short,2023,10:00,30min,0.0010904134484324146,7.048358290447417e-06,2988
HYP-OR-CONT-EVENT-01,SPY,2023-08-22,2023-08-22T14:20:00+00:00,continuation_short,2023,10:00,15min,0.0023966378918673925,9.236394497250353e-06,2988
HYP-OR-CONT-EVENT-01,SPY,2023-08-22,2023-08-22T14:20:00+00:00,continuation_short,2023,10:00,60min,0.0016810540663334539,-0.00011437319022916198,2988
HYP-OR-CONT-EVENT-01,SPY,2023-08-22,2023-08-22T14:20:00+00:00,continuation_short,2023,10:00,session_close,0.004747841890049953,-0.3758866179412834,2988
HYP-OR-CONT-EVENT-01,SPY,2023-08-23,2023-08-23T14:20:00+00:00,continuation_long,2023,10:00,30min,0.0021209268563779915,-7.048358290447417e-06,2988
HYP-OR-CONT-EVENT-01,SPY,2023-08-23,2023-08-23T14:20:00+00:00,continuation_long,2023,10:00,15min,-0.0001474441130103754,-9.236394497250353e-06,2988
HYP-OR-CONT-EVENT-01,SPY,2023-08-23,2023-08-23T14:20:00+00:00,continuation_long,2023,10:00,60min,0.002778754437500641,0.00011437319022916198,2988
HYP-OR-CONT-EVENT-01,SPY,2023-08-23,2023-08-23T14:20:00+00:00,continuation_long,2023,10:00,session_close,0.0048202883099501825,0.3758866179412834,2988
HYP-OR-CONT-EVENT-01,SPY,2023-08-24,2023-08-24T14:20:00+00:00,continuation_long,2023,10:00,30min,-0.002901004628061754,-7.048358290447417e-06,2988
HYP-OR-CONT-EVENT-01,SPY,2023-08-24,2023-08-24T14:20:00+00:00,continuation_long,2023,10:00,15min,-0.001851224743198987,-9.236394497250353e-06,2988
HYP-OR-CONT-EVENT-01,SPY,2023-08-24,2023-08-24T14:20:00+00:00,continuation_long,2023,10:00,60min,-0.005643977875606776,0.00011437319022916198,2988
HYP-OR-CONT-EVENT-01,SPY,2023-08-24,2023-08-24T14:20:00+00:00,continuation_long,2023,10:00,session_close,-0.013613274635963402,0.3758866179412834,2988
HYP-OR-CONT-EVENT-01,SPY,2023-08-25,2023-08-25T14:20:00+00:00,continuation_short,2023,10:00,30min,0.008152854637790141,7.048358290447417e-06,2988
HYP-OR-CONT-EVENT-01,SPY,2023-08-25,2023-08-25T14:20:00+00:00,continuation_short,2023,10:00,15min,0.00450912072145937,9.236394497250353e-06,2988
HYP-OR-CONT-EVENT-01,SPY,2023-08-25,2023-08-25T14:20:00+00:00,continuation_short,2023,10:00,60min,0.005783744392065859,-0.00011437319022916198,2988
HYP-OR-CONT-EVENT-01,SPY,2023-08-25,2023-08-25T14:20:00+00:00,continuation_short,2023,10:00,session_close,-0.0019129603060736855,-0.3758866179412834,2988
HYP-OR-CONT-EVENT-01,SPY,2023-08-28,2023-08-28T15:10:00+00:00,continuation_short,2023,11:00,30min,0.0007428293191109603,-0.00011117419493857134,2988
HYP-OR-CONT-EVENT-01,SPY,2023-08-28,2023-08-28T15:10:00+00:00,continuation_short,2023,11:00,15min,0.0002151487357181514,-5.790483813667798e-05,2988
HYP-OR-CONT-EVENT-01,SPY,2023-08-28,2023-08-28T15:10:00+00:00,continuation_short,2023,11:00,60min,-0.00012455979436309939,-0.0002050944964118135,2988
HYP-OR-CONT-EVENT-01,SPY,2023-08-28,2023-08-28T15:10:00+00:00,continuation_short,2023,11:00,session_close,-0.0026384029169639334,-0.37575754670346784,2988
HYP-OR-CONT-EVENT-01,SPY,2023-08-29,2023-08-29T14:20:00+00:00,continuation_long,2023,10:00,30min,2.2436113167767502e-05,-7.048358290447417e-06,2988
HYP-OR-CONT-EVENT-01,SPY,2023-08-29,2023-08-29T14:20:00+00:00,continuation_long,2023,10:00,15min,0.000493594489690663,-9.236394497250353e-06,2988
HYP-OR-CONT-EVENT-01,SPY,2023-08-29,2023-08-29T14:20:00+00:00,continuation_long,2023,10:00,60min,0.002557716901124163,0.00011437319022916198,2988
HYP-OR-CONT-EVENT-01,SPY,2023-08-29,2023-08-29T14:20:00+00:00,continuation_long,2023,10:00,session_close,0.007695586816539812,0.3758866179412834,2988
HYP-OR-CONT-EVENT-01,SPY,2023-08-30,2023-08-30T14:20:00+00:00,continuation_long,2023,10:00,30min,-0.0007101169473847646,-7.048358290447417e-06,2988
HYP-OR-CONT-EVENT-01,SPY,2023-08-30,2023-08-30T14:20:00+00:00,continuation_long,2023,10:00,15min,-0.001464616203980973,-9.236394497250353e-06,2988
HYP-OR-CONT-EVENT-01,SPY,2023-08-30,2023-08-30T14:20:00+00:00,continuation_long,2023,10:00,60min,-0.0005558884228745731,0.00011437319022916198,2988
HYP-OR-CONT-EVENT-01,SPY,2023-08-30,2023-08-30T14:20:00+00:00,continuation_long,2023,10:00,session_close,0.0007988815658079851,0.3758866179412834,2988
HYP-OR-CONT-EVENT-01,SPY,2023-08-31,2023-08-31T14:35:00+00:00,continuation_long,2023,10:00,30min,-0.0010603282599571662,-7.048358290447417e-06,2988
HYP-OR-CONT-EVENT-01,SPY,2023-08-31,2023-08-31T14:35:00+00:00,continuation_long,2023,10:00,15min,-0.0009498773995449961,-9.236394497250353e-06,2988
HYP-OR-CONT-EVENT-01,SPY,2023-08-31,2023-08-31T14:35:00+00:00,continuation_long,2023,10:00,60min,-0.0020543860036670303,0.00011437319022916198,2988
HYP-OR-CONT-EVENT-01,SPY,2023-08-31,2023-08-31T14:35:00+00:00,continuation_long,2023,10:00,session_close,-0.005323731471868265,0.3758866179412834,2988
HYP-OR-CONT-EVENT-01,SPY,2023-09-01,2023-09-01T15:10:00+00:00,continuation_short,2023,11:00,30min,0.0009094135391712888,-0.00011117419493857134,2988
HYP-OR-CONT-EVENT-01,SPY,2023-09-01,2023-09-01T15:10:00+00:00,continuation_short,2023,11:00,15min,2.218081802851657e-05,-5.790483813667798e-05,2988
HYP-OR-CONT-EVENT-01,SPY,2023-09-01,2023-09-01T15:10:00+00:00,continuation_short,2023,11:00,60min,0.0013086682636854752,-0.0002050944964118135,2988
HYP-OR-CONT-EVENT-01,SPY,2023-09-01,2023-09-01T15:10:00+00:00,continuation_short,2023,11:00,session_close,-0.0008206902670571115,-0.37575754670346784,2988
HYP-OR-CONT-EVENT-01,SPY,2023-09-05,2023-09-05T14:20:00+00:00,continuation_short,2023,10:00,30min,-0.000911597296335831,7.048358290447417e-06,2988
HYP-OR-CONT-EVENT-01,SPY,2023-09-05,2023-09-05T14:20:00+00:00,continuation_short,2023,10:00,15min,0.00041133048737107547,9.236394497250353e-06,2988
HYP-OR-CONT-EVENT-01,SPY,2023-09-05,2023-09-05T14:20:00+00:00,continuation_short,2023,10:00,60min,-0.001841426538598423,-0.00011437319022916198,2988
HYP-OR-CONT-EVENT-01,SPY,2023-09-05,2023-09-05T14:20:00+00:00,continuation_short,2023,10:00,session_close,0.001133938100320142,-0.3758866179412834,2988
HYP-OR-CONT-EVENT-01,SPY,2023-09-06,2023-09-06T14:20:00+00:00,continuation_short,2023,10:00,30min,0.0025265793916086077,7.048358290447417e-06,2988
HYP-OR-CONT-EVENT-01,SPY,2023-09-06,2023-09-06T14:20:00+00:00,continuation_short,2023,10:00,15min,0.0019957741282742303,9.236394497250353e-06,2988
HYP-OR-CONT-EVENT-01,SPY,2023-09-06,2023-09-06T14:20:00+00:00,continuation_short,2023,10:00,60min,0.0034321233328489242,-0.00011437319022916198,2988
HYP-OR-CONT-EVENT-01,SPY,2023-09-06,2023-09-06T14:20:00+00:00,continuation_short,2023,10:00,session_close,0.002358886069156796,-0.3758866179412834,2988
HYP-OR-CONT-EVENT-01,SPY,2023-09-07,2023-09-07T15:00:00+00:00,continuation_long,2023,11:00,30min,0.0016552190068686023,0.00011117419493857134,2988
HYP-OR-CONT-EVENT-01,SPY,2023-09-07,2023-09-07T15:00:00+00:00,continuation_long,2023,11:00,15min,0.0008557594865443718,5.790483813667798e-05,2988
HYP-OR-CONT-EVENT-01,SPY,2023-09-07,2023-09-07T15:00:00+00:00,continuation_long,2023,11:00,60min,0.0007656795405921457,0.0002050944964118135,2988
HYP-OR-CONT-EVENT-01,SPY,2023-09-07,2023-09-07T15:00:00+00:00,continuation_long,2023,11:00,session_close,0.0017790789325524692,0.37575754670346784,2988
HYP-OR-CONT-EVENT-01,SPY,2023-09-08,2023-09-08T14:20:00+00:00,continuation_long,2023,10:00,30min,-0.0003359161553276868,-7.048358290447417e-06,2988
HYP-OR-CONT-EVENT-01,SPY,2023-09-08,2023-09-08T14:20:00+00:00,continuation_long,2023,10:00,15min,0.00017915528284140336,-9.236394497250353e-06,2988
HYP-OR-CONT-EVENT-01,SPY,2023-09-08,2023-09-08T14:20:00+00:00,continuation_long,2023,10:00,60min,0.0,0.00011437319022916198,2988
HYP-OR-CONT-EVENT-01,SPY,2023-09-08,2023-09-08T14:20:00+00:00,continuation_long,2023,10:00,session_close,-0.002306624266583124,0.3758866179412834,2988
HYP-OR-CONT-EVENT-01,SPY,2023-09-11,2023-09-11T14:20:00+00:00,continuation_short,2023,10:00,30min,2.236085955142908e-05,7.048358290447417e-06,2988
HYP-OR-CONT-EVENT-01,SPY,2023-09-11,2023-09-11T14:20:00+00:00,continuation_short,2023,10:00,15min,0.00029069117416868906,9.236394497250353e-06,2988
HYP-OR-CONT-EVENT-01,SPY,2023-09-11,2023-09-11T14:20:00+00:00,continuation_short,2023,10:00,60min,0.0003778985264193402,-0.00011437319022916198,2988
HYP-OR-CONT-EVENT-01,SPY,2023-09-11,2023-09-11T14:20:00+00:00,continuation_short,2023,10:00,session_close,-0.0028398291630331585,-0.3758866179412834,2988
HYP-OR-CONT-EVENT-01,SPY,2023-09-12,2023-09-12T14:45:00+00:00,continuation_short,2023,10:00,30min,0.0011862927233251552,7.048358290447417e-06,2988
HYP-OR-CONT-EVENT-01,SPY,2023-09-12,2023-09-12T14:45:00+00:00,continuation_short,2023,10:00,15min,0.00011169057904514279,9.236394497250353e-06,2988
HYP-OR-CONT-EVENT-01,SPY,2023-09-12,2023-09-12T14:45:00+00:00,continuation_short,2023,10:00,60min,-0.0005371891577321541,-0.00011437319022916198,2988
HYP-OR-CONT-EVENT-01,SPY,2023-09-12,2023-09-12T14:45:00+00:00,continuation_short,2023,10:00,session_close,0.0017906305257737731,-0.3758866179412834,2988
HYP-OR-CONT-EVENT-01,SPY,2023-09-13,2023-09-13T14:25:00+00:00,continuation_short,2023,10:00,30min,-0.00286621203284132,7.048358290447417e-06,2988
HYP-OR-CONT-EVENT-01,SPY,2023-09-13,2023-09-13T14:25:00+00:00,continuation_short,2023,10:00,15min,-0.002288124186818674,9.236394497250353e-06,2988
HYP-OR-CONT-EVENT-01,SPY,2023-09-13,2023-09-13T14:25:00+00:00,continuation_short,2023,10:00,60min,-0.00380232401633096,-0.00011437319022916198,2988
HYP-OR-CONT-EVENT-01,SPY,2023-09-13,2023-09-13T14:25:00+00:00,continuation_short,2023,10:00,session_close,-0.0016375790748799357,-0.3758866179412834,2988
HYP-OR-CONT-EVENT-01,SPY,2023-09-14,2023-09-14T14:30:00+00:00,continuation_short,2023,10:00,30min,-0.0025973736427886696,7.048358290447417e-06,2988
HYP-OR-CONT-EVENT-01,SPY,2023-09-14,2023-09-14T14:30:00+00:00,continuation_short,2023,10:00,15min,-0.0019396695873186154,9.236394497250353e-06,2988
HYP-OR-CONT-EVENT-01,SPY,2023-09-14,2023-09-14T14:30:00+00:00,continuation_short,2023,10:00,60min,-0.0019954072191381567,-0.00011437319022916198,2988
HYP-OR-CONT-EVENT-01,SPY,2023-09-14,2023-09-14T14:30:00+00:00,continuation_short,2023,10:00,session_close,-0.004146879807370718,-0.3758866179412834,2988
HYP-OR-CONT-EVENT-01,SPY,2023-09-15,2023-09-15T14:30:00+00:00,continuation_short,2023,10:00,30min,0.003520179372197285,7.048358290447417e-06,2988
HYP-OR-CONT-EVENT-01,SPY,2023-09-15,2023-09-15T14:30:00+00:00,continuation_short,2023,10:00,15min,0.0006502242152466309,9.236394497250353e-06,2988
HYP-OR-CONT-EVENT-01,SPY,2023-09-15,2023-09-15T14:30:00+00:00,continuation_short,2023,10:00,60min,0.002903587443946254,-0.00011437319022916198,2988
HYP-OR-CONT-EVENT-01,SPY,2023-09-15,2023-09-15T14:30:00+00:00,continuation_short,2023,10:00,session_close,0.0060762331838564165,-0.3758866179412834,2988
HYP-OR-CONT-EVENT-01,SPY,2023-09-18,2023-09-18T14:55:00+00:00,continuation_long,2023,10:00,30min,0.0013191124740685733,-7.048358290447417e-06,2988
HYP-OR-CONT-EVENT-01,SPY,2023-09-18,2023-09-18T14:55:00+00:00,continuation_long,2023,10:00,15min,-6.764679354209768e-05,-9.236394497250353e-06,2988
HYP-OR-CONT-EVENT-01,SPY,2023-09-18,2023-09-18T14:55:00+00:00,continuation_long,2023,10:00,60min,0.0025931270857761923,0.00011437319022916198,2988
HYP-OR-CONT-EVENT-01,SPY,2023-09-18,2023-09-18T14:55:00+00:00,continuation_long,2023,10:00,session_close,0.0003607828988905215,0.3758866179412834,2988
HYP-OR-CONT-EVENT-01,SPY,2023-09-19,2023-09-19T14:20:00+00:00,continuation_short,2023,10:00,30min,0.002094750668055645,7.048358290447417e-06,2988
HYP-OR-CONT-EVENT-01,SPY,2023-09-19,2023-09-19T14:20:00+00:00,continuation_short,2023,10:00,15min,0.0020154898319669767,9.236394497250353e-06,2988
HYP-OR-CONT-EVENT-01,SPY,2023-09-19,2023-09-19T14:20:00+00:00,continuation_short,2023,10:00,60min,0.0023551791294894597,-0.00011437319022916198,2988
HYP-OR-CONT-EVENT-01,SPY,2023-09-19,2023-09-19T14:20:00+00:00,continuation_short,2023,10:00,session_close,-0.002649576520675767,-0.3758866179412834,2988
HYP-OR-CONT-EVENT-01,SPY,2023-09-20,2023-09-20T14:35:00+00:00,continuation_short,2023,10:00,30min,0.00032726330844512486,7.048358290447417e-06,2988
HYP-OR-CONT-EVENT-01,SPY,2023-09-20,2023-09-20T14:35:00+00:00,continuation_short,2023,10:00,15min,0.0007207450702163554,9.236394497250353e-06,2988
HYP-OR-CONT-EVENT-01,SPY,2023-09-20,2023-09-20T14:35:00+00:00,continuation_short,2023,10:00,60min,0.001835647600707202,-0.00011437319022916198,2988
HYP-OR-CONT-EVENT-01,SPY,2023-09-20,2023-09-20T14:35:00+00:00,continuation_short,2023,10:00,session_close,0.012173834701622921,-0.3758866179412834,2988
HYP-OR-CONT-EVENT-01,SPY,2023-09-21,2023-09-21T15:15:00+00:00,continuation_short,2023,11:00,30min,-0.001106374153108769,-0.00011117419493857134,2988
HYP-OR-CONT-EVENT-01,SPY,2023-09-21,2023-09-21T15:15:00+00:00,continuation_short,2023,11:00,15min,-0.0006913398165644402,-5.790483813667798e-05,2988
HYP-OR-CONT-EVENT-01,SPY,2023-09-21,2023-09-21T15:15:00+00:00,continuation_short,2023,11:00,60min,0.00047241554131904895,-0.0002050944964118135,2988
HYP-OR-CONT-EVENT-01,SPY,2023-09-21,2023-09-21T15:15:00+00:00,continuation_short,2023,11:00,session_close,0.005830299119693905,-0.37575754670346784,2988
HYP-OR-CONT-EVENT-01,SPY,2023-09-22,2023-09-22T14:40:00+00:00,continuation_long,2023,10:00,30min,-0.0002541023333103576,-7.048358290447417e-06,2988
HYP-OR-CONT-EVENT-01,SPY,2023-09-22,2023-09-22T14:40:00+00:00,continuation_long,2023,10:00,15min,0.0008539315470008635,-9.236394497250353e-06,2988
HYP-OR-CONT-EVENT-01,SPY,2023-09-22,2023-09-22T14:40:00+00:00,continuation_long,2023,10:00,60min,0.0006923769300006821,0.00011437319022916198,2988
HYP-OR-CONT-EVENT-01,SPY,2023-09-22,2023-09-22T14:40:00+00:00,continuation_long,2023,10:00,session_close,-0.006716056221006794,0.3758866179412834,2988
HYP-OR-CONT-EVENT-01,SPY,2023-09-25,2023-09-25T15:35:00+00:00,continuation_long,2023,11:00,30min,0.0003131487688614598,0.00011117419493857134,2988
HYP-OR-CONT-EVENT-01,SPY,2023-09-25,2023-09-25T15:35:00+00:00,continuation_long,2023,11:00,15min,0.0006610918453739956,5.790483813667798e-05,2988
HYP-OR-CONT-EVENT-01,SPY,2023-09-25,2023-09-25T15:35:00+00:00,continuation_long,2023,11:00,60min,0.0005915032300716216,0.0002050944964118135,2988
HYP-OR-CONT-EVENT-01,SPY,2023-09-25,2023-09-25T15:35:00+00:00,continuation_long,2023,11:00,session_close,0.002586376868744189,0.37575754670346784,2988
HYP-OR-CONT-EVENT-01,SPY,2023-09-26,2023-09-26T14:20:00+00:00,continuation_short,2023,10:00,30min,-0.0014749953174750807,7.048358290447417e-06,2988
HYP-OR-CONT-EVENT-01,SPY,2023-09-26,2023-09-26T14:20:00+00:00,continuation_short,2023,10:00,15min,-0.0017318318037085056,9.236394497250353e-06,2988
HYP-OR-CONT-EVENT-01,SPY,2023-09-26,2023-09-26T14:20:00+00:00,continuation_short,2023,10:00,60min,-0.00019900730473865202,-0.00011437319022916198,2988
HYP-OR-CONT-EVENT-01,SPY,2023-09-26,2023-09-26T14:20:00+00:00,continuation_short,2023,10:00,session_close,0.0030202285072111756,-0.3758866179412834,2988
HYP-OR-CONT-EVENT-01,SPY,2023-09-27,2023-09-27T14:20:00+00:00,continuation_short,2023,10:00,30min,0.0017133334898021824,7.048358290447417e-06,2988
HYP-OR-CONT-EVENT-01,SPY,2023-09-27,2023-09-27T14:20:00+00:00,continuation_short,2023,10:00,15min,-0.0011500457671274056,9.236394497250353e-06,2988
HYP-OR-CONT-EVENT-01,SPY,2023-09-27,2023-09-27T14:20:00+00:00,continuation_short,2023,10:00,60min,0.0010092238364588502,-0.00011437319022916198,2988
HYP-OR-CONT-EVENT-01,SPY,2023-09-27,2023-09-27T14:20:00+00:00,continuation_short,2023,10:00,session_close,0.00011735160889059237,-0.3758866179412834,2988
HYP-OR-CONT-EVENT-01,SPY,2023-09-28,2023-09-28T14:20:00+00:00,continuation_long,2023,10:00,30min,0.0013664057740077062,-7.048358290447417e-06,2988
HYP-OR-CONT-EVENT-01,SPY,2023-09-28,2023-09-28T14:20:00+00:00,continuation_long,2023,10:00,15min,-0.0006559028916904852,-9.236394497250353e-06,2988
HYP-OR-CONT-EVENT-01,SPY,2023-09-28,2023-09-28T14:20:00+00:00,continuation_long,2023,10:00,60min,0.0031752355063974225,0.00011437319022916198,2988
HYP-OR-CONT-EVENT-01,SPY,2023-09-28,2023-09-28T14:20:00+00:00,continuation_long,2023,10:00,session_close,0.004194591554576466,0.3758866179412834,2988
HYP-OR-CONT-EVENT-01,SPY,2023-09-29,2023-09-29T14:40:00+00:00,continuation_short,2023,10:00,30min,0.0007430455579808815,7.048358290447417e-06,2988
HYP-OR-CONT-EVENT-01,SPY,2023-09-29,2023-09-29T14:40:00+00:00,continuation_short,2023,10:00,15min,0.00027678447034795717,9.236394497250353e-06,2988
HYP-OR-CONT-EVENT-01,SPY,2023-09-29,2023-09-29T14:40:00+00:00,continuation_short,2023,10:00,60min,0.003180234988157782,-0.00011437319022916198,2988
HYP-OR-CONT-EVENT-01,SPY,2023-09-29,2023-09-29T14:40:00+00:00,continuation_short,2023,10:00,session_close,0.0075929967956160915,-0.3758866179412834,2988
HYP-OR-CONT-EVENT-01,SPY,2023-10-02,2023-10-02T14:20:00+00:00,continuation_long,2023,10:00,30min,-0.0015685723650324945,-7.048358290447417e-06,2988
HYP-OR-CONT-EVENT-01,SPY,2023-10-02,2023-10-02T14:20:00+00:00,continuation_long,2023,10:00,15min,-0.0007491688907618199,-9.236394497250353e-06,2988
HYP-OR-CONT-EVENT-01,SPY,2023-10-02,2023-10-02T14:20:00+00:00,continuation_long,2023,10:00,60min,0.0027859718125204935,0.00011437319022916198,2988
HYP-OR-CONT-EVENT-01,SPY,2023-10-02,2023-10-02T14:20:00+00:00,continuation_long,2023,10:00,session_close,0.0005150536123987859,0.3758866179412834,2988
HYP-OR-CONT-EVENT-01,SPY,2023-10-03,2023-10-03T14:20:00+00:00,continuation_short,2023,10:00,30min,0.0022941746883943237,7.048358290447417e-06,2988
HYP-OR-CONT-EVENT-01,SPY,2023-10-03,2023-10-03T14:20:00+00:00,continuation_short,2023,10:00,15min,0.0015373335540785904,9.236394497250353e-06,2988
HYP-OR-CONT-EVENT-01,SPY,2023-10-03,2023-10-03T14:20:00+00:00,continuation_short,2023,10:00,60min,0.0027672003973416848,-0.00011437319022916198,2988
HYP-OR-CONT-EVENT-01,SPY,2023-10-03,2023-10-03T14:20:00+00:00,continuation_short,2023,10:00,session_close,0.002696246540999425,-0.3758866179412834,2988
HYP-OR-CONT-EVENT-01,SPY,2023-10-04,2023-10-04T14:20:00+00:00,continuation_short,2023,10:00,30min,0.0017545523520485773,7.048358290447417e-06,2988
HYP-OR-CONT-EVENT-01,SPY,2023-10-04,2023-10-04T14:20:00+00:00,continuation_short,2023,10:00,15min,-0.0006164643399089176,9.236394497250353e-06,2988
HYP-OR-CONT-EVENT-01,SPY,2023-10-04,2023-10-04T14:20:00+00:00,continuation_short,2023,10:00,60min,-0.0013277693474962327,-0.00011437319022916198,2988
HYP-OR-CONT-EVENT-01,SPY,2023-10-04,2023-10-04T14:20:00+00:00,continuation_short,2023,10:00,session_close,-0.00699449924127471,-0.3758866179412834,2988
HYP-OR-CONT-EVENT-01,SPY,2023-10-05,2023-10-05T14:20:00+00:00,continuation_short,2023,10:00,30min,0.003472471432618751,7.048358290447417e-06,2988
HYP-OR-CONT-EVENT-01,SPY,2023-10-05,2023-10-05T14:20:00+00:00,continuation_short,2023,10:00,15min,0.0038483331759372463,9.236394497250353e-06,2988
HYP-OR-CONT-EVENT-01,SPY,2023-10-05,2023-10-05T14:20:00+00:00,continuation_short,2023,10:00,60min,0.002974549060345666,-0.00011437319022916198,2988
HYP-OR-CONT-EVENT-01,SPY,2023-10-05,2023-10-05T14:20:00+00:00,continuation_short,2023,10:00,session_close,-0.002124846538861025,-0.3758866179412834,2988
HYP-OR-CONT-EVENT-01,SPY,2023-10-06,2023-10-06T14:20:00+00:00,continuation_short,2023,10:00,30min,-0.005228092661160089,7.048358290447417e-06,2988
HYP-OR-CONT-EVENT-01,SPY,2023-10-06,2023-10-06T14:20:00+00:00,continuation_short,2023,10:00,15min,-0.006266021076616335,9.236394497250353e-06,2988
HYP-OR-CONT-EVENT-01,SPY,2023-10-06,2023-10-06T14:20:00+00:00,continuation_short,2023,10:00,60min,-0.009206778695528328,-0.00011437319022916198,2988
HYP-OR-CONT-EVENT-01,SPY,2023-10-06,2023-10-06T14:20:00+00:00,continuation_short,2023,10:00,session_close,-0.019462641222823374,-0.3758866179412834,2988
HYP-OR-CONT-EVENT-01,SPY,2023-10-09,2023-10-09T15:05:00+00:00,continuation_short,2023,11:00,30min,-0.00259545911567316,-0.00011117419493857134,2988
HYP-OR-CONT-EVENT-01,SPY,2023-10-09,2023-10-09T15:05:00+00:00,continuation_short,2023,11:00,15min,-0.001321112072392161,-5.790483813667798e-05,2988
HYP-OR-CONT-EVENT-01,SPY,2023-10-09,2023-10-09T15:05:00+00:00,continuation_short,2023,11:00,60min,-0.0038113498725653727,-0.0002050944964118135,2988
HYP-OR-CONT-EVENT-01,SPY,2023-10-09,2023-10-09T15:05:00+00:00,continuation_short,2023,11:00,session_close,-0.010755956695583047,-0.37575754670346784,2988
HYP-OR-CONT-EVENT-01,SPY,2023-10-10,2023-10-10T14:20:00+00:00,continuation_long,2023,10:00,30min,0.0010577630610741906,-7.048358290447417e-06,2988
HYP-OR-CONT-EVENT-01,SPY,2023-10-10,2023-10-10T14:20:00+00:00,continuation_long,2023,10:00,15min,0.001195732155996998,-9.236394497250353e-06,2988
HYP-OR-CONT-EVENT-01,SPY,2023-10-10,2023-10-10T14:20:00+00:00,continuation_long,2023,10:00,60min,0.0036561810154525087,0.00011437319022916198,2988
HYP-OR-CONT-EVENT-01,SPY,2023-10-10,2023-10-10T14:20:00+00:00,continuation_long,2023,10:00,session_close,-0.0009197939661514942,0.3758866179412834,2988
HYP-OR-CONT-EVENT-01,SPY,2023-10-11,2023-10-11T14:20:00+00:00,continuation_short,2023,10:00,30min,-0.0013106271416416515,7.048358290447417e-06,2988
HYP-OR-CONT-EVENT-01,SPY,2023-10-11,2023-10-11T14:20:00+00:00,continuation_short,2023,10:00,15min,-0.0006899247981970724,9.236394497250353e-06,2988
HYP-OR-CONT-EVENT-01,SPY,2023-10-11,2023-10-11T14:20:00+00:00,continuation_short,2023,10:00,60min,0.00030057723708110107,-0.00011437319022916198,2988
HYP-OR-CONT-EVENT-01,SPY,2023-10-11,2023-10-11T14:20:00+00:00,continuation_short,2023,10:00,session_close,-0.0034036290044385797,-0.3758866179412834,2988
HYP-OR-CONT-EVENT-01,SPY,2023-10-12,2023-10-12T16:40:00+00:00,continuation_long,2023,12:00,30min,-0.006702504861031522,6.39501391262826e-05,2976
HYP-OR-CONT-EVENT-01,SPY,2023-10-12,2023-10-12T16:40:00+00:00,continuation_long,2023,12:00,15min,-0.0014297152007319847,5.263621320371693e-05,2982
HYP-OR-CONT-EVENT-01,SPY,2023-10-12,2023-10-12T16:40:00+00:00,continuation_long,2023,12:00,60min,-0.010042319569941616,4.676965533941821e-05,2964
HYP-OR-CONT-EVENT-01,SPY,2023-10-12,2023-10-12T16:40:00+00:00,continuation_long,2023,12:00,session_close,-0.007892027908040666,0.3755008115828469,2988
HYP-OR-CONT-EVENT-01,SPY,2023-10-13,2023-10-13T14:20:00+00:00,continuation_short,2023,10:00,30min,0.003360338795801998,7.048358290447417e-06,2988
HYP-OR-CONT-EVENT-01,SPY,2023-10-13,2023-10-13T14:20:00+00:00,continuation_short,2023,10:00,15min,0.00039127232553859415,9.236394497250353e-06,2988
HYP-OR-CONT-EVENT-01,SPY,2023-10-13,2023-10-13T14:20:00+00:00,continuation_short,2023,10:00,60min,0.00601132388142156,-0.00011437319022916198,2988
HYP-OR-CONT-EVENT-01,SPY,2023-10-13,2023-10-13T14:20:00+00:00,continuation_short,2023,10:00,session_close,0.00674369361075311,-0.3758866179412834,2988
HYP-OR-CONT-EVENT-01,SPY,2023-10-16,2023-10-16T14:30:00+00:00,continuation_long,2023,10:00,30min,0.0019498990640482994,-7.048358290447417e-06,2988
HYP-OR-CONT-EVENT-01,SPY,2023-10-16,2023-10-16T14:30:00+00:00,continuation_long,2023,10:00,15min,0.0013763993393283158,-9.236394497250353e-06,2988
HYP-OR-CONT-EVENT-01,SPY,2023-10-16,2023-10-16T14:30:00+00:00,continuation_long,2023,10:00,60min,0.0011011194714625194,0.00011437319022916198,2988
HYP-OR-CONT-EVENT-01,SPY,2023-10-16,2023-10-16T14:30:00+00:00,continuation_long,2023,10:00,session_close,0.00020645990089929178,0.3758866179412834,2988
HYP-OR-CONT-EVENT-01,SPY,2023-10-17,2023-10-17T14:25:00+00:00,continuation_long,2023,10:00,30min,0.0007244376983579492,-7.048358290447417e-06,2988
HYP-OR-CONT-EVENT-01,SPY,2023-10-17,2023-10-17T14:25:00+00:00,continuation_long,2023,10:00,15min,0.0008624258313785216,-9.236394497250353e-06,2988
HYP-OR-CONT-EVENT-01,SPY,2023-10-17,2023-10-17T14:25:00+00:00,continuation_long,2023,10:00,60min,0.0025757784830504615,0.00011437319022916198,2988
HYP-OR-CONT-EVENT-01,SPY,2023-10-17,2023-10-17T14:25:00+00:00,continuation_long,2023,10:00,session_close,0.0029207488156017813,0.3758866179412834,2988
HYP-OR-CONT-EVENT-01,SPY,2023-10-18,2023-10-18T14:20:00+00:00,continuation_short,2023,10:00,30min,0.006184991033245879,7.048358290447417e-06,2988
HYP-OR-CONT-EVENT-01,SPY,2023-10-18,2023-10-18T14:20:00+00:00,continuation_short,2023,10:00,15min,0.004437393663493827,9.236394497250353e-06,2988
HYP-OR-CONT-EVENT-01,SPY,2023-10-18,2023-10-18T14:20:00+00:00,continuation_short,2023,10:00,60min,0.004437393663493827,-0.00011437319022916198,2988
HYP-OR-CONT-EVENT-01,SPY,2023-10-18,2023-10-18T14:20:00+00:00,continuation_short,2023,10:00,session_close,0.010783096519060065,-0.3758866179412834,2988
HYP-OR-CONT-EVENT-01,SPY,2023-10-19,2023-10-19T14:20:00+00:00,continuation_short,2023,10:00,30min,0.0026962949188787944,7.048358290447417e-06,2988
HYP-OR-CONT-EVENT-01,SPY,2023-10-19,2023-10-19T14:20:00+00:00,continuation_short,2023,10:00,15min,0.0025103435451629963,9.236394497250353e-06,2988
HYP-OR-CONT-EVENT-01,SPY,2023-10-19,2023-10-19T14:20:00+00:00,continuation_short,2023,10:00,60min,0.0028125145274511265,-0.00011437319022916198,2988
HYP-OR-CONT-EVENT-01,SPY,2023-10-19,2023-10-19T14:20:00+00:00,continuation_short,2023,10:00,session_close,0.008809446329784754,-0.3758866179412834,2988
HYP-OR-CONT-EVENT-01,SPY,2023-10-20,2023-10-20T14:20:00+00:00,continuation_short,2023,10:00,30min,0.002171245161899371,7.048358290447417e-06,2988
HYP-OR-CONT-EVENT-01,SPY,2023-10-20,2023-10-20T14:20:00+00:00,continuation_short,2023,10:00,15min,0.001559992447842884,9.236394497250353e-06,2988
HYP-OR-CONT-EVENT-01,SPY,2023-10-20,2023-10-20T14:20:00+00:00,continuation_short,2023,10:00,60min,0.0034692721608610144,-0.00011437319022916198,2988
HYP-OR-CONT-EVENT-01,SPY,2023-10-20,2023-10-20T14:20:00+00:00,continuation_short,2023,10:00,session_close,0.005923723213442922,-0.3758866179412834,2988
HYP-OR-CONT-EVENT-01,SPY,2023-10-23,2023-10-23T14:20:00+00:00,continuation_long,2023,10:00,30min,-0.0004974126233588949,-7.048358290447417e-06,2988
HYP-OR-CONT-EVENT-01,SPY,2023-10-23,2023-10-23T14:20:00+00:00,continuation_long,2023,10:00,15min,-0.0007348410831961028,-9.236394497250353e-06,2988
HYP-OR-CONT-EVENT-01,SPY,2023-10-23,2023-10-23T14:20:00+00:00,continuation_long,2023,10:00,60min,0.002921557198296787,0.00011437319022916198,2988
HYP-OR-CONT-EVENT-01,SPY,2023-10-23,2023-10-23T14:20:00+00:00,continuation_long,2023,10:00,session_close,-0.0017320406145123757,0.3758866179412834,2988
HYP-OR-CONT-EVENT-01,SPY,2023-10-24,2023-10-24T14:30:00+00:00,continuation_long,2023,10:00,30min,-0.0005419160265774936,-7.048358290447417e-06,2988
HYP-OR-CONT-EVENT-01,SPY,2023-10-24,2023-10-24T14:30:00+00:00,continuation_long,2023,10:00,15min,0.0006597238584420406,-9.236394497250353e-06,2988
HYP-OR-CONT-EVENT-01,SPY,2023-10-24,2023-10-24T14:30:00+00:00,continuation_long,2023,10:00,60min,-0.0033693039913293976,0.00011437319022916198,2988
HYP-OR-CONT-EVENT-01,SPY,2023-10-24,2023-10-24T14:30:00+00:00,continuation_long,2023,10:00,session_close,-0.0018849253098346397,0.3758866179412834,2988
HYP-OR-CONT-EVENT-01,SPY,2023-10-25,2023-10-25T14:20:00+00:00,continuation_short,2023,10:00,30min,-0.001979874573765361,7.048358290447417e-06,2988
HYP-OR-CONT-EVENT-01,SPY,2023-10-25,2023-10-25T14:20:00+00:00,continuation_short,2023,10:00,15min,-0.002396928726422942,9.236394497250353e-06,2988
HYP-OR-CONT-EVENT-01,SPY,2023-10-25,2023-10-25T14:20:00+00:00,continuation_short,2023,10:00,60min,-0.0023487612370938216,-0.00011437319022916198,2988
HYP-OR-CONT-EVENT-01,SPY,2023-10-25,2023-10-25T14:20:00+00:00,continuation_short,2023,10:00,session_close,0.004196771347497408,-0.3758866179412834,2988
HYP-OR-CONT-EVENT-01,SPY,2023-10-26,2023-10-26T14:20:00+00:00,continuation_short,2023,10:00,30min,-0.004521558792321745,7.048358290447417e-06,2988
HYP-OR-CONT-EVENT-01,SPY,2023-10-26,2023-10-26T14:20:00+00:00,continuation_short,2023,10:00,15min,-0.0,9.236394497250353e-06,2988
HYP-OR-CONT-EVENT-01,SPY,2023-10-26,2023-10-26T14:20:00+00:00,continuation_short,2023,10:00,60min,0.0006028745056428919,-0.00011437319022916198,2988
HYP-OR-CONT-EVENT-01,SPY,2023-10-26,2023-10-26T14:20:00+00:00,continuation_short,2023,10:00,session_close,0.00504003086717475,-0.3758866179412834,2988
HYP-OR-CONT-EVENT-01,SPY,2023-10-27,2023-10-27T14:20:00+00:00,continuation_short,2023,10:00,30min,-0.0005085484574030019,7.048358290447417e-06,2988
HYP-OR-CONT-EVENT-01,SPY,2023-10-27,2023-10-27T14:20:00+00:00,continuation_short,2023,10:00,15min,0.0007507143894996959,9.236394497250353e-06,2988
HYP-OR-CONT-EVENT-01,SPY,2023-10-27,2023-10-27T14:20:00+00:00,continuation_short,2023,10:00,60min,-0.0030997239308374613,-0.00011437319022916198,2988
HYP-OR-CONT-EVENT-01,SPY,2023-10-27,2023-10-27T14:20:00+00:00,continuation_short,2023,10:00,session_close,0.005351867099336438,-0.3758866179412834,2988
HYP-OR-CONT-EVENT-01,SPY,2023-10-30,2023-10-30T14:35:00+00:00,continuation_short,2023,10:00,30min,-0.002252525007871764,7.048358290447417e-06,2988
HYP-OR-CONT-EVENT-01,SPY,2023-10-30,2023-10-30T14:35:00+00:00,continuation_short,2023,10:00,15min,-0.0010172693583936354,9.236394497250353e-06,2988
HYP-OR-CONT-EVENT-01,SPY,2023-10-30,2023-10-30T14:35:00+00:00,continuation_short,2023,10:00,60min,-0.0006297381742437214,-0.00011437319022916198,2988
HYP-OR-CONT-EVENT-01,SPY,2023-10-30,2023-10-30T14:35:00+00:00,continuation_short,2023,10:00,session_close,-0.006563809431540113,-0.3758866179412834,2988
HYP-OR-CONT-EVENT-01,SPY,2023-10-31,2023-10-31T15:10:00+00:00,continuation_long,2023,11:00,30min,-0.001309387951228369,0.00011117419493857134,2988
HYP-OR-CONT-EVENT-01,SPY,2023-10-31,2023-10-31T15:10:00+00:00,continuation_long,2023,11:00,15min,-0.001237311550243314,5.790483813667798e-05,2988
HYP-OR-CONT-EVENT-01,SPY,2023-10-31,2023-10-31T15:10:00+00:00,continuation_long,2023,11:00,60min,-0.0016457444891585515,0.0002050944964118135,2988
HYP-OR-CONT-EVENT-01,SPY,2023-10-31,2023-10-31T15:10:00+00:00,continuation_long,2023,11:00,session_close,0.004817106132500415,0.37575754670346784,2988
HYP-OR-CONT-EVENT-01,SPY,2023-11-01,2023-11-01T14:20:00+00:00,continuation_long,2023,10:00,30min,0.0018794309368606044,-7.048358290447417e-06,2988
HYP-OR-CONT-EVENT-01,SPY,2023-11-01,2023-11-01T14:20:00+00:00,continuation_long,2023,10:00,15min,0.002498929438073949,-9.236394497250353e-06,2988
HYP-OR-CONT-EVENT-01,SPY,2023-11-01,2023-11-01T14:20:00+00:00,continuation_long,2023,10:00,60min,0.0004401199029357983,0.00011437319022916198,2988
HYP-OR-CONT-EVENT-01,SPY,2023-11-01,2023-11-01T14:20:00+00:00,continuation_long,2023,10:00,session_close,0.005614502545558286,0.3758866179412834,2988
HYP-OR-CONT-EVENT-01,SPY,2023-11-02,2023-11-02T14:45:00+00:00,continuation_long,2023,10:00,30min,1.165786497869803e-05,-7.048358290447417e-06,2988
HYP-OR-CONT-EVENT-01,SPY,2023-11-02,2023-11-02T14:45:00+00:00,continuation_long,2023,10:00,15min,0.0007344454936522027,-9.236394497250353e-06,2988
HYP-OR-CONT-EVENT-01,SPY,2023-11-02,2023-11-02T14:45:00+00:00,continuation_long,2023,10:00,60min,8.160505485022007e-05,0.00011437319022916198,2988
HYP-OR-CONT-EVENT-01,SPY,2023-11-02,2023-11-02T14:45:00+00:00,continuation_long,2023,10:00,session_close,0.00432506790706344,0.3758866179412834,2988
HYP-OR-CONT-EVENT-01,SPY,2023-11-03,2023-11-03T16:10:00+00:00,continuation_long,2023,12:00,30min,0.0010687812446130707,6.39501391262826e-05,2976
HYP-OR-CONT-EVENT-01,SPY,2023-11-03,2023-11-03T16:10:00+00:00,continuation_long,2023,12:00,15min,0.001103258058955392,5.263621320371693e-05,2982
HYP-OR-CONT-EVENT-01,SPY,2023-11-03,2023-11-03T16:10:00+00:00,continuation_long,2023,12:00,60min,0.0004022295006609333,4.676965533941821e-05,2964
HYP-OR-CONT-EVENT-01,SPY,2023-11-03,2023-11-03T16:10:00+00:00,continuation_long,2023,12:00,session_close,-0.0009308739872435634,0.3755008115828469,2988
HYP-OR-CONT-EVENT-01,SPY,2023-11-06,2023-11-06T15:30:00+00:00,continuation_short,2023,10:00,30min,-0.0006202903877965404,7.048358290447417e-06,2988
HYP-OR-CONT-EVENT-01,SPY,2023-11-06,2023-11-06T15:30:00+00:00,continuation_short,2023,10:00,15min,0.00022973718066521265,9.236394497250353e-06,2988
HYP-OR-CONT-EVENT-01,SPY,2023-11-06,2023-11-06T15:30:00+00:00,continuation_short,2023,10:00,60min,-0.00039055320713110575,-0.00011437319022916198,2988
HYP-OR-CONT-EVENT-01,SPY,2023-11-06,2023-11-06T15:30:00+00:00,continuation_short,2023,10:00,session_close,-0.0008500275684617531,-0.3758866179412834,2988
HYP-OR-CONT-EVENT-01,SPY,2023-11-07,2023-11-07T15:20:00+00:00,continuation_long,2023,10:00,30min,0.0034189995410738305,-7.048358290447417e-06,2988
HYP-OR-CONT-EVENT-01,SPY,2023-11-07,2023-11-07T15:20:00+00:00,continuation_long,2023,10:00,15min,0.0024782010096373597,-9.236394497250353e-06,2988
HYP-OR-CONT-EVENT-01,SPY,2023-11-07,2023-11-07T15:20:00+00:00,continuation_long,2023,10:00,60min,0.002730610371730169,0.00011437319022916198,2988
HYP-OR-CONT-EVENT-01,SPY,2023-11-07,2023-11-07T15:20:00+00:00,continuation_long,2023,10:00,session_close,0.0024552547039926598,0.3758866179412834,2988
HYP-OR-CONT-EVENT-01,SPY,2023-11-08,2023-11-08T15:20:00+00:00,continuation_short,2023,10:00,30min,0.001554961011639322,7.048358290447417e-06,2988
HYP-OR-CONT-EVENT-01,SPY,2023-11-08,2023-11-08T15:20:00+00:00,continuation_short,2023,10:00,15min,0.00132331755505255,9.236394497250353e-06,2988
HYP-OR-CONT-EVENT-01,SPY,2023-11-08,2023-11-08T15:20:00+00:00,continuation_short,2023,10:00,60min,0.00212663785415379,-0.00011437319022916198,2988
HYP-OR-CONT-EVENT-01,SPY,2023-11-08,2023-11-08T15:20:00+00:00,continuation_short,2023,10:00,session_close,0.0002515378107064148,-0.3758866179412834,2988
HYP-OR-CONT-EVENT-01,SPY,2023-11-09,2023-11-09T15:25:00+00:00,continuation_short,2023,10:00,30min,-0.0006411724295856125,7.048358290447417e-06,2988
HYP-OR-CONT-EVENT-01,SPY,2023-11-09,2023-11-09T15:25:00+00:00,continuation_short,2023,10:00,15min,0.0001144950767116848,9.236394497250353e-06,2988
HYP-OR-CONT-EVENT-01,SPY,2023-11-09,2023-11-09T15:25:00+00:00,continuation_short,2023,10:00,60min,-0.0016487291046485275,-0.00011437319022916198,2988
HYP-OR-CONT-EVENT-01,SPY,2023-11-09,2023-11-09T15:25:00+00:00,continuation_short,2023,10:00,session_close,0.006480421341882314,-0.3758866179412834,2988
HYP-OR-CONT-EVENT-01,SPY,2023-11-10,2023-11-10T15:45:00+00:00,continuation_short,2023,10:00,30min,-0.004459804485336338,7.048358290447417e-06,2988
HYP-OR-CONT-EVENT-01,SPY,2023-11-10,2023-11-10T15:45:00+00:00,continuation_short,2023,10:00,15min,-0.0030362277170787877,9.236394497250353e-06,2988
HYP-OR-CONT-EVENT-01,SPY,2023-11-10,2023-11-10T15:45:00+00:00,continuation_short,2023,10:00,60min,-0.0038872915468659563,-0.00011437319022916198,2988
HYP-OR-CONT-EVENT-01,SPY,2023-11-10,2023-11-10T15:45:00+00:00,continuation_short,2023,10:00,session_close,-0.013456009200690122,-0.3758866179412834,2988
HYP-OR-CONT-EVENT-01,SPY,2023-11-13,2023-11-13T16:05:00+00:00,continuation_long,2023,11:00,30min,0.0016830039345903103,0.00011117419493857134,2988
HYP-OR-CONT-EVENT-01,SPY,2023-11-13,2023-11-13T16:05:00+00:00,continuation_long,2023,11:00,15min,0.00127362459914937,5.790483813667798e-05,2988
HYP-OR-CONT-EVENT-01,SPY,2023-11-13,2023-11-13T16:05:00+00:00,continuation_long,2023,11:00,60min,0.0024903909572653316,0.0002050944964118135,2988
HYP-OR-CONT-EVENT-01,SPY,2023-11-13,2023-11-13T16:05:00+00:00,continuation_long,2023,11:00,session_close,0.0011599081170825531,0.37575754670346784,2988
HYP-OR-CONT-EVENT-01,SPY,2023-11-14,2023-11-14T15:20:00+00:00,continuation_long,2023,10:00,30min,0.0020301624129930307,-7.048358290447417e-06,2988
HYP-OR-CONT-EVENT-01,SPY,2023-11-14,2023-11-14T15:20:00+00:00,continuation_long,2023,10:00,15min,0.0017624486882026336,-9.236394497250353e-06,2988
HYP-OR-CONT-EVENT-01,SPY,2023-11-14,2023-11-14T15:20:00+00:00,continuation_long,2023,10:00,60min,0.002320185614849146,0.00011437319022916198,2988
HYP-OR-CONT-EVENT-01,SPY,2023-11-14,2023-11-14T15:20:00+00:00,continuation_long,2023,10:00,session_close,0.001048545422095204,0.3758866179412834,2988
HYP-OR-CONT-EVENT-01,SPY,2023-11-15,2023-11-15T15:35:00+00:00,continuation_long,2023,10:00,30min,0.0005324104884867342,-7.048358290447417e-06,2988
HYP-OR-CONT-EVENT-01,SPY,2023-11-15,2023-11-15T15:35:00+00:00,continuation_long,2023,10:00,15min,0.0009760858955589757,-9.236394497250353e-06,2988
HYP-OR-CONT-EVENT-01,SPY,2023-11-15,2023-11-15T15:35:00+00:00,continuation_long,2023,10:00,60min,-0.0012422911398020098,0.00011437319022916198,2988
HYP-OR-CONT-EVENT-01,SPY,2023-11-15,2023-11-15T15:35:00+00:00,continuation_long,2023,10:00,session_close,-0.0025511335906650556,0.3758866179412834,2988
HYP-OR-CONT-EVENT-01,SPY,2023-11-16,2023-11-16T15:55:00+00:00,continuation_short,2023,10:00,30min,0.0013365410318096904,7.048358290447417e-06,2988
HYP-OR-CONT-EVENT-01,SPY,2023-11-16,2023-11-16T15:55:00+00:00,continuation_short,2023,10:00,15min,-0.00037868662567941413,9.236394497250353e-06,2988
HYP-OR-CONT-EVENT-01,SPY,2023-11-16,2023-11-16T15:55:00+00:00,continuation_short,2023,10:00,60min,0.0003809141940657179,-0.00011437319022916198,2988
HYP-OR-CONT-EVENT-01,SPY,2023-11-16,2023-11-16T15:55:00+00:00,continuation_short,2023,10:00,session_close,-0.002873563218390718,-0.3758866179412834,2988
HYP-OR-CONT-EVENT-01,SPY,2023-11-17,2023-11-17T16:25:00+00:00,continuation_short,2023,11:00,30min,-0.00046666666666661527,-0.00011117419493857134,2988
HYP-OR-CONT-EVENT-01,SPY,2023-11-17,2023-11-17T16:25:00+00:00,continuation_short,2023,11:00,15min,4.444444444440254e-05,-5.790483813667798e-05,2988
HYP-OR-CONT-EVENT-01,SPY,2023-11-17,2023-11-17T16:25:00+00:00,continuation_short,2023,11:00,60min,-0.0002777777777778212,-0.0002050944964118135,2988
HYP-OR-CONT-EVENT-01,SPY,2023-11-17,2023-11-17T16:25:00+00:00,continuation_short,2023,11:00,session_close,-0.0017333333333333645,-0.37575754670346784,2988
HYP-OR-CONT-EVENT-01,SPY,2023-11-20,2023-11-20T15:20:00+00:00,continuation_long,2023,10:00,30min,0.0009292240978782118,-7.048358290447417e-06,2988
HYP-OR-CONT-EVENT-01,SPY,2023-11-20,2023-11-20T15:20:00+00:00,continuation_long,2023,10:00,15min,-0.0001106219164140887,-9.236394497250353e-06,2988
HYP-OR-CONT-EVENT-01,SPY,2023-11-20,2023-11-20T15:20:00+00:00,continuation_long,2023,10:00,60min,0.0016150799796457171,0.00011437319022916198,2988
HYP-OR-CONT-EVENT-01,SPY,2023-11-20,2023-11-20T15:20:00+00:00,continuation_long,2023,10:00,session_close,0.004977986238633658,0.3758866179412834,2988
HYP-OR-CONT-EVENT-01,SPY,2023-11-21,2023-11-21T15:40:00+00:00,continuation_short,2023,10:00,30min,-0.0008206875193557117,7.048358290447417e-06,2988
HYP-OR-CONT-EVENT-01,SPY,2023-11-21,2023-11-21T15:40:00+00:00,continuation_short,2023,10:00,15min,-0.0013714993584923452,9.236394497250353e-06,2988
HYP-OR-CONT-EVENT-01,SPY,2023-11-21,2023-11-21T15:40:00+00:00,continuation_short,2023,10:00,60min,-0.0008125027651195715,-0.00011437319022916198,2988
HYP-OR-CONT-EVENT-01,SPY,2023-11-21,2023-11-21T15:40:00+00:00,continuation_short,2023,10:00,session_close,-0.00267663584479938,-0.3758866179412834,2988
HYP-OR-CONT-EVENT-01,SPY,2023-11-22,2023-11-22T15:20:00+00:00,continuation_short,2023,10:00,30min,-0.0002310790290278586,7.048358290447417e-06,2988
HYP-OR-CONT-EVENT-01,SPY,2023-11-22,2023-11-22T15:20:00+00:00,continuation_short,2023,10:00,15min,-0.001848632232223535,9.236394497250353e-06,2988
HYP-OR-CONT-EVENT-01,SPY,2023-11-22,2023-11-22T15:20:00+00:00,continuation_short,2023,10:00,60min,-0.0012874403045841643,-0.00011437319022916198,2988
HYP-OR-CONT-EVENT-01,SPY,2023-11-22,2023-11-22T15:20:00+00:00,continuation_short,2023,10:00,session_close,-0.0014084817007415928,-0.3758866179412834,2988
HYP-OR-CONT-EVENT-01,SPY,2023-11-24,2023-11-24T16:10:00+00:00,continuation_short,2023,11:00,30min,0.0004394445420987658,-0.00011117419493857134,2988
HYP-OR-CONT-EVENT-01,SPY,2023-11-24,2023-11-24T16:10:00+00:00,continuation_short,2023,11:00,15min,0.00016479170328698167,-5.790483813667798e-05,2988
HYP-OR-CONT-EVENT-01,SPY,2023-11-24,2023-11-24T16:10:00+00:00,continuation_short,2023,11:00,60min,0.00010964141325364718,-0.0002050944964118135,2988
HYP-OR-CONT-EVENT-01,SPY,2023-11-24,2023-11-24T16:10:00+00:00,continuation_short,2023,11:00,session_close,-0.00030761117946909167,-0.37575754670346784,2988
HYP-OR-CONT-EVENT-01,SPY,2023-11-27,2023-11-27T17:15:00+00:00,continuation_long,2023,12:00,30min,-1.0985148079956097e-05,6.39501391262826e-05,2976
HYP-OR-CONT-EVENT-01,SPY,2023-11-27,2023-11-27T17:15:00+00:00,continuation_long,2023,12:00,15min,-0.00032955444239390896,5.263621320371693e-05,2982
HYP-OR-CONT-EVENT-01,SPY,2023-11-27,2023-11-27T17:15:00+00:00,continuation_long,2023,12:00,60min,0.00026364355391494954,4.676965533941821e-05,2964
HYP-OR-CONT-EVENT-01,SPY,2023-11-27,2023-11-27T17:15:00+00:00,continuation_long,2023,12:00,session_close,-0.0014500395465331106,0.3755008115828469,2988
HYP-OR-CONT-EVENT-01,SPY,2023-11-28,2023-11-28T15:40:00+00:00,continuation_long,2023,10:00,30min,0.0016612026667253144,-7.048358290447417e-06,2988
HYP-OR-CONT-EVENT-01,SPY,2023-11-28,2023-11-28T15:40:00+00:00,continuation_long,2023,10:00,15min,0.001496182534269197,-9.236394497250353e-06,2988
HYP-OR-CONT-EVENT-01,SPY,2023-11-28,2023-11-28T15:40:00+00:00,continuation_long,2023,10:00,60min,0.0037844617043278905,0.00011437319022916198,2988
HYP-OR-CONT-EVENT-01,SPY,2023-11-28,2023-11-28T15:40:00+00:00,continuation_long,2023,10:00,session_close,0.000858104688771899,0.3758866179412834,2988
HYP-OR-CONT-EVENT-01,SPY,2023-11-29,2023-11-29T15:25:00+00:00,continuation_short,2023,10:00,30min,-0.0009864959663274941,7.048358290447417e-06,2988
HYP-OR-CONT-EVENT-01,SPY,2023-11-29,2023-11-29T15:25:00+00:00,continuation_short,2023,10:00,15min,-0.0005480533146264843,9.236394497250353e-06,2988
HYP-OR-CONT-EVENT-01,SPY,2023-11-29,2023-11-29T15:25:00+00:00,continuation_short,2023,10:00,60min,0.0022360575236759495,-0.00011437319022916198,2988
HYP-OR-CONT-EVENT-01,SPY,2023-11-29,2023-11-29T15:25:00+00:00,continuation_short,2023,10:00,session_close,0.0033760084180989303,-0.3758866179412834,2988
HYP-OR-CONT-EVENT-01,SPY,2023-11-30,2023-11-30T16:50:00+00:00,continuation_short,2023,11:00,30min,0.0011891653820744752,-0.00011117419493857134,2988
HYP-OR-CONT-EVENT-01,SPY,2023-11-30,2023-11-30T16:50:00+00:00,continuation_short,2023,11:00,15min,-0.0005124421933493384,-5.790483813667798e-05,2988
HYP-OR-CONT-EVENT-01,SPY,2023-11-30,2023-11-30T16:50:00+00:00,continuation_short,2023,11:00,60min,-2.202158114950059e-05,-0.0002050944964118135,2988
HYP-OR-CONT-EVENT-01,SPY,2023-11-30,2023-11-30T16:50:00+00:00,continuation_short,2023,11:00,session_close,-0.004866769434045404,-0.37575754670346784,2988
HYP-OR-CONT-EVENT-01,SPY,2023-12-01,2023-12-01T15:20:00+00:00,continuation_long,2023,10:00,30min,0.0002629964057156986,-7.048358290447417e-06,2988
HYP-OR-CONT-EVENT-01,SPY,2023-12-01,2023-12-01T15:20:00+00:00,continuation_long,2023,10:00,15min,-0.0005917419128604884,-9.236394497250353e-06,2988
HYP-OR-CONT-EVENT-01,SPY,2023-12-01,2023-12-01T15:20:00+00:00,continuation_long,2023,10:00,60min,0.001369772946436365,0.00011437319022916198,2988
HYP-OR-CONT-EVENT-01,SPY,2023-12-01,2023-12-01T15:20:00+00:00,continuation_long,2023,10:00,session_close,0.006037959147891847,0.3758866179412834,2988
HYP-OR-CONT-EVENT-01,SPY,2023-12-04,2023-12-04T15:40:00+00:00,continuation_short,2023,10:00,30min,-2.1989137366063005e-05,7.048358290447417e-06,2988
HYP-OR-CONT-EVENT-01,SPY,2023-12-04,2023-12-04T15:40:00+00:00,continuation_short,2023,10:00,15min,0.0004835411306813864,9.236394497250353e-06,2988
HYP-OR-CONT-EVENT-01,SPY,2023-12-04,2023-12-04T15:40:00+00:00,continuation_short,2023,10:00,60min,-0.0008465817885963123,-0.00011437319022916198,2988
HYP-OR-CONT-EVENT-01,SPY,2023-12-04,2023-12-04T15:40:00+00:00,continuation_short,2023,10:00,session_close,-0.004155946962200785,-0.3758866179412834,2988
HYP-OR-CONT-EVENT-01,SPY,2023-12-05,2023-12-05T15:20:00+00:00,continuation_long,2023,10:00,30min,0.001797102719761634,-7.048358290447417e-06,2988
HYP-OR-CONT-EVENT-01,SPY,2023-12-05,2023-12-05T15:20:00+00:00,continuation_long,2023,10:00,15min,0.000591728944311587,-9.236394497250353e-06,2988
HYP-OR-CONT-EVENT-01,SPY,2023-12-05,2023-12-05T15:20:00+00:00,continuation_long,2023,10:00,60min,-0.0005478971706590618,0.00011437319022916198,2988
HYP-OR-CONT-EVENT-01,SPY,2023-12-05,2023-12-05T15:20:00+00:00,continuation_long,2023,10:00,session_close,0.0006355607179644451,0.3758866179412834,2988
HYP-OR-CONT-EVENT-01,SPY,2023-12-06,2023-12-06T15:20:00+00:00,continuation_short,2023,10:00,30min,0.0019869863312809155,7.048358290447417e-06,2988
HYP-OR-CONT-EVENT-01,SPY,2023-12-06,2023-12-06T15:20:00+00:00,continuation_short,2023,10:00,15min,0.0012227608192497685,9.236394497250353e-06,2988
HYP-OR-CONT-EVENT-01,SPY,2023-12-06,2023-12-06T15:20:00+00:00,continuation_short,2023,10:00,60min,0.0024018516092406683,-0.00011437319022916198,2988
HYP-OR-CONT-EVENT-01,SPY,2023-12-06,2023-12-06T15:20:00+00:00,continuation_short,2023,10:00,session_close,0.007140049783833424,-0.3758866179412834,2988
HYP-OR-CONT-EVENT-01,SPY,2023-12-07,2023-12-07T15:30:00+00:00,continuation_long,2023,10:00,30min,-6.550504388846967e-05,-7.048358290447417e-06,2988
HYP-OR-CONT-EVENT-01,SPY,2023-12-07,2023-12-07T15:30:00+00:00,continuation_long,2023,10:00,15min,-0.0004585353072187326,-9.236394497250353e-06,2988
HYP-OR-CONT-EVENT-01,SPY,2023-12-07,2023-12-07T15:30:00+00:00,continuation_long,2023,10:00,60min,-0.001135420760732031,0.00011437319022916198,2988
HYP-OR-CONT-EVENT-01,SPY,2023-12-07,2023-12-07T15:30:00+00:00,continuation_long,2023,10:00,session_close,0.0005022053364776013,0.3758866179412834,2988
HYP-OR-CONT-EVENT-01,SPY,2023-12-08,2023-12-08T15:20:00+00:00,continuation_long,2023,10:00,30min,-0.0007714121187757383,-7.048358290447417e-06,2988
HYP-OR-CONT-EVENT-01,SPY,2023-12-08,2023-12-08T15:20:00+00:00,continuation_long,2023,10:00,15min,-0.003205163028715985,-9.236394497250353e-06,2988
HYP-OR-CONT-EVENT-01,SPY,2023-12-08,2023-12-08T15:20:00+00:00,continuation_long,2023,10:00,60min,-0.0038136007562011853,0.00011437319022916198,2988
HYP-OR-CONT-EVENT-01,SPY,2023-12-08,2023-12-08T15:20:00+00:00,continuation_long,2023,10:00,session_close,-0.00014124447245189575,0.3758866179412834,2988
HYP-OR-CONT-EVENT-01,SPY,2023-12-11,2023-12-11T15:20:00+00:00,continuation_long,2023,10:00,30min,0.0012487919295463001,-7.048358290447417e-06,2988
HYP-OR-CONT-EVENT-01,SPY,2023-12-11,2023-12-11T15:20:00+00:00,continuation_long,2023,10:00,15min,-0.00018460402436770718,-9.236394497250353e-06,2988
HYP-OR-CONT-EVENT-01,SPY,2023-12-11,2023-12-11T15:20:00+00:00,continuation_long,2023,10:00,60min,-0.00016288590385382662,0.00011437319022916198,2988
HYP-OR-CONT-EVENT-01,SPY,2023-12-11,2023-12-11T15:20:00+00:00,continuation_long,2023,10:00,session_close,0.0033120133783623995,0.3758866179412834,2988
HYP-OR-CONT-EVENT-01,SPY,2023-12-12,2023-12-12T15:20:00+00:00,continuation_long,2023,10:00,30min,0.0004738926276155464,-7.048358290447417e-06,2988
HYP-OR-CONT-EVENT-01,SPY,2023-12-12,2023-12-12T15:20:00+00:00,continuation_long,2023,10:00,15min,0.0004111397225887714,-9.236394497250353e-06,2988
HYP-OR-CONT-EVENT-01,SPY,2023-12-12,2023-12-12T15:20:00+00:00,continuation_long,2023,10:00,60min,0.0013524332979897302,0.00011437319022916198,2988
HYP-OR-CONT-EVENT-01,SPY,2023-12-12,2023-12-12T15:20:00+00:00,continuation_long,2023,10:00,session_close,0.004392703351870697,0.3758866179412834,2988
HYP-OR-CONT-EVENT-01,SPY,2023-12-13,2023-12-13T15:35:00+00:00,continuation_long,2023,10:00,30min,0.0005594044494170447,-7.048358290447417e-06,2988
HYP-OR-CONT-EVENT-01,SPY,2023-12-13,2023-12-13T15:35:00+00:00,continuation_long,2023,10:00,15min,0.0007745600068849168,-9.236394497250353e-06,2988
HYP-OR-CONT-EVENT-01,SPY,2023-12-13,2023-12-13T15:35:00+00:00,continuation_long,2023,10:00,60min,7.530444511383294e-05,0.00011437319022916198,2988
HYP-OR-CONT-EVENT-01,SPY,2023-12-13,2023-12-13T15:35:00+00:00,continuation_long,2023,10:00,session_close,0.012177804552691684,0.3758866179412834,2988
HYP-OR-CONT-EVENT-01,SPY,2023-12-14,2023-12-14T15:35:00+00:00,continuation_short,2023,10:00,30min,0.0010367956666172962,7.048358290447417e-06,2988
HYP-OR-CONT-EVENT-01,SPY,2023-12-14,2023-12-14T15:35:00+00:00,continuation_short,2023,10:00,15min,3.850955333162265e-05,9.236394497250353e-06,2988
HYP-OR-CONT-EVENT-01,SPY,2023-12-14,2023-12-14T15:35:00+00:00,continuation_short,2023,10:00,60min,0.0016083028289710644,-0.00011437319022916198,2988
HYP-OR-CONT-EVENT-01,SPY,2023-12-14,2023-12-14T15:35:00+00:00,continuation_short,2023,10:00,session_close,0.0012907048094623619,-0.3758866179412834,2988
HYP-OR-CONT-EVENT-01,SPY,2023-12-15,2023-12-15T15:35:00+00:00,continuation_long,2023,10:00,30min,-0.00046790590837553214,-7.048358290447417e-06,2988
HYP-OR-CONT-EVENT-01,SPY,2023-12-15,2023-12-15T15:35:00+00:00,continuation_long,2023,10:00,15min,0.0004253690076141403,-9.236394497250353e-06,2988
HYP-OR-CONT-EVENT-01,SPY,2023-12-15,2023-12-15T15:35:00+00:00,continuation_long,2023,10:00,60min,-0.00010634225190353508,0.00011437319022916198,2988
HYP-OR-CONT-EVENT-01,SPY,2023-12-15,2023-12-15T15:35:00+00:00,continuation_long,2023,10:00,session_close,-0.0017227444808370906,0.3758866179412834,2988
HYP-OR-CONT-EVENT-01,SPY,2023-12-18,2023-12-18T15:20:00+00:00,continuation_long,2023,10:00,30min,-0.0012718600953895987,-7.048358290447417e-06,2988
HYP-OR-CONT-EVENT-01,SPY,2023-12-18,2023-12-18T15:20:00+00:00,continuation_long,2023,10:00,15min,-0.0006359300476947993,-9.236394497250353e-06,2988
HYP-OR-CONT-EVENT-01,SPY,2023-12-18,2023-12-18T15:20:00+00:00,continuation_long,2023,10:00,60min,0.00029676735559092116,0.00011437319022916198,2988
HYP-OR-CONT-EVENT-01,SPY,2023-12-18,2023-12-18T15:20:00+00:00,continuation_long,2023,10:00,session_close,0.0005723370429251418,0.3758866179412834,2988
HYP-OR-CONT-EVENT-01,SPY,2023-12-19,2023-12-19T15:30:00+00:00,continuation_long,2023,10:00,30min,0.0006647533026631347,-7.048358290447417e-06,2988
HYP-OR-CONT-EVENT-01,SPY,2023-12-19,2023-12-19T15:30:00+00:00,continuation_long,2023,10:00,15min,0.00014730089055836615,-9.236394497250353e-06,2988
HYP-OR-CONT-EVENT-01,SPY,2023-12-19,2023-12-19T15:30:00+00:00,continuation_long,2023,10:00,60min,0.0004959270670663596,0.00011437319022916198,2988
HYP-OR-CONT-EVENT-01,SPY,2023-12-19,2023-12-19T15:30:00+00:00,continuation_long,2023,10:00,session_close,0.002025914827164188,0.3758866179412834,2988
HYP-OR-CONT-EVENT-01,SPY,2023-12-20,2023-12-20T15:20:00+00:00,continuation_long,2023,10:00,30min,0.00030523102831270243,-7.048358290447417e-06,2988
HYP-OR-CONT-EVENT-01,SPY,2023-12-20,2023-12-20T15:20:00+00:00,continuation_long,2023,10:00,15min,0.000631512472371254,-9.236394497250353e-06,2988
HYP-OR-CONT-EVENT-01,SPY,2023-12-20,2023-12-20T15:20:00+00:00,continuation_long,2023,10:00,60min,0.0007157141353542062,0.00011437319022916198,2988
HYP-OR-CONT-EVENT-01,SPY,2023-12-20,2023-12-20T15:20:00+00:00,continuation_long,2023,10:00,session_close,-0.014903694347963348,0.3758866179412834,2988
HYP-OR-CONT-EVENT-01,SPY,2023-12-21,2023-12-21T15:25:00+00:00,continuation_short,2023,10:00,30min,0.0024770292585848397,7.048358290447417e-06,2988
HYP-OR-CONT-EVENT-01,SPY,2023-12-21,2023-12-21T15:25:00+00:00,continuation_short,2023,10:00,15min,0.0016301816488122345,9.236394497250353e-06,2988
HYP-OR-CONT-EVENT-01,SPY,2023-12-21,2023-12-21T15:25:00+00:00,continuation_short,2023,10:00,60min,0.0017572087902781863,-0.00011437319022916198,2988
HYP-OR-CONT-EVENT-01,SPY,2023-12-21,2023-12-21T15:25:00+00:00,continuation_short,2023,10:00,session_close,-0.0006986492780625131,-0.3758866179412834,2988
HYP-OR-CONT-EVENT-01,SPY,2023-12-22,2023-12-22T16:20:00+00:00,continuation_short,2023,11:00,30min,0.0004743532983365606,-0.00011117419493857134,2988
HYP-OR-CONT-EVENT-01,SPY,2023-12-22,2023-12-22T16:20:00+00:00,continuation_short,2023,11:00,15min,4.2164737629857285e-05,-5.790483813667798e-05,2988
HYP-OR-CONT-EVENT-01,SPY,2023-12-22,2023-12-22T16:20:00+00:00,continuation_short,2023,11:00,60min,0.0011192629603862247,-0.0002050944964118135,2988
HYP-OR-CONT-EVENT-01,SPY,2023-12-22,2023-12-22T16:20:00+00:00,continuation_short,2023,11:00,session_close,0.001496848185862154,-0.37575754670346784,2988
HYP-OR-CONT-EVENT-01,SPY,2023-12-26,2023-12-26T15:25:00+00:00,continuation_long,2023,10:00,30min,4.211590296487877e-05,-7.048358290447417e-06,2988
HYP-OR-CONT-EVENT-01,SPY,2023-12-26,2023-12-26T15:25:00+00:00,continuation_long,2023,10:00,15min,0.00016846361185973713,-9.236394497250353e-06,2988
HYP-OR-CONT-EVENT-01,SPY,2023-12-26,2023-12-26T15:25:00+00:00,continuation_long,2023,10:00,60min,-0.0002737533692722671,0.00011437319022916198,2988
HYP-OR-CONT-EVENT-01,SPY,2023-12-26,2023-12-26T15:25:00+00:00,continuation_long,2023,10:00,session_close,0.001495114555255972,0.3758866179412834,2988
HYP-OR-CONT-EVENT-01,SPY,2023-12-27,2023-12-27T15:30:00+00:00,continuation_short,2023,10:00,30min,0.000988985580359092,7.048358290447417e-06,2988
HYP-OR-CONT-EVENT-01,SPY,2023-12-27,2023-12-27T15:30:00+00:00,continuation_short,2023,10:00,15min,0.0009944507504098254,9.236394497250353e-06,2988
HYP-OR-CONT-EVENT-01,SPY,2023-12-27,2023-12-27T15:30:00+00:00,continuation_short,2023,10:00,60min,0.0002942783873544075,-0.00011437319022916198,2988
HYP-OR-CONT-EVENT-01,SPY,2023-12-27,2023-12-27T15:30:00+00:00,continuation_short,2023,10:00,session_close,-0.0016185311304492966,-0.3758866179412834,2988
HYP-OR-CONT-EVENT-01,SPY,2023-12-28,2023-12-28T15:50:00+00:00,continuation_long,2023,10:00,30min,-0.001424173246486693,-7.048358290447417e-06,2988
HYP-OR-CONT-EVENT-01,SPY,2023-12-28,2023-12-28T15:50:00+00:00,continuation_long,2023,10:00,15min,-0.0010262424864390107,-9.236394497250353e-06,2988
HYP-OR-CONT-EVENT-01,SPY,2023-12-28,2023-12-28T15:50:00+00:00,continuation_long,2023,10:00,60min,-0.0010262424864390107,0.00011437319022916198,2988
HYP-OR-CONT-EVENT-01,SPY,2023-12-28,2023-12-28T15:50:00+00:00,continuation_long,2023,10:00,session_close,-0.0016545542128301172,0.3758866179412834,2988
HYP-OR-CONT-EVENT-01,SPY,2023-12-29,2023-12-29T15:50:00+00:00,continuation_short,2023,10:00,30min,0.0024608265853401923,7.048358290447417e-06,2988
HYP-OR-CONT-EVENT-01,SPY,2023-12-29,2023-12-29T15:50:00+00:00,continuation_short,2023,10:00,15min,0.0004002523924702128,9.236394497250353e-06,2988
HYP-OR-CONT-EVENT-01,SPY,2023-12-29,2023-12-29T15:50:00+00:00,continuation_short,2023,10:00,60min,0.0023766957619097973,-0.00011437319022916198,2988
HYP-OR-CONT-EVENT-01,SPY,2023-12-29,2023-12-29T15:50:00+00:00,continuation_short,2023,10:00,session_close,0.00021032705857604306,-0.3758866179412834,2988
HYP-OR-CONT-EVENT-01,SPY,2024-01-02,2024-01-02T17:05:00+00:00,continuation_long,2024,12:00,30min,0.000591703472031524,4.447422760645635e-05,3006
HYP-OR-CONT-EVENT-01,SPY,2024-01-02,2024-01-02T17:05:00+00:00,continuation_long,2024,12:00,15min,-0.0003909469368779117,2.1229636570285887e-05,3015
HYP-OR-CONT-EVENT-01,SPY,2024-01-02,2024-01-02T17:05:00+00:00,continuation_long,2024,12:00,60min,-0.001760317829293534,0.00012260271977645697,2988
HYP-OR-CONT-EVENT-01,SPY,2024-01-02,2024-01-02T17:05:00+00:00,continuation_long,2024,12:00,session_close,-0.0012890682783541774,0.08755753614920234,3024
HYP-OR-CONT-EVENT-01,SPY,2024-01-03,2024-01-03T15:20:00+00:00,continuation_long,2024,10:00,30min,-0.001013186766366414,-1.3548539972838547e-05,3024
HYP-OR-CONT-EVENT-01,SPY,2024-01-03,2024-01-03T15:20:00+00:00,continuation_long,2024,10:00,15min,-0.0011716836028206057,-1.4296647615938525e-05,3024
HYP-OR-CONT-EVENT-01,SPY,2024-01-03,2024-01-03T15:20:00+00:00,continuation_long,2024,10:00,60min,0.00028759506614695063,1.264825639323603e-07,3024
HYP-OR-CONT-EVENT-01,SPY,2024-01-03,2024-01-03T15:20:00+00:00,continuation_long,2024,10:00,session_close,-0.0014486269998509327,0.08758939076742542,3024
HYP-OR-CONT-EVENT-01,SPY,2024-01-04,2024-01-04T15:20:00+00:00,continuation_long,2024,10:00,30min,0.00044695115462367596,-1.3548539972838547e-05,3024
HYP-OR-CONT-EVENT-01,SPY,2024-01-04,2024-01-04T15:20:00+00:00,continuation_long,2024,10:00,15min,-0.0003086091305736227,-1.4296647615938525e-05,3024
HYP-OR-CONT-EVENT-01,SPY,2024-01-04,2024-01-04T15:20:00+00:00,continuation_long,2024,10:00,60min,0.002128338831542065,1.264825639323603e-07,3024
HYP-OR-CONT-EVENT-01,SPY,2024-01-04,2024-01-04T15:20:00+00:00,continuation_long,2024,10:00,session_close,-0.0054911141853783985,0.08758939076742542,3024
HYP-OR-CONT-EVENT-01,SPY,2024-01-05,2024-01-05T15:20:00+00:00,continuation_long,2024,10:00,30min,0.001736296043801433,-1.3548539972838547e-05,3024
HYP-OR-CONT-EVENT-01,SPY,2024-01-05,2024-01-05T15:20:00+00:00,continuation_long,2024,10:00,15min,0.0006391273780865792,-1.4296647615938525e-05,3024
HYP-OR-CONT-EVENT-01,SPY,2024-01-05,2024-01-05T15:20:00+00:00,continuation_long,2024,10:00,60min,-6.39127378085913e-05,1.264825639323603e-07,3024
HYP-OR-CONT-EVENT-01,SPY,2024-01-05,2024-01-05T15:20:00+00:00,continuation_long,2024,10:00,session_close,-0.003046507168878776,0.08758939076742542,3024
HYP-OR-CONT-EVENT-01,SPY,2024-01-08,2024-01-08T15:20:00+00:00,continuation_long,2024,10:00,30min,0.0012984525000532265,-1.3548539972838547e-05,3024
HYP-OR-CONT-EVENT-01,SPY,2024-01-08,2024-01-08T15:20:00+00:00,continuation_long,2024,10:00,15min,0.0010219459758615823,-1.4296647615938525e-05,3024
HYP-OR-CONT-EVENT-01,SPY,2024-01-08,2024-01-08T15:20:00+00:00,continuation_long,2024,10:00,60min,0.0012558802869366836,1.264825639323603e-07,3024
HYP-OR-CONT-EVENT-01,SPY,2024-01-08,2024-01-08T15:20:00+00:00,continuation_long,2024,10:00,session_close,0.010153472828285048,0.08758939076742542,3024
HYP-OR-CONT-EVENT-01,SPY,2024-01-09,2024-01-09T15:20:00+00:00,continuation_long,2024,10:00,30min,-0.0009303358429911812,-1.3548539972838547e-05,3024
HYP-OR-CONT-EVENT-01,SPY,2024-01-09,2024-01-09T15:20:00+00:00,continuation_long,2024,10:00,15min,-0.00017976482531079085,-1.4296647615938525e-05,3024
HYP-OR-CONT-EVENT-01,SPY,2024-01-09,2024-01-09T15:20:00+00:00,continuation_long,2024,10:00,60min,0.001046865747398762,1.264825639323603e-07,3024
HYP-OR-CONT-EVENT-01,SPY,2024-01-09,2024-01-09T15:20:00+00:00,continuation_long,2024,10:00,session_close,0.002114880297775068,0.08758939076742542,3024
HYP-OR-CONT-EVENT-01,SPY,2024-01-10,2024-01-10T15:20:00+00:00,continuation_short,2024,10:00,30min,-0.0013492716041574315,1.3548539972838547e-05,3024
HYP-OR-CONT-EVENT-01,SPY,2024-01-10,2024-01-10T15:20:00+00:00,continuation_short,2024,10:00,15min,-0.0011595302848228517,1.4296647615938525e-05,3024
HYP-OR-CONT-EVENT-01,SPY,2024-01-10,2024-01-10T15:20:00+00:00,continuation_short,2024,10:00,60min,-0.0010962831783780658,-1.264825639323603e-07,3024
HYP-OR-CONT-EVENT-01,SPY,2024-01-10,2024-01-10T15:20:00+00:00,continuation_short,2024,10:00,session_close,-0.004617038770476256,-0.08758939076742542,3024
HYP-OR-CONT-EVENT-01,SPY,2024-01-11,2024-01-11T15:20:00+00:00,continuation_short,2024,10:00,30min,0.0018111745256196299,1.3548539972838547e-05,3024
HYP-OR-CONT-EVENT-01,SPY,2024-01-11,2024-01-11T15:20:00+00:00,continuation_short,2024,10:00,15min,-0.0005896847292716778,1.4296647615938525e-05,3024
HYP-OR-CONT-EVENT-01,SPY,2024-01-11,2024-01-11T15:20:00+00:00,continuation_short,2024,10:00,60min,0.003495988037824027,-1.264825639323603e-07,3024
HYP-OR-CONT-EVENT-01,SPY,2024-01-11,2024-01-11T15:20:00+00:00,continuation_short,2024,10:00,session_close,-0.003137965166480683,-0.08758939076742542,3024
HYP-OR-CONT-EVENT-01,SPY,2024-01-12,2024-01-12T15:20:00+00:00,continuation_short,2024,10:00,30min,0.0013445378151260012,1.3548539972838547e-05,3024
HYP-OR-CONT-EVENT-01,SPY,2024-01-12,2024-01-12T15:20:00+00:00,continuation_short,2024,10:00,15min,-0.00031512605042016695,1.4296647615938525e-05,3024
HYP-OR-CONT-EVENT-01,SPY,2024-01-12,2024-01-12T15:20:00+00:00,continuation_short,2024,10:00,60min,-0.0008195378151261146,-1.264825639323603e-07,3024
HYP-OR-CONT-EVENT-01,SPY,2024-01-12,2024-01-12T15:20:00+00:00,continuation_short,2024,10:00,session_close,-0.0013970588235294734,-0.08758939076742542,3024
HYP-OR-CONT-EVENT-01,SPY,2024-01-16,2024-01-16T15:40:00+00:00,continuation_long,2024,10:00,30min,-0.0012181419135328664,-1.3548539972838547e-05,3024
HYP-OR-CONT-EVENT-01,SPY,2024-01-16,2024-01-16T15:40:00+00:00,continuation_long,2024,10:00,15min,0.00011551345731786178,-1.4296647615938525e-05,3024
HYP-OR-CONT-EVENT-01,SPY,2024-01-16,2024-01-16T15:40:00+00:00,continuation_long,2024,10:00,60min,-0.000443151627164573,1.264825639323603e-07,3024
HYP-OR-CONT-EVENT-01,SPY,2024-01-16,2024-01-16T15:40:00+00:00,continuation_long,2024,10:00,session_close,-0.0024887899440284578,0.08758939076742542,3024
HYP-OR-CONT-EVENT-01,SPY,2024-01-17,2024-01-17T15:20:00+00:00,continuation_long,2024,10:00,30min,0.0007634721014568857,-1.3548539972838547e-05,3024
HYP-OR-CONT-EVENT-01,SPY,2024-01-17,2024-01-17T15:20:00+00:00,continuation_long,2024,10:00,15min,0.0014951328653531881,-1.4296647615938525e-05,3024
HYP-OR-CONT-EVENT-01,SPY,2024-01-17,2024-01-17T15:20:00+00:00,continuation_long,2024,10:00,60min,0.002566114563230304,1.264825639323603e-07,3024
HYP-OR-CONT-EVENT-01,SPY,2024-01-17,2024-01-17T15:20:00+00:00,continuation_long,2024,10:00,session_close,0.001579963098848447,0.08758939076742542,3024
HYP-OR-CONT-EVENT-01,SPY,2024-01-18,2024-01-18T15:55:00+00:00,continuation_long,2024,10:00,30min,0.00018246944795619058,-1.3548539972838547e-05,3024
HYP-OR-CONT-EVENT-01,SPY,2024-01-18,2024-01-18T15:55:00+00:00,continuation_long,2024,10:00,15min,-0.0008006742520016985,-1.4296647615938525e-05,3024
HYP-OR-CONT-EVENT-01,SPY,2024-01-18,2024-01-18T15:55:00+00:00,continuation_long,2024,10:00,60min,-0.0002766540244416582,1.264825639323603e-07,3024
HYP-OR-CONT-EVENT-01,SPY,2024-01-18,2024-01-18T15:55:00+00:00,continuation_long,2024,10:00,session_close,0.0039190897597976004,0.08758939076742542,3024
HYP-OR-CONT-EVENT-01,SPY,2024-01-19,2024-01-19T15:40:00+00:00,continuation_long,2024,10:00,30min,0.0019566809668305485,-1.3548539972838547e-05,3024
HYP-OR-CONT-EVENT-01,SPY,2024-01-19,2024-01-19T15:40:00+00:00,continuation_long,2024,10:00,15min,0.0009004917861252792,-1.4296647615938525e-05,3024
HYP-OR-CONT-EVENT-01,SPY,2024-01-19,2024-01-19T15:40:00+00:00,continuation_long,2024,10:00,60min,0.0012765512190016093,1.264825639323603e-07,3024
HYP-OR-CONT-EVENT-01,SPY,2024-01-19,2024-01-19T15:40:00+00:00,continuation_long,2024,10:00,session_close,0.009563670607931396,0.08758939076742542,3024
HYP-OR-CONT-EVENT-01,SPY,2024-01-22,2024-01-22T15:20:00+00:00,continuation_long,2024,10:00,30min,-0.0015270956292047222,-1.3548539972838547e-05,3024
HYP-OR-CONT-EVENT-01,SPY,2024-01-22,2024-01-22T15:20:00+00:00,continuation_long,2024,10:00,15min,-0.0005675017540962557,-1.4296647615938525e-05,3024
HYP-OR-CONT-EVENT-01,SPY,2024-01-22,2024-01-22T15:20:00+00:00,continuation_long,2024,10:00,60min,-0.001279458500144437,1.264825639323603e-07,3024
HYP-OR-CONT-EVENT-01,SPY,2024-01-22,2024-01-22T15:20:00+00:00,continuation_long,2024,10:00,session_close,-0.002187461306698557,0.08758939076742542,3024
HYP-OR-CONT-EVENT-01,SPY,2024-01-23,2024-01-23T15:40:00+00:00,continuation_short,2024,10:00,30min,0.0006926353223339898,1.3548539972838547e-05,3024
HYP-OR-CONT-EVENT-01,SPY,2024-01-23,2024-01-23T15:40:00+00:00,continuation_short,2024,10:00,15min,0.0008166894099160826,1.4296647615938525e-05,3024
HYP-OR-CONT-EVENT-01,SPY,2024-01-23,2024-01-23T15:40:00+00:00,continuation_short,2024,10:00,60min,0.0008321961708639414,-1.264825639323603e-07,3024
HYP-OR-CONT-EVENT-01,SPY,2024-01-23,2024-01-23T15:40:00+00:00,continuation_short,2024,10:00,session_close,-0.0025224331141711076,-0.08758939076742542,3024
HYP-OR-CONT-EVENT-01,SPY,2024-01-24,2024-01-24T15:55:00+00:00,continuation_long,2024,10:00,30min,0.00022547452137922086,-1.3548539972838547e-05,3024
HYP-OR-CONT-EVENT-01,SPY,2024-01-24,2024-01-24T15:55:00+00:00,continuation_long,2024,10:00,15min,-0.0005739351453286634,-1.4296647615938525e-05,3024
HYP-OR-CONT-EVENT-01,SPY,2024-01-24,2024-01-24T15:55:00+00:00,continuation_long,2024,10:00,60min,0.0009428934530397726,1.264825639323603e-07,3024
HYP-OR-CONT-EVENT-01,SPY,2024-01-24,2024-01-24T15:55:00+00:00,continuation_long,2024,10:00,session_close,-0.005206411675480749,0.08758939076742542,3024
HYP-OR-CONT-EVENT-01,SPY,2024-01-25,2024-01-25T15:25:00+00:00,continuation_long,2024,10:00,30min,-0.001946282600233551,-1.3548539972838547e-05,3024
HYP-OR-CONT-EVENT-01,SPY,2024-01-25,2024-01-25T15:25:00+00:00,continuation_long,2024,10:00,15min,-0.0011063080043433038,-1.4296647615938525e-05,3024
HYP-OR-CONT-EVENT-01,SPY,2024-01-25,2024-01-25T15:25:00+00:00,continuation_long,2024,10:00,60min,-0.0006760771137653832,1.264825639323603e-07,3024
HYP-OR-CONT-EVENT-01,SPY,2024-01-25,2024-01-25T15:25:00+00:00,continuation_long,2024,10:00,session_close,-0.00022535903792175738,0.08758939076742542,3024
HYP-OR-CONT-EVENT-01,SPY,2024-01-26,2024-01-26T15:25:00+00:00,continuation_short,2024,10:00,30min,-0.002470224062647297,1.3548539972838547e-05,3024
HYP-OR-CONT-EVENT-01,SPY,2024-01-26,2024-01-26T15:25:00+00:00,continuation_short,2024,10:00,15min,-0.0018552305200794095,1.4296647615938525e-05,3024
HYP-OR-CONT-EVENT-01,SPY,2024-01-26,2024-01-26T15:25:00+00:00,continuation_short,2024,10:00,60min,-0.001783481273446741,-1.264825639323603e-07,3024
HYP-OR-CONT-EVENT-01,SPY,2024-01-26,2024-01-26T15:25:00+00:00,continuation_short,2024,10:00,session_close,0.0006969926815767469,-0.08758939076742542,3024
HYP-OR-CONT-EVENT-01,SPY,2024-01-29,2024-01-29T15:45:00+00:00,continuation_short,2024,10:00,30min,-0.00028712647921413925,1.3548539972838547e-05,3024
HYP-OR-CONT-EVENT-01,SPY,2024-01-29,2024-01-29T15:45:00+00:00,continuation_short,2024,10:00,15min,0.00043068971882109786,1.4296647615938525e-05,3024
HYP-OR-CONT-EVENT-01,SPY,2024-01-29,2024-01-29T15:45:00+00:00,continuation_short,2024,10:00,60min,-0.0008835291946103219,-1.264825639323603e-07,3024
HYP-OR-CONT-EVENT-01,SPY,2024-01-29,2024-01-29T15:45:00+00:00,continuation_short,2024,10:00,session_close,-0.007526815562255207,-0.08758939076742542,3024
HYP-OR-CONT-EVENT-01,SPY,2024-01-30,2024-01-30T15:20:00+00:00,continuation_short,2024,10:00,30min,0.0009982073011733927,1.3548539972838547e-05,3024
HYP-OR-CONT-EVENT-01,SPY,2024-01-30,2024-01-30T15:20:00+00:00,continuation_short,2024,10:00,15min,0.00033613102998697464,1.4296647615938525e-05,3024
HYP-OR-CONT-EVENT-01,SPY,2024-01-30,2024-01-30T15:20:00+00:00,continuation_short,2024,10:00,60min,-7.130052151249622e-05,-1.264825639323603e-07,3024
HYP-OR-CONT-EVENT-01,SPY,2024-01-30,2024-01-30T15:20:00+00:00,continuation_short,2024,10:00,session_close,4.074315514990268e-05,-0.08758939076742542,3024
HYP-OR-CONT-EVENT-01,SPY,2024-01-31,2024-01-31T15:30:00+00:00,continuation_short,2024,10:00,30min,0.0004104163674046868,1.3548539972838547e-05,3024
HYP-OR-CONT-EVENT-01,SPY,2024-01-31,2024-01-31T15:30:00+00:00,continuation_short,2024,10:00,15min,0.0011389054195481974,1.4296647615938525e-05,3024
HYP-OR-CONT-EVENT-01,SPY,2024-01-31,2024-01-31T15:30:00+00:00,continuation_short,2024,10:00,60min,0.0008003119164391448,-1.264825639323603e-07,3024
HYP-OR-CONT-EVENT-01,SPY,2024-01-31,2024-01-31T15:30:00+00:00,continuation_short,2024,10:00,session_close,0.00900863926453388,-0.08758939076742542,3024
HYP-OR-CONT-EVENT-01,SPY,2024-02-01,2024-02-01T15:25:00+00:00,continuation_long,2024,10:00,30min,-0.002637163401116749,-1.3548539972838547e-05,3024
HYP-OR-CONT-EVENT-01,SPY,2024-02-01,2024-02-01T15:25:00+00:00,continuation_long,2024,10:00,15min,0.0006798936893503971,-1.4296647615938525e-05,3024
HYP-OR-CONT-EVENT-01,SPY,2024-02-01,2024-02-01T15:25:00+00:00,continuation_long,2024,10:00,60min,-0.0016482271256978986,1.264825639323603e-07,3024
HYP-OR-CONT-EVENT-01,SPY,2024-02-01,2024-02-01T15:25:00+00:00,continuation_long,2024,10:00,session_close,0.007952695881492389,0.08758939076742542,3024
HYP-OR-CONT-EVENT-01,SPY,2024-02-02,2024-02-02T15:40:00+00:00,continuation_long,2024,10:00,30min,0.0023308599753681936,-1.3548539972838547e-05,3024
HYP-OR-CONT-EVENT-01,SPY,2024-02-02,2024-02-02T15:40:00+00:00,continuation_long,2024,10:00,15min,0.0019237228617667856,-1.4296647615938525e-05,3024
HYP-OR-CONT-EVENT-01,SPY,2024-02-02,2024-02-02T15:40:00+00:00,continuation_long,2024,10:00,60min,0.004936537502417293,1.264825639323603e-07,3024
HYP-OR-CONT-EVENT-01,SPY,2024-02-02,2024-02-02T15:40:00+00:00,continuation_long,2024,10:00,session_close,0.006178305698901765,0.08758939076742542,3024
HYP-OR-CONT-EVENT-01,SPY,2024-02-05,2024-02-05T15:20:00+00:00,continuation_short,2024,10:00,30min,0.0005701834768973013,1.3548539972838547e-05,3024
HYP-OR-CONT-EVENT-01,SPY,2024-02-05,2024-02-05T15:20:00+00:00,continuation_short,2024,10:00,15min,-0.0002952735862504774,1.4296647615938525e-05,3024
HYP-OR-CONT-EVENT-01,SPY,2024-02-05,2024-02-05T15:20:00+00:00,continuation_short,2024,10:00,60min,-0.0005498197812938699,-1.264825639323603e-07,3024
HYP-OR-CONT-EVENT-01,SPY,2024-02-05,2024-02-05T15:20:00+00:00,continuation_short,2024,10:00,session_close,-0.0030749180361251405,-0.08758939076742542,3024
HYP-OR-CONT-EVENT-01,SPY,2024-02-06,2024-02-06T15:20:00+00:00,continuation_short,2024,10:00,30min,-0.0,1.3548539972838547e-05,3024
HYP-OR-CONT-EVENT-01,SPY,2024-02-06,2024-02-06T15:20:00+00:00,continuation_short,2024,10:00,15min,-0.0,1.4296647615938525e-05,3024
HYP-OR-CONT-EVENT-01,SPY,2024-02-06,2024-02-06T15:20:00+00:00,continuation_short,2024,10:00,60min,-0.0009129826127534102,-1.264825639323603e-07,3024
HYP-OR-CONT-EVENT-01,SPY,2024-02-06,2024-02-06T15:20:00+00:00,continuation_short,2024,10:00,session_close,-0.002191158270608229,-0.08758939076742542,3024
HYP-OR-CONT-EVENT-01,SPY,2024-02-07,2024-02-07T15:30:00+00:00,continuation_long,2024,10:00,30min,-0.001686882480520513,-1.3548539972838547e-05,3024
HYP-OR-CONT-EVENT-01,SPY,2024-02-07,2024-02-07T15:30:00+00:00,continuation_long,2024,10:00,15min,-0.0006325809301951368,-1.4296647615938525e-05,3024
HYP-OR-CONT-EVENT-01,SPY,2024-02-07,2024-02-07T15:30:00+00:00,continuation_long,2024,10:00,60min,-0.001988111494899081,1.264825639323603e-07,3024
HYP-OR-CONT-EVENT-01,SPY,2024-02-07,2024-02-07T15:30:00+00:00,continuation_long,2024,10:00,session_close,0.00018073740862734056,0.08758939076742542,3024
HYP-OR-CONT-EVENT-01,SPY,2024-02-08,2024-02-08T15:40:00+00:00,continuation_short,2024,10:00,30min,-3.837498995418187e-05,1.3548539972838547e-05,3024
HYP-OR-CONT-EVENT-01,SPY,2024-02-08,2024-02-08T15:40:00+00:00,continuation_short,2024,10:00,15min,-0.0009041227999677659,1.4296647615938525e-05,3024
HYP-OR-CONT-EVENT-01,SPY,2024-02-08,2024-02-08T15:40:00+00:00,continuation_short,2024,10:00,60min,0.00048219882664957137,-1.264825639323603e-07,3024
HYP-OR-CONT-EVENT-01,SPY,2024-02-08,2024-02-08T15:40:00+00:00,continuation_short,2024,10:00,session_close,-0.0013662300088401746,-0.08758939076742542,3024
HYP-OR-CONT-EVENT-01,SPY,2024-02-09,2024-02-09T15:20:00+00:00,continuation_long,2024,10:00,30min,0.0009410916663328273,-1.3548539972838547e-05,3024
HYP-OR-CONT-EVENT-01,SPY,2024-02-09,2024-02-09T15:20:00+00:00,continuation_long,2024,10:00,15min,0.0007208361699571064,-1.4296647615938525e-05,3024
HYP-OR-CONT-EVENT-01,SPY,2024-02-09,2024-02-09T15:20:00+00:00,continuation_long,2024,10:00,60min,0.000770894237315245,1.264825639323603e-07,3024
HYP-OR-CONT-EVENT-01,SPY,2024-02-09,2024-02-09T15:20:00+00:00,continuation_long,2024,10:00,session_close,0.0035240879420126436,0.08758939076742542,3024
HYP-OR-CONT-EVENT-01,SPY,2024-02-12,2024-02-12T15:25:00+00:00,continuation_short,2024,10:00,30min,-0.0016758773417393513,1.3548539972838547e-05,3024
HYP-OR-CONT-EVENT-01,SPY,2024-02-12,2024-02-12T15:25:00+00:00,continuation_short,2024,10:00,15min,-0.0008778405123397448,1.4296647615938525e-05,3024
HYP-OR-CONT-EVENT-01,SPY,2024-02-12,2024-02-12T15:25:00+00:00,continuation_short,2024,10:00,60min,-0.0033124513696307645,-1.264825639323603e-07,3024
HYP-OR-CONT-EVENT-01,SPY,2024-02-12,2024-02-12T15:25:00+00:00,continuation_short,2024,10:00,session_close,0.0005785767013147813,-0.08758939076742542,3024
HYP-OR-CONT-EVENT-01,SPY,2024-02-13,2024-02-13T15:20:00+00:00,continuation_short,2024,10:00,30min,-0.0028146453089246126,1.3548539972838547e-05,3024
HYP-OR-CONT-EVENT-01,SPY,2024-02-13,2024-02-13T15:20:00+00:00,continuation_short,2024,10:00,15min,-0.0027137968044390615,1.4296647615938525e-05,3024
HYP-OR-CONT-EVENT-01,SPY,2024-02-13,2024-02-13T15:20:00+00:00,continuation_short,2024,10:00,60min,-0.0034831210384560496,-1.264825639323603e-07,3024
HYP-OR-CONT-EVENT-01,SPY,2024-02-13,2024-02-13T15:20:00+00:00,continuation_short,2024,10:00,session_close,-0.0006682732224945198,-0.08758939076742542,3024
HYP-OR-CONT-EVENT-01,SPY,2024-02-14,2024-02-14T15:35:00+00:00,continuation_long,2024,10:00,30min,-0.004018688640347379,-1.3548539972838547e-05,3024
HYP-OR-CONT-EVENT-01,SPY,2024-02-14,2024-02-14T15:35:00+00:00,continuation_long,2024,10:00,15min,-0.002511605046037424,-1.4296647615938525e-05,3024
HYP-OR-CONT-EVENT-01,SPY,2024-02-14,2024-02-14T15:35:00+00:00,continuation_long,2024,10:00,60min,-0.0028612484399173077,1.264825639323603e-07,3024
HYP-OR-CONT-EVENT-01,SPY,2024-02-14,2024-02-14T15:35:00+00:00,continuation_long,2024,10:00,session_close,0.0019594096170822972,0.08758939076742542,3024
HYP-OR-CONT-EVENT-01,SPY,2024-02-15,2024-02-15T16:20:00+00:00,continuation_short,2024,11:00,30min,-0.0009013881377319954,-4.409285056801735e-05,3024
HYP-OR-CONT-EVENT-01,SPY,2024-02-15,2024-02-15T16:20:00+00:00,continuation_short,2024,11:00,15min,-0.001241912545319801,-3.085652327337451e-05,3024
HYP-OR-CONT-EVENT-01,SPY,2024-02-15,2024-02-15T16:20:00+00:00,continuation_short,2024,11:00,60min,-0.002043146445526167,-5.1124432306041036e-05,3024
HYP-OR-CONT-EVENT-01,SPY,2024-02-15,2024-02-15T16:20:00+00:00,continuation_short,2024,11:00,session_close,-0.0054483905214028905,-0.08760395922149784,3024
HYP-OR-CONT-EVENT-01,SPY,2024-02-16,2024-02-16T16:40:00+00:00,continuation_long,2024,11:00,30min,7.969556294940006e-05,4.409285056801735e-05,3024
HYP-OR-CONT-EVENT-01,SPY,2024-02-16,2024-02-16T16:40:00+00:00,continuation_long,2024,11:00,15min,0.0005977167221213886,3.085652327337451e-05,3024
HYP-OR-CONT-EVENT-01,SPY,2024-02-16,2024-02-16T16:40:00+00:00,continuation_long,2024,11:00,60min,3.984778147470003e-05,5.1124432306041036e-05,3024
HYP-OR-CONT-EVENT-01,SPY,2024-02-16,2024-02-16T16:40:00+00:00,continuation_long,2024,11:00,session_close,-0.004821581558446808,0.08760395922149784,3024
HYP-OR-CONT-EVENT-01,SPY,2024-02-20,2024-02-20T15:20:00+00:00,continuation_short,2024,10:00,30min,-0.001249571719370346,1.3548539972838547e-05,3024
HYP-OR-CONT-EVENT-01,SPY,2024-02-20,2024-02-20T15:20:00+00:00,continuation_short,2024,10:00,15min,0.00018138944313450533,1.4296647615938525e-05,3024
HYP-OR-CONT-EVENT-01,SPY,2024-02-20,2024-02-20T15:20:00+00:00,continuation_short,2024,10:00,60min,-0.001410806779934326,-1.264825639323603e-07,3024
HYP-OR-CONT-EVENT-01,SPY,2024-02-20,2024-02-20T15:20:00+00:00,continuation_short,2024,10:00,session_close,-0.0011487998065178306,-0.08758939076742542,3024
HYP-OR-CONT-EVENT-01,SPY,2024-02-21,2024-02-21T15:20:00+00:00,continuation_long,2024,10:00,30min,-0.0008672502117703651,-1.3548539972838547e-05,3024
HYP-OR-CONT-EVENT-01,SPY,2024-02-21,2024-02-21T15:20:00+00:00,continuation_long,2024,10:00,15min,-0.0008672502117703651,-1.4296647615938525e-05,3024
HYP-OR-CONT-EVENT-01,SPY,2024-02-21,2024-02-21T15:20:00+00:00,continuation_long,2024,10:00,60min,0.0005445524585534489,1.264825639323603e-07,3024
HYP-OR-CONT-EVENT-01,SPY,2024-02-21,2024-02-21T15:20:00+00:00,continuation_long,2024,10:00,session_close,0.0027227622927676887,0.08758939076742542,3024
HYP-OR-CONT-EVENT-01,SPY,2024-02-22,2024-02-22T16:35:00+00:00,continuation_long,2024,11:00,30min,-0.0003361078708554732,4.409285056801735e-05,3024
HYP-OR-CONT-EVENT-01,SPY,2024-02-22,2024-02-22T16:35:00+00:00,continuation_long,2024,11:00,15min,-0.0010478657150201354,3.085652327337451e-05,3024
HYP-OR-CONT-EVENT-01,SPY,2024-02-22,2024-02-22T16:35:00+00:00,continuation_long,2024,11:00,60min,0.00023725261472162806,5.1124432306041036e-05,3024
HYP-OR-CONT-EVENT-01,SPY,2024-02-22,2024-02-22T16:35:00+00:00,continuation_long,2024,11:00,session_close,0.0034401629134619416,0.08760395922149784,3024
HYP-OR-CONT-EVENT-01,SPY,2024-02-23,2024-02-23T15:50:00+00:00,continuation_short,2024,10:00,30min,0.002063482704402597,1.3548539972838547e-05,3024
HYP-OR-CONT-EVENT-01,SPY,2024-02-23,2024-02-23T15:50:00+00:00,continuation_short,2024,10:00,15min,0.0023191823899371133,1.4296647615938525e-05,3024
HYP-OR-CONT-EVENT-01,SPY,2024-02-23,2024-02-23T15:50:00+00:00,continuation_short,2024,10:00,60min,0.0009827044025156884,-1.264825639323603e-07,3024
HYP-OR-CONT-EVENT-01,SPY,2024-02-23,2024-02-23T15:50:00+00:00,continuation_short,2024,10:00,session_close,0.001926100628930838,-0.08758939076742542,3024
HYP-OR-CONT-EVENT-01,SPY,2024-02-26,2024-02-26T15:50:00+00:00,continuation_short,2024,10:00,30min,0.0008963132959705078,1.3548539972838547e-05,3024
HYP-OR-CONT-EVENT-01,SPY,2024-02-26,2024-02-26T15:50:00+00:00,continuation_short,2024,10:00,15min,0.000659922976154137,1.4296647615938525e-05,3024
HYP-OR-CONT-EVENT-01,SPY,2024-02-26,2024-02-26T15:50:00+00:00,continuation_short,2024,10:00,60min,-0.00042372964827097626,-1.264825639323603e-07,3024
HYP-OR-CONT-EVENT-01,SPY,2024-02-26,2024-02-26T15:50:00+00:00,continuation_short,2024,10:00,session_close,0.0032405173008165367,-0.08758939076742542,3024
HYP-OR-CONT-EVENT-01,SPY,2024-02-27,2024-02-27T16:55:00+00:00,continuation_short,2024,11:00,30min,0.0006169935157361861,-4.409285056801735e-05,3024
HYP-OR-CONT-EVENT-01,SPY,2024-02-27,2024-02-27T16:55:00+00:00,continuation_short,2024,11:00,15min,6.128420053763683e-05,-3.085652327337451e-05,3024
HYP-OR-CONT-EVENT-01,SPY,2024-02-27,2024-02-27T16:55:00+00:00,continuation_short,2024,11:00,60min,0.001542582634825096,-5.1124432306041036e-05,3024
HYP-OR-CONT-EVENT-01,SPY,2024-02-27,2024-02-27T16:55:00+00:00,continuation_short,2024,11:00,session_close,-0.0020362169856080747,-0.08760395922149784,3024
HYP-OR-CONT-EVENT-01,SPY,2024-02-28,2024-02-28T15:30:00+00:00,continuation_long,2024,10:00,30min,0.0021160045088695068,-1.3548539972838547e-05,3024
HYP-OR-CONT-EVENT-01,SPY,2024-02-28,2024-02-28T15:30:00+00:00,continuation_long,2024,10:00,15min,0.0010483121403286333,-1.4296647615938525e-05,3024
HYP-OR-CONT-EVENT-01,SPY,2024-02-28,2024-02-28T15:30:00+00:00,continuation_long,2024,10:00,60min,0.0012953111713172039,1.264825639323603e-07,3024
HYP-OR-CONT-EVENT-01,SPY,2024-02-28,2024-02-28T15:30:00+00:00,continuation_long,2024,10:00,session_close,0.0010283386398244332,0.08758939076742542,3024
HYP-OR-CONT-EVENT-01,SPY,2024-02-29,2024-02-29T15:30:00+00:00,continuation_short,2024,10:00,30min,0.000669700013787855,1.3548539972838547e-05,3024
HYP-OR-CONT-EVENT-01,SPY,2024-02-29,2024-02-29T15:30:00+00:00,continuation_short,2024,10:00,15min,-0.00011818235537441879,1.4296647615938525e-05,3024
HYP-OR-CONT-EVENT-01,SPY,2024-02-29,2024-02-29T15:30:00+00:00,continuation_short,2024,10:00,60min,0.0018909176859894794,-1.264825639323603e-07,3024
HYP-OR-CONT-EVENT-01,SPY,2024-02-29,2024-02-29T15:30:00+00:00,continuation_short,2024,10:00,session_close,-0.0006106088361008677,-0.08758939076742542,3024
HYP-OR-CONT-EVENT-01,SPY,2024-03-01,2024-03-01T15:20:00+00:00,continuation_long,2024,10:00,30min,0.0014732393553993361,-1.3548539972838547e-05,3024
HYP-OR-CONT-EVENT-01,SPY,2024-03-01,2024-03-01T15:20:00+00:00,continuation_long,2024,10:00,15min,-5.668568415784225e-05,-1.4296647615938525e-05,3024
HYP-OR-CONT-EVENT-01,SPY,2024-03-01,2024-03-01T15:20:00+00:00,continuation_long,2024,10:00,60min,0.002414731687434779,1.264825639323603e-07,3024
HYP-OR-CONT-EVENT-01,SPY,2024-03-01,2024-03-01T15:20:00+00:00,continuation_long,2024,10:00,session_close,0.005906099085399186,0.08758939076742542,3024
HYP-OR-CONT-EVENT-01,SPY,2024-03-04,2024-03-04T15:45:00+00:00,continuation_long,2024,10:00,30min,-0.0007604711020980925,-1.3548539972838547e-05,3024
HYP-OR-CONT-EVENT-01,SPY,2024-03-04,2024-03-04T15:45:00+00:00,continuation_long,2024,10:00,15min,-0.0003486467514235425,-1.4296647615938525e-05,3024
HYP-OR-CONT-EVENT-01,SPY,2024-03-04,2024-03-04T15:45:00+00:00,continuation_long,2024,10:00,60min,-0.00046798221667576634,1.264825639323603e-07,3024
HYP-OR-CONT-EVENT-01,SPY,2024-03-04,2024-03-04T15:45:00+00:00,continuation_long,2024,10:00,session_close,-0.0011504562826613052,0.08758939076742542,3024
HYP-OR-CONT-EVENT-01,SPY,2024-03-05,2024-03-05T15:20:00+00:00,continuation_long,2024,10:00,30min,-0.0016220360976760828,-1.3548539972838547e-05,3024
HYP-OR-CONT-EVENT-01,SPY,2024-03-05,2024-03-05T15:20:00+00:00,continuation_long,2024,10:00,15min,-0.0016318666194801157,-1.4296647615938525e-05,3024
HYP-OR-CONT-EVENT-01,SPY,2024-03-05,2024-03-05T15:20:00+00:00,continuation_long,2024,10:00,60min,-0.0008454248751523785,1.264825639323603e-07,3024
HYP-OR-CONT-EVENT-01,SPY,2024-03-05,2024-03-05T15:20:00+00:00,continuation_long,2024,10:00,session_close,-0.0028901734104046506,0.08758939076742542,3024
HYP-OR-CONT-EVENT-01,SPY,2024-03-06,2024-03-06T15:20:00+00:00,continuation_short,2024,10:00,30min,-0.001651028580401892,1.3548539972838547e-05,3024
HYP-OR-CONT-EVENT-01,SPY,2024-03-06,2024-03-06T15:20:00+00:00,continuation_short,2024,10:00,15min,-0.0005103643216080034,1.4296647615938525e-05,3024
HYP-OR-CONT-EVENT-01,SPY,2024-03-06,2024-03-06T15:20:00+00:00,continuation_short,2024,10:00,60min,-0.0031750549623115187,-1.264825639323603e-07,3024
HYP-OR-CONT-EVENT-01,SPY,2024-03-06,2024-03-06T15:20:00+00:00,continuation_short,2024,10:00,session_close,-0.0007066582914572184,-0.08758939076742542,3024
HYP-OR-CONT-EVENT-01,SPY,2024-03-07,2024-03-07T15:30:00+00:00,continuation_long,2024,10:00,30min,0.00020420864288772655,-1.3548539972838547e-05,3024
HYP-OR-CONT-EVENT-01,SPY,2024-03-07,2024-03-07T15:30:00+00:00,continuation_long,2024,10:00,15min,0.0011280096464274525,-1.4296647615938525e-05,3024
HYP-OR-CONT-EVENT-01,SPY,2024-03-07,2024-03-07T15:30:00+00:00,continuation_long,2024,10:00,60min,-0.00025282974833717997,1.264825639323603e-07,3024
HYP-OR-CONT-EVENT-01,SPY,2024-03-07,2024-03-07T15:30:00+00:00,continuation_long,2024,10:00,session_close,0.001341942510405092,0.08758939076742542,3024
HYP-OR-CONT-EVENT-01,SPY,2024-03-08,2024-03-08T15:20:00+00:00,continuation_long,2024,10:00,30min,-6.0272384815984736e-05,-1.3548539972838547e-05,3024
HYP-OR-CONT-EVENT-01,SPY,2024-03-08,2024-03-08T15:20:00+00:00,continuation_long,2024,10:00,15min,-0.0006374963778613685,-1.4296647615938525e-05,3024
HYP-OR-CONT-EVENT-01,SPY,2024-03-08,2024-03-08T15:20:00+00:00,continuation_long,2024,10:00,60min,-0.004619144209407788,1.264825639323603e-07,3024
HYP-OR-CONT-EVENT-01,SPY,2024-03-08,2024-03-08T15:20:00+00:00,continuation_long,2024,10:00,session_close,-0.011378344441224764,0.08758939076742542,3024
HYP-OR-CONT-EVENT-01,SPY,2024-03-11,2024-03-11T14:20:00+00:00,continuation_short,2024,10:00,30min,-0.001942721419597948,1.3548539972838547e-05,3024
HYP-OR-CONT-EVENT-01,SPY,2024-03-11,2024-03-11T14:20:00+00:00,continuation_short,2024,10:00,15min,0.0008636934673367236,1.4296647615938525e-05,3024
HYP-OR-CONT-EVENT-01,SPY,2024-03-11,2024-03-11T14:20:00+00:00,continuation_short,2024,10:00,60min,-0.0006477701005025427,-1.264825639323603e-07,3024
HYP-OR-CONT-EVENT-01,SPY,2024-03-11,2024-03-11T14:20:00+00:00,continuation_short,2024,10:00,session_close,-0.0035725502512562457,-0.08758939076742542,3024
HYP-OR-CONT-EVENT-01,SPY,2024-03-12,2024-03-12T14:25:00+00:00,continuation_long,2024,10:00,30min,0.0024286463696594485,-1.3548539972838547e-05,3024
HYP-OR-CONT-EVENT-01,SPY,2024-03-12,2024-03-12T14:25:00+00:00,continuation_long,2024,10:00,15min,0.0020983504633855787,-1.4296647615938525e-05,3024
HYP-OR-CONT-EVENT-01,SPY,2024-03-12,2024-03-12T14:25:00+00:00,continuation_long,2024,10:00,60min,0.002894946472633775,1.264825639323603e-07,3024
HYP-OR-CONT-EVENT-01,SPY,2024-03-12,2024-03-12T14:25:00+00:00,continuation_long,2024,10:00,session_close,0.004118984242942103,0.08758939076742542,3024
HYP-OR-CONT-EVENT-01,SPY,2024-03-13,2024-03-13T15:50:00+00:00,continuation_short,2024,11:00,30min,-0.0007169222720622148,-4.409285056801735e-05,3024
HYP-OR-CONT-EVENT-01,SPY,2024-03-13,2024-03-13T15:50:00+00:00,continuation_short,2024,11:00,15min,-0.0002615797479146309,-3.085652327337451e-05,3024
HYP-OR-CONT-EVENT-01,SPY,2024-03-13,2024-03-13T15:50:00+00:00,continuation_short,2024,11:00,60min,-0.000842868076613712,-5.1124432306041036e-05,3024
HYP-OR-CONT-EVENT-01,SPY,2024-03-13,2024-03-13T15:50:00+00:00,continuation_short,2024,11:00,session_close,0.0002034509150447006,-0.08760395922149784,3024
HYP-OR-CONT-EVENT-01,SPY,2024-03-14,2024-03-14T16:25:00+00:00,continuation_short,2024,12:00,30min,0.0017094681223046582,-4.447422760645635e-05,3006
HYP-OR-CONT-EVENT-01,SPY,2024-03-14,2024-03-14T16:25:00+00:00,continuation_short,2024,12:00,15min,0.0007189479000737631,-2.1229636570285887e-05,3015
HYP-OR-CONT-EVENT-01,SPY,2024-03-14,2024-03-14T16:25:00+00:00,continuation_short,2024,12:00,60min,0.003108123858735823,-0.00012260271977645697,2988
HYP-OR-CONT-EVENT-01,SPY,2024-03-14,2024-03-14T16:25:00+00:00,continuation_short,2024,12:00,session_close,-0.0003302381599907811,-0.08755753614920234,3024
HYP-OR-CONT-EVENT-01,SPY,2024-03-15,2024-03-15T16:05:00+00:00,continuation_short,2024,12:00,30min,0.0005886508123381651,-4.447422760645635e-05,3006
HYP-OR-CONT-EVENT-01,SPY,2024-03-15,2024-03-15T16:05:00+00:00,continuation_short,2024,12:00,15min,0.0008143002904009711,-2.1229636570285887e-05,3015
HYP-OR-CONT-EVENT-01,SPY,2024-03-15,2024-03-15T16:05:00+00:00,continuation_short,2024,12:00,60min,0.0010791931559532841,-0.00012260271977645697,2988
HYP-OR-CONT-EVENT-01,SPY,2024-03-15,2024-03-15T16:05:00+00:00,continuation_short,2024,12:00,session_close,-0.00019621693744609203,-0.08755753614920234,3024
HYP-OR-CONT-EVENT-01,SPY,2024-03-18,2024-03-18T14:30:00+00:00,continuation_long,2024,10:00,30min,-0.0005046779766295639,-1.3548539972838547e-05,3024
HYP-OR-CONT-EVENT-01,SPY,2024-03-18,2024-03-18T14:30:00+00:00,continuation_long,2024,10:00,15min,-9.705345704402735e-05,-1.4296647615938525e-05,3024
HYP-OR-CONT-EVENT-01,SPY,2024-03-18,2024-03-18T14:30:00+00:00,continuation_long,2024,10:00,60min,-0.0019798905237004005,1.264825639323603e-07,3024
HYP-OR-CONT-EVENT-01,SPY,2024-03-18,2024-03-18T14:30:00+00:00,continuation_long,2024,10:00,session_close,-0.004483869715439126,0.08758939076742542,3024
HYP-OR-CONT-EVENT-01,SPY,2024-03-19,2024-03-19T14:55:00+00:00,continuation_long,2024,10:00,30min,0.0005171639897738611,-1.3548539972838547e-05,3024
HYP-OR-CONT-EVENT-01,SPY,2024-03-19,2024-03-19T14:55:00+00:00,continuation_long,2024,10:00,15min,0.00021525731347948884,-1.4296647615938525e-05,3024
HYP-OR-CONT-EVENT-01,SPY,2024-03-19,2024-03-19T14:55:00+00:00,continuation_long,2024,10:00,60min,0.0015030932261275165,1.264825639323603e-07,3024
HYP-OR-CONT-EVENT-01,SPY,2024-03-19,2024-03-19T14:55:00+00:00,continuation_long,2024,10:00,session_close,0.006537733455631356,0.08758939076742542,3024
HYP-OR-CONT-EVENT-01,SPY,2024-03-20,2024-03-20T14:40:00+00:00,continuation_long,2024,10:00,30min,0.0010060859572385006,-1.3548539972838547e-05,3024
HYP-OR-CONT-EVENT-01,SPY,2024-03-20,2024-03-20T14:40:00+00:00,continuation_long,2024,10:00,15min,0.00021114426815049825,-1.4296647615938525e-05,3024
HYP-OR-CONT-EVENT-01,SPY,2024-03-20,2024-03-20T14:40:00+00:00,continuation_long,2024,10:00,60min,0.00018206103562290465,1.264825639323603e-07,3024
HYP-OR-CONT-EVENT-01,SPY,2024-03-20,2024-03-20T14:40:00+00:00,continuation_long,2024,10:00,session_close,0.009033058134860994,0.08758939076742542,3024
HYP-OR-CONT-EVENT-01,SPY,2024-03-21,2024-03-21T18:10:00+00:00,continuation_short,2024,14:00,30min,0.00019136558481303023,2.975393214228904e-05,2988
HYP-OR-CONT-EVENT-01,SPY,2024-03-21,2024-03-21T18:10:00+00:00,continuation_short,2024,14:00,15min,-0.0009185548071035665,3.489944982580738e-05,2988
HYP-OR-CONT-EVENT-01,SPY,2024-03-21,2024-03-21T18:10:00+00:00,continuation_short,2024,14:00,60min,6.697795468457723e-05,8.49997376465049e-05,2988
HYP-OR-CONT-EVENT-01,SPY,2024-03-21,2024-03-21T18:10:00+00:00,continuation_short,2024,14:00,session_close,0.0008611451316593577,-0.08842439482405647,2988
HYP-OR-CONT-EVENT-01,SPY,2024-03-22,2024-03-22T14:45:00+00:00,continuation_short,2024,10:00,30min,-0.00046047582501929085,1.3548539972838547e-05,3024
HYP-OR-CONT-EVENT-01,SPY,2024-03-22,2024-03-22T14:45:00+00:00,continuation_short,2024,10:00,15min,-0.00047006907137370213,1.4296647615938525e-05,3024
HYP-OR-CONT-EVENT-01,SPY,2024-03-22,2024-03-22T14:45:00+00:00,continuation_short,2024,10:00,60min,-0.0005180353031466467,-1.264825639323603e-07,3024
HYP-OR-CONT-EVENT-01,SPY,2024-03-22,2024-03-22T14:45:00+00:00,continuation_short,2024,10:00,session_close,-0.0001343054489637563,-0.08758939076742542,3024
HYP-OR-CONT-EVENT-01,SPY,2024-03-25,2024-03-25T14:25:00+00:00,continuation_long,2024,10:00,30min,5.7624709475456726e-05,-1.3548539972838547e-05,3024
HYP-OR-CONT-EVENT-01,SPY,2024-03-25,2024-03-25T14:25:00+00:00,continuation_long,2024,10:00,15min,-0.00036495649334444824,-1.4296647615938525e-05,3024
HYP-OR-CONT-EVENT-01,SPY,2024-03-25,2024-03-25T14:25:00+00:00,continuation_long,2024,10:00,60min,1.920823649181891e-05,1.264825639323603e-07,3024
HYP-OR-CONT-EVENT-01,SPY,2024-03-25,2024-03-25T14:25:00+00:00,continuation_long,2024,10:00,session_close,-0.0015366589193447355,0.08758939076742542,3024
HYP-OR-CONT-EVENT-01,SPY,2024-03-26,2024-03-26T14:25:00+00:00,continuation_long,2024,10:00,30min,-0.00026791209031473695,-1.3548539972838547e-05,3024
HYP-OR-CONT-EVENT-01,SPY,2024-03-26,2024-03-26T14:25:00+00:00,continuation_long,2024,10:00,15min,-0.0006514655481736353,-1.4296647615938525e-05,3024
HYP-OR-CONT-EVENT-01,SPY,2024-03-26,2024-03-26T14:25:00+00:00,continuation_long,2024,10:00,60min,-0.00030626743610051577,1.264825639323603e-07,3024
HYP-OR-CONT-EVENT-01,SPY,2024-03-26,2024-03-26T14:25:00+00:00,continuation_long,2024,10:00,session_close,-0.005330817734054527,0.08758939076742542,3024
HYP-OR-CONT-EVENT-01,SPY,2024-03-27,2024-03-27T14:20:00+00:00,continuation_short,2024,10:00,30min,0.0009416195856873921,1.3548539972838547e-05,3024
HYP-OR-CONT-EVENT-01,SPY,2024-03-27,2024-03-27T14:20:00+00:00,continuation_short,2024,10:00,15min,0.00024020907798150137,1.4296647615938525e-05,3024
HYP-OR-CONT-EVENT-01,SPY,2024-03-27,2024-03-27T14:20:00+00:00,continuation_short,2024,10:00,60min,0.0009608363119258945,-1.264825639323603e-07,3024
HYP-OR-CONT-EVENT-01,SPY,2024-03-27,2024-03-27T14:20:00+00:00,continuation_short,2024,10:00,session_close,-0.0053614666205463735,-0.08758939076742542,3024
HYP-OR-CONT-EVENT-01,SPY,2024-03-28,2024-03-28T14:20:00+00:00,continuation_long,2024,10:00,30min,0.0006404006805451612,-1.3548539972838547e-05,3024
HYP-OR-CONT-EVENT-01,SPY,2024-03-28,2024-03-28T14:20:00+00:00,continuation_long,2024,10:00,15min,0.00045879451740549193,-1.4296647615938525e-05,3024
HYP-OR-CONT-EVENT-01,SPY,2024-03-28,2024-03-28T14:20:00+00:00,continuation_long,2024,10:00,60min,0.0008602397201351586,1.264825639323603e-07,3024
HYP-OR-CONT-EVENT-01,SPY,2024-03-28,2024-03-28T14:20:00+00:00,continuation_long,2024,10:00,session_close,1.911643822527509e-05,0.08758939076742542,3024
HYP-OR-CONT-EVENT-01,SPY,2024-04-01,2024-04-01T14:20:00+00:00,continuation_short,2024,10:00,30min,0.0014054612207434758,1.3548539972838547e-05,3024
HYP-OR-CONT-EVENT-01,SPY,2024-04-01,2024-04-01T14:20:00+00:00,continuation_short,2024,10:00,15min,0.001204681046351519,1.4296647615938525e-05,3024
HYP-OR-CONT-EVENT-01,SPY,2024-04-01,2024-04-01T14:20:00+00:00,continuation_short,2024,10:00,60min,0.002189459996940424,-1.264825639323603e-07,3024
HYP-OR-CONT-EVENT-01,SPY,2024-04-01,2024-04-01T14:20:00+00:00,continuation_short,2024,10:00,session_close,0.00141502218142886,-0.08758939076742542,3024
HYP-OR-CONT-EVENT-01,SPY,2024-04-02,2024-04-02T19:45:00+00:00,continuation_long,2024,15:00,session_close,0.0002699003296640079,0.08854379211422238,2987
HYP-OR-CONT-EVENT-01,SPY,2024-04-03,2024-04-03T14:20:00+00:00,continuation_long,2024,10:00,30min,0.0004496281920720602,-1.3548539972838547e-05,3024
HYP-OR-CONT-EVENT-01,SPY,2024-04-03,2024-04-03T14:20:00+00:00,continuation_long,2024,10:00,15min,-7.685952001224017e-05,-1.4296647615938525e-05,3024
HYP-OR-CONT-EVENT-01,SPY,2024-04-03,2024-04-03T14:20:00+00:00,continuation_long,2024,10:00,60min,0.0009030993601446546,1.264825639323603e-07,3024
HYP-OR-CONT-EVENT-01,SPY,2024-04-03,2024-04-03T14:20:00+00:00,continuation_long,2024,10:00,session_close,-0.0020559921603288123,0.08758939076742542,3024
HYP-OR-CONT-EVENT-01,SPY,2024-04-04,2024-04-04T14:40:00+00:00,continuation_short,2024,10:00,30min,0.0006121121695549236,1.3548539972838547e-05,3024
HYP-OR-CONT-EVENT-01,SPY,2024-04-04,2024-04-04T14:40:00+00:00,continuation_short,2024,10:00,15min,9.56425264928562e-05,1.4296647615938525e-05,3024
HYP-OR-CONT-EVENT-01,SPY,2024-04-04,2024-04-04T14:40:00+00:00,continuation_short,2024,10:00,60min,-0.0005355981483605721,-1.264825639323603e-07,3024
HYP-OR-CONT-EVENT-01,SPY,2024-04-04,2024-04-04T14:40:00+00:00,continuation_short,2024,10:00,session_close,0.018650292666131052,-0.08758939076742542,3024
HYP-OR-CONT-EVENT-01,SPY,2024-04-05,2024-04-05T14:30:00+00:00,continuation_long,2024,10:00,30min,0.0038606293407830172,-1.3548539972838547e-05,3024
HYP-OR-CONT-EVENT-01,SPY,2024-04-05,2024-04-05T14:30:00+00:00,continuation_long,2024,10:00,15min,0.003045823148255744,-1.4296647615938525e-05,3024
HYP-OR-CONT-EVENT-01,SPY,2024-04-05,2024-04-05T14:30:00+00:00,continuation_long,2024,10:00,60min,0.004190431847282072,1.264825639323603e-07,3024
HYP-OR-CONT-EVENT-01,SPY,2024-04-05,2024-04-05T14:30:00+00:00,continuation_long,2024,10:00,session_close,0.005703643347689358,0.08758939076742542,3024
HYP-OR-CONT-EVENT-01,SPY,2024-04-08,2024-04-08T14:45:00+00:00,continuation_long,2024,10:00,30min,-0.0002308846731058356,-1.3548539972838547e-05,3024
HYP-OR-CONT-EVENT-01,SPY,2024-04-08,2024-04-08T14:45:00+00:00,continuation_long,2024,10:00,15min,7.696155770187119e-05,-1.4296647615938525e-05,3024
HYP-OR-CONT-EVENT-01,SPY,2024-04-08,2024-04-08T14:45:00+00:00,continuation_long,2024,10:00,60min,-0.0018085966059954162,1.264825639323603e-07,3024
HYP-OR-CONT-EVENT-01,SPY,2024-04-08,2024-04-08T14:45:00+00:00,continuation_long,2024,10:00,session_close,-0.0020587216685267196,0.08758939076742542,3024
HYP-OR-CONT-EVENT-01,SPY,2024-04-09,2024-04-09T14:20:00+00:00,continuation_short,2024,10:00,30min,0.008737873430891718,1.3548539972838547e-05,3024
HYP-OR-CONT-EVENT-01,SPY,2024-04-09,2024-04-09T14:20:00+00:00,continuation_short,2024,10:00,15min,0.0062138129690465504,1.4296647615938525e-05,3024
HYP-OR-CONT-EVENT-01,SPY,2024-04-09,2024-04-09T14:20:00+00:00,continuation_short,2024,10:00,60min,0.005366036936060303,-1.264825639323603e-07,3024
HYP-OR-CONT-EVENT-01,SPY,2024-04-09,2024-04-09T14:20:00+00:00,continuation_short,2024,10:00,session_close,-0.0005491276577296311,-0.08758939076742542,3024
HYP-OR-CONT-EVENT-01,SPY,2024-04-10,2024-04-10T14:25:00+00:00,continuation_long,2024,10:00,30min,-0.0004468709320173403,-1.3548539972838547e-05,3024
HYP-OR-CONT-EVENT-01,SPY,2024-04-10,2024-04-10T14:25:00+00:00,continuation_long,2024,10:00,15min,0.0011074627445646357,-1.4296647615938525e-05,3024
HYP-OR-CONT-EVENT-01,SPY,2024-04-10,2024-04-10T14:25:00+00:00,continuation_long,2024,10:00,60min,-0.00039829800462420906,1.264825639323603e-07,3024
HYP-OR-CONT-EVENT-01,SPY,2024-04-10,2024-04-10T14:25:00+00:00,continuation_long,2024,10:00,session_close,-0.0010297460607358033,0.08758939076742542,3024
HYP-OR-CONT-EVENT-01,SPY,2024-04-11,2024-04-11T14:20:00+00:00,continuation_short,2024,10:00,30min,-0.00242045676361502,1.3548539972838547e-05,3024
HYP-OR-CONT-EVENT-01,SPY,2024-04-11,2024-04-11T14:20:00+00:00,continuation_short,2024,10:00,15min,-0.0021081397618583075,1.4296647615938525e-05,3024
HYP-OR-CONT-EVENT-01,SPY,2024-04-11,2024-04-11T14:20:00+00:00,continuation_short,2024,10:00,60min,-0.0029279718914698716,-1.264825639323603e-07,3024
HYP-OR-CONT-EVENT-01,SPY,2024-04-11,2024-04-11T14:20:00+00:00,continuation_short,2024,10:00,session_close,-0.01122389225063447,-0.08758939076742542,3024
HYP-OR-CONT-EVENT-01,SPY,2024-04-12,2024-04-12T14:25:00+00:00,continuation_short,2024,10:00,30min,0.003646352966344635,1.3548539972838547e-05,3024
HYP-OR-CONT-EVENT-01,SPY,2024-04-12,2024-04-12T14:25:00+00:00,continuation_short,2024,10:00,15min,0.002615790036659793,1.4296647615938525e-05,3024
HYP-OR-CONT-EVENT-01,SPY,2024-04-12,2024-04-12T14:25:00+00:00,continuation_short,2024,10:00,60min,0.0012738605754737398,-1.264825639323603e-07,3024
HYP-OR-CONT-EVENT-01,SPY,2024-04-12,2024-04-12T14:25:00+00:00,continuation_short,2024,10:00,session_close,0.006544337154914981,-0.08758939076742542,3024
HYP-OR-CONT-EVENT-01,SPY,2024-04-15,2024-04-15T14:25:00+00:00,continuation_short,2024,10:00,30min,0.0030622037568025506,1.3548539972838547e-05,3024
HYP-OR-CONT-EVENT-01,SPY,2024-04-15,2024-04-15T14:25:00+00:00,continuation_short,2024,10:00,15min,0.001131332045955391,1.4296647615938525e-05,3024
HYP-OR-CONT-EVENT-01,SPY,2024-04-15,2024-04-15T14:25:00+00:00,continuation_short,2024,10:00,60min,0.0021259289601497366,-1.264825639323603e-07,3024
HYP-OR-CONT-EVENT-01,SPY,2024-04-15,2024-04-15T14:25:00+00:00,continuation_short,2024,10:00,session_close,0.015936177268028096,-0.08758939076742542,3024
HYP-OR-CONT-EVENT-01,SPY,2024-04-16,2024-04-16T14:50:00+00:00,continuation_short,2024,10:00,30min,-0.0014288552074848138,1.3548539972838547e-05,3024
HYP-OR-CONT-EVENT-01,SPY,2024-04-16,2024-04-16T14:50:00+00:00,continuation_short,2024,10:00,15min,-0.0006158002423470865,1.4296647615938525e-05,3024
HYP-OR-CONT-EVENT-01,SPY,2024-04-16,2024-04-16T14:50:00+00:00,continuation_short,2024,10:00,60min,-0.0037543950259231185,-1.264825639323603e-07,3024
HYP-OR-CONT-EVENT-01,SPY,2024-04-16,2024-04-16T14:50:00+00:00,continuation_short,2024,10:00,session_close,-0.00015891619157337722,-0.08758939076742542,3024
HYP-OR-CONT-EVENT-01,SPY,2024-04-17,2024-04-17T14:20:00+00:00,continuation_short,2024,10:00,30min,0.0030752747906828137,1.3548539972838547e-05,3024
HYP-OR-CONT-EVENT-01,SPY,2024-04-17,2024-04-17T14:20:00+00:00,continuation_short,2024,10:00,15min,0.0003670489266298649,1.4296647615938525e-05,3024
HYP-OR-CONT-EVENT-01,SPY,2024-04-17,2024-04-17T14:20:00+00:00,continuation_short,2024,10:00,60min,0.0026786635450973817,-1.264825639323603e-07,3024
HYP-OR-CONT-EVENT-01,SPY,2024-04-17,2024-04-17T14:20:00+00:00,continuation_short,2024,10:00,session_close,0.0069838498472282184,-0.08758939076742542,3024
HYP-OR-CONT-EVENT-01,SPY,2024-04-18,2024-04-18T14:35:00+00:00,continuation_long,2024,10:00,30min,0.0016916096163031025,-1.3548539972838547e-05,3024
HYP-OR-CONT-EVENT-01,SPY,2024-04-18,2024-04-18T14:35:00+00:00,continuation_long,2024,10:00,15min,0.0011343735074031969,-1.4296647615938525e-05,3024
HYP-OR-CONT-EVENT-01,SPY,2024-04-18,2024-04-18T14:35:00+00:00,continuation_long,2024,10:00,60min,0.0012935838242318365,1.264825639323603e-07,3024
HYP-OR-CONT-EVENT-01,SPY,2024-04-18,2024-04-18T14:35:00+00:00,continuation_long,2024,10:00,session_close,-0.005970386881069878,0.08758939076742542,3024
HYP-OR-CONT-EVENT-01,SPY,2024-04-19,2024-04-19T14:35:00+00:00,continuation_short,2024,10:00,30min,-0.0007824726134584292,1.3548539972838547e-05,3024
HYP-OR-CONT-EVENT-01,SPY,2024-04-19,2024-04-19T14:35:00+00:00,continuation_short,2024,10:00,15min,-0.0012238674210505174,1.4296647615938525e-05,3024
HYP-OR-CONT-EVENT-01,SPY,2024-04-19,2024-04-19T14:35:00+00:00,continuation_short,2024,10:00,60min,0.0008827896151839543,-1.264825639323603e-07,3024
HYP-OR-CONT-EVENT-01,SPY,2024-04-19,2024-04-19T14:35:00+00:00,continuation_short,2024,10:00,session_close,0.006661048914569978,-0.08758939076742542,3024
HYP-OR-CONT-EVENT-01,SPY,2024-04-22,2024-04-22T14:20:00+00:00,continuation_long,2024,10:00,30min,-0.0026134855856217998,-1.3548539972838547e-05,3024
HYP-OR-CONT-EVENT-01,SPY,2024-04-22,2024-04-22T14:20:00+00:00,continuation_long,2024,10:00,15min,-0.0011760685135299154,-1.4296647615938525e-05,3024
HYP-OR-CONT-EVENT-01,SPY,2024-04-22,2024-04-22T14:20:00+00:00,continuation_long,2024,10:00,60min,-0.0029250934823691344,1.264825639323603e-07,3024
HYP-OR-CONT-EVENT-01,SPY,2024-04-22,2024-04-22T14:20:00+00:00,continuation_long,2024,10:00,session_close,0.004442925495557137,0.08758939076742542,3024
HYP-OR-CONT-EVENT-01,SPY,2024-04-23,2024-04-23T14:25:00+00:00,continuation_long,2024,10:00,30min,0.0031770616151385322,-1.3548539972838547e-05,3024
HYP-OR-CONT-EVENT-01,SPY,2024-04-23,2024-04-23T14:25:00+00:00,continuation_long,2024,10:00,15min,0.0020650900498400127,-1.4296647615938525e-05,3024
HYP-OR-CONT-EVENT-01,SPY,2024-04-23,2024-04-23T14:25:00+00:00,continuation_long,2024,10:00,60min,0.0024225094815431003,1.264825639323603e-07,3024
HYP-OR-CONT-EVENT-01,SPY,2024-04-23,2024-04-23T14:25:00+00:00,continuation_long,2024,10:00,session_close,0.004030896924207106,0.08758939076742542,3024
HYP-OR-CONT-EVENT-01,SPY,2024-04-24,2024-04-24T14:35:00+00:00,continuation_short,2024,10:00,30min,0.0031616179579899706,1.3548539972838547e-05,3024
HYP-OR-CONT-EVENT-01,SPY,2024-04-24,2024-04-24T14:35:00+00:00,continuation_short,2024,10:00,15min,0.0016276404449976356,1.4296647615938525e-05,3024
HYP-OR-CONT-EVENT-01,SPY,2024-04-24,2024-04-24T14:35:00+00:00,continuation_short,2024,10:00,60min,0.0021538522338806487,-1.264825639323603e-07,3024
HYP-OR-CONT-EVENT-01,SPY,2024-04-24,2024-04-24T14:35:00+00:00,continuation_short,2024,10:00,session_close,0.0011856067342461696,-0.08758939076742542,3024
HYP-OR-CONT-EVENT-01,SPY,2024-04-25,2024-04-25T14:35:00+00:00,continuation_long,2024,10:00,30min,0.0003006373511844629,-1.3548539972838547e-05,3024
HYP-OR-CONT-EVENT-01,SPY,2024-04-25,2024-04-25T14:35:00+00:00,continuation_long,2024,10:00,15min,-0.0013027618551327835,-1.4296647615938525e-05,3024
HYP-OR-CONT-EVENT-01,SPY,2024-04-25,2024-04-25T14:35:00+00:00,continuation_long,2024,10:00,60min,0.0012225918948169934,1.264825639323603e-07,3024
HYP-OR-CONT-EVENT-01,SPY,2024-04-25,2024-04-25T14:35:00+00:00,continuation_long,2024,10:00,session_close,0.009019120535535441,0.08758939076742542,3024
HYP-OR-CONT-EVENT-01,SPY,2024-04-26,2024-04-26T14:20:00+00:00,continuation_long,2024,10:00,30min,0.0002751788662629373,-1.3548539972838547e-05,3024
HYP-OR-CONT-EVENT-01,SPY,2024-04-26,2024-04-26T14:20:00+00:00,continuation_long,2024,10:00,15min,-0.0005307020992215694,-1.4296647615938525e-05,3024
HYP-OR-CONT-EVENT-01,SPY,2024-04-26,2024-04-26T14:20:00+00:00,continuation_long,2024,10:00,60min,-0.001572450664360403,1.264825639323603e-07,3024
HYP-OR-CONT-EVENT-01,SPY,2024-04-26,2024-04-26T14:20:00+00:00,continuation_long,2024,10:00,session_close,-0.0010220929318341954,0.08758939076742542,3024
HYP-OR-CONT-EVENT-01,SPY,2024-04-29,2024-04-29T15:55:00+00:00,continuation_short,2024,11:00,30min,-0.0014723492805119864,-4.409285056801735e-05,3024
HYP-OR-CONT-EVENT-01,SPY,2024-04-29,2024-04-29T15:55:00+00:00,continuation_short,2024,11:00,15min,-0.001060091481968728,-3.085652327337451e-05,3024
HYP-OR-CONT-EVENT-01,SPY,2024-04-29,2024-04-29T15:55:00+00:00,continuation_short,2024,11:00,60min,-0.0010895384675788655,-5.1124432306041036e-05,3024
HYP-OR-CONT-EVENT-01,SPY,2024-04-29,2024-04-29T15:55:00+00:00,continuation_short,2024,11:00,session_close,-0.0012956673668504948,-0.08760395922149784,3024
HYP-OR-CONT-EVENT-01,SPY,2024-04-30,2024-04-30T14:20:00+00:00,continuation_long,2024,10:00,30min,-0.0009327625481109214,-1.3548539972838547e-05,3024
HYP-OR-CONT-EVENT-01,SPY,2024-04-30,2024-04-30T14:20:00+00:00,continuation_long,2024,10:00,15min,-0.0013451417799072996,-1.4296647615938525e-05,3024
HYP-OR-CONT-EVENT-01,SPY,2024-04-30,2024-04-30T14:20:00+00:00,continuation_long,2024,10:00,60min,-0.004860183803314766,1.264825639323603e-07,3024
HYP-OR-CONT-EVENT-01,SPY,2024-04-30,2024-04-30T14:20:00+00:00,continuation_long,2024,10:00,session_close,-0.014138716518733774,0.08758939076742542,3024
HYP-OR-CONT-EVENT-01,SPY,2024-05-01,2024-05-01T14:20:00+00:00,continuation_short,2024,10:00,30min,-0.0011983941518365349,1.3548539972838547e-05,3024
HYP-OR-CONT-EVENT-01,SPY,2024-05-01,2024-05-01T14:20:00+00:00,continuation_short,2024,10:00,15min,-0.0009487287035372383,1.4296647615938525e-05,3024
HYP-OR-CONT-EVENT-01,SPY,2024-05-01,2024-05-01T14:20:00+00:00,continuation_short,2024,10:00,60min,0.00026963868416318704,-1.264825639323603e-07,3024
HYP-OR-CONT-EVENT-01,SPY,2024-05-01,2024-05-01T14:20:00+00:00,continuation_short,2024,10:00,session_close,0.0008388759062856188,-0.08758939076742542,3024
HYP-OR-CONT-EVENT-01,SPY,2024-05-02,2024-05-02T14:20:00+00:00,continuation_short,2024,10:00,30min,-0.001217443368925375,1.3548539972838547e-05,3024
HYP-OR-CONT-EVENT-01,SPY,2024-05-02,2024-05-02T14:20:00+00:00,continuation_short,2024,10:00,15min,-0.0016166051292285655,1.4296647615938525e-05,3024
HYP-OR-CONT-EVENT-01,SPY,2024-05-02,2024-05-02T14:20:00+00:00,continuation_short,2024,10:00,60min,-0.003272926853607361,-1.264825639323603e-07,3024
HYP-OR-CONT-EVENT-01,SPY,2024-05-02,2024-05-02T14:20:00+00:00,continuation_short,2024,10:00,session_close,-0.007923360942021729,-0.08758939076742542,3024
HYP-OR-CONT-EVENT-01,SPY,2024-05-03,2024-05-03T14:25:00+00:00,continuation_short,2024,10:00,30min,0.0006673078055385862,1.3548539972838547e-05,3024
HYP-OR-CONT-EVENT-01,SPY,2024-05-03,2024-05-03T14:25:00+00:00,continuation_short,2024,10:00,15min,-0.001491629212380552,1.4296647615938525e-05,3024
HYP-OR-CONT-EVENT-01,SPY,2024-05-03,2024-05-03T14:25:00+00:00,continuation_short,2024,10:00,60min,-0.0004416007536653943,-1.264825639323603e-07,3024
HYP-OR-CONT-EVENT-01,SPY,2024-05-03,2024-05-03T14:25:00+00:00,continuation_short,2024,10:00,session_close,-0.0034935526289965324,-0.08758939076742542,3024
HYP-OR-CONT-EVENT-01,SPY,2024-05-06,2024-05-06T14:25:00+00:00,continuation_long,2024,10:00,30min,-0.00019440502342582544,-1.3548539972838547e-05,3024
HYP-OR-CONT-EVENT-01,SPY,2024-05-06,2024-05-06T14:25:00+00:00,continuation_long,2024,10:00,15min,3.888100468518729e-05,-1.4296647615938525e-05,3024
HYP-OR-CONT-EVENT-01,SPY,2024-05-06,2024-05-06T14:25:00+00:00,continuation_long,2024,10:00,60min,-0.0005637745679347717,1.264825639323603e-07,3024
HYP-OR-CONT-EVENT-01,SPY,2024-05-06,2024-05-06T14:25:00+00:00,continuation_long,2024,10:00,session_close,0.004296351017710309,0.08758939076742542,3024
HYP-OR-CONT-EVENT-01,SPY,2024-05-07,2024-05-07T15:10:00+00:00,continuation_long,2024,11:00,30min,3.86085479324727e-05,4.409285056801735e-05,3024
HYP-OR-CONT-EVENT-01,SPY,2024-05-07,2024-05-07T15:10:00+00:00,continuation_long,2024,11:00,15min,-7.72170958649454e-05,3.085652327337451e-05,3024
HYP-OR-CONT-EVENT-01,SPY,2024-05-07,2024-05-07T15:10:00+00:00,continuation_long,2024,11:00,60min,0.00011582564379764015,5.1124432306041036e-05,3024
HYP-OR-CONT-EVENT-01,SPY,2024-05-07,2024-05-07T15:10:00+00:00,continuation_long,2024,11:00,session_close,-0.0015829504652329351,0.08760395922149784,3024
HYP-OR-CONT-EVENT-01,SPY,2024-05-08,2024-05-08T14:20:00+00:00,continuation_long,2024,10:00,30min,0.002207633765177519,-1.3548539972838547e-05,3024
HYP-OR-CONT-EVENT-01,SPY,2024-05-08,2024-05-08T14:20:00+00:00,continuation_long,2024,10:00,15min,0.0008520691725246721,-1.4296647615938525e-05,3024
HYP-OR-CONT-EVENT-01,SPY,2024-05-08,2024-05-08T14:20:00+00:00,continuation_long,2024,10:00,60min,0.0012684211545537227,1.264825639323603e-07,3024
HYP-OR-CONT-EVENT-01,SPY,2024-05-08,2024-05-08T14:20:00+00:00,continuation_long,2024,10:00,session_close,0.0015492166773176663,0.08758939076742542,3024
HYP-OR-CONT-EVENT-01,SPY,2024-05-09,2024-05-09T14:20:00+00:00,continuation_long,2024,10:00,30min,0.0030195863599382644,-1.3548539972838547e-05,3024
HYP-OR-CONT-EVENT-01,SPY,2024-05-09,2024-05-09T14:20:00+00:00,continuation_long,2024,10:00,15min,0.0024400853952624146,-1.4296647615938525e-05,3024
HYP-OR-CONT-EVENT-01,SPY,2024-05-09,2024-05-09T14:20:00+00:00,continuation_long,2024,10:00,60min,0.0026718857811327545,1.264825639323603e-07,3024
HYP-OR-CONT-EVENT-01,SPY,2024-05-09,2024-05-09T14:20:00+00:00,continuation_long,2024,10:00,session_close,0.004719455856320831,0.08758939076742542,3024
HYP-OR-CONT-EVENT-01,SPY,2024-05-10,2024-05-10T14:30:00+00:00,continuation_short,2024,10:00,30min,0.0006720817251377742,1.3548539972838547e-05,3024
HYP-OR-CONT-EVENT-01,SPY,2024-05-10,2024-05-10T14:30:00+00:00,continuation_short,2024,10:00,15min,-0.0003072373600629952,1.4296647615938525e-05,3024
HYP-OR-CONT-EVENT-01,SPY,2024-05-10,2024-05-10T14:30:00+00:00,continuation_short,2024,10:00,60min,0.0006528793901339203,-1.264825639323603e-07,3024
HYP-OR-CONT-EVENT-01,SPY,2024-05-10,2024-05-10T14:30:00+00:00,continuation_short,2024,10:00,session_close,-0.00013441634502764366,-0.08758939076742542,3024
HYP-OR-CONT-EVENT-01,SPY,2024-05-13,2024-05-13T15:20:00+00:00,continuation_short,2024,11:00,30min,0.00039515077111951236,-4.409285056801735e-05,3024
HYP-OR-CONT-EVENT-01,SPY,2024-05-13,2024-05-13T15:20:00+00:00,continuation_short,2024,11:00,15min,0.0009015575845929824,-3.085652327337451e-05,3024
HYP-OR-CONT-EVENT-01,SPY,2024-05-13,2024-05-13T15:20:00+00:00,continuation_short,2024,11:00,60min,0.00010550141947374136,-5.1124432306041036e-05,3024
HYP-OR-CONT-EVENT-01,SPY,2024-05-13,2024-05-13T15:20:00+00:00,continuation_short,2024,11:00,session_close,0.0007864651269855472,-0.08760395922149784,3024
HYP-OR-CONT-EVENT-01,SPY,2024-05-14,2024-05-14T14:25:00+00:00,continuation_long,2024,10:00,30min,-0.0006033558075392298,-1.3548539972838547e-05,3024
HYP-OR-CONT-EVENT-01,SPY,2024-05-14,2024-05-14T14:25:00+00:00,continuation_long,2024,10:00,15min,-0.001819644498927464,-1.4296647615938525e-05,3024
HYP-OR-CONT-EVENT-01,SPY,2024-05-14,2024-05-14T14:25:00+00:00,continuation_long,2024,10:00,60min,-0.0003064664419247798,1.264825639323603e-07,3024
HYP-OR-CONT-EVENT-01,SPY,2024-05-14,2024-05-14T14:25:00+00:00,continuation_long,2024,10:00,session_close,0.0023176524670547316,0.08758939076742542,3024
HYP-OR-CONT-EVENT-01,SPY,2024-05-15,2024-05-15T14:50:00+00:00,continuation_long,2024,10:00,30min,0.0013088260399476415,-1.3548539972838547e-05,3024
HYP-OR-CONT-EVENT-01,SPY,2024-05-15,2024-05-15T14:50:00+00:00,continuation_long,2024,10:00,15min,0.0009281283787627714,-1.4296647615938525e-05,3024
HYP-OR-CONT-EVENT-01,SPY,2024-05-15,2024-05-15T14:50:00+00:00,continuation_long,2024,10:00,60min,0.0014034788216770178,1.264825639323603e-07,3024
HYP-OR-CONT-EVENT-01,SPY,2024-05-15,2024-05-15T14:50:00+00:00,continuation_long,2024,10:00,session_close,0.004874902786471624,0.08758939076742542,3024
HYP-OR-CONT-EVENT-01,SPY,2024-05-16,2024-05-16T14:25:00+00:00,continuation_short,2024,10:00,30min,-0.0012341724449802527,1.3548539972838547e-05,3024
HYP-OR-CONT-EVENT-01,SPY,2024-05-16,2024-05-16T14:25:00+00:00,continuation_short,2024,10:00,15min,-0.00035611998794093935,1.4296647615938525e-05,3024
HYP-OR-CONT-EVENT-01,SPY,2024-05-16,2024-05-16T14:25:00+00:00,continuation_short,2024,10:00,60min,-0.0007913777509798159,-1.264825639323603e-07,3024
HYP-OR-CONT-EVENT-01,SPY,2024-05-16,2024-05-16T14:25:00+00:00,continuation_short,2024,10:00,session_close,0.0038815194452820334,-0.08758939076742542,3024
HYP-OR-CONT-EVENT-01,SPY,2024-05-17,2024-05-17T14:50:00+00:00,continuation_long,2024,10:00,30min,-0.0011714911949209927,-1.3548539972838547e-05,3024
HYP-OR-CONT-EVENT-01,SPY,2024-05-17,2024-05-17T14:50:00+00:00,continuation_long,2024,10:00,15min,-0.0007935908094625077,-1.4296647615938525e-05,3024
HYP-OR-CONT-EVENT-01,SPY,2024-05-17,2024-05-17T14:50:00+00:00,continuation_long,2024,10:00,60min,-0.0010959111178293623,1.264825639323603e-07,3024
HYP-OR-CONT-EVENT-01,SPY,2024-05-17,2024-05-17T14:50:00+00:00,continuation_long,2024,10:00,session_close,0.0003590053661852721,0.08758939076742542,3024
HYP-OR-CONT-EVENT-01,SPY,2024-05-20,2024-05-20T14:20:00+00:00,continuation_long,2024,10:00,30min,0.0002541415662651314,-1.3548539972838547e-05,3024
HYP-OR-CONT-EVENT-01,SPY,2024-05-20,2024-05-20T14:20:00+00:00,continuation_long,2024,10:00,15min,-0.0002070783132530618,-1.4296647615938525e-05,3024
HYP-OR-CONT-EVENT-01,SPY,2024-05-20,2024-05-20T14:20:00+00:00,continuation_long,2024,10:00,60min,0.0002445406626503388,1.264825639323603e-07,3024
HYP-OR-CONT-EVENT-01,SPY,2024-05-20,2024-05-20T14:20:00+00:00,continuation_long,2024,10:00,session_close,-0.0022213855421687745,0.08758939076742542,3024
HYP-OR-CONT-EVENT-01,SPY,2024-05-21,2024-05-21T14:20:00+00:00,continuation_long,2024,10:00,30min,0.0008588470685946259,-1.3548539972838547e-05,3024
HYP-OR-CONT-EVENT-01,SPY,2024-05-21,2024-05-21T14:20:00+00:00,continuation_long,2024,10:00,15min,0.0011986107440824512,-1.4296647615938525e-05,3024
HYP-OR-CONT-EVENT-01,SPY,2024-05-21,2024-05-21T14:20:00+00:00,continuation_long,2024,10:00,60min,0.001736569896938489,1.264825639323603e-07,3024
HYP-OR-CONT-EVENT-01,SPY,2024-05-21,2024-05-21T14:20:00+00:00,continuation_long,2024,10:00,session_close,0.0029068670013969733,0.08758939076742542,3024
HYP-OR-CONT-EVENT-01,SPY,2024-05-22,2024-05-22T14:20:00+00:00,continuation_long,2024,10:00,30min,-0.00012239786839396416,-1.3548539972838547e-05,3024
HYP-OR-CONT-EVENT-01,SPY,2024-05-22,2024-05-22T14:20:00+00:00,continuation_long,2024,10:00,15min,-3.747257816966165e-05,-1.4296647615938525e-05,3024
HYP-OR-CONT-EVENT-01,SPY,2024-05-22,2024-05-22T14:20:00+00:00,continuation_long,2024,10:00,60min,1.8830441291584066e-05,1.264825639323603e-07,3024
HYP-OR-CONT-EVENT-01,SPY,2024-05-22,2024-05-22T14:20:00+00:00,continuation_long,2024,10:00,session_close,-0.0023255594994866513,0.08758939076742542,3024
HYP-OR-CONT-EVENT-01,SPY,2024-05-23,2024-05-23T17:15:00+00:00,continuation_short,2024,13:00,30min,0.004002114324548778,-1.842186689311406e-05,2988
HYP-OR-CONT-EVENT-01,SPY,2024-05-23,2024-05-23T17:15:00+00:00,continuation_short,2024,13:00,15min,0.0012176244053462293,-2.839208568200383e-05,2988
HYP-OR-CONT-EVENT-01,SPY,2024-05-23,2024-05-23T17:15:00+00:00,continuation_short,2024,13:00,60min,0.007966472853583095,-7.84039473789208e-07,2988
HYP-OR-CONT-EVENT-01,SPY,2024-05-23,2024-05-23T17:15:00+00:00,continuation_short,2024,13:00,session_close,0.007116967454504186,-0.08844525999046861,2988
HYP-OR-CONT-EVENT-01,SPY,2024-05-24,2024-05-24T14:20:00+00:00,continuation_long,2024,10:00,30min,0.0010956284670287086,-1.3548539972838547e-05,3024
HYP-OR-CONT-EVENT-01,SPY,2024-05-24,2024-05-24T14:20:00+00:00,continuation_long,2024,10:00,15min,0.00018932581078767718,-1.4296647615938525e-05,3024
HYP-OR-CONT-EVENT-01,SPY,2024-05-24,2024-05-24T14:20:00+00:00,continuation_long,2024,10:00,60min,0.0033319449440540883,1.264825639323603e-07,3024
HYP-OR-CONT-EVENT-01,SPY,2024-05-24,2024-05-24T14:20:00+00:00,continuation_long,2024,10:00,session_close,0.0024801681213197924,0.08758939076742542,3024
HYP-OR-CONT-EVENT-01,SPY,2024-05-28,2024-05-28T14:20:00+00:00,continuation_short,2024,10:00,30min,-0.0003776078542434558,1.3548539972838547e-05,3024
HYP-OR-CONT-EVENT-01,SPY,2024-05-28,2024-05-28T14:20:00+00:00,continuation_short,2024,10:00,15min,0.0008307372793352474,1.4296647615938525e-05,3024
HYP-OR-CONT-EVENT-01,SPY,2024-05-28,2024-05-28T14:20:00+00:00,continuation_short,2024,10:00,60min,-0.0004342490323798742,-1.264825639323603e-07,3024
HYP-OR-CONT-EVENT-01,SPY,2024-05-28,2024-05-28T14:20:00+00:00,continuation_short,2024,10:00,session_close,-0.00041536863966773474,-0.08758939076742542,3024
HYP-OR-CONT-EVENT-01,SPY,2024-05-29,2024-05-29T14:20:00+00:00,continuation_long,2024,10:00,30min,0.0008260444267167433,-1.3548539972838547e-05,3024
HYP-OR-CONT-EVENT-01,SPY,2024-05-29,2024-05-29T14:20:00+00:00,continuation_long,2024,10:00,15min,0.0014047883605421418,-1.4296647615938525e-05,3024
HYP-OR-CONT-EVENT-01,SPY,2024-05-29,2024-05-29T14:20:00+00:00,continuation_long,2024,10:00,60min,0.00023742366829071493,1.264825639323603e-07,3024
HYP-OR-CONT-EVENT-01,SPY,2024-05-29,2024-05-29T14:20:00+00:00,continuation_long,2024,10:00,session_close,-0.0007122710048719227,0.08758939076742542,3024
HYP-OR-CONT-EVENT-01,SPY,2024-05-30,2024-05-30T14:30:00+00:00,continuation_short,2024,10:00,30min,0.0016508263674186452,1.3548539972838547e-05,3024
HYP-OR-CONT-EVENT-01,SPY,2024-05-30,2024-05-30T14:30:00+00:00,continuation_short,2024,10:00,15min,0.000868353753960105,1.4296647615938525e-05,3024
HYP-OR-CONT-EVENT-01,SPY,2024-05-30,2024-05-30T14:30:00+00:00,continuation_short,2024,10:00,60min,-0.0006679644261231577,-1.264825639323603e-07,3024
HYP-OR-CONT-EVENT-01,SPY,2024-05-30,2024-05-30T14:30:00+00:00,continuation_short,2024,10:00,session_close,0.002576434215046386,-0.08758939076742542,3024
HYP-OR-CONT-EVENT-01,SPY,2024-05-31,2024-05-31T14:20:00+00:00,continuation_short,2024,10:00,30min,0.002358139713212193,1.3548539972838547e-05,3024
HYP-OR-CONT-EVENT-01,SPY,2024-05-31,2024-05-31T14:20:00+00:00,continuation_short,2024,10:00,15min,0.001571965340081194,1.4296647615938525e-05,3024
HYP-OR-CONT-EVENT-01,SPY,2024-05-31,2024-05-31T14:20:00+00:00,continuation_short,2024,10:00,60min,0.0025784065639138376,-1.264825639323603e-07,3024
HYP-OR-CONT-EVENT-01,SPY,2024-05-31,2024-05-31T14:20:00+00:00,continuation_short,2024,10:00,session_close,-0.010946246453492847,-0.08758939076742542,3024
HYP-OR-CONT-EVENT-01,SPY,2024-06-03,2024-06-03T14:20:00+00:00,continuation_long,2024,10:00,30min,-0.004655828302136844,-1.3548539972838547e-05,3024
HYP-OR-CONT-EVENT-01,SPY,2024-06-03,2024-06-03T14:20:00+00:00,continuation_long,2024,10:00,15min,-0.001930465393568892,-1.4296647615938525e-05,3024
HYP-OR-CONT-EVENT-01,SPY,2024-06-03,2024-06-03T14:20:00+00:00,continuation_long,2024,10:00,60min,-0.00378522626189981,1.264825639323603e-07,3024
HYP-OR-CONT-EVENT-01,SPY,2024-06-03,2024-06-03T14:20:00+00:00,continuation_long,2024,10:00,session_close,-0.001135567878569943,0.08758939076742542,3024
HYP-OR-CONT-EVENT-01,SPY,2024-06-04,2024-06-04T14:20:00+00:00,continuation_long,2024,10:00,30min,2.8483806955748037e-05,-1.3548539972838547e-05,3024
HYP-OR-CONT-EVENT-01,SPY,2024-06-04,2024-06-04T14:20:00+00:00,continuation_long,2024,10:00,15min,0.00046523551361055127,-1.4296647615938525e-05,3024
HYP-OR-CONT-EVENT-01,SPY,2024-06-04,2024-06-04T14:20:00+00:00,continuation_long,2024,10:00,60min,-0.0005791707414336544,1.264825639323603e-07,3024
HYP-OR-CONT-EVENT-01,SPY,2024-06-04,2024-06-04T14:20:00+00:00,continuation_long,2024,10:00,session_close,0.0032946270045479675,0.08758939076742542,3024
HYP-OR-CONT-EVENT-01,SPY,2024-06-05,2024-06-05T14:20:00+00:00,continuation_short,2024,10:00,30min,-0.0027196494674017746,1.3548539972838547e-05,3024
HYP-OR-CONT-EVENT-01,SPY,2024-06-05,2024-06-05T14:20:00+00:00,continuation_short,2024,10:00,15min,-0.0026629901034977976,1.4296647615938525e-05,3024
HYP-OR-CONT-EVENT-01,SPY,2024-06-05,2024-06-05T14:20:00+00:00,continuation_short,2024,10:00,60min,-0.004683840749414525,-1.264825639323603e-07,3024
HYP-OR-CONT-EVENT-01,SPY,2024-06-05,2024-06-05T14:20:00+00:00,continuation_short,2024,10:00,session_close,-0.009764297046158443,-0.08758939076742542,3024
HYP-OR-CONT-EVENT-01,SPY,2024-06-06,2024-06-06T15:20:00+00:00,continuation_short,2024,11:00,30min,0.0006359538372332496,-4.409285056801735e-05,3024
HYP-OR-CONT-EVENT-01,SPY,2024-06-06,2024-06-06T15:20:00+00:00,continuation_short,2024,11:00,15min,0.0006920674111067227,-3.085652327337451e-05,3024
HYP-OR-CONT-EVENT-01,SPY,2024-06-06,2024-06-06T15:20:00+00:00,continuation_short,2024,11:00,60min,0.0014215438714625384,-5.1124432306041036e-05,3024
HYP-OR-CONT-EVENT-01,SPY,2024-06-06,2024-06-06T15:20:00+00:00,continuation_short,2024,11:00,session_close,-0.0,-0.08760395922149784,3024
HYP-OR-CONT-EVENT-01,SPY,2024-06-07,2024-06-07T14:20:00+00:00,continuation_long,2024,10:00,30min,0.002280311249111655,-1.3548539972838547e-05,3024
HYP-OR-CONT-EVENT-01,SPY,2024-06-07,2024-06-07T14:20:00+00:00,continuation_long,2024,10:00,15min,0.0015712094571846968,-1.4296647615938525e-05,3024
HYP-OR-CONT-EVENT-01,SPY,2024-06-07,2024-06-07T14:20:00+00:00,continuation_long,2024,10:00,60min,0.0005424413602184153,1.264825639323603e-07,3024
HYP-OR-CONT-EVENT-01,SPY,2024-06-07,2024-06-07T14:20:00+00:00,continuation_long,2024,10:00,session_close,-0.0012345217163591826,0.08758939076742542,3024
HYP-OR-CONT-EVENT-01,SPY,2024-06-10,2024-06-10T14:20:00+00:00,continuation_long,2024,10:00,30min,0.0008437078146090737,-1.3548539972838547e-05,3024
HYP-OR-CONT-EVENT-01,SPY,2024-06-10,2024-06-10T14:20:00+00:00,continuation_long,2024,10:00,15min,0.0005062246887654887,-1.4296647615938525e-05,3024
HYP-OR-CONT-EVENT-01,SPY,2024-06-10,2024-06-10T14:20:00+00:00,continuation_long,2024,10:00,60min,0.0015374231288434181,1.264825639323603e-07,3024
HYP-OR-CONT-EVENT-01,SPY,2024-06-10,2024-06-10T14:20:00+00:00,continuation_long,2024,10:00,session_close,0.004293535323233844,0.08758939076742542,3024
HYP-OR-CONT-EVENT-01,SPY,2024-06-11,2024-06-11T15:00:00+00:00,continuation_long,2024,11:00,30min,-0.00014961380935463175,4.409285056801735e-05,3024
HYP-OR-CONT-EVENT-01,SPY,2024-06-11,2024-06-11T15:00:00+00:00,continuation_long,2024,11:00,15min,-0.0006732621420957319,3.085652327337451e-05,3024
HYP-OR-CONT-EVENT-01,SPY,2024-06-11,2024-06-11T15:00:00+00:00,continuation_long,2024,11:00,60min,-0.0014963251108077724,5.1124432306041036e-05,3024
HYP-OR-CONT-EVENT-01,SPY,2024-06-11,2024-06-11T15:00:00+00:00,continuation_long,2024,11:00,session_close,0.004114379757251374,0.08760395922149784,3024
HYP-OR-CONT-EVENT-01,SPY,2024-06-12,2024-06-12T14:20:00+00:00,continuation_long,2024,10:00,30min,-0.0008281802120142512,-1.3548539972838547e-05,3024
HYP-OR-CONT-EVENT-01,SPY,2024-06-12,2024-06-12T14:20:00+00:00,continuation_long,2024,10:00,15min,0.0003864840989400431,-1.4296647615938525e-05,3024
HYP-OR-CONT-EVENT-01,SPY,2024-06-12,2024-06-12T14:20:00+00:00,continuation_long,2024,10:00,60min,-0.0002576560659599547,1.264825639323603e-07,3024
HYP-OR-CONT-EVENT-01,SPY,2024-06-12,2024-06-12T14:20:00+00:00,continuation_long,2024,10:00,session_close,-0.003717608951707807,0.08758939076742542,3024
HYP-OR-CONT-EVENT-01,SPY,2024-06-13,2024-06-13T14:20:00+00:00,continuation_short,2024,10:00,30min,0.0007205276479390621,1.3548539972838547e-05,3024
HYP-OR-CONT-EVENT-01,SPY,2024-06-13,2024-06-13T14:20:00+00:00,continuation_short,2024,10:00,15min,-3.6950135791746774e-05,1.4296647615938525e-05,3024
HYP-OR-CONT-EVENT-01,SPY,2024-06-13,2024-06-13T14:20:00+00:00,continuation_short,2024,10:00,60min,0.0008313780553141914,-1.264825639323603e-07,3024
HYP-OR-CONT-EVENT-01,SPY,2024-06-13,2024-06-13T14:20:00+00:00,continuation_short,2024,10:00,session_close,-0.0020876826722338038,-0.08758939076742542,3024
HYP-OR-CONT-EVENT-01,SPY,2024-06-14,2024-06-14T14:20:00+00:00,continuation_short,2024,10:00,30min,-0.0007951183431953446,1.3548539972838547e-05,3024
HYP-OR-CONT-EVENT-01,SPY,2024-06-14,2024-06-14T14:20:00+00:00,continuation_short,2024,10:00,15min,0.0015624999999998002,1.4296647615938525e-05,3024
HYP-OR-CONT-EVENT-01,SPY,2024-06-14,2024-06-14T14:20:00+00:00,continuation_short,2024,10:00,60min,-0.0011279585798815717,-1.264825639323603e-07,3024
HYP-OR-CONT-EVENT-01,SPY,2024-06-14,2024-06-14T14:20:00+00:00,continuation_short,2024,10:00,session_close,-0.0035687869822487173,-0.08758939076742542,3024
HYP-OR-CONT-EVENT-01,SPY,2024-06-17,2024-06-17T14:25:00+00:00,continuation_long,2024,10:00,30min,0.0007356263025755094,-1.3548539972838547e-05,3024
HYP-OR-CONT-EVENT-01,SPY,2024-06-17,2024-06-17T14:25:00+00:00,continuation_long,2024,10:00,15min,0.00027482305616133296,-1.4296647615938525e-05,3024
HYP-OR-CONT-EVENT-01,SPY,2024-06-17,2024-06-17T14:25:00+00:00,continuation_long,2024,10:00,60min,0.0023760858598100842,1.264825639323603e-07,3024
HYP-OR-CONT-EVENT-01,SPY,2024-06-17,2024-06-17T14:25:00+00:00,continuation_long,2024,10:00,session_close,0.008329663803481102,0.08758939076742542,3024
HYP-OR-CONT-EVENT-01,SPY,2024-06-18,2024-06-18T15:10:00+00:00,continuation_short,2024,11:00,30min,-0.0010640768036742632,-4.409285056801735e-05,3024
HYP-OR-CONT-EVENT-01,SPY,2024-06-18,2024-06-18T15:10:00+00:00,continuation_short,2024,11:00,15min,-0.00023219545372277217,-3.085652327337451e-05,3024
HYP-OR-CONT-EVENT-01,SPY,2024-06-18,2024-06-18T15:10:00+00:00,continuation_short,2024,11:00,60min,-0.0013840311690402896,-5.1124432306041036e-05,3024
HYP-OR-CONT-EVENT-01,SPY,2024-06-18,2024-06-18T15:10:00+00:00,continuation_short,2024,11:00,session_close,-0.002810113483242782,-0.08760395922149784,3024
HYP-OR-CONT-EVENT-01,SPY,2024-06-20,2024-06-20T14:30:00+00:00,continuation_short,2024,10:00,30min,-0.00023676829490426599,1.3548539972838547e-05,3024
HYP-OR-CONT-EVENT-01,SPY,2024-06-20,2024-06-20T14:30:00+00:00,continuation_short,2024,10:00,15min,0.0006283466287835271,1.4296647615938525e-05,3024
HYP-OR-CONT-EVENT-01,SPY,2024-06-20,2024-06-20T14:30:00+00:00,continuation_short,2024,10:00,60min,5.463883728551444e-05,-1.264825639323603e-07,3024
HYP-OR-CONT-EVENT-01,SPY,2024-06-20,2024-06-20T14:30:00+00:00,continuation_short,2024,10:00,session_close,0.0038429315557496624,-0.08758939076742542,3024
HYP-OR-CONT-EVENT-01,SPY,2024-06-21,2024-06-21T15:15:00+00:00,continuation_long,2024,11:00,30min,0.0006130465107740957,4.409285056801735e-05,3024
HYP-OR-CONT-EVENT-01,SPY,2024-06-21,2024-06-21T15:15:00+00:00,continuation_long,2024,11:00,15min,-0.0012848280165926873,3.085652327337451e-05,3024
HYP-OR-CONT-EVENT-01,SPY,2024-06-21,2024-06-21T15:15:00+00:00,continuation_long,2024,11:00,60min,0.0011746999008845904,5.1124432306041036e-05,3024
HYP-OR-CONT-EVENT-01,SPY,2024-06-21,2024-06-21T15:15:00+00:00,continuation_long,2024,11:00,session_close,-0.0012664733306414488,0.08760395922149784,3024
HYP-OR-CONT-EVENT-01,SPY,2024-06-24,2024-06-24T14:20:00+00:00,continuation_long,2024,10:00,30min,-0.0019954233409611444,-1.3548539972838547e-05,3024
HYP-OR-CONT-EVENT-01,SPY,2024-06-24,2024-06-24T14:20:00+00:00,continuation_long,2024,10:00,15min,-5.510297482824722e-05,-1.4296647615938525e-05,3024
HYP-OR-CONT-EVENT-01,SPY,2024-06-24,2024-06-24T14:20:00+00:00,continuation_long,2024,10:00,60min,-0.0008604118993135179,1.264825639323603e-07,3024
HYP-OR-CONT-EVENT-01,SPY,2024-06-24,2024-06-24T14:20:00+00:00,continuation_long,2024,10:00,session_close,-0.006590389016018383,0.08758939076742542,3024
HYP-OR-CONT-EVENT-01,SPY,2024-06-25,2024-06-25T14:30:00+00:00,continuation_long,2024,10:00,30min,-0.0004411926909078101,-1.3548539972838547e-05,3024
HYP-OR-CONT-EVENT-01,SPY,2024-06-25,2024-06-25T14:30:00+00:00,continuation_long,2024,10:00,15min,-0.00031508511342337453,-1.4296647615938525e-05,3024
HYP-OR-CONT-EVENT-01,SPY,2024-06-25,2024-06-25T14:30:00+00:00,continuation_long,2024,10:00,60min,0.0005147248060590748,1.264825639323603e-07,3024
HYP-OR-CONT-EVENT-01,SPY,2024-06-25,2024-06-25T14:30:00+00:00,continuation_long,2024,10:00,session_close,0.0014706423030257376,0.08758939076742542,3024
HYP-OR-CONT-EVENT-01,SPY,2024-06-26,2024-06-26T14:20:00+00:00,continuation_long,2024,10:00,30min,-7.345784437950975e-05,-1.3548539972838547e-05,3024
HYP-OR-CONT-EVENT-01,SPY,2024-06-26,2024-06-26T14:20:00+00:00,continuation_long,2024,10:00,15min,-0.001245110462233523,-1.4296647615938525e-05,3024
HYP-OR-CONT-EVENT-01,SPY,2024-06-26,2024-06-26T14:20:00+00:00,continuation_long,2024,10:00,60min,-0.0007070317521532532,1.264825639323603e-07,3024
HYP-OR-CONT-EVENT-01,SPY,2024-06-26,2024-06-26T14:20:00+00:00,continuation_long,2024,10:00,session_close,0.001818081648394143,0.08758939076742542,3024
HYP-OR-CONT-EVENT-01,SPY,2024-06-27,2024-06-27T14:30:00+00:00,continuation_long,2024,10:00,30min,-0.0014637805792910852,-1.3548539972838547e-05,3024
HYP-OR-CONT-EVENT-01,SPY,2024-06-27,2024-06-27T14:30:00+00:00,continuation_long,2024,10:00,15min,-0.0006404040034398983,-1.4296647615938525e-05,3024
HYP-OR-CONT-EVENT-01,SPY,2024-06-27,2024-06-27T14:30:00+00:00,continuation_long,2024,10:00,60min,-0.0030556419592702166,1.264825639323603e-07,3024
HYP-OR-CONT-EVENT-01,SPY,2024-06-27,2024-06-27T14:30:00+00:00,continuation_long,2024,10:00,session_close,-0.00032935063034045253,0.08758939076742542,3024
HYP-OR-CONT-EVENT-01,SPY,2024-06-28,2024-06-28T14:20:00+00:00,continuation_long,2024,10:00,30min,-0.0009647414310937075,-1.3548539972838547e-05,3024
HYP-OR-CONT-EVENT-01,SPY,2024-06-28,2024-06-28T14:20:00+00:00,continuation_long,2024,10:00,15min,0.00029124269617919474,-1.4296647615938525e-05,3024
HYP-OR-CONT-EVENT-01,SPY,2024-06-28,2024-06-28T14:20:00+00:00,continuation_long,2024,10:00,60min,-0.002402752243478967,1.264825639323603e-07,3024
HYP-OR-CONT-EVENT-01,SPY,2024-06-28,2024-06-28T14:20:00+00:00,continuation_long,2024,10:00,session_close,-0.009611008973915536,0.08758939076742542,3024
HYP-OR-CONT-EVENT-01,SPY,2024-07-01,2024-07-01T14:30:00+00:00,continuation_short,2024,10:00,30min,0.001956569664903096,1.3548539972838547e-05,3024
HYP-OR-CONT-EVENT-01,SPY,2024-07-01,2024-07-01T14:30:00+00:00,continuation_short,2024,10:00,15min,0.0025812022339801732,1.4296647615938525e-05,3024
HYP-OR-CONT-EVENT-01,SPY,2024-07-01,2024-07-01T14:30:00+00:00,continuation_short,2024,10:00,60min,0.00031231628453864957,-1.264825639323603e-07,3024
HYP-OR-CONT-EVENT-01,SPY,2024-07-01,2024-07-01T14:30:00+00:00,continuation_short,2024,10:00,session_close,-0.0019290123456789932,-0.08758939076742542,3024
HYP-OR-CONT-EVENT-01,SPY,2024-07-02,2024-07-02T14:25:00+00:00,continuation_long,2024,10:00,30min,0.0018356707540936323,-1.3548539972838547e-05,3024
HYP-OR-CONT-EVENT-01,SPY,2024-07-02,2024-07-02T14:25:00+00:00,continuation_long,2024,10:00,15min,0.0009912622072103527,-1.4296647615938525e-05,3024
HYP-OR-CONT-EVENT-01,SPY,2024-07-02,2024-07-02T14:25:00+00:00,continuation_long,2024,10:00,60min,0.0023863719803214334,1.264825639323603e-07,3024
HYP-OR-CONT-EVENT-01,SPY,2024-07-02,2024-07-02T14:25:00+00:00,continuation_long,2024,10:00,session_close,0.007728173874733901,0.08758939076742542,3024
HYP-OR-CONT-EVENT-01,SPY,2024-07-03,2024-07-03T14:20:00+00:00,continuation_long,2024,10:00,30min,0.0001273653566229438,-1.3548539972838547e-05,3024
HYP-OR-CONT-EVENT-01,SPY,2024-07-03,2024-07-03T14:20:00+00:00,continuation_long,2024,10:00,15min,-0.0003093158660845141,-1.4296647615938525e-05,3024
HYP-OR-CONT-EVENT-01,SPY,2024-07-03,2024-07-03T14:20:00+00:00,continuation_long,2024,10:00,60min,0.0011098981077146686,1.264825639323603e-07,3024
HYP-OR-CONT-EVENT-01,SPY,2024-07-03,2024-07-03T14:20:00+00:00,continuation_long,2024,10:00,session_close,0.0032387190684133316,0.08758939076742542,3024
HYP-OR-CONT-EVENT-01,SPY,2024-07-05,2024-07-05T14:25:00+00:00,continuation_short,2024,10:00,30min,-0.0004437521508395825,1.3548539972838547e-05,3024
HYP-OR-CONT-EVENT-01,SPY,2024-07-05,2024-07-05T14:25:00+00:00,continuation_short,2024,10:00,15min,-0.0008331673036170439,1.4296647615938525e-05,3024
HYP-OR-CONT-EVENT-01,SPY,2024-07-05,2024-07-05T14:25:00+00:00,continuation_short,2024,10:00,60min,-0.0014489866149860475,-1.264825639323603e-07,3024
HYP-OR-CONT-EVENT-01,SPY,2024-07-05,2024-07-05T14:25:00+00:00,continuation_short,2024,10:00,session_close,-0.004691094166017651,-0.08758939076742542,3024
HYP-OR-CONT-EVENT-01,SPY,2024-07-08,2024-07-08T14:40:00+00:00,continuation_short,2024,10:00,30min,-2.9354623299227e-05,1.3548539972838547e-05,3024
HYP-OR-CONT-EVENT-01,SPY,2024-07-08,2024-07-08T14:40:00+00:00,continuation_short,2024,10:00,15min,0.00014191069423141744,1.4296647615938525e-05,3024
HYP-OR-CONT-EVENT-01,SPY,2024-07-08,2024-07-08T14:40:00+00:00,continuation_short,2024,10:00,60min,0.0002859824650248699,-1.264825639323603e-07,3024
HYP-OR-CONT-EVENT-01,SPY,2024-07-08,2024-07-08T14:40:00+00:00,continuation_short,2024,10:00,session_close,-0.00011021490465679129,-0.08758939076742542,3024
HYP-OR-CONT-EVENT-01,SPY,2024-07-09,2024-07-09T14:20:00+00:00,continuation_long,2024,10:00,30min,0.000197671075330641,-1.3548539972838547e-05,3024
HYP-OR-CONT-EVENT-01,SPY,2024-07-09,2024-07-09T14:20:00+00:00,continuation_long,2024,10:00,15min,-3.594019551467209e-05,-1.4296647615938525e-05,3024
HYP-OR-CONT-EVENT-01,SPY,2024-07-09,2024-07-09T14:20:00+00:00,continuation_long,2024,10:00,60min,-0.000988355376653427,1.264825639323603e-07,3024
HYP-OR-CONT-EVENT-01,SPY,2024-07-09,2024-07-09T14:20:00+00:00,continuation_long,2024,10:00,session_close,-0.0011321161587118933,0.08758939076742542,3024
HYP-OR-CONT-EVENT-01,SPY,2024-07-10,2024-07-10T14:20:00+00:00,continuation_long,2024,10:00,30min,-0.0005920185140334544,-1.3548539972838547e-05,3024
HYP-OR-CONT-EVENT-01,SPY,2024-07-10,2024-07-10T14:20:00+00:00,continuation_long,2024,10:00,15min,-0.00027806930204599123,-1.4296647615938525e-05,3024
HYP-OR-CONT-EVENT-01,SPY,2024-07-10,2024-07-10T14:20:00+00:00,continuation_long,2024,10:00,60min,0.00012557968479498527,1.264825639323603e-07,3024
HYP-OR-CONT-EVENT-01,SPY,2024-07-10,2024-07-10T14:20:00+00:00,continuation_long,2024,10:00,session_close,0.006897912686239183,0.08758939076742542,3024
HYP-OR-CONT-EVENT-01,SPY,2024-07-11,2024-07-11T14:20:00+00:00,continuation_long,2024,10:00,30min,-0.001178929317828814,-1.3548539972838547e-05,3024
HYP-OR-CONT-EVENT-01,SPY,2024-07-11,2024-07-11T14:20:00+00:00,continuation_long,2024,10:00,15min,-0.0005001518318061837,-1.4296647615938525e-05,3024
HYP-OR-CONT-EVENT-01,SPY,2024-07-11,2024-07-11T14:20:00+00:00,continuation_long,2024,10:00,60min,-0.004304878266616852,1.264825639323603e-07,3024
HYP-OR-CONT-EVENT-01,SPY,2024-07-11,2024-07-11T14:20:00+00:00,continuation_long,2024,10:00,session_close,-0.006091134808781429,0.08758939076742542,3024
HYP-OR-CONT-EVENT-01,SPY,2024-07-12,2024-07-12T14:20:00+00:00,continuation_long,2024,10:00,30min,0.0027493212440130588,-1.3548539972838547e-05,3024
HYP-OR-CONT-EVENT-01,SPY,2024-07-12,2024-07-12T14:20:00+00:00,continuation_long,2024,10:00,15min,0.0016150096398623859,-1.4296647615938525e-05,3024
HYP-OR-CONT-EVENT-01,SPY,2024-07-12,2024-07-12T14:20:00+00:00,continuation_long,2024,10:00,60min,0.0027314580691446544,1.264825639323603e-07,3024
HYP-OR-CONT-EVENT-01,SPY,2024-07-12,2024-07-12T14:20:00+00:00,continuation_long,2024,10:00,session_close,0.00015916088807843565,0.08758939076742542,3024
HYP-OR-CONT-EVENT-01,SPY,2024-07-15,2024-07-15T14:50:00+00:00,continuation_long,2024,10:00,30min,0.002646296427810446,-1.3548539972838547e-05,3024
HYP-OR-CONT-EVENT-01,SPY,2024-07-15,2024-07-15T14:50:00+00:00,continuation_long,2024,10:00,15min,0.0014203536680632567,-1.4296647615938525e-05,3024
HYP-OR-CONT-EVENT-01,SPY,2024-07-15,2024-07-15T14:50:00+00:00,continuation_long,2024,10:00,60min,0.0004261061004189326,1.264825639323603e-07,3024
HYP-OR-CONT-EVENT-01,SPY,2024-07-15,2024-07-15T14:50:00+00:00,continuation_long,2024,10:00,session_close,-0.003107023648888596,0.08758939076742542,3024
HYP-OR-CONT-EVENT-01,SPY,2024-07-16,2024-07-16T14:20:00+00:00,continuation_short,2024,10:00,30min,-0.0014930678990401347,1.3548539972838547e-05,3024
HYP-OR-CONT-EVENT-01,SPY,2024-07-16,2024-07-16T14:20:00+00:00,continuation_short,2024,10:00,15min,-0.0010309278350513207,1.4296647615938525e-05,3024
HYP-OR-CONT-EVENT-01,SPY,2024-07-16,2024-07-16T14:20:00+00:00,continuation_short,2024,10:00,60min,-0.0021329541414858433,-1.264825639323603e-07,3024
HYP-OR-CONT-EVENT-01,SPY,2024-07-16,2024-07-16T14:20:00+00:00,continuation_short,2024,10:00,session_close,-0.0039904017063632224,-0.08758939076742542,3024
HYP-OR-CONT-EVENT-01,SPY,2024-07-17,2024-07-17T14:25:00+00:00,continuation_short,2024,10:00,30min,0.0012880834391828522,1.3548539972838547e-05,3024
HYP-OR-CONT-EVENT-01,SPY,2024-07-17,2024-07-17T14:25:00+00:00,continuation_short,2024,10:00,15min,0.0002504606687299127,1.4296647615938525e-05,3024
HYP-OR-CONT-EVENT-01,SPY,2024-07-17,2024-07-17T14:25:00+00:00,continuation_short,2024,10:00,60min,0.0006621106678353916,-1.264825639323603e-07,3024
HYP-OR-CONT-EVENT-01,SPY,2024-07-17,2024-07-17T14:25:00+00:00,continuation_short,2024,10:00,session_close,0.0036137896488183108,-0.08758939076742542,3024
HYP-OR-CONT-EVENT-01,SPY,2024-07-18,2024-07-18T14:20:00+00:00,continuation_long,2024,10:00,30min,-0.0030047583538596045,-1.3548539972838547e-05,3024
HYP-OR-CONT-EVENT-01,SPY,2024-07-18,2024-07-18T14:20:00+00:00,continuation_long,2024,10:00,15min,-0.004042177155715865,-1.4296647615938525e-05,3024
HYP-OR-CONT-EVENT-01,SPY,2024-07-18,2024-07-18T14:20:00+00:00,continuation_long,2024,10:00,60min,-0.00876440022257996,1.264825639323603e-07,3024
HYP-OR-CONT-EVENT-01,SPY,2024-07-18,2024-07-18T14:20:00+00:00,continuation_long,2024,10:00,session_close,-0.011482974079375707,0.08758939076742542,3024
HYP-OR-CONT-EVENT-01,SPY,2024-07-19,2024-07-19T14:45:00+00:00,continuation_short,2024,10:00,30min,-9.079683300661223e-05,1.3548539972838547e-05,3024
HYP-OR-CONT-EVENT-01,SPY,2024-07-19,2024-07-19T14:45:00+00:00,continuation_short,2024,10:00,15min,-0.0019248928597370707,1.4296647615938525e-05,3024
HYP-OR-CONT-EVENT-01,SPY,2024-07-19,2024-07-19T14:45:00+00:00,continuation_short,2024,10:00,60min,0.0012130456889664076,-1.264825639323603e-07,3024
HYP-OR-CONT-EVENT-01,SPY,2024-07-19,2024-07-19T14:45:00+00:00,continuation_short,2024,10:00,session_close,0.003177889155226321,-0.08758939076742542,3024
HYP-OR-CONT-EVENT-01,SPY,2024-07-22,2024-07-22T14:20:00+00:00,continuation_short,2024,10:00,30min,-0.002317413187529427,1.3548539972838547e-05,3024
HYP-OR-CONT-EVENT-01,SPY,2024-07-22,2024-07-22T14:20:00+00:00,continuation_short,2024,10:00,15min,-0.0031321287612702253,1.4296647615938525e-05,3024
HYP-OR-CONT-EVENT-01,SPY,2024-07-22,2024-07-22T14:20:00+00:00,continuation_short,2024,10:00,60min,0.0006698772495202787,-1.264825639323603e-07,3024
HYP-OR-CONT-EVENT-01,SPY,2024-07-22,2024-07-22T14:20:00+00:00,continuation_short,2024,10:00,session_close,-0.004182206611869299,-0.08758939076742542,3024
HYP-OR-CONT-EVENT-01,SPY,2024-07-23,2024-07-23T14:20:00+00:00,continuation_long,2024,10:00,30min,-0.00300284101125603,-1.3548539972838547e-05,3024
HYP-OR-CONT-EVENT-01,SPY,2024-07-23,2024-07-23T14:20:00+00:00,continuation_long,2024,10:00,15min,-0.0009979501564353344,-1.4296647615938525e-05,3024
HYP-OR-CONT-EVENT-01,SPY,2024-07-23,2024-07-23T14:20:00+00:00,continuation_long,2024,10:00,60min,0.0005753946847917302,1.264825639323603e-07,3024
HYP-OR-CONT-EVENT-01,SPY,2024-07-23,2024-07-23T14:20:00+00:00,continuation_long,2024,10:00,session_close,-0.004351422303736419,0.08758939076742542,3024
HYP-OR-CONT-EVENT-01,SPY,2024-07-24,2024-07-24T14:20:00+00:00,continuation_short,2024,10:00,30min,0.0005681089303057885,1.3548539972838547e-05,3024
HYP-OR-CONT-EVENT-01,SPY,2024-07-24,2024-07-24T14:20:00+00:00,continuation_short,2024,10:00,15min,0.0002565653233639331,1.4296647615938525e-05,3024
HYP-OR-CONT-EVENT-01,SPY,2024-07-24,2024-07-24T14:20:00+00:00,continuation_short,2024,10:00,60min,0.0026023054226912423,-1.264825639323603e-07,3024
HYP-OR-CONT-EVENT-01,SPY,2024-07-24,2024-07-24T14:20:00+00:00,continuation_short,2024,10:00,session_close,0.008173438158593838,-0.08758939076742542,3024
HYP-OR-CONT-EVENT-01,SPY,2024-07-25,2024-07-25T14:20:00+00:00,continuation_short,2024,10:00,30min,-0.004800919403870507,1.3548539972838547e-05,3024
HYP-OR-CONT-EVENT-01,SPY,2024-07-25,2024-07-25T14:20:00+00:00,continuation_short,2024,10:00,15min,-0.002076073255727673,1.4296647615938525e-05,3024
HYP-OR-CONT-EVENT-01,SPY,2024-07-25,2024-07-25T14:20:00+00:00,continuation_short,2024,10:00,60min,-0.007377474605175349,-1.264825639323603e-07,3024
HYP-OR-CONT-EVENT-01,SPY,2024-07-25,2024-07-25T14:20:00+00:00,continuation_short,2024,10:00,session_close,0.002113145992437171,-0.08758939076742542,3024
HYP-OR-CONT-EVENT-01,SPY,2024-07-26,2024-07-26T14:20:00+00:00,continuation_long,2024,10:00,30min,-0.00014744097753371932,-1.3548539972838547e-05,3024
HYP-OR-CONT-EVENT-01,SPY,2024-07-26,2024-07-26T14:20:00+00:00,continuation_long,2024,10:00,15min,-0.000866215743010379,-1.4296647615938525e-05,3024
HYP-OR-CONT-EVENT-01,SPY,2024-07-26,2024-07-26T14:20:00+00:00,continuation_long,2024,10:00,60min,0.0015389152030076403,1.264825639323603e-07,3024
HYP-OR-CONT-EVENT-01,SPY,2024-07-26,2024-07-26T14:20:00+00:00,continuation_long,2024,10:00,session_close,0.0032989918723160816,0.08758939076742542,3024
HYP-OR-CONT-EVENT-01,SPY,2024-07-29,2024-07-29T14:50:00+00:00,continuation_short,2024,10:00,30min,0.0015606522457675132,1.3548539972838547e-05,3024
HYP-OR-CONT-EVENT-01,SPY,2024-07-29,2024-07-29T14:50:00+00:00,continuation_short,2024,10:00,15min,0.0013588453487091146,1.4296647615938525e-05,3024
HYP-OR-CONT-EVENT-01,SPY,2024-07-29,2024-07-29T14:50:00+00:00,continuation_short,2024,10:00,60min,-0.0009824084615666084,-1.264825639323603e-07,3024
HYP-OR-CONT-EVENT-01,SPY,2024-07-29,2024-07-29T14:50:00+00:00,continuation_short,2024,10:00,session_close,-0.0003305299496858538,-0.08758939076742542,3024
HYP-OR-CONT-EVENT-01,SPY,2024-07-30,2024-07-30T14:20:00+00:00,continuation_short,2024,10:00,30min,0.0017973448731112285,1.3548539972838547e-05,3024
HYP-OR-CONT-EVENT-01,SPY,2024-07-30,2024-07-30T14:20:00+00:00,continuation_short,2024,10:00,15min,0.0016141631216077812,1.4296647615938525e-05,3024
HYP-OR-CONT-EVENT-01,SPY,2024-07-30,2024-07-30T14:20:00+00:00,continuation_short,2024,10:00,60min,0.005210136423646761,-1.264825639323603e-07,3024
HYP-OR-CONT-EVENT-01,SPY,2024-07-30,2024-07-30T14:20:00+00:00,continuation_short,2024,10:00,session_close,0.00632609652339744,-0.08758939076742542,3024
HYP-OR-CONT-EVENT-01,SPY,2024-07-31,2024-07-31T14:20:00+00:00,continuation_long,2024,10:00,30min,-0.001362447318703719,-1.3548539972838547e-05,3024
HYP-OR-CONT-EVENT-01,SPY,2024-07-31,2024-07-31T14:20:00+00:00,continuation_long,2024,10:00,15min,0.001326115390204885,-1.4296647615938525e-05,3024
HYP-OR-CONT-EVENT-01,SPY,2024-07-31,2024-07-31T14:20:00+00:00,continuation_long,2024,10:00,60min,0.0008447173375962791,1.264825639323603e-07,3024
HYP-OR-CONT-EVENT-01,SPY,2024-07-31,2024-07-31T14:20:00+00:00,continuation_long,2024,10:00,session_close,-7.266385699744582e-05,0.08758939076742542,3024
HYP-OR-CONT-EVENT-01,SPY,2024-08-01,2024-08-01T14:25:00+00:00,continuation_short,2024,10:00,30min,0.00629832649653328,1.3548539972838547e-05,3024
HYP-OR-CONT-EVENT-01,SPY,2024-08-01,2024-08-01T14:25:00+00:00,continuation_short,2024,10:00,15min,0.004065778487675642,1.4296647615938525e-05,3024
HYP-OR-CONT-EVENT-01,SPY,2024-08-01,2024-08-01T14:25:00+00:00,continuation_short,2024,10:00,60min,0.008657930083130871,-1.264825639323603e-07,3024
HYP-OR-CONT-EVENT-01,SPY,2024-08-01,2024-08-01T14:25:00+00:00,continuation_short,2024,10:00,session_close,0.014339129487784708,-0.08758939076742542,3024
HYP-OR-CONT-EVENT-01,SPY,2024-08-02,2024-08-02T14:20:00+00:00,continuation_short,2024,10:00,30min,0.00022634676324129188,1.3548539972838547e-05,3024
HYP-OR-CONT-EVENT-01,SPY,2024-08-02,2024-08-02T14:20:00+00:00,continuation_short,2024,10:00,15min,0.0018484985664705134,1.4296647615938525e-05,3024
HYP-OR-CONT-EVENT-01,SPY,2024-08-02,2024-08-02T14:20:00+00:00,continuation_short,2024,10:00,60min,0.0009619737437754905,-1.264825639323603e-07,3024
HYP-OR-CONT-EVENT-01,SPY,2024-08-02,2024-08-02T14:20:00+00:00,continuation_short,2024,10:00,session_close,-0.005319148936170359,-0.08758939076742542,3024
HYP-OR-CONT-EVENT-01,SPY,2024-08-05,2024-08-05T14:20:00+00:00,continuation_long,2024,10:00,30min,0.0006173411297014653,-1.3548539972838547e-05,3024
HYP-OR-CONT-EVENT-01,SPY,2024-08-05,2024-08-05T14:20:00+00:00,continuation_long,2024,10:00,15min,-0.002045581736428881,-1.4296647615938525e-05,3024
HYP-OR-CONT-EVENT-01,SPY,2024-08-05,2024-08-05T14:20:00+00:00,continuation_long,2024,10:00,60min,0.005171848163800785,1.264825639323603e-07,3024
HYP-OR-CONT-EVENT-01,SPY,2024-08-05,2024-08-05T14:20:00+00:00,continuation_long,2024,10:00,session_close,-0.001505239390957147,0.08758939076742542,3024
HYP-OR-CONT-EVENT-01,SPY,2024-08-06,2024-08-06T14:20:00+00:00,continuation_long,2024,10:00,30min,0.003934000458330367,-1.3548539972838547e-05,3024
HYP-OR-CONT-EVENT-01,SPY,2024-08-06,2024-08-06T14:20:00+00:00,continuation_long,2024,10:00,15min,0.000744786494538241,-1.4296647615938525e-05,3024
HYP-OR-CONT-EVENT-01,SPY,2024-08-06,2024-08-06T14:20:00+00:00,continuation_long,2024,10:00,60min,0.0006874952257276412,1.264825639323603e-07,3024
HYP-OR-CONT-EVENT-01,SPY,2024-08-06,2024-08-06T14:20:00+00:00,continuation_long,2024,10:00,session_close,-0.002769077992513802,0.08758939076742542,3024
HYP-OR-CONT-EVENT-01,SPY,2024-08-07,2024-08-07T14:20:00+00:00,continuation_long,2024,10:00,30min,0.0023250538731995896,-1.3548539972838547e-05,3024
HYP-OR-CONT-EVENT-01,SPY,2024-08-07,2024-08-07T14:20:00+00:00,continuation_long,2024,10:00,15min,-0.000604892064572149,-1.4296647615938525e-05,3024
HYP-OR-CONT-EVENT-01,SPY,2024-08-07,2024-08-07T14:20:00+00:00,continuation_long,2024,10:00,60min,0.0003969604173756913,1.264825639323603e-07,3024
HYP-OR-CONT-EVENT-01,SPY,2024-08-07,2024-08-07T14:20:00+00:00,continuation_long,2024,10:00,session_close,-0.01960228346754378,0.08758939076742542,3024
HYP-OR-CONT-EVENT-01,SPY,2024-08-08,2024-08-08T14:20:00+00:00,continuation_long,2024,10:00,30min,0.0025449641995707317,-1.3548539972838547e-05,3024
HYP-OR-CONT-EVENT-01,SPY,2024-08-08,2024-08-08T14:20:00+00:00,continuation_long,2024,10:00,15min,0.0024120183085483138,-1.4296647615938525e-05,3024
HYP-OR-CONT-EVENT-01,SPY,2024-08-08,2024-08-08T14:20:00+00:00,continuation_long,2024,10:00,60min,0.0027728714413235434,1.264825639323603e-07,3024
HYP-OR-CONT-EVENT-01,SPY,2024-08-08,2024-08-08T14:20:00+00:00,continuation_long,2024,10:00,session_close,0.007786830759880736,0.08758939076742542,3024
HYP-OR-CONT-EVENT-01,SPY,2024-08-09,2024-08-09T14:30:00+00:00,continuation_long,2024,10:00,30min,0.0028943748233298816,-1.3548539972838547e-05,3024
HYP-OR-CONT-EVENT-01,SPY,2024-08-09,2024-08-09T14:30:00+00:00,continuation_long,2024,10:00,15min,0.0004899651370959823,-1.4296647615938525e-05,3024
HYP-OR-CONT-EVENT-01,SPY,2024-08-09,2024-08-09T14:30:00+00:00,continuation_long,2024,10:00,60min,0.0016583435409402991,1.264825639323603e-07,3024
HYP-OR-CONT-EVENT-01,SPY,2024-08-09,2024-08-09T14:30:00+00:00,continuation_long,2024,10:00,session_close,0.004258927730142359,0.08758939076742542,3024
HYP-OR-CONT-EVENT-01,SPY,2024-08-12,2024-08-12T14:45:00+00:00,continuation_long,2024,10:00,30min,0.0009539485990048835,-1.3548539972838547e-05,3024
HYP-OR-CONT-EVENT-01,SPY,2024-08-12,2024-08-12T14:45:00+00:00,continuation_long,2024,10:00,15min,0.001814372825558408,-1.4296647615938525e-05,3024
HYP-OR-CONT-EVENT-01,SPY,2024-08-12,2024-08-12T14:45:00+00:00,continuation_long,2024,10:00,60min,-0.002281994687815647,1.264825639323603e-07,3024
HYP-OR-CONT-EVENT-01,SPY,2024-08-12,2024-08-12T14:45:00+00:00,continuation_long,2024,10:00,session_close,-0.0025625678051700573,0.08758939076742542,3024
HYP-OR-CONT-EVENT-01,SPY,2024-08-13,2024-08-13T15:10:00+00:00,continuation_long,2024,11:00,30min,0.0006036235988968741,4.409285056801735e-05,3024
HYP-OR-CONT-EVENT-01,SPY,2024-08-13,2024-08-13T15:10:00+00:00,continuation_long,2024,11:00,15min,0.0004921853960235811,3.085652327337451e-05,3024
HYP-OR-CONT-EVENT-01,SPY,2024-08-13,2024-08-13T15:10:00+00:00,continuation_long,2024,11:00,60min,0.0017365786614416123,5.1124432306041036e-05,3024
HYP-OR-CONT-EVENT-01,SPY,2024-08-13,2024-08-13T15:10:00+00:00,continuation_long,2024,11:00,session_close,0.0066584326216767575,0.08760395922149784,3024
HYP-OR-CONT-EVENT-01,SPY,2024-08-14,2024-08-14T14:20:00+00:00,continuation_short,2024,10:00,30min,-0.0011081769833063415,1.3548539972838547e-05,3024
HYP-OR-CONT-EVENT-01,SPY,2024-08-14,2024-08-14T14:20:00+00:00,continuation_short,2024,10:00,15min,0.0010156596247598015,1.4296647615938525e-05,3024
HYP-OR-CONT-EVENT-01,SPY,2024-08-14,2024-08-14T14:20:00+00:00,continuation_short,2024,10:00,60min,-0.00228985079036792,-1.264825639323603e-07,3024
HYP-OR-CONT-EVENT-01,SPY,2024-08-14,2024-08-14T14:20:00+00:00,continuation_short,2024,10:00,session_close,-0.004173437730831786,-0.08758939076742542,3024
HYP-OR-CONT-EVENT-01,SPY,2024-08-15,2024-08-15T14:30:00+00:00,continuation_short,2024,10:00,30min,-0.0017441860465117198,1.3548539972838547e-05,3024
HYP-OR-CONT-EVENT-01,SPY,2024-08-15,2024-08-15T14:30:00+00:00,continuation_short,2024,10:00,15min,-0.0009538517441860517,1.4296647615938525e-05,3024
HYP-OR-CONT-EVENT-01,SPY,2024-08-15,2024-08-15T14:30:00+00:00,continuation_short,2024,10:00,60min,-0.002053052325581284,-1.264825639323603e-07,3024
HYP-OR-CONT-EVENT-01,SPY,2024-08-15,2024-08-15T14:30:00+00:00,continuation_short,2024,10:00,session_close,-0.004847020348837328,-0.08758939076742542,3024
HYP-OR-CONT-EVENT-01,SPY,2024-08-16,2024-08-16T14:20:00+00:00,continuation_long,2024,10:00,30min,-0.0023670135877422727,-1.3548539972838547e-05,3024
HYP-OR-CONT-EVENT-01,SPY,2024-08-16,2024-08-16T14:20:00+00:00,continuation_long,2024,10:00,15min,-0.001174472390864545,-1.4296647615938525e-05,3024
HYP-OR-CONT-EVENT-01,SPY,2024-08-16,2024-08-16T14:20:00+00:00,continuation_long,2024,10:00,60min,-0.001680398959236884,1.264825639323603e-07,3024
HYP-OR-CONT-EVENT-01,SPY,2024-08-16,2024-08-16T14:20:00+00:00,continuation_long,2024,10:00,session_close,0.0013912980630239602,0.08758939076742542,3024
HYP-OR-CONT-EVENT-01,SPY,2024-08-19,2024-08-19T14:50:00+00:00,continuation_long,2024,10:00,30min,0.0013582556758895414,-1.3548539972838547e-05,3024
HYP-OR-CONT-EVENT-01,SPY,2024-08-19,2024-08-19T14:50:00+00:00,continuation_long,2024,10:00,15min,0.0015291620192134925,-1.4296647615938525e-05,3024
HYP-OR-CONT-EVENT-01,SPY,2024-08-19,2024-08-19T14:50:00+00:00,continuation_long,2024,10:00,60min,0.001763033857446139,1.264825639323603e-07,3024
HYP-OR-CONT-EVENT-01,SPY,2024-08-19,2024-08-19T14:50:00+00:00,continuation_long,2024,10:00,session_close,0.006656352318929137,0.08758939076742542,3024
HYP-OR-CONT-EVENT-01,SPY,2024-08-20,2024-08-20T14:30:00+00:00,continuation_short,2024,10:00,30min,0.0013235557145412358,1.3548539972838547e-05,3024
HYP-OR-CONT-EVENT-01,SPY,2024-08-20,2024-08-20T14:30:00+00:00,continuation_short,2024,10:00,15min,0.0006082990520479559,1.4296647615938525e-05,3024
HYP-OR-CONT-EVENT-01,SPY,2024-08-20,2024-08-20T14:30:00+00:00,continuation_short,2024,10:00,60min,0.001556072258987684,-1.264825639323603e-07,3024
HYP-OR-CONT-EVENT-01,SPY,2024-08-20,2024-08-20T14:30:00+00:00,continuation_short,2024,10:00,session_close,0.0008585226256484502,-0.08758939076742542,3024
HYP-OR-CONT-EVENT-01,SPY,2024-08-21,2024-08-21T14:20:00+00:00,continuation_long,2024,10:00,30min,-0.002659811849551108,-1.3548539972838547e-05,3024
HYP-OR-CONT-EVENT-01,SPY,2024-08-21,2024-08-21T14:20:00+00:00,continuation_long,2024,10:00,15min,0.0019279173137685124,-1.4296647615938525e-05,3024
HYP-OR-CONT-EVENT-01,SPY,2024-08-21,2024-08-21T14:20:00+00:00,continuation_long,2024,10:00,60min,-0.00042824755886405885,1.264825639323603e-07,3024
HYP-OR-CONT-EVENT-01,SPY,2024-08-21,2024-08-21T14:20:00+00:00,continuation_long,2024,10:00,session_close,0.0009104053981685567,0.08758939076742542,3024
HYP-OR-CONT-EVENT-01,SPY,2024-08-22,2024-08-22T14:25:00+00:00,continuation_short,2024,10:00,30min,0.0010870727447696016,1.3548539972838547e-05,3024
HYP-OR-CONT-EVENT-01,SPY,2024-08-22,2024-08-22T14:25:00+00:00,continuation_short,2024,10:00,15min,0.0007484763160707786,1.4296647615938525e-05,3024
HYP-OR-CONT-EVENT-01,SPY,2024-08-22,2024-08-22T14:25:00+00:00,continuation_short,2024,10:00,60min,0.0035135616780125334,-1.264825639323603e-07,3024
HYP-OR-CONT-EVENT-01,SPY,2024-08-22,2024-08-22T14:25:00+00:00,continuation_short,2024,10:00,session_close,0.00878568628149834,-0.08758939076742542,3024
HYP-OR-CONT-EVENT-01,SPY,2024-08-23,2024-08-23T14:20:00+00:00,continuation_long,2024,10:00,30min,-0.0027261064785117917,-1.3548539972838547e-05,3024
HYP-OR-CONT-EVENT-01,SPY,2024-08-23,2024-08-23T14:20:00+00:00,continuation_long,2024,10:00,15min,0.00035635378804088624,-1.4296647615938525e-05,3024
HYP-OR-CONT-EVENT-01,SPY,2024-08-23,2024-08-23T14:20:00+00:00,continuation_long,2024,10:00,60min,0.0010957878982253977,1.264825639323603e-07,3024
HYP-OR-CONT-EVENT-01,SPY,2024-08-23,2024-08-23T14:20:00+00:00,continuation_long,2024,10:00,session_close,0.001514503599173267,0.08758939076742542,3024
HYP-OR-CONT-EVENT-01,SPY,2024-08-26,2024-08-26T14:20:00+00:00,continuation_short,2024,10:00,30min,0.0015755180516983103,1.3548539972838547e-05,3024
HYP-OR-CONT-EVENT-01,SPY,2024-08-26,2024-08-26T14:20:00+00:00,continuation_short,2024,10:00,15min,0.002492344940539737,1.4296647615938525e-05,3024
HYP-OR-CONT-EVENT-01,SPY,2024-08-26,2024-08-26T14:20:00+00:00,continuation_short,2024,10:00,60min,0.0015043081962543559,-1.264825639323603e-07,3024
HYP-OR-CONT-EVENT-01,SPY,2024-08-26,2024-08-26T14:20:00+00:00,continuation_short,2024,10:00,session_close,0.0017624439222388988,-0.08758939076742542,3024
HYP-OR-CONT-EVENT-01,SPY,2024-08-27,2024-08-27T14:20:00+00:00,continuation_long,2024,10:00,30min,0.00208883810612015,-1.3548539972838547e-05,3024
HYP-OR-CONT-EVENT-01,SPY,2024-08-27,2024-08-27T14:20:00+00:00,continuation_long,2024,10:00,15min,0.002035278154681075,-1.4296647615938525e-05,3024
HYP-OR-CONT-EVENT-01,SPY,2024-08-27,2024-08-27T14:20:00+00:00,continuation_long,2024,10:00,60min,0.001874598300364072,1.264825639323603e-07,3024
HYP-OR-CONT-EVENT-01,SPY,2024-08-27,2024-08-27T14:20:00+00:00,continuation_long,2024,10:00,session_close,0.0025205313147182995,0.08758939076742542,3024
HYP-OR-CONT-EVENT-01,SPY,2024-08-28,2024-08-28T14:20:00+00:00,continuation_short,2024,10:00,30min,0.0016575471866256963,1.3548539972838547e-05,3024
HYP-OR-CONT-EVENT-01,SPY,2024-08-28,2024-08-28T14:20:00+00:00,continuation_short,2024,10:00,15min,0.00012476161619767723,1.4296647615938525e-05,3024
HYP-OR-CONT-EVENT-01,SPY,2024-08-28,2024-08-28T14:20:00+00:00,continuation_short,2024,10:00,60min,0.0057746805211471575,-1.264825639323603e-07,3024
HYP-OR-CONT-EVENT-01,SPY,2024-08-28,2024-08-28T14:20:00+00:00,continuation_short,2024,10:00,session_close,0.004883526119735526,-0.08758939076742542,3024
HYP-OR-CONT-EVENT-01,SPY,2024-08-29,2024-08-29T14:20:00+00:00,continuation_long,2024,10:00,30min,0.00344206452533391,-1.3548539972838547e-05,3024
HYP-OR-CONT-EVENT-01,SPY,2024-08-29,2024-08-29T14:20:00+00:00,continuation_long,2024,10:00,15min,0.0025503379643665447,-1.4296647615938525e-05,3024
HYP-OR-CONT-EVENT-01,SPY,2024-08-29,2024-08-29T14:20:00+00:00,continuation_long,2024,10:00,60min,0.0023006545272956647,1.264825639323603e-07,3024
HYP-OR-CONT-EVENT-01,SPY,2024-08-29,2024-08-29T14:20:00+00:00,continuation_long,2024,10:00,session_close,-0.0042713702270335,0.08758939076742542,3024
HYP-OR-CONT-EVENT-01,SPY,2024-08-30,2024-08-30T14:20:00+00:00,continuation_long,2024,10:00,30min,-0.0010682809578920205,-1.3548539972838547e-05,3024
HYP-OR-CONT-EVENT-01,SPY,2024-08-30,2024-08-30T14:20:00+00:00,continuation_long,2024,10:00,15min,3.560936526292302e-05,-1.4296647615938525e-05,3024
HYP-OR-CONT-EVENT-01,SPY,2024-08-30,2024-08-30T14:20:00+00:00,continuation_long,2024,10:00,60min,-0.004219709783673142,1.264825639323603e-07,3024
HYP-OR-CONT-EVENT-01,SPY,2024-08-30,2024-08-30T14:20:00+00:00,continuation_long,2024,10:00,session_close,0.0034184990652543767,0.08758939076742542,3024
HYP-OR-CONT-EVENT-01,SPY,2024-09-03,2024-09-03T14:20:00+00:00,continuation_short,2024,10:00,30min,0.0029820088339859163,1.3548539972838547e-05,3024
HYP-OR-CONT-EVENT-01,SPY,2024-09-03,2024-09-03T14:20:00+00:00,continuation_short,2024,10:00,15min,0.0012389126297268627,1.4296647615938525e-05,3024
HYP-OR-CONT-EVENT-01,SPY,2024-09-03,2024-09-03T14:20:00+00:00,continuation_short,2024,10:00,60min,0.0014543756957662302,-1.264825639323603e-07,3024
HYP-OR-CONT-EVENT-01,SPY,2024-09-03,2024-09-03T14:20:00+00:00,continuation_short,2024,10:00,session_close,0.008582612130570766,-0.08758939076742542,3024
HYP-OR-CONT-EVENT-01,SPY,2024-09-04,2024-09-04T14:20:00+00:00,continuation_short,2024,10:00,30min,-0.002961647212354146,1.3548539972838547e-05,3024
HYP-OR-CONT-EVENT-01,SPY,2024-09-04,2024-09-04T14:20:00+00:00,continuation_short,2024,10:00,15min,-0.0024650184876386927,1.4296647615938525e-05,3024
HYP-OR-CONT-EVENT-01,SPY,2024-09-04,2024-09-04T14:20:00+00:00,continuation_short,2024,10:00,60min,-0.0021478286087144305,-1.264825639323603e-07,3024
HYP-OR-CONT-EVENT-01,SPY,2024-09-04,2024-09-04T14:20:00+00:00,continuation_short,2024,10:00,session_close,0.0015950119625897097,-0.08758939076742542,3024
HYP-OR-CONT-EVENT-01,SPY,2024-09-05,2024-09-05T14:20:00+00:00,continuation_long,2024,10:00,30min,-0.0027339223638472854,-1.3548539972838547e-05,3024
HYP-OR-CONT-EVENT-01,SPY,2024-09-05,2024-09-05T14:20:00+00:00,continuation_long,2024,10:00,15min,0.0009233777520278874,-1.4296647615938525e-05,3024
HYP-OR-CONT-EVENT-01,SPY,2024-09-05,2024-09-05T14:20:00+00:00,continuation_long,2024,10:00,60min,-0.006355011587485748,1.264825639323603e-07,3024
HYP-OR-CONT-EVENT-01,SPY,2024-09-05,2024-09-05T14:20:00+00:00,continuation_long,2024,10:00,session_close,-0.0049789976825028726,0.08758939076742542,3024
HYP-OR-CONT-EVENT-01,SPY,2024-09-06,2024-09-06T14:20:00+00:00,continuation_short,2024,10:00,30min,0.009542263819830255,1.3548539972838547e-05,3024
HYP-OR-CONT-EVENT-01,SPY,2024-09-06,2024-09-06T14:20:00+00:00,continuation_short,2024,10:00,15min,0.005228136882129308,1.4296647615938525e-05,3024
HYP-OR-CONT-EVENT-01,SPY,2024-09-06,2024-09-06T14:20:00+00:00,continuation_short,2024,10:00,60min,0.009906588183679288,-1.264825639323603e-07,3024
HYP-OR-CONT-EVENT-01,SPY,2024-09-06,2024-09-06T14:20:00+00:00,continuation_short,2024,10:00,session_close,0.012083211465340749,-0.08758939076742542,3024
HYP-OR-CONT-EVENT-01,SPY,2024-09-09,2024-09-09T14:20:00+00:00,continuation_long,2024,10:00,30min,-0.0023282673657579744,-1.3548539972838547e-05,3024
HYP-OR-CONT-EVENT-01,SPY,2024-09-09,2024-09-09T14:20:00+00:00,continuation_long,2024,10:00,15min,-0.002474929876986831,-1.4296647615938525e-05,3024
HYP-OR-CONT-EVENT-01,SPY,2024-09-09,2024-09-09T14:20:00+00:00,continuation_long,2024,10:00,60min,-0.0035565658972996905,1.264825639323603e-07,3024
HYP-OR-CONT-EVENT-01,SPY,2024-09-09,2024-09-09T14:20:00+00:00,continuation_long,2024,10:00,session_close,0.0017416173208424368,0.08758939076742542,3024
HYP-OR-CONT-EVENT-01,SPY,2024-09-10,2024-09-10T14:20:00+00:00,continuation_short,2024,10:00,30min,7.341228540858058e-05,1.3548539972838547e-05,3024
HYP-OR-CONT-EVENT-01,SPY,2024-09-10,2024-09-10T14:20:00+00:00,continuation_short,2024,10:00,15min,-0.0012996354466736637,1.4296647615938525e-05,3024
HYP-OR-CONT-EVENT-01,SPY,2024-09-10,2024-09-10T14:20:00+00:00,continuation_short,2024,10:00,60min,-0.002014169486449058,-1.264825639323603e-07,3024
HYP-OR-CONT-EVENT-01,SPY,2024-09-10,2024-09-10T14:20:00+00:00,continuation_short,2024,10:00,session_close,-0.004741408428426075,-0.08758939076742542,3024
HYP-OR-CONT-EVENT-01,SPY,2024-09-11,2024-09-11T14:20:00+00:00,continuation_short,2024,10:00,30min,0.0022342036264264564,1.3548539972838547e-05,3024
HYP-OR-CONT-EVENT-01,SPY,2024-09-11,2024-09-11T14:20:00+00:00,continuation_short,2024,10:00,15min,0.001347907972968021,1.4296647615938525e-05,3024
HYP-OR-CONT-EVENT-01,SPY,2024-09-11,2024-09-11T14:20:00+00:00,continuation_short,2024,10:00,60min,-0.0006462572473131534,-1.264825639323603e-07,3024
HYP-OR-CONT-EVENT-01,SPY,2024-09-11,2024-09-11T14:20:00+00:00,continuation_short,2024,10:00,session_close,-0.023597621773329802,-0.08758939076742542,3024
HYP-OR-CONT-EVENT-01,SPY,2024-09-12,2024-09-12T14:30:00+00:00,continuation_long,2024,10:00,30min,-0.0009715375481271771,-1.3548539972838547e-05,3024
HYP-OR-CONT-EVENT-01,SPY,2024-09-12,2024-09-12T14:30:00+00:00,continuation_long,2024,10:00,15min,-0.0003778201576050133,-1.4296647615938525e-05,3024
HYP-OR-CONT-EVENT-01,SPY,2024-09-12,2024-09-12T14:30:00+00:00,continuation_long,2024,10:00,60min,-0.001403332013961478,1.264825639323603e-07,3024
HYP-OR-CONT-EVENT-01,SPY,2024-09-12,2024-09-12T14:30:00+00:00,continuation_long,2024,10:00,session_close,0.0057572595444566055,0.08758939076742542,3024
HYP-OR-CONT-EVENT-01,SPY,2024-09-13,2024-09-13T14:20:00+00:00,continuation_long,2024,10:00,30min,0.00024734623665101374,-1.3548539972838547e-05,3024
HYP-OR-CONT-EVENT-01,SPY,2024-09-13,2024-09-13T14:20:00+00:00,continuation_long,2024,10:00,15min,0.0002297168072569189,-1.4296647615938525e-05,3024
HYP-OR-CONT-EVENT-01,SPY,2024-09-13,2024-09-13T14:20:00+00:00,continuation_long,2024,10:00,60min,0.0008349938831222481,1.264825639323603e-07,3024
HYP-OR-CONT-EVENT-01,SPY,2024-09-13,2024-09-13T14:20:00+00:00,continuation_long,2024,10:00,session_close,0.0006749044182199349,0.08758939076742542,3024
HYP-OR-CONT-EVENT-01,SPY,2024-09-16,2024-09-16T14:50:00+00:00,continuation_short,2024,10:00,30min,-0.0006327647362887046,1.3548539972838547e-05,3024
HYP-OR-CONT-EVENT-01,SPY,2024-09-16,2024-09-16T14:50:00+00:00,continuation_short,2024,10:00,15min,0.00016041922891807392,1.4296647615938525e-05,3024
HYP-OR-CONT-EVENT-01,SPY,2024-09-16,2024-09-16T14:50:00+00:00,continuation_short,2024,10:00,60min,-0.0005347307630609865,-1.264825639323603e-07,3024
HYP-OR-CONT-EVENT-01,SPY,2024-09-16,2024-09-16T14:50:00+00:00,continuation_short,2024,10:00,session_close,-0.0032618576546710187,-0.08758939076742542,3024
HYP-OR-CONT-EVENT-01,SPY,2024-09-17,2024-09-17T14:25:00+00:00,continuation_long,2024,10:00,30min,-0.0016693753533070232,-1.3548539972838547e-05,3024
HYP-OR-CONT-EVENT-01,SPY,2024-09-17,2024-09-17T14:25:00+00:00,continuation_long,2024,10:00,15min,-0.0001959087054833608,-1.4296647615938525e-05,3024
HYP-OR-CONT-EVENT-01,SPY,2024-09-17,2024-09-17T14:25:00+00:00,continuation_long,2024,10:00,60min,-0.0016605426794800149,1.264825639323603e-07,3024
HYP-OR-CONT-EVENT-01,SPY,2024-09-17,2024-09-17T14:25:00+00:00,continuation_long,2024,10:00,session_close,-0.005264273600904534,0.08758939076742542,3024
HYP-OR-CONT-EVENT-01,SPY,2024-09-18,2024-09-18T14:30:00+00:00,continuation_short,2024,10:00,30min,0.0002486148600653326,1.3548539972838547e-05,3024
HYP-OR-CONT-EVENT-01,SPY,2024-09-18,2024-09-18T14:30:00+00:00,continuation_short,2024,10:00,15min,3.55164085806825e-05,1.4296647615938525e-05,3024
HYP-OR-CONT-EVENT-01,SPY,2024-09-18,2024-09-18T14:30:00+00:00,continuation_short,2024,10:00,60min,0.0013496235260690437,-1.264825639323603e-07,3024
HYP-OR-CONT-EVENT-01,SPY,2024-09-18,2024-09-18T14:30:00+00:00,continuation_short,2024,10:00,session_close,0.003178718567978356,-0.08758939076742542,3024
HYP-OR-CONT-EVENT-01,SPY,2024-09-19,2024-09-19T14:45:00+00:00,continuation_long,2024,10:00,30min,-0.00010512115212768514,-1.3548539972838547e-05,3024
HYP-OR-CONT-EVENT-01,SPY,2024-09-19,2024-09-19T14:45:00+00:00,continuation_long,2024,10:00,15min,-0.00034164374441536527,-1.4296647615938525e-05,3024
HYP-OR-CONT-EVENT-01,SPY,2024-09-19,2024-09-19T14:45:00+00:00,continuation_long,2024,10:00,60min,0.0005080855686176999,1.264825639323603e-07,3024
HYP-OR-CONT-EVENT-01,SPY,2024-09-19,2024-09-19T14:45:00+00:00,continuation_long,2024,10:00,session_close,0.0002628028803195459,0.08758939076742542,3024
HYP-OR-CONT-EVENT-01,SPY,2024-09-20,2024-09-20T14:20:00+00:00,continuation_short,2024,10:00,30min,0.0010439143986665789,1.3548539972838547e-05,3024
HYP-OR-CONT-EVENT-01,SPY,2024-09-20,2024-09-20T14:20:00+00:00,continuation_short,2024,10:00,15min,-0.0007015259909297633,1.4296647615938525e-05,3024
HYP-OR-CONT-EVENT-01,SPY,2024-09-20,2024-09-20T14:20:00+00:00,continuation_short,2024,10:00,60min,0.0020136035039980404,-1.264825639323603e-07,3024
HYP-OR-CONT-EVENT-01,SPY,2024-09-20,2024-09-20T14:20:00+00:00,continuation_short,2024,10:00,session_close,-0.0016006922522369127,-0.08758939076742542,3024
HYP-OR-CONT-EVENT-01,SPY,2024-09-23,2024-09-23T14:20:00+00:00,continuation_long,2024,10:00,30min,0.0004213261239751631,-1.3548539972838547e-05,3024
HYP-OR-CONT-EVENT-01,SPY,2024-09-23,2024-09-23T14:20:00+00:00,continuation_long,2024,10:00,15min,-0.001211312606428594,-1.4296647615938525e-05,3024
HYP-OR-CONT-EVENT-01,SPY,2024-09-23,2024-09-23T14:20:00+00:00,continuation_long,2024,10:00,60min,-6.144339307967428e-05,1.264825639323603e-07,3024
HYP-OR-CONT-EVENT-01,SPY,2024-09-23,2024-09-23T14:20:00+00:00,continuation_long,2024,10:00,session_close,-5.266576549689539e-05,0.08758939076742542,3024
HYP-OR-CONT-EVENT-01,SPY,2024-09-24,2024-09-24T14:20:00+00:00,continuation_short,2024,10:00,30min,-0.0012489006156553017,1.3548539972838547e-05,3024
HYP-OR-CONT-EVENT-01,SPY,2024-09-24,2024-09-24T14:20:00+00:00,continuation_short,2024,10:00,15min,0.0013368513632365797,1.4296647615938525e-05,3024
HYP-OR-CONT-EVENT-01,SPY,2024-09-24,2024-09-24T14:20:00+00:00,continuation_short,2024,10:00,60min,-0.0024274406332454035,-1.264825639323603e-07,3024
HYP-OR-CONT-EVENT-01,SPY,2024-09-24,2024-09-24T14:20:00+00:00,continuation_short,2024,10:00,session_close,-0.004819700967458207,-0.08758939076742542,3024
HYP-OR-CONT-EVENT-01,SPY,2024-09-25,2024-09-25T14:25:00+00:00,continuation_long,2024,10:00,30min,-0.0003150102378326469,-1.3548539972838547e-05,3024
HYP-OR-CONT-EVENT-01,SPY,2024-09-25,2024-09-25T14:25:00+00:00,continuation_long,2024,10:00,15min,-0.00042001365044364025,-1.4296647615938525e-05,3024
HYP-OR-CONT-EVENT-01,SPY,2024-09-25,2024-09-25T14:25:00+00:00,continuation_long,2024,10:00,60min,-0.0011200364011829667,1.264825639323603e-07,3024
HYP-OR-CONT-EVENT-01,SPY,2024-09-25,2024-09-25T14:25:00+00:00,continuation_long,2024,10:00,session_close,-0.0024675801963562893,0.08758939076742542,3024
HYP-OR-CONT-EVENT-01,SPY,2024-09-26,2024-09-26T14:25:00+00:00,continuation_short,2024,10:00,30min,0.0026973707182512685,1.3548539972838547e-05,3024
HYP-OR-CONT-EVENT-01,SPY,2024-09-26,2024-09-26T14:25:00+00:00,continuation_short,2024,10:00,15min,0.00012238555815502483,1.4296647615938525e-05,3024
HYP-OR-CONT-EVENT-01,SPY,2024-09-26,2024-09-26T14:25:00+00:00,continuation_short,2024,10:00,60min,0.002514228848772726,-1.264825639323603e-07,3024
HYP-OR-CONT-EVENT-01,SPY,2024-09-26,2024-09-26T14:25:00+00:00,continuation_short,2024,10:00,session_close,0.0008554767973741884,-0.08758939076742542,3024
HYP-OR-CONT-EVENT-01,SPY,2024-09-27,2024-09-27T14:20:00+00:00,continuation_short,2024,10:00,30min,-0.0010380864315997496,1.3548539972838547e-05,3024
HYP-OR-CONT-EVENT-01,SPY,2024-09-27,2024-09-27T14:20:00+00:00,continuation_short,2024,10:00,15min,-0.001151490831690527,1.4296647615938525e-05,3024
HYP-OR-CONT-EVENT-01,SPY,2024-09-27,2024-09-27T14:20:00+00:00,continuation_short,2024,10:00,60min,0.00020953643770604824,-1.264825639323603e-07,3024
HYP-OR-CONT-EVENT-01,SPY,2024-09-27,2024-09-27T14:20:00+00:00,continuation_short,2024,10:00,session_close,0.0030706422178411463,-0.08758939076742542,3024
HYP-OR-CONT-EVENT-01,SPY,2024-09-30,2024-09-30T14:55:00+00:00,continuation_long,2024,10:00,30min,0.0005426030945878679,-1.3548539972838547e-05,3024
HYP-OR-CONT-EVENT-01,SPY,2024-09-30,2024-09-30T14:55:00+00:00,continuation_long,2024,10:00,15min,0.0004725897920605515,-1.4296647615938525e-05,3024
HYP-OR-CONT-EVENT-01,SPY,2024-09-30,2024-09-30T14:55:00+00:00,continuation_long,2024,10:00,60min,0.00042883147798078447,1.264825639323603e-07,3024
HYP-OR-CONT-EVENT-01,SPY,2024-09-30,2024-09-30T14:55:00+00:00,continuation_long,2024,10:00,session_close,0.004725897920604849,0.08758939076742542,3024
HYP-OR-CONT-EVENT-01,SPY,2024-10-01,2024-10-01T14:25:00+00:00,continuation_short,2024,10:00,30min,0.00017601605266404086,1.3548539972838547e-05,3024
HYP-OR-CONT-EVENT-01,SPY,2024-10-01,2024-10-01T14:25:00+00:00,continuation_short,2024,10:00,15min,-0.00021121926319689344,1.4296647615938525e-05,3024
HYP-OR-CONT-EVENT-01,SPY,2024-10-01,2024-10-01T14:25:00+00:00,continuation_short,2024,10:00,60min,0.000369633710594508,-1.264825639323603e-07,3024
HYP-OR-CONT-EVENT-01,SPY,2024-10-01,2024-10-01T14:25:00+00:00,continuation_short,2024,10:00,session_close,-0.00098568989491854,-0.08758939076742542,3024
HYP-OR-CONT-EVENT-01,SPY,2024-10-02,2024-10-02T14:20:00+00:00,continuation_long,2024,10:00,30min,-0.00026386616707996247,-1.3548539972838547e-05,3024
HYP-OR-CONT-EVENT-01,SPY,2024-10-02,2024-10-02T14:20:00+00:00,continuation_long,2024,10:00,15min,6.156877231866531e-05,-1.4296647615938525e-05,3024
HYP-OR-CONT-EVENT-01,SPY,2024-10-02,2024-10-02T14:20:00+00:00,continuation_long,2024,10:00,60min,0.0012665576019843527,1.264825639323603e-07,3024
HYP-OR-CONT-EVENT-01,SPY,2024-10-02,2024-10-02T14:20:00+00:00,continuation_long,2024,10:00,session_close,0.0006684609566027788,0.08758939076742542,3024
HYP-OR-CONT-EVENT-01,SPY,2024-10-03,2024-10-03T14:20:00+00:00,continuation_long,2024,10:00,30min,-0.00029907988951627384,-1.3548539972838547e-05,3024
HYP-OR-CONT-EVENT-01,SPY,2024-10-03,2024-10-03T14:20:00+00:00,continuation_long,2024,10:00,15min,-0.0009676114072587616,-1.4296647615938525e-05,3024
HYP-OR-CONT-EVENT-01,SPY,2024-10-03,2024-10-03T14:20:00+00:00,continuation_long,2024,10:00,60min,-0.0011963195580654284,1.264825639323603e-07,3024
HYP-OR-CONT-EVENT-01,SPY,2024-10-03,2024-10-03T14:20:00+00:00,continuation_long,2024,10:00,session_close,-0.0011083548846783087,0.08758939076742542,3024
HYP-OR-CONT-EVENT-01,SPY,2024-10-04,2024-10-04T14:20:00+00:00,continuation_short,2024,10:00,30min,0.0015686618175444478,1.3548539972838547e-05,3024
HYP-OR-CONT-EVENT-01,SPY,2024-10-04,2024-10-04T14:20:00+00:00,continuation_short,2024,10:00,15min,0.0037507668039610254,1.4296647615938525e-05,3024
HYP-OR-CONT-EVENT-01,SPY,2024-10-04,2024-10-04T14:20:00+00:00,continuation_short,2024,10:00,60min,0.0027867846814475516,-1.264825639323603e-07,3024
HYP-OR-CONT-EVENT-01,SPY,2024-10-04,2024-10-04T14:20:00+00:00,continuation_short,2024,10:00,session_close,-0.004136359652966437,-0.08758939076742542,3024
HYP-OR-CONT-EVENT-01,SPY,2024-10-07,2024-10-07T14:25:00+00:00,continuation_long,2024,10:00,30min,-0.0004636474180087502,-1.3548539972838547e-05,3024
HYP-OR-CONT-EVENT-01,SPY,2024-10-07,2024-10-07T14:25:00+00:00,continuation_long,2024,10:00,15min,-0.0009097987070360025,-1.4296647615938525e-05,3024
HYP-OR-CONT-EVENT-01,SPY,2024-10-07,2024-10-07T14:25:00+00:00,continuation_long,2024,10:00,60min,0.00016621322532395233,1.264825639323603e-07,3024
HYP-OR-CONT-EVENT-01,SPY,2024-10-07,2024-10-07T14:25:00+00:00,continuation_long,2024,10:00,session_close,-0.006552300303557801,0.08758939076742542,3024
HYP-OR-CONT-EVENT-01,SPY,2024-10-08,2024-10-08T14:40:00+00:00,continuation_long,2024,10:00,30min,0.0007617079769210999,-1.3548539972838547e-05,3024
HYP-OR-CONT-EVENT-01,SPY,2024-10-08,2024-10-08T14:40:00+00:00,continuation_long,2024,10:00,15min,0.0012695132948683518,-1.4296647615938525e-05,3024
HYP-OR-CONT-EVENT-01,SPY,2024-10-08,2024-10-08T14:40:00+00:00,continuation_long,2024,10:00,60min,0.0014446185769192432,1.264825639323603e-07,3024
HYP-OR-CONT-EVENT-01,SPY,2024-10-08,2024-10-08T14:40:00+00:00,continuation_long,2024,10:00,session_close,0.003580903017939452,0.08758939076742542,3024
HYP-OR-CONT-EVENT-01,SPY,2024-10-09,2024-10-09T14:20:00+00:00,continuation_long,2024,10:00,30min,0.0011502265597771455,-1.3548539972838547e-05,3024
HYP-OR-CONT-EVENT-01,SPY,2024-10-09,2024-10-09T14:20:00+00:00,continuation_long,2024,10:00,15min,0.000916869989543434,-1.4296647615938525e-05,3024
HYP-OR-CONT-EVENT-01,SPY,2024-10-09,2024-10-09T14:20:00+00:00,continuation_long,2024,10:00,60min,0.0035988149180901097,1.264825639323603e-07,3024
HYP-OR-CONT-EVENT-01,SPY,2024-10-09,2024-10-09T14:20:00+00:00,continuation_long,2024,10:00,session_close,0.005751132798884839,0.08758939076742542,3024
HYP-OR-CONT-EVENT-01,SPY,2024-10-10,2024-10-10T14:30:00+00:00,continuation_long,2024,10:00,30min,-0.0007813178227277229,-1.3548539972838547e-05,3024
HYP-OR-CONT-EVENT-01,SPY,2024-10-10,2024-10-10T14:30:00+00:00,continuation_long,2024,10:00,15min,-0.0002778018925255754,-1.4296647615938525e-05,3024
HYP-OR-CONT-EVENT-01,SPY,2024-10-10,2024-10-10T14:30:00+00:00,continuation_long,2024,10:00,60min,0.0006943311051306189,1.264825639323603e-07,3024
HYP-OR-CONT-EVENT-01,SPY,2024-10-10,2024-10-10T14:30:00+00:00,continuation_long,2024,10:00,session_close,0.00026043927424246327,0.08758939076742542,3024
HYP-OR-CONT-EVENT-01,SPY,2024-10-11,2024-10-11T14:20:00+00:00,continuation_long,2024,10:00,30min,-0.0008887584992923747,-1.3548539972838547e-05,3024
HYP-OR-CONT-EVENT-01,SPY,2024-10-11,2024-10-11T14:20:00+00:00,continuation_long,2024,10:00,15min,0.0006040106305869042,-1.4296647615938525e-05,3024
HYP-OR-CONT-EVENT-01,SPY,2024-10-11,2024-10-11T14:20:00+00:00,continuation_long,2024,10:00,60min,-0.000655782970351737,1.264825639323603e-07,3024
HYP-OR-CONT-EVENT-01,SPY,2024-10-11,2024-10-11T14:20:00+00:00,continuation_long,2024,10:00,session_close,0.00015531701929361041,0.08758939076742542,3024
HYP-OR-CONT-EVENT-01,SPY,2024-10-14,2024-10-14T14:20:00+00:00,continuation_long,2024,10:00,30min,0.0010123541523678892,-1.3548539972838547e-05,3024
HYP-OR-CONT-EVENT-01,SPY,2024-10-14,2024-10-14T14:20:00+00:00,continuation_long,2024,10:00,15min,0.001467055593685762,-1.4296647615938525e-05,3024
HYP-OR-CONT-EVENT-01,SPY,2024-10-14,2024-10-14T14:20:00+00:00,continuation_long,2024,10:00,60min,0.0003345916266301874,1.264825639323603e-07,3024
HYP-OR-CONT-EVENT-01,SPY,2024-10-14,2024-10-14T14:20:00+00:00,continuation_long,2024,10:00,session_close,0.002539464653397383,0.08758939076742542,3024
HYP-OR-CONT-EVENT-01,SPY,2024-10-15,2024-10-15T14:30:00+00:00,continuation_short,2024,10:00,30min,0.0019031616487209524,1.3548539972838547e-05,3024
HYP-OR-CONT-EVENT-01,SPY,2024-10-15,2024-10-15T14:30:00+00:00,continuation_short,2024,10:00,15min,0.002057472052671372,1.4296647615938525e-05,3024
HYP-OR-CONT-EVENT-01,SPY,2024-10-15,2024-10-15T14:30:00+00:00,continuation_short,2024,10:00,60min,0.001097318428091354,-1.264825639323603e-07,3024
HYP-OR-CONT-EVENT-01,SPY,2024-10-15,2024-10-15T14:30:00+00:00,continuation_short,2024,10:00,session_close,0.005915232151429972,-0.08758939076742542,3024
HYP-OR-CONT-EVENT-01,SPY,2024-10-16,2024-10-16T14:25:00+00:00,continuation_long,2024,10:00,30min,-0.001085013689666403,-1.3548539972838547e-05,3024
HYP-OR-CONT-EVENT-01,SPY,2024-10-16,2024-10-16T14:25:00+00:00,continuation_long,2024,10:00,15min,-0.0018912403354398588,-1.4296647615938525e-05,3024
HYP-OR-CONT-EVENT-01,SPY,2024-10-16,2024-10-16T14:25:00+00:00,continuation_long,2024,10:00,60min,-0.00022385618101350424,1.264825639323603e-07,3024
HYP-OR-CONT-EVENT-01,SPY,2024-10-16,2024-10-16T14:25:00+00:00,continuation_long,2024,10:00,session_close,0.002600175641003455,0.08758939076742542,3024
HYP-OR-CONT-EVENT-01,SPY,2024-10-17,2024-10-17T14:20:00+00:00,continuation_short,2024,10:00,30min,0.0008737514776681055,1.3548539972838547e-05,3024
HYP-OR-CONT-EVENT-01,SPY,2024-10-17,2024-10-17T14:20:00+00:00,continuation_short,2024,10:00,15min,0.0003426476383012744,1.4296647615938525e-05,3024
HYP-OR-CONT-EVENT-01,SPY,2024-10-17,2024-10-17T14:20:00+00:00,continuation_short,2024,10:00,60min,7.709571861791442e-05,-1.264825639323603e-07,3024
HYP-OR-CONT-EVENT-01,SPY,2024-10-17,2024-10-17T14:20:00+00:00,continuation_short,2024,10:00,session_close,0.0024156658500232853,-0.08758939076742542,3024
HYP-OR-CONT-EVENT-01,SPY,2024-10-18,2024-10-18T15:45:00+00:00,continuation_long,2024,11:00,30min,0.0001046055727891293,4.409285056801735e-05,3024
HYP-OR-CONT-EVENT-01,SPY,2024-10-18,2024-10-18T15:45:00+00:00,continuation_long,2024,11:00,15min,-0.00032340413584064365,3.085652327337451e-05,3024
HYP-OR-CONT-EVENT-01,SPY,2024-10-18,2024-10-18T15:45:00+00:00,continuation_long,2024,11:00,60min,0.000952064795876284,5.1124432306041036e-05,3024
HYP-OR-CONT-EVENT-01,SPY,2024-10-18,2024-10-18T15:45:00+00:00,continuation_long,2024,11:00,session_close,0.0008065414949423033,0.08760395922149784,3024
HYP-OR-CONT-EVENT-01,SPY,2024-10-21,2024-10-21T14:25:00+00:00,continuation_long,2024,10:00,30min,-0.002977718451586453,-1.3548539972838547e-05,3024
HYP-OR-CONT-EVENT-01,SPY,2024-10-21,2024-10-21T14:25:00+00:00,continuation_long,2024,10:00,15min,-0.0020878255809974045,-1.4296647615938525e-05,3024
HYP-OR-CONT-EVENT-01,SPY,2024-10-21,2024-10-21T14:25:00+00:00,continuation_long,2024,10:00,60min,-0.006006776876475994,1.264825639323603e-07,3024
HYP-OR-CONT-EVENT-01,SPY,2024-10-21,2024-10-21T14:25:00+00:00,continuation_long,2024,10:00,session_close,-0.0011465927371052675,0.08758939076742542,3024
HYP-OR-CONT-EVENT-01,SPY,2024-10-22,2024-10-22T14:25:00+00:00,continuation_long,2024,10:00,30min,0.0007049760995907484,-1.3548539972838547e-05,3024
HYP-OR-CONT-EVENT-01,SPY,2024-10-22,2024-10-22T14:25:00+00:00,continuation_long,2024,10:00,15min,-0.0007049760995908594,-1.4296647615938525e-05,3024
HYP-OR-CONT-EVENT-01,SPY,2024-10-22,2024-10-22T14:25:00+00:00,continuation_long,2024,10:00,60min,0.0008562880429174857,1.264825639323603e-07,3024
HYP-OR-CONT-EVENT-01,SPY,2024-10-22,2024-10-22T14:25:00+00:00,continuation_long,2024,10:00,session_close,0.002991849788507084,0.08758939076742542,3024
HYP-OR-CONT-EVENT-01,SPY,2024-10-23,2024-10-23T14:20:00+00:00,continuation_short,2024,10:00,30min,-0.000515983955897692,1.3548539972838547e-05,3024
HYP-OR-CONT-EVENT-01,SPY,2024-10-23,2024-10-23T14:20:00+00:00,continuation_short,2024,10:00,15min,-0.0016878914041622561,1.4296647615938525e-05,3024
HYP-OR-CONT-EVENT-01,SPY,2024-10-23,2024-10-23T14:20:00+00:00,continuation_short,2024,10:00,60min,0.0014917692459085474,-1.264825639323603e-07,3024
HYP-OR-CONT-EVENT-01,SPY,2024-10-23,2024-10-23T14:20:00+00:00,continuation_short,2024,10:00,session_close,0.003999306506533573,-0.08758939076742542,3024
HYP-OR-CONT-EVENT-01,SPY,2024-10-24,2024-10-24T15:10:00+00:00,continuation_short,2024,11:00,30min,0.001243823429251889,-4.409285056801735e-05,3024
HYP-OR-CONT-EVENT-01,SPY,2024-10-24,2024-10-24T15:10:00+00:00,continuation_short,2024,11:00,15min,0.00022443764892321472,-3.085652327337451e-05,3024
HYP-OR-CONT-EVENT-01,SPY,2024-10-24,2024-10-24T15:10:00+00:00,continuation_short,2024,11:00,60min,0.0033689836153604213,-5.1124432306041036e-05,3024
HYP-OR-CONT-EVENT-01,SPY,2024-10-24,2024-10-24T15:10:00+00:00,continuation_short,2024,11:00,session_close,-0.0006912817808635285,-0.08760395922149784,3024
HYP-OR-CONT-EVENT-01,SPY,2024-10-25,2024-10-25T14:20:00+00:00,continuation_long,2024,10:00,30min,-0.00032542047751182857,-1.3548539972838547e-05,3024
HYP-OR-CONT-EVENT-01,SPY,2024-10-25,2024-10-25T14:20:00+00:00,continuation_long,2024,10:00,15min,0.00020552872263901456,-1.4296647615938525e-05,3024
HYP-OR-CONT-EVENT-01,SPY,2024-10-25,2024-10-25T14:20:00+00:00,continuation_long,2024,10:00,60min,-0.001490083239132689,1.264825639323603e-07,3024
HYP-OR-CONT-EVENT-01,SPY,2024-10-25,2024-10-25T14:20:00+00:00,continuation_long,2024,10:00,session_close,-0.008298222176549186,0.08758939076742542,3024
HYP-OR-CONT-EVENT-01,SPY,2024-10-28,2024-10-28T14:20:00+00:00,continuation_short,2024,10:00,30min,-0.0007390093837005285,1.3548539972838547e-05,3024
HYP-OR-CONT-EVENT-01,SPY,2024-10-28,2024-10-28T14:20:00+00:00,continuation_short,2024,10:00,15min,-0.000309352765269999,1.4296647615938525e-05,3024
HYP-OR-CONT-EVENT-01,SPY,2024-10-28,2024-10-28T14:20:00+00:00,continuation_short,2024,10:00,60min,0.0005671467363284055,-1.264825639323603e-07,3024
HYP-OR-CONT-EVENT-01,SPY,2024-10-28,2024-10-28T14:20:00+00:00,continuation_short,2024,10:00,session_close,0.0018733028563572285,-0.08758939076742542,3024
HYP-OR-CONT-EVENT-01,SPY,2024-10-29,2024-10-29T14:20:00+00:00,continuation_long,2024,10:00,30min,0.0012058362474376416,-1.3548539972838547e-05,3024
HYP-OR-CONT-EVENT-01,SPY,2024-10-29,2024-10-29T14:20:00+00:00,continuation_long,2024,10:00,15min,0.00144700349692517,-1.4296647615938525e-05,3024
HYP-OR-CONT-EVENT-01,SPY,2024-10-29,2024-10-29T14:20:00+00:00,continuation_long,2024,10:00,60min,0.0008526984892593958,1.264825639323603e-07,3024
HYP-OR-CONT-EVENT-01,SPY,2024-10-29,2024-10-29T14:20:00+00:00,continuation_long,2024,10:00,session_close,0.0020499216206439907,0.08758939076742542,3024
HYP-OR-CONT-EVENT-01,SPY,2024-10-30,2024-10-30T14:20:00+00:00,continuation_long,2024,10:00,30min,-0.0014070006863416973,-1.3548539972838547e-05,3024
HYP-OR-CONT-EVENT-01,SPY,2024-10-30,2024-10-30T14:20:00+00:00,continuation_long,2024,10:00,15min,-8.579272477682309e-05,-1.4296647615938525e-05,3024
HYP-OR-CONT-EVENT-01,SPY,2024-10-30,2024-10-30T14:20:00+00:00,continuation_long,2024,10:00,60min,-0.0011324639670555747,1.264825639323603e-07,3024
HYP-OR-CONT-EVENT-01,SPY,2024-10-30,2024-10-30T14:20:00+00:00,continuation_long,2024,10:00,session_close,-0.004855868222374604,0.08758939076742542,3024
HYP-OR-CONT-EVENT-01,SPY,2024-10-31,2024-10-31T14:25:00+00:00,continuation_short,2024,10:00,30min,0.0036114939721199057,1.3548539972838547e-05,3024
HYP-OR-CONT-EVENT-01,SPY,2024-10-31,2024-10-31T14:25:00+00:00,continuation_short,2024,10:00,15min,0.0023553221557301995,1.4296647615938525e-05,3024
HYP-OR-CONT-EVENT-01,SPY,2024-10-31,2024-10-31T14:25:00+00:00,continuation_short,2024,10:00,60min,0.003646387633686188,-1.264825639323603e-07,3024
HYP-OR-CONT-EVENT-01,SPY,2024-10-31,2024-10-31T14:25:00+00:00,continuation_short,2024,10:00,session_close,0.008060435821833023,-0.08758939076742542,3024
HYP-OR-CONT-EVENT-01,SPY,2024-11-01,2024-11-01T14:20:00+00:00,continuation_long,2024,10:00,30min,-0.0022096948185266196,-1.3548539972838547e-05,3024
HYP-OR-CONT-EVENT-01,SPY,2024-11-01,2024-11-01T14:20:00+00:00,continuation_long,2024,10:00,15min,-0.00012179420259605944,-1.4296647615938525e-05,3024
HYP-OR-CONT-EVENT-01,SPY,2024-11-01,2024-11-01T14:20:00+00:00,continuation_long,2024,10:00,60min,0.00017399171799437063,1.264825639323603e-07,3024
HYP-OR-CONT-EVENT-01,SPY,2024-11-01,2024-11-01T14:20:00+00:00,continuation_long,2024,10:00,session_close,-0.006472491909385147,0.08758939076742542,3024
HYP-OR-CONT-EVENT-01,SPY,2024-11-04,2024-11-04T15:20:00+00:00,continuation_long,2024,10:00,30min,0.0006471473047189313,-1.3548539972838547e-05,3024
HYP-OR-CONT-EVENT-01,SPY,2024-11-04,2024-11-04T15:20:00+00:00,continuation_long,2024,10:00,15min,-0.00020988561234125402,-1.4296647615938525e-05,3024
HYP-OR-CONT-EVENT-01,SPY,2024-11-04,2024-11-04T15:20:00+00:00,continuation_long,2024,10:00,60min,-0.0009619757232307569,1.264825639323603e-07,3024
HYP-OR-CONT-EVENT-01,SPY,2024-11-04,2024-11-04T15:20:00+00:00,continuation_long,2024,10:00,session_close,-0.0034456221359359107,0.08758939076742542,3024
HYP-OR-CONT-EVENT-01,SPY,2024-11-05,2024-11-05T15:20:00+00:00,continuation_long,2024,10:00,30min,0.0005051736752257341,-1.3548539972838547e-05,3024
HYP-OR-CONT-EVENT-01,SPY,2024-11-05,2024-11-05T15:20:00+00:00,continuation_long,2024,10:00,15min,0.0011671253875902288,-1.4296647615938525e-05,3024
HYP-OR-CONT-EVENT-01,SPY,2024-11-05,2024-11-05T15:20:00+00:00,continuation_long,2024,10:00,60min,0.001707138626624527,1.264825639323603e-07,3024
HYP-OR-CONT-EVENT-01,SPY,2024-11-05,2024-11-05T15:20:00+00:00,continuation_long,2024,10:00,session_close,0.004563982858934557,0.08758939076742542,3024
HYP-OR-CONT-EVENT-01,SPY,2024-11-06,2024-11-06T18:05:00+00:00,continuation_long,2024,13:00,30min,0.0011025171314202886,1.842186689311406e-05,2988
HYP-OR-CONT-EVENT-01,SPY,2024-11-06,2024-11-06T18:05:00+00:00,continuation_long,2024,13:00,15min,0.0005470181152047449,2.839208568200383e-05,2988
HYP-OR-CONT-EVENT-01,SPY,2024-11-06,2024-11-06T18:05:00+00:00,continuation_long,2024,13:00,60min,0.0010177081213107453,7.84039473789208e-07,2988
HYP-OR-CONT-EVENT-01,SPY,2024-11-06,2024-11-06T18:05:00+00:00,continuation_long,2024,13:00,session_close,0.0025103466992333345,0.08844525999046861,2988
HYP-OR-CONT-EVENT-01,SPY,2024-11-07,2024-11-07T15:20:00+00:00,continuation_long,2024,10:00,30min,0.000984735174232254,-1.3548539972838547e-05,3024
HYP-OR-CONT-EVENT-01,SPY,2024-11-07,2024-11-07T15:20:00+00:00,continuation_long,2024,10:00,15min,0.00028628175207123796,-1.4296647615938525e-05,3024
HYP-OR-CONT-EVENT-01,SPY,2024-11-07,2024-11-07T15:20:00+00:00,continuation_long,2024,10:00,60min,0.0010015653771757727,1.264825639323603e-07,3024
HYP-OR-CONT-EVENT-01,SPY,2024-11-07,2024-11-07T15:20:00+00:00,continuation_long,2024,10:00,session_close,0.0023227363082511943,0.08758939076742542,3024
HYP-OR-CONT-EVENT-01,SPY,2024-11-08,2024-11-08T15:20:00+00:00,continuation_long,2024,10:00,30min,0.0010380912515697283,-1.3548539972838547e-05,3024
HYP-OR-CONT-EVENT-01,SPY,2024-11-08,2024-11-08T15:20:00+00:00,continuation_long,2024,10:00,15min,0.0003013813311008029,-1.4296647615938525e-05,3024
HYP-OR-CONT-EVENT-01,SPY,2024-11-08,2024-11-08T15:20:00+00:00,continuation_long,2024,10:00,60min,0.0012264545835076746,1.264825639323603e-07,3024
HYP-OR-CONT-EVENT-01,SPY,2024-11-08,2024-11-08T15:20:00+00:00,continuation_long,2024,10:00,session_close,0.00165759732105486,0.08758939076742542,3024
HYP-OR-CONT-EVENT-01,SPY,2024-11-11,2024-11-11T15:25:00+00:00,continuation_short,2024,10:00,30min,-0.0011017996060231905,1.3548539972838547e-05,3024
HYP-OR-CONT-EVENT-01,SPY,2024-11-11,2024-11-11T15:25:00+00:00,continuation_short,2024,10:00,15min,-0.00024206203465659826,1.4296647615938525e-05,3024
HYP-OR-CONT-EVENT-01,SPY,2024-11-11,2024-11-11T15:25:00+00:00,continuation_short,2024,10:00,60min,-0.00011685753397228105,-1.264825639323603e-07,3024
HYP-OR-CONT-EVENT-01,SPY,2024-11-11,2024-11-11T15:25:00+00:00,continuation_short,2024,10:00,session_close,0.0005008180027377129,-0.08758939076742542,3024
HYP-OR-CONT-EVENT-01,SPY,2024-11-12,2024-11-12T15:20:00+00:00,continuation_short,2024,10:00,30min,0.0009887275362541192,1.3548539972838547e-05,3024
HYP-OR-CONT-EVENT-01,SPY,2024-11-12,2024-11-12T15:20:00+00:00,continuation_short,2024,10:00,15min,3.578347585964092e-05,1.4296647615938525e-05,3024
HYP-OR-CONT-EVENT-01,SPY,2024-11-12,2024-11-12T15:20:00+00:00,continuation_short,2024,10:00,60min,0.0016411907269295867,-1.264825639323603e-07,3024
HYP-OR-CONT-EVENT-01,SPY,2024-11-12,2024-11-12T15:20:00+00:00,continuation_short,2024,10:00,session_close,0.0019587272720583693,-0.08758939076742542,3024
HYP-OR-CONT-EVENT-01,SPY,2024-11-13,2024-11-13T15:20:00+00:00,continuation_short,2024,10:00,30min,-0.0013836538963132305,1.3548539972838547e-05,3024
HYP-OR-CONT-EVENT-01,SPY,2024-11-13,2024-11-13T15:20:00+00:00,continuation_short,2024,10:00,15min,-0.0007127100746071591,1.4296647615938525e-05,3024
HYP-OR-CONT-EVENT-01,SPY,2024-11-13,2024-11-13T15:20:00+00:00,continuation_short,2024,10:00,60min,-0.002205560077903179,-1.264825639323603e-07,3024
HYP-OR-CONT-EVENT-01,SPY,2024-11-13,2024-11-13T15:20:00+00:00,continuation_short,2024,10:00,session_close,-0.0016688050205382332,-0.08758939076742542,3024
HYP-OR-CONT-EVENT-01,SPY,2024-11-14,2024-11-14T17:10:00+00:00,continuation_short,2024,12:00,30min,0.0006214632344297977,-4.447422760645635e-05,3006
HYP-OR-CONT-EVENT-01,SPY,2024-11-14,2024-11-14T17:10:00+00:00,continuation_short,2024,12:00,15min,0.001175591489933403,-2.1229636570285887e-05,3015
HYP-OR-CONT-EVENT-01,SPY,2024-11-14,2024-11-14T17:10:00+00:00,continuation_short,2024,12:00,60min,-7.55629439324057e-05,-0.00012260271977645697,2988
HYP-OR-CONT-EVENT-01,SPY,2024-11-14,2024-11-14T17:10:00+00:00,continuation_short,2024,12:00,session_close,0.0036270213087501446,-0.08755753614920234,3024
HYP-OR-CONT-EVENT-01,SPY,2024-11-15,2024-11-15T15:20:00+00:00,continuation_short,2024,10:00,30min,0.001498297582567143,1.3548539972838547e-05,3024
HYP-OR-CONT-EVENT-01,SPY,2024-11-15,2024-11-15T15:20:00+00:00,continuation_short,2024,10:00,15min,0.0012597889002383678,1.4296647615938525e-05,3024
HYP-OR-CONT-EVENT-01,SPY,2024-11-15,2024-11-15T15:20:00+00:00,continuation_short,2024,10:00,60min,0.0006639427987742419,-1.264825639323603e-07,3024
HYP-OR-CONT-EVENT-01,SPY,2024-11-15,2024-11-15T15:20:00+00:00,continuation_short,2024,10:00,session_close,0.0028941096356825957,-0.08758939076742542,3024
HYP-OR-CONT-EVENT-01,SPY,2024-11-18,2024-11-18T15:20:00+00:00,continuation_long,2024,10:00,30min,0.0024366554773629368,-1.3548539972838547e-05,3024
HYP-OR-CONT-EVENT-01,SPY,2024-11-18,2024-11-18T15:20:00+00:00,continuation_long,2024,10:00,15min,0.0016272769097074313,-1.4296647615938525e-05,3024
HYP-OR-CONT-EVENT-01,SPY,2024-11-18,2024-11-18T15:20:00+00:00,continuation_long,2024,10:00,60min,0.003441988856135003,1.264825639323603e-07,3024
HYP-OR-CONT-EVENT-01,SPY,2024-11-18,2024-11-18T15:20:00+00:00,continuation_long,2024,10:00,session_close,0.0021640226966790355,0.08758939076742542,3024
HYP-OR-CONT-EVENT-01,SPY,2024-11-19,2024-11-19T15:45:00+00:00,continuation_long,2024,10:00,30min,0.0016509795244499248,-1.3548539972838547e-05,3024
HYP-OR-CONT-EVENT-01,SPY,2024-11-19,2024-11-19T15:45:00+00:00,continuation_long,2024,10:00,15min,0.0006297550763365578,-1.4296647615938525e-05,3024
HYP-OR-CONT-EVENT-01,SPY,2024-11-19,2024-11-19T15:45:00+00:00,continuation_long,2024,10:00,60min,0.0024509386754720808,1.264825639323603e-07,3024
HYP-OR-CONT-EVENT-01,SPY,2024-11-19,2024-11-19T15:45:00+00:00,continuation_long,2024,10:00,session_close,0.004697632461321044,0.08758939076742542,3024
HYP-OR-CONT-EVENT-01,SPY,2024-11-20,2024-11-20T15:20:00+00:00,continuation_short,2024,10:00,30min,-0.0029808423228363523,1.3548539972838547e-05,3024
HYP-OR-CONT-EVENT-01,SPY,2024-11-20,2024-11-20T15:20:00+00:00,continuation_short,2024,10:00,15min,-0.0028785199989751487,1.4296647615938525e-05,3024
HYP-OR-CONT-EVENT-01,SPY,2024-11-20,2024-11-20T15:20:00+00:00,continuation_short,2024,10:00,60min,-0.001871695663685946,-1.264825639323603e-07,3024
HYP-OR-CONT-EVENT-01,SPY,2024-11-20,2024-11-20T15:20:00+00:00,continuation_short,2024,10:00,session_close,-0.008720458486005445,-0.08758939076742542,3024
HYP-OR-CONT-EVENT-01,SPY,2024-11-21,2024-11-21T15:45:00+00:00,continuation_short,2024,10:00,30min,-0.004074495356773067,1.3548539972838547e-05,3024
HYP-OR-CONT-EVENT-01,SPY,2024-11-21,2024-11-21T15:45:00+00:00,continuation_short,2024,10:00,15min,-0.004634738468329402,1.4296647615938525e-05,3024
HYP-OR-CONT-EVENT-01,SPY,2024-11-21,2024-11-21T15:45:00+00:00,continuation_short,2024,10:00,60min,-0.004247831180075767,-1.264825639323603e-07,3024
HYP-OR-CONT-EVENT-01,SPY,2024-11-21,2024-11-21T15:45:00+00:00,continuation_short,2024,10:00,session_close,-0.007775495305841984,-0.08758939076742542,3024
HYP-OR-CONT-EVENT-01,SPY,2024-11-22,2024-11-22T18:30:00+00:00,continuation_long,2024,13:00,30min,-0.00030225685115525813,1.842186689311406e-05,2988
HYP-OR-CONT-EVENT-01,SPY,2024-11-22,2024-11-22T18:30:00+00:00,continuation_long,2024,13:00,15min,-0.00023492074153685927,2.839208568200383e-05,2988
HYP-OR-CONT-EVENT-01,SPY,2024-11-22,2024-11-22T18:30:00+00:00,continuation_long,2024,13:00,60min,-0.0004533852767328872,7.84039473789208e-07,2988
HYP-OR-CONT-EVENT-01,SPY,2024-11-22,2024-11-22T18:30:00+00:00,continuation_long,2024,13:00,session_close,-6.71681891455389e-05,0.08844525999046861,2988
HYP-OR-CONT-EVENT-01,SPY,2024-11-25,2024-11-25T15:20:00+00:00,continuation_short,2024,10:00,30min,-1.67159788040383e-05,1.3548539972838547e-05,3024
HYP-OR-CONT-EVENT-01,SPY,2024-11-25,2024-11-25T15:20:00+00:00,continuation_short,2024,10:00,15min,-4.998077662432543e-05,1.4296647615938525e-05,3024
HYP-OR-CONT-EVENT-01,SPY,2024-11-25,2024-11-25T15:20:00+00:00,continuation_short,2024,10:00,60min,-0.00018387576684553153,-1.264825639323603e-07,3024
HYP-OR-CONT-EVENT-01,SPY,2024-11-25,2024-11-25T15:20:00+00:00,continuation_short,2024,10:00,session_close,0.001303846346722759,-0.08758939076742542,3024
HYP-OR-CONT-EVENT-01,SPY,2024-11-26,2024-11-26T15:20:00+00:00,continuation_short,2024,10:00,30min,-0.0015044632409482173,1.3548539972838547e-05,3024
HYP-OR-CONT-EVENT-01,SPY,2024-11-26,2024-11-26T15:20:00+00:00,continuation_short,2024,10:00,15min,-0.0007187991040085162,1.4296647615938525e-05,3024
HYP-OR-CONT-EVENT-01,SPY,2024-11-26,2024-11-26T15:20:00+00:00,continuation_short,2024,10:00,60min,-0.0018889371803014754,-1.264825639323603e-07,3024
HYP-OR-CONT-EVENT-01,SPY,2024-11-26,2024-11-26T15:20:00+00:00,continuation_short,2024,10:00,session_close,-0.004212497074654875,-0.08758939076742542,3024
HYP-OR-CONT-EVENT-01,SPY,2024-11-27,2024-11-27T15:20:00+00:00,continuation_short,2024,10:00,30min,0.001367061176862805,1.3548539972838547e-05,3024
HYP-OR-CONT-EVENT-01,SPY,2024-11-27,2024-11-27T15:20:00+00:00,continuation_short,2024,10:00,15min,0.0020331721953659176,1.4296647615938525e-05,3024
HYP-OR-CONT-EVENT-01,SPY,2024-11-27,2024-11-27T15:20:00+00:00,continuation_short,2024,10:00,60min,0.0023503917319552814,-1.264825639323603e-07,3024
HYP-OR-CONT-EVENT-01,SPY,2024-11-27,2024-11-27T15:20:00+00:00,continuation_short,2024,10:00,session_close,0.00185030838473077,-0.08758939076742542,3024
HYP-OR-CONT-EVENT-01,SPY,2024-11-29,2024-11-29T15:20:00+00:00,continuation_long,2024,10:00,30min,0.00013298535498762476,-1.3548539972838547e-05,3024
HYP-OR-CONT-EVENT-01,SPY,2024-11-29,2024-11-29T15:20:00+00:00,continuation_long,2024,10:00,15min,0.000348255398374242,-1.4296647615938525e-05,3024
HYP-OR-CONT-EVENT-01,SPY,2024-11-29,2024-11-29T15:20:00+00:00,continuation_long,2024,10:00,60min,0.0012882956264441692,1.264825639323603e-07,3024
HYP-OR-CONT-EVENT-01,SPY,2024-11-29,2024-11-29T15:20:00+00:00,continuation_long,2024,10:00,session_close,0.0014628389048656487,0.08758939076742542,3024
HYP-OR-CONT-EVENT-01,SPY,2024-12-02,2024-12-02T17:00:00+00:00,continuation_long,2024,12:00,30min,-9.061396677634281e-05,4.447422760645635e-05,3006
HYP-OR-CONT-EVENT-01,SPY,2024-12-02,2024-12-02T17:00:00+00:00,continuation_long,2024,12:00,15min,0.0002319187449484339,2.1229636570285887e-05,3015
HYP-OR-CONT-EVENT-01,SPY,2024-12-02,2024-12-02T17:00:00+00:00,continuation_long,2024,12:00,60min,-8.233115445677175e-05,0.00012260271977645697,2988
HYP-OR-CONT-EVENT-01,SPY,2024-12-02,2024-12-02T17:00:00+00:00,continuation_long,2024,12:00,session_close,-1.606865590009221e-05,0.08755753614920234,3024
HYP-OR-CONT-EVENT-01,SPY,2024-12-03,2024-12-03T15:40:00+00:00,continuation_short,2024,10:00,30min,-0.00013269859173625775,1.3548539972838547e-05,3024
HYP-OR-CONT-EVENT-01,SPY,2024-12-03,2024-12-03T15:40:00+00:00,continuation_short,2024,10:00,15min,-2.4051619752274433e-05,1.4296647615938525e-05,3024
HYP-OR-CONT-EVENT-01,SPY,2024-12-03,2024-12-03T15:40:00+00:00,continuation_short,2024,10:00,60min,0.0007464295785162278,-1.264825639323603e-07,3024
HYP-OR-CONT-EVENT-01,SPY,2024-12-03,2024-12-03T15:40:00+00:00,continuation_short,2024,10:00,session_close,-0.0016255577487684914,-0.08758939076742542,3024
HYP-OR-CONT-EVENT-01,SPY,2024-12-04,2024-12-04T15:20:00+00:00,continuation_short,2024,10:00,30min,-0.0002229304622092254,1.3548539972838547e-05,3024
HYP-OR-CONT-EVENT-01,SPY,2024-12-04,2024-12-04T15:20:00+00:00,continuation_short,2024,10:00,15min,-0.0007761282758391719,1.4296647615938525e-05,3024
HYP-OR-CONT-EVENT-01,SPY,2024-12-04,2024-12-04T15:20:00+00:00,continuation_short,2024,10:00,60min,-0.0012137325164718327,-1.264825639323603e-07,3024
HYP-OR-CONT-EVENT-01,SPY,2024-12-04,2024-12-04T15:20:00+00:00,continuation_short,2024,10:00,session_close,-0.003368726984493975,-0.08758939076742542,3024
HYP-OR-CONT-EVENT-01,SPY,2024-12-05,2024-12-05T15:40:00+00:00,continuation_short,2024,10:00,30min,-0.00018949224317621471,1.3548539972838547e-05,3024
HYP-OR-CONT-EVENT-01,SPY,2024-12-05,2024-12-05T15:40:00+00:00,continuation_short,2024,10:00,15min,-0.00010710431136051746,1.4296647615938525e-05,3024
HYP-OR-CONT-EVENT-01,SPY,2024-12-05,2024-12-05T15:40:00+00:00,continuation_short,2024,10:00,60min,-0.0008817156462921361,-1.264825639323603e-07,3024
HYP-OR-CONT-EVENT-01,SPY,2024-12-05,2024-12-05T15:40:00+00:00,continuation_short,2024,10:00,session_close,0.00045313362498655696,-0.08758939076742542,3024
HYP-OR-CONT-EVENT-01,SPY,2024-12-06,2024-12-06T15:20:00+00:00,continuation_long,2024,10:00,30min,-0.0008213169943640519,-1.3548539972838547e-05,3024
HYP-OR-CONT-EVENT-01,SPY,2024-12-06,2024-12-06T15:20:00+00:00,continuation_long,2024,10:00,15min,-9.870256221000684e-05,-1.4296647615938525e-05,3024
HYP-OR-CONT-EVENT-01,SPY,2024-12-06,2024-12-06T15:20:00+00:00,continuation_long,2024,10:00,60min,-0.0018888155873187928,1.264825639323603e-07,3024
HYP-OR-CONT-EVENT-01,SPY,2024-12-06,2024-12-06T15:20:00+00:00,continuation_long,2024,10:00,session_close,-0.0016753158687278225,0.08758939076742542,3024
HYP-OR-CONT-EVENT-01,SPY,2024-12-09,2024-12-09T15:30:00+00:00,continuation_short,2024,10:00,30min,0.0017481078793655236,1.3548539972838547e-05,3024
HYP-OR-CONT-EVENT-01,SPY,2024-12-09,2024-12-09T15:30:00+00:00,continuation_short,2024,10:00,15min,0.001484077623246094,1.4296647615938525e-05,3024
HYP-OR-CONT-EVENT-01,SPY,2024-12-09,2024-12-09T15:30:00+00:00,continuation_short,2024,10:00,60min,0.0006924816024014291,-1.264825639323603e-07,3024
HYP-OR-CONT-EVENT-01,SPY,2024-12-09,2024-12-09T15:30:00+00:00,continuation_short,2024,10:00,session_close,0.002819895908421688,-0.08758939076742542,3024
HYP-OR-CONT-EVENT-01,SPY,2024-12-10,2024-12-10T15:35:00+00:00,continuation_long,2024,10:00,30min,-0.0014654083376682836,-1.3548539972838547e-05,3024
HYP-OR-CONT-EVENT-01,SPY,2024-12-10,2024-12-10T15:35:00+00:00,continuation_long,2024,10:00,15min,-0.000668962043711363,-1.4296647615938525e-05,3024
HYP-OR-CONT-EVENT-01,SPY,2024-12-10,2024-12-10T15:35:00+00:00,continuation_long,2024,10:00,60min,-0.001841255686837906,1.264825639323603e-07,3024
HYP-OR-CONT-EVENT-01,SPY,2024-12-10,2024-12-10T15:35:00+00:00,continuation_long,2024,10:00,session_close,-0.0044503893058549515,0.08758939076742542,3024
HYP-OR-CONT-EVENT-01,SPY,2024-12-11,2024-12-11T15:25:00+00:00,continuation_long,2024,10:00,30min,0.0001620294059470062,-1.3548539972838547e-05,3024
HYP-OR-CONT-EVENT-01,SPY,2024-12-11,2024-12-11T15:25:00+00:00,continuation_long,2024,10:00,15min,0.0003131799301114846,-1.4296647615938525e-05,3024
HYP-OR-CONT-EVENT-01,SPY,2024-12-11,2024-12-11T15:25:00+00:00,continuation_long,2024,10:00,60min,0.0013186523373114323,1.264825639323603e-07,3024
HYP-OR-CONT-EVENT-01,SPY,2024-12-11,2024-12-11T15:25:00+00:00,continuation_long,2024,10:00,session_close,0.0013516186457440682,0.08758939076742542,3024
HYP-OR-CONT-EVENT-01,SPY,2024-12-12,2024-12-12T15:20:00+00:00,continuation_short,2024,10:00,30min,-0.0010147867751282291,1.3548539972838547e-05,3024
HYP-OR-CONT-EVENT-01,SPY,2024-12-12,2024-12-12T15:20:00+00:00,continuation_short,2024,10:00,15min,-0.0015511434216022302,1.4296647615938525e-05,3024
HYP-OR-CONT-EVENT-01,SPY,2024-12-12,2024-12-12T15:20:00+00:00,continuation_short,2024,10:00,60min,-0.0016996729544718203,-1.264825639323603e-07,3024
HYP-OR-CONT-EVENT-01,SPY,2024-12-12,2024-12-12T15:20:00+00:00,continuation_short,2024,10:00,session_close,0.0026241867801783947,-0.08758939076742542,3024
HYP-OR-CONT-EVENT-01,SPY,2024-12-13,2024-12-13T15:20:00+00:00,continuation_short,2024,10:00,30min,0.00240440228707417,1.3548539972838547e-05,3024
HYP-OR-CONT-EVENT-01,SPY,2024-12-13,2024-12-13T15:20:00+00:00,continuation_short,2024,10:00,15min,0.0005122781505105811,1.4296647615938525e-05,3024
HYP-OR-CONT-EVENT-01,SPY,2024-12-13,2024-12-13T15:20:00+00:00,continuation_short,2024,10:00,60min,0.0018342862808606863,-1.264825639323603e-07,3024
HYP-OR-CONT-EVENT-01,SPY,2024-12-13,2024-12-13T15:20:00+00:00,continuation_short,2024,10:00,session_close,0.0014542089433849936,-0.08758939076742542,3024
HYP-OR-CONT-EVENT-01,SPY,2024-12-16,2024-12-16T15:40:00+00:00,continuation_short,2024,10:00,30min,0.00023064630389291185,1.3548539972838547e-05,3024
HYP-OR-CONT-EVENT-01,SPY,2024-12-16,2024-12-16T15:40:00+00:00,continuation_short,2024,10:00,15min,0.00046129260778593473,1.4296647615938525e-05,3024
HYP-OR-CONT-EVENT-01,SPY,2024-12-16,2024-12-16T15:40:00+00:00,continuation_short,2024,10:00,60min,0.0008237367996177802,-1.264825639323603e-07,3024
HYP-OR-CONT-EVENT-01,SPY,2024-12-16,2024-12-16T15:40:00+00:00,continuation_short,2024,10:00,session_close,0.0003542068238356899,-0.08758939076742542,3024
HYP-OR-CONT-EVENT-01,SPY,2024-12-17,2024-12-17T15:30:00+00:00,continuation_short,2024,10:00,30min,-0.001525364721485234,1.3548539972838547e-05,3024
HYP-OR-CONT-EVENT-01,SPY,2024-12-17,2024-12-17T15:30:00+00:00,continuation_short,2024,10:00,15min,-0.0008620689655172153,1.4296647615938525e-05,3024
HYP-OR-CONT-EVENT-01,SPY,2024-12-17,2024-12-17T15:30:00+00:00,continuation_short,2024,10:00,60min,-0.002685676392572889,-1.264825639323603e-07,3024
HYP-OR-CONT-EVENT-01,SPY,2024-12-17,2024-12-17T15:30:00+00:00,continuation_short,2024,10:00,session_close,-0.0017241379310344307,-0.08758939076742542,3024
HYP-OR-CONT-EVENT-01,SPY,2024-12-18,2024-12-18T15:20:00+00:00,continuation_long,2024,10:00,30min,0.0015780950492432222,-1.3548539972838547e-05,3024
HYP-OR-CONT-EVENT-01,SPY,2024-12-18,2024-12-18T15:20:00+00:00,continuation_long,2024,10:00,15min,0.0012558662171986423,-1.4296647615938525e-05,3024
HYP-OR-CONT-EVENT-01,SPY,2024-12-18,2024-12-18T15:20:00+00:00,continuation_long,2024,10:00,60min,-0.00047921210919421586,1.264825639323603e-07,3024
HYP-OR-CONT-EVENT-01,SPY,2024-12-18,2024-12-18T15:20:00+00:00,continuation_long,2024,10:00,session_close,-0.031165311653116534,0.08758939076742542,3024
HYP-OR-CONT-EVENT-01,SPY,2024-12-19,2024-12-19T15:40:00+00:00,continuation_short,2024,10:00,30min,0.0007698972388537895,1.3548539972838547e-05,3024
HYP-OR-CONT-EVENT-01,SPY,2024-12-19,2024-12-19T15:40:00+00:00,continuation_short,2024,10:00,15min,-0.00203884285345568,1.4296647615938525e-05,3024
HYP-OR-CONT-EVENT-01,SPY,2024-12-19,2024-12-19T15:40:00+00:00,continuation_short,2024,10:00,60min,-0.003474647679833076,-1.264825639323603e-07,3024
HYP-OR-CONT-EVENT-01,SPY,2024-12-19,2024-12-19T15:40:00+00:00,continuation_short,2024,10:00,session_close,0.004078195460104017,-0.08758939076742542,3024
HYP-OR-CONT-EVENT-01,SPY,2024-12-20,2024-12-20T15:30:00+00:00,continuation_long,2024,10:00,30min,0.005707276351431867,-1.3548539972838547e-05,3024
HYP-OR-CONT-EVENT-01,SPY,2024-12-20,2024-12-20T15:30:00+00:00,continuation_long,2024,10:00,15min,0.002121062405233687,-1.4296647615938525e-05,3024
HYP-OR-CONT-EVENT-01,SPY,2024-12-20,2024-12-20T15:30:00+00:00,continuation_long,2024,10:00,60min,0.009744961411997322,1.264825639323603e-07,3024
HYP-OR-CONT-EVENT-01,SPY,2024-12-20,2024-12-20T15:30:00+00:00,continuation_long,2024,10:00,session_close,0.006644291871816144,0.08758939076742542,3024
HYP-OR-CONT-EVENT-01,SPY,2024-12-23,2024-12-23T15:20:00+00:00,continuation_short,2024,10:00,30min,0.0001188434831326246,1.3548539972838547e-05,3024
HYP-OR-CONT-EVENT-01,SPY,2024-12-23,2024-12-23T15:20:00+00:00,continuation_short,2024,10:00,15min,-0.0017826522469905903,1.4296647615938525e-05,3024
HYP-OR-CONT-EVENT-01,SPY,2024-12-23,2024-12-23T15:20:00+00:00,continuation_short,2024,10:00,60min,-0.0023004702806403987,-1.264825639323603e-07,3024
HYP-OR-CONT-EVENT-01,SPY,2024-12-23,2024-12-23T15:20:00+00:00,continuation_short,2024,10:00,session_close,-0.009796098538225051,-0.08758939076742542,3024
HYP-OR-CONT-EVENT-01,SPY,2024-12-24,2024-12-24T15:20:00+00:00,continuation_long,2024,10:00,30min,0.0008860209301548849,-1.3548539972838547e-05,3024
HYP-OR-CONT-EVENT-01,SPY,2024-12-24,2024-12-24T15:20:00+00:00,continuation_long,2024,10:00,15min,0.0009696078103582639,-1.4296647615938525e-05,3024
HYP-OR-CONT-EVENT-01,SPY,2024-12-24,2024-12-24T15:20:00+00:00,continuation_long,2024,10:00,60min,0.001841586144638807,1.264825639323603e-07,3024
HYP-OR-CONT-EVENT-01,SPY,2024-12-24,2024-12-24T15:20:00+00:00,continuation_long,2024,10:00,session_close,0.0051489518205223295,0.08758939076742542,3024
HYP-OR-CONT-EVENT-01,SPY,2024-12-26,2024-12-26T15:20:00+00:00,continuation_long,2024,10:00,30min,0.001776495216807339,-1.3548539972838547e-05,3024
HYP-OR-CONT-EVENT-01,SPY,2024-12-26,2024-12-26T15:20:00+00:00,continuation_long,2024,10:00,15min,0.001342796854018724,-1.4296647615938525e-05,3024
HYP-OR-CONT-EVENT-01,SPY,2024-12-26,2024-12-26T15:20:00+00:00,continuation_long,2024,10:00,60min,0.0021603182678755495,1.264825639323603e-07,3024
HYP-OR-CONT-EVENT-01,SPY,2024-12-26,2024-12-26T15:20:00+00:00,continuation_long,2024,10:00,session_close,0.0029274639488234833,0.08758939076742542,3024
HYP-OR-CONT-EVENT-01,SPY,2024-12-27,2024-12-27T15:20:00+00:00,continuation_short,2024,10:00,30min,-0.002585600701500157,1.3548539972838547e-05,3024
HYP-OR-CONT-EVENT-01,SPY,2024-12-27,2024-12-27T15:20:00+00:00,continuation_short,2024,10:00,15min,-0.00017706128850036862,1.4296647615938525e-05,3024
HYP-OR-CONT-EVENT-01,SPY,2024-12-27,2024-12-27T15:20:00+00:00,continuation_short,2024,10:00,60min,-7.588340935726912e-05,-1.264825639323603e-07,3024
HYP-OR-CONT-EVENT-01,SPY,2024-12-27,2024-12-27T15:20:00+00:00,continuation_short,2024,10:00,session_close,-0.003330438521791157,-0.08758939076742542,3024
HYP-OR-CONT-EVENT-01,SPY,2024-12-30,2024-12-30T15:20:00+00:00,continuation_short,2024,10:00,30min,-0.001486874487284684,1.3548539972838547e-05,3024
HYP-OR-CONT-EVENT-01,SPY,2024-12-30,2024-12-30T15:20:00+00:00,continuation_short,2024,10:00,15min,-0.0023243095433416183,1.4296647615938525e-05,3024
HYP-OR-CONT-EVENT-01,SPY,2024-12-30,2024-12-30T15:20:00+00:00,continuation_short,2024,10:00,60min,-0.004255537325676739,-1.264825639323603e-07,3024
HYP-OR-CONT-EVENT-01,SPY,2024-12-30,2024-12-30T15:20:00+00:00,continuation_short,2024,10:00,session_close,-0.005315149029258892,-0.08758939076742542,3024
HYP-OR-CONT-EVENT-01,SPY,2024-12-31,2024-12-31T16:20:00+00:00,continuation_short,2024,11:00,30min,-0.00011053109253245097,-4.409285056801735e-05,3024
HYP-OR-CONT-EVENT-01,SPY,2024-12-31,2024-12-31T16:20:00+00:00,continuation_short,2024,11:00,15min,0.0007580491415447588,-3.085652327337451e-05,3024
HYP-OR-CONT-EVENT-01,SPY,2024-12-31,2024-12-31T16:20:00+00:00,continuation_short,2024,11:00,60min,0.0015585054356943573,-5.1124432306041036e-05,3024
HYP-OR-CONT-EVENT-01,SPY,2024-12-31,2024-12-31T16:20:00+00:00,continuation_short,2024,11:00,session_close,0.0019672490752602467,-0.08760395922149784,3024
